strategy,date,ordinary_kwh,emergency_kwh,ordinary_cost,adjustment_cost,emergency_cost,total_cost,paid_grid_spill_kwh,pv_spill_kwh,e_start,e_end,updates,changed_updates,emergency_slots
no_update,2025-02-01,43167.869386385464,0.0,22825.625013460918,0.0,0.0,22825.625013460918,2559.3509202332066,1833.7855467078198,1436.1139618518516,2109.1980012191357,0,0,0
no_update,2025-02-02,88455.57259451303,0.0,55784.87295435345,0.0,0.0,55784.87295435345,5935.210976423178,59.174066666666704,2109.1980012191357,1967.001709074073,0,0,0
no_update,2025-02-03,91121.66535997942,0.0,57527.534026368856,0.0,0.0,57527.534026368856,6801.470395473262,0.0,1967.001709074073,1823.4344054166663,0,0,0
no_update,2025-02-04,93596.06636759259,0.0,59528.26801285972,0.0,0.0,59528.26801285972,7974.809795953361,0.0,1823.4344054166663,1866.9226155555557,0,0,0
no_update,2025-02-05,88516.44124877229,8.400733333333278,55953.9627065649,0.0,48.795659566666345,56002.758366131566,3223.368270233198,0.0,1866.9226155555557,1957.4642221111085,0,0,1
no_update,2025-02-06,94367.9478465432,0.0,60042.57113119005,0.0,0.0,60042.57113119005,9915.83653712619,0.0,1957.4642221111085,1900.1655317777797,0,0,0
no_update,2025-02-07,44025.38602610898,0.0,22934.95071165374,0.0,0.0,22934.95071165374,3794.8461825857325,4977.853749238692,1900.1655317777797,1688.775962259259,0,0,0
no_update,2025-02-08,37905.45705293553,210.80524253333283,19623.690839874627,0.0,1288.6524476062634,20912.34328748089,278.87360999999953,2522.3349215980816,1688.775962259259,1825.2895165185178,0,0,1
no_update,2025-02-09,89384.6011516598,0.0,56465.55637363003,0.0,0.0,56465.55637363003,5685.532643360763,16.686249999999973,1825.2895165185178,1797.1784032962958,0,0,0
no_update,2025-02-10,85357.56179525377,0.0,53472.531058862674,0.0,0.0,53472.531058862674,6869.573704245545,328.1247000000001,1797.1784032962958,1630.0571363333322,0,0,0
no_update,2025-02-11,86376.68857681069,0.0,54393.21643363342,0.0,0.0,54393.21643363342,6756.218932901224,148.03829999999994,1630.0571363333322,1575.340791074072,0,0,0
no_update,2025-02-12,86466.97673396433,0.0,54263.82564048885,0.0,0.0,54263.82564048885,6753.513245761306,286.6938,1575.340791074072,1590.999873092593,0,0,0
no_update,2025-02-13,81353.7723998971,0.0,50372.22006410558,0.0,0.0,50372.22006410558,5553.115622750338,401.75736666666694,1590.999873092593,1686.7436467407376,0,0,0
no_update,2025-02-14,37367.914775185185,261.542273333328,19178.107283654557,0.0,1598.807916886634,20776.915200541192,255.7691200000005,4225.385284979415,1686.7436467407376,1530.4712489999995,0,0,1
no_update,2025-02-15,37956.74696769547,9.41804333333407,19776.989740687655,0.0,44.14347787167013,19821.133218559324,932.7563516666671,4467.396902654317,1530.4712489999995,1378.7345409629631,0,0,3
no_update,2025-02-16,86965.32302322358,0.0,54306.354790698744,0.0,0.0,54306.354790698744,7226.182712153636,30.539166666666688,1378.7345409629631,1483.7191231111124,0,0,0
no_update,2025-02-17,86882.18773066529,45.72264666666854,53850.135609842735,0.0,318.96118314667973,54169.09679298942,11124.192398271598,948.4422833333333,1483.7191231111124,1448.104418481481,0,0,1
no_update,2025-02-18,77714.12624181069,409.89096546111665,48058.727238323954,0.0,2831.3744850567496,50890.10172338071,1742.1990039506204,38.890194032920945,1448.104418481481,1616.2481009999988,0,0,2
no_update,2025-02-19,77833.1098247325,237.09066235000176,48240.23662287877,0.0,1332.938323952878,49573.17494683165,1191.1456107201593,82.86591594649639,1616.2481009999988,1200.0,0,0,9
no_update,2025-02-20,81401.18650666667,96.06421422222141,50029.524779454216,0.0,597.1063864962837,50626.6311659505,5690.923927160488,553.5938999999995,1200.0,1439.183805555556,0,0,4
no_update,2025-02-21,35356.29645753086,177.53907872777853,17993.73021902791,0.0,1026.8768545762434,19020.607073604155,93.36256000000014,6594.681360905343,1439.183805555556,1312.0779310740738,0,0,3
no_update,2025-02-22,35274.59419244856,207.29025333333476,18210.41412531061,0.0,1267.1653186266753,19477.579443937284,560.1608029423859,3596.852410041149,1312.0779310740738,1406.8896990370363,0,0,1
no_update,2025-02-23,79571.41291017941,240.453234388889,48903.99008705201,0.0,1492.1173631921054,50396.10745024411,3741.072152716043,316.8819377709162,1406.8896990370363,1313.994741148147,0,0,6
no_update,2025-02-24,76425.68401401234,167.58858997778145,47385.40308077042,0.0,972.1444935783368,48357.547574348755,3384.939049471878,967.5018999999999,1313.994741148147,1346.4642619999993,0,0,5
no_update,2025-02-25,78873.39348597777,247.14426896666782,48423.875395846335,0.0,1293.8411735623897,49717.71656940872,7498.527321707809,2147.7261666666664,1346.4642619999993,1301.6341335925927,0,0,10
no_update,2025-02-26,72049.72712132373,1681.7579971222276,43838.219769096635,0.0,11390.171072445592,55228.39084154223,729.8554560905334,0.0,1301.6341335925927,1444.5000735185183,0,0,6
no_update,2025-02-27,73241.01398216735,554.2804585722217,44862.69697066994,0.0,3741.094148600219,48603.79111927016,2082.955331358025,392.21343799725275,1444.5000735185183,1495.3125059999998,0,0,5
no_update,2025-02-28,33660.34034520576,84.04750509999626,17281.74769297289,0.0,331.61130536908877,17613.35899834198,290.9787728738006,7059.094893621406,1495.3125059999998,1319.9408664074072,0,0,5
no_update,2025-03-01,37207.570735322355,173.23764003333557,18972.78216321584,0.0,924.1325459234952,19896.914709139335,1277.953588333334,9305.079582668033,1319.9408664074072,1321.3678463703702,0,0,6
no_update,2025-03-02,81776.52536346365,370.16527094444274,50398.52259234101,0.0,2250.9501960417665,52649.47278838278,5427.958108998622,0.0,1321.3678463703702,1297.1418408518523,0,0,7
no_update,2025-03-03,84159.16466304526,944.2366985000027,51896.589382276085,0.0,6164.12416273782,58060.7135450139,8529.84096096022,439.1954999999998,1297.1418408518523,1323.4565980740738,0,0,9
no_update,2025-03-04,74905.72555101507,394.29074447778214,45917.1117352539,0.0,2359.1845158886726,48276.29625114257,1611.8358053635097,450.0949500000004,1323.4565980740738,1200.0,0,0,12
no_update,2025-03-05,78703.5924804179,286.6533487000014,48164.34085354152,0.0,1985.7489521795428,50150.089805721065,8263.037056824416,625.9976666666664,1200.0,1317.257628259259,0,0,3
no_update,2025-03-06,73794.68180393004,184.06576563333454,44910.85957392897,0.0,1116.3170049682753,46027.17657889724,3462.6609536214005,599.4014666666665,1317.257628259259,1200.0,0,0,7
no_update,2025-03-07,34247.70672685185,80.96144366666667,17770.33734550213,0.0,171.5885789889999,17941.92592449113,1218.256452037037,9051.949128765431,1200.0,1313.3177137037037,0,0,5
no_update,2025-03-08,31950.958347777778,138.1537138666642,16302.20433507978,0.0,469.43072766225396,16771.635062742032,133.08956000000035,9878.15737436214,1313.3177137037037,1300.15929,0,0,6
no_update,2025-03-09,76503.38893097805,340.25559129999766,46386.177241461846,0.0,1977.878976743068,48364.05621820492,7742.248202112477,1847.9570666666668,1300.15929,1261.9375523703702,0,0,9
no_update,2025-03-10,73441.9148171886,534.6877820500007,44197.632841722334,0.0,3123.9629714270895,47321.595813149426,1726.8979585528107,0.0,1261.9375523703702,1258.827537,0,0,12
no_update,2025-03-11,64658.95232253772,3771.6425695444464,39334.99483608406,0.0,25210.471456225376,64545.46629230943,911.5619966666626,0.0,1258.827537,1376.8817970000002,0,0,13
no_update,2025-03-12,74247.64210639951,349.09467506666937,45176.93918593204,0.0,1731.641161878684,46908.58034781072,6802.751595137166,1691.5903671261985,1376.8817970000002,1230.5486588888887,0,0,10
no_update,2025-03-13,74381.70432539094,738.6287588777785,45058.22487882698,0.0,4738.95254063845,49797.17741946543,3551.639038058984,209.46093333333317,1230.5486588888887,1202.8431,0,0,9
no_update,2025-03-14,31227.42885569959,358.30360804444393,15756.225296977744,0.0,2151.5933486784347,17907.818645656178,144.01797333333377,12391.539410082307,1202.8431,1254.5556208518515,0,0,2
no_update,2025-03-15,30641.06443376543,835.1676095666659,15394.340832213005,0.0,4121.741509764826,19516.08234197783,63.236413333335804,7582.540908641977,1254.5556208518515,1200.0,0,0,16
no_update,2025-03-16,70690.60031796296,148.6146644555518,42972.82784636676,0.0,382.0521715847891,43354.880017951546,3282.456680006859,180.25728333333336,1200.0,1200.0,0,0,8
no_update,2025-03-17,66355.66370079562,762.8353566333308,39268.710290411174,0.0,5259.791773886114,44528.50206429729,3581.810857256515,1367.482070027436,1200.0,1448.6634888518515,0,0,3
no_update,2025-03-18,74828.76372129629,85.08307126666759,45570.264489148954,0.0,376.4702935250422,45946.73478267399,7818.402026241422,2616.422569218108,1448.6634888518515,1204.5935454444445,0,0,6
no_update,2025-03-19,61643.72044268862,2376.373667988881,37551.86689796203,0.0,16051.546922568341,53603.41382053037,808.9636633333291,0.0,1204.5935454444445,1338.0642809999995,0,0,6
no_update,2025-03-20,69748.3862,376.1795874111126,42247.80168606905,0.0,2034.9882978838323,44282.78998395288,3839.517573834012,0.0,1338.0642809999995,1262.18476762963,0,0,10
no_update,2025-03-21,29571.507502695473,321.6826267611122,14937.541760923672,0.0,1373.1230096776433,16310.664770601315,219.9684711111115,14770.987870699586,1262.18476762963,1239.2650439999998,0,0,8
no_update,2025-03-22,30455.849932325098,0.0,15595.225299971115,0.0,0.0,15595.225299971115,396.5033124074082,11257.555177942384,1239.2650439999998,1341.2162080740695,0,0,0
no_update,2025-03-23,70698.21781578189,319.97446923888447,42838.215766554036,0.0,1843.1791262475072,44681.394892801545,5909.330145850478,2648.6455666666666,1341.2162080740695,1290.7608689999997,0,0,8
no_update,2025-03-24,66584.97004397119,241.17540651111165,39868.26232859165,0.0,1491.6865913533795,41359.948919945025,2459.267208312758,2444.382789506176,1290.7608689999997,1200.0,0,0,3
no_update,2025-03-25,74186.03089333333,313.1003175499979,44797.30835160199,0.0,1463.2675434820203,46260.57589508401,6932.950598744856,2830.0002091563747,1200.0,1213.9211926666667,0,0,9
no_update,2025-03-26,63868.527546762685,207.72932266666368,38525.49845925371,0.0,1106.8945650234627,39632.39302427717,3333.7125831412923,1026.8679705555587,1213.9211926666667,1232.910495851852,0,0,5
no_update,2025-03-27,67523.17610323045,225.47346185555526,40778.32997941274,0.0,957.5635180903034,41735.89349750304,3689.2382211316913,1560.9903995884765,1232.910495851852,1208.808063037037,0,0,9
no_update,2025-03-28,29726.4297298834,92.24067500000127,14886.654015913105,0.0,455.2538514625063,15341.907867375612,263.51702818244297,15847.202314224967,1208.808063037037,1208.5810227037036,0,0,1
no_update,2025-03-29,28367.45870940329,724.4478825333334,14094.968970522923,0.0,4013.342587950852,18108.311558473775,18.29157444444445,18575.78975753086,1208.5810227037036,1251.279047666667,0,0,11
no_update,2025-03-30,66064.97662255143,30.562479999999255,39319.27036303833,0.0,213.2038604799948,39532.47422351833,4027.030347112483,2856.6516136419764,1251.279047666667,1212.5757093333332,0,0,1
no_update,2025-03-31,57126.21912251029,3506.7757515559624,34571.69187287077,0.0,23774.655751368744,58346.34762423951,178.16391716049702,0.0,1212.5757093333332,1365.1875304814819,0,0,6
no_update,2025-04-01,69831.73931238682,551.4936828333365,41200.99288441354,0.0,3770.4583269437553,44971.4512113573,5092.495371906719,1482.7902333333334,1365.1875304814819,1295.4157410740738,0,0,3
no_update,2025-04-02,66349.97479325104,615.1346295000012,39528.23154629074,0.0,4255.045721176976,43783.27726746772,1065.3286946227713,1634.1406499999998,1295.4157410740738,1263.0349562592592,0,0,3
no_update,2025-04-03,67340.56327713304,134.21469386666618,40868.29134863984,0.0,575.1643119803987,41443.45566062024,4776.866594519885,3132.724982345673,1263.0349562592592,1231.923,0,0,3
no_update,2025-04-04,27424.286172455417,163.9909004166657,13575.24343022782,0.0,719.465200659286,14294.708630887106,95.03695444444412,18284.328207873805,1231.923,1251.48411,0,0,3
no_update,2025-04-05,26716.899897379968,899.3636950555542,13233.433118954954,0.0,4132.634722794661,17366.067841749616,59.29803333333325,12924.161666666663,1251.48411,1211.002419,0,0,12
no_update,2025-04-06,63257.89271080246,416.24633519444336,37118.9290150274,0.0,2825.108626609253,39944.037641636656,2434.4142633333267,2719.5476499999995,1211.002419,1278.0917284444447,0,0,4
no_update,2025-04-07,55350.92184617284,1799.8361209388904,32872.75044266183,0.0,11907.521501133298,44780.27194379513,103.14157666666699,0.0,1278.0917284444447,1225.3204186666667,0,0,7
no_update,2025-04-08,64142.442494588475,629.6002048999948,38327.8413789609,0.0,3653.531947373665,41981.373326334564,3509.0702754458234,3052.843733333333,1225.3204186666667,1200.0,0,0,14
no_update,2025-04-09,62635.718354670775,687.669343499999,37205.70450304899,0.0,4244.490415336392,41450.19491838538,120.74376816872496,0.0,1200.0,1207.4085,0,0,7
no_update,2025-04-10,60840.12404876543,187.7073275333336,36794.19929886716,0.0,971.2934174374352,37765.4927163046,2112.439728806586,256.47242679012845,1207.4085,1350.9748491481487,0,0,9
no_update,2025-04-11,25240.947146179697,1458.611359444446,12295.554745860469,0.0,6413.251705810585,18708.806451671055,0.0,18994.368733333333,1350.9748491481487,1200.0,0,0,16
no_update,2025-04-12,26917.30221536351,94.13752449999885,13523.398364571683,0.0,337.77808553664323,13861.176450108327,474.08482166666715,14901.662058916323,1200.0,1230.903251814815,0,0,6
no_update,2025-04-13,58118.427614753076,623.9998721111141,34456.559157794276,0.0,4133.586869515548,38590.14602730982,448.0109002880681,0.0,1230.903251814815,1306.7812120740741,0,0,6
no_update,2025-04-14,61375.736787181064,231.81786833333177,36762.37461671251,0.0,1616.240087679989,38378.614704392494,3067.9751539300414,2319.396908936901,1306.7812120740741,1237.4250798148148,0,0,2
no_update,2025-04-15,52897.604450274346,1823.9085426999977,31426.835151636384,0.0,12252.777031701384,43679.61218333777,209.13417333333325,508.68668624828626,1237.4250798148148,1331.3362253333335,0,0,8
no_update,2025-04-16,59464.16678788065,1264.806494022218,34697.15797000715,0.0,8178.412867051266,42875.57083705842,504.78353888888853,759.1825537242685,1331.3362253333335,1200.0,0,0,13
no_update,2025-04-17,53273.55648357338,3120.723939933344,32460.304006200615,0.0,20059.77197654357,52520.07598274418,49.031629999999836,0.0,1200.0,1415.8854369629635,0,0,11
no_update,2025-04-18,25259.580575562413,430.02419316666237,12294.658777586581,0.0,1816.1637286731736,14110.822506259754,35.469228847735764,16788.902899999994,1415.8854369629635,1377.6286567037034,0,0,7
no_update,2025-04-19,25271.54503966392,443.25047406666795,12078.13713594925,0.0,2005.529579310706,14083.666715259955,0.0,16388.662586735252,1377.6286567037034,1329.492702925926,0,0,4
no_update,2025-04-20,54523.22484935528,1267.5141477777734,32534.005790008152,0.0,8713.718203345525,41247.72399335368,103.84843333333288,0.0,1329.492702925926,1274.6569937407403,0,0,2
no_update,2025-04-21,57750.27600435528,437.55340173333445,34113.56994299376,0.0,2152.610252901141,36266.1801958949,2619.713512880657,3430.9279799245637,1274.6569937407403,1264.148758555555,0,0,12
no_update,2025-04-22,52705.4150482716,2866.5497773500024,31194.138037281216,0.0,18905.58641842034,50099.72445570155,39.62306333333356,0.0,1264.148758555555,1200.0,0,0,15
no_update,2025-04-23,50457.27655996571,4103.807275961109,30121.814987286525,0.0,26736.881018432952,56858.69600571948,20.249000000000137,0.0,1200.0,1285.0162261111107,0,0,14
no_update,2025-04-24,51545.641663737995,447.78760456666777,30821.78684752184,0.0,3021.1021855234576,33842.8890330453,128.1444649999995,1068.9582477229123,1285.0162261111107,1297.4320546296296,0,0,4
no_update,2025-04-25,24743.38150344307,345.41391503333153,12094.430713188394,0.0,1402.392039151084,13496.822752339478,364.33257999999944,20322.659866666665,1297.4320546296296,1234.9488,0,0,10
no_update,2025-04-26,24637.392286577502,599.4469168222212,11960.9082596124,0.0,2562.8067223394664,14523.714981951867,0.0,22748.87256666667,1234.9488,1210.0224,0,0,13
no_update,2025-04-27,50365.58014275034,2282.04593997778,30195.882236235142,0.0,14055.894651645489,44251.77688788063,97.98619333333306,348.89803333333236,1210.0224,1218.3584313333333,0,0,10
no_update,2025-04-28,60590.705615432096,579.3901730388861,35382.032041459766,0.0,3608.6836020450187,38990.71564350479,638.2817438888892,0.0,1218.3584313333333,1325.115718481481,0,0,9
no_update,2025-04-29,50793.15602136488,1373.074969849995,30527.07786802187,0.0,9429.053253011625,39956.1311210335,265.4269177777776,911.335596056242,1325.115718481481,1430.080346666667,0,0,2
no_update,2025-04-30,48783.380356049376,2353.944367694441,29714.731265342547,0.0,14436.30296074334,44151.03422608589,27.395636666666633,0.0,1430.080346666667,1237.362582296296,0,0,13
no_update,2025-05-01,51130.53932062414,4214.654331894442,30964.335465118274,0.0,22699.094508759823,53663.4299738781,172.1011944855956,590.8684666666661,1237.362582296296,1200.0,0,0,30
no_update,2025-05-02,26010.91466404664,2697.0079226999997,12865.825001443733,0.0,12978.488775133752,25844.313776577485,0.0,11855.249349999998,1200.0,1200.0,0,0,23
no_update,2025-05-03,25148.334390322358,2704.706295,12095.938657894492,0.0,13992.002843260834,26087.94150115533,11.983693333333235,16453.61389721536,1200.0,1200.0,0,0,22
no_update,2025-05-04,54643.79232513717,2828.245328333334,32294.0489101634,0.0,15219.85272573667,47513.90163590007,568.2010023593939,1729.736469629629,1200.0,1200.0,0,0,24
no_update,2025-05-05,56164.31013666666,2775.2993141166653,33661.87541847933,0.0,15284.908410756658,48946.78382923599,115.96183333333295,0.0,1200.0,1200.0,0,0,23
no_update,2025-05-06,49203.5685269753,6913.3972906499985,29550.51080456633,0.0,38484.839508705474,68035.3503132718,9.09349333333364,0.0,1200.0,1200.0,0,0,38
no_update,2025-05-07,52185.4058401646,6084.52439393333,31569.79532168509,0.0,36098.84230985985,67668.63763154495,43.353070000000116,0.0,1200.0,1200.0,0,0,31
no_update,2025-05-08,57692.40444343621,3342.901217438888,33582.436975541044,0.0,19474.90423313722,53057.34120867826,366.2297144444435,1247.9298693278395,1200.0,1200.0,0,0,23
no_update,2025-05-09,24747.272833796982,2725.2267415111137,11854.471693087737,0.0,14779.884531326414,26634.35622441415,5.091333333333296,16384.505216666665,1200.0,1300.9982280000002,0,0,23
no_update,2025-05-10,24655.13934613854,2722.6297003444474,11846.709256600763,0.0,13652.353180461305,25499.062437062068,13.245946666666782,12841.95618333333,1300.9982280000002,1229.8538331851853,0,0,22
no_update,2025-05-11,55214.144038881685,3814.0226193444437,32165.81392838932,0.0,22885.299245757185,55051.11317414651,11.606264444444491,0.0,1229.8538331851853,1200.0,0,0,24
no_update,2025-05-12,47858.49488843622,6684.278106033332,28767.07476717625,0.0,42936.344803038206,71703.41957021446,14.785147777777752,0.0,1200.0,1208.2536,0,0,32
no_update,2025-05-13,57682.722301522634,3013.43188318889,33237.679856795636,0.0,18836.43187578602,52074.11173258166,1121.177525377229,2877.2823166666667,1208.2536,1230.100809,0,0,19
no_update,2025-05-14,55222.850560171464,1831.9721233333332,33023.21611048524,0.0,9910.034065938331,42933.25017642357,450.5228579698188,0.0,1230.100809,1200.0,0,0,21
no_update,2025-05-15,53943.41788454732,2258.699408261115,33363.00768362898,0.0,13123.709626227252,46486.717309856234,68.69834333333336,0.0,1200.0,1200.0,0,0,20
no_update,2025-05-16,24671.82399565158,1700.8977124555527,12244.726714575985,0.0,6977.014876044087,19221.741590620073,143.30175666666713,21182.393099999998,1200.0,1200.0,0,0,26
no_update,2025-05-17,24465.309825054865,2682.8597073222213,12008.016824069678,0.0,13424.621988773946,25432.638812843623,18.314841666666666,14392.732999999998,1200.0,1200.0,0,0,29
no_update,2025-05-18,58927.14841403292,1510.6646107222214,34460.97938619311,0.0,8174.82770956619,42635.8070957593,1209.2353909602168,1913.8742499999998,1200.0,1200.0,0,0,20
no_update,2025-05-19,52647.71208755144,2048.670973700001,31138.820361748367,0.0,12215.265700024607,43354.08606177298,139.35743222222266,3585.8492433402025,1200.0,1200.0,0,0,19
no_update,2025-05-20,51945.49421997256,5496.625871666663,31005.98440593284,0.0,34738.1010174625,65744.08542339533,20.30333999999982,0.0,1200.0,1200.0,0,0,24
no_update,2025-05-21,48599.966751117965,5612.757147644446,29693.320641429433,0.0,34550.92524852786,64244.245889957296,58.00103666666678,0.0,1200.0,1200.0,0,0,30
no_update,2025-05-22,52318.23562147462,1917.3754849777733,32015.36392600144,0.0,12664.881615387418,44680.24554138885,93.68077333333349,0.0,1200.0,1232.3361753703705,0,0,9
no_update,2025-05-23,24496.367753834016,1660.4806875111108,11942.160573314319,0.0,8507.675965754906,20449.836539069227,0.0,17387.36753333333,1232.3361753703705,1229.6325002592591,0,0,19
no_update,2025-05-24,24918.420756399177,1280.2728575888898,12423.66802470045,0.0,5793.245530930348,18216.913555630796,216.5575505555558,19952.294533333334,1229.6325002592591,1219.7667,0,0,23
no_update,2025-05-25,53146.11662304527,2023.9403072111138,31574.23024279698,0.0,12493.940926567122,44068.171169364105,69.08901000000014,3098.6630874279917,1219.7667,1322.0274720000002,0,0,16
no_update,2025-05-26,51050.86391738683,6149.255355416666,31089.62180837361,0.0,39481.11969986856,70570.74150824218,162.11388666666642,0.0,1322.0274720000002,1231.6051011481482,0,0,22
no_update,2025-05-27,48606.39566547325,3687.9097585166637,29839.220676610556,0.0,22351.664138639713,52190.88481525027,69.54074666666634,0.0,1231.6051011481482,1200.0,0,0,24
no_update,2025-05-28,56164.64532211933,1383.2543109833298,33110.78628925034,0.0,8600.681692064982,41711.46798131532,50.7400111111109,1589.1810886008216,1200.0,1203.4295375185186,0,0,14
no_update,2025-05-29,55171.668785946495,2639.324362566671,33025.9666774234,0.0,17845.47394667676,50871.440624100156,42.8272533333336,0.0,1203.4295375185186,1305.3856290370368,0,0,10
no_update,2025-05-30,25274.11716678326,1020.7122851222235,12766.527119126993,0.0,5102.007164444556,17868.53428357155,0.0,17365.810433333332,1305.3856290370368,1273.2378179999996,0,0,13
no_update,2025-05-31,27446.61705403978,253.21100222222321,14166.181856870933,0.0,1515.5624041044503,15681.744260975383,1186.2525983333333,15659.787399389574,1273.2378179999996,1213.8490477777784,0,0,3
no_update,2025-06-01,70973.11122580247,5576.966792400001,42355.492758099164,0.0,27702.19612083251,70057.68887893167,1307.175326989025,0.0,1213.8490477777784,1200.0,0,0,40
no_update,2025-06-02,72315.59271624677,5717.6510237999955,43513.69642296368,0.0,30317.535568020106,73831.23199098378,5289.683230048006,7.826666666666824,1200.0,1200.0,0,0,33
no_update,2025-06-03,65848.31482731138,6490.206709855556,39211.04049824306,0.0,36534.557966276305,75745.59846451937,137.89854444444472,10.70082864197338,1200.0,1200.0,0,0,31
no_update,2025-06-04,76520.96972054869,4365.669046111108,46289.629200920215,0.0,22148.539499744427,68438.16870066464,7453.551888717428,44.978916666666464,1200.0,1200.0,0,0,30
no_update,2025-06-05,65789.44262485596,9574.828260327777,38810.19222814832,0.0,54787.017640488906,93597.20986863723,379.1627583333337,0.0,1200.0,1200.0,0,0,41
no_update,2025-06-06,28933.73669621399,6531.9285181999985,15484.850449021258,0.0,32164.176313422664,47649.02676244392,0.0,2166.419333333336,1200.0,1200.0,0,0,49
no_update,2025-06-07,30760.611088031546,4785.851914999999,15608.115584000188,0.0,26117.28777608666,41725.40336008685,57.67326111111106,1606.7906365706442,1200.0,1200.0,0,0,25
no_update,2025-06-08,65185.16332432098,5880.140546666666,38869.21597379863,0.0,33847.68654333666,72716.90251713528,1863.178309794239,426.965783333333,1200.0,1200.0,0,0,31
no_update,2025-06-09,73664.55761467345,3267.563806672221,44947.18525605111,0.0,16952.50656795246,61899.691824003574,1809.9644256584377,114.75871666666671,1200.0,1200.0,0,0,30
no_update,2025-06-10,67934.51083408092,7437.843055044448,40933.23723393572,0.0,42508.967848429085,83442.2050823648,26.653895555555778,0.0,1200.0,1200.0,0,0,37
no_update,2025-06-11,73564.19435902784,6607.988227300004,45277.102119314244,0.0,35181.96441952994,80459.06653884418,47.21807777777792,0.0,1200.0,1200.0,0,0,42
no_update,2025-06-12,71254.99550474073,5368.918014094451,43297.85242272109,0.0,31456.610139449025,74754.46256217011,145.1990533333336,0.0,1200.0,1200.0,0,0,31
no_update,2025-06-13,29210.395499224964,4685.966244638891,15467.36032968686,0.0,24663.197346639554,40130.55767632641,0.0,3049.4136318930077,1200.0,1200.0,0,0,31
no_update,2025-06-14,29029.850186152264,4844.244531038885,15649.294295171203,0.0,23367.068850591564,39016.36314576276,0.0,5311.8380000000025,1200.0,1200.0,0,0,43
no_update,2025-06-15,67200.27077502743,6976.390889100002,41064.261345899504,0.0,42633.67489944126,83697.93624534077,139.51331611111095,0.0,1200.0,1200.0,0,0,31
no_update,2025-06-16,70384.22359851851,6272.2756146944475,42865.38695133348,0.0,36983.19035510291,79848.57730643639,88.07914166666683,0.0,1200.0,1200.0,0,0,37
no_update,2025-06-17,72083.65800080246,6490.778574400004,44198.43736790327,0.0,38360.577001090176,82559.01436899345,127.945961666666,0.0,1200.0,1200.0,0,0,42
no_update,2025-06-18,72756.72444314128,2672.743806711115,44190.477327353314,0.0,14769.39061421377,58959.867941567085,328.1289866666664,0.0,1200.0,1200.0,0,0,28
no_update,2025-06-19,68287.92742672152,5063.339921434018,41150.2284063126,0.0,31172.116219869917,72322.34462618252,493.8652044444408,792.8930318244169,1200.0,1200.0,0,0,30
no_update,2025-06-20,30103.858776604935,2050.2183311166664,16586.126400609,0.0,9031.123428088293,25617.24982869729,9.375067366254358,7304.420183333331,1200.0,1200.0,0,0,25
no_update,2025-06-21,30076.230538854594,2204.830326594446,16230.247423659877,0.0,10241.286570560023,26471.5339942199,178.93179444444473,10292.619383333333,1200.0,1233.5919,0,0,25
no_update,2025-06-22,67568.58418975308,3927.7408112841563,40657.80056681219,0.0,24656.661498313963,65314.46206512615,181.14390999999966,151.52231500000372,1233.5919,1200.0,0,0,28
no_update,2025-06-23,68703.35269106996,2608.2600689111127,42197.9895294948,0.0,15306.655163237667,57504.644692732465,157.58277444444445,5.883505020577786,1200.0,1200.0,0,0,28
no_update,2025-06-24,80209.92394209876,1837.8284764666691,49700.15151230289,0.0,8723.87687399302,58424.028386295904,1339.98374357339,0.0,1200.0,1200.0,0,0,29
no_update,2025-06-25,71077.68501415638,4070.4714992166614,42803.9522788381,0.0,25511.801102928748,68315.75338176684,870.1513721330639,42.254933333333156,1200.0,1200.0,0,0,26
no_update,2025-06-26,67688.8903,3694.8640095444484,41707.28982046944,0.0,22202.356190182065,63909.64601065151,210.36763944444374,0.0,1200.0,1200.0,0,0,29
no_update,2025-06-27,32136.921724053496,878.1286458555523,17778.332443007715,0.0,4364.2808069253515,22142.613249933067,904.9412222222222,9850.077073744858,1200.0,1200.0,0,0,18
no_update,2025-06-28,30971.739378141287,1049.449111966668,17091.17108875614,0.0,3862.1256523230622,20953.2967410792,13.08594512345369,7760.334566666665,1200.0,1200.0,0,0,25
no_update,2025-06-29,67885.54137666666,5079.578859966667,41248.424435475,0.0,34006.011310280235,75254.43574575524,34.49853388888869,0.0,1200.0,1365.8812187407405,0,0,14
no_update,2025-06-30,73550.52966343354,790.5818307722199,45065.360779620954,0.0,3250.8914146180446,48316.252194239,436.1749654938276,0.0,1365.8812187407405,1200.0,0,0,20
no_update,2025-07-01,64015.217604609046,17605.62293887222,39078.00877571273,0.0,102851.10962354242,141929.11839925515,0.0,0.0,1200.0,1200.0,0,0,56
no_update,2025-07-02,59930.81736877229,15367.744285327779,37515.64785712185,0.0,88268.43756709727,125784.08542421911,0.0,0.0,1200.0,1200.0,0,0,48
no_update,2025-07-03,68752.17342816871,14284.192314033338,42107.69817335435,0.0,81038.10531384587,123145.80348720022,0.0,0.0,1200.0,1200.0,0,0,48
no_update,2025-07-04,29823.90429781207,11123.548975043483,16152.84502096379,0.0,47875.676997017916,64028.522017981704,0.0,9760.98953333333,1200.0,1200.0,0,0,63
no_update,2025-07-05,30838.995364883398,10666.625499266665,16702.108848375636,0.0,47814.3810678898,64516.48991626543,0.0,10363.689966666665,1200.0,1200.0,0,0,62
no_update,2025-07-06,63602.43851859395,18604.10593645556,40028.617726851546,0.0,107217.883985276,147246.50171212753,0.0,0.0,1200.0,1200.0,0,0,64
no_update,2025-07-07,64361.86566801097,11810.490391533338,40215.54791251929,0.0,68413.76958065314,108629.31749317242,0.0,0.0,1200.0,1200.0,0,0,41
no_update,2025-07-08,71197.35733882716,8842.159899838898,44046.70067433998,0.0,50547.4272339321,94594.12790827209,704.0117433333328,0.0,1200.0,1200.0,0,0,46
no_update,2025-07-09,71544.97848246913,6749.954880116669,43921.66655746954,0.0,38096.507789778196,82018.17434724774,334.55352166666694,0.0,1200.0,1200.0,0,0,39
no_update,2025-07-10,64366.46267713305,11430.942565955553,40716.40387755491,0.0,67890.99435197581,108607.39822953072,3.840666666666607,0.0,1200.0,1200.0,0,0,43
no_update,2025-07-11,34691.31104122771,6711.0925401555505,19849.83727651514,0.0,27306.735280903344,47156.57255741848,148.93938944444437,6281.638466666668,1200.0,1200.0,0,0,52
no_update,2025-07-12,33607.98158301097,7862.896766877775,18805.556509298895,0.0,35859.68106286423,54665.237572163125,0.0,8016.247499999998,1200.0,1200.0,0,0,58
no_update,2025-07-13,69683.89279047777,4127.407221111114,44390.982008658546,0.0,20601.115987095018,64992.09799575356,589.1767115432148,0.0,1200.0,1200.0,0,0,38
no_update,2025-07-14,65490.27443460905,9800.476843938884,40443.31642843296,0.0,59097.79896712818,99541.11539556115,323.35344111111135,0.0,1200.0,1200.0,0,0,39
no_update,2025-07-15,71677.832038786,4752.003100244451,44451.01275433316,0.0,29679.14407240545,74130.15682673862,193.9918300000004,0.0,1200.0,1200.0,0,0,28
no_update,2025-07-16,68671.84203801783,6673.724433427775,43619.50856249292,0.0,40129.9806436089,83749.48920610182,0.8886666666667224,0.0,1200.0,1200.0,0,0,35
no_update,2025-07-17,66769.51271079999,9263.375800338894,41875.829718341134,0.0,55840.72737741391,97716.55709575504,0.0,0.0,1200.0,1200.0,0,0,37
no_update,2025-07-18,36285.28903098079,4634.279154555557,21051.56797378714,0.0,20150.50418634856,41202.0721601357,1008.2141233333334,6251.535166666666,1200.0,1200.0,0,0,48
no_update,2025-07-19,36809.64850509602,4810.393082688886,21552.89832608976,0.0,20128.704271686132,41681.60259777589,1118.206679999999,11004.212350000002,1200.0,1200.0,0,0,49
no_update,2025-07-20,71963.64583446502,5090.36244368889,44154.5579582233,0.0,30208.49491686481,74363.0528750881,1199.0823811111109,0.0,1200.0,1200.0,0,0,34
no_update,2025-07-21,72924.46857600822,4885.3676897833375,45465.883017735636,0.0,28252.75095820407,73718.63397593971,153.7459694444442,0.0,1200.0,1200.0,0,0,37
no_update,2025-07-22,71540.09674984224,5684.35232835556,45016.615095722984,0.0,36021.15419419992,81037.7692899229,105.83308555555527,0.0,1200.0,1200.0,0,0,29
no_update,2025-07-23,81849.66998212373,1486.488152599998,51291.903100126765,0.0,7761.934474401967,59053.837574528734,3959.804809369002,1054.3951862139927,1200.0,1200.0,0,0,24
no_update,2025-07-24,81127.77254137174,838.6302967500006,51183.76328453744,0.0,3779.6542567910196,54963.41754132846,4256.101604958851,80.49678333333327,1200.0,1200.0,0,0,23
no_update,2025-07-25,36616.41903584362,3009.0916740000002,21206.87844713698,0.0,14149.749068733168,35356.62751587015,217.95988975308603,10495.534583333329,1200.0,1200.0,0,0,35
no_update,2025-07-26,36801.45919286694,3213.040252811109,20909.830164627765,0.0,17225.274606805666,38135.10477143343,13.526053333333266,9038.619449999995,1200.0,1200.0,0,0,21
no_update,2025-07-27,73343.50203999999,5040.454489516669,45417.3510247745,0.0,31326.917485945276,76744.26851071978,789.3525033333333,0.0,1200.0,1200.0,0,0,29
no_update,2025-07-28,76523.20916960905,5369.287795355557,47412.67838713037,0.0,31442.74219224963,78855.42057938,71.71157055555545,0.0,1200.0,1208.286,0,0,35
no_update,2025-07-29,76062.91691841563,3754.686939777782,47697.78172068082,0.0,24585.368593883974,72283.15031456479,130.25546333333307,0.0,1208.286,1233.9078558148146,0,0,19
no_update,2025-07-30,69091.81512163236,8219.597613211112,43723.18039781773,0.0,53313.00635676687,97036.1867545846,83.46744000000024,0.0,1233.9078558148146,1321.1678354444443,0,0,22
no_update,2025-07-31,73198.66799857338,5384.819201516667,45808.464306087044,0.0,36271.51447911804,82079.97878520508,267.31824333333316,0.0,1321.1678354444443,1334.9052388148148,0,0,13
no_update,2025-08-01,38368.46411937585,1340.301811722224,22583.719139506415,0.0,7079.353037725702,29663.072177232116,823.7234872222223,15112.68413333333,1334.9052388148148,1410.7304295925928,0,0,10
no_update,2025-08-02,39276.78024982853,508.67143492222243,23108.04634317949,0.0,3323.740172235316,26431.786515414806,1056.7023388888883,15123.921066666664,1410.7304295925928,1536.3781285925927,0,0,5
no_update,2025-08-03,63241.94250761317,2838.679819249998,40755.11679554433,0.0,16601.894457449478,57357.011252993805,165.46089094650267,0.0,1536.3781285925927,1215.2858265185182,0,0,29
no_update,2025-08-04,68106.68265346365,956.4923619333345,43996.45678838147,0.0,5693.493930601736,49689.9507189832,74.3022544444442,0.0,1215.2858265185182,1200.0,0,0,13
no_update,2025-08-05,69603.49028992455,0.0,44657.870738218335,0.0,0.0,44657.870738218335,251.4938516666665,0.0,1200.0,1614.424236654394,0,0,0
no_update,2025-08-06,76662.20580111102,0.0,49820.040595294966,0.0,0.0,49820.040595294966,4646.814222235939,0.0,1614.424236654394,1756.3707711790141,0,0,0
no_update,2025-08-07,78378.24820662879,38.83182999999997,48803.35680661809,0.0,262.2668841749998,49065.62369079309,6497.429354108363,5070.763741687242,1756.3707711790141,1561.0423165555553,0,0,2
no_update,2025-08-08,39929.74105532236,0.0,23328.77692479122,0.0,0.0,23328.77692479122,221.4771554595335,20972.71395061042,1561.0423165555553,1958.049040703706,0,0,0
no_update,2025-08-09,39620.75949762688,0.0,23435.227444899898,0.0,0.0,23435.227444899898,445.88593499999996,17899.441737956102,1958.049040703706,1844.2163495555544,0,0,0
no_update,2025-08-10,71659.4829611454,2.1409866666665494,46179.34872720138,0.0,14.935522986665848,46194.284250188044,2829.454108744862,93.48159573387404,1844.2163495555544,1731.9232615555566,0,0,1
no_update,2025-08-11,70456.44611471605,799.8868667499984,44486.36995719943,0.0,5561.725592527989,50048.09554972742,874.0569099176911,2324.343240534983,1731.9232615555566,1464.8724214444444,0,0,5
no_update,2025-08-12,76678.82496728394,410.42334948888976,48120.84447926502,0.0,2827.1600774588283,50948.00455672385,3634.016282331972,2066.4303,1464.8724214444444,1526.8823019629622,0,0,6
no_update,2025-08-13,69132.80422174212,1179.9557040222194,43713.08413493299,0.0,8144.015319729524,51857.099454662515,559.8931621193398,0.0,1526.8823019629622,1639.1624838148145,0,0,5
no_update,2025-08-14,70393.38455430727,103.25694367777376,45318.24596115783,0.0,598.615566967231,45916.86152812506,601.0880376817582,0.0,1639.1624838148145,1580.6832474444439,0,0,7
no_update,2025-08-15,40416.523493552806,0.0,24036.125278012674,0.0,0.0,24036.125278012674,1208.1398366666663,19232.854462887517,1580.6832474444439,1798.8483893703715,0,0,0
no_update,2025-08-16,41486.63754951989,85.81286968888939,25317.29068300769,0.0,344.6357637612465,25661.926446768935,3104.74804,19137.14643333333,1798.8483893703715,1680.4197509999974,0,0,2
no_update,2025-08-17,73812.77659685185,448.57525618333227,46282.952728950666,0.0,3105.876394201593,49388.82912315226,3755.2082534362125,3729.115999999999,1680.4197509999974,1620.2726293703697,0,0,6
no_update,2025-08-18,71447.02476774568,149.67120999999997,45802.350641415775,0.0,1013.7290469233332,46816.07968833911,1296.7360893347068,1793.878471090533,1620.2726293703697,1920.948836037038,0,0,5
no_update,2025-08-19,69654.16968929356,135.87763666666683,44639.897371561616,0.0,916.5837558383345,45556.48112739995,908.5793852057622,1355.535586899868,1920.948836037038,1498.9073245925917,0,0,5
no_update,2025-08-20,79318.83506868313,578.4180153499971,49321.08789813856,0.0,3745.270858584418,53066.35875672298,3992.4262393827225,1083.4141833333324,1498.9073245925917,1493.6298585555555,0,0,9
no_update,2025-08-21,74771.67308683127,117.09991214999862,46942.093340178355,0.0,783.1778212393901,47725.271161417746,3616.0302282716084,1838.26615,1493.6298585555555,1527.4532922222215,0,0,5
no_update,2025-08-22,39718.97511553498,531.7791933499982,23568.11914618987,0.0,2612.5281706039063,26180.647316793777,681.9451983333337,15811.60768333333,1527.4532922222215,1474.564911,0,0,13
no_update,2025-08-23,39141.566489046636,483.4464401166665,22692.58440086273,0.0,3334.036988644399,26026.621389507127,11.481163333333257,14581.209598779147,1474.564911,1390.85961862963,0,0,2
no_update,2025-08-24,70035.61359056241,1.6023633333334146,45330.38905439693,0.0,10.794320595000547,45341.18337499193,1323.7124083813446,812.641079458163,1390.85961862963,1579.1896689259254,0,0,1
no_update,2025-08-25,91970.90962897119,47.70574666666653,58195.12498629547,0.0,321.5378968083324,58516.6628831038,15910.043536508905,1573.6054500000002,1579.1896689259254,1681.3649545802468,0,0,4
no_update,2025-08-26,70548.86220416323,0.0,45857.15895740882,0.0,0.0,45857.15895740882,754.3470721193356,0.0,1681.3649545802468,2003.6478891234601,0,0,0
no_update,2025-08-27,71646.65039811385,1024.1083395378582,45997.22284066854,0.0,7094.455940163086,53091.67878083162,684.6305310425215,794.5113070919105,2003.6478891234601,1525.850688037037,0,0,5
no_update,2025-08-28,70974.81620914952,3842.525462533333,44681.00448371128,0.0,26093.8260107008,70774.83049441208,590.460201412893,0.0,1525.850688037037,1469.63366774074,0,0,7
no_update,2025-08-29,41957.004854224964,0.0,25008.162531531703,0.0,0.0,25008.162531531703,1459.6215083333327,15089.402701015086,1469.63366774074,1541.5567437037023,0,0,0
no_update,2025-08-30,40646.063712002746,17.84697629999798,24179.624343328305,0.0,37.83558975599572,24217.4599330843,943.7281626748983,18920.40497653635,1541.5567437037023,1227.8728350000004,0,0,1
no_update,2025-08-31,70715.32475325103,942.5114355277786,45672.61722093657,0.0,6543.51074466377,52216.12796560034,476.31659028806723,0.0,1227.8728350000004,1926.8842986666666,0,0,4
no_update,2025-09-01,80098.28238845288,0.0,50048.551679728735,0.0,0.0,50048.551679728735,14032.041155843617,5404.964790418386,1926.8842986666666,5629.971296074074,0,0,0
no_update,2025-09-02,66053.59499774348,0.0,42693.44615770108,0.0,0.0,42693.44615770108,6050.275358381346,2569.3559020987677,5629.971296074074,5570.3658437777785,0,0,0
no_update,2025-09-03,70808.50441665294,0.0,45772.561478861026,0.0,0.0,45772.561478861026,9067.568467565154,3514.8242999999998,5570.3658437777785,5218.324985888888,0,0,0
no_update,2025-09-04,69178.04021235253,0.0,45555.24489209763,0.0,0.0,45555.24489209763,8606.647056220852,2939.6868166666663,5218.324985888888,5419.459001851853,0,0,0
no_update,2025-09-05,36508.247651666665,0.0,22570.935766662333,0.0,0.0,22570.935766662333,2538.0027283333334,24449.13418902606,5419.459001851853,5629.192727259257,0,0,0
no_update,2025-09-06,36073.59405546667,0.0,22160.068547148658,0.0,0.0,22160.068547148658,1954.9010766666665,23570.005943004115,5629.192727259257,5951.274860407409,0,0,0
no_update,2025-09-07,65316.43022578875,0.0,43010.58428461634,0.0,0.0,43010.58428461634,6837.200167620027,224.62697922496972,5951.274860407409,5742.661705000001,0,0,0
no_update,2025-09-08,71683.05158487255,0.0,45784.728642999566,0.0,0.0,45784.728642999566,7481.88473817846,2432.91165,5742.661705000001,4818.285106814818,0,0,0
no_update,2025-09-09,61735.005347133054,0.0,40522.333281553125,0.0,0.0,40522.333281553125,2303.373244622777,2773.3280788065895,4818.285106814818,4786.287876925929,0,0,0
no_update,2025-09-10,73970.89903477365,0.0,46957.61689426334,0.0,0.0,46957.61689426334,8482.303919183818,731.5815999999999,4786.287876925929,4596.137299259258,0,0,0
no_update,2025-09-11,73374.52349156378,0.0,47285.40411246223,0.0,0.0,47285.40411246223,11746.320570679014,4367.4405988683175,4596.137299259258,4802.636300481483,0,0,0
no_update,2025-09-12,35734.26919515088,0.0,21623.89769300691,0.0,0.0,21623.89769300691,1656.4311294444442,19928.264309471877,4802.636300481483,5026.930571740737,0,0,0
no_update,2025-09-13,35393.77357043334,0.0,21409.1187752883,0.0,0.0,21409.1187752883,977.0798016666663,23636.712623470507,5026.930571740737,5391.9629161111125,0,0,0
no_update,2025-09-14,76973.62510829217,0.0,49821.25080386097,0.0,0.0,49821.25080386097,11602.599275679006,3109.1700864952018,5391.9629161111125,4487.262961666669,0,0,0
no_update,2025-09-15,62337.048315267486,506.48434555555764,40599.07463494387,0.0,2640.7994306055666,43239.87406554944,3712.7594223045267,759.210650000001,4487.262961666669,3986.8046280000012,0,0,5
no_update,2025-09-16,75782.65242784636,0.0,47903.49517875085,0.0,0.0,47903.49517875085,10314.250972661175,2761.644091522633,3986.8046280000012,3583.537819518517,0,0,0
no_update,2025-09-17,71851.76915078188,124.16611400000042,46226.509223469155,0.0,601.8231757140021,46828.33239918316,7716.085397427983,368.5931749999961,3583.537819518517,3671.1311783703704,0,0,5
no_update,2025-09-18,63631.376447119335,514.4310933333315,41432.904632755424,0.0,2589.4803794666573,44022.38501222208,2055.4990966666633,0.0,3671.1311783703704,3010.3140765555595,0,0,4
no_update,2025-09-19,36275.017994773654,0.0,21527.468148904292,0.0,0.0,21527.468148904292,1444.739724444445,14646.728485884769,3010.3140765555595,4492.496721296297,0,0,0
no_update,2025-09-20,35086.887713196156,0.0,21077.476960930286,0.0,0.0,21077.476960930286,1391.443958333333,15365.232652002745,4492.496721296297,4610.036978314817,0,0,0
no_update,2025-09-21,70017.02534179011,0.0,44791.121077021395,0.0,0.0,44791.121077021395,6482.849948820297,2589.882883333333,4610.036978314817,3822.1116186296304,0,0,0
no_update,2025-09-22,72874.75339428669,31.254104999997367,46466.45758653137,0.0,155.56563359248665,46622.023220123854,7593.971276344304,1806.6363094444453,3822.1116186296304,2889.0294006666663,0,0,2
no_update,2025-09-23,72267.43144806584,6.375,45790.563135770404,0.0,42.996187500000005,45833.559323270405,4916.382120720168,1151.6516902263386,2889.0294006666663,2974.080832481482,0,0,1
no_update,2025-09-24,63064.43599452674,2000.767522954937,40588.06500538948,0.0,13493.936586937336,54082.001592326815,1066.1587763786001,0.0,2974.080832481482,2472.985716,0,0,7
no_update,2025-09-25,68957.84564057612,13.417000000000144,43815.60750444135,0.0,90.33666100000097,43905.94416544135,3068.2827013491305,1283.1326756927313,2472.985716,2894.028507111112,0,0,1
no_update,2025-09-26,35765.0507437037,0.0,21029.75288107994,0.0,0.0,21029.75288107994,2093.21823,12566.177415555552,2894.028507111112,3654.0948896296313,0,0,0
no_update,2025-09-27,33855.41208374485,0.0,19766.712647261633,0.0,0.0,19766.712647261633,326.2165963100107,13571.754574444438,3654.0948896296313,3138.009334888888,0,0,0
no_update,2025-09-28,68414.52978047325,73.10001807777437,43423.79785893142,0.0,348.04163426439504,43771.83949319582,1237.3714899382803,0.0,3138.009334888888,2897.880279925927,0,0,2
no_update,2025-09-29,69928.19954786007,26.015016666666725,44345.83435668773,0.0,134.7362566666671,44480.5706133544,3429.2502893209844,560.8280704526718,2897.880279925927,2144.99371562963,0,0,2
no_update,2025-09-30,69443.07910908779,1472.9288418333315,44296.73661368501,0.0,7572.378232359906,51869.11484604492,1229.1572910836774,0.0,2144.99371562963,2256.9679354814784,0,0,9
no_update,2025-10-01,65328.75080444445,0.0,41110.24090928645,0.0,0.0,41110.24090928645,5641.542796337452,4219.168611728397,2256.9679354814784,4166.951409925925,0,0,0
no_update,2025-10-02,70266.21497811384,0.0,44785.26733699826,0.0,0.0,44785.26733699826,9495.18719646776,5434.80998467078,4166.951409925925,4315.1878990000005,0,0,0
no_update,2025-10-03,30077.627877935523,0.0,17165.88687297146,0.0,0.0,17165.88687297146,528.670058703703,18750.509386310012,4315.1878990000005,4794.720161925925,0,0,0
no_update,2025-10-04,31549.1177836214,0.0,18367.28965790946,0.0,0.0,18367.28965790946,1468.3569433333332,14789.387951316874,4794.720161925925,4437.79893477778,0,0,0
no_update,2025-10-05,68902.33371598764,0.0,43577.25225692577,0.0,0.0,43577.25225692577,6719.975536460909,4554.340716666667,4437.79893477778,3984.5679101481464,0,0,0
no_update,2025-10-06,57966.77670156378,1680.0680341388886,37145.13739017594,0.0,10474.131046123832,47619.268436299775,147.66020000000026,0.0,3984.5679101481464,2249.3858309999996,0,0,8
no_update,2025-10-07,62940.54289666666,623.2170923555552,39377.708968486324,0.0,3155.2275929601096,42532.93656144643,429.34877557613515,108.47243222222042,2249.3858309999996,3411.741688030861,0,0,5
no_update,2025-10-08,58860.811378854596,787.6736784777736,37093.202675571476,0.0,4141.364688061016,41234.567363632494,234.6987755555558,0.0,3411.741688030861,2505.193969753088,0,0,6
no_update,2025-10-09,69687.73298399862,0.0,43555.70416559613,0.0,0.0,43555.70416559613,5423.3927983539115,4343.113224993138,2505.193969753088,2858.7706364074093,0,0,0
no_update,2025-10-10,31085.180019958843,226.30355430000108,17219.680145891653,0.0,849.2680379981376,18068.948183889792,740.3023833333334,18323.73135,2858.7706364074093,3002.367855296295,0,0,3
no_update,2025-10-11,31253.928346213994,0.0,17253.699917663533,0.0,0.0,17253.699917663533,600.1263522222227,13661.801984238682,3002.367855296295,3027.407648592596,0,0,0
no_update,2025-10-12,62688.926923786,20.929933333333338,39071.87754148096,0.0,98.03580773333336,39169.913349214294,573.567916460904,557.6727721810712,3027.407648592596,2150.7281019506213,0,0,1
no_update,2025-10-13,66038.23995248284,975.0920666666659,41084.41947280823,0.0,5052.652777108329,46137.07224991656,3514.645975089153,1853.1443411111131,2150.7281019506213,2714.0498346666677,0,0,7
no_update,2025-10-14,68531.10082629629,1495.5575211333294,42954.91810602937,0.0,7711.260373671079,50666.17847970045,4052.267260843621,1317.4729894444438,2714.0498346666677,2669.106958888889,0,0,8
no_update,2025-10-15,70634.34792615226,465.47359235556087,43992.17102050162,0.0,2351.144766451805,46343.315786953426,4811.898173456789,542.9467411111104,2669.106958888889,2475.45025077778,0,0,4
no_update,2025-10-16,66814.53159224278,1167.5844193000044,41913.08804331782,0.0,6017.909985019856,47930.99802833767,850.7102233058977,0.0,2475.45025077778,2525.552287222223,0,0,7
no_update,2025-10-17,29662.703836598077,369.5876664222231,15835.458544004998,0.0,1410.773393375648,17246.231937380646,18.764356666666686,11872.125383333332,2525.552287222223,1822.1571603888895,0,0,4
no_update,2025-10-18,32820.04031172153,381.8415485555522,18155.288713454654,0.0,1500.7950471840977,19656.08376063875,1260.9042455555564,12061.329233333332,1822.1571603888895,2792.442977296297,0,0,5
no_update,2025-10-19,68289.87515397118,639.0537180555516,43005.2280172524,0.0,3233.028430668035,46238.25644792043,1373.2055651440255,0.0,2792.442977296297,2353.073083851851,0,0,6
no_update,2025-10-20,73186.53793839506,0.0,46206.436206295984,0.0,0.0,46206.436206295984,3898.39270849108,900.993233641977,2353.073083851851,2218.2614580740737,0,0,0
no_update,2025-10-21,72286.09221658435,1168.4583959444428,45146.85063346274,0.0,5797.372054525547,50944.22268798829,2588.071041700963,0.0,2218.2614580740737,2496.7364844814797,0,0,8
no_update,2025-10-22,67990.58700631687,752.8233591222204,42593.43883756841,0.0,4105.57643201736,46699.01526958577,106.61560818930013,0.0,2496.7364844814797,1560.9057124074072,0,0,7
no_update,2025-10-23,79775.86759288065,0.0,49662.17555673268,0.0,0.0,49662.17555673268,9960.013138786007,2440.396172352536,1560.9057124074072,1893.2704199506186,0,0,0
no_update,2025-10-24,31774.156145226338,403.889685377775,16940.921480174024,0.0,1772.0984909023014,18713.019971076326,58.06013666666695,10930.700566666666,1893.2704199506186,1595.4169597777832,0,0,4
no_update,2025-10-25,32405.36514017146,7.110730295201094,17309.007770857308,0.0,41.30267691967555,17350.310447776985,253.85952775034397,9530.843083333331,1595.4169597777832,1751.595738851852,0,0,1
no_update,2025-10-26,73886.70197781891,0.0,45958.96392268675,0.0,0.0,45958.96392268675,3528.107408964331,1630.4440499999992,1751.595738851852,2102.7667159259245,0,0,0
no_update,2025-10-27,66969.80918765432,529.0963867222274,42099.93240776484,0.0,3645.7210065742584,45745.6534143391,393.58498858024234,0.0,2102.7667159259245,1589.5102343333328,0,0,2
no_update,2025-10-28,67438.9906077572,2551.9652473057677,42302.80009291597,0.0,17354.908400579752,59657.708493495724,181.43849,0.0,1589.5102343333328,1656.0310195185184,0,0,4
no_update,2025-10-29,74935.36626314868,460.30092912777815,46254.053864206966,0.0,2527.2817587755876,48781.33562298255,1926.8521844170011,0.0,1656.0310195185184,1354.351056962963,0,0,7
no_update,2025-10-30,66129.36165991769,2664.710443644443,41208.42116881168,0.0,18098.14823735868,59306.569406170354,224.60122617283696,0.0,1354.351056962963,1345.9750907777777,0,0,5
no_update,2025-10-31,33608.346561193415,322.6584665333349,18047.470720832105,0.0,1464.6108324817387,19512.081553313845,748.9423944444445,5879.566800000003,1345.9750907777777,1557.668568283954,0,0,5
no_update,2025-11-01,32964.824265054864,233.3407731333354,17543.61990407781,0.0,1147.9082326566754,18691.528136734483,201.41082009602206,7082.824433333333,1557.668568283954,1762.2925470740759,0,0,3
no_update,2025-11-02,71875.14897541152,1312.8536664500007,44902.253695969186,0.0,6523.815346599606,51426.06904256879,345.34454888888945,0.0,1762.2925470740759,1537.6015753333336,0,0,9
no_update,2025-11-03,77365.60432098518,0.0,47900.34670401997,0.0,0.0,47900.34670401997,2965.8956662208525,530.70245,1537.6015753333336,1680.0053418888854,0,0,0
no_update,2025-11-04,71181.09792909464,720.9546304388898,44167.05843037904,0.0,4950.806219175029,49117.86464955407,242.27537999999913,88.04176950616653,1680.0053418888854,1409.7737809629627,0,0,3
no_update,2025-11-05,78972.03105674211,189.87847846666662,48934.45986410693,0.0,779.8668237132657,49714.3266878202,4705.9289123799745,502.16379858024777,1409.7737809629627,1288.8822023333335,0,0,8
no_update,2025-11-06,73959.1755624417,2080.463476988886,45567.36740129812,0.0,10494.339295756108,56061.70669705423,404.82021000000043,0.0,1288.8822023333335,1231.2183870000001,0,0,23
no_update,2025-11-07,32968.27219168724,1003.6695769333298,17102.445774933112,0.0,6012.224004986492,23114.669779919604,24.555639999999585,7227.335758641975,1231.2183870000001,1240.4005386419747,0,0,6
no_update,2025-11-08,33304.46310494513,180.03519570000083,17420.71096969432,0.0,866.7286522110535,18287.439621905374,73.34450920439141,6230.958044526744,1240.4005386419747,1301.843472222222,0,0,5
no_update,2025-11-09,76280.01113904527,650.333401266666,47261.79499545134,0.0,4386.519177866262,51648.3141733176,767.0712904115243,346.709429732514,1301.843472222222,1313.267286518519,0,0,4
no_update,2025-11-10,77162.0774015262,1464.4656729388876,47981.98823358595,0.0,7765.097790631989,55747.08602421794,298.7083866666661,0.0,1313.267286518519,1303.8849053333333,0,0,16
no_update,2025-11-11,79187.04525117407,313.10313858333245,49544.65294892578,0.0,1707.2354593428279,51251.888408268605,3492.7240344650186,468.68542533607933,1303.8849053333333,1204.1837157777777,0,0,8
no_update,2025-11-12,75864.8239898858,933.1139844555547,46977.34225471863,0.0,5463.356416396935,52440.69867111556,1266.3917527366239,0.0,1204.1837157777777,1269.349103148148,0,0,8
no_update,2025-11-13,73433.80057683127,3130.19809944444,45705.78349541537,0.0,21053.788799704736,66759.5722951201,207.8915116666667,0.0,1269.349103148148,1305.553815,0,0,10
no_update,2025-11-14,33814.807037613165,469.1000829666616,17897.93489799696,0.0,2794.102759104652,20692.037657101613,33.71201166666674,3180.6119000000003,1305.553815,1424.3631242839474,0,0,4
no_update,2025-11-15,35064.93691818245,204.93181916666254,18495.900584793282,0.0,1040.8729846969761,19536.77356949026,427.1636291152296,3286.1388032921836,1424.3631242839474,1297.536585,0,0,7
no_update,2025-11-16,76288.52506979424,2521.735247749999,47427.715754281264,0.0,15790.615423559278,63218.33117784054,140.14036000000033,0.0,1297.536585,1200.0,0,0,12
no_update,2025-11-17,73270.89794082304,3601.6789920277783,45715.66657431993,0.0,22932.582953465768,68648.2495277857,148.08482333333347,0.0,1200.0,1312.4808343703705,0,0,15
no_update,2025-11-18,77108.84123443744,2422.256515561112,47882.5501628541,0.0,14300.706920506595,62183.257083360695,248.05705166666655,0.0,1312.4808343703705,1330.2024190000002,0,0,18
no_update,2025-11-19,76099.10589201665,3562.1715604055516,47271.459027081146,0.0,20216.492937486604,67487.95196456775,97.30640444444396,0.0,1330.2024190000002,1200.0,0,0,20
no_update,2025-11-20,75987.9824144,3287.6105248944386,47092.64307524411,0.0,20993.638383351536,68086.28145859565,137.4692866666668,0.0,1200.0,1226.1462000000001,0,0,17
no_update,2025-11-21,34446.7223131893,649.3431419111056,18211.76286111122,0.0,3496.247717214857,21708.010578326077,15.896916666666812,2743.983500205759,1226.1462000000001,1262.5566325555556,0,0,11
no_update,2025-11-22,36669.416278888886,361.7260847333292,19126.350658891442,0.0,1841.4386084773425,20967.789267368786,203.94640330589777,3022.9966931275703,1262.5566325555556,1252.465725,0,0,7
no_update,2025-11-23,76749.26459242798,2827.9213065944377,47830.2015241694,0.0,15612.573279039954,63442.77480320936,28.108113333333336,0.0,1252.465725,1246.6257971111108,0,0,14
no_update,2025-11-24,75718.52386125515,2684.5074602777754,47169.11371583467,0.0,16789.516821826932,63958.6305376616,67.91169666666656,0.0,1246.6257971111108,1200.0,0,0,17
no_update,2025-11-25,86888.32982666665,128.98755058333055,54929.38603547166,0.0,457.20406665899554,55386.590102130656,6419.049309842257,100.00658333333354,1200.0,1213.2404999999999,0,0,8
no_update,2025-11-26,82027.30844949246,743.7441528611107,51255.30520387375,0.0,3868.8178429465215,55124.12304682027,1254.8312883401927,0.0,1213.2404999999999,1267.659177333334,0,0,7
no_update,2025-11-27,79240.44011542811,1349.5130230388907,49523.93624905497,0.0,8874.843296555871,58398.77954561084,224.06747000000053,0.0,1267.659177333334,1336.1274689629631,0,0,5
no_update,2025-11-28,35311.043523113854,556.9802012499978,18662.859836424992,0.0,3287.851278996004,21950.711115420996,53.16029666666668,1225.4578666666644,1336.1274689629631,1411.3870391234582,0,0,5
no_update,2025-11-29,43518.0112298834,104.71839099999963,22489.643654646232,0.0,223.2001054949992,22712.84376014123,2460.5906021742144,2924.9829,1411.3870391234582,1200.0,0,0,3
no_update,2025-11-30,82567.88107279835,2537.682900101641,51644.9062336624,0.0,16107.258499175121,67752.16473283753,415.46246500000007,0.0,1200.0,1200.0,0,0,16
no_update,2025-12-01,86081.13558959533,4967.383688715779,54646.768854302456,0.0,24509.06371508203,79155.83256938448,152.91553000000022,0.0,1200.0,1200.0,0,0,29
no_update,2025-12-02,89154.87349995883,5706.335775994448,56364.90028228682,0.0,28581.73477925368,84946.6350615405,1597.4140143621378,0.0,1200.0,1208.922,0,0,31
no_update,2025-12-03,79251.65114052777,11527.458236061108,49734.065519252,0.0,67942.60002284875,117676.66554210076,0.0,0.0,1208.922,1200.0,0,0,40
no_update,2025-12-04,86736.04681995884,6471.947981277782,55165.32189018132,0.0,32420.158807846095,87585.48069802742,1830.7173701440338,0.0,1200.0,1200.0,0,0,28
no_update,2025-12-05,38437.77404314814,6203.539493683328,20104.621570618387,0.0,36512.40448251139,56617.026053129775,28.80757333333338,0.0,1200.0,1200.0,0,0,30
no_update,2025-12-06,41356.81355037723,5689.541170772219,21543.154366399456,0.0,33084.50180044574,54627.65616684519,10.296968888888841,0.0,1200.0,1200.0,0,0,34
no_update,2025-12-07,89586.11401801097,4203.279407483336,56920.58118872185,0.0,20722.89231414185,77643.4735028637,1477.8398312962945,0.0,1200.0,1200.0,0,0,25
no_update,2025-12-08,90520.44923113169,2913.9617898999973,57458.80252100455,0.0,16178.068979970129,73636.87150097468,891.3659133333333,0.0,1200.0,1205.4421593333332,0,0,13
no_update,2025-12-09,89501.9047350823,3747.472063649999,56814.230385296876,0.0,20872.91364633639,77687.14403163327,1208.159138333332,0.0,1205.4421593333332,1202.7861,0,0,21
no_update,2025-12-10,85609.996,7125.390001572221,54100.76620170449,0.0,38679.13388378428,92779.90008548877,81.18733333333273,0.0,1202.7861,1200.0,0,0,37
no_update,2025-12-11,88957.63802613168,3048.891999749996,56339.654764539715,0.0,14798.42055697687,71138.07532151659,1407.306875144027,0.0,1200.0,1226.014071888889,0,0,19
no_update,2025-12-12,41496.0488810288,5629.480560433337,21477.9518702303,0.0,34572.977618880934,56050.92948911124,45.91558333333353,0.0,1226.014071888889,1236.8639041481479,0,0,29
no_update,2025-12-13,42807.48230936214,4443.334429533332,22080.725665730464,0.0,27255.771108736943,49336.49677446741,10.701475555555817,0.0,1236.8639041481479,1200.0,0,0,27
no_update,2025-12-14,84651.02582824416,8319.698086438888,53412.484478697115,0.0,47075.25977132659,100487.74425002371,13.654710000000136,0.0,1200.0,1200.0,0,0,33
no_update,2025-12-15,85885.25579814814,7756.8641818777805,54140.97155144488,0.0,44431.01075282847,98571.98230427335,22.421099999999683,0.0,1200.0,1205.909007,0,0,20
no_update,2025-12-16,90943.19084401234,3261.0539696277806,58116.88430863628,0.0,17091.116483323556,75208.00079195984,224.59311000000014,0.0,1205.909007,1200.0,0,0,23
no_update,2025-12-17,91419.64714666666,2200.592767322223,58063.06938778838,0.0,11584.602513743452,69647.67190153184,728.0567322222224,0.0,1200.0,1228.2897,0,0,20
no_update,2025-12-18,86886.32816485596,4904.231859888893,55344.17011403512,0.0,27443.39955190099,82787.56966593611,38.64481666666654,0.0,1228.2897,1207.1124797777777,0,0,27
no_update,2025-12-19,40548.28279328532,5576.09720322222,21327.024621776258,0.0,34355.09783467868,55682.122456454934,33.489993333333246,0.0,1207.1124797777777,1200.0,0,0,31
no_update,2025-12-20,43618.569994060344,2982.0360631555604,22780.11687736618,0.0,16856.680969030083,39636.797846396265,8.790666666666766,0.0,1200.0,1226.9074319999995,0,0,25
no_update,2025-12-21,89975.23781333333,3796.3107546944443,57143.05487664505,0.0,21040.158196268596,78183.21307291364,172.4424316666665,0.0,1226.9074319999995,1221.0530347037034,0,0,13
no_update,2025-12-22,89147.80217588476,4191.333610000006,56792.30584641392,0.0,24863.161609874995,81655.46745628891,22.11815333333334,0.0,1221.0530347037034,1219.3096423333334,0,0,20
no_update,2025-12-23,91634.44093185184,992.5811407666661,58379.71554956577,0.0,6524.288254979921,64904.00380454569,609.8401811111115,0.0,1219.3096423333334,1200.0,0,0,4
no_update,2025-12-24,90497.89227479423,2138.9099754388913,57837.91568454114,0.0,12655.33071994699,70493.24640448813,94.28262388888902,0.0,1200.0,1223.2100233703702,0,0,10
no_update,2025-12-25,86967.2692595679,5169.588582572227,55053.692747699715,0.0,30959.87347527621,86013.56622297593,17.264856666667015,0.0,1223.2100233703702,1232.0480933333329,0,0,16
no_update,2025-12-26,42477.97433878601,3986.2203325049372,22210.181194170993,0.0,24533.965618311893,46744.14681248288,0.0,0.0,1232.0480933333329,1235.2622545555557,0,0,22
no_update,2025-12-27,44213.6033828395,2936.353349433335,22957.64788051322,0.0,18953.29654170127,41910.944422214496,146.09370333333356,0.0,1235.2622545555557,1324.666633518518,0,0,11
no_update,2025-12-28,89695.53145592591,1980.7969713611071,57172.26706800355,0.0,9966.986189840803,67139.25325784435,220.8163033333335,0.0,1324.666633518518,1378.5259482962965,0,0,16
no_update,2025-12-29,89951.47840522633,2266.9709448388867,56867.597976913516,0.0,12951.261714915008,69818.85969182852,204.01181333333386,0.0,1378.5259482962965,1243.8986493703703,0,0,17
no_update,2025-12-30,91127.2695669753,1376.1756276000021,57974.32964030338,0.0,6649.657178404723,64623.9868187081,1592.1808162757177,0.0,1243.8986493703703,1286.9884980000002,0,0,9
no_update,2025-12-31,92803.74530999998,1410.8828231055584,58947.142558659994,0.0,8586.707217599898,67533.84977625989,888.6838250000005,0.0,1286.9884980000002,1200.0,0,0,15
state_only,2025-02-01,42661.158344791846,0.0,22613.567358642224,66.32186754608762,0.0,22679.889226188312,2461.171761899873,1609.4659569444489,1601.9050259990738,2109.198001219136,3,2,0
state_only,2025-02-02,86899.15214636487,0.0,54799.01316319564,492.9298955789053,0.0,55291.943058774545,4378.790528275032,59.174066666666704,2109.198001219136,1967.001709074073,3,2,0
state_only,2025-02-03,89704.43204142214,0.0,56626.91558171407,543.1432880142995,0.0,57170.05886972837,5281.305557750352,0.0,1967.001709074073,1903.5127858796309,3,2,0
state_only,2025-02-04,92286.20534828531,0.0,58673.3513676949,417.8522802948617,0.0,59091.203647989765,6738.601372788064,0.0,1903.5127858796309,1875.180022962963,3,2,0
state_only,2025-02-05,88350.02729709395,8.400733333333278,55844.7291313966,74.90185191542952,48.795659566666345,55968.426642878694,3048.845842174212,0.0,1875.180022962963,1976.6679704444437,3,2,1
state_only,2025-02-06,92978.62058846124,0.0,59157.94894175084,525.5887574612508,0.0,59683.53769921209,8439.999025514402,0.0,1976.6679704444437,1975.9679284753086,3,2,0
state_only,2025-02-07,42036.67840533395,0.0,22063.566443340733,417.53746014744513,0.0,22481.10390348818,3001.758430363511,3866.4587659053573,1975.9679284753086,1688.775962259259,3,2,0
state_only,2025-02-08,38268.69417546886,0.0,20067.784545883882,222.04685300463095,0.0,20289.831398888513,278.87360999999953,2522.334921598078,1688.775962259259,1994.6582720740744,3,1,0
state_only,2025-02-09,86300.90699610548,0.0,54797.401626567065,794.6131501396048,0.0,55592.01477670667,2804.2909355555475,0.0,1994.6582720740744,1798.1269093333328,3,2,0
state_only,2025-02-10,82434.01562763998,0.0,51910.020473418626,838.3185743246488,0.0,52748.33904774328,4037.524756611797,193.20466666666675,1798.1269093333328,1679.4757018333323,3,3,0
state_only,2025-02-11,86103.19868336762,0.0,54225.2093239569,72.16780840101075,0.0,54297.37713235791,6522.286634869677,148.03829999999994,1679.4757018333323,1575.340791074072,3,2,0
state_only,2025-02-12,83904.33855838854,0.0,52849.28917976494,738.3107433925155,0.0,53587.59992315746,4290.085127935523,163.38428333333331,1575.340791074072,1617.7770496666674,3,3,0
state_only,2025-02-13,78831.56338128257,21.10023333333345,48986.928022055276,749.2252537276644,92.40847188333385,49828.561747666274,3188.2703296707773,232.90716666666685,1617.7770496666674,1741.0806689629615,3,3,1
state_only,2025-02-14,37688.909429382715,0.0,19618.396077219662,233.13094509366533,0.0,19851.527022313327,255.76912000000095,4225.385284979417,1741.0806689629615,1663.6121934444452,3,1,0
state_only,2025-02-15,37463.47964386831,0.0,19645.72998359615,145.93812606333472,0.0,19791.668109659484,816.3839538888903,4146.728902654322,1663.6121934444452,1470.167222444444,3,2,0
state_only,2025-02-16,85533.46033436898,0.0,53439.47759014157,487.2159409461031,0.0,53926.69353108767,5844.082650994514,30.539166666666688,1470.167222444444,1543.1824082962962,3,3,0
state_only,2025-02-17,82656.26840843086,36.19210465555693,51690.87984623565,1077.662716166204,252.47612207716514,53021.018684479015,7108.773934231818,794.4812,1543.1824082962962,1448.104418481481,3,3,1
state_only,2025-02-18,77289.87389485801,10.793333333333408,48923.14390122749,1370.9084368981294,47.26940333333366,50341.32174145895,1127.2117431687275,0.0,1448.104418481481,1666.3719758888874,3,3,1
state_only,2025-02-19,77443.47307228272,110.00205059999799,48258.339218974426,431.8844478359493,448.4504816961203,49138.67414850649,861.0598105761326,0.0,1666.3719758888874,1200.0,3,3,8
state_only,2025-02-20,79711.2953312716,10.085727222222204,49181.24745982739,705.5307016028739,47.2415463088888,49934.01970773916,3773.012733312757,553.5938999999995,1200.0,1586.3800659259234,3,3,1
state_only,2025-02-21,35562.460789180455,0.0,18375.505785446694,226.00722700896156,0.0,18601.513012455656,93.36255999999992,6593.080513168717,1586.3800659259234,1525.6075458888906,3,1,0
state_only,2025-02-22,35373.55753154321,0.0,18519.65115920671,205.53034867333614,0.0,18725.181507880046,553.0621362757199,3601.2503651028796,1525.6075458888906,1550.1432694074083,3,1,0
state_only,2025-02-23,79703.39462504225,51.63893772222127,49151.4989286001,163.91634467775017,201.75196372988515,49517.167237007736,3850.214871323728,308.48111472564887,1550.1432694074083,1313.994741148147,3,3,4
state_only,2025-02-24,74750.3710390672,51.587508888888806,46763.92034769371,523.7155486061323,233.6467978855552,47521.2826941854,2501.7201403703702,0.0,1313.994741148147,1401.2850484444393,3,3,2
state_only,2025-02-25,75148.27138606009,123.28724896666645,46765.012518018535,995.6557639191252,447.8742104667823,48208.54249240444,4177.517705864192,1685.9753983539088,1401.2850484444393,1301.6341335925927,3,3,8
state_only,2025-02-26,73760.16159138725,44.82488333333333,46043.809354991754,1121.000203482537,196.30200745000002,47361.11156592429,729.8554560905334,0.0,1301.6341335925927,1502.3971907407395,3,3,2
state_only,2025-02-27,73173.96451282606,75.86777194444271,45253.68462167693,481.3357629326176,403.6872466848324,46138.70763129438,2001.3390691358027,0.0,1502.3971907407395,1495.3125059999998,3,3,5
state_only,2025-02-28,33731.84193520576,12.545915099998354,17353.291520331055,35.771913679084385,27.42055855960873,17416.48399256975,290.9787728738006,7059.094893621406,1495.3125059999998,1319.9408664074072,3,1,3
state_only,2025-03-01,36855.83339198902,41.136758100002126,18932.82480598251,180.17287926933412,171.05663342979634,19284.05431868164,791.3220350000007,9305.079582668033,1319.9408664074072,1321.3678463703702,3,2,5
state_only,2025-03-02,80928.93176078875,151.43236316666616,50067.79037094255,447.11596920778334,725.0694313839971,51239.97577153434,4342.549421591219,0.0,1321.3678463703702,1297.1418408518523,3,3,7
state_only,2025-03-03,81980.49995718792,166.73533223333249,51315.549035036194,1341.6558216262856,768.4847505199622,53425.689607182445,5716.230373436213,296.4895999999999,1297.1418408518523,1323.4565980740738,3,3,8
state_only,2025-03-04,74295.21781801207,72.31186030000171,46137.03178359427,813.6300538923742,222.56836715565706,47173.2302046423,1204.0803577777815,0.0,1323.4565980740738,1200.0,3,3,8
state_only,2025-03-05,75787.00551661817,108.68054096666751,46900.431516339464,866.3202202783629,744.2106454318058,48510.962382049634,5525.375247469135,259.10244999999986,1200.0,1317.257628259259,3,3,3
state_only,2025-03-06,72503.23337454732,0.0,44407.228324844575,548.3677858175331,0.0,44955.59611066211,2388.6897166872427,140.90853777777954,1317.257628259259,1251.2874678148166,3,3,0
state_only,2025-03-07,34232.173356502055,39.50873866666677,17786.836777320244,20.458982552751692,82.9923719146669,17890.288131787664,1218.256452037037,9051.949128765431,1251.2874678148166,1313.3177137037037,3,1,2
state_only,2025-03-08,32061.963691644443,27.14836999999967,16419.035179576164,58.41542224819343,57.348268551665974,16534.79887037602,133.08956000000035,9878.15737436214,1313.3177137037037,1300.15929,3,1,2
state_only,2025-03-09,74802.61795206173,161.66143249999848,45647.112928883376,600.0224233217313,732.0061249542737,46979.14147715938,6202.910642016461,1490.9072372496566,1300.15929,1261.9375523703702,3,3,9
state_only,2025-03-10,73604.19837496639,315.4454726055541,44465.47022075206,216.8519486805278,1488.9166797718262,46171.23884920442,1669.939206886145,0.0,1261.9375523703702,1258.827537,3,3,13
state_only,2025-03-11,68711.30092194327,173.448659316665,43138.0714702128,1952.9977726643708,776.1314234188842,45867.200666296056,911.5619966666626,0.0,1258.827537,1376.8817970000002,3,3,7
state_only,2025-03-12,71800.16208620746,230.71478173333708,44077.11427666933,702.3975952340212,905.8230259853581,45685.33489788871,4705.751670137166,1211.6173333333331,1376.8817970000002,1230.5486588888887,3,3,10
state_only,2025-03-13,72537.02705017455,350.80242239999865,45098.27741894299,1368.1603949432188,2033.476017369458,48499.91383125567,1685.788849341564,0.0,1230.5486588888887,1202.8431,3,3,9
state_only,2025-03-14,31651.184159510703,44.179683333331326,16240.74702017971,242.26086160098444,270.07040421665437,16753.078285997348,144.01797333333377,12391.539410082307,1202.8431,1372.105586851851,3,1,1
state_only,2025-03-15,30882.60079876543,463.02017123333263,15773.99771926417,217.77268266525067,1944.0146831123288,17935.78508504175,63.23641333333296,7582.540908641977,1372.105586851851,1200.0,3,1,16
state_only,2025-03-16,70379.01335567051,0.0,42976.44858704018,237.37559332289015,0.0,43213.824180363066,2965.01596411523,0.0,1200.0,1241.1936740370409,3,3,0
state_only,2025-03-17,65999.59061046432,50.675323466665986,39641.08325635572,721.3750322931877,291.76338251546144,40654.22167116437,2818.67169382716,1108.158858888891,1241.1936740370409,1448.6634888518515,3,3,3
state_only,2025-03-18,70394.99147462963,0.0,43424.722364266956,1186.9875120226673,0.0,44611.70987628962,3341.0946295747563,2560.699935473251,1448.6634888518515,1208.579558851852,3,3,0
state_only,2025-03-19,64357.600757729146,0.0,40411.58095943694,1438.6211945485338,0.0,41850.202153985476,808.9636633333271,0.0,1208.579558851852,1495.7416283333323,3,3,0
state_only,2025-03-20,70807.37498305213,378.5982540777795,43004.3402626569,417.9611740469256,2046.9873032171665,45469.288739920994,4865.499098367625,210.6229777777745,1495.7416283333323,1262.18476762963,3,2,10
state_only,2025-03-21,29596.52186842325,296.66826103333375,14962.233441333563,12.345840204947665,1249.6646076281957,16224.243889166706,219.9684711111115,14770.987870699586,1262.18476762963,1239.2650439999998,3,1,8
state_only,2025-03-22,30455.849932325098,0.0,15595.225299971115,4.554777888188255e-12,0.0,15595.22529997112,396.50331240741025,11257.555177942384,1239.2650439999998,1341.216208074069,3,0,0
state_only,2025-03-23,68129.59650687929,160.74723373333313,41767.82004632383,741.6003788745456,732.409931360781,43241.830356559156,4114.084361947872,1714.880047222217,1341.216208074069,1290.7608689999997,3,3,8
state_only,2025-03-24,64834.12018616666,0.0,39373.75714118986,688.2954876281256,0.0,40062.05262881798,1733.0611733127603,1073.9677083333313,1290.7608689999997,1312.4695743086465,3,3,0
state_only,2025-03-25,71711.85544043401,278.2026067666645,43611.051455298904,612.0565136620842,1219.8211130574864,45442.929082018476,5065.600148744856,2311.9269666666664,1312.4695743086465,1213.9211926666667,3,3,9
state_only,2025-03-26,64098.92897565157,176.35651877777462,38686.42751510743,91.30899853352838,877.4226051639861,39655.15911880495,3333.7125831412923,1225.896595555556,1213.9211926666667,1232.910495851852,3,3,5
state_only,2025-03-27,65122.71694432236,121.20977785555347,39659.350117089554,693.7919825219935,324.8129568065086,40677.95505641805,1581.209291131691,1162.8984500000001,1232.910495851852,1208.808063037037,3,3,7
state_only,2025-03-28,29747.036968216733,71.63343666666674,14906.99542087194,10.170702479417882,353.5468266683337,15270.71295001969,263.51702818244297,15847.202314224967,1208.808063037037,1208.5810227037036,3,1,1
state_only,2025-03-29,28935.307114403295,161.4506278333313,14740.124740545092,322.57788501108615,890.9881299523773,15953.690755508555,18.29157444444445,18575.78975753086,1208.5810227037036,1251.279047666667,3,1,8
state_only,2025-03-30,63754.18180961769,30.562479999999255,38331.1806054682,558.0100939636379,213.2038604799948,39102.39455991184,2622.730909334705,1968.6982383333352,1251.279047666667,1212.5757093333332,3,2,1
state_only,2025-03-31,60996.23988009319,0.0,38392.52059659331,1910.4143618612727,0.0,40302.934958454585,178.16391716049702,0.0,1212.5757093333332,1423.7870286666669,3,3,0
state_only,2025-04-01,67081.18010114541,154.97840993333423,40368.48535973383,1448.2517786206718,1004.3677831933392,42821.10492154784,2435.9921087666667,1173.7606333333333,1423.7870286666669,1295.4157410740738,3,3,3
state_only,2025-04-02,64579.83719920501,209.03872880000068,39284.31223765553,981.8289156623878,1422.1207178937725,41688.26187121169,595.5470077777775,0.0,1295.4157410740738,1263.0349562592592,3,3,3
state_only,2025-04-03,65414.716697433054,134.21469386666618,40084.84337052311,518.3623581476342,575.1643119803987,41178.37004065114,3046.982184519886,2971.9503232510306,1263.0349562592592,1231.923,3,2,3
state_only,2025-04-04,27461.94837203875,126.32870083333275,13612.419787436529,18.58817860435571,533.583414615746,14164.591380656631,95.03695444444412,18284.328207873805,1231.923,1251.48411,3,1,3
state_only,2025-04-05,27347.78699960219,310.49357258888796,13823.216959186286,294.89192011567314,1501.6593652601064,15619.768244562065,59.29803333333325,12962.982495555552,1251.48411,1211.002419,3,2,7
state_only,2025-04-06,61952.08376992255,171.97984077777812,36791.08414773784,624.7877558540669,1121.1055615585967,38536.9774651505,1667.7322872016443,1985.8214194444413,1211.002419,1278.0917284444447,3,3,4
state_only,2025-04-07,56856.79294094506,94.28865043333367,35707.048027878554,1908.4708351603645,268.2747787699355,37883.79364180885,103.14157666666699,0.0,1278.0917284444447,1225.3204186666667,3,3,5
state_only,2025-04-08,63121.70627979395,401.3797665666636,38093.159706805636,483.13065435471964,2061.4661695603468,40637.756530720704,2786.634589279833,2545.6984872222215,1225.3204186666667,1200.0,3,3,14
state_only,2025-04-09,64403.3529615144,305.5893960999976,38427.87128350146,611.0833902262353,1579.1007022739823,40618.05537600168,1477.7155571810683,0.0,1200.0,1207.4085,3,3,7
state_only,2025-04-10,60083.845018628395,179.06657753333312,36498.891603188706,300.547145327964,911.0155454374318,37710.4542939541,1637.1961026954789,0.0,1207.4085,1350.9748491481487,3,3,9
state_only,2025-04-11,25997.67940672414,701.8790989000017,12992.178371365588,348.3118127525604,2930.1335782849865,16270.623762403135,0.0,18994.368733333333,1350.9748491481487,1200.0,3,2,16
state_only,2025-04-12,27056.118141807958,3.593762833332323,13650.895923020362,63.748779224340296,7.618777206664525,13722.263479451367,474.08482166666715,14958.677374279834,1200.0,1230.903251814815,3,2,1
state_only,2025-04-13,58260.00551586042,122.49618953333186,35680.94489713833,1173.1934891806313,635.0971798529388,37489.2355661719,280.1760502880679,0.0,1230.903251814815,1306.7812120740741,3,3,6
state_only,2025-04-14,60059.339215558844,231.81786833333177,36363.077290181805,592.4310942508715,1616.240087679989,38571.74847211267,3019.1434450411525,1152.9376638065814,1306.7812120740741,1237.4250798148148,3,2,2
state_only,2025-04-15,53952.63132694102,357.499032866666,33192.86820305994,1054.9099487967776,2266.384023904061,36514.16217576077,138.20133999999985,161.69240291495365,1237.4250798148148,1331.3362253333335,3,3,6
state_only,2025-04-16,59439.630636845264,315.42691506666586,35696.653671544394,1185.8775888894409,1646.1725562963773,38528.70381673021,339.45590555555566,0.0,1331.3362253333335,1200.0,3,3,12
state_only,2025-04-17,55860.392672740054,841.8678391000043,34480.271941603685,1009.9839677015336,4749.67004638058,40239.9259556858,49.031629999999836,0.0,1200.0,1415.8854369629635,3,3,8
state_only,2025-04-18,25631.72601854019,124.72781796666314,12603.506028392434,154.42362540292854,544.5277159339103,13302.457369729273,35.469228847735764,16855.751967777775,1415.8854369629635,1377.6286567037034,3,1,4
state_only,2025-04-19,25688.054919275033,140.3387322000012,12466.587860315309,194.22536218303466,510.50867732777226,13171.321899826116,0.0,16523.768260809324,1377.6286567037034,1329.492702925926,3,2,4
state_only,2025-04-20,55756.004937982296,0.0,34476.677276672744,1270.5456503998405,0.0,35747.22292707259,124.1231666666664,0.0,1329.492702925926,1287.6207259814823,3,3,0
state_only,2025-04-21,57289.21234696157,429.611135066667,33925.449090673355,451.37204129895963,2097.205000634469,36474.026132606785,2029.72437916322,3566.3153365157823,1287.6207259814823,1264.148758555555,3,3,12
state_only,2025-04-22,55307.6380837216,278.7210228333349,34442.24948437688,1624.0557235478386,1335.9936063809753,37402.298814305694,39.62306333333356,0.0,1264.148758555555,1200.0,3,2,12
state_only,2025-04-23,54270.215032526816,305.8202266111125,34918.91457875185,2398.5497957326634,1659.3948424964528,38976.85921698097,20.249000000000137,0.0,1200.0,1285.0162261111107,3,2,7
state_only,2025-04-24,51943.209107749106,226.07934023333462,31230.80313707474,204.5081447764519,1474.4653335341259,32909.77661538532,128.1444649999995,1279.316182647461,1285.0162261111107,1297.4320546296296,3,2,4
state_only,2025-04-25,24816.098830631963,294.3523706222205,12154.509263724394,30.039275268000775,1189.6185835899864,13374.167122582381,364.33257999999944,20344.31564944444,1297.4320546296296,1234.9488,3,1,10
state_only,2025-04-26,24898.516972099726,364.4905546333301,12184.214504622898,111.65312250525024,1562.839465682217,13858.707092810364,0.0,22767.918739218105,1234.9488,1210.0224,3,2,9
state_only,2025-04-27,51808.310937517,1124.2434924333334,31752.987504639776,778.5526342023173,6277.218822648398,38808.758961490494,157.13229055555382,574.680283333332,1210.0224,1218.3584313333333,3,3,9
state_only,2025-04-28,62245.13378567901,307.4239134999971,36465.75474976707,541.8613541536516,1711.446975501729,38719.06307942245,1996.9465653292195,0.0,1218.3584313333333,1325.115718481481,3,3,9
state_only,2025-04-29,52788.425355714186,255.81344166666725,32378.68749757429,925.8048147762115,1784.5545690666706,35089.04688141717,428.2308472222221,1626.5394727777757,1325.115718481481,1430.080346666667,3,3,1
state_only,2025-04-30,50042.926724421595,1216.0923964944438,30781.587283977777,533.4280093176164,6669.7442520752375,37984.75954537063,27.395636666666633,0.0,1430.080346666667,1237.362582296296,3,3,12
state_only,2025-05-01,52063.76842418525,3404.3794033333306,31946.099760793764,490.88214783774555,17478.539510645816,49915.52141927733,172.1011944855956,713.8226416666614,1237.362582296296,1200.0,3,3,28
state_only,2025-05-02,26662.66741674664,2146.9189933333305,13470.662897264678,302.41894791047315,10357.829973035687,24130.911818210836,0.0,11966.082108367626,1200.0,1200.0,3,2,20
state_only,2025-05-03,25739.11461124458,2337.6337983333324,12640.33332987774,272.19733599162674,12180.316535962495,25092.84720183186,11.983693333333235,16729.796272839503,1200.0,1200.0,3,2,22
state_only,2025-05-04,54272.32354848422,2450.1905883333307,32466.98052013407,588.3361397593337,12674.046182920814,45729.36284281422,412.3394725582994,1136.0744827777742,1200.0,1200.0,3,3,22
state_only,2025-05-05,56644.506264357886,2199.608905000001,34586.47595862297,678.3108281450757,11413.795354692505,46678.58214146055,115.96183333333295,0.0,1200.0,1200.0,3,3,22
state_only,2025-05-06,51680.46094429197,4436.504873333335,32472.66593427384,1461.0775648537558,22883.189388120012,56816.9328872476,9.09349333333364,0.0,1200.0,1200.0,3,2,34
state_only,2025-05-07,55394.32116441461,3038.3646533333326,34882.444900348324,1656.3247893316188,15951.250712236662,52490.02040191661,43.353070000000116,0.0,1200.0,1200.0,3,3,27
state_only,2025-05-08,57983.25551833053,2028.2483983333318,34860.56013918069,1222.5469178665126,10644.10184837749,46727.2089054247,310.10902289438127,280.2488166666697,1200.0,1200.0,3,3,22
state_only,2025-05-09,25709.58457864143,1764.6583638333325,12815.057494746952,480.2929008296099,9985.434527203332,23280.784922779894,5.091333333333296,16384.505216666665,1200.0,1300.9982280000002,3,2,21
state_only,2025-05-10,25457.952823149655,2020.066538333334,12653.858816291824,403.5747798455311,10016.186770220838,23073.62036635819,13.245946666666782,12948.383018463646,1300.9982280000002,1229.8538331851853,3,2,19
state_only,2025-05-11,56751.44846738477,2272.8888599666643,34221.73942812362,1312.164009114502,12519.436137447885,48053.339574686004,11.606264444444491,0.0,1229.8538331851853,1200.0,3,3,21
state_only,2025-05-12,53010.38576494732,1784.6619392222242,34332.891216708114,2782.9082247659326,10174.758825323957,47290.558266798005,14.785147777777752,0.0,1200.0,1208.2536,3,3,24
state_only,2025-05-13,57401.85089822222,1557.9171843000004,34426.25598973162,1464.6024339381024,9053.173499454902,44944.031923124625,373.25700777777786,1907.7770518930095,1208.2536,1230.100809,3,3,17
state_only,2025-05-14,57716.13725600822,1625.740325000001,34440.31691627901,708.5504028968812,8519.103702079172,43667.971021255056,1728.7363913100119,1008.8413641632366,1230.100809,1200.0,3,3,21
state_only,2025-05-15,56025.554465413996,897.7048764666654,34461.53241715073,549.2623667608754,4046.4659747046585,39057.26075861627,504.44517068586816,0.0,1200.0,1200.0,3,2,18
state_only,2025-05-16,24816.7596847738,1558.5326676000022,12370.224333848559,62.74880963629132,6363.392814450881,18796.365957935734,143.30175666666713,21182.393099999998,1200.0,1200.0,3,1,23
state_only,2025-05-17,25303.450157377087,1851.2527249999994,12797.898983282636,394.9410796064804,9505.56165841749,22698.401721306604,18.314841666666666,14399.266349999998,1200.0,1200.0,3,2,26
state_only,2025-05-18,58120.76136829739,1245.8017779666661,34343.3305999424,771.4618248873782,6341.55719474968,41456.34961957946,1119.3013174691357,932.5584449999989,1200.0,1200.0,3,3,20
state_only,2025-05-19,53011.08157467922,1333.0209976833314,31927.101133910703,549.9562860766257,7370.766481210888,39847.823901198215,66.65301000000034,3306.2731766735365,1200.0,1200.0,3,3,18
state_only,2025-05-20,55859.488536173456,1622.4763840333335,36057.424413877394,2525.720003972278,8644.606313249853,47227.75073109953,20.30333999999982,0.0,1200.0,1200.0,3,3,19
state_only,2025-05-21,52314.28728461797,2157.883884011111,33414.109291841516,1860.3943252060399,11327.755397350407,46602.25901439796,58.00103666666678,0.0,1200.0,1200.0,3,3,25
state_only,2025-05-22,53577.19257611906,658.418530333336,33629.71564356391,807.175858781239,4120.097903156354,38556.9894055015,93.68077333333349,0.0,1200.0,1232.3361753703705,3,2,8
state_only,2025-05-23,25192.67278634513,991.9640166666641,12623.551709009718,340.69556784770066,5217.902607766651,18182.149884624072,0.0,17412.256897674895,1232.3361753703705,1229.6325002592591,3,2,16
state_only,2025-05-24,25233.69465086584,965.830507622223,12703.47684458149,139.9044099405214,4398.1232360973945,17241.504490619405,216.5575505555558,19952.294533333334,1229.6325002592591,1219.7667,3,1,22
state_only,2025-05-25,53650.44764748972,1053.9943027666677,32665.94473580454,806.7571349650382,5893.035231148221,39365.737101917795,69.08901000000014,2633.048107427989,1219.7667,1322.0274720000002,3,3,15
state_only,2025-05-26,56031.2391221035,1637.3102290499978,35757.640267107075,2334.009229366734,9020.74951560372,47112.39901207753,162.11388666666642,0.0,1322.0274720000002,1231.6051011481482,3,3,16
state_only,2025-05-27,50467.1146424788,1988.5385013666662,31437.559030462864,799.1691769261545,11049.085144440396,43285.81335182942,69.54074666666634,0.0,1231.6051011481482,1200.0,3,3,22
state_only,2025-05-28,55269.23065672407,669.0126476499968,33389.69008451534,912.0003355274089,3704.0737346909746,38005.764154733726,43.2690799999998,0.0,1200.0,1203.4295375185186,3,3,13
state_only,2025-05-29,57231.81443472304,541.4004336333326,35963.63967772344,1784.6728916383413,3666.2229871953264,41414.53555655711,42.8272533333336,0.0,1203.4295375185186,1305.3856290370368,3,3,6
state_only,2025-05-30,25730.974041616595,563.8554102888909,13308.447146157872,270.96001351543975,2392.407029290174,15971.814188963486,0.0,17365.810433333332,1305.3856290370368,1273.2378179999996,3,2,13
state_only,2025-05-31,27773.832975867557,253.21100222222486,14431.4658212402,132.6419821846394,1515.5624041044605,16079.6702075293,1186.2525983333333,16024.729821728395,1273.2378179999996,1213.8490477777761,3,1,3
state_only,2025-06-01,73844.2482340598,4197.120400555555,44684.779469599205,1164.643355750023,20143.667540801656,65993.09036615088,2801.6118239643333,0.0,1213.8490477777761,1200.0,3,3,33
state_only,2025-06-02,73546.8359702812,3931.1220233333315,45964.104136095644,2215.570585947409,18584.614388698323,66764.28911074137,4897.213846714674,99.32638333333352,1200.0,1200.0,3,3,29
state_only,2025-06-03,68412.02145546563,3813.499375000002,43256.75309502754,2937.2481917799837,18514.502683540846,64708.50397034836,166.7771222222226,62.883429444437326,1200.0,1200.0,3,3,26
state_only,2025-06-04,75060.4849917225,3716.900905,46978.07313527637,2279.221967178078,17784.003709579167,67041.29881203361,5467.628565960224,316.77374999999984,1200.0,1200.0,3,3,29
state_only,2025-06-05,71548.44426443518,3700.036963333333,45934.4295034797,3825.7201659059533,17749.04987181,67509.19954119564,332.767506454048,0.0,1200.0,1200.0,3,3,25
state_only,2025-06-06,31588.751691836213,3880.3162185515544,18282.700868329714,1398.9252096542305,17744.175736925667,37425.80181490961,0.0,2166.419333333338,1200.0,1200.0,3,2,42
state_only,2025-06-07,32250.367558587102,3275.4918166666657,17492.467808478355,1815.8881299450454,16194.641456139996,35502.9973945634,84.24990000000014,1559.6103699039763,1200.0,1200.0,3,3,23
state_only,2025-06-08,66789.71803648332,2803.2227700000003,42688.42396219882,3045.434544812544,13120.193607320005,58854.052114331374,954.7760588888905,0.0,1200.0,1200.0,3,3,26
state_only,2025-06-09,73413.54002281418,2698.9004033333335,45617.96772191167,1580.753457098468,13090.074144096667,60288.79532310681,1057.526061666666,249.94673333333333,1200.0,1200.0,3,3,30
state_only,2025-06-10,72417.34932145555,3179.4723413888896,45657.56639552434,2362.164580794313,14929.685068000284,62949.41604431894,26.653895555555778,0.0,1200.0,1200.0,3,3,31
state_only,2025-06-11,76517.56968970122,3938.649626966665,47822.40683198157,1272.6523563336627,19017.013168178295,68112.07235649353,95.78088030863896,0.0,1200.0,1200.0,3,3,38
state_only,2025-06-12,74040.4980809183,2511.5081516666687,46933.97264886921,2228.207321575677,12205.508099287512,61367.688069732394,145.1990533333336,0.0,1200.0,1200.0,3,3,27
state_only,2025-06-13,31448.378116950273,2608.376870000001,17827.95847227092,1180.2990712920348,12979.200960640006,31987.45850420296,0.0,3213.8563697393733,1200.0,1200.0,3,2,23
state_only,2025-06-14,30868.711125657814,3008.9085953500016,17609.627832479335,980.1667686540685,13128.05410132356,31717.848702456962,0.0,5311.8380000000025,1200.0,1200.0,3,2,39
state_only,2025-06-15,73289.3005372578,1857.8166249333315,46842.104245060626,2888.9214495805636,8039.357898593374,57770.38359323456,503.40074611111083,0.0,1200.0,1200.0,3,3,28
state_only,2025-06-16,74028.13973735596,3062.055152333335,45870.14333333077,1502.3781909986449,15584.78023556371,62957.301759893126,88.07914166666683,0.0,1200.0,1200.0,3,3,33
state_only,2025-06-17,76434.05579941008,2696.1601597888875,47745.347794832036,1773.455213464384,12792.50291270156,62311.30592099798,127.945961666666,0.0,1200.0,1200.0,3,3,39
state_only,2025-06-18,75260.24586199383,1763.9568163666677,46326.00702916503,1067.7648509058565,8583.327956120644,55977.09983619153,1946.2449440672153,0.0,1200.0,1200.0,3,3,27
state_only,2025-06-19,70094.33525547633,2044.720595933333,45219.41291664564,3049.613433611812,10815.140383898131,59084.16673415559,297.2338666666667,0.0,1200.0,1200.0,3,3,25
state_only,2025-06-20,30560.035406054933,1666.4619449999993,16984.554917273923,199.214258332465,7297.448845634997,24481.218021241384,9.375067366252336,7376.840426666666,1200.0,1200.0,3,2,23
state_only,2025-06-21,31103.92755324904,1225.7784338666659,17198.06317316525,483.90787475268894,5451.330201103982,23133.30124902192,178.93179444444473,10340.339756234567,1200.0,1233.5919,3,2,19
state_only,2025-06-22,70276.48966678724,1002.6142856666645,44773.51531284537,2516.627367992944,4803.193458590783,52093.33613942909,181.14390999999966,0.0,1233.5919,1200.0,3,3,22
state_only,2025-06-23,69931.76721142777,1160.4849599666663,44797.07508098582,1840.2061043648214,5399.564309631632,52036.84549498228,157.58277444444445,0.0,1200.0,1200.0,3,3,26
state_only,2025-06-24,81704.19855085555,1243.4849429277765,50868.16241289902,584.0054502980688,5635.332142148229,57087.500005345326,2174.6992752400593,0.0,1200.0,1200.0,3,3,27
state_only,2025-06-25,73125.62034508244,1145.5698317666665,47095.00761160543,3053.224786487603,5710.831040271664,55859.063438364705,273.60540888888875,0.0,1200.0,1200.0,3,3,21
state_only,2025-06-26,69945.01118097962,1218.5590667666693,45737.4826303083,2535.4939726216344,5368.245950064281,53641.222552994215,210.36763944444374,0.0,1200.0,1200.0,3,3,24
state_only,2025-06-27,32313.518211875715,831.5351319666636,17930.623231535963,76.14539426412507,4039.2444540364627,22046.01307983655,904.9412222222222,9980.08004767819,1200.0,1200.0,3,2,18
state_only,2025-06-28,31284.88211814129,739.8284659333342,17348.02531485414,128.4271130490061,2599.4842301594103,20075.936658062557,13.085945123455708,7760.334566666665,1200.0,1200.0,3,1,22
state_only,2025-06-29,72333.5373882395,484.1150167833343,47874.281598720445,3698.418967440897,2903.7889827651884,54476.48954892653,34.49853388888869,0.0,1200.0,1365.8812187407405,3,3,7
state_only,2025-06-30,74073.8113446714,592.681498649997,45561.53371680477,259.87353203857515,2092.3542281700156,47913.76147701336,761.9607370374497,0.0,1365.8812187407405,1200.0,3,3,16
state_only,2025-07-01,76524.47839958333,5531.210102955554,52405.26572130318,6663.628472795225,26474.108668707,85543.0028628054,0.0,0.0,1200.0,1200.0,3,3,38
state_only,2025-07-02,70831.48125932785,5162.090114188888,48037.188624121074,5260.7703834996155,24873.807081972183,78171.76608959287,0.0,0.0,1200.0,1200.0,3,3,33
state_only,2025-07-03,78455.01699170678,4985.984587866664,52042.800929261146,4967.551377953396,23576.248028909984,80586.60033612452,0.0,0.0,1200.0,1200.0,3,3,32
state_only,2025-07-04,32479.541447812073,8467.91182504348,19143.962443858625,1495.5587114474174,32095.0030886754,52734.52424398145,0.0,9760.98953333333,1200.0,1200.0,3,2,60
state_only,2025-07-05,34058.60890710562,7449.410057877778,20370.180376650853,1834.0357641376092,28575.15469548814,50779.370836276605,0.0,10363.689966666665,1200.0,1200.0,3,2,58
state_only,2025-07-06,76097.12211687297,7185.154753333333,51457.16587682289,5714.274074985672,36794.24507929939,93965.68503110795,0.0,0.0,1200.0,1200.0,3,3,39
state_only,2025-07-07,71244.85716790213,5851.0041977777755,45092.82344545909,2438.637766469905,28927.799660223875,76459.26087215287,0.0,0.0,1200.0,1200.0,3,3,37
state_only,2025-07-08,76954.68082256887,3632.3264895555553,49883.86551755766,2918.582421608835,18038.100052702775,70840.54799186927,704.0117433333328,430.6139077777799,1200.0,1200.0,3,3,36
state_only,2025-07-09,75439.47654995618,3273.227299366665,47484.68401356413,1881.348409796295,16508.142648184326,65874.17507154476,601.8104127366271,0.0,1200.0,1200.0,3,3,31
state_only,2025-07-10,71710.86375803305,4809.559928333334,47074.52881505748,3179.062468751279,23805.390458268335,74058.98174207709,3.840666666666607,0.0,1200.0,1200.0,3,3,37
state_only,2025-07-11,36332.51332956104,5069.8902518222185,21395.13282189603,772.6477726904468,19430.78362600724,41598.56422059372,148.93938944444437,6281.638466666668,1200.0,1200.0,3,2,51
state_only,2025-07-12,36222.9197313443,5247.958618544443,21718.78771515156,1456.6156029263332,20644.921038942568,43820.324357020465,0.0,8016.247499999998,1200.0,1200.0,3,2,55
state_only,2025-07-13,72991.79435358477,3008.8485116666675,46533.94121763637,1071.4796044889126,14714.240866150007,62319.66168827529,2795.1787659876545,0.0,1200.0,1200.0,3,3,30
state_only,2025-07-14,72080.78219963888,3935.350256666665,46641.04197095239,3099.8619637892166,19796.765848538325,69537.66978327994,524.1163661111128,0.0,1200.0,1200.0,3,3,33
state_only,2025-07-15,75050.37008234643,1827.6891052999997,47352.48336765112,1508.8556283693283,9937.332360769897,58798.67135679034,300.5343216666672,0.0,1200.0,1200.0,3,3,24
state_only,2025-07-16,73516.35419887982,1918.4624036111118,49032.75459256394,2802.5791730575615,8826.470441144447,60661.80420676595,0.8886666666667224,0.0,1200.0,1200.0,3,3,25
state_only,2025-07-17,73820.86895093888,2495.368913772223,49624.36000330758,3874.265142483221,11522.411625192335,65021.03677098313,0.0,0.0,1200.0,1200.0,3,3,27
state_only,2025-07-18,37852.09669764746,3075.2396705055567,22633.22564283664,790.8288345247549,12016.586624393081,35440.64110175448,1008.2141233333334,6251.535166666666,1200.0,1200.0,3,2,45
state_only,2025-07-19,37706.168317796015,3915.9984785722227,22448.053487872727,447.5775808914867,15534.539507535585,38430.1705762998,1118.206679999999,11004.212350000002,1200.0,1200.0,3,2,48
state_only,2025-07-20,76166.00178576131,2020.8863522777801,47666.21982194601,1755.830931861357,9653.271450213902,59075.32220402127,1513.1454839097219,495.18293765431906,1200.0,1200.0,3,3,30
state_only,2025-07-21,75861.4958464782,2243.9035619833307,47840.054153697565,1187.085567980964,11055.640946232212,60082.78066791074,153.7459694444442,0.0,1200.0,1200.0,3,3,32
state_only,2025-07-22,76679.33528108285,1165.979786666665,49436.94726259743,2210.166083437223,5425.411852966655,57072.525199001306,121.22430222222215,0.0,1200.0,1200.0,3,3,25
state_only,2025-07-23,80574.47852032537,1351.3353422999999,51092.153250602525,1012.2858128911241,6819.108469749181,58923.54753324283,2829.8445645130337,983.4525017695474,1200.0,1200.0,3,3,24
state_only,2025-07-24,80825.1003135871,707.2192434166666,51295.081114364,1008.800460062142,2862.930748737681,55166.812323163824,3892.3274798079588,80.49678333333327,1200.0,1200.0,3,3,23
state_only,2025-07-25,37848.31449917695,1779.2907884000012,22408.471415887536,600.7964843752787,7994.443527494481,31003.711427757295,217.95988975308603,10495.534583333329,1200.0,1200.0,3,2,32
state_only,2025-07-26,38613.74875494472,1463.3282907333326,22762.645153854282,926.4074946132587,7882.893700394192,31571.946348861733,13.526053333333266,9101.197049999995,1200.0,1200.0,3,2,18
state_only,2025-07-27,77008.59900736666,1105.0437217666658,50993.801533817765,3468.428932858443,5433.314294114808,59895.54476079102,726.8961433333334,0.0,1200.0,1200.0,3,3,19
state_only,2025-07-28,80260.10002709547,2058.830885399999,50870.90288238339,1729.1122476265057,9786.910200042808,62386.925330052705,154.04629135802315,0.0,1200.0,1208.286,3,3,31
state_only,2025-07-29,79595.40345161378,758.1885774777776,50676.27829670668,1489.2482880129344,4240.864437064142,56406.391021783755,225.7017311111107,0.0,1208.286,1233.9078558148146,3,3,15
state_only,2025-07-30,76262.05935412798,1327.0136520499989,51771.5912325487,4024.2054173654838,7176.074572989244,62971.87122290343,83.46744000000024,0.0,1233.9078558148146,1321.1678354444443,3,3,14
state_only,2025-07-31,78453.99582657071,456.39270708333106,51443.649473635654,2817.5925837743043,2908.8634033385256,57170.105460748484,267.31824333333316,0.0,1321.1678354444443,1334.9052388148148,3,3,9
state_only,2025-08-01,39387.606622342515,390.7798454222253,23521.410352689847,468.845606591718,2603.3948624296763,26593.650821711242,823.7234872222223,15181.781333374483,1334.9052388148148,1410.7304295925928,3,2,4
state_only,2025-08-02,39384.21526808409,436.971046666665,23208.83119909072,50.39242795561623,2942.8146736699887,26202.038300716325,1056.7023388888883,15168.03789382716,1410.7304295925928,1536.3781285925927,3,2,3
state_only,2025-08-03,64794.67276019649,1291.4803048500028,42500.708812855875,872.7960086557736,6613.842496122381,49987.34731763403,165.46089094650267,0.0,1536.3781285925927,1215.2858265185182,3,2,25
state_only,2025-08-04,68973.13131995061,241.5350369333317,44559.22673138053,281.38497149952974,745.9460866950631,45586.55778957512,104.84471222222248,0.0,1215.2858265185182,1200.0,3,3,12
state_only,2025-08-05,70348.56083773653,0.0,45008.240182594236,308.27284440595184,0.0,45316.51302700019,949.501007119341,0.0,1200.0,1661.1929490370376,3,3,0
state_only,2025-08-06,77528.65961427297,0.0,50207.45183837458,204.90672815545093,0.0,50412.358566530034,5491.071675267488,74.16159611111347,1661.1929490370376,1756.3707711790141,3,2,0
state_only,2025-08-07,75661.75869026768,38.83182999999997,47679.697026677975,671.0087770683881,262.2668841749998,48612.97268792136,3724.3607063305853,5040.02590218107,1756.3707711790141,1651.572073685184,3,3,2
state_only,2025-08-08,39835.00778628944,0.0,23293.401784561032,3.677452567500426,0.0,23297.07923712853,221.4771554595335,20972.71395061042,1651.572073685184,1964.554985148151,3,1,0
state_only,2025-08-09,39613.53067046638,0.0,23432.156639122117,7.664198165002745e-14,0.0,23432.156639122117,445.88593499999996,17899.441737956102,1964.554985148151,1844.2163495555544,3,0,0
state_only,2025-08-10,72450.50039707818,2.1409866666665494,46532.0356756836,176.343474241108,14.935522986665848,46723.314672911365,2845.1513987448616,868.8017416666646,1844.2163495555544,1731.9232615555566,3,2,1
state_only,2025-08-11,69614.00289650884,79.21310999999992,44797.18633943331,868.1945652613679,534.3054654399995,46199.686370134674,608.6124543621362,984.992111666671,1731.9232615555566,1511.1819875185215,3,3,4
state_only,2025-08-12,75775.12923121988,64.44657396666578,48028.52365018678,514.7530377787465,420.22436095079365,48963.50104891632,2748.963854094653,1746.3874433333322,1511.1819875185215,1526.8823019629622,3,3,5
state_only,2025-08-13,70221.87248750494,29.918416666666417,45586.779592617284,1140.298716674816,206.60576816666497,46933.68407745876,449.0245148971177,0.0,1526.8823019629622,1760.0374571481507,3,3,2
state_only,2025-08-14,71937.66424129628,51.76306333333309,46097.46105471406,421.00952117176774,356.0471071433317,46874.51768302917,2094.8604391426643,65.87240773662582,1760.0374571481507,1630.514188185188,3,2,3
state_only,2025-08-15,40361.15578161865,0.0,24012.605073983043,4.2939291233778935e-12,0.0,24012.605073983046,1208.1398366666663,19232.854462887517,1630.514188185188,1798.8483893703715,3,0,0
state_only,2025-08-16,41486.63754951989,85.81286968888939,25317.29068300769,1.5350565263361204e-13,344.6357637612465,25661.926446768935,3104.74804,19137.14643333333,1798.8483893703715,1680.4197509999974,3,0,2
state_only,2025-08-17,71381.75063263683,128.49494093333567,45503.48559469761,818.7015509801497,876.3964749334904,47198.58362061125,1502.5603998971196,3230.6575740740714,1680.4197509999974,1620.2726293703697,3,3,6
state_only,2025-08-18,70219.16327986502,149.67120999999997,45267.314566745925,316.6794354189644,1013.7290469233332,46597.72304908822,1296.7360893347068,566.0169832098819,1620.2726293703697,1920.948836037038,3,2,5
state_only,2025-08-19,68847.27048642661,135.87763666666683,44297.73196559565,190.62740805901817,916.5837558383345,45404.943129493004,875.4358252057622,581.7799440329218,1920.948836037038,1498.9073245925917,3,2,5
state_only,2025-08-20,79648.6279681609,121.7818098111086,49894.67971751504,355.5340773807412,685.7713682262429,50935.98516312202,3910.9926838271667,1018.8986794444445,1498.9073245925917,1514.8584734259266,3,3,5
state_only,2025-08-21,72289.46387072017,117.09991214999862,45848.08727646577,541.9187785948394,783.1778212393901,47173.1838763,1845.0920597530896,1150.5824522633725,1514.8584734259266,1527.4532922222215,3,2,5
state_only,2025-08-22,39792.9613524072,457.7929564777779,23628.758944978068,30.319899394099117,2309.3291766629222,25968.40802103509,681.9451983333337,15811.60768333333,1527.4532922222215,1474.564911,3,1,13
state_only,2025-08-23,39613.114386296635,11.898542866667277,23287.90364446601,297.65962180164195,46.19014340840237,23631.753409676054,11.481163333333257,14581.209598779147,1474.564911,1390.85961862963,3,1,1
state_only,2025-08-24,70436.07358332648,1.6023633333334146,45507.71850204242,210.26581056446037,10.794320595000547,45728.77863320188,1323.7124083813446,1213.10107222222,1390.85961862963,1579.1896689259254,3,2,1
state_only,2025-08-25,88150.75238796296,47.70574666666653,56397.67042490907,898.7272806932029,321.5378968083324,57617.9356024106,12086.95411528806,1573.6054500000002,1579.1896689259254,1681.3649545802468,3,2,4
state_only,2025-08-26,70299.1761066941,0.0,45754.46306551977,73.51945919347148,0.0,45827.98252471324,504.66097465020374,0.0,1681.3649545802468,2003.6478891234601,3,2,0
state_only,2025-08-27,71866.50757891838,37.52066666666701,47329.3331339307,1169.6752311897446,252.93957766666898,48751.94794278711,684.6305310425215,0.0,2003.6478891234601,1623.5505385308677,3,3,2
state_only,2025-08-28,74710.66047999512,83.50860659999796,49438.86575765815,2402.3297511667097,580.3139525015857,52421.50946132645,590.460201412893,0.0,1623.5505385308677,1469.63366774074,3,3,2
state_only,2025-08-29,41957.004854224964,0.0,25008.162531531703,7.469314056152142e-13,0.0,25008.162531531703,1459.6215083333327,15089.402701015088,1469.63366774074,1541.5567437037023,3,0,0
state_only,2025-08-30,40647.17336450274,16.737323799998556,24181.01817783355,0.6969172526254338,35.48312645599694,24217.198221542174,943.7281626748975,18920.40497653635,1541.5567437037023,1227.8728350000004,3,1,1
state_only,2025-08-31,72598.21331133744,34.62465999999995,46556.20972888228,604.8823351099254,235.75141351499963,47396.8434775072,1111.5024730109792,0.0,1227.8728350000004,2041.0536225740725,3,2,2
state_only,2025-09-01,76104.76863244464,0.0,48179.68803255509,907.0882705109998,0.0,49086.776303066086,10239.55265417695,5313.396333628262,2041.0536225740725,5629.971296074074,3,2,0
state_only,2025-09-02,64533.02300120027,0.0,42026.46391617264,338.2306452197779,0.0,42364.69456139242,5745.02337171468,1354.0358922222256,5629.971296074074,5570.3658437777785,3,2,0
state_only,2025-09-03,68591.87230193416,0.0,44801.00982940542,485.7758247278043,0.0,45286.78565413322,7147.026204423867,3218.7344484224936,5570.3658437777785,5218.324985888888,3,2,0
state_only,2025-09-04,67972.20060785321,0.0,45027.455482454636,263.89470482149824,0.0,45291.35018727613,8441.07995283265,1899.4143155555548,5218.324985888888,5419.459001851853,3,2,0
state_only,2025-09-05,36508.247651666665,0.0,22570.93576666233,4.387118224258302e-13,0.0,22570.93576666233,2538.0027283333334,24449.13418902606,5419.459001851853,5629.192727259257,3,0,0
state_only,2025-09-06,36073.59405546667,0.0,22160.068547148658,5.016261184209725e-13,0.0,22160.068547148658,1954.9010766666665,23570.005943004115,5629.192727259257,5951.274860407409,3,0,0
state_only,2025-09-07,65860.45744045266,0.0,43256.02854537662,175.1972058609341,0.0,43431.22575123755,6865.277009286694,740.5773522222231,5951.274860407409,5742.661705000001,3,2,0
state_only,2025-09-08,69598.37661242798,0.0,44859.64845959589,462.54009170183895,0.0,45322.18855129773,6214.484132400549,1615.6372833333332,5742.661705000001,4818.285106814818,3,2,0
state_only,2025-09-09,61735.005347133054,0.0,40522.333281553125,1.4731540431967003e-13,0.0,40522.333281553125,2303.373244622777,2773.3280788065895,4818.285106814818,4786.287876925929,3,0,0
state_only,2025-09-10,72594.38143087791,0.0,46245.81392068705,357.92625354147737,0.0,46603.74017422852,7106.3732471810745,731.5815999999999,4786.287876925929,4596.137299259258,3,2,0
state_only,2025-09-11,72568.38496269548,0.0,46917.016849559725,184.19363145125297,0.0,47101.210481010974,11220.434574012346,4087.1880666666666,4596.137299259258,4802.636300481483,3,2,0
state_only,2025-09-12,35734.26919515089,0.0,21623.89769300691,9.18549858397455e-13,0.0,21623.89769300691,1656.4311294444442,19928.264309471877,4802.636300481483,5026.930571740737,3,0,0
state_only,2025-09-13,35393.77357043334,0.0,21409.1187752883,1.600312771188328e-12,0.0,21409.1187752883,977.0798016666663,23636.712623470507,5026.930571740737,5391.962916111113,3,0,0
state_only,2025-09-14,73509.95446820301,0.0,48194.24963919385,813.5005823335614,0.0,49007.75022152741,8169.646541700957,3071.246745617287,5391.962916111113,4487.262961666669,3,2,0
state_only,2025-09-15,62375.67948582304,467.85317500000065,40625.726279510156,13.325822283139344,2435.8610708083365,43074.913172601635,3712.7594223045267,759.210650000001,4487.262961666669,3986.8046280000012,3,1,5
state_only,2025-09-16,73760.40128571329,0.0,46942.98350348998,480.25583763043346,0.0,47423.23934112042,8701.96404719478,2351.679874855966,3986.8046280000012,3583.537819518517,3,2,0
state_only,2025-09-17,72381.68591578188,119.19006399999893,46538.14798320282,155.81937986683417,577.1369916639946,47271.10435473365,7847.754545761317,761.8647416666623,3583.537819518517,3671.1311783703704,3,2,5
state_only,2025-09-18,65704.446743786,514.4310933333311,42495.78101448998,558.9659295312778,2589.480379466655,45644.22732348791,3490.6527969547246,0.0,3671.1311783703704,3584.4390132962976,3,2,4
state_only,2025-09-19,35637.10139839506,0.0,21256.626635166478,3.0304363463073974e-13,0.0,21256.626635166478,1355.9294977777784,14735.538712551435,3584.4390132962976,4492.4967212962965,3,0,0
state_only,2025-09-20,35086.887713196156,0.0,21077.476960930286,8.61280113895191e-13,0.0,21077.476960930286,1391.443958333333,15365.232652002745,4492.4967212962965,4610.036978314817,3,0,0
state_only,2025-09-21,67954.53365512345,0.0,43879.4530686694,455.8340041760001,0.0,44335.2870728454,5251.076609547321,1755.1756305898462,4610.036978314817,3822.1116186296304,3,2,0
state_only,2025-09-22,72722.32331095335,80.4354383333319,46385.5388785397,40.45935399583384,405.0871282591594,46831.0853607947,7490.722526344303,1806.6363094444453,3822.1116186296304,2889.0294006666663,3,2,2
state_only,2025-09-23,71978.27799592592,6.375,45655.57390430153,67.49461573443787,42.996187500000005,45766.06470753597,4853.800234053502,922.5050383333362,2889.0294006666663,2974.080832481482,3,2,1
state_only,2025-09-24,66062.65323021008,137.42646666666403,43633.159299182094,1559.6294363629745,674.2147019666536,45867.00343751172,1066.1587763786001,0.0,2974.080832481482,3455.8738521481464,3,3,3
state_only,2025-09-25,66460.41155241425,13.417000000000144,42707.77661593496,318.97533223023987,90.33666100000097,43117.08860916521,2853.762881349128,87.3244188888906,3455.8738521481464,2894.028507111112,3,2,1
state_only,2025-09-26,35765.0507437037,0.0,21029.75288107994,9.0989829004684e-13,0.0,21029.75288107994,2093.21823,12566.177415555552,2894.028507111112,3654.0948896296322,3,0,0
state_only,2025-09-27,33855.41208374486,0.0,19766.712647261636,2.3761131728861075e-12,0.0,19766.71264726164,326.21659631001273,13571.754574444438,3654.0948896296322,3138.009334888891,3,0,0
state_only,2025-09-28,68945.42511558991,79.43468474444118,43842.81100989775,214.63258774983004,377.8842489310624,44435.32784657864,1620.5653732716114,0.0,3138.009334888891,3069.0315226481443,3,3,2
state_only,2025-09-29,69635.01867855966,26.015016666666725,44225.056236217766,37.567645091040575,134.7362566666671,44397.36013797548,3367.528973765429,524.7786094444396,3069.0315226481443,2144.99371562963,3,2,2
state_only,2025-09-30,72206.7291679218,1492.061175166665,46249.00210916666,990.757503340822,7673.875260693241,54913.63487320072,4011.9396832510265,0.0,2144.99371562963,2256.9679354814784,3,2,9
state_only,2025-10-01,63304.33986938272,0.0,40223.77883269533,443.23103829555583,0.0,40667.009870990885,4041.1239279423894,3795.1765450617304,2256.9679354814784,4166.951409925925,3,2,0
state_only,2025-10-02,67926.7432486694,0.0,43725.86754895348,568.2230228483891,0.0,44294.09057180187,7382.257343689983,5219.110787962962,4166.951409925925,4315.1878990000005,3,2,0
state_only,2025-10-03,30077.627877935523,0.0,17165.88687297146,1.8296191228728276e-13,0.0,17165.88687297146,528.670058703703,18750.509386310012,4315.1878990000005,4794.720161925925,3,0,0
state_only,2025-10-04,31549.117783621397,0.0,18367.28965790946,2.300339474459179e-13,0.0,18367.28965790946,1468.3569433333332,14789.387951316874,4794.720161925925,4437.798934777779,3,0,0
state_only,2025-10-05,66462.45147265431,0.0,42489.57692507877,543.8376659235012,0.0,43033.41459100227,4531.41870875171,4299.334930672156,4437.798934777779,3984.5679101481464,3,2,0
state_only,2025-10-06,60140.58854065267,649.1522816666679,39526.3921131929,1193.5480215150665,3345.4348577916735,44065.374992499645,147.66020000000026,0.0,3984.5679101481464,3371.4302981851865,3,3,6
state_only,2025-10-07,62031.891973699785,603.2486890222219,39350.26865542672,289.0634871753898,3051.791263693443,42691.12340629555,397.09500549382904,60.23485888888683,3371.4302981851865,3849.3366182962945,3,3,5
state_only,2025-10-08,59559.94460417634,757.804791111109,37477.426159746254,296.6726195913696,3979.340908540544,41753.43968787817,859.9467544777134,0.0,3849.3366182962945,2982.4036231481496,3,3,6
state_only,2025-10-09,67270.2316365295,0.0,42523.37880696853,448.41142637859093,0.0,42971.79023334712,4306.518801687244,3546.169354999999,2982.4036231481496,2890.710754925929,3,3,0
state_only,2025-10-10,31212.879835349377,172.5698709666677,17362.10763977177,78.78887838203747,663.9136973398041,18104.810215493613,740.3023833333334,18352.087405966668,2890.710754925929,3092.4779627037037,3,2,2
state_only,2025-10-11,31153.806004650207,0.0,17210.957690049952,6.904770089022351e-13,0.0,17210.957690049952,600.1263522222227,13661.801984238682,3092.4779627037037,3027.407648592596,3,0,0
state_only,2025-10-12,62544.841049747105,20.929933333333338,39543.77945084629,579.204631933887,98.03580773333336,40221.01989051351,422.76426923868166,0.0,3027.407648592596,2778.808824444447,3,3,1
state_only,2025-10-13,64997.315980823034,965.9456499999992,40630.5015880718,83.63953464316695,5003.038039899996,45717.179162614964,3413.664508875161,1596.5643411111125,2778.808824444447,2714.0498346666677,3,2,7
state_only,2025-10-14,68809.99317576295,1411.1804766666642,43132.70708217919,88.89448807491272,7255.336483624987,50476.938053879094,4052.267260843621,1511.988294444445,2714.0498346666677,2669.106958888889,3,2,7
state_only,2025-10-15,71052.07447831893,344.21727518888946,44272.948036703565,140.3885081009696,1723.0370435284472,46136.37358833299,4811.898173456789,819.6892127777758,2669.106958888889,2497.3699878148186,3,3,4
state_only,2025-10-16,68063.57151127387,945.0806600000001,42726.19325069057,411.80238070674875,4839.399128533333,47977.394759930656,1659.6304766392323,235.96167666666688,2497.3699878148186,2532.229501783952,3,3,6
state_only,2025-10-17,30175.341374723932,369.5876664222231,16473.18211800134,320.4453997183963,1410.773393375648,18204.400911095385,18.764356666666686,11872.125383333332,2532.229501783952,2395.909483962962,3,1,4
state_only,2025-10-18,32250.626587972554,313.75269055556294,17929.985863923863,23.487251567097584,1265.9225315131357,19219.395647004098,1260.9042455555564,12061.329233333332,2395.909483962962,2792.4429772962953,3,1,5
state_only,2025-10-19,68813.67856091564,470.3860721499972,43347.38269178523,171.0773372664159,2357.3314460786523,45875.791475130296,1705.4285945884703,22.484611666665387,2792.4429772962953,2353.073083851851,3,2,5
state_only,2025-10-20,72529.99363689299,0.0,45858.7220628714,173.85707171229362,0.0,46032.57913458369,3892.1031862688583,246.5698488888883,2353.073083851851,2218.2614580740737,3,2,0
state_only,2025-10-21,73466.34910167592,1042.5159793444425,46013.63077477026,433.3900706537639,5144.990336537545,51592.01118196156,3618.422747153634,0.0,2218.2614580740737,2523.36177674691,3,3,8
state_only,2025-10-22,69009.02159879974,503.3470594499993,43286.208843402856,352.7617604147951,2436.7467159939465,46075.7173198116,468.0750185459577,0.0,2523.36177674691,1920.3538827777795,3,3,5
state_only,2025-10-23,75538.96945671357,0.0,48007.35275790573,1318.6280804686194,0.0,49325.98083837435,5648.564381008229,2544.989327537719,1920.3538827777795,2314.592357740744,3,3,0
state_only,2025-10-24,31606.35308302619,292.39216944444445,17048.725695499626,153.89584756499215,1387.487809690278,18590.1093527549,58.06013666666695,10930.700566666666,2314.592357740744,1805.2335245555573,3,2,4
state_only,2025-10-25,32361.69708135171,2.497522777777654,17434.231828519914,112.423470993542,14.506861054721501,17561.162160568176,253.85952775034397,9530.843083333331,1805.2335245555573,1947.948662925927,3,2,1
state_only,2025-10-26,71104.4574377144,0.0,44913.65604551489,848.7094948329161,0.0,45762.365540347804,1682.1011973662507,679.9907141289455,1947.948662925927,2377.5097825925914,3,3,0
state_only,2025-10-27,67579.34117471235,19.744933333333393,43498.33730585242,937.8770138826436,92.48526773333361,44528.6995874684,377.3030819135737,0.0,2377.5097825925914,2123.5625297777765,3,3,1
state_only,2025-10-28,69906.53950908477,0.0,46282.05714808376,2212.7116188610507,0.0,48494.76876694481,181.43849,0.0,2123.5625297777765,2237.750991925925,3,3,0
state_only,2025-10-29,74900.28572446913,325.03830641666684,46550.171446221946,296.27155713463156,1600.4589289755424,48446.901932332126,2309.5227484567795,0.0,2237.750991925925,1458.0641674814797,3,3,5
state_only,2025-10-30,69132.62222192613,3.641833333333352,44777.48590629493,1810.5160977643086,17.058347333333423,46605.060351392574,228.35627450617028,0.0,1458.0641674814797,1686.029908925925,3,3,1
state_only,2025-10-31,33378.11713367325,237.84385166666567,18021.079881831294,67.64316754714513,1172.042818499163,19260.765867877602,748.9423944444445,5879.566800000003,1686.029908925925,1627.4403954444444,3,2,5
state_only,2025-11-01,33170.52307412099,93.75904666666608,17782.360605735972,135.95666463017986,545.20241726333,18463.51968762948,201.41082009602206,7082.824433333333,1627.4403954444444,1921.8940304074106,3,2,2
state_only,2025-11-02,73005.73324270232,1118.4219859555517,45727.3107052583,450.75305990288825,5531.327823420489,51709.39158858168,1452.8489182716073,0.0,1921.8940304074106,1537.6015753333336,3,2,8
state_only,2025-11-03,77153.86005289423,0.0,47951.00010853699,410.83691805222264,0.0,48361.83702658921,2631.690475315506,530.70245,1537.6015753333336,1878.508414111109,3,3,0
state_only,2025-11-04,71503.74365609135,33.599550000000136,45113.32695335763,725.4115514005887,155.817178033334,45994.55568279156,225.74484061727833,0.0,1878.508414111109,1433.0992449999997,3,3,2
state_only,2025-11-05,79267.04447138942,60.714614766667,49244.86127870108,160.78715593394546,128.27140976496736,49533.91984439999,4872.95269252401,555.7066865226312,1433.0992449999997,1288.8822023333335,3,3,3
state_only,2025-11-06,74559.38946270836,1509.4832591888887,46177.10237582567,304.8674872637763,6899.3663862918265,53381.336249381275,404.82021000000145,0.0,1288.8822023333335,1231.2183870000001,3,3,20
state_only,2025-11-07,33667.57558250946,358.10358833333265,17868.61956882235,383.08689694462026,2084.9007996841624,20336.60726545113,24.555639999999585,7227.335758641978,1231.2183870000001,1290.5254602962962,3,2,4
state_only,2025-11-08,33450.91638248477,0.0,17623.736096676454,113.445079562669,0.0,17737.181176239123,73.34450920439141,6230.958044526744,1290.5254602962962,1326.4128491481488,3,1,0
state_only,2025-11-09,76835.90223393662,102.36167126666658,48016.08915430204,441.2898042629102,563.8683893862659,49021.24734795122,720.0767287448583,461.2344166666669,1326.4128491481488,1313.267286518519,3,3,4
state_only,2025-11-10,78562.90660075952,1039.0022303444405,49123.58925940274,570.8005129083914,5092.647191873659,54787.03696418479,1251.4660995953286,0.0,1313.267286518519,1303.8849053333333,3,3,15
state_only,2025-11-11,77581.72583532009,132.0216211999993,48811.929199526334,599.6129772411956,444.01079407669573,49855.55297084423,1745.9971014609052,426.71609999999976,1303.8849053333333,1204.1837157777777,3,3,8
state_only,2025-11-12,76643.54183028649,575.7608890166646,47729.880813142554,399.36497111196024,2911.614334115239,51040.860118369754,1677.228252496569,0.0,1204.1837157777777,1269.349103148148,3,3,8
state_only,2025-11-13,76145.80497477934,156.93409096666667,50445.965284516,3025.7181404289026,885.5312204670673,54357.21464541197,207.8915116666667,0.0,1269.349103148148,1305.553815,3,3,6
state_only,2025-11-14,34176.88962669094,117.16511166666217,18289.483439364958,195.77427068400047,669.8277392708063,19155.085449319766,33.71201166666674,3180.6119000000003,1305.553815,1433.7968229999997,3,2,3
state_only,2025-11-15,35001.744188786826,119.29757110000008,18559.506440513578,164.16235056542965,602.8736334044644,19326.542424483472,424.2853074485589,3192.4232679012357,1433.7968229999997,1297.536585,3,3,5
state_only,2025-11-16,78211.14224256646,629.0478452444419,49846.12667927002,1209.2054624943805,2977.3783326139137,54032.71047437831,140.14036000000033,0.0,1297.536585,1200.0,3,3,7
state_only,2025-11-17,76493.22827791193,690.324111138889,49195.969476791885,1740.1514512359793,3339.2322282419727,54275.35315626983,148.08482333333347,0.0,1200.0,1436.7114175925917,3,3,8
state_only,2025-11-18,78787.70045458601,887.2520492111107,49491.329229525494,834.1427580174208,4161.492672050957,54486.96465959387,329.84655333333353,0.0,1436.7114175925917,1330.2024190000002,3,3,10
state_only,2025-11-19,78096.93998304773,1677.070501022221,49398.4861172434,1063.5135450811288,7926.4292348063545,58388.428897130885,97.30640444444396,0.0,1330.2024190000002,1200.0,3,3,18
state_only,2025-11-20,78764.52663145843,559.0171197999964,50501.519992894435,1704.438458825163,2692.989441748902,54898.9478934685,137.4692866666668,0.0,1200.0,1226.1462000000001,3,3,13
state_only,2025-11-21,35179.425109300406,117.3139533333325,18908.620688001713,348.42891344524827,651.9237085799952,19908.973310026955,15.896916666666812,2743.983500205759,1226.1462000000001,1485.5273075925925,3,2,2
state_only,2025-11-22,36203.56681240123,123.62029486666614,19092.660986296167,402.01622576115943,602.5756431967983,20097.252855254123,80.77963219478693,2689.425942736624,1485.5273075925925,1252.465725,3,3,4
state_only,2025-11-23,77958.44328448352,1729.9265832666665,48989.86723945819,579.8328576443952,8291.412809017378,57861.11290611996,28.108113333333336,0.0,1252.465725,1246.6257971111108,3,3,10
state_only,2025-11-24,77929.60649808847,557.4365673777756,49737.661889070594,1284.274086617963,2576.155540310365,53598.091515998916,67.91169666666656,0.0,1246.6257971111108,1200.0,3,3,14
state_only,2025-11-25,85656.96323947345,96.38204656666433,54176.54319379362,603.5130584894542,263.59882434330456,55043.65507662638,5083.968686941015,183.10095000000024,1200.0,1213.2404999999999,3,3,6
state_only,2025-11-26,82918.04669049445,585.1880744499972,52051.71600161386,398.2053988700561,2802.8368084505946,55252.75820893451,1942.5298326310708,0.0,1213.2404999999999,1342.985533074073,3,3,6
state_only,2025-11-27,80443.36434684951,150.46825301666664,50798.19790623191,655.1714907883771,764.7093852689071,52218.078782289194,224.06747000000053,0.0,1342.985533074073,1336.1274689629631,3,3,3
state_only,2025-11-28,35779.135882141636,113.08403944443995,19156.406387355975,246.773275465496,687.7910682221949,20090.970731043668,53.16029666666668,1225.4578666666664,1336.1274689629631,1435.6862228148148,3,2,2
state_only,2025-11-29,40757.4974705144,104.71839099999963,21277.167316112886,614.1080887545918,223.2001054949992,22114.475510362474,732.774874128946,1919.283961666667,1435.6862228148148,1200.0,3,2,3
state_only,2025-11-30,84771.19874376501,434.95682221110826,54181.8951279538,1268.494447145701,1851.8393514441507,57302.22892654365,415.46246500000007,0.0,1200.0,1200.0,3,3,14
state_only,2025-12-01,88937.80907789464,2499.3463410277786,57142.51268840917,1247.87191705336,11719.574070808205,70109.95867627073,358.332791947874,0.0,1200.0,1200.0,3,3,25
state_only,2025-12-02,91769.04833218662,3179.190356349999,58788.12301555503,1247.5822914201028,15599.363449058124,75635.06875603326,1549.6692243621367,0.0,1200.0,1208.922,3,3,27
state_only,2025-12-03,87813.05154616646,3323.2059272388865,59149.00105058998,4707.467765668987,15567.777657975335,79424.2464742343,0.0,0.0,1208.922,1200.0,3,3,25
state_only,2025-12-04,90067.7243745919,4488.255957194448,58144.10403540918,1489.3910726139304,21931.162889599687,81564.6579976228,3192.505705480109,0.0,1200.0,1200.0,3,3,25
state_only,2025-12-05,42797.42297889815,2241.8077099333327,23629.88532890738,1762.6318791444978,11299.413124257062,36691.93033230894,28.80757333333338,0.0,1200.0,1200.0,3,3,20
state_only,2025-12-06,45551.37075474444,2049.6737677777783,24316.35517832641,1386.600405963477,10407.597859673328,36110.55344396321,42.523721111110945,0.0,1200.0,1200.0,3,3,24
state_only,2025-12-07,92011.52538304917,2031.8149134444443,59087.635541128555,1112.7397890726859,9873.6231591877,70073.99848938893,1591.7349757956074,0.0,1200.0,1200.0,3,3,19
state_only,2025-12-08,93222.12320151666,362.7871142222206,60220.17561925332,1489.0593324016857,1962.0815933025517,63671.31654495756,891.3659133333333,0.0,1200.0,1205.4421593333332,3,3,8
state_only,2025-12-09,92258.97331884629,1129.5422518835571,59713.45101745323,1562.6860217913684,6067.446135543145,67343.58317478775,1208.159138333332,0.0,1205.4421593333332,1202.7861,3,3,16
state_only,2025-12-10,89315.61711428559,3602.1217967444463,57743.65707926121,1821.4454387783571,16630.134156097913,76195.23667413747,81.18733333333273,0.0,1202.7861,1200.0,3,3,28
state_only,2025-12-11,90460.90525806563,1585.6244602888855,57775.43151406629,717.888374763285,7470.183910327003,65963.50379915658,1431.0356751440288,0.0,1200.0,1226.014071888889,3,3,15
state_only,2025-12-12,45706.535437762344,1850.814391466666,24927.3322771099,1724.6902034398001,9446.274228949427,36098.29670949913,45.91558333333353,0.0,1226.014071888889,1236.8639041481479,3,3,21
state_only,2025-12-13,46414.41749290206,1063.9100096999987,25345.453604931103,1679.7998375083196,5432.097048258474,32457.350490697896,10.701475555555817,0.0,1236.8639041481479,1200.0,3,3,20
state_only,2025-12-14,89661.83797016522,3540.6227007555544,58818.18589107796,2702.8507061904256,16787.205333668826,78308.24193093722,13.654710000000136,0.0,1200.0,1200.0,3,3,26
state_only,2025-12-15,90747.72697767777,3088.2261161111096,59396.72522607207,2627.8768373135927,14897.575091891882,76922.17715527755,22.421099999999683,0.0,1200.0,1205.909007,3,3,14
state_only,2025-12-16,93038.39479245925,1426.296006161107,59950.408917246816,916.7623043052665,6740.110569189722,67607.2817907418,325.2803225514385,0.0,1205.909007,1200.0,3,3,19
state_only,2025-12-17,93356.51830048724,384.4144726499986,60001.43891257232,1096.9531553781885,1633.556500660014,62731.94856861052,728.0567322222224,0.0,1200.0,1228.2897,3,3,14
state_only,2025-12-18,90469.86539002757,1507.0346789555563,59124.75014079507,1890.2900133799747,7130.87175822531,68145.91191240036,38.64481666666654,0.0,1228.2897,1207.1124797777777,3,3,16
state_only,2025-12-19,45153.986384429765,1404.7038217666675,25191.500677672237,1932.2380279479903,6863.084106300069,33986.8228119203,33.489993333333246,0.0,1207.1124797777777,1200.0,3,3,20
state_only,2025-12-20,45612.52608817551,1318.0034111111086,23935.397214691613,577.6401686627162,6172.4317267560955,30685.469110110425,37.879508230451194,0.0,1200.0,1226.9074319999995,3,3,21
state_only,2025-12-21,92586.22210566954,1367.42456082222,59687.84928928534,1272.397206320144,6905.548967781686,67865.79546338717,172.4424316666665,0.0,1226.9074319999995,1221.0530347037034,3,3,8
state_only,2025-12-22,92560.85900800535,1008.9430647722205,60283.790428779765,1745.742291182923,5251.025591399732,67280.55831136242,22.11815333333334,0.0,1221.0530347037034,1219.3096423333334,3,3,14
state_only,2025-12-23,92523.02954404855,19.892379899999902,59609.971190377924,1089.5099626357821,42.52990822619979,60742.01106123991,593.9138477777781,0.0,1219.3096423333334,1200.0,3,3,1
state_only,2025-12-24,92139.44995960535,567.2141041833326,59521.584938677544,841.8346270681996,3146.374985562888,63509.79455130863,94.28262388888902,0.0,1200.0,1223.2100233703702,3,3,7
state_only,2025-12-25,90752.09438103702,1541.2658635999994,59229.023735343995,2087.6654938221413,7717.23865087151,69033.92788003765,17.264856666667015,0.0,1223.2100233703702,1232.0480933333329,3,3,10
state_only,2025-12-26,45697.36445980247,1208.0207423,24900.209636251868,1345.0142210404367,6306.764535236066,32551.988392528372,0.0,0.0,1232.0480933333329,1325.489524766667,3,3,8
state_only,2025-12-27,47183.81517473703,369.00946460000523,24961.42139618297,1023.4961890504356,1821.7340824114615,27806.651667644866,146.09370333333356,0.0,1325.489524766667,1334.633518333333,3,3,6
state_only,2025-12-28,91360.16823953722,987.5354701222213,58678.46604661201,755.4865582173793,4832.51715282949,64266.46975765888,837.2024899999988,0.0,1334.633518333333,1442.4832112222205,3,3,8
state_only,2025-12-29,91379.48417598744,820.6475969999965,58453.22675995538,808.1321559916945,3708.3859501095103,62969.744866056586,204.01181333333386,0.0,1442.4832112222205,1243.8986493703703,3,3,15
state_only,2025-12-30,91714.71966606418,1119.0644474000012,58464.06873540563,244.8695475511243,5374.38104507394,64083.319328030695,1922.519735164605,0.0,1243.8986493703703,1286.9884980000002,3,2,8
state_only,2025-12-31,93834.98130451667,379.6468285888893,60182.31998959845,728.5966686787543,2046.9300159777683,62957.84667425498,888.6838250000005,0.0,1286.9884980000002,1200.0,3,3,12
rolling_point,2025-02-01,41555.84334814815,0.0,21813.888604725835,709.0785769513844,0.0,22522.96718167722,1529.9449058642076,1451.4358133744863,1615.1408862037065,2107.323300601852,3,2,0
rolling_point,2025-02-02,85884.15454221536,0.0,54303.693680562756,926.8575631611011,0.0,55230.55124372386,3428.034838511655,0.0,2107.323300601852,1967.001709074073,3,2,0
rolling_point,2025-02-03,86985.34354098696,0.0,54762.10482724714,1527.8552419227362,0.0,56289.96006916987,2490.146518337109,0.0,1967.001709074073,1903.5127858796309,3,3,0
rolling_point,2025-02-04,88751.60041201988,0.0,56185.45274000471,1895.6793623507917,0.0,58081.1321023555,3178.683792506856,0.3517833333332874,1903.5127858796309,1875.180022962963,3,3,0
rolling_point,2025-02-05,88545.3462679122,0.0,55831.487925759684,1282.2024013469636,0.0,57113.69032710665,3326.201689080931,2.052500000000009,1875.180022962963,1976.6679704444437,3,3,0
rolling_point,2025-02-06,87370.15001626886,4.617086666666637,55057.49030462571,2622.3451900185014,26.97071176333316,57706.80620640754,2691.9164456309995,0.0,1976.6679704444437,2003.971471777778,3,3,1
rolling_point,2025-02-07,40776.0941621858,0.0,21123.030286025663,881.0986901840392,0.0,22004.128976209704,1770.4589897530848,3866.4587659053573,2003.971471777778,1686.2345517654308,3,2,0
rolling_point,2025-02-08,38505.23722100645,0.0,20132.585672576566,453.7174817007493,0.0,20586.303154277317,507.90983666666654,2522.334921598078,1686.2345517654308,1994.658272074073,3,3,0
rolling_point,2025-02-09,87336.84490977364,0.0,55442.05700995949,1554.6006511528356,0.0,56996.657661112324,3860.0606987036977,0.0,1994.658272074073,1797.1784032962958,3,2,0
rolling_point,2025-02-10,81251.31316868868,8.555533333333301,50716.57236477813,2859.1567218246114,37.46895823333319,53613.19804483607,2618.687117078196,127.33024999999998,1797.1784032962958,1676.3158523888862,3,3,1
rolling_point,2025-02-11,81787.81381920699,0.0,50946.82161994463,1740.1519733596065,0.0,52686.97359330424,2180.7549211042488,148.03829999999994,1676.3158523888862,1599.4628200740722,3,3,0
rolling_point,2025-02-12,81645.34660028464,14.2345416666667,50932.31704764956,1753.3875678125082,62.34017522916682,52748.04479069124,1924.2847337448554,58.95943333333321,1599.4628200740722,1617.7770496666674,3,3,1
rolling_point,2025-02-13,78889.6963966255,23.432700000000068,48758.88857422827,1571.0297210644683,102.6235096500003,50432.541804942746,3099.686640390945,118.10408333333339,1617.7770496666674,1713.1112245185147,3,3,1
rolling_point,2025-02-14,38198.67130191358,0.0,19953.759569297446,414.92688661144655,0.0,20368.686455908894,734.4538320370367,4225.385284979417,1713.1112245185147,1663.6121934444452,3,3,0
rolling_point,2025-02-15,37081.39448664609,0.0,19351.57251393259,527.9211695800008,0.0,19879.49368351259,434.298796666667,4146.728902654322,1663.6121934444452,1470.167222444444,3,3,0
rolling_point,2025-02-16,80952.6542993969,30.838466666666704,50159.11139540519,2548.670048693445,135.05706476666683,52842.8385088653,1103.258783724279,0.0,1470.167222444444,1561.4046031111125,3,3,1
rolling_point,2025-02-17,76679.9576328386,2.976468066668872,47327.631497612296,3496.412764050944,20.76384123308205,50844.80810289633,1479.1884664197487,23.289616111106852,1561.4046031111125,1448.104418481481,3,3,1
rolling_point,2025-02-18,77953.16582532092,10.793333333333408,48399.3263373449,922.8745186821038,47.26940333333366,49369.470259360336,1461.1387103909492,95.83631069958746,1448.104418481481,1666.3719758888865,3,3,1
rolling_point,2025-02-19,78729.4634059773,110.00205059999799,48897.83061460648,690.9976809011175,448.4504816961203,50037.27877720372,2075.3267836488317,0.0,1666.3719758888865,1200.0,3,3,8
rolling_point,2025-02-20,78189.25760216611,11.05281888888885,48148.50021089573,1972.1509522370793,51.771403675555376,50172.42256680836,2234.28920670096,391.814483333333,1200.0,1586.3800659259234,3,3,1
rolling_point,2025-02-21,35609.29636600823,0.0,18381.3548804405,228.9317745058637,0.0,18610.286654946365,143.35545613168657,6593.080513168717,1586.3800659259234,1525.6075458888902,3,3,0
rolling_point,2025-02-22,35254.94903987654,0.0,18449.87568622482,602.2323856884492,0.0,19052.10807191327,442.52777905349774,3601.2503651028774,1525.6075458888902,1550.1432694074083,3,3,0
rolling_point,2025-02-23,76608.42249900143,41.46002661111004,47081.11104415877,1598.575329606412,157.14501958544014,48836.83139335063,1068.0083822633671,0.0,1550.1432694074083,1313.994741148147,3,3,3
rolling_point,2025-02-24,74426.59689604938,51.587508888888806,46149.63223329803,1542.5905525706905,233.6467978855552,47925.86958375428,1773.1004282304625,411.19274743484084,1313.994741148147,1401.2850484444393,3,3,2
rolling_point,2025-02-25,72019.66584321564,135.1192822999998,44018.772663437725,2936.1953676357134,499.68668443344905,47454.65471550689,2122.435812469128,182.54627999999872,1401.2850484444393,1301.6341335925927,3,3,9
rolling_point,2025-02-26,75080.40592309232,44.82488333333333,45830.46959958514,996.124915244255,196.30200745000002,47022.8965222794,1620.45772216735,196.13622824416788,1301.6341335925927,1513.0913625555545,3,3,2
rolling_point,2025-02-27,73365.6601727013,79.1439636111093,45176.10174821067,691.7792205444044,419.0329284514987,46286.91389720657,2019.1709072633796,132.52572520575842,1513.0913625555545,1495.3125059999998,3,3,5
rolling_point,2025-02-28,33685.807377427984,12.54591509999917,17340.6554022875,414.902874063973,27.420558559612434,17782.978834911086,245.50510499999996,7059.094893621406,1495.3125059999998,1319.9408664074072,3,3,3
rolling_point,2025-03-01,36376.54895532235,41.13675810000333,18558.06597439306,436.7666124247758,171.05663342980884,19165.889220247645,306.58390753086474,9305.079582668033,1319.9408664074072,1321.3678463703702,3,3,5
rolling_point,2025-03-02,79281.84973868998,151.43236316666616,49234.390166261794,1600.159130446039,725.0694313839971,51559.61872809183,2838.825866406035,0.0,1321.3678463703702,1297.1418408518523,3,3,7
rolling_point,2025-03-03,78401.91628932167,166.58491683333236,48391.486906782826,2702.6475501229156,767.5652611797616,51861.6997180855,1985.891788964338,184.4892666666666,1297.1418408518523,1323.4565980740738,3,3,8
rolling_point,2025-03-04,74749.27687758792,70.04398863333662,46261.073395160034,1062.0483030079108,211.9422544614978,47535.06395262945,1326.223912222226,358.31561944444627,1323.4565980740738,1200.0,3,3,8
rolling_point,2025-03-05,72117.57312194053,108.68054096666751,44293.91965956338,2835.703095516238,744.2106454318058,47873.83340051142,1919.8053077777804,0.0,1200.0,1317.257628259259,3,3,3
rolling_point,2025-03-06,72094.56556513642,0.0,44257.431323028715,1279.8919183981484,0.0,45537.323241426864,1679.8860739917675,449.1707794444477,1317.257628259259,1251.2874678148166,3,3,0
rolling_point,2025-03-07,33244.46824667983,39.50873866666677,17015.048500824516,535.9869482837528,82.9923719146669,17634.027821022937,213.27826333333348,9051.949128765431,1251.2874678148166,1313.3177137037037,3,3,2
rolling_point,2025-03-08,32074.131515449997,27.14836999999967,16433.22870548528,182.19854638691905,57.348268551665974,16672.775520423864,147.41453666666683,9878.15737436214,1313.3177137037037,1300.15929,3,3,2
rolling_point,2025-03-09,68810.38529795987,161.66143249999848,42102.0436708829,3757.5088136449863,732.0061249542737,46591.558609482156,1460.7357799931394,187.865517777778,1300.15929,1261.9375523703702,3,3,9
rolling_point,2025-03-10,73580.93599291667,218.07108596666689,44577.381498210816,1476.4650245353878,1004.8929134987376,47058.73943624494,1492.728486426614,98.5166100000018,1261.9375523703702,1258.827537,3,3,10
rolling_point,2025-03-11,69987.29596231268,59.59138663333158,42553.25322105738,3611.2734553626387,210.15480494539233,46374.681481365405,1410.059363888885,546.3426561111087,1258.827537,1376.8817970000002,3,3,4
rolling_point,2025-03-12,67272.64310897447,230.71478173333549,41054.451899398824,3514.0375183008264,905.8230259853469,45474.312443685,1058.208799115217,186.16903666666548,1376.8817970000002,1230.5486588888887,3,3,10
rolling_point,2025-03-13,73400.95730868608,350.80242239999865,44702.21281425089,959.2741617819613,2033.476017369458,47694.96299340231,2163.848785823042,105.99734999999987,1230.5486588888887,1202.8431,3,3,9
rolling_point,2025-03-14,31751.725352366255,44.179683333331354,16257.858730191578,386.8296114948068,270.07040421665454,16914.75874590304,241.2105973456785,12391.539410082307,1202.8431,1372.105586851851,3,3,1
rolling_point,2025-03-15,30988.453692098767,463.0201712333337,15772.826141357395,367.5915021625833,1919.2916634998346,18059.70930701981,165.97443194101385,7582.540908641977,1372.105586851851,1200.0,3,3,16
rolling_point,2025-03-16,69709.72475851962,0.0,42226.39803121429,1594.9947991302956,0.0,43821.39283034459,2285.669620761319,3.2672349999982586,1200.0,1241.1936740370409,3,3,0
rolling_point,2025-03-17,63183.37543393764,50.675323466664736,38243.930594542435,2787.431449162901,291.76338251545275,41323.12542622079,1121.517647551435,0.0,1241.1936740370409,1448.6634888518515,3,3,3
rolling_point,2025-03-18,66849.86390211179,0.0,40685.91374572767,2956.871114978559,0.0,43642.784860706226,1534.1502352743462,453.7699255555568,1448.6634888518515,1208.579558851852,3,3,0
rolling_point,2025-03-19,66135.1159195991,0.0,40196.88084505758,2191.8190018133737,0.0,42388.69984687096,1444.9952112345636,941.6401911111125,1208.579558851852,1497.976411148149,3,3,0
rolling_point,2025-03-20,66693.05988725885,137.30097406666644,40878.1161988216,3925.830939758359,856.8735986953646,45660.82073727532,834.2771132510298,0.0,1497.976411148149,1262.18476762963,3,3,5
rolling_point,2025-03-21,29442.621184978805,296.6682610333336,14833.13634002944,447.46130148104993,1252.7646182890255,16533.362259799513,62.98923666666656,14770.987870699586,1262.18476762963,1239.2650439999998,3,3,8
rolling_point,2025-03-22,30159.976732091767,0.0,15335.972609801793,161.10104462106304,0.0,15497.073654422857,114.16400425240165,11257.555177942384,1239.2650439999998,1315.0238228888866,3,3,0
rolling_point,2025-03-23,64578.88245015364,161.35124306666717,39017.94440034893,2204.4645777868695,736.6235004701192,41959.03247860592,1262.5834201920452,811.3856750000033,1315.0238228888866,1290.7608689999997,3,3,8
rolling_point,2025-03-24,63690.273935192046,0.0,38563.415698262754,1480.8236595569492,0.0,40044.2393578197,1272.4769061797028,249.09278611111125,1290.7608689999997,1314.5232330740762,3,3,0
rolling_point,2025-03-25,65132.55533497722,277.00172554444504,39411.02977534723,4453.826497052032,1211.4437656512837,45076.30003805055,532.1024718724298,0.0,1314.5232330740762,1213.9211926666667,3,3,9
rolling_point,2025-03-26,60456.447696877156,4.745484666668631,36679.038858411295,1671.5088119721868,10.36413851200429,38360.911808895486,706.494690781895,168.42971094651182,1213.9211926666667,1232.910495851852,3,3,1
rolling_point,2025-03-27,63201.4789528059,121.80624546666472,38079.22089909702,2327.7001443173626,327.1284440728425,40734.049487487224,530.2905708642072,0.0,1232.910495851852,1208.808063037037,3,3,7
rolling_point,2025-03-28,29680.19318210562,78.9938116666669,14842.55147506944,120.47279261844204,389.8739574808345,15352.898225168718,206.9598548971189,15847.202314224967,1208.808063037037,1208.5810227037036,3,3,1
rolling_point,2025-03-29,28943.194857909944,151.8153525333306,14634.460085959976,302.22782089739775,734.5091379165588,15671.197044773933,18.29157444444445,18575.78975753086,1208.5810227037036,1251.279047666667,3,3,8
rolling_point,2025-03-30,59396.66067888271,29.864745672218646,36199.88249369262,2635.1408244747204,208.33646580939728,39043.35978397674,146.25077777777756,0.0,1251.279047666667,1212.5757093333332,3,3,1
rolling_point,2025-03-31,61433.68721556467,0.0,37162.42965592074,4237.736267015112,0.0,41400.165922935856,251.09816271605177,0.0,1212.5757093333332,1433.8788064382682,3,3,0
rolling_point,2025-04-01,64439.49002193581,165.0612006833335,38474.02727765588,2086.5115781137993,1074.705331465334,41635.24418723501,316.4738651166026,391.5041148833999,1433.8788064382682,1295.4157410740738,3,3,3
rolling_point,2025-04-02,65002.89051159335,201.23939546666492,39251.2076246096,1639.2460711024887,1367.7125685604221,42258.166264272506,489.48717990397915,455.48499777778363,1295.4157410740738,1263.0349562592592,3,3,3
rolling_point,2025-04-03,60591.59340067058,150.9592338666678,36667.69784362171,2561.917204668512,691.9742230204099,39921.58927131063,658.9161395884755,264.87581166666405,1263.0349562592592,1231.923,3,3,3
rolling_point,2025-04-04,27488.784933622082,133.01740916666785,13636.003642449326,356.3719251104735,566.5955345949216,14558.971102154723,127.59737111111104,18284.328207873805,1231.923,1251.48411,3,3,3
rolling_point,2025-04-05,27484.63942907997,221.15366283333196,13914.219601089302,355.8884059975427,1043.6257040281012,15313.733711114946,59.29803333333325,13011.471736666665,1251.48411,1211.002419,3,3,6
rolling_point,2025-04-06,59444.95560578025,146.77743255555458,35626.53287462252,2019.1732159845114,945.2935618003652,38590.9996524074,734.5382561934181,355.73062166666216,1211.002419,1278.0917284444447,3,2,4
rolling_point,2025-04-07,57569.53665529493,86.10979906666678,34325.83940005277,1476.2578083779194,211.21911163606728,36013.31632006676,282.21762925240347,192.49539055555775,1278.0917284444447,1225.3204186666667,3,3,5
rolling_point,2025-04-08,58287.635101817,395.7613915666636,35190.28322895934,2193.641619027605,2022.2723855603467,39406.1972335473,222.42985611111135,104.93332722222554,1225.3204186666667,1200.0,3,3,14
rolling_point,2025-04-09,63874.43063544814,303.2459262666702,37799.53290685135,864.0122574240252,1562.7526567166906,40226.29782099207,940.9153326817534,0.0,1200.0,1207.4085,3,3,7
rolling_point,2025-04-10,59451.18444767091,211.1338692000002,35746.754334368474,1837.2938355662309,1134.7169721041014,38718.76514203881,894.1737323388116,101.43884166666652,1207.4085,1350.9748491481487,3,3,9
rolling_point,2025-04-11,26255.029973390807,532.6868855666698,13203.814055274132,784.0365029887759,2119.422622777543,16107.273181040451,0.0,19082.527086666665,1350.9748491481487,1200.0,3,3,13
rolling_point,2025-04-12,26558.338524363513,13.431221166665022,13219.25525887414,512.4745194176178,28.49484511799651,13760.224623409755,28.28936666666732,14901.662058916323,1200.0,1230.903251814815,3,3,2
rolling_point,2025-04-13,58359.63704024375,154.7682048500002,34917.94614268575,1136.2052295202943,860.226758702017,36914.378130908066,220.75112751029087,0.0,1230.903251814815,1306.7812120740741,3,3,6
rolling_point,2025-04-14,56008.6872841179,281.07757666666754,33883.341867867355,3686.7347872583605,1959.8758130133394,39529.95246813906,89.02916666666647,0.0,1306.7812120740741,1237.4250798148148,3,3,2
rolling_point,2025-04-15,54427.1396422262,292.62184103333186,32932.19873832669,2298.198347707866,1813.800733674722,37044.19781970928,220.06167333333315,483.6199029149524,1237.4250798148148,1331.3362253333335,3,3,6
rolling_point,2025-04-16,59499.0960799967,270.12263345555743,35145.452116655986,1570.5588352257662,1330.129887777285,38046.14083965904,226.5125066666668,31.171901666666802,1331.3362253333335,1200.0,3,3,12
rolling_point,2025-04-17,56874.28546048964,261.5967624333361,34477.490518530285,2092.442249544189,1684.8296754472376,38254.762443521715,317.7222566666662,0.0,1200.0,1415.8854369629635,3,3,5
rolling_point,2025-04-18,25745.421651873523,74.86059613333464,12701.044792425488,347.0964574302901,316.3980187310731,13364.539268586852,39.007003847735774,16917.011844801094,1415.8854369629635,1377.6286567037034,3,2,3
rolling_point,2025-04-19,25847.588015775033,104.91902386666892,12623.352844973138,272.6078545119451,335.6947068486107,13231.655406333695,242.4314577777775,16388.662586735252,1377.6286567037034,1329.492702925926,3,2,4
rolling_point,2025-04-20,56400.889018271606,0.0,33636.15659173488,586.7263143050839,0.0,34222.88290603996,431.7325402880751,0.0,1329.492702925926,1317.7370937407431,3,2,0
rolling_point,2025-04-21,53619.99045805473,476.68049723333536,31919.104964797316,1869.7125220519656,2425.5608711091472,36214.37835795843,103.02388497256545,1893.080186515781,1317.7370937407431,1264.148758555555,3,3,12
rolling_point,2025-04-22,55712.87385270062,211.04663211111108,33434.68567803715,2287.5156607109934,863.8970567027418,36586.09839545089,78.17769666666675,0.0,1264.148758555555,1200.0,3,3,12
rolling_point,2025-04-23,55024.05892687242,124.58750599999948,32836.10777360095,1365.6448543451315,689.8647460591296,34891.61737400521,36.719622777778,0.0,1200.0,1285.0162261111107,3,3,5
rolling_point,2025-04-24,52611.85623651576,219.00176639931362,31744.32607665529,478.58552425167477,1425.0921784679954,33648.00377937496,943.6406488888889,1100.9893111111078,1285.0162261111107,1297.4320546296296,3,3,4
rolling_point,2025-04-25,24446.099545076406,384.21726326666504,11799.494521235201,374.0628203267668,1655.361884588442,13828.91922615041,53.5270299999994,20378.97191888889,1297.4320546296296,1234.9488,3,3,9
rolling_point,2025-04-26,25103.32629832195,312.22983129999517,12367.20714256269,355.5696621003668,1318.3643306038757,14041.141135266931,116.38544499999989,22813.291917777777,1234.9488,1210.0224,3,2,9
rolling_point,2025-04-27,53175.22256102812,169.14724243333222,32675.256705531923,1726.7090114445036,1018.5437426483911,35420.50945962482,277.10689333333323,918.8493790672153,1210.0224,1218.3584313333333,3,3,3
rolling_point,2025-04-28,61213.40427919136,275.3627106666631,35764.52806249464,1491.6677854437014,1487.7880245363906,38743.98387247473,877.5092517283915,49.885149444445005,1218.3584313333333,1325.115718481481,3,3,9
rolling_point,2025-04-29,51428.982469585666,196.9266916666661,31359.471725709172,677.4880035036531,1373.7606010666627,33410.72033027949,71.34064000000012,517.6361627229087,1325.115718481481,1430.080346666667,3,3,1
rolling_point,2025-04-30,50830.53030222297,494.8727457722227,31102.230128047613,696.0541189125327,2746.719159968134,34545.00340692828,27.395636666666633,0.0,1430.080346666667,1237.362582296296,3,3,9
rolling_point,2025-05-01,53499.78937520192,2570.460591,33084.314994861525,1163.3993408071797,13050.877198266164,47298.591533934865,252.27762656584704,1341.6117429629633,1237.362582296296,1200.0,3,3,22
rolling_point,2025-05-02,26484.937922113306,2257.9907005555538,13343.114902676281,433.0931208734952,11076.6540009261,24852.86202447588,0.0,11891.577488888888,1200.0,1200.0,3,3,22
rolling_point,2025-05-03,25530.141768289024,2341.5537566666644,12467.376897277316,358.38119289818326,12124.131662760054,24949.889752935553,11.983693333333235,16475.7542255144,1200.0,1200.0,3,3,22
rolling_point,2025-05-04,53443.147741111105,2472.013463333334,32382.711861981275,1781.868846003365,12821.230563358336,46985.81127134298,13.012919999999895,728.0481029629605,1200.0,1200.0,3,3,22
rolling_point,2025-05-05,56656.09184632222,2274.0198633333334,34454.93895478418,1294.0068036679386,11915.660063171666,47664.60582162378,140.25284111111057,0.0,1200.0,1200.0,3,3,22
rolling_point,2025-05-06,53614.00479647845,2915.2901120833367,33069.120030048034,2137.158109504904,14410.158605833769,49616.43674538671,76.03637811111125,118.90271666666786,1200.0,1200.0,3,3,30
rolling_point,2025-05-07,56660.196663164184,2331.7678715000015,34485.266799999794,1457.7357391573546,12269.520331203426,48212.522870360575,312.8311935116523,0.0,1200.0,1200.0,3,2,21
rolling_point,2025-05-08,57647.214254451574,1935.8064821111084,34557.939717210094,1567.5314644560958,10020.627344416704,46146.09852608289,143.0151799999992,0.0,1200.0,1200.0,3,3,22
rolling_point,2025-05-09,25976.02902186365,1578.1403049999983,12990.969606807408,617.0601177570592,8675.395457088936,22283.4251816534,0.0,16476.17749107627,1200.0,1300.9982280000002,3,3,17
rolling_point,2025-05-10,25321.07473018299,2056.839562011113,12489.498115596703,657.0439191244709,9708.88362087649,22855.425655597664,13.245946666666782,12841.95618333333,1300.9982280000002,1229.8538331851853,3,3,21
rolling_point,2025-05-11,56834.33809948046,2201.096406300001,34034.4317766474,1890.0907098837315,12034.932314593076,47959.45480112421,32.83605242799149,0.0,1229.8538331851853,1200.0,3,3,22
rolling_point,2025-05-12,53767.139817857606,1528.2641538333326,32833.84695059968,3536.3965593928424,8707.892190965245,45078.13570095778,154.91227944444,0.0,1200.0,1208.2536,3,3,20
rolling_point,2025-05-13,56068.76889128429,1500.9627705777775,33345.545680977724,2324.268329178797,8669.04445610537,44338.858466261896,420.6283980833356,451.4089211111153,1208.2536,1230.100809,3,3,17
rolling_point,2025-05-14,55760.121856901365,1708.3122625000003,33228.404233522495,2400.097113810915,9076.010134547918,44704.51148188133,412.515741303151,438.689680829902,1230.100809,1200.0,3,3,21
rolling_point,2025-05-15,55844.453923329216,916.8459708833327,34130.229930893365,3370.4206227674704,4217.020163660331,41717.67071732117,340.8418755555557,27.715462777776892,1200.0,1200.0,3,3,17
rolling_point,2025-05-16,24610.565271440464,1691.5208383333343,12165.241884449357,470.9207319164006,7278.362274162085,19914.524890527842,0.0,21259.194692386827,1200.0,1200.0,3,3,21
rolling_point,2025-05-17,25365.651307377088,1778.4694689555538,12886.198003069023,656.4102203570001,9166.52994374584,22709.138167171863,0.0,14405.982633333331,1200.0,1200.0,3,3,26
rolling_point,2025-05-18,56455.88219640576,1236.523739188888,33405.2140721285,1118.907938248914,6276.8335962359,40800.955606613315,252.89021826474706,112.11469444444278,1200.0,1200.0,3,3,20
rolling_point,2025-05-19,53292.54519416255,1329.564251100002,31920.242362951507,535.6039656815702,7343.275863045582,39799.12219167866,339.7197282572019,3306.2731766735365,1200.0,1200.0,3,3,19
rolling_point,2025-05-20,56494.47437650803,1653.910425700001,33705.130237043006,2231.381712121228,8856.613207270691,44793.12515643492,89.27032820987995,0.0,1200.0,1200.0,3,3,19
rolling_point,2025-05-21,53941.16537239985,1495.9318659333373,33372.8849680481,3191.0615594193982,7733.355938549093,44297.30246601659,197.0311012277072,762.366437263375,1200.0,1200.0,3,3,18
rolling_point,2025-05-22,53703.42739310006,675.2278835000042,33071.977097046925,579.8865130123718,4237.3599508470315,37889.22356090633,93.68077333333349,0.0,1200.0,1232.3361753703705,3,3,8
rolling_point,2025-05-23,25411.643469678464,1035.345543055553,12789.26707786005,423.5532522728663,4942.387302495818,18155.207632628735,288.262173333333,17387.36753333333,1232.3361753703705,1229.6325002592591,3,3,16
rolling_point,2025-05-24,24973.49324553251,1066.8524119000006,12447.713688194124,451.83640013283684,4965.084181152316,17864.634269479277,42.31004499999998,19964.956083333334,1229.6325002592591,1219.7667,3,3,22
rolling_point,2025-05-25,53709.798174889715,1028.3068027666673,32449.83090860387,924.9428330085361,5713.8392311482185,39088.612972760624,85.30902906035689,2633.048107427989,1219.7667,1322.0274720000002,3,3,15
rolling_point,2025-05-26,57875.56632819321,856.8861691333318,34951.07208919713,1930.725140411761,4876.3730789618885,41758.17030857078,486.1686522222227,369.57262722222436,1322.0274720000002,1231.6051011481482,3,3,10
rolling_point,2025-05-27,52807.73730977325,1399.7025865833334,32225.44134615253,3402.534633248418,7686.437506672032,43314.413486072976,860.9636430452676,804.1889200000053,1231.6051011481482,1200.0,3,3,20
rolling_point,2025-05-28,55936.31378228594,674.5470835666658,33441.604440560375,964.7899122760125,3742.6819596456585,38149.076312482044,209.12742571330782,481.27489888889625,1200.0,1203.4295375185186,3,3,13
rolling_point,2025-05-29,59168.95161437894,581.7072252999978,35624.41035948531,3231.8391843546383,3942.886446511983,42799.13599035193,581.1323416666676,1137.5670516392347,1203.4295375185186,1305.3856290370368,3,3,7
rolling_point,2025-05-30,25851.013376083265,450.1910630666631,13346.25868331026,473.23375896719045,1856.718731187944,15676.211173465394,0.0,17365.810433333332,1305.3856290370368,1273.2378179999996,3,3,12
rolling_point,2025-05-31,26369.495654595336,344.7303816666664,13164.603968294598,503.1507715066099,2075.0203706483317,15742.775110449538,198.35802425926096,15659.787399389574,1273.2378179999996,1213.8490477777784,3,3,3
rolling_point,2025-06-01,71525.2830214786,3945.9703050000016,44732.05297337436,4659.40675277805,19060.048581137507,68451.50830728991,563.807421111112,0.0,1213.8490477777784,1200.0,3,3,27
rolling_point,2025-06-02,68560.79865084546,4077.902124138891,43314.136758430606,4457.414398286786,19311.31314377662,67082.86430049402,27.007229999999936,0.0,1200.0,1200.0,3,3,29
rolling_point,2025-06-03,68862.8889710849,3757.6633750000015,43736.12159025016,5452.810942278373,18137.91678154084,67326.84931406938,736.7286527777779,0.0,1200.0,1200.0,3,3,26
rolling_point,2025-06-04,69802.05200108333,3721.2580912777803,42967.95937334978,7089.469850749616,17814.168092362986,67871.59731646239,36.48980777777797,0.0,1200.0,1200.0,3,3,28
rolling_point,2025-06-05,71404.04671358579,3646.4560233333345,45050.37570325255,3870.5033293995148,17387.380298646676,66308.25933129873,46.48887944444391,0.0,1200.0,1200.0,3,3,27
rolling_point,2025-06-06,31561.296427947324,3908.6097720460007,18497.55567403043,2281.145679352921,17964.303308092818,38743.00466147617,0.0,2166.419333333336,1200.0,1200.0,3,3,41
rolling_point,2025-06-07,31768.94663667599,3247.2719416666655,17215.570912147872,1350.9642116055002,16005.568293639993,34572.103417393366,0.0,1133.3528699039744,1200.0,1200.0,3,3,23
rolling_point,2025-06-08,66156.32866468538,2809.1693095833352,41643.289385604934,3060.027506395926,13160.023777034163,57863.340669035024,267.00602555555554,0.0,1200.0,1200.0,3,3,28
rolling_point,2025-06-09,72276.16499685597,2934.960070544447,44982.1247332295,2723.3109018490236,14507.368792660172,62212.804427738694,162.37475500000005,0.0,1200.0,1200.0,3,3,32
rolling_point,2025-06-10,73145.89651472427,2776.202359149999,45291.22519811912,2418.5333738968857,12884.384500732755,60594.14307274876,147.46974333333378,0.0,1200.0,1200.0,3,3,30
rolling_point,2025-06-11,77735.43322021488,2648.0945966666673,49260.75218251799,2726.767540509033,12883.773783315006,64871.29350634203,47.21807777777792,0.0,1200.0,1200.0,3,3,28
rolling_point,2025-06-12,74493.38842449163,2548.0518433333336,46833.61792101087,2486.7563043395453,12451.977027733334,61772.35125308375,468.0856699999997,0.0,1200.0,1200.0,3,3,27
rolling_point,2025-06-13,31634.06890518759,2579.0230366666633,18030.3497753414,2065.0803201662156,12782.530277306645,32877.96037281426,0.0,3379.300146879291,1200.0,1200.0,3,3,23
rolling_point,2025-06-14,31004.95467565782,2893.7987248666677,17904.845692309067,1779.6003658101035,12769.92819795646,32454.37425607563,0.0,5326.119652716052,1200.0,1200.0,3,3,34
rolling_point,2025-06-15,73436.23370183175,1739.834683333331,45212.87462721768,2116.8640944804793,7783.452394099983,55113.191115798145,301.4221838888891,0.0,1200.0,1200.0,3,3,27
rolling_point,2025-06-16,75446.43206799711,1852.865998233334,47408.89015642589,2928.0876236241825,9530.278469975703,59867.25625002578,461.99816611111123,0.0,1200.0,1200.0,3,3,25
rolling_point,2025-06-17,76856.02511420925,2249.3036700000034,47919.62801829991,3350.4938561956537,10709.590946320499,61979.71282081606,230.37844444444386,0.0,1200.0,1200.0,3,3,29
rolling_point,2025-06-18,73988.06468399102,1779.2052263666662,45402.61058335792,3966.5506763770745,8689.710790225077,58058.872049960075,801.7279088888888,0.0,1200.0,1200.0,3,3,27
rolling_point,2025-06-19,70855.61627941014,2524.2913640500005,43549.610551115926,3000.199824403137,12981.371228463304,59531.18160398236,990.2421782578891,0.0,1200.0,1200.0,3,3,35
rolling_point,2025-06-20,30349.205753921604,1831.0542116666659,16913.096932832257,825.3007142988524,8221.904130694998,25960.30177782611,0.0,7365.150234999998,1200.0,1200.0,3,3,25
rolling_point,2025-06-21,30761.475730519873,1359.5597983444425,16918.49473962299,622.3386987040589,6060.2259154646745,23601.059353791723,4.836494444444497,10292.619383333333,1200.0,1233.5919,3,3,23
rolling_point,2025-06-22,70568.53557941837,917.6568864166638,43629.74243449951,2310.3269612293016,4188.133648600278,50128.203044329086,94.56994277777744,0.0,1233.5919,1200.0,3,3,25
rolling_point,2025-06-23,70515.72128923415,1214.9881773833354,44203.47607403232,2352.8159633168943,5770.562501463647,52326.854538812855,567.7988332510324,0.0,1200.0,1200.0,3,3,27
rolling_point,2025-06-24,79821.04860298306,991.9019217999983,49938.06339230299,2190.3426379352104,4647.324900474423,56775.73093071262,57.480873333332966,0.0,1200.0,1200.0,3,3,23
rolling_point,2025-06-25,74058.60805100788,1113.937584599999,45405.24196847702,1730.119068223643,5467.259625286993,52602.620661987654,700.0466161111109,0.0,1200.0,1200.0,3,3,24
rolling_point,2025-06-26,71525.759904079,1291.7811488500029,44260.78991140908,1613.3044736005236,5856.421193577616,51730.51557858723,1275.0977461111106,94.20511582304415,1200.0,1200.0,3,3,27
rolling_point,2025-06-27,31282.029361220164,840.2337834888851,17198.51005384782,900.2622610488861,4099.92624705548,22198.698561952187,8.42509333333328,9850.077073744857,1200.0,1200.0,3,3,18
rolling_point,2025-06-28,31404.994110830175,763.1814886333325,17446.175221678,653.9758966512101,3000.9180441830463,21101.069162512256,8.132738888888753,7944.932851618656,1200.0,1200.0,3,3,18
rolling_point,2025-06-29,73374.67076888889,359.6535963666666,45021.74918926437,1946.0837634619074,2022.5977676071254,48990.4307203334,181.45846709191056,0.0,1200.0,1365.8812187407405,3,3,12
rolling_point,2025-06-30,73728.62274804918,560.272917555547,45390.173877823996,1066.46618418915,2017.0026300564753,48473.642692069625,369.74436382715436,0.0,1365.8812187407405,1200.0,3,3,14
rolling_point,2025-07-01,77377.61373341076,5038.656057372225,51318.85715995466,6120.424192120965,23938.867720878403,81378.14907295404,0.0,0.0,1200.0,1200.0,3,3,32
rolling_point,2025-07-02,70309.5510268945,5861.967579244442,46850.90557499413,4667.628858936142,28715.64332925772,80234.177763188,0.0,0.0,1200.0,1200.0,3,3,35
rolling_point,2025-07-03,78654.93682841111,4944.918083649999,51681.55954631492,5337.273188530556,23479.059112336603,80497.89184718208,0.0,0.0,1200.0,1200.0,3,3,31
rolling_point,2025-07-04,32298.19574781207,8649.257525043484,18951.581030449124,1884.2410150879114,32931.50404263792,53767.32608817496,0.0,9760.98953333333,1200.0,1200.0,3,3,60
rolling_point,2025-07-05,33964.02666543897,7542.6540567111115,20236.6582007337,2011.5026543963472,29072.06256132753,51320.22341645758,0.0,10363.689966666681,1200.0,1200.0,3,3,58
rolling_point,2025-07-06,78718.81895646187,5058.501714099999,51588.91509416853,5853.448588051827,24772.163974857325,82214.52765707768,3.1164833333334627,0.0,1200.0,1200.0,3,3,34
rolling_point,2025-07-07,70880.57514725802,6052.959886249997,45723.57608879447,2781.9691058431486,30173.102502811653,78678.64769744927,0.0,0.0,1200.0,1200.0,3,3,37
rolling_point,2025-07-08,75144.94298522099,4124.832865416668,49207.833519258354,4030.149727120921,20486.307691108337,73724.29093748762,0.0,0.0,1200.0,1200.0,3,3,38
rolling_point,2025-07-09,74079.37002189465,3778.130882916665,47759.00748763724,2927.1626469822677,19074.960271204993,69761.1304058245,80.84872500000006,0.0,1200.0,1200.0,3,3,33
rolling_point,2025-07-10,72790.94453731707,3527.7574083166664,48496.592286524945,3933.0919566300126,16821.19287722033,69250.87712037528,3.840666666666607,0.0,1200.0,1200.0,3,3,32
rolling_point,2025-07-11,35973.98787678326,5277.754060155553,21329.664585807477,1724.2679180005616,20462.560370722524,43516.492874530566,0.0,6281.638466666668,1200.0,1200.0,3,3,51
rolling_point,2025-07-12,36220.747792810966,5254.917978211111,21404.130903126497,1299.2871969138027,20663.7187223158,43367.1368223561,0.0,8016.247499999998,1200.0,1200.0,3,3,55
rolling_point,2025-07-13,69209.02105532188,3728.0474924620707,45430.46318318026,3685.0877828956386,18708.738565217813,67824.2895312937,110.8874083333335,0.0,1200.0,1200.0,3,3,32
rolling_point,2025-07-14,71453.33117579445,4025.111644788886,46063.419734899624,3105.7014813716632,20172.76831736231,69341.8895336336,0.0,0.0,1200.0,1200.0,3,3,35
rolling_point,2025-07-15,74442.86612970385,1782.1185994666669,48728.172242995606,3670.4745773221057,9641.392842224901,62040.039662542615,0.0,0.0,1200.0,1200.0,3,3,22
rolling_point,2025-07-16,73256.58430386707,2656.932239983336,47394.53604035982,2806.6467658495626,13007.929108938566,63209.11191514794,0.8886666666667224,0.0,1200.0,1200.0,3,3,32
rolling_point,2025-07-17,73788.2742764589,2902.5248811111132,47626.080223295125,3065.808340889441,13456.48022424557,64148.36878843013,79.2618594444441,0.0,1200.0,1200.0,3,3,33
rolling_point,2025-07-18,36879.17708264746,3040.256687755556,22078.066578112193,1784.8972144621348,11829.183818103244,35692.14761067757,0.0,6251.535166666666,1200.0,1200.0,3,3,45
rolling_point,2025-07-19,36677.48273885158,3847.796475183336,21745.036295749225,1787.4417523785655,15166.146777449125,38698.62482557692,19.87258333333341,11004.212350000002,1200.0,1200.0,3,3,48
rolling_point,2025-07-20,74134.63546455864,2097.1881424166686,46978.67860804744,2274.7027324415676,9920.116482124176,59173.497822613186,242.80064333333314,0.0,1200.0,1200.0,3,3,31
rolling_point,2025-07-21,75806.98564298799,2141.9107073999985,48131.691940336095,2933.251847673468,10428.166139171384,61493.10992718095,0.0,0.0,1200.0,1200.0,3,3,32
rolling_point,2025-07-22,77974.2171106,1209.4642866666668,49232.38351505939,6515.1245872519785,5728.759724966668,61476.26782727803,1407.8890205555554,0.0,1200.0,1200.0,3,3,25
rolling_point,2025-07-23,76525.31775771914,1810.525591333333,48968.35896184307,4385.908215614976,9138.609276133013,62492.87645359106,110.28788722222248,0.0,1200.0,1200.0,3,3,27
rolling_point,2025-07-24,76876.40846530693,744.530361866664,49037.071745547946,2259.769596600886,3123.2131110448627,54420.05445319369,55.963132777778355,0.0,1200.0,1200.0,3,3,23
rolling_point,2025-07-25,37777.37703434918,1645.0747047333327,22376.814744695697,932.2147014746374,7402.667141331358,30711.69658750169,3.8724394444446943,10495.534583333329,1200.0,1200.0,3,3,32
rolling_point,2025-07-26,38690.931163278045,1387.1940240666677,22785.764879302613,1111.9613461140912,7347.90633832754,31245.632563744242,13.526053333333266,9102.245191666663,1200.0,1200.0,3,3,17
rolling_point,2025-07-27,76763.01119645288,1171.7572278944426,49045.70202912191,2316.671976080651,5611.020477422622,56973.39448262518,219.84877555555545,0.0,1200.0,1200.0,3,3,24
rolling_point,2025-07-28,80434.7323229895,1594.7117250082317,51234.63095543001,1956.822279641032,7238.148823329339,60429.602058400385,60.931976666666515,0.0,1200.0,1208.286,3,3,30
rolling_point,2025-07-29,81188.66506765294,431.0517179166685,50786.74785130195,2235.7031471156492,2934.496697546679,55956.947695964285,1479.2268934224944,5.337408888886886,1208.286,1233.9078558148146,3,3,9
rolling_point,2025-07-30,79179.8621956943,212.9206085166657,49952.27090769402,3130.2035631062236,1297.158324712377,54379.632795512625,627.8695324897117,492.80502166666514,1233.9078558148146,1321.1678354444443,3,3,8
rolling_point,2025-07-31,79308.45442778758,327.4191316666685,49939.79653518616,2065.6661145495564,2211.434962631679,54216.897612367386,577.219854149521,56.45880751714799,1321.1678354444443,1334.9052388148148,3,3,9
rolling_point,2025-08-01,38556.71024084251,410.6990328388909,22829.248373377082,1055.2946291991657,2745.9979953441693,26630.540997920416,0.0,15191.211552818928,1334.9052388148148,1410.7304295925928,3,3,4
rolling_point,2025-08-02,38644.36035850075,440.9947907500003,22591.601639501434,632.2070324475253,2970.884312395335,26194.692984344292,307.35962738683105,15173.378288504802,1410.7304295925928,1536.3781285925927,3,3,3
rolling_point,2025-08-03,64840.85125186316,1247.1959247666675,42543.14344131588,2408.5856652801162,6348.8762870258715,51300.60539362187,165.46089094650267,0.0,1536.3781285925927,1215.2858265185182,3,3,25
rolling_point,2025-08-04,69058.28208600864,343.52531463333224,44915.49684056823,3393.611019574031,1420.1124536369202,49729.22031377918,311.60900111111084,0.0,1215.2858265185182,1200.0,3,3,12
rolling_point,2025-08-05,70867.21607565835,0.0,45100.79833513177,1890.1473599616077,0.0,46990.945695093375,755.940215534976,687.5451924897104,1200.0,1693.1137020555534,3,3,0
rolling_point,2025-08-06,73820.8841437037,0.0,47584.1515687404,1640.1885101225914,0.0,49224.340078862995,1955.5897441632346,0.0,1693.1137020555534,1684.054513370371,3,3,0
rolling_point,2025-08-07,70390.16071499999,38.83182999999997,45333.02717921381,2899.550121924811,262.2668841749998,48494.84418531362,1554.3694588477342,1824.939619753085,1684.054513370371,1682.1150322962972,3,3,2
rolling_point,2025-08-08,39739.22754061042,0.0,23233.116863167423,194.18688244708488,0.0,23427.303745614507,143.21090284636372,20972.71395061042,1682.1150322962972,1973.8580870000033,3,2,0
rolling_point,2025-08-09,39614.28209896432,0.0,23432.487970409155,216.7488427490551,0.0,23649.236813158208,464.9973099999997,17899.441737956102,1973.8580870000033,1835.3017199259232,3,2,0
rolling_point,2025-08-10,69553.82390814814,2.1409866666665494,44726.11723552959,768.1437176166379,14.935522986665848,45509.19647613289,826.3341183945486,0.0,1835.3017199259232,1679.4888467407409,3,3,1
rolling_point,2025-08-11,70615.94249730794,79.21310999999992,45186.87174432262,1249.8823529656515,534.3054654399995,46971.05956272827,1297.067257653627,1149.047278333335,1679.4888467407409,1583.3077148333336,3,3,4
rolling_point,2025-08-12,73115.65769716733,43.48508000000004,46764.17336573979,1976.8275931801427,292.9047606133336,49033.905719533264,1114.6956355555585,771.479130000002,1583.3077148333336,1554.4987480185173,3,3,4
rolling_point,2025-08-13,72010.0857744506,47.552239999999756,45479.07827413652,1144.0715689698156,325.14914552499835,46948.29898863134,1379.9070709327848,566.5377849451252,1554.4987480185173,1860.65275162963,3,3,3
rolling_point,2025-08-14,72288.7823763546,51.76306333333309,46087.22554955855,2184.292582468517,356.0471071433317,48627.5652391704,1726.677323779155,1017.6656927777834,1860.65275162963,1606.1055756296312,3,3,3
rolling_point,2025-08-15,39232.79241223593,0.0,22921.8766528076,551.1246431508325,0.0,23473.001295958435,122.80962262688566,19232.854462887517,1606.1055756296312,1693.784478716052,3,2,0
rolling_point,2025-08-16,38972.57859555308,64.6969599999994,23065.624566131086,1240.2639731094175,332.9545939266638,24638.843133167167,482.9890543827162,19137.14643333333,1693.784478716052,1640.0762658148144,3,2,2
rolling_point,2025-08-17,69901.8839480384,109.16398333333336,44817.916005462466,1542.837086316638,738.1433548000002,47098.8964465791,1025.9380185871025,2165.3744891632323,1640.0762658148144,1620.2726293703693,3,3,6
rolling_point,2025-08-18,70336.00393726914,149.67120999999997,45003.73977530006,1110.2875080503163,1013.7290469233332,47127.75633027371,836.3509413374496,1130.2526455349787,1620.2726293703693,1904.0679115185187,3,3,5
rolling_point,2025-08-19,69178.89515412207,135.87763666666683,44412.046488754786,755.2724899032933,916.5837558383345,46083.90273449641,960.5390260288066,826.6508933333347,1904.0679115185187,1491.544223203702,3,3,5
rolling_point,2025-08-20,75459.65103869478,72.26114333333317,47793.741140905535,2434.00026729355,486.99658705166553,50714.737995250754,793.5510801234577,0.0,1491.544223203702,1574.8448204938295,3,3,4
rolling_point,2025-08-21,70130.48431132373,103.85954539999666,44944.577110748105,1819.3173657378543,690.8130227913765,47454.70749927734,871.5010477640625,0.0,1574.8448204938295,1527.4532922222215,3,3,5
rolling_point,2025-08-22,39232.524857651646,383.8837728168322,23196.33724708789,587.5384549420108,2037.8900963550518,25821.765798384953,30.393556666666882,15811.60768333333,1527.4532922222215,1474.564911,3,2,12
rolling_point,2025-08-23,40030.05212810219,0.0,23559.01489782613,433.2152484817016,0.0,23992.230146307833,333.71353905554895,14581.209598779147,1474.564911,1483.1978580370385,3,2,0
rolling_point,2025-08-24,69574.4066521238,1.6023633333334146,45142.93063029892,2541.062136546725,10.794320595000547,47694.78708744064,1041.473651419751,790.8541783333378,1483.1978580370385,1560.889668925926,3,3,1
rolling_point,2025-08-25,76524.97784939643,47.70574666666653,48369.040229404854,5094.8181448691985,321.5378968083324,53785.39627108238,1323.4089389711803,397.40286908093674,1560.889668925926,1673.7676531296288,3,3,4
rolling_point,2025-08-26,71278.73322021947,0.0,45834.78048254745,1420.2150634086365,0.0,47254.99554595609,1391.3774590809285,117.81906611110944,1673.7676531296288,1962.3682852777802,3,3,0
rolling_point,2025-08-27,75357.343676262,46.93000000000029,48290.87388301003,3418.6503461059433,316.292619000002,52025.81684811597,2255.7052940466383,1820.5058990123484,1962.3682852777802,1561.8222880370383,3,3,3
rolling_point,2025-08-28,77109.06636498627,81.9931866666667,48650.06228736182,2714.3227776854837,552.597983046667,51916.98304809397,2324.7261361865576,0.0,1561.8222880370383,1572.5235344074079,3,3,3
rolling_point,2025-08-29,41106.31044015089,0.0,24311.406147947,1114.156185444333,0.0,25425.56233339133,749.5176300617286,15089.402701015086,1572.5235344074079,1509.360540000003,3,2,0
rolling_point,2025-08-30,39918.620153031545,25.857449966665808,23612.558645557776,463.56421179726897,54.817793929331515,24130.940651284374,181.18250740740638,18920.40497653635,1509.360540000003,1227.8728350000004,3,2,1
rolling_point,2025-08-31,72339.12437399794,34.62465999999995,46213.02341498002,1128.4341900615714,235.75141351499963,47577.20901855659,822.093130000005,0.0,1227.8728350000004,2033.8414076666668,3,3,2
rolling_point,2025-09-01,70146.55899786008,0.0,45162.94275727636,3656.99004675359,0.0,48819.93280402995,7257.123007325102,2255.180274444452,2033.8414076666668,5629.971296074074,3,3,0
rolling_point,2025-09-02,68196.26707203704,0.0,44118.592781785424,2810.256061006216,0.0,46928.84884279164,7968.454986961591,2793.8483478120747,5629.971296074074,5570.3658437777785,3,3,0
rolling_point,2025-09-03,66955.39648694101,0.0,44240.5928004282,1457.8052521781283,0.0,45698.39805260633,6893.096239430725,1836.188598422495,5570.3658437777785,5218.324985888888,3,3,0
rolling_point,2025-09-04,66015.63610430041,0.0,43842.59431976069,1321.1017906893053,0.0,45163.69611044999,6978.370561543211,1405.5592032921838,5218.324985888888,5419.459001851852,3,3,0
rolling_point,2025-09-05,35417.30915666666,0.0,21548.81762583633,532.4519968930003,0.0,22081.26962272933,1497.1867333333325,24449.13418902606,5419.459001851852,5579.849910592593,3,3,0
rolling_point,2025-09-06,35567.2503238,0.0,21677.091183186323,251.34207005624987,0.0,21928.433253242572,1418.9610183333332,23570.005943004115,5579.849910592593,5936.693064203707,3,3,0
rolling_point,2025-09-07,68451.42127417201,0.0,44745.38226053901,2918.103494970359,0.0,47663.48575550937,8201.291855294923,2005.94710505679,5936.693064203707,5742.661705000001,3,3,0
rolling_point,2025-09-08,69795.68077179149,0.0,45281.526781508146,1594.0926044487203,0.0,46875.61938595687,6817.916482573385,1185.8753521947901,5742.661705000001,4818.285106814818,3,3,0
rolling_point,2025-09-09,63983.342781941006,0.0,42092.171861406656,2658.0348086415324,0.0,44750.20667004819,4381.823723381345,3017.9634954732537,4818.285106814818,4786.287876925929,3,3,0
rolling_point,2025-09-10,72434.14871176954,31.613811666665313,46338.05205352377,2362.3371842653705,150.0702698666601,48850.459507655796,7232.9917030658435,268.46057333333505,4786.287876925929,4596.137299259258,3,3,2
rolling_point,2025-09-11,64515.234086358025,0.0,42375.17126699797,2513.8483630310193,0.0,44889.01963002899,5342.38597442387,1912.0857899176958,4596.137299259258,4802.636300481483,3,3,0
rolling_point,2025-09-12,35880.344200706444,0.0,21746.227483361356,714.3496000749444,0.0,22460.5770834363,1799.6425516666663,19928.264309471877,4802.636300481483,5029.870517296294,3,2,0
rolling_point,2025-09-13,35430.10724776667,0.0,21430.2600855979,224.4092757886944,0.0,21654.669361386594,1013.310471666666,23636.712623470507,5029.870517296294,5394.785180000002,3,3,0
rolling_point,2025-09-14,69964.0114430041,0.0,45375.77719210633,2501.947903703395,0.0,47877.72509580973,5866.953172530856,1514.2221705555537,5394.785180000002,4487.262961666669,3,3,0
rolling_point,2025-09-15,63248.85421296295,200.0369238888908,41296.12212320503,383.3217276199945,1031.932446013899,42711.37629683892,4318.117898333327,759.210650000001,4487.262961666669,3986.804628000001,3,3,4
rolling_point,2025-09-16,68388.14858570577,0.0,43715.8832689358,2269.829235818579,0.0,45985.71250475438,4187.772662187246,1438.8307329835466,3986.804628000001,3583.537819518517,3,3,0
rolling_point,2025-09-17,69199.26310939643,7.62916666666672,44408.954493054094,1324.8709452813075,34.70889375000024,45768.5343320854,5223.222537153641,189.89167341563603,3583.537819518517,3671.13117837037,3,3,1
rolling_point,2025-09-18,69812.89531817874,0.0,44696.61184870825,3410.2572153892697,0.0,48106.86906409752,5849.977138469475,1349.4524355555545,3671.13117837037,3584.439013296297,3,3,0
rolling_point,2025-09-19,35215.17537728395,0.0,20881.890876866648,478.37467388530575,0.0,21360.265550751952,935.9857683333335,14735.538712551435,3584.439013296297,4490.46156851852,3,2,0
rolling_point,2025-09-20,34396.99567017146,0.0,20469.44097662505,305.0889520467227,0.0,20774.529928671775,699.1311761111112,15365.232652002745,4490.46156851852,4610.180490814816,3,3,0
rolling_point,2025-09-21,67425.60721779834,0.0,43491.75017805257,1058.8669148823858,0.0,44550.617092934954,4705.304297222223,1776.1698692729747,4610.180490814816,3822.1116186296304,3,2,0
rolling_point,2025-09-22,66854.95813751714,0.0,42834.442283285825,1861.1902853168901,0.0,44695.63256860271,3356.765530768174,0.0,3822.1116186296304,2889.0294006666663,3,2,0
rolling_point,2025-09-23,69973.84471053498,6.375,44369.07061175072,710.7462620098416,42.996187500000005,45122.81306126057,3373.0197834156393,392.73555000000283,2889.0294006666663,2974.080832481482,3,2,1
rolling_point,2025-09-24,68282.80892319382,75.49095781110907,43486.7236845897,1449.3293396001109,366.95264253424546,45303.00566672406,3102.2302485185196,0.0,2974.080832481482,3233.3643900740744,3,2,3
rolling_point,2025-09-25,69179.89725292867,13.417000000000144,44372.94853198561,1668.4301782751668,90.33666100000097,46131.715371260776,4064.8707471262023,1492.4394473799744,3233.3643900740744,2894.028507111112,3,2,1
rolling_point,2025-09-26,34380.94666803703,0.0,19869.898785164183,638.2055980333442,0.0,20508.104383197526,709.1141543333312,12566.177415555552,2894.028507111112,3654.0948896296322,3,2,0
rolling_point,2025-09-27,34229.06019541152,0.0,20082.632993480744,819.8463901636167,0.0,20902.47938364436,715.5923283333334,13571.754574444438,3654.0948896296322,3138.009334888891,3,2,0
rolling_point,2025-09-28,71666.20745706926,0.0,45503.16185116844,3860.834253975272,0.0,49363.99610514371,4004.7096844581647,674.6219711111104,3138.009334888891,2897.880279925927,3,2,0
rolling_point,2025-09-29,66842.41735831274,667.9546281666663,42500.39482733026,2718.617086159397,3364.066340747498,48583.07825423716,1518.3212294170025,0.0,2897.880279925927,2144.99371562963,3,2,9
rolling_point,2025-09-30,72293.72161806584,389.67257862777745,46202.06600701074,986.460577921197,1954.2936835154876,49142.82026844743,2988.3688378395045,0.0,2144.99371562963,2256.9679354814784,3,2,5
rolling_point,2025-10-01,62290.81695041152,0.0,39630.88254444556,1172.8812257173558,0.0,40803.763770162914,3287.539258971193,3535.2382950617307,2256.9679354814784,4166.951409925925,3,2,0
rolling_point,2025-10-02,60521.872620637856,0.0,38721.359381596994,3031.953977700631,0.0,41753.31335929762,2652.704834012343,2258.396769423867,4166.951409925925,4315.1878990000005,3,2,0
rolling_point,2025-10-03,30325.172827935523,0.0,17390.982249060628,112.54768804458345,0.0,17503.52993710521,776.7377549999998,18750.509386310012,4315.1878990000005,4794.720161925925,3,2,0
rolling_point,2025-10-04,31036.9334136214,0.0,17919.338701942124,223.97547798366855,0.0,18143.314179925794,956.172573333333,14789.387951316874,4794.720161925925,4437.798934777779,3,2,0
rolling_point,2025-10-05,61106.47351862139,0.0,39299.263487608914,2740.1093846362014,0.0,42039.37287224511,2591.272361556924,489.9854605555558,4437.798934777779,3984.5679101481464,3,2,0
rolling_point,2025-10-06,61200.69829989342,30.674888533333515,38913.44051383456,884.1515618293128,148.78443576386755,39946.37651142774,495.61014333333225,0.0,3984.5679101481464,3159.568393407409,3,3,2
rolling_point,2025-10-07,64113.533149300405,18.13144932777611,40585.98791369018,873.758455906244,85.81041687304747,41545.556786469475,1744.969446831282,475.5290999999984,3159.568393407409,3421.619154296295,3,2,2
rolling_point,2025-10-08,60387.006953954115,424.187834999997,37947.48331725316,556.4958935417653,2193.6290016583175,40697.60821245324,877.606481628601,0.0,3421.619154296295,2982.4036231481496,3,3,5
rolling_point,2025-10-09,59749.43997306584,552.0228383333343,37820.282767172226,3572.7537659286736,2851.721067200005,44244.75760030091,508.41627220850677,128.391294444445,2982.4036231481496,2959.8301783827173,3,3,5
rolling_point,2025-10-10,30408.170726652945,226.30355430000114,16737.341838387805,388.63891361866536,849.2680379981379,17975.24879000461,85.44160802469032,18323.73135,2959.8301783827173,3092.4779627037037,3,3,3
rolling_point,2025-10-11,30964.814685761317,0.0,17051.116301032063,364.1622885789454,0.0,17415.278589611007,413.680266666667,13661.801984238682,3092.4779627037037,3024.6691660617325,3,2,0
rolling_point,2025-10-12,62662.39951580033,20.929933333333338,39498.893381491354,925.5290572129113,98.03580773333336,40522.4582464376,528.45073201646,0.0,3024.6691660617325,2778.8088244444466,3,3,1
rolling_point,2025-10-13,61260.19282998395,119.9540992499964,39282.02359728867,2648.200832251961,591.8121394198567,42522.03656896049,219.8842918518459,0.0,2778.8088244444466,3008.2772546583947,3,3,3
rolling_point,2025-10-14,65167.76834583387,618.1550099999987,41479.13533741777,3589.869336990342,3092.256610374993,48161.261284783104,1454.468792798351,0.0,3008.2772546583947,2669.106958888889,3,2,5
rolling_point,2025-10-15,66150.67364519568,346.59205052222296,41321.829340238284,3472.229869300518,1735.3383797551148,46529.39758929392,699.9530527244893,0.0,2669.106958888889,2526.717435962963,3,3,4
rolling_point,2025-10-16,67439.74397970083,74.0640388888886,42562.98773215785,1343.808546613832,359.2272227611097,44266.02350153279,125.39018666666675,161.5853550000035,2526.717435962963,2676.7912879629635,3,3,3
rolling_point,2025-10-17,30494.212134131412,160.60024396666665,16615.27367023644,529.2718453173054,638.638042906578,17783.18355846032,285.3285546570653,11872.125383333332,2676.7912879629635,2399.99789974074,3,3,3
rolling_point,2025-10-18,31379.92607388614,127.86412588888916,17190.03316312839,540.5352238355234,560.4290755331119,18290.997462497027,232.2476073456776,12061.329233333332,2399.99789974074,2756.7730348888877,3,3,4
rolling_point,2025-10-19,67164.91430393457,613.4487971111095,42376.35468721291,728.319615858065,3099.498767942769,46204.17307101375,135.72844444444456,0.0,2756.7730348888877,2431.3616745555564,3,3,6
rolling_point,2025-10-20,69142.8231930035,324.200592916667,43302.52353889915,1439.690064086099,1556.5287003387516,46298.742303324,1083.0707634567837,112.65218666666806,2431.3616745555564,2223.3030846851852,3,3,4
rolling_point,2025-10-21,71698.31616424622,397.53841084444224,44761.45880894042,897.5616572397865,1911.0587395288783,47570.07920570908,1185.8754852537704,0.0,2223.3030846851852,2544.484623506169,3,3,5
rolling_point,2025-10-22,69184.08503489713,385.57719625555575,43279.372140092404,1631.1177027325045,1880.2136076097065,46790.703450434616,515.109502626892,0.0,2544.484623506169,1920.3538827777795,3,3,4
rolling_point,2025-10-23,67763.85613371151,402.191075777777,42642.66666859852,5630.137894117455,1949.832139016885,50222.63670173286,214.6853533333334,0.0,1920.3538827777795,2325.733777592596,3,3,3
rolling_point,2025-10-24,31617.296344557468,324.77592666666646,17039.825803857446,265.7841133119634,1499.1955802283328,18804.80549739774,111.96729466392549,10930.700566666666,2325.733777592596,1805.233524555557,3,3,4
rolling_point,2025-10-25,32333.850978196155,15.241348711111346,17405.928958826233,145.39636324091737,88.52937398849025,17639.85469605564,237.30559579561134,9530.843083333331,1805.233524555557,1947.9486629259275,3,3,1
rolling_point,2025-10-26,68867.91165444278,414.14852909444176,43129.26368951718,3616.7487713507862,2034.546938177317,48780.55939904528,203.84018768860355,0.0,1947.9486629259275,2377.5097825925914,3,3,5
rolling_point,2025-10-27,69373.13190102592,19.744933333333393,43675.509395913905,1961.8089514073454,92.48526773333361,45729.80361505458,1945.8503698696757,125.06082166666701,2377.5097825925914,2046.5170887654322,3,3,1
rolling_point,2025-10-28,70985.83191956906,0.0,44546.50652341428,1276.0856470500896,0.0,45822.59217046437,800.2772357544574,0.0,2046.5170887654322,2122.3800315987655,3,3,0
rolling_point,2025-10-29,73788.29363379114,0.0,45877.32146584568,797.6050174850208,0.0,46674.9264833307,774.8166635737277,0.0,2122.3800315987655,1458.0641674814797,3,3,0
rolling_point,2025-10-30,69558.32810899772,3.641833333333352,43619.85834494568,1448.6220983369394,17.058347333333423,45085.53879061595,364.0064067283922,0.0,1458.0641674814797,1697.9760153703708,3,3,1
rolling_point,2025-10-31,32628.42110151831,253.05880999999948,17462.042176183943,575.7552923085138,1224.5268172699982,19262.324285762454,15.806680781892979,5879.566800000003,1697.9760153703708,1627.4403954444444,3,3,5
rolling_point,2025-11-01,33125.0338315321,85.63370222222194,17740.913982352908,391.3065140541445,498.0063540577761,18630.226850464827,138.58540997942447,7082.824433333333,1627.4403954444444,1921.8940304074106,3,3,2
rolling_point,2025-11-02,73848.13378445012,11.484426099999268,45946.34462220248,2184.2037914254015,80.1153564735949,48210.66377010148,1041.7325751028814,0.0,1921.8940304074106,1537.6015753333336,3,3,1
rolling_point,2025-11-03,74139.90060262002,656.9419555777757,45972.212542830544,1207.8925101112984,3172.700304168879,50352.80535711072,768.1078292043879,0.0,1537.6015753333336,1878.508414111109,3,3,6
rolling_point,2025-11-04,71903.4401352657,33.599550000000136,44965.44531813193,1349.0760432062314,155.817178033334,46470.3385393715,388.99377117283404,189.88050999999868,1878.508414111109,1433.0992449999997,3,3,2
rolling_point,2025-11-05,73483.5500800552,788.1893647944453,45498.22399552755,3353.706814665168,3645.8796904663586,52497.81050065908,355.63287499999933,0.0,1433.0992449999997,1288.8822023333335,3,3,9
rolling_point,2025-11-06,75914.32482112174,704.8263626000002,47168.659040185375,1035.3170722314594,3039.7238703346834,51243.69998275152,960.3245951371716,0.0,1288.8822023333335,1231.2183870000001,3,3,17
rolling_point,2025-11-07,33658.678136631686,386.3978949999995,17772.929751732616,347.27050264253074,2199.124147472497,20319.324401847643,37.08794128943827,7227.335758641975,1231.2183870000001,1284.1958862962963,3,3,5
rolling_point,2025-11-08,33512.378284350205,0.0,17651.43050957428,141.74400155948106,0.0,17793.17451113376,126.02194727023262,6230.958044526744,1284.1958862962963,1326.4128491481488,3,3,0
rolling_point,2025-11-09,76115.57611177543,102.36167126666658,47386.366929095115,1018.4183934205336,563.8683893862659,48968.65371190192,357.6065170027373,0.0,1326.4128491481488,1313.267286518519,3,3,4
rolling_point,2025-11-10,78939.83741305307,196.11325759999502,49222.33944838343,1655.4079942991118,1044.3100933047647,51922.057535987304,845.9828913236537,0.0,1313.267286518519,1303.8849053333333,3,3,6
rolling_point,2025-11-11,76177.77376206193,204.56020671666934,47469.9069072638,1467.1876412775785,792.7139269216208,49729.808475463,461.13610209876447,0.0,1303.8849053333333,1204.1837157777777,3,3,11
rolling_point,2025-11-12,76521.82383671873,60.94914489999587,47964.65994752424,2652.0710100984033,394.611774822371,51011.34273244501,1234.3251371810684,0.0,1204.1837157777777,1269.349103148148,3,3,2
rolling_point,2025-11-13,76643.37168636727,156.93409096666542,48465.72537814697,1465.428504237981,885.5312204670587,50816.685102852,147.5549561111111,0.0,1269.349103148148,1305.553815,3,3,6
rolling_point,2025-11-14,34148.82523393539,148.42845333332815,18255.442663225076,448.2033240214431,852.1801888466352,19555.826176093156,34.564195000000154,3180.6119000000003,1305.553815,1433.7968229999997,3,3,4
rolling_point,2025-11-15,34410.513226881274,149.95402916666413,18117.632757294243,281.88939474220325,881.9231984441631,19281.445350480608,27.310231111111193,2972.679936625517,1433.7968229999997,1297.536585,3,3,4
rolling_point,2025-11-16,79289.51468708353,20.635625199999435,49998.483951576636,1774.2950332489477,44.0102826691988,51816.78926749479,470.93040262002273,64.97761579561148,1297.536585,1200.0,3,3,2
rolling_point,2025-11-17,78796.86883554794,0.0,49464.25670289816,3225.8224799938644,0.0,52690.07918289202,1453.831527914951,94.99867222221938,1200.0,1446.351180185185,3,3,0
rolling_point,2025-11-18,79080.34998814136,440.3133143722208,49589.65857026617,2059.231752221014,2022.3720691544927,53671.26239164168,146.64538944444462,0.0,1446.351180185185,1330.2024190000002,3,3,7
rolling_point,2025-11-19,80525.29202139397,198.62180209999786,50631.895168304465,3139.231057010685,816.475021554969,54587.60124687012,1037.6865875583007,17.07161111111064,1330.2024190000002,1200.0,3,3,9
rolling_point,2025-11-20,79652.49598035919,147.09460430000073,49890.978434749515,1415.550424597702,675.0062266298704,51981.535085977084,352.32821611111035,0.0,1200.0,1226.1462000000001,3,3,8
rolling_point,2025-11-21,35325.00427712263,38.66666269999873,18926.612766766637,357.4249528277097,211.81597827059304,19495.85369786494,75.5623346776403,2743.983500205763,1226.1462000000001,1485.5273075925925,3,3,1
rolling_point,2025-11-22,36187.36850068107,123.62029486666654,19090.10331990267,387.7500062847469,602.5756431968007,20080.42896938422,64.63194666666641,2688.0928097942365,1485.5273075925925,1252.465725,3,3,4
rolling_point,2025-11-23,79927.92238101405,69.34591566666575,50353.88438613497,2290.68396373485,319.9976414326625,52964.56599130248,260.63275189986814,61.2019862688571,1252.465725,1246.6257971111108,3,3,2
rolling_point,2025-11-24,78509.02744937531,273.00567946666627,49281.49080650747,1093.697675603069,1179.621786016329,51554.81026812687,148.83219500000018,0.0,1246.6257971111108,1200.0,3,3,10
rolling_point,2025-11-25,81020.46858500424,96.38204656666433,51006.6450618242,2109.8584650709427,263.59882434330456,53380.10235123845,512.6865115569282,2.795926111109317,1200.0,1213.2404999999999,3,3,6
rolling_point,2025-11-26,82187.55657046968,32.99316666666664,51644.99276243623,1379.665113299745,154.53999266666654,53179.19786840264,745.5441305967129,2.9483333333332666,1213.2404999999999,1342.985533074073,3,3,1
rolling_point,2025-11-27,80918.04588265048,17.793771666666203,51073.22968847939,1633.6378143259178,124.12935114666342,52830.996853951976,733.2464457544615,0.0,1342.985533074073,1336.1274689629631,3,3,1
rolling_point,2025-11-28,35770.23450074164,124.53437555555163,19120.85495893189,462.84331332134,747.1038092777534,20330.802081530983,53.16029666666668,1225.4578666666644,1336.1274689629631,1435.6862228148148,3,3,2
rolling_point,2025-11-29,39031.523670761315,104.9364826666671,20486.04232243609,1399.5230819868257,223.66245982833425,22109.22786425125,303.78100403292524,625.5038035802457,1435.6862228148148,1200.0,3,2,3
rolling_point,2025-11-30,85094.56926893476,325.56465616666543,53600.809590106466,1750.7145681253899,1437.9609984314961,56789.48515666335,382.3671471320256,0.0,1200.0,1200.0,3,2,12
rolling_point,2025-12-01,87061.1436022467,3733.2624267166702,56364.109868591324,2088.679854424165,17695.46285129677,76148.25257431227,0.0,0.0,1200.0,1200.0,3,3,26
rolling_point,2025-12-02,89890.96379187022,3415.687027822221,58169.24534417731,2531.527164115339,16703.82512153229,77404.59762982494,32.10887500000001,0.0,1200.0,1208.922,3,3,27
rolling_point,2025-12-03,89232.78505265864,2603.1300077540004,57358.46720633889,3833.285431292893,12108.369497505666,73300.12213513746,0.0,0.0,1208.922,1200.0,3,3,23
rolling_point,2025-12-04,87725.87779064404,3689.9515867666664,56846.8131244153,3379.7135660534377,18107.20532069827,78333.73201116701,32.68238666666639,0.0,1200.0,1200.0,3,3,25
rolling_point,2025-12-05,42843.515248205214,2252.743493266666,23312.854197991244,1840.8488008396498,11362.933621748729,36516.63662057962,56.93194222222235,0.0,1200.0,1200.0,3,3,20
rolling_point,2025-12-06,45250.41731600686,2207.6568416666655,24562.836558986295,1546.0286369964756,11330.319639365258,37439.18483534803,10.862330000000043,0.0,1200.0,1200.0,3,3,25
rolling_point,2025-12-07,88892.48925113888,3230.8567807777767,57682.43802424543,3393.520194659439,15480.404563217317,76556.36278212219,0.0,0.0,1200.0,1200.0,3,3,23
rolling_point,2025-12-08,91764.03946955966,1408.393020527778,59054.31551044152,2514.27514002043,7101.841931799788,68670.43258226174,645.9651233333333,0.0,1200.0,1205.4421593333332,3,3,11
rolling_point,2025-12-09,89826.08727298025,2215.875874066666,58208.290853571976,1735.2350761802345,11343.94959836302,71287.47552811523,32.12832611111094,0.0,1205.4421593333332,1202.7861,3,3,19
rolling_point,2025-12-10,90615.77578658277,2515.7555473833336,58209.89129245699,2874.3539882943915,11502.619409493294,72586.86469024466,49.444050000000175,0.0,1202.7861,1200.0,3,3,27
rolling_point,2025-12-11,88965.82512917406,1656.5073739833283,57279.05440275786,2527.8282745992933,7818.032668425064,67624.91534578221,61.78686333333371,0.0,1200.0,1226.014071888889,3,3,15
rolling_point,2025-12-12,46452.25242177345,1519.1491298,24509.20354831285,1682.0467104884967,7543.624882294433,33734.87514109578,303.49288611111115,0.0,1226.014071888889,1236.8639041481479,3,3,20
rolling_point,2025-12-13,46053.96765954334,1617.0999837999989,24253.951380754806,1264.758595240397,8433.852024029342,33952.56200002455,3.0755477777778424,0.0,1236.8639041481479,1200.0,3,3,21
rolling_point,2025-12-14,91077.97235228757,2628.679348933333,58358.8933716439,2484.6812713322806,12495.171461858945,73338.74610483513,112.29541666666671,0.0,1200.0,1200.0,3,3,24
rolling_point,2025-12-15,93056.78011389691,1408.1393301555513,59728.71118599951,2967.96617062904,6902.045019773406,69598.72237640196,206.575591666666,0.0,1200.0,1205.909007,3,3,9
rolling_point,2025-12-16,92714.980833407,1400.4530049944394,59877.5947481272,1651.6654132029976,6638.679992249465,68167.94015357966,8.55104666666648,0.0,1205.909007,1200.0,3,3,19
rolling_point,2025-12-17,91096.72326028332,1666.8932459500006,58733.66506325112,1578.493988085556,7904.003621513265,68216.16267284994,0.0,0.0,1200.0,1228.2897,3,3,20
rolling_point,2025-12-18,90814.8759486648,1312.881648305555,58770.8672143456,2269.7550317853074,6198.229676603719,67238.85192273463,47.637533333333295,0.0,1228.2897,1207.1124797777777,3,3,16
rolling_point,2025-12-19,45578.35885181851,1363.9902551,24492.26815762007,2105.3478267399596,6642.233363916731,33239.84934827676,155.18220999999994,0.0,1207.1124797777777,1200.0,3,3,20
rolling_point,2025-12-20,45321.12254276632,1480.3267633333323,24195.26617653137,707.5746495825947,7046.826879649994,31949.66770576396,40.15907555555566,0.0,1200.0,1226.9074319999995,3,3,23
rolling_point,2025-12-21,92121.33665940864,1971.0326756358013,59120.35872309019,1387.0532769756262,9907.000215549488,70414.4122156153,379.0856699588479,0.0,1226.9074319999995,1221.0530347037034,3,2,10
rolling_point,2025-12-22,92895.03002165021,847.93675642778,59838.89723879722,1554.4742063772053,4529.888787480745,65923.26023265517,57.38426166666659,0.0,1221.0530347037034,1219.3096423333334,3,3,14
rolling_point,2025-12-23,91495.70677565802,607.846312277778,58877.9343226059,1455.789799102558,2883.2373558363784,63216.961477544835,157.45216555555623,0.0,1219.3096423333334,1200.0,3,3,7
rolling_point,2025-12-24,92265.57709380287,479.12904832222256,59609.88415107345,931.4366423033749,2741.276734235255,63282.59752761207,163.09872666666672,0.0,1200.0,1223.2100233703702,3,3,7
rolling_point,2025-12-25,91278.69218489258,1470.282108722221,58196.09968418828,1571.2034682442822,7370.484619269133,67137.7877717017,162.83681796295969,0.0,1223.2100233703702,1232.0480933333329,3,3,10
rolling_point,2025-12-26,46378.63100472757,663.9843799999977,24941.15723877377,1365.4880223013897,3386.3266703083214,29692.97193138348,14.156948888888678,0.0,1232.0480933333329,1329.6661052592603,3,3,5
rolling_point,2025-12-27,47155.96084108374,369.0094646000053,24897.313375530914,1040.415659080161,1821.7340824114617,27759.463117022537,146.09370333333356,0.0,1329.6661052592603,1334.633518333333,3,3,6
rolling_point,2025-12-28,90891.21951587331,777.180482955552,58297.44562309365,1109.162263746055,3836.9326481016938,63243.54053494139,143.53526666666653,0.0,1334.633518333333,1442.4832112222205,3,3,7
rolling_point,2025-12-29,93263.16589654732,211.41510082221802,59323.33807946468,1348.4223656307856,836.4609378363192,61508.221382931784,1391.802831872435,0.0,1442.4832112222205,1243.8986493703703,3,3,12
rolling_point,2025-12-30,90705.20137438517,699.5069836222219,57921.15197161174,1403.2808886863413,3335.241347661305,62659.67420795939,473.6283194032889,0.0,1243.8986493703703,1286.9884980000002,3,3,7
rolling_point,2025-12-31,93347.74434888498,673.0275271055525,59664.092775434445,712.0431264569492,3489.5155528525265,63865.65145474392,642.7218632716075,0.0,1286.9884980000002,1200.0,3,3,14
rolling_margin,2025-02-01,47253.8013563007,0.0,26732.01180798317,1688.642361847143,0.0,28420.65416983031,5872.970534824123,3480.206393494512,3910.1342045925076,4250.615394211112,3,2,0
rolling_margin,2025-02-02,92935.01197457672,0.0,61460.43981381018,1785.2753230927278,0.0,63245.71513690291,11318.191324018711,59.174066666666704,4250.615394211112,3773.6705747301576,3,2,0
rolling_margin,2025-02-03,92592.45891414468,0.0,60346.39682924097,2456.401552436421,0.0,62802.79838167739,8875.503586631941,0.0,3773.6705747301576,3407.856422769841,3,2,0
rolling_margin,2025-02-04,93247.8844033779,0.0,60911.336552979075,2533.1330563166057,0.0,63444.46960929568,8366.425408252499,0.3517833333332874,3407.856422769841,3152.6741541684314,3,2,0
rolling_margin,2025-02-05,90960.0014720336,0.0,58628.92156443581,1196.6987120022525,0.0,59825.620276438065,6373.017365171958,2.052500000000009,3152.6741541684314,2947.5830148906534,3,2,0
rolling_margin,2025-02-06,90085.29379166273,0.0,57436.27315863042,3536.9567949730636,0.0,60973.229953603484,5884.035169696246,1.400816666666742,2947.5830148906534,2689.4361424761937,3,2,0
rolling_margin,2025-02-07,43080.70827190966,0.0,22707.066120562067,1522.9373116942427,0.0,24230.00343225631,3095.0544776984116,4930.68493404076,2689.4361424761937,2434.093872598766,3,2,0
rolling_margin,2025-02-08,40248.87271476877,0.0,21362.004598542295,383.98343937078675,0.0,21745.98803791308,1351.8017262571097,3459.3507411522637,2434.093872598766,2797.611481450617,3,2,0
rolling_margin,2025-02-09,89444.23413977267,0.0,57258.9264128043,1735.453800496038,0.0,58994.38021330034,6211.6297390633,0.0,2797.611481450617,2457.6406079656063,3,2,0
rolling_margin,2025-02-10,82237.09809901804,0.0,51879.45931591092,3695.938860593368,0.0,55575.39817650429,3918.841135342329,193.20466666666675,2457.6406079656063,2128.496936488887,3,2,0
rolling_margin,2025-02-11,82587.3296904759,0.0,51790.24749818548,2687.4234767797043,0.0,54477.670974965185,3167.7253488806564,198.7712699657084,2128.496936488887,1943.1331889580247,3,2,0
rolling_margin,2025-02-12,82198.3390421458,0.0,51539.64117235016,2552.4215641297415,0.0,54092.0627364799,2574.7472005212558,58.95943333333321,1943.1331889580247,1937.4810885308618,3,2,0
rolling_margin,2025-02-13,79382.75512383894,2.25129000000004,49343.13230377032,1980.2339271770757,9.859524555000176,51333.2257555024,3779.617403263376,118.10408333333339,1937.4810885308618,1912.6357403037023,3,2,1
rolling_margin,2025-02-14,39891.12089747737,0.0,20790.604922283048,397.7723799030265,0.0,21188.377302186076,1676.7292802407392,4954.700193209878,1912.6357403037023,1910.235023503706,3,3,0
rolling_margin,2025-02-15,39037.00488787654,0.0,20308.153742979375,522.9560558383616,0.0,20831.109798817735,643.0167397695426,5922.646936625516,1910.235023503706,1728.4148570493842,3,2,0
rolling_margin,2025-02-16,81051.64880107608,9.657056666666676,50375.1238519875,2925.629148998869,42.29307967166671,53343.04608065804,1371.5601635144037,0.0,1728.4148570493842,1724.5849042185155,3,3,1
rolling_margin,2025-02-17,77024.16721122467,0.0,47856.98545280939,3856.256528934008,0.0,51713.2419817434,1925.5463836412853,82.12789333333197,1724.5849042185155,1572.7407616777793,3,2,0
rolling_margin,2025-02-18,77990.724419103,9.45234322222234,48521.74658948908,825.638337601391,41.39653714172274,49388.78146423219,1412.5713496447142,95.83631069958746,1572.7407616777793,1871.7525858314775,3,3,1
rolling_margin,2025-02-19,78916.92887981485,68.65202200000022,49203.41771326687,737.6550803686565,300.66153034900094,50241.73432398453,2236.2336620483616,135.93235000000004,1871.7525858314775,1328.0901633407423,3,2,1
rolling_margin,2025-02-20,78377.42626553886,0.0,48409.32666444598,2293.161622230984,0.0,50702.48828667696,2479.5346842277104,391.814483333333,1328.0901633407423,1725.5936007037014,3,2,0
rolling_margin,2025-02-21,35814.0171855435,0.0,18522.842592278128,136.6396701546982,0.0,18659.482262432826,154.99979313168853,6769.198194670784,1725.5936007037014,1706.7271623580252,3,3,0
rolling_margin,2025-02-22,35413.39930275446,0.0,18578.57887028925,458.6283354543111,0.0,19037.20720574356,474.40743905349717,3767.6111649465,1706.7271623580252,1724.6420750617274,3,3,0
rolling_margin,2025-02-23,76706.80658306967,0.07676133333313828,47187.14609583862,1486.0462692063625,0.3595500853324197,48673.551915130316,1230.5610478148146,0.0,1724.6420750617274,1375.2362074222224,3,2,1
rolling_margin,2025-02-24,74396.77771226592,20.91363111111093,46267.20159189461,1402.1575758210479,93.64187320777698,47763.00104092344,1598.033807019203,442.4955518888891,1375.2362074222224,1570.2306672074058,3,3,2
rolling_margin,2025-02-25,72111.34260891494,55.58503333333351,44234.469215721714,2903.1151147485934,245.58059746666748,47383.164927936974,2282.7773366172814,191.45985466666275,1570.2306672074058,1340.648538437038,3,2,3
rolling_margin,2025-02-26,75276.81037917695,39.613050222222114,46027.6546163462,635.2722232375745,173.479390256444,46836.40622984021,1584.161136665973,351.3131161111122,1340.648538437038,1640.2337717185196,3,2,2
rolling_margin,2025-02-27,73560.46591756378,9.03173311111118,45453.07990955675,623.3529638157057,39.54995929355586,46115.98283266601,2155.4079119862918,177.54956322221966,1640.2337717185196,1603.8070064444469,3,2,1
rolling_margin,2025-02-28,33915.16015238683,0.0,17518.512426949514,327.6087461328005,0.0,17846.121173082312,264.41336499999994,7209.652968518527,1603.8070064444469,1492.5107970642039,3,2,0
rolling_margin,2025-03-01,36969.519637467754,0.0,18905.592798982765,318.6080245928259,0.0,19224.20082357559,386.22338318792646,9822.517893004113,1492.5107970642039,1484.5020488577518,3,2,0
rolling_margin,2025-03-02,79322.92875294788,0.0,49439.36332566673,1659.5857502445033,0.0,51098.94907591124,2921.4989530727,0.0,1484.5020488577518,1306.1563687555567,3,3,0
rolling_margin,2025-03-03,78751.00854293095,32.00625523333247,48801.68355678262,2812.2356562248933,144.44900736181341,51758.368220369324,2154.3008052331984,296.4895999999999,1306.1563687555567,1324.4120805185185,3,2,3
rolling_margin,2025-03-04,75040.3450588809,0.0,46494.2255510078,1132.627602646658,0.0,47626.85315365446,1486.6108280027447,324.48685999999924,1324.4120805185185,1291.4637373716087,3,3,0
rolling_margin,2025-03-05,72339.57500337446,0.0,44612.67012943567,2831.2036988135824,0.0,47443.87382824925,2030.8917520000023,0.0,1291.4637373716087,1451.578188799999,3,3,0
rolling_margin,2025-03-06,72482.5496859325,0.0,44683.93979369583,1110.9032150017294,0.0,45794.84300869756,2019.5950524866253,391.508203222224,1451.578188799999,1517.201192033335,3,3,0
rolling_margin,2025-03-07,33552.81015724691,0.0,17360.722468046602,475.72724927982784,0.0,17836.44971732643,316.6442263566536,9181.870649753084,1517.201192033335,1669.4635312888918,3,2,0
rolling_margin,2025-03-08,32326.184148781893,0.0,16777.58639514134,103.49082989415261,0.0,16881.077225035493,302.88025366666653,10008.078895349792,1669.4635312888918,1647.4427282765469,3,2,0
rolling_margin,2025-03-09,69078.8242185089,0.0,42524.34719034985,3593.3266471375614,0.0,46117.67383748741,1858.9683076735255,187.33829033332987,1647.4427282765469,1357.8746127333325,3,2,0
rolling_margin,2025-03-10,74095.85328360127,0.0,45061.51218163292,1108.0773259181883,0.0,46169.58950755111,1801.3239056757504,122.07956679286812,1357.8746127333325,1348.6330954074124,3,2,0
rolling_margin,2025-03-11,70448.17855387359,0.0,42958.66680492212,3849.2887653035414,0.0,46807.95557022566,1422.5863215555478,728.7515391111109,1348.6330954074124,1704.6796862370393,3,3,0
rolling_margin,2025-03-12,67784.25774440283,0.0,41657.11064194183,3415.4630310190464,0.0,45072.573672960876,1541.4324438472815,224.6315841975266,1704.6796862370393,1363.7960729925917,3,2,0
rolling_margin,2025-03-13,74342.80975206198,99.90619466666635,45426.34940084883,1504.3724721362582,671.3565944439979,47602.078467429084,2842.855943843621,105.99734999999987,1363.7960729925917,1329.5776124518525,3,2,3
rolling_margin,2025-03-14,32394.27900817045,0.0,16793.92231518418,388.45998861885363,0.0,17182.382303803035,411.17947220063047,12515.750710493829,1329.5776124518525,1829.4854045629627,3,2,0
rolling_margin,2025-03-15,31407.297537563783,0.0,16316.752105279704,449.62562888994484,0.0,16766.377734169648,396.63603443895687,7719.636224897119,1829.4854045629627,1296.4521803259263,3,2,0
rolling_margin,2025-03-16,70709.97348089848,0.0,43092.17519372709,1843.667370763938,0.0,44935.842564491024,2956.447663285319,28.694510000000086,1296.4521803259263,1705.6289535185194,3,2,0
rolling_margin,2025-03-17,63561.33891105353,0.0,38629.1332915548,2321.310654882165,0.0,40950.443946436964,1511.3600131783683,53.16873686008229,1705.6289535185194,1860.9654379925896,3,2,0
rolling_margin,2025-03-18,67376.93869401645,0.0,41322.596535613586,3253.5495734649494,0.0,44576.14610907854,1999.7823338065793,512.5571194444457,1860.9654379925896,1718.7166666888868,3,2,0
rolling_margin,2025-03-19,66466.01525157613,0.0,40718.53167944688,2513.359030024945,0.0,43231.89070947182,1876.9564600726992,987.0740870000002,1718.7166666888868,1936.8341056296315,3,2,0
rolling_margin,2025-03-20,66840.42488471823,0.0,40942.7713175497,3328.2093822529628,0.0,44270.98069980266,891.9783929135801,0.0,1936.8341056296315,1642.474827229629,3,3,0
rolling_margin,2025-03-21,29995.281589814815,0.0,15451.142641593318,412.67416066019155,0.0,15863.81680225351,280.95104494238547,14893.85883424691,1642.474827229629,1583.172888246914,3,2,0
rolling_margin,2025-03-22,30795.139249351163,0.0,16010.36227423077,149.03311658857405,0.0,16159.395390819345,406.7347442222224,11344.882932921812,1583.172888246914,1985.5034274938234,3,2,0
rolling_margin,2025-03-23,65104.76192560074,0.0,39632.64243639479,2423.5822020636297,0.0,42056.224638458414,1967.840390375858,937.8290923333363,1985.5034274938234,1594.1574371370418,3,3,0
rolling_margin,2025-03-24,64693.85619488213,0.0,39443.34558696939,1935.5436622041384,0.0,41378.88924917353,1983.8749743800881,331.6998046666678,1594.1574371370418,1879.0477339555587,3,3,0
rolling_margin,2025-03-25,65472.67807461516,0.0,39752.317902367315,3854.3315698995734,0.0,43606.64947226689,875.7796833161318,126.9078285555571,1879.0477339555587,1401.6288022740746,3,3,0
rolling_margin,2025-03-26,61990.555939186546,0.0,37839.123780908296,1693.5681220895017,0.0,39532.691902997794,1350.9573089300404,822.1396417736669,1401.6288022740746,1693.4399592148152,3,3,0
rolling_margin,2025-03-27,63902.88440731824,0.0,38674.92082588317,2671.8060945059765,0.0,41346.72692038915,1117.3925571563816,167.5813210850483,1693.4399592148152,1534.3063245481503,3,3,0
rolling_margin,2025-03-28,30312.68177827709,0.0,15478.255398104924,32.00698442932068,0.0,15510.262382534245,471.20517532922025,15935.38030368998,1534.3063245481503,1806.9873988962956,3,2,0
rolling_margin,2025-03-29,29153.907044833748,0.0,15021.346052158262,347.1849537913231,0.0,15368.531005949586,85.33648617283839,18660.961575028807,1806.9873988962956,1818.4388422197621,3,2,0
rolling_margin,2025-03-30,59531.34906630646,0.0,36226.69926762388,2594.175944048846,0.0,38820.87521167273,218.61554233333425,0.0,1818.4388422197621,1785.8786070481508,3,3,0
rolling_margin,2025-03-31,61965.49614328081,0.0,37483.5450516446,4888.052474162992,0.0,42371.59752580759,671.9151459917724,101.95459277777746,1785.8786070481508,2019.2507320419784,3,3,0
rolling_margin,2025-04-01,65144.33862479679,0.0,39113.88113964546,2791.0688509819856,0.0,41904.94999062745,913.50225636626,603.6471182222233,2019.2507320419784,1682.6156951358007,3,3,0
rolling_margin,2025-04-02,65823.26965158849,0.0,40032.52275611026,1948.4054076707762,0.0,41980.928163781035,940.2445436790233,741.467861777783,1682.6156951358007,1626.8257231037046,3,3,0
rolling_margin,2025-04-03,62008.094233206706,0.0,37804.1107593982,2510.057292152929,0.0,40314.16805155113,1536.870274245094,636.2567557215632,1626.8257231037046,1643.5352532222237,3,3,0
rolling_margin,2025-04-04,28147.355373183807,0.0,14281.206829516355,300.6692629001449,0.0,14581.8760924165,368.8242995555538,18495.775848828536,1643.5352532222237,1803.2082182987647,3,2,0
rolling_margin,2025-04-05,27620.111088567843,0.0,14167.517345269496,198.72844325952818,0.0,14366.245788529024,147.0376732592584,13003.768388353907,1803.2082182987647,1624.7003544000022,3,3,0
rolling_margin,2025-04-06,60605.79240345572,0.0,36660.35284129266,1888.1669350821549,0.0,38548.519776374815,1583.8236699651898,593.6668074444455,1624.7003544000022,1661.512914148149,3,3,0
rolling_margin,2025-04-07,58570.380880130884,0.0,35346.18277137817,2122.4458500566416,0.0,37468.62862143481,899.0023943374517,524.8617166666684,1661.512914148149,1767.9050107333314,3,3,0
rolling_margin,2025-04-08,59532.66022865295,0.0,36075.40464892764,2477.3813210170665,0.0,38552.7859699447,1118.0356354032936,459.3870174444459,1767.9050107333314,1417.0201505185232,3,3,0
rolling_margin,2025-04-09,65298.38505401508,0.0,38755.302964114395,1471.4544186501787,0.0,40226.757382764576,1310.8880999451294,678.6416711111121,1417.0201505185232,1554.0151094703701,3,3,0
rolling_margin,2025-04-10,60968.98047673641,0.0,36772.67950526188,1913.7132342136133,0.0,38686.392739475494,1842.591952208509,422.2515409999966,1554.0151094703701,1790.3967923666692,3,3,0
rolling_margin,2025-04-11,26541.19873914203,133.89311444444394,13393.447435661767,536.1888534535367,557.1912391650758,14486.82752828038,12.719098000000145,19038.922261111107,1790.3967923666692,1538.2095905925935,3,3,2
rolling_margin,2025-04-12,27509.689330879282,0.0,13908.451790539964,493.1150179272333,0.0,14401.566808467198,106.46689476543136,15505.428000268863,1538.2095905925935,1903.8757896888899,3,3,0
rolling_margin,2025-04-13,59322.610683166306,0.0,35577.48722685997,993.1324082523198,0.0,36570.61963511229,997.9926813268029,359.4768985555563,1903.8757896888899,1736.8925753703693,3,3,0
rolling_margin,2025-04-14,56341.410481744366,0.0,33941.41923810149,3075.6738722227055,0.0,37017.09311032419,174.37112511111036,0.0,1736.8925753703693,1601.1548014518496,3,3,0
rolling_margin,2025-04-15,56336.99734269834,0.0,33979.067761505416,2419.842802670468,0.0,36398.91056417588,980.0954169615834,1359.075604115228,1601.1548014518496,1706.1524891444424,3,3,0
rolling_margin,2025-04-16,61246.91750009876,0.0,36564.75841243495,2233.721542094304,0.0,38798.479954529255,1375.654284935532,423.714227333333,1706.1524891444424,1619.0069600481452,3,3,0
rolling_margin,2025-04-17,58566.5245778148,0.0,35326.79590452144,2017.6961991717267,0.0,37344.49210369316,1286.6452831303147,225.8115846556894,1619.0069600481452,1921.1916945888847,3,3,0
rolling_margin,2025-04-18,26430.313201899866,0.0,13226.90602231462,197.13123168849762,0.0,13424.037254003119,288.4350593333337,17147.578020229077,1921.1916945888847,2083.4835828444484,3,2,0
rolling_margin,2025-04-19,26827.068842091896,0.0,13478.18292269305,301.01888962413256,0.0,13779.201812317182,496.44733899999954,17159.053398441694,2083.4835828444484,2026.995575869135,3,1,0
rolling_margin,2025-04-20,57577.646908553936,0.0,34864.63175932226,564.22925803183,0.0,35428.861017354095,1726.8202719828832,168.7067870370419,2026.995575869135,1995.0998873629628,3,3,0
rolling_margin,2025-04-21,54564.76363681892,0.0,32790.277917087835,2430.6969613354245,0.0,35220.97487842326,513.6596241234544,2565.735816943758,1995.0998873629628,1459.5035330888863,3,3,0
rolling_margin,2025-04-22,57149.55257034841,0.0,34332.25984871837,2486.546464475507,0.0,36818.806313193876,1057.02995998216,0.0,1459.5035330888863,1679.1316273555558,3,3,0
rolling_margin,2025-04-23,56551.495152565585,0.0,33821.3961803589,1411.4950526702835,0.0,35232.89123302918,914.8169085395227,388.15921422222584,1679.1316273555558,1843.4877916962964,3,3,0
rolling_margin,2025-04-24,55058.84948767078,0.0,33440.03690246781,633.9861086985576,0.0,34074.02301116636,1988.5260618600878,2428.9017740740746,1843.4877916962964,1803.4118439259269,3,3,0
rolling_margin,2025-04-25,25542.187405052122,0.0,12591.09908989749,328.61280066315885,0.0,12919.71189056065,163.89579588888802,21093.51116870233,1803.4118439259269,1704.7132402790126,3,2,0
rolling_margin,2025-04-26,26225.00366017695,0.0,13160.010297594737,265.262008930353,0.0,13425.27230652509,352.851991,23441.146279275716,1704.7132402790126,1704.8270429135823,3,2,0
rolling_margin,2025-04-27,55083.62610613135,0.0,33274.37178701013,1176.2145265876002,0.0,34450.586313597734,572.6268763214548,2061.163671193415,1704.8270429135823,1788.4924859687183,3,3,0
rolling_margin,2025-04-28,63099.9597023422,0.0,37274.22276106097,1392.6589998668242,0.0,38666.88176092779,2379.383207718893,392.1215487777769,1788.4924859687183,1764.0078041259267,3,3,0
rolling_margin,2025-04-29,55912.950111642545,0.0,33966.73340530539,741.2405598132508,0.0,34707.97396511865,1303.7484212982408,3588.1080427983547,1764.0078041259267,1966.2580665407438,3,3,0
rolling_margin,2025-04-30,52485.61056853085,0.0,31644.690975867372,569.523873081272,0.0,32214.214848948643,854.1353242030248,217.27216320986864,1966.2580665407438,1678.7151728098759,3,3,0
rolling_margin,2025-05-01,55643.37574880903,1828.926668846671,33945.73121479738,734.5215776807203,9205.205657805365,43885.45845028347,1139.027855019209,2048.0944131687274,1678.7151728098759,1200.0,3,3,22
rolling_margin,2025-05-02,28303.414852300135,1408.7581655066647,14439.770721971869,403.7471449709003,6819.2245251793875,21662.742392122156,50.58822699999973,12839.610789231823,1200.0,1200.0,3,3,19
rolling_margin,2025-05-03,27538.821225141284,1444.217371833331,13680.638960386768,285.9695799969671,7690.359601344888,21656.968141728623,109.74516321536328,17535.04753219067,1200.0,1200.0,3,3,17
rolling_margin,2025-05-04,55674.018307666665,1486.456804883334,33739.18285564772,2534.1223658661643,7785.800152233802,44059.10537374768,312.1505879821667,1830.6041652949268,1200.0,1213.4172552,3,3,20
rolling_margin,2025-05-05,59609.36793453888,1155.6547791200005,35941.473262907595,2267.9140266275017,6237.117538274298,44446.50482780939,601.1955448765435,1434.5672929931445,1213.4172552,1208.043186,3,3,18
rolling_margin,2025-05-06,56674.606447649436,1172.2169954666665,34512.51704858739,1718.739619914062,5390.687165453799,41621.94383395525,545.702273393688,634.3178309821757,1208.043186,1210.0487314296297,3,3,15
rolling_margin,2025-05-07,60062.23395118445,888.0220492966633,36445.08474819377,1691.221911578159,4640.332159042107,42776.63881881404,1148.9326038861486,866.7622578888925,1210.0487314296297,1248.9720300074075,3,3,15
rolling_margin,2025-05-08,60552.271600906715,324.1309280400014,36535.11002068159,1934.8955187636939,1567.5889417810192,40037.594481226304,1010.5295837338807,395.0638473333365,1248.9720300074075,1230.917894066666,3,3,7
rolling_margin,2025-05-09,28579.84741722755,66.65518499999881,14820.819869799634,347.0889484600467,316.1796019333279,15484.08842019301,123.75786711111078,17098.154921396435,1230.917894066666,1610.1411144000003,3,3,4
rolling_margin,2025-05-10,28324.07147158436,138.33915617999696,14787.219835567594,733.5087730898347,292.5820487753703,15813.310657432798,198.5431685390974,14019.268234471874,1610.1411144000003,1312.89129,3,2,5
rolling_margin,2025-05-11,59681.915006519885,253.0760935533326,36203.64949032988,2209.950255773518,1755.543188619715,40169.14293472312,709.0018374430716,159.21103133333366,1312.89129,1308.6882113555564,3,3,3
rolling_margin,2025-05-12,57912.34348540647,0.0,35497.85871032561,2815.082587263985,0.0,38312.94129758959,804.7234066666665,1375.3167586310083,1308.6882113555564,1815.8871220592637,3,3,0
rolling_margin,2025-05-13,59184.02568683263,0.0,35987.55010218307,2507.060544531929,0.0,38494.610646715,1653.968048732501,1011.145002492463,1815.8871220592637,1710.7451368666684,3,3,0
rolling_margin,2025-05-14,59147.991219117976,0.0,35999.238413329454,2013.3655672678628,0.0,38012.60398059732,1542.0989756886372,1185.8965147050703,1710.7451368666684,1693.0387168592586,3,3,0
rolling_margin,2025-05-15,59923.23683409574,0.0,37086.98359559027,2666.9969387009096,0.0,39753.98053429118,1709.6987712317275,1226.9796202057555,1693.0387168592586,2342.3103835777806,3,3,0
rolling_margin,2025-05-16,26799.178154308636,0.0,14329.943485503663,371.64300884180557,0.0,14701.586494345469,252.23684345541997,22021.573231936898,2342.3103835777806,1984.667750333329,3,2,0
rolling_margin,2025-05-17,27583.991271744857,0.0,14773.237910698865,304.3482619376798,0.0,15077.586172636544,9.410323333333281,14968.77812092867,1984.667750333329,1861.6699174864198,3,2,0
rolling_margin,2025-05-18,60106.30477001097,5.236666666666679,36694.78176599884,2073.015867315551,35.318698333333415,38803.11633164773,1641.3801123292174,932.2104387407426,1861.6699174864198,2214.097906385186,3,3,1
rolling_margin,2025-05-19,57262.24515814312,67.00333333333344,35381.670726788034,1109.925081553888,451.90398166666745,36943.499790008595,2187.9364195834587,4493.241790534983,2214.097906385186,2107.1960828666647,3,3,1
rolling_margin,2025-05-20,59585.27627305212,0.0,36541.9315331486,1644.3818782306453,0.0,38186.31341137925,1731.9105660768223,164.95707156378552,2107.1960828666647,1942.6780575111125,3,3,0
rolling_margin,2025-05-21,58691.83186228257,0.0,36485.380416226806,2250.1774070269857,0.0,38735.557823253796,1448.83021779698,2465.708356131682,1942.6780575111125,2082.631410755555,3,3,0
rolling_margin,2025-05-22,57486.24329135528,0.0,35958.48196607345,761.8573886367053,0.0,36720.33935471016,1499.33044210056,906.2613485596745,2082.631410755555,2954.043050459259,3,3,0
rolling_margin,2025-05-23,27692.390771364444,0.0,15381.684756202363,394.9060053249758,0.0,15776.590761527339,980.8223943333321,18219.726855648834,2954.043050459259,2867.036842459262,3,1,0
rolling_margin,2025-05-24,26909.615797453327,0.0,14709.692071329697,433.40911505437964,0.0,15143.101186384076,592.65757611111,20383.481660175585,2867.036842459262,2865.7851873037016,3,2,0
rolling_margin,2025-05-25,57168.88296266612,0.0,35577.743875142056,945.0703019747518,0.0,36522.81417711681,1650.0120259218866,4176.960324691357,2865.7851873037016,2622.0274829456807,3,3,0
rolling_margin,2025-05-26,61360.37564690459,0.0,37742.28453953097,843.4610242163858,0.0,38585.745563747354,2341.955322379223,809.7948342222227,2622.0274829456807,2737.036079274075,3,3,0
rolling_margin,2025-05-27,56073.50647331275,0.0,35144.161941255785,2699.3477027875483,0.0,37843.50964404333,2060.27914960082,1647.045026032914,2737.036079274075,2469.2268733703727,3,3,0
rolling_margin,2025-05-28,59643.38135951756,0.0,36975.76789237082,1471.876026584583,0.0,38447.64391895541,2201.8154210813436,1542.205918427986,2469.2268733703727,2721.262519659264,3,3,0
rolling_margin,2025-05-29,61824.83261135389,13.395508000000177,38130.680780486626,1877.0087232952822,90.0513025300012,40097.74080631191,1609.7756445843663,2225.2708539300434,2721.262519659264,3071.5909283999995,3,3,1
rolling_margin,2025-05-30,27930.271062483334,0.0,15781.151571119544,203.84237327538978,0.0,15984.993944394933,593.3664598211114,18113.718182216733,3071.5909283999995,3475.4702293037053,3,3,0
rolling_margin,2025-05-31,28176.02953824532,0.0,15627.342794407667,729.5247472420805,0.0,16356.867541649746,799.2744736266666,16904.06877358299,3475.4702293037053,3402.628152644446,3,2,0
rolling_margin,2025-06-01,71875.18635330662,1557.888624490005,45448.679194260054,4633.674366454926,6801.8703365366555,56884.223897251635,866.6285557777795,0.0,3402.628152644446,1200.0,3,3,27
rolling_margin,2025-06-02,71461.28725923985,1448.2278475199994,44973.46094094527,4935.725684465449,5883.477470141579,55792.664095552296,141.0602677777764,0.0,1200.0,1200.0,3,3,26
rolling_margin,2025-06-03,71692.16276451606,1191.6885744399992,45504.283827721294,3528.7873620633,5029.531513429557,54062.60270321415,930.2550163333322,0.0,1200.0,1200.0,3,3,21
rolling_margin,2025-06-04,73012.39646950696,1104.369833073331,44877.353753072886,7684.561544557634,4445.635657498238,57007.550955128754,432.45853444307534,0.0,1200.0,1200.0,3,3,24
rolling_margin,2025-06-05,74379.04607621115,971.6365843355561,46738.42835814403,2143.567765082633,3827.3508312541767,52709.34695448084,210.84438222222138,13.541828999999957,1200.0,1200.0,3,3,21
rolling_margin,2025-06-06,35068.86977541536,710.224287653333,20718.290964194337,1487.69490140983,3052.9488981259633,25258.934763730133,0.0,2337.5430317942414,1200.0,1203.0580878,3,3,13
rolling_margin,2025-06-07,40139.09199317703,264.00774376666476,22042.86389236427,1168.2214607754518,1537.7157504929564,24748.801103632675,26.745941888888865,6620.762858156372,1203.0580878,1200.0,3,3,7
rolling_margin,2025-06-08,70227.79305211139,90.3069673333332,43879.46316717813,2740.3866926881815,609.2634916223325,47229.113351488646,1186.5703750493863,0.0,1200.0,1447.6645822135804,3,3,4
rolling_margin,2025-06-09,76692.2704470571,92.19994933333294,47721.109085780794,2948.486742995027,622.5270955949974,51292.122924370815,1396.4018983456824,114.75871666666671,1447.6645822135804,1500.4049241370378,3,3,6
rolling_margin,2025-06-10,77928.1654668981,6.828281333333621,48609.83234342736,1340.2305143063968,46.113518840001944,49996.17637657376,1931.6788230970076,130.08093333333295,1500.4049241370378,1543.8342652740735,3,3,2
rolling_margin,2025-06-11,82439.02835197942,38.8013306666669,52014.860813847125,1881.984456127018,261.7443308646682,54158.58960083881,1632.6397985857384,0.0,1543.8342652740735,1823.1811476888881,3,3,2
rolling_margin,2025-06-12,78271.05477867219,0.0,49024.5327917239,1542.8929645608653,0.0,50567.42575628476,1464.2095798587086,0.0,1823.1811476888881,2003.0617083703735,3,3,0
rolling_margin,2025-06-13,35312.172522547924,0.0,20442.981286749906,952.6491905889985,0.0,21395.630477338906,85.12138871879546,4411.45829177229,2003.0617083703735,1969.0693442222241,3,3,0
rolling_margin,2025-06-14,34671.00509818978,0.0,20269.851154157965,697.2290108399748,0.0,20967.08016499794,5.572994777777694,6011.662633465026,1969.0693442222241,2001.5264899481474,3,3,0
rolling_margin,2025-06-15,79650.00461786943,0.0,49752.36388200094,1550.8962627743263,0.0,51303.26014477526,4261.412901334707,0.0,2001.5264899481474,2681.9064414444474,3,3,0
rolling_margin,2025-06-16,79374.96377945952,12.987689333333492,49810.48734607691,1424.2396547215176,87.59444231400109,51322.32144311243,2511.995799942377,0.0,2681.9064414444474,2634.6624676123456,3,3,2
rolling_margin,2025-06-17,81901.27293858024,16.24242933333346,51760.05151169853,2450.032774275331,109.49833735066754,54319.58262332453,3462.462313012348,0.0,2634.6624676123456,2275.127860086419,3,3,1
rolling_margin,2025-06-18,80205.71748368123,0.0,50324.23436990027,3272.1367109721427,0.0,53596.371080872406,5085.182268830753,0.0,2275.127860086419,2690.331169103705,3,3,0
rolling_margin,2025-06-19,76969.18338324857,67.66514244444454,48295.708503996866,3093.93801592836,455.73408552211174,51845.38060544734,4277.198853340196,579.656504773661,2690.331169103705,2571.363657054323,3,3,2
rolling_margin,2025-06-20,35196.517350406255,0.0,20866.665459161875,298.1943696936767,0.0,21164.85982885555,910.893973928891,9242.444290554184,2571.363657054323,2995.918987111112,3,2,0
rolling_margin,2025-06-21,35190.964321697465,0.0,20827.90933624247,182.8537063145221,0.0,21010.76304255699,1206.8477913833337,11767.867371631,2995.918987111112,3594.5043632592606,3,2,0
rolling_margin,2025-06-22,75679.91924053371,0.0,48038.79621003938,3139.3196050595343,0.0,51178.115815098914,4598.7807433526505,194.05944999999997,3594.5043632592606,3271.203061649385,3,3,0
rolling_margin,2025-06-23,74843.19660814818,0.0,48169.36652304139,1731.403195858907,0.0,49900.769718900294,3851.0184044046655,270.6269166666666,3271.203061649385,3192.3861910000032,3,3,0
rolling_margin,2025-06-24,85169.74780596876,0.0,54453.142331744,1468.068490302695,0.0,55921.21082204669,4530.418581926237,43.546666666666624,3192.3861910000032,3292.688832296299,3,3,0
rolling_margin,2025-06-25,79856.48118861865,0.0,50717.54404454401,1884.3443487903678,0.0,52601.888393334375,5539.298252186563,80.7794506172839,3292.688832296299,3328.9663331555585,3,3,0
rolling_margin,2025-06-26,76658.82187466667,0.0,49054.24391039506,1410.727652800154,0.0,50464.97156319521,5567.928170563792,288.6968341563795,3328.9663331555585,2962.195380385187,3,3,0
rolling_margin,2025-06-27,36004.09237819962,0.0,21210.898668204078,776.120984632963,0.0,21987.01965283704,852.5856062133321,12210.984738249657,2962.195380385187,3853.4871142592638,3,2,0
rolling_margin,2025-06-28,35265.86008553292,0.0,21301.404145526885,204.18411943553312,0.0,21505.588264962418,1449.7278909218112,9615.415481127573,3853.4871142592638,3996.078173696297,3,2,0
rolling_margin,2025-06-29,78749.92817478694,0.0,50330.80404946202,2197.8169697286944,0.0,52528.621019190716,5635.377986436471,44.445585185185514,3996.078173696297,4147.941596400001,3,3,0
rolling_margin,2025-06-30,79309.52303992218,0.0,50732.44987335206,1585.8219438289664,0.0,52318.27181718103,6372.60648138134,65.75491913580069,4147.941596400001,3496.2759724074062,3,3,0
rolling_margin,2025-07-01,79288.1208368873,1081.153301834447,51744.77425437297,2904.914726250975,4901.7928052702755,59551.48178589422,48.37614066666606,0.0,3496.2759724074062,1200.0,3,3,27
rolling_margin,2025-07-02,75010.53574858811,1754.5916526877763,47963.99992678986,1359.1105196516485,8600.856199709093,57923.966646150606,75.65777866666633,0.0,1200.0,1200.0,3,3,30
rolling_margin,2025-07-03,82868.97876927392,1226.3358140311118,53122.49422394579,2922.1068226363127,5626.555451296135,61671.15649787824,178.8500444444445,24.9439478888874,1200.0,1208.1865122962968,3,3,22
rolling_margin,2025-07-04,38335.03982799552,2734.9005598066665,22870.24928681481,1595.770085442417,10802.964588390956,35268.983960648184,0.0,9766.989576666665,1208.1865122962968,1200.0,3,3,43
rolling_margin,2025-07-05,40287.16017001547,1376.2995571345255,24276.10613147517,1180.7525827646325,6121.064254995706,31577.922969235507,0.0,10363.689966666665,1200.0,1200.0,3,3,25
rolling_margin,2025-07-06,84761.08658047424,645.997758375553,53869.32663005659,2230.518417430887,3392.8940012856806,59492.73904877316,1001.148875322293,0.0,1200.0,1299.0902784370373,3,3,16
rolling_margin,2025-07-07,78792.1979477133,410.44528613999944,50040.05467665648,3433.701643077191,1592.2379781007035,55065.994297834375,1818.0442744183827,0.0,1299.0902784370373,1340.7953513999996,3,3,11
rolling_margin,2025-07-08,81874.30351892945,124.46441533333348,52195.056582928926,3013.7531325256614,712.3564418615001,55921.16615731609,1524.7391871899615,0.0,1340.7953513999996,1924.0296136592588,3,3,6
rolling_margin,2025-07-09,79904.59112903429,39.89773466666679,50537.22895148148,2635.6764358417267,268.97804731600087,53441.8834346392,1682.520905358028,81.9176879053499,1924.0296136592588,2036.2384300962967,3,3,2
rolling_margin,2025-07-10,78100.15632324186,55.39359866666655,50166.46883467124,1264.7494178267157,373.35899412733255,51804.57724662529,1485.1269407329507,0.0,2036.2384300962967,1836.161902037037,3,3,2
rolling_margin,2025-07-11,42399.9128826941,0.0,25223.201987893965,710.4403242801582,0.0,25933.642312174125,561.0751364663902,6629.756865533611,1836.161902037037,1895.3524466296305,3,3,0
rolling_margin,2025-07-12,43469.055310979435,0.0,26127.97714790784,444.0073609786962,0.0,26571.984508886537,1136.6206004897242,8824.906526418383,1895.3524466296305,1826.4219993185204,3,3,0
rolling_margin,2025-07-13,75174.89791615428,68.22615555555603,47944.390164662684,3937.0551473424994,459.6491459538921,52341.09445795908,1199.527069465024,807.7929217777785,1826.4219993185204,1904.582186798763,3,3,5
rolling_margin,2025-07-14,77732.12136986558,26.12272733333316,49415.22150368372,1641.7737290592565,175.96413857866548,51232.959371321645,2068.9256891920395,196.34095163786213,1904.582186798763,1912.2030004456817,3,3,3
rolling_margin,2025-07-15,80280.69442450479,0.0,51003.92354626268,2576.1444966107365,0.0,53580.06804287342,2478.021063024692,0.0,1912.2030004456817,3238.031774437036,3,3,0
rolling_margin,2025-07-16,79331.35972643831,0.0,50961.93693790715,2350.8280590482095,0.0,53312.76499695536,3504.0362084150006,542.3293659999977,3238.031774437036,2818.9290510592605,3,3,0
rolling_margin,2025-07-17,81120.63597323524,0.0,52274.97694760296,1798.1309679942187,0.0,54073.10791559718,3892.653361384777,700.7329183333317,2818.9290510592605,2745.6840538814813,3,2,0
rolling_margin,2025-07-18,43015.598400492454,0.0,26091.338195877,1337.8005492442123,0.0,27429.138745121214,673.8301152208488,8479.124147043896,2745.6840538814813,2980.684896474074,3,3,0
rolling_margin,2025-07-19,43499.57361040467,0.0,26700.958929035638,1750.0323233262,0.0,28450.991252361837,1340.2220113333326,13071.471580923186,2980.684896474074,2656.7741180296293,3,3,0
rolling_margin,2025-07-20,81637.23292729013,0.0,52232.806831445196,2248.2224086675706,0.0,54481.029240112766,5032.704481577657,737.3625523333332,2656.7741180296293,2879.002571074075,3,2,0
rolling_margin,2025-07-21,83878.27601525925,0.0,53821.47752606127,3227.958728518724,0.0,57049.436254579996,5250.944478787378,701.6560666666669,2879.002571074075,3080.995956666667,3,3,0
rolling_margin,2025-07-22,85832.54973704115,0.0,55420.74529930815,5733.551438880336,0.0,61154.29673818849,7695.767731053502,300.3501507325117,3080.995956666667,3596.4369123703705,3,3,0
rolling_margin,2025-07-23,84252.47564786831,0.0,54391.68176133167,4768.073527212937,0.0,59159.755288544606,5722.292679246911,501.17118188065916,3596.4369123703705,3508.3241147901263,3,3,0
rolling_margin,2025-07-24,84851.18981540098,0.0,55223.27556801279,3889.3174135274094,0.0,59112.5929815402,7145.22195961454,80.49678333333327,3508.3241147901263,3947.6116687777803,3,3,0
rolling_margin,2025-07-25,43518.85998276666,0.0,26912.576015145267,413.76433648394845,0.0,27326.340351629216,1459.0963416666664,13386.138805679011,3947.6116687777803,3877.868532555555,3,3,0
rolling_margin,2025-07-26,44511.09177175308,0.0,27272.423710447696,501.56280251783,0.0,27773.986512965526,1577.9851387846354,12411.084871355279,3877.868532555555,3649.764882333335,3,3,0
rolling_margin,2025-07-27,83962.57551323374,0.0,54429.197007824965,2082.404439550999,0.0,56511.601447375964,5561.323573579413,842.3709166666667,3649.764882333335,3803.498164592593,3,2,0
rolling_margin,2025-07-28,88215.8621751417,0.0,57034.456498841384,2162.7108979778423,0.0,59197.167396819226,6509.472793203013,151.91948333333335,3803.498164592593,3705.2359984,3,3,0
rolling_margin,2025-07-29,90647.59998673428,0.0,59174.82805290315,2362.0154923978025,0.0,61536.84354530095,9697.744968989422,718.8865325390946,3705.2359984,4375.955675456792,3,3,0
rolling_margin,2025-07-30,86852.22477862002,0.0,57006.63851214045,3429.7270755530285,0.0,60436.36558769348,7708.627448477362,1499.0264156666638,4375.955675456792,4560.161377518519,3,3,0
rolling_margin,2025-07-31,85916.91254482162,0.0,56119.577783988076,1622.2771386602453,0.0,57741.85492264832,7636.8583747724415,346.70248333333325,4560.161377518519,4245.050389558026,3,3,0
rolling_margin,2025-08-01,43008.643760555526,0.0,26501.55291724529,856.2795021864092,0.0,27357.8324194317,1130.3947468244187,18240.478393491085,4245.050389558026,4376.727432222221,3,3,0
rolling_margin,2025-08-02,44046.78768320889,0.0,27196.44058798172,946.3929786139175,0.0,28142.833566595637,1749.8685602122255,19287.344917430724,4376.727432222221,4247.139449755558,3,3,0
rolling_margin,2025-08-03,71947.67345499394,0.0,46996.43667679119,2039.0505002202415,0.0,49035.48717701143,4299.4770086351145,2595.0108871851803,4247.139449755558,3162.1929989259243,3,3,0
rolling_margin,2025-08-04,77197.58608035391,0.0,49575.93648998207,2586.204405999079,0.0,52162.14089598115,4447.282609004124,3378.3808213991765,3162.1929989259243,3791.1609876074067,3,3,0
rolling_margin,2025-08-05,79833.58742480246,0.0,51590.10766035415,2093.4424071108538,0.0,53683.550067465,7074.693636604936,3903.8534912098753,3791.1609876074067,4188.142537355557,3,3,0
rolling_margin,2025-08-06,80083.02075837311,0.0,52533.99179046335,2836.0506027409947,0.0,55370.04239320434,7590.055391784632,1072.7498147777792,4188.142537355557,4194.504642530867,3,3,0
rolling_margin,2025-08-07,77446.62965468586,0.0,50655.37084862622,3864.256025933261,0.0,54519.62687455948,6973.526648971186,3891.2847864197515,4194.504642530867,4021.0419387111124,3,3,0
rolling_margin,2025-08-08,43763.61348326749,0.0,26738.080300718164,273.6988974060129,0.0,27011.779198124175,1317.9705660000027,24097.845847497934,4021.0419387111124,4307.442244711115,3,3,0
rolling_margin,2025-08-09,43310.96022942666,0.0,26766.912697164156,368.7551852809341,0.0,27135.66788244509,1710.5007843333321,20765.6946426941,4307.442244711115,3999.2132995111087,3,3,0
rolling_margin,2025-08-10,74173.53860999313,0.0,48655.64623187078,1864.8472962361982,0.0,50520.49352810698,5162.85895254458,892.4486059999986,3999.2132995111087,3640.2612595555556,3,3,0
rolling_margin,2025-08-11,77401.16525833652,0.0,50091.142458143724,1123.6345904044845,0.0,51214.77704854821,5802.856344139916,3905.298550891635,3640.2612595555556,3319.6042538074075,3,3,0
rolling_margin,2025-08-12,78918.69850901784,0.0,51076.856620567596,2453.7276600357995,0.0,53530.5842806034,5658.391529954737,2278.7722050795633,3319.6042538074075,3231.0437486740734,3,3,0
rolling_margin,2025-08-13,76275.4346624568,0.0,48995.28381631407,1238.9631018948282,0.0,50234.2469182089,4880.4055127709225,1646.1187353895739,3231.0437486740734,3515.9963309135824,3,3,0
rolling_margin,2025-08-14,77167.60317885596,0.0,49807.74154884644,2167.686383513607,0.0,51975.42793236005,5366.709825982176,2725.9985702908098,3515.9963309135824,3116.142439822224,3,3,0
rolling_margin,2025-08-15,41952.44262287654,0.0,25251.132412335046,728.5515684490821,0.0,25979.683980784128,1049.1146161207155,21348.365282153627,3116.142439822224,3110.1185426740735,3,3,0
rolling_margin,2025-08-16,41299.07913752038,0.0,25120.72742348091,1558.1350687317968,0.0,26678.862492212706,1164.3506188399988,20882.717855923183,3110.1185426740735,3074.860767827154,3,3,0
rolling_margin,2025-08-17,73880.09849415226,0.09724600000004102,47702.399223667395,2074.4384211636375,0.6559242700002768,49777.49356910103,3906.2564784725164,3614.4186795733794,3074.860767827154,2793.5537184469154,3,3,1
rolling_margin,2025-08-18,74244.10030826612,23.980759333333822,47912.84926541884,933.4138850222191,161.77348442366997,49008.03663486473,3649.606426975304,2742.4231914156435,2793.5537184469154,2742.0053857777793,3,3,3
rolling_margin,2025-08-19,72390.43578321535,44.936123333333285,46896.50517435361,2126.034203028754,303.05261243099966,49325.59198981336,3169.4414988888875,1891.910982882023,2742.0053857777793,2446.247355165433,3,3,3
rolling_margin,2025-08-20,77888.51703763832,0.0,49963.517977719166,2617.659362299412,0.0,52581.17734001858,3160.5207050718163,404.9002014444449,2446.247355165433,2362.455183508003,3,3,0
rolling_margin,2025-08-21,72649.66499236663,0.0,46959.07949885082,2402.6347572133336,0.0,49361.71425606415,2982.6816146759375,333.72254266666675,2362.455183508003,2439.355903370372,3,3,0
rolling_margin,2025-08-22,40474.50629860219,0.0,24249.922273346427,759.9630153780796,0.0,25009.885288724505,181.5846071358003,16919.809772511657,2439.355903370372,2093.386773285186,3,3,0
rolling_margin,2025-08-23,41851.12216789026,0.0,25054.840358494872,333.52205307085336,0.0,25388.362411565726,810.3226505555566,15831.907253174208,2093.386773285186,2330.68074714074,3,2,0
rolling_margin,2025-08-24,71876.11295197834,0.0,46902.97318262117,3221.4020884503793,0.0,50124.37527107155,2778.2318151152226,1453.5414299890163,2330.68074714074,2467.7186229444505,3,3,0
rolling_margin,2025-08-25,78348.18803674896,12.567735999999968,49951.726080602384,5946.708419652308,84.72539224399979,55983.15989249869,3312.446759799728,671.1679166666668,2467.7186229444505,2263.9440229333327,3,3,1
rolling_margin,2025-08-26,73332.34105018854,0.0,47482.30793023933,1610.2052382448487,0.0,49092.513168484176,3101.5696352620025,772.5747119561074,2263.9440229333327,2500.469202533333,3,3,0
rolling_margin,2025-08-27,77661.87441353498,10.91566666666688,50266.31383457346,3549.2110030591266,73.58796683333478,53889.11280446593,3789.661109407404,2850.7070340905434,2500.469202533333,2053.578514288891,3,3,1
rolling_margin,2025-08-28,78644.70489730177,23.559602666666592,49911.53028808494,3027.8157650036346,158.8152815759995,53098.161334664575,3515.47510741838,413.49021255555994,2053.578514288891,2100.7993691925944,3,3,1
rolling_margin,2025-08-29,42063.94496696845,0.0,25192.423345729618,1234.4021223997413,0.0,26426.82546812936,861.8165683717432,15926.15569664197,2100.7993691925944,2140.900410133335,3,2,0
rolling_margin,2025-08-30,40590.13445940741,0.0,24335.325869479202,524.4480832442202,0.0,24859.773952723423,304.8432449602201,19602.859522251027,2140.900410133335,1832.835053922226,3,2,0
rolling_margin,2025-08-31,73659.85227725963,16.723243333333244,47055.48299356115,1259.260795070489,112.99059358166606,48427.734382213304,1934.6286994101492,411.25521777778,1832.835053922226,2489.3172474086455,3,3,1
rolling_margin,2025-09-01,71971.75673269547,0.0,46389.19751708517,4022.445099050983,0.0,50411.64261613616,8271.920448713307,3260.2285076049493,2489.3172474086455,5936.112944000003,3,3,0
rolling_margin,2025-09-02,69605.79029025513,0.0,45223.64992663386,2946.192539514629,0.0,48169.84246614849,8806.796866905348,3531.4202777325127,5936.112944000003,5828.725327688889,3,3,0
rolling_margin,2025-09-03,68352.35341498628,0.0,45191.13688276479,1784.6487173994603,0.0,46975.78560016425,7646.67966284499,2538.79207256927,5828.725327688889,5449.140311800003,3,3,0
rolling_margin,2025-09-04,67189.44719817695,0.0,44763.4914325825,1602.3979402158893,0.0,46365.88937279839,7566.96503132099,2219.117516049385,5449.140311800003,5607.09147834074,3,3,0
rolling_margin,2025-09-05,36015.54539027111,0.0,22078.01992892658,599.3629012954934,0.0,22677.38283022207,1742.4323262222242,24877.738687932775,5607.09147834074,5746.489528896296,3,3,0
rolling_margin,2025-09-06,36158.74385088222,0.0,22186.424705389076,303.02303587329993,0.0,22489.447741262375,1517.5884648641972,24012.13391904115,5746.489528896296,6203.076703281483,3,2,0
rolling_margin,2025-09-07,69081.77159000076,0.0,45304.09696881605,3028.152334226341,0.0,48332.24930304239,8663.675558116129,2459.742809621404,6203.076703281483,5872.3767127037045,3,3,0
rolling_margin,2025-09-08,70318.21776425926,0.0,45806.01122680713,1935.0207787901163,0.0,47741.03200559725,7351.290892613167,1216.1791072222268,5872.3767127037045,4939.913304918522,3,3,0
rolling_margin,2025-09-09,65072.0132220096,0.0,42778.55896830544,3172.1525379941345,0.0,45950.71150629958,5531.251935367629,3017.9634954732537,4939.913304918522,4870.219394333335,3,3,0
rolling_margin,2025-09-10,72929.12200603806,0.0,46769.239209004416,2337.4449233149717,0.0,49106.68413231939,7748.323524482508,268.46057333333505,4870.219394333335,4661.513129585185,3,3,0
rolling_margin,2025-09-11,64823.31176661728,0.0,42693.01750472647,2856.2810557851762,0.0,45549.29856051165,5674.307523489711,1912.0857899176958,4661.513129585185,4856.155447888889,3,3,0
rolling_margin,2025-09-12,36400.66361443484,0.0,22125.501077824243,669.2776379630095,0.0,22794.77871578725,1816.0903716666658,20298.436236101512,4856.155447888889,5233.114345385184,3,2,0
rolling_margin,2025-09-13,35726.52930782,0.0,21713.39454435535,170.92799049108737,0.0,21884.322534846437,1013.310471666666,23973.535212873798,5233.114345385184,5593.2806784148115,3,3,0
rolling_margin,2025-09-14,70197.72141532783,0.0,45727.09781382953,2825.418548988563,0.0,48552.516362818096,6343.345829901231,1502.1883088888858,5593.2806784148115,4519.596463888891,3,3,0
rolling_margin,2025-09-15,63590.81892692042,51.009183444448894,41538.90525790613,401.23751246369795,259.0578845922452,42199.20065496207,4523.639665426605,759.210650000001,4519.596463888891,4012.739428000001,3,3,3
rolling_margin,2025-09-16,69231.25033112521,0.0,44267.09525756143,2672.882019556145,0.0,46939.97727711757,4639.34588434891,1885.574873226338,4012.739428000001,3608.975611493827,3,3,0
rolling_margin,2025-09-17,69352.06010666117,0.0,44504.774192760735,1502.1678418787499,0.0,46006.94203463948,4866.757947235939,734.2386055555514,3608.975611493827,3693.279598370372,3,3,0
rolling_margin,2025-09-18,70183.87340092799,0.0,45020.54768544822,3431.5921076308723,0.0,48452.13979307909,6176.331058413921,1474.1239922222203,3693.279598370372,3604.1682898703707,3,3,0
rolling_margin,2025-09-19,35513.617821802465,0.0,21052.605971491048,480.80790650632696,0.0,21533.413877997376,949.8670425555556,14988.523224930033,3604.1682898703707,4546.140100955556,3,3,0
rolling_margin,2025-09-20,34617.938707729765,0.0,20568.033182576528,322.30787828715347,0.0,20890.34106086368,699.1311761111112,15631.965551602196,4546.140100955556,4624.648147414814,3,3,0
rolling_margin,2025-09-21,68441.94429822934,0.0,44069.48169606541,1105.3931252821064,0.0,45174.87482134752,4964.707276876542,2597.0984657873814,4624.648147414814,3822.1116186296304,3,2,0
rolling_margin,2025-09-22,66880.43672346775,0.0,42739.0029206309,2512.2804683049903,0.0,45251.28338893589,3407.0280355226273,0.0,3822.1116186296304,2889.0294006666663,3,2,0
rolling_margin,2025-09-23,70063.53392014952,6.375,44469.88166931893,1333.6064183436959,42.996187500000005,45846.48427516263,3448.545257932789,443.93678922222455,2889.0294006666663,2974.080832481482,3,2,1
rolling_margin,2025-09-24,68249.34572150755,0.0,43640.680237957546,1235.62607079936,0.0,44876.3063087569,2898.6417028587066,207.97037146228777,2974.080832481482,3233.364390074075,3,2,0
rolling_margin,2025-09-25,69717.18175803978,13.417000000000144,44746.519322410604,1244.2964043158674,90.33666100000097,46081.15238772647,4252.4362432373155,1916.6760436186557,3233.364390074075,2894.028507111112,3,2,1
rolling_margin,2025-09-26,34655.65432814128,0.0,19986.969118512465,638.2055980333441,0.0,20625.174716545807,780.7448336666647,12769.623283906716,2894.028507111112,3654.0948896296322,3,2,0
rolling_margin,2025-09-27,34462.97197593278,0.0,20181.940056066298,819.8463901636106,0.0,21001.786446229908,809.3557583333334,13711.902924965701,3654.0948896296322,3138.009334888889,3,2,0
rolling_margin,2025-09-28,71690.69734054508,0.0,45604.285950299105,3314.552390234146,0.0,48918.83834053325,4071.6541007914975,674.6219711111104,3138.009334888889,2897.880279925927,3,2,0
rolling_margin,2025-09-29,66991.67303697941,520.0371933466673,42579.79150915835,3209.7212703962505,2595.8497214774034,48385.362501032,1518.3212294170025,0.0,2897.880279925927,2144.99371562963,3,2,8
rolling_margin,2025-09-30,72516.87969251028,169.74571131666775,46021.96212109509,1043.2624792306606,866.0992212874222,47931.32382161317,2987.6568284773607,0.0,2144.99371562963,2256.9679354814784,3,2,4
rolling_margin,2025-10-01,62540.058546359396,0.0,39746.514380000015,1717.3311713175974,0.0,41463.845551317616,3312.0869318600817,3759.9322181207176,2256.9679354814784,4166.951409925925,3,2,0
rolling_margin,2025-10-02,61149.092759971194,0.0,39096.88861647576,3723.7660789123042,0.0,42820.65469538806,2849.060644456788,2737.7433932304566,4166.951409925925,4315.1878990000005,3,2,0
rolling_margin,2025-10-03,30594.621222448553,0.0,17495.916451856912,112.54768804458362,0.0,17608.464139901494,776.7377549999998,19019.957780823042,4315.1878990000005,4794.720161925925,3,2,0
rolling_margin,2025-10-04,31489.92385271605,0.0,18103.48737055713,223.97547798366867,0.0,18327.4628485408,995.5862166666666,15202.964747078187,4794.720161925925,4437.7989347777775,3,2,0
rolling_margin,2025-10-05,61030.97166855006,0.0,39378.77731770148,3196.470064500213,0.0,42575.2473822017,2472.109507655691,609.8146016666677,4437.7989347777775,3984.5679101481464,3,2,0
rolling_margin,2025-10-06,61197.78180065106,0.0,38896.84718828481,1055.0337576372613,0.0,39951.88094592207,484.1874447602461,0.0,3984.5679101481464,3172.3260611231867,3,3,0
rolling_margin,2025-10-07,64191.56075303733,0.0,40745.488866113556,1001.2354261400736,0.0,41746.72429225363,1813.8512958312797,554.84009233333,3172.3260611231867,3421.619154296295,3,2,0
rolling_margin,2025-10-08,60752.78178964077,61.00640799999823,38191.73420527734,592.3502919956533,308.56987661299104,39092.654373885984,872.7776395421811,0.0,3421.619154296295,2982.4036231481496,3,3,2
rolling_margin,2025-10-09,60165.13371575918,140.70722656333143,38146.32230672222,4230.286552931075,706.490960844062,43083.09982049736,508.41627220850677,128.391294444445,2982.4036231481496,2959.8301783827173,3,3,2
rolling_margin,2025-10-10,30852.141730471874,0.0,16926.812589079444,388.6389136186685,0.0,17315.451502698113,87.99250935802361,18487.04554515226,2959.8301783827173,3092.4779627037037,3,3,0
rolling_margin,2025-10-11,31537.370177146775,0.0,17295.561233407945,364.16228857895055,0.0,17659.723521986896,462.39032866666713,14188.73522794513,3092.4779627037037,3024.6691660617316,3,2,0
rolling_margin,2025-10-12,63248.19754111807,20.929933333333338,39938.46046248651,1270.3145104544715,98.03580773333336,41306.81078067432,768.7420844197509,425.015650676268,3024.6691660617316,2778.808824444445,3,3,1
rolling_margin,2025-10-13,61391.80649269395,0.0,39431.86833314606,2981.037907846009,0.0,42412.90624099207,295.885867555559,0.0,2778.808824444445,3017.2067160740753,3,3,0
rolling_margin,2025-10-14,65864.71712551118,58.99101584666464,42007.67192575503,3737.6768560047753,278.9793478063235,46024.32812956613,1595.8596496378518,0.0,3017.2067160740753,2669.106958888889,3,2,2
rolling_margin,2025-10-15,66623.80559229462,0.0,41497.63596090836,3198.7634232195755,0.0,44696.39938412794,847.4544547277113,22.762703041151077,2669.106958888889,2526.717435962963,3,3,0
rolling_margin,2025-10-16,67599.91581320208,0.0,42804.03462016057,1254.0798428600767,0.0,44058.11446302065,126.8320674444443,344.02851566666794,2526.717435962963,2680.797421390271,3,3,0
rolling_margin,2025-10-17,31052.304065098462,0.0,16802.472648623436,485.5041292219342,0.0,17287.97677784537,327.97095752263454,12167.50810967078,2680.797421390271,2399.99789974074,3,3,0
rolling_margin,2025-10-18,31980.613032747377,0.0,17391.123317783404,438.8161600237303,0.0,17829.939477807133,255.0115113456773,12418.474994238682,2399.99789974074,2777.9104603753062,3,2,0
rolling_margin,2025-10-19,68060.44542877228,0.0,43022.08616953854,954.9389668556037,0.0,43977.02513639414,580.2696476035642,0.0,2777.9104603753062,2353.073083851851,3,2,0
rolling_margin,2025-10-20,70519.77940102067,0.0,44429.150281461705,1968.8266613307874,0.0,46397.97694279249,1924.1248958779156,306.6399189999979,2353.073083851851,2218.2614580740737,3,2,0
rolling_margin,2025-10-21,72837.25409639595,0.0,45453.158390079894,1010.875280514811,0.0,46464.033670594705,1675.2071901385445,303.0043424444426,2218.2614580740737,2502.1599624888872,3,3,0
rolling_margin,2025-10-22,70323.82330737077,0.0,44031.46571856973,1246.1986100743443,0.0,45277.664328644074,867.190019463654,400.05921522222104,2502.1599624888872,1920.3538827777795,3,3,0
rolling_margin,2025-10-23,68719.67778432579,0.0,43097.19016640799,5287.136904474324,0.0,48384.32707088232,864.6323643580258,39.67075999999565,1920.3538827777795,2240.4118600629663,3,3,0
rolling_margin,2025-10-24,32759.257151992366,0.0,17493.058386361634,225.11198742401248,0.0,17718.170373785648,130.99216636625678,11566.472562743484,2240.4118600629663,1805.2335245555573,3,3,0
rolling_margin,2025-10-25,33496.810475595375,0.0,17889.12010665881,116.1264628325214,0.0,18005.246569491334,255.88131401783346,10687.670516076818,1805.2335245555573,1947.9486629259293,3,3,0
rolling_margin,2025-10-26,70089.90122748597,0.0,43707.82603457016,2808.803239066205,0.0,46516.62927363636,1031.1979954924554,73.73500222222098,1947.9486629259293,2350.9114124049393,3,3,0
rolling_margin,2025-10-27,71208.57948429904,0.0,45089.98679457053,2905.519886242989,0.0,47995.506680813516,3280.1313053662557,745.8403444471843,2350.9114124049393,2017.1693232222215,3,2,0
rolling_margin,2025-10-28,71960.54034002977,0.0,45516.74819223921,1859.349356837643,0.0,47376.097549076854,1565.851338893171,442.9258708436181,2017.1693232222215,2106.488575074075,3,2,0
rolling_margin,2025-10-29,75025.01324541746,0.0,46796.062001475606,929.7624372024661,0.0,47725.82443867807,1883.635404458161,295.06357666666474,2106.488575074075,1458.0641674814797,3,3,0
rolling_margin,2025-10-30,70365.23430901456,0.0,44119.76732196328,919.4020478769409,0.0,45039.169369840216,1047.0877849253736,249.28245000000015,1458.0641674814797,1643.6109694432114,3,3,0
rolling_margin,2025-10-31,33877.473892449925,0.0,17986.630671858737,542.9001094833071,0.0,18529.530781342044,71.36111572290739,6688.4769224279835,1643.6109694432114,1651.8166127098755,3,2,0
rolling_margin,2025-11-01,34245.45996584088,0.0,18205.66808997107,314.7224759916593,0.0,18520.39056596273,243.44953735390936,7979.671292288068,1651.8166127098755,1972.9854987160527,3,2,0
rolling_margin,2025-11-02,75012.11496146643,34.47102999999822,46906.42870758985,2766.6028985295943,240.46990527998761,49913.50151139942,2344.165258052127,188.71991111111282,1972.9854987160527,1537.6015753333336,3,2,1
rolling_margin,2025-11-03,76141.75949344455,0.0,47242.432079164515,1867.7639576309557,0.0,49110.196036795474,1849.9031627975126,304.11190477777836,1537.6015753333336,1842.4126990370348,3,2,0
rolling_margin,2025-11-04,73209.31623073212,18.929921444444517,46091.89646050438,1847.1851463267951,87.10463787911146,48026.18624471029,1494.2271010288082,589.186489820299,1842.4126990370348,1433.0992449999997,3,3,2
rolling_margin,2025-11-05,75298.37975087264,63.942298100000286,46591.48592470218,3085.0756002872035,142.15206193996715,49818.71358692935,1022.7021496721519,413.2882206666655,1433.0992449999997,1288.8822023333335,3,3,4
rolling_margin,2025-11-06,77564.1865434229,268.33671946666743,48448.72557636996,1448.966566016556,907.8897543973868,50805.5818967839,2248.2494730349804,134.3212095555586,1288.8822023333335,1231.2183870000001,3,2,12
rolling_margin,2025-11-07,35057.30340913306,48.685219999998594,18332.308808243342,167.17692657948186,297.61274985999137,18797.098484682818,150.6688304115251,8108.138600482856,1231.2183870000001,1296.4936004074075,3,3,1
rolling_margin,2025-11-08,35214.68146480513,0.0,18433.839545756997,52.629701841761275,0.0,18486.469247598758,271.8389261111121,7721.397373237309,1296.4936004074075,1442.242497125927,3,2,0
rolling_margin,2025-11-09,76869.63805967971,102.36167126666658,48180.57428117762,1206.38744021815,563.8683893862659,49950.83011078204,1161.6472725692724,366.6383358888891,1442.242497125927,1350.7186394148157,3,3,4
rolling_margin,2025-11-10,80228.55825829145,191.28940826666363,50117.78696542242,2256.5666548545223,1010.6589203554447,53385.012540632386,2240.9117552043845,55.76952277777377,1350.7186394148157,1346.6728764444447,3,2,6
rolling_margin,2025-11-11,77492.82831268289,59.130374079997566,48468.04393960843,2111.6316428798336,132.1936667232578,50711.86924921152,1688.6725249643396,243.73591000000204,1346.6728764444447,1217.7314446666664,3,3,5
rolling_margin,2025-11-12,77748.8109160317,62.623629187774554,48912.349729301255,2980.9162005672983,436.8624372139153,52330.12836708247,2318.431570927295,275.44072599999964,1217.7314446666664,1336.6153893333333,3,3,1
rolling_margin,2025-11-13,77097.2355059541,55.43944693333606,48790.83664760754,1512.951229974076,386.7455818069523,50690.533459388564,660.6486022592577,0.0,1336.6153893333333,1347.6096914962966,3,3,1
rolling_margin,2025-11-14,35626.27726850494,0.0,18968.690716399786,352.2537873779713,0.0,19320.94450377776,143.26444392057687,4114.957545958856,1347.6096914962966,1741.5929722617327,3,2,0
rolling_margin,2025-11-15,37766.94033295198,0.0,19785.932664993634,369.9169029494409,0.0,20155.849567943074,331.72710109876675,6037.561012740734,1741.5929722617327,1524.0186093851864,3,2,0
rolling_margin,2025-11-16,80405.6241816627,0.0,50895.38625993735,2311.5516308721726,0.0,53206.937890809524,1528.0166734499303,258.060060666669,1524.0186093851864,1450.9366775555527,3,3,0
rolling_margin,2025-11-17,80102.56390554046,0.0,50652.076894526566,3757.943712163012,0.0,54410.02060668958,2798.752579864197,269.16134999999986,1450.9366775555527,1667.482520866668,3,2,0
rolling_margin,2025-11-18,80463.44736140178,0.0,50359.711926282354,1018.262254347477,0.0,51377.97418062983,1196.856622855832,0.0,1667.482520866668,1518.261076125926,3,2,0
rolling_margin,2025-11-19,81935.51560757139,2.61882799999562,51941.1578605945,3541.2663451196972,11.895233651980144,55494.31943936618,2396.7592918559653,178.56079777777882,1518.261076125926,1274.59652385926,3,2,2
rolling_margin,2025-11-20,81151.90787135407,0.0,51036.40512887227,784.1231084176505,0.0,51820.52823728992,1728.136432512435,28.772050000000036,1274.59652385926,1438.6304668962994,3,2,0
rolling_margin,2025-11-21,37242.57699204641,0.0,19918.90908586916,560.0787984321983,0.0,20478.987884301358,623.2567262233722,3794.4921669135797,1438.6304668962994,1957.1896116740713,3,2,0
rolling_margin,2025-11-22,38613.39778645103,0.0,20343.074567299267,730.5772807395542,0.0,21073.651848038822,390.92487268282883,4850.881027983538,1957.1896116740713,1633.8679939012354,3,2,0
rolling_margin,2025-11-23,81159.83765217008,0.0,51543.057908756455,2359.6040562113562,0.0,53902.66196496781,1403.6895794128945,316.1819663333354,1633.8679939012354,1604.7941470814828,3,2,0
rolling_margin,2025-11-24,79536.63691215334,0.0,50200.31831707316,1068.8650673900497,0.0,51269.183384463206,1284.7375827229096,33.39220866666645,1604.7941470814828,1322.284747377779,3,2,0
rolling_margin,2025-11-25,82710.90898813716,0.0,52503.65477820577,3302.711567663043,0.0,55806.36634586881,1949.602368139909,116.19970322222295,1322.284747377779,1549.2445363703728,3,2,0
rolling_margin,2025-11-26,83778.10845620937,0.0,53123.09527682337,1626.5406466619777,0.0,54749.635923485344,2318.7611064302214,60.651583333333065,1549.2445363703728,1812.7445242444448,3,2,0
rolling_margin,2025-11-27,82291.85445186507,0.0,52356.92576037352,1284.8524148956167,0.0,53641.77817526914,2149.7001755029482,77.08986666666658,1812.7445242444448,1822.3396548148144,3,2,0
rolling_margin,2025-11-28,37471.145544570645,0.0,20059.305567564257,515.5655380183593,0.0,20574.871105582617,285.29294707132556,2568.8103743813444,1822.3396548148144,1954.1626094839564,3,2,0
rolling_margin,2025-11-29,40275.42811097386,0.0,21478.326051470816,2211.8844632414184,0.0,23690.210514712235,1325.935193466319,816.0276662222235,1954.1626094839564,1757.1457950740776,3,2,0
rolling_margin,2025-11-30,86669.0027418299,0.0,55052.07785367306,1829.3452463844658,0.0,56881.423100057524,2115.1518531495226,0.0,1757.1457950740776,1491.4621464814843,3,2,0
rolling_margin,2025-12-01,88328.37285555521,2637.303147556667,56923.46973236917,1328.6222938989642,12845.84811180522,71097.94013807336,1.838337333333243,0.0,1491.4621464814843,1516.3205113555553,3,3,11
rolling_margin,2025-12-02,91081.11261899243,2076.9438792844508,58699.416523786706,1852.2696489878722,10274.273154740533,70825.95932751511,170.19408411111215,0.0,1516.3205113555553,1248.118122362963,3,3,11
rolling_margin,2025-12-03,91116.18510162002,1393.3751587011106,58340.85034707041,2262.0053370036712,6855.7481375611305,67458.6038216352,354.87698386557304,0.0,1248.118122362963,1524.604884799998,3,2,8
rolling_margin,2025-12-04,89241.15548153146,2232.4235371699974,57422.64048121503,2413.6275697302217,10951.066852539636,70787.33490348488,127.99397955555617,0.0,1524.604884799998,1454.5557142592572,3,3,11
rolling_margin,2025-12-05,44807.99591496465,799.4988351866635,23828.605959220124,554.806354313251,4109.960307981917,28493.372621515293,255.29513844444352,0.0,1454.5557142592572,1510.3611815925915,3,3,6
rolling_margin,2025-12-06,46985.849977700025,676.0000046666639,24799.445446027235,918.1975550627858,3385.6751045616525,29103.318105651673,114.09482099999934,0.0,1510.3611815925915,1395.30136965926,3,3,7
rolling_margin,2025-12-07,91552.41559144082,1025.843523586664,58815.558100718976,2971.520328584552,4955.763539017245,66742.84196832078,264.8233873456714,0.0,1395.30136965926,1331.6489276074094,3,2,6
rolling_margin,2025-12-08,94564.57261842798,6.472703333333243,60703.41752362895,1674.9956422375108,37.81029652166614,62416.22346238813,1710.0106129602245,0.0,1331.6489276074094,1714.858869392592,3,2,1
rolling_margin,2025-12-09,92693.82490617361,82.24581033333322,59394.971879579396,1751.2207340521038,476.05173582516596,61622.24434945667,609.035723419754,0.0,1714.858869392592,1613.7932149851827,3,3,3
rolling_margin,2025-12-10,94190.03461078177,112.44522288888999,60153.48054318445,1418.9228615781942,508.75665114278314,62081.160055905435,1224.4060905130304,0.0,1613.7932149851827,1536.6110043333347,3,2,3
rolling_margin,2025-12-11,92442.97071123327,0.0,58972.32099474796,1796.0327659477741,0.0,60768.35376069574,1613.6687741313788,0.0,1536.6110043333347,1728.4487627703727,3,2,0
rolling_margin,2025-12-12,49529.8917474986,0.0,26081.237535857257,893.1559710441584,0.0,26974.393506901415,1617.1944234725418,283.26055211110884,1728.4487627703727,1776.875665318517,3,2,0
rolling_margin,2025-12-13,49194.189635280854,0.0,25811.798117806222,1648.7801463017968,0.0,27460.57826410802,1049.7139012688633,364.25279677777735,1776.875665318517,1839.644098614817,3,2,0
rolling_margin,2025-12-14,95393.9078294554,183.3338003333336,61170.33439562619,963.4054163517582,893.7035745940015,63027.44338657195,2280.637656806588,0.0,1839.644098614817,1626.5907549407418,3,2,2
rolling_margin,2025-12-15,96953.76509501645,0.0,62102.78098303362,1834.6529228515071,0.0,63937.433905885126,2654.475958842243,0.0,1626.5907549407418,1794.0530877925944,3,2,0
rolling_margin,2025-12-16,96214.35052553711,0.0,61911.391148603165,1333.297817554407,0.0,63244.68896615757,2273.8984185912163,0.0,1794.0530877925944,1726.0809720296334,3,2,0
rolling_margin,2025-12-17,94542.53176239766,0.0,60406.50308208565,2124.1633869129155,0.0,62530.66646899856,1642.0340574360719,0.0,1726.0809720296334,1800.1928121925978,3,2,0
rolling_margin,2025-12-18,94443.90873413031,0.0,61007.796765093386,1095.14719713571,0.0,62102.943962229096,2481.127322681755,0.0,1800.1928121925978,1792.549210474078,3,2,0
rolling_margin,2025-12-19,48338.10663341838,0.0,25646.867412207786,1206.6710990079466,0.0,26853.538511215735,1668.7454943703704,125.92990671605536,1792.549210474078,1628.082353081482,3,2,0
rolling_margin,2025-12-20,48733.282254312755,0.0,25767.495962996116,1229.0435600313633,0.0,26996.53952302748,1349.01551116461,445.494394444445,1628.082353081482,1838.9430580271624,3,2,0
rolling_margin,2025-12-21,97143.962377142,0.0,62525.24131662993,1373.9072827471282,0.0,63899.14859937706,3435.845924032921,0.0,1838.9430580271624,1860.9625091333344,3,2,0
rolling_margin,2025-12-22,96358.47884648918,0.0,62145.580665362424,598.2858897455483,0.0,62743.866555107976,3086.1549970954848,0.0,1860.9625091333344,1665.8568698518516,3,3,0
rolling_margin,2025-12-23,95785.31438545541,0.0,61503.82703451907,1806.8383739428173,0.0,63310.665408461886,3708.309337927306,0.0,1665.8568698518516,1919.1499487629646,3,2,0
rolling_margin,2025-12-24,95773.68395616257,0.0,61906.93916167721,1187.374268898451,0.0,63094.31343057566,3633.347148263374,0.0,1919.1499487629646,1733.8013484370385,3,2,0
rolling_margin,2025-12-25,96426.4513187236,0.0,61825.73223454276,564.5111984781386,0.0,62390.2434330209,3981.079580664201,0.0,1733.8013484370385,1818.5575422296292,3,2,0
rolling_margin,2025-12-26,49392.53371209404,0.0,26406.72352817232,986.3622845462696,0.0,27393.08581271859,1991.4684297470012,287.69514299999724,1818.5575422296292,2221.689543637038,3,2,0
rolling_margin,2025-12-27,50093.80910430674,0.0,26689.476181508533,963.1540879837906,0.0,27652.630269492325,2601.5796677901158,602.5547649999999,2221.689543637038,2123.6756052148185,3,3,0
rolling_margin,2025-12-28,95316.46597860295,0.0,61360.08286187148,1192.62421595048,0.0,62552.707077821964,4063.439805553216,0.0,2123.6756052148185,2210.2505574222223,3,3,0
rolling_margin,2025-12-29,98023.77755647397,0.0,63074.015831771794,1212.084160639528,0.0,64286.09999241132,6580.4210406673865,0.0,2210.2505574222223,1796.9063279259276,3,2,0
rolling_margin,2025-12-30,95917.9723189549,0.0,61694.099992223964,1835.0428909481252,0.0,63529.14288317209,5052.16459007955,0.0,1796.9063279259276,2023.3469575629651,3,2,0
rolling_margin,2025-12-31,97997.73695047715,0.0,63202.745868234706,956.1003933201855,0.0,64158.84626155489,5354.762354718618,0.0,2023.3469575629651,1595.9336270222252,3,2,0
rolling_scenario,2025-02-01,41398.44155415484,0.0,21985.47013785194,1391.7730122080386,0.0,23377.243150059978,1451.1997561419732,1451.4358133744884,2119.6221033981474,2591.11460781034,3,1,0
rolling_scenario,2025-02-02,86509.5135571565,0.0,54935.06932448683,1925.5706437869435,0.0,56860.639968273776,4592.92982544039,20.592924931415865,2591.11460781034,1992.5141243734356,3,3,0
rolling_scenario,2025-02-03,88000.60155253363,0.0,55578.11745175431,2457.196497036816,0.0,58035.313948791125,3338.29810682785,0.0,1992.5141243734356,2152.0925291543217,3,2,0
rolling_scenario,2025-02-04,89812.07650446502,0.0,57138.28933549481,2650.24191280202,0.0,59788.53124829683,4333.379401107688,0.3517833333332874,2152.0925291543217,2106.67898398148,3,2,0
rolling_scenario,2025-02-05,88644.49191820988,0.0,56247.76529398601,1233.5945679886186,0.0,57481.35986197463,3556.058452019886,2.052500000000009,2106.67898398148,2153.5677745925946,3,2,0
rolling_scenario,2025-02-06,87576.67375982578,4.617086666666637,55301.03278438482,3280.244644277447,26.97071176333316,58608.248140425596,3087.01066137311,0.0,2153.5677745925946,2027.1980897185206,3,2,1
rolling_scenario,2025-02-07,41071.6316054096,0.0,21461.605606236724,1554.3037155756547,0.0,23015.909321812378,1636.0563704529861,4214.648089300415,2027.1980897185206,1858.481440375769,3,2,0
rolling_scenario,2025-02-08,38412.296060634464,0.0,20098.690246262297,395.9535413798595,0.0,20494.643787642155,507.909836666667,2621.569405548694,1858.481440375769,1994.658272074073,3,3,0
rolling_scenario,2025-02-09,87381.5967190832,0.0,55446.99720209697,1645.0483261956174,0.0,57092.04552829259,3906.179310540462,0.0,1994.658272074073,1797.1784032962958,3,2,0
rolling_scenario,2025-02-10,81252.9586722895,8.555533333333301,50717.07595989645,2926.0582198554853,37.46895823333319,53680.603137985265,2618.687117078196,127.33024999999998,1797.1784032962958,1676.3158523888862,3,3,1
rolling_scenario,2025-02-11,81782.43632355198,0.0,50953.70234609979,1828.272046105736,0.0,52781.97439220552,2180.7549211042488,148.03829999999994,1676.3158523888862,1599.4628200740722,3,3,0
rolling_scenario,2025-02-12,81635.6448994301,7.97023333333334,50932.70450193998,1805.937051810876,34.905636883333365,52773.54719063419,1912.2938047050739,58.95943333333321,1599.4628200740722,1617.7770496666674,3,3,1
rolling_scenario,2025-02-13,78838.23415552122,15.444513333333475,48744.61500903308,1525.493583415117,67.63924614333396,50337.74783859153,3078.2371208586787,118.10408333333339,1617.7770496666674,1686.7436467407376,3,3,1
rolling_scenario,2025-02-14,38212.9252154279,0.0,19909.69864390513,295.8129382649786,0.0,20205.511582170107,656.5273134525917,4288.268408436208,1686.7436467407376,1663.6121934444443,3,3,0
rolling_scenario,2025-02-15,37316.175190473994,0.0,19407.56122948969,384.60854568161216,0.0,19792.1697751713,233.65626214889284,4487.218459111108,1663.6121934444443,1563.3172941716016,3,2,0
rolling_scenario,2025-02-16,80858.88567815564,0.0,50106.7773607389,2379.4163161567594,0.0,52486.193676895666,1129.4136373209778,0.0,1563.3172941716016,1541.3477469222257,3,3,0
rolling_scenario,2025-02-17,77007.34289358639,0.0,47824.045733329345,3407.9007782892486,0.0,51231.9465116186,1870.4941781248206,23.289616111106852,1541.3477469222257,1491.9444145407429,3,2,0
rolling_scenario,2025-02-18,77782.92381990973,0.0,48405.42680955655,959.7105956758458,0.0,49365.137405232395,1355.2931326529542,89.63815403292038,1491.9444145407429,1666.835919294887,3,3,0
rolling_scenario,2025-02-19,78692.32581749187,53.38920000000007,48904.180527877106,828.7303449723529,233.81800140000033,49966.728874249464,1874.4272045149576,0.0,1666.835919294887,1265.180069225424,3,2,1
rolling_scenario,2025-02-20,78649.64464678544,0.0,48613.82687435737,2247.835181784054,0.0,50861.662056141424,2725.514653024688,391.814483333333,1265.180069225424,1706.3551208222207,3,2,0
rolling_scenario,2025-02-21,35600.274125297656,0.0,18335.73623787059,0.6251194446161881,0.0,18336.361357315207,93.36256000000014,6730.634088477363,1706.3551208222207,1558.7000484518549,3,1,0
rolling_scenario,2025-02-22,35607.69070843745,0.0,18626.512790641656,122.1984749247191,0.0,18748.711265566377,519.790945067075,3729.952874238679,1558.7000484518549,1744.6326023135853,3,1,0
rolling_scenario,2025-02-23,77134.21799879803,0.0,47553.85718081229,1248.231879565848,0.0,48802.08906037814,1542.9817670288035,0.0,1744.6326023135853,1529.4203280962963,3,1,0
rolling_scenario,2025-02-24,74618.73625805075,4.7754108888887,46511.49501864537,1259.9274538477464,22.25780302577693,47793.6802755189,1767.9045532304544,580.2522826666674,1529.4203280962963,1662.6493277185155,3,2,2
rolling_scenario,2025-02-25,72526.650940631,50.39867877777806,44644.99632927054,3023.8528633516826,222.86955086789015,47891.71874349011,2557.900530288062,253.115972666667,1662.6493277185155,1529.2986825555577,3,2,3
rolling_scenario,2025-02-26,74762.80550350068,34.208299999999895,45735.26431228777,327.2151640351499,149.81198903333288,46212.291465356255,1263.5208622057562,351.2136061111122,1529.2986825555577,1641.601164590123,3,1,2
rolling_scenario,2025-02-27,74022.0968721262,0.0,45876.892151166096,763.541583876135,0.0,46640.43373504223,2350.1328929259384,233.91591722222245,1641.601164590123,1823.9397232000033,3,2,0
rolling_scenario,2025-02-28,33812.6237443827,0.0,17528.212335958324,232.65508278412534,0.0,17760.867418742448,110.3392433333338,7260.931181687233,1823.9397232000033,1742.0660272518564,3,1,0
rolling_scenario,2025-03-01,38187.40012228121,0.0,19595.423241790686,380.15126591964054,0.0,19975.574507710327,1570.542569902608,9822.517893004113,1742.0660272518564,1809.3097528913588,3,2,0
rolling_scenario,2025-03-02,79598.06280757065,0.0,49805.84580252034,1735.901634553023,0.0,51541.74743707337,3412.248876032925,0.0,1809.3097528913588,1482.9710251851852,3,2,0
rolling_scenario,2025-03-03,78962.9605666159,0.0,49089.14013705193,3094.946847538231,0.0,52184.08698459016,2358.8406161591256,296.4895999999999,1482.9710251851852,1503.5302479185204,3,2,0
rolling_scenario,2025-03-04,75148.40060506722,0.0,46437.98549451115,517.1296893039757,0.0,46955.11518381513,1529.6785603264768,293.7259918888885,1503.5302479185204,1483.4575307037019,3,1,0
rolling_scenario,2025-03-05,72383.81194653985,0.0,44639.895758803665,2746.036208412942,0.0,47385.93196721661,2215.9707957777796,0.0,1483.4575307037019,1520.7805335037003,3,2,0
rolling_scenario,2025-03-06,72872.36197738862,0.0,44941.633831227846,1070.4371710501364,0.0,46012.07100227798,2380.5538642277083,377.38304611111346,1520.7805335037003,1637.1139451629633,3,2,0
rolling_scenario,2025-03-07,33580.39808500411,0.0,17486.436506855964,470.3160887498695,0.0,17956.752595605834,387.5370469382715,9056.836147432097,1637.1139451629633,1897.6078481925933,3,2,0
rolling_scenario,2025-03-08,32120.01253529767,0.0,16741.865869395657,15.313762334454289,0.0,16757.179631730112,235.50261879120626,9902.363034460906,1897.6078481925933,1864.3206579012365,3,1,0
rolling_scenario,2025-03-09,69289.54260457098,0.0,42690.534980622244,3301.620453023254,0.0,45992.1554336455,2142.8267656834596,164.10347333333465,1864.3206579012365,1542.1218408000016,3,2,0
rolling_scenario,2025-03-10,74287.50530956431,0.0,45178.61071127065,824.8126046176938,0.0,46003.42331588834,2039.9200833360783,106.389931333336,1542.1218408000016,1495.2975934814806,3,2,0
rolling_scenario,2025-03-11,70851.42970387792,0.0,42845.229984229285,3442.5206746413623,0.0,46287.750658870646,2308.4993507640665,52.442421673528315,1495.2975934814806,1815.110336896299,3,2,0
rolling_scenario,2025-03-12,67344.81142158242,0.0,41613.79316664003,4469.92441004867,0.0,46083.7175766887,1018.7598401063323,224.6825068888915,1815.110336896299,1530.2162306944472,3,2,0
rolling_scenario,2025-03-13,73617.74954982959,80.79021733333252,45159.5767339762,3000.2832573279643,554.9101449766611,48714.77013628083,2126.418306950616,105.99734999999987,1530.2162306944472,1428.4818850428899,3,2,2
rolling_scenario,2025-03-14,32456.52466153122,0.0,16862.626723961133,694.9111977311353,0.0,17557.53792169227,497.36551383950876,12453.30716879287,1428.4818850428899,1971.5361842222226,3,2,0
rolling_scenario,2025-03-15,31399.189288576134,0.0,16339.132174571958,727.522107639357,0.0,17066.654282211315,423.6940932222236,7707.163319012346,1971.5361842222226,1432.1321230518524,3,2,0
rolling_scenario,2025-03-16,69861.52856237975,1.6400000000001,42923.09152407628,2497.7307863153874,7.461180000000455,45428.28349039167,2108.753396233199,24.829059999998133,1432.1321230518524,1882.768015503706,3,2,1
rolling_scenario,2025-03-17,62025.489386677495,0.0,38113.41335350727,3168.825872433299,0.0,41282.23922594057,331.5121322153658,0.0,1882.768015503706,1762.3739463836332,3,3,0
rolling_scenario,2025-03-18,67644.17392309499,0.0,41535.88105474313,3807.8424803714743,0.0,45343.7235351146,1994.5612681577452,529.6268884444464,1762.3739463836332,1867.8390980222227,3,2,0
rolling_scenario,2025-03-19,66499.89488997942,0.0,40724.54293548121,2726.492408077503,0.0,43451.03534355871,1906.312070541835,1027.324240888891,1867.8390980222227,2049.2880373481507,3,2,0
rolling_scenario,2025-03-20,66608.25450160004,0.0,41148.85945216572,3366.115130873902,0.0,44514.97458303962,848.6848030288085,0.0,2049.2880373481507,1724.911875903705,3,3,0
rolling_scenario,2025-03-21,29751.036680160938,0.0,15223.113159789687,520.6157843607461,0.0,15743.728944150433,109.94991190579978,14914.829588279832,1724.911875903705,1580.4538202839487,3,3,0
rolling_scenario,2025-03-22,30868.34247675857,0.0,16023.256244865996,194.6492525765172,0.0,16217.905497442513,409.30179044444446,11368.871382765428,1580.4538202839487,2034.2649070839489,3,2,0
rolling_scenario,2025-03-23,65517.07186962704,0.0,40107.42684933439,2365.286418717591,0.0,42472.713268051986,2066.8910269739367,1326.6566763086373,2034.2649070839489,1702.2342548790152,3,3,0
rolling_scenario,2025-03-24,65008.78798553223,0.0,39550.94134142338,2408.526230133052,0.0,41959.46757155643,2331.9293179286706,492.0101227777861,1702.2342548790152,1809.1380344098761,3,2,0
rolling_scenario,2025-03-25,65913.0759096226,0.0,40006.09693607104,3526.7057276291694,0.0,43532.802663700204,1211.5656358091642,245.85355816871854,1809.1380344098761,1358.5695217481496,3,3,0
rolling_scenario,2025-03-26,62939.39416518107,0.0,38266.44505134279,1772.0251555036475,0.0,40038.47020684643,1886.814946117972,1196.994713654332,1358.5695217481496,1703.5555867555545,3,3,0
rolling_scenario,2025-03-27,64284.12398042373,0.0,38829.078581911905,3354.3192868540414,0.0,42183.39786876595,1382.0345863950604,335.4298755733906,1703.5555867555545,1527.352385162965,3,3,0
rolling_scenario,2025-03-28,30440.196141433466,0.0,15471.053991642068,19.167093304724258,0.0,15490.221084946792,413.34697834293644,16158.348641080931,1527.352385162965,1763.8361558370364,3,1,0
rolling_scenario,2025-03-29,29235.40296935391,0.0,14983.017494106045,419.43333047764406,0.0,15402.45082458369,35.51823862140034,18801.720637596707,1763.8361558370364,1761.0590742000045,3,2,0
rolling_scenario,2025-03-30,59429.29936563801,0.0,35978.974307852404,2592.757385481255,0.0,38571.73169333366,324.88681500000007,0.0,1761.0590742000045,1463.7349345703738,3,3,0
rolling_scenario,2025-03-31,62289.805664644715,0.0,37454.77455822591,4922.229054925633,0.0,42377.003613151544,625.6939171275726,177.92978144444567,1463.7349345703738,1909.6770854469153,3,2,0
rolling_scenario,2025-04-01,65343.229705544945,0.0,39112.94899605647,3974.690677210532,0.0,43087.639673267,926.1092146543238,644.6278264444396,1909.6770854469153,1606.6054669709438,3,2,0
rolling_scenario,2025-04-02,66176.03523038664,0.0,39886.96710161996,2317.7183112395255,0.0,42204.685412859486,1171.7960320768177,739.0536440000044,1606.6054669709438,1583.6435332543178,3,2,0
rolling_scenario,2025-04-03,62337.37277286128,0.0,37996.50446813931,3365.051683095226,0.0,41361.55615123454,1989.3416386856977,532.0218349794166,1583.6435332543178,1605.6047100370347,3,3,0
rolling_scenario,2025-04-04,28626.83130435528,0.0,14507.368069443057,463.98776215187854,0.0,14971.355831594936,422.96836502195004,18938.439308909466,1605.6047100370347,1773.1963584888877,3,2,0
rolling_scenario,2025-04-05,27673.948112181068,0.0,14005.149121780674,0.0,0.0,14005.149121780674,146.10459659945138,13223.566059352486,1773.1963584888877,1427.3058271259258,3,0,0
rolling_scenario,2025-04-06,61930.61807219579,0.0,37437.491567634206,2444.193777252055,0.0,39881.68534488626,2275.2747100246925,1033.200415555556,1427.3058271259258,1609.105074601779,3,3,0
rolling_scenario,2025-04-07,59519.044049792254,0.0,35783.488669368875,1707.1040940271412,0.0,37490.59276339602,1648.7839133093946,1004.8201253415649,1609.105074601779,1447.2998229024686,3,2,0
rolling_scenario,2025-04-08,60944.58280970918,163.05474666633842,36567.46657807887,2630.5004027863806,614.7876623612051,39812.75464322646,1967.6561750082335,977.2113994444426,1447.2998229024686,1200.0,3,2,8
rolling_scenario,2025-04-09,67202.82280749602,0.0,40611.4662292301,737.2183071751766,0.0,41348.68453640528,3612.855583251469,0.0,1200.0,1592.7116878520762,3,1,0
rolling_scenario,2025-04-10,60899.15762410016,0.0,36738.67019963586,2434.322528302569,0.0,39172.99272793843,1677.09016326749,747.6478149999982,1592.7116878520762,1539.1546381837045,3,3,0
rolling_scenario,2025-04-11,26689.791861761543,18.929207997777553,13303.928025594325,387.9192317232357,75.45182307914133,13767.299080396702,10.332718,18994.368733333333,1539.1546381837045,1290.9629094877055,3,3,1
rolling_scenario,2025-04-12,28062.73518844027,0.0,14087.645604920952,572.8783083659446,0.0,14660.523913286896,48.892658666666875,15863.647174408776,1290.9629094877055,1877.2614275000008,3,1,0
rolling_scenario,2025-04-13,59994.30236456666,0.0,35922.29362632874,1930.7171080826586,0.0,37853.0107344114,1238.802047620029,976.3592600000011,1877.2614275000008,1490.6074028148162,3,3,0
rolling_scenario,2025-04-14,56259.12169887441,64.56792823333183,34452.724237245304,4898.886601742538,450.4258673557228,39802.03670634356,165.33254388888884,0.0,1490.6074028148162,1402.4440542525922,3,3,1
rolling_scenario,2025-04-15,56750.56962820222,0.0,34283.67096314844,2371.376873140694,0.0,36655.04783628914,805.7693654019223,1792.7954195473271,1402.4440542525922,1768.3414852284213,3,2,0
rolling_scenario,2025-04-16,61368.071531124224,0.0,36773.60639531262,2939.8030174864084,0.0,39713.40941279903,1386.1415474060364,491.0189273333352,1768.3414852284213,1702.8397013611866,3,3,0
rolling_scenario,2025-04-17,58217.905857739795,0.0,35314.3624732954,2057.8718655452576,0.0,37372.23433884066,1068.9109680864246,210.06656666666413,1702.8397013611866,2003.0279354971847,3,3,0
rolling_scenario,2025-04-18,26448.314413488726,0.0,13214.553505848167,158.9037790739416,0.0,13373.45728492211,223.0436394444441,17337.853669362135,2003.0279354971847,2072.391314520992,3,1,0
rolling_scenario,2025-04-19,26706.340541562404,0.0,13291.920950877306,138.65274410279633,0.0,13430.573694980101,348.74078751028094,17345.57702191358,2072.391314520992,1867.111569234568,3,1,0
rolling_scenario,2025-04-20,58157.86089728237,0.0,35194.63834927671,435.1278835243175,0.0,35629.766232801034,1922.438430765224,430.59184448148255,1867.111569234568,1949.6853156222228,3,3,0
rolling_scenario,2025-04-21,54515.28400908641,0.0,32734.151980207585,2363.2881595239965,0.0,35097.44013973158,375.0019733635089,2637.3329074869703,1949.6853156222228,1423.6317562222205,3,2,0
rolling_scenario,2025-04-22,57506.355561519886,0.0,34545.23053994251,2562.951225561581,0.0,37108.181765504094,1370.9488293882048,90.9622317983522,1423.6317562222205,1648.5461008555549,3,3,0
rolling_scenario,2025-04-23,56837.526223840876,0.0,33864.51488645152,1133.6545685602014,0.0,34998.169455011724,1041.6743323004134,578.0881486666683,1648.5461008555549,1795.2346496370342,3,3,0
rolling_scenario,2025-04-24,55353.91342674885,0.0,33387.427520784026,705.8293266316829,0.0,34093.25684741571,1711.6066035801246,3170.825560082308,1795.2346496370342,1714.553441533337,3,2,0
rolling_scenario,2025-04-25,25704.728808764055,0.0,12599.22739712816,402.4225979887205,0.0,13001.649995116879,144.69658177777723,21261.41310555007,1714.553441533337,1619.966942101235,3,2,0
rolling_scenario,2025-04-26,26260.22335847051,0.0,13024.82027918773,77.58576354151657,0.0,13102.406042729246,189.35649166666698,23641.015627336077,1619.966942101235,1602.7355047037108,3,1,0
rolling_scenario,2025-04-27,55288.2068781625,0.0,33363.782368806096,1162.3154398398453,0.0,34526.09780864594,998.0633726255112,2061.163671193415,1602.7355047037108,1455.6647885481464,3,3,0
rolling_scenario,2025-04-28,63511.01625494375,0.0,37464.52051685756,1796.9691407751804,0.0,39261.489657632745,2437.0655572633705,389.13803833333657,1455.6647885481464,1774.0234289925918,3,2,0
rolling_scenario,2025-04-29,55865.275083360764,0.0,33928.24480007132,1212.4074752269605,0.0,35140.65227529828,1226.1995046941063,3588.1080427983566,1774.0234289925918,2000.1490696074088,3,1,0
rolling_scenario,2025-04-30,53433.602803213995,0.0,31936.844128498076,860.135937889786,0.0,32796.98006638786,959.0373153196189,1092.9161967078203,2000.1490696074088,1668.9746430814828,3,2,0
rolling_scenario,2025-05-01,55164.77581564102,2233.6612016634976,33544.78537669483,847.7601686993346,11011.684284674247,45404.22983006842,983.1291685308604,2107.6722978203006,1668.9746430814828,1200.0,3,3,22
rolling_scenario,2025-05-02,29304.272152744306,0.0,15681.450200976798,163.41433879298495,0.0,15844.864539769784,8.001089999999976,12015.847551344306,1200.0,1522.0744706296332,3,3,0
rolling_scenario,2025-05-03,28244.420028998626,36.53986286666265,14892.539596495673,340.40372230641765,141.8477476483844,15374.791066450474,133.66136123456627,16708.615177283944,1522.0744706296332,1515.5008232222222,3,2,1
rolling_scenario,2025-05-04,55850.55976781442,39.678369500002056,34843.475190964426,2172.4479028601286,83.1603914785873,37099.08348530314,20.38575333333324,864.5911735802515,1515.5008232222222,1286.390136364445,3,3,2
rolling_scenario,2025-05-05,60572.296954113495,0.0,37238.63769105895,1618.4311715649603,0.0,38857.06886262391,742.7817281949266,817.7729877160508,1286.390136364445,1597.5189592163856,3,3,0
rolling_scenario,2025-05-06,57774.241492571375,0.0,36301.149816217716,2099.763343937197,0.0,38400.913160154916,785.7846836522317,518.3197479629641,1597.5189592163856,1595.8828006726658,3,3,0
rolling_scenario,2025-05-07,60136.93000461684,0.0,37191.89515997607,585.7697605907083,0.0,37777.66492056678,1394.2892823573109,79.38764195698342,1595.8828006726658,1355.1808851141018,3,3,0
rolling_scenario,2025-05-08,61422.26416428552,35.999250000000075,37754.54720802846,2738.580246192842,243.2289326250005,40736.3563868463,1209.5505822277037,0.0,1355.1808851141018,2076.4610726965916,3,3,1
rolling_scenario,2025-05-09,29444.58469758815,0.0,16082.407924256073,383.42548414374625,0.0,16465.83340839982,504.7456463292188,17185.974574390944,2076.4610726965916,2918.7521588370396,3,2,0
rolling_scenario,2025-05-10,28913.401498035084,0.0,15764.307784651475,1014.1215948033689,0.0,16778.429379454843,579.5325781769559,14577.585553340188,2918.7521588370396,2302.274182510595,3,2,0
rolling_scenario,2025-05-11,59446.9550554422,41.180716666666626,36548.91957174577,2253.7784716052097,277.36103945833304,39080.05908280931,1138.5325138285257,152.97764958573933,2302.274182510595,1529.8405769716117,3,2,2
rolling_scenario,2025-05-12,59090.47667635801,0.0,36571.11863940883,2916.7439110514915,0.0,39487.86255046032,1461.7024293196164,1496.623766460908,1529.8405769716117,2454.657408227161,3,2,0
rolling_scenario,2025-05-13,58599.072171517146,0.0,36120.61865716796,3140.511389779153,0.0,39261.13004694711,2013.7624019904129,565.677404581617,2454.657408227161,1941.6409605259241,3,2,0
rolling_scenario,2025-05-14,58992.24873470233,0.0,36246.416193541074,1855.4222951931174,0.0,38101.83848873419,1622.6920532551374,718.965838271607,1941.6409605259241,2180.7102592518527,3,1,0
rolling_scenario,2025-05-15,58901.692672155004,0.0,36818.209614331456,2145.728636417759,0.0,38963.93825074921,1622.5426191851898,530.3741355967029,2180.7102592518527,2649.867160133332,3,2,0
rolling_scenario,2025-05-16,26282.234692888145,0.0,14294.736598814075,364.10494350043325,0.0,14658.841542314509,399.6219753333335,21570.933868052125,2649.867160133332,2073.9364733925904,3,2,0
rolling_scenario,2025-05-17,27102.246942376205,0.0,14601.201745756132,596.001207120046,0.0,15197.202952876178,0.0,14779.861398039782,2073.9364733925904,1683.8365339555576,3,2,0
rolling_scenario,2025-05-18,58963.4623411838,5.236666666666679,35970.53630722026,2489.16933515349,35.318698333333415,38495.02434070709,980.9901852798952,492.68387166666366,1683.8365339555576,1984.1766541242755,3,3,1
rolling_scenario,2025-05-19,56817.153001309525,67.00333333333344,35031.1799085599,1064.301515623715,451.90398166666745,36547.385405850284,1808.9109995138263,4493.241790534983,1984.1766541242755,1807.543568293825,3,3,1
rolling_scenario,2025-05-20,58357.10740097037,50.08396121666635,35466.84461637901,1041.3199759254803,348.2690691174646,36856.43366142195,566.5540999245537,299.5068737860079,1807.543568293825,1242.9775485207413,3,2,2
rolling_scenario,2025-05-21,58597.63834782171,0.0,36321.652878344714,2083.478691261096,0.0,38405.13156960581,1068.6918945059385,2074.412203,1242.9775485207413,1973.360974639506,3,2,0
rolling_scenario,2025-05-22,57258.0850462136,0.0,35687.472640730266,1097.238709766394,0.0,36784.71135049666,1252.811709330593,906.2613485596765,1973.360974639506,2826.6490314592593,3,2,0
rolling_scenario,2025-05-23,26359.71757502,0.0,14357.868128257434,459.73716322036177,0.0,14817.605291477796,920.3042894444441,17607.74155639232,2826.6490314592593,2003.2748004691387,3,2,0
rolling_scenario,2025-05-24,26517.351645438957,30.334441666666738,14139.365408890242,158.9585863489371,128.4904496800003,14426.81444491918,528.333240912209,19952.294533333334,2003.2748004691387,2063.2768955925944,3,1,2
rolling_scenario,2025-05-25,56516.73822327933,0.0,34781.36755313692,1473.4181345729971,0.0,36254.78568770992,1009.736652949714,3915.8253246913596,2063.2768955925944,1922.1239865221398,3,3,0
rolling_scenario,2025-05-26,60054.18059982999,0.0,36751.55832598554,597.9618028597691,0.0,37349.52012884531,1809.2691558395068,0.0,1922.1239865221398,1999.3562433617756,3,1,0
rolling_scenario,2025-05-27,54927.12748316302,0.0,33946.564972004744,1586.0896532404602,0.0,35532.6546252452,1128.9697122798318,1368.8472916762703,1999.3562433617756,1683.1812048925954,3,3,0
rolling_scenario,2025-05-28,58528.88392404207,0.0,35789.164808505615,2076.93590010419,0.0,37866.1007086098,1443.0855896387925,1105.8340362510255,1683.1812048925954,1934.7152842284409,3,3,0
rolling_scenario,2025-05-29,59453.66671177906,17.817433333333497,36508.98811130294,2299.7933523303045,119.77769558333443,38928.55915921658,624.5656891015134,821.1322190493846,1934.7152842284409,2195.257765399997,3,3,1
rolling_scenario,2025-05-30,27628.724022460905,0.0,15016.938309388588,197.82880815475073,0.0,15214.767117543339,231.06678491769384,18120.588689390945,2195.257765399997,2632.156468490125,3,2,0
rolling_scenario,2025-05-31,28131.29557296982,0.0,14979.630247793739,755.7176267357124,0.0,15735.34787452945,625.7217513470497,17015.02086608505,2632.156468490125,2465.47339927654,3,2,0
rolling_scenario,2025-06-01,71891.53072528176,2468.457316496668,45088.20949621194,4673.096675409322,11361.07805402509,61122.384225646354,785.0167644444466,0.0,2465.47339927654,1200.0,3,3,27
rolling_scenario,2025-06-02,72940.90545590961,293.0286825011114,46155.084668291995,6682.08880235431,1520.5992722652422,54357.77274291155,227.968594035661,0.0,1200.0,1290.1828080740743,3,3,10
rolling_scenario,2025-06-03,74525.37060164988,128.2899933333333,47058.885772378104,3559.569478803397,864.8137158616665,51483.268967043165,1725.6365776680357,734.7043307709268,1290.1828080740743,1531.5566886666645,3,3,3
rolling_scenario,2025-06-04,75104.97525047687,61.642308000000185,46532.06660684968,7146.119537033438,422.4805371853346,54100.666681068455,1478.170738079426,0.0,1531.5566886666645,1460.2199405450394,3,3,5
rolling_scenario,2025-06-05,76203.77462886456,20.876046666666866,47400.04627892867,3852.4387738547293,140.760182736668,51393.245235520066,630.324293237724,0.0,1460.2199405450394,1625.7189387731132,3,2,3
rolling_scenario,2025-06-06,36037.95643188737,0.0,21111.819048295227,1004.8561336630933,0.0,22116.67518195832,2.38552333333314,2376.9587338271626,1625.7189387731132,1824.6294002007953,3,1,0
rolling_scenario,2025-06-07,38487.64801815529,0.0,21971.382889350112,1629.9892014687007,0.0,23601.37209081881,486.941716275723,4140.951531913578,1824.6294002007953,1980.7640098607806,3,2,0
rolling_scenario,2025-06-08,73324.47291580107,0.0,46358.220272526334,3726.72895302912,0.0,50084.94922555545,3952.6903274200567,0.0,1980.7640098607806,2576.0549897234587,3,2,0
rolling_scenario,2025-06-09,79223.92576243664,1.8381779999999708,50004.86454582049,2169.5717699157663,12.397591520999804,52186.83390725726,4178.312097456788,0.0,2576.0549897234587,2564.670969792594,3,3,1
rolling_scenario,2025-06-10,78976.50178252469,0.0,49860.645716554776,1071.9516247505837,0.0,50932.59734130536,3640.1500055555616,0.0,2564.670969792594,2153.2938610188903,3,1,0
rolling_scenario,2025-06-11,84440.2963073372,0.0,53880.61938617947,2500.1619441726752,0.0,56380.78133035214,3614.9034410727013,0.0,2153.2938610188903,2553.0862733914696,3,3,0
rolling_scenario,2025-06-12,79223.36530301813,0.0,49867.203843651325,2978.972107866178,0.0,52846.1759515175,2955.679038425238,0.0,2553.0862733914696,2264.5579241931105,3,3,0
rolling_scenario,2025-06-13,35664.02277693513,0.0,20938.96351380564,1464.5854892613254,0.0,22403.549003066964,681.1466138833327,4166.543089423866,2264.5579241931105,2255.371952359483,3,3,0
rolling_scenario,2025-06-14,34219.893769443785,0.0,20207.168749377364,718.245403593609,0.0,20925.414152970974,223.12164984911288,5491.522325845684,2255.371952359483,2164.1652020748165,3,2,0
rolling_scenario,2025-06-15,80023.95022633113,0.0,50088.11049669058,2385.774723560702,0.0,52473.88522025128,4733.0044256954725,0.0,2164.1652020748165,2773.095285170375,3,2,0
rolling_scenario,2025-06-16,79348.49051490412,12.097325122224607,49844.24605560045,1530.2149923070945,65.71803463594497,51440.179082543495,2466.9885052558416,0.0,2773.095285170375,2656.1809707971597,3,2,2
rolling_scenario,2025-06-17,81905.15514493811,16.180454333333387,51767.51388886808,2804.953989285128,109.08053288816703,54681.54841104138,3430.4290288244124,0.0,2656.1809707971597,2217.3796613696904,3,2,1
rolling_scenario,2025-06-18,79721.03254227954,0.0,49820.0275597157,4163.899693908912,0.0,53983.92725362461,4489.13372342662,0.0,2217.3796613696904,2589.2361275234593,3,2,0
rolling_scenario,2025-06-19,76069.51439819306,56.70548777777776,48124.87009905343,5308.892713825152,382.14914336944435,53815.91195624803,4282.19296255143,0.0,2589.2361275234593,2057.9731145516776,3,2,2
rolling_scenario,2025-06-20,34990.4644359673,0.0,20548.518673920837,669.9615058173114,0.0,21218.480179738148,939.2838823333346,8913.305893434843,2057.9731145516776,2513.545029748149,3,2,0
rolling_scenario,2025-06-21,34656.033571807886,0.0,20286.7059048098,792.4917185125166,0.0,21079.197623322318,1472.3156975884779,11342.643848750346,2513.545029748149,2693.584199370307,3,2,0
rolling_scenario,2025-06-22,75455.87312980666,0.0,47718.12667529029,2783.4574428598326,0.0,50501.584118150124,4044.691592152267,123.85798699999994,2693.584199370307,2698.955783007409,3,2,0
rolling_scenario,2025-06-23,73087.78934761144,0.0,46516.86372750694,1485.0638824905532,0.0,48001.927609997496,2303.3021371801456,194.94228800000184,2698.955783007409,2405.5292947975317,3,3,0
rolling_scenario,2025-06-24,83204.86182179286,0.0,52700.96133721273,1935.8103786877123,0.0,54636.77171590044,2583.593971860081,43.546666666666624,2405.5292947975317,2415.7305817580277,3,2,0
rolling_scenario,2025-06-25,76791.48136622433,0.0,48166.777306019816,1416.2871975109665,0.0,49583.06450353078,2332.013435294249,53.2960999001702,2415.7305817580277,2510.2277285857786,3,2,0
rolling_scenario,2025-06-26,74686.18880299674,17.416189333333477,47253.07041215182,1026.988833510327,117.6376559773343,48397.69690163948,3608.132397824558,288.6968341563795,2510.2277285857786,2058.8439549146783,3,2,2
rolling_scenario,2025-06-27,33110.178354820455,0.0,19030.251593154895,1177.8677928299994,0.0,20208.119385984894,218.3196783676246,10484.55793782579,2058.8439549146783,2300.9294638642014,3,2,0
rolling_scenario,2025-06-28,33235.36544604524,0.0,18981.49800686975,396.9063545999423,0.0,19378.404361469693,355.3736189108356,8709.96246428121,2300.9294638642014,2369.9325574075315,3,2,0
rolling_scenario,2025-06-29,75555.70019801788,0.0,47399.69205042353,2186.329878918503,0.0,49586.02192934204,1819.4297006872443,0.0,2369.9325574075315,2870.656358571775,3,3,0
rolling_scenario,2025-06-30,77077.86893167607,5.481738666666615,48476.80018654571,1768.0070165106324,36.97432730666632,50281.781530363005,3948.1317253539073,58.2214829218084,2870.656358571775,2240.492880185187,3,2,1
rolling_scenario,2025-07-01,78355.42423180961,3084.101228235553,51579.8968194123,4249.106599967072,14864.593545317319,70693.59696469668,0.0,0.0,2240.492880185187,1200.0,3,3,27
rolling_scenario,2025-07-02,77695.2803447554,392.04168683333336,48657.37060123841,1084.0898187692794,2228.205876130133,51969.66629613782,1097.4636466255133,0.0,1200.0,1303.377272851852,3,3,11
rolling_scenario,2025-07-03,84374.06831887791,155.74971997466082,53684.337391064735,2536.1060904330407,778.8114952535049,56999.254976751276,538.3250941632274,146.39523100823246,1303.377272851852,1237.4885520000003,3,3,6
rolling_scenario,2025-07-04,40934.95637513127,535.6312705793781,24065.95406668707,1067.967093074596,2267.838896883288,27401.760056644955,135.9585286694085,9771.510379299994,1237.4885520000003,1200.0,3,2,12
rolling_scenario,2025-07-05,42765.23443507743,0.0,25389.935431297858,335.93527930228464,0.0,25725.870710600142,196.24043127160536,10756.760097956105,1200.0,1560.34859997586,3,2,0
rolling_scenario,2025-07-06,88889.344258096,23.450244385928045,56742.58352853964,2185.4074056943678,159.09972401808463,59087.09065825209,4266.357367051754,0.0,1560.34859997586,2022.3656981765937,3,3,3
rolling_scenario,2025-07-07,81808.90197501464,26.166806666666503,52006.546241866316,4023.4223318209815,176.79653702666556,56206.76511071397,4608.149040768063,134.51450861728847,2022.3656981765937,2033.3315846167395,3,3,2
rolling_scenario,2025-07-08,86233.23615852595,0.0,55359.43955852989,3465.669992376415,0.0,58825.10955090631,4440.045312017792,1208.3496182853228,2033.3315846167395,3018.1548100222235,3,3,0
rolling_scenario,2025-07-09,83699.68944805638,3.769528040002456,53400.76336957793,3430.9693444075783,25.41227328167656,56857.14498726718,5450.862456585624,464.51003868312796,3018.1548100222235,3013.4535913469626,3,3,1
rolling_scenario,2025-07-10,82888.27178287786,11.270609333333141,53715.98193074999,1803.116979421623,76.01462464866538,55595.11353482028,5302.776252555551,1109.544433333333,3013.4535913469626,2932.9161069703696,3,2,1
rolling_scenario,2025-07-11,44246.00958120576,0.0,26743.474657698524,903.6464078137884,0.0,27647.12106551231,1154.9394665267507,8213.073887790122,2932.9161069703696,2830.786169585188,3,2,0
rolling_scenario,2025-07-12,44786.24227643059,0.0,27533.668432122893,643.2869019904726,0.0,28176.955334113365,1936.2723951769563,9489.834387215362,2830.786169585188,2711.0178908148173,3,3,0
rolling_scenario,2025-07-13,77639.41701372422,57.17956533333347,49823.83564870491,4199.071236127241,385.79688887333424,54408.703773705485,3532.5763690384174,1417.4518615404575,2711.0178908148173,2443.1819415880013,3,2,2
rolling_scenario,2025-07-14,77513.65041542763,0.0,49560.67751276041,2494.5957945866103,0.0,52055.27330734702,1935.2275019666522,436.05291899176945,2443.1819415880013,2095.999335238446,3,3,0
rolling_scenario,2025-07-15,79051.34805751231,0.0,50400.25985181953,4050.581545865148,0.0,54450.84139768468,1309.1658657791434,53.95198333333376,2095.999335238446,3284.122950520518,3,3,0
rolling_scenario,2025-07-16,76951.07483626984,0.0,49764.953824237164,3616.2088921258414,0.0,53381.162716363004,1865.1881784869681,0.0,3284.122950520518,2629.604865676965,3,3,0
rolling_scenario,2025-07-17,78591.88095257922,0.0,50922.95024723514,2833.998779077776,0.0,53756.94902631291,2339.1761793278406,0.0,2629.604865676965,2148.137222851855,3,2,0
rolling_scenario,2025-07-18,42920.79689820417,0.0,25795.60251400427,1586.9392513091138,0.0,27382.541765313385,517.5048990085405,8214.553700503428,2148.137222851855,2649.3051808476735,3,2,0
rolling_scenario,2025-07-19,41969.163741273325,0.0,25657.96079561311,1585.1214306822385,0.0,27243.08222629535,926.7879028305202,11939.269383539095,2649.3051808476735,2245.550584800001,3,3,0
rolling_scenario,2025-07-20,80388.47074864352,7.391811333333408,51386.0707841026,3231.094373665558,51.56527586133385,54668.7304336295,3887.3193167058034,629.8267509999964,2245.550584800001,2440.94121897531,3,3,1
rolling_scenario,2025-07-21,82151.38887786432,0.0,52653.12101774489,678.4333559631696,0.0,53331.55437370806,3574.839076090526,701.6560666666669,2440.94121897531,2538.269713429631,3,2,0
rolling_scenario,2025-07-22,83669.32204418929,0.0,53764.434909689706,8461.39520130264,0.0,62225.83011099235,5463.144957524005,470.0108560150888,2538.269713429631,2888.2351281111105,3,3,0
rolling_scenario,2025-07-23,82307.84905453774,0.0,52530.81626648456,4361.481166365852,0.0,56892.29743285041,4185.372080110844,288.14675657750456,2888.2351281111105,2535.842202212849,3,3,0
rolling_scenario,2025-07-24,82368.02509612426,0.0,53111.177594455854,3087.181825845791,0.0,56198.35942030165,4564.680743758559,80.49678333333327,2535.842202212849,2934.454404595098,3,2,0
rolling_scenario,2025-07-25,41393.26256642612,0.0,24946.322842442514,592.2261810052565,0.0,25538.54902344777,774.2050044444462,12127.445041585737,2934.454404595098,2588.1303975094684,3,3,0
rolling_scenario,2025-07-26,42207.22711327069,0.0,25172.060293861825,797.27827727506,0.0,25969.338571136886,823.2638012633724,10881.05907967627,2588.1303975094684,2201.30111349797,3,3,0
rolling_scenario,2025-07-27,80791.36052384703,0.0,51994.240184098875,3502.38600241979,0.0,55496.62618651867,2009.1652894032916,1023.7797323346958,2201.30111349797,2471.224635911108,3,3,0
rolling_scenario,2025-07-28,84284.71317670555,0.0,53352.731336555415,1738.5760152969456,0.0,55091.30735185236,2566.329575885914,0.0,2471.224635911108,2145.1346466759496,3,2,0
rolling_scenario,2025-07-29,86492.1964700514,0.0,55041.58157485298,2599.9702355158856,0.0,57641.55181036887,5712.391783562414,397.3654666666664,2145.1346466759496,2724.693204345682,3,2,0
rolling_scenario,2025-07-30,81390.54653919283,0.0,52322.75646747314,3224.586077587849,0.0,55547.34254506099,3468.2066680219514,511.3488816666619,2724.693204345682,2400.345800120987,3,2,0
rolling_scenario,2025-07-31,81455.86574276489,0.0,51882.31960133268,997.143153426867,0.0,52879.46275475955,2532.7065577462217,287.5529917777782,2400.345800120987,2350.6273425028558,3,2,0
rolling_scenario,2025-08-01,40787.21036725334,0.0,24285.917534012777,950.9498854789782,0.0,25236.867419491755,460.5430896364922,16418.172280319613,2350.6273425028558,2617.952988135803,3,2,0
rolling_scenario,2025-08-02,41572.036506604934,0.0,24849.243535875958,1137.038083205887,0.0,25986.281619081845,863.4265057379961,17376.12621318793,2617.952988135803,2654.6896932024706,3,1,0
rolling_scenario,2025-08-03,68459.9067158546,56.58291666666696,44226.20183001605,1671.5133252047813,381.3358395333353,46279.050994754165,1602.4891051673542,1698.6381086419724,2654.6896932024706,1490.1482534578868,3,3,3
rolling_scenario,2025-08-04,72317.87616226006,0.0,46256.78831641169,2275.548283669306,0.0,48532.33660008099,1681.3568364567875,1237.5336076556944,1490.1482534578868,1951.9605768901222,3,2,0
rolling_scenario,2025-08-05,75922.03803692471,0.0,48374.59285754696,2083.413421340224,0.0,50458.00627888718,4151.34218690398,2463.346662116594,1951.9605768901222,2598.3132401655816,3,3,0
rolling_scenario,2025-08-06,76143.32105563153,0.0,49297.689801549765,4441.656588398084,0.0,53739.34638994785,3843.9270137687313,659.0919277777764,2598.3132401655816,2619.906443425925,3,3,0
rolling_scenario,2025-08-07,73345.331375246,22.214743333333445,47437.51311004291,5074.638321209124,150.0939133316674,52662.2453445837,3395.318186884406,3123.2417952057617,2619.906443425925,2553.524449738887,3,3,1
rolling_scenario,2025-08-08,40735.29655365089,0.0,24341.911367431843,8.97434932041587,0.0,24350.88571675226,642.7389772222232,21537.189215706447,2553.524449738887,2880.662931888891,3,1,0
rolling_scenario,2025-08-09,40598.37876597042,0.0,24565.41164908521,453.1587478996331,0.0,25018.570396984844,957.3688501942366,18456.295300486967,2880.662931888891,2766.177530450418,3,2,0
rolling_scenario,2025-08-10,71199.33402247148,0.0,46182.3692482878,1590.0835065884162,0.0,47772.45275487622,2193.9597515851124,505.47983999999724,2766.177530450418,2510.0730481481532,3,3,0
rolling_scenario,2025-08-11,72761.21368510288,12.870119999999929,46956.18196177112,1185.9600198630242,86.95696577999952,48229.098947414146,2603.2894426748994,2160.735921728398,2510.0730481481532,2331.288663185186,3,2,1
rolling_scenario,2025-08-12,75097.51761139039,43.48508000000004,48388.29595886851,2462.225947356522,292.9047606133336,51143.426666838364,3099.5356460080857,1276.265438888893,2331.288663185186,1903.2033988638295,3,2,4
rolling_scenario,2025-08-13,71660.90698708792,47.552239999999756,45412.226056166786,445.2385862168278,325.14914552499835,46182.613787908616,1573.0699457818935,546.5525605349766,1903.2033988638295,1876.043521434569,3,3,3
rolling_scenario,2025-08-14,72232.64126130228,59.9082904666659,45924.42340276157,1784.8916700976367,394.2115688765626,48103.52664173576,1846.7104434430719,916.5649872222277,1876.043521434569,1580.6832474444439,3,2,4
rolling_scenario,2025-08-15,40157.506359086416,0.0,23568.731913085547,733.2944122217489,0.0,24302.026325307295,166.30012929355303,19678.681590374483,1580.6832474444439,2124.0525369296292,3,2,0
rolling_scenario,2025-08-16,39273.129029021955,0.0,23397.608418224798,1374.2961983880296,0.0,24771.90461661283,497.48932243209947,19468.37200571331,2124.0525369296292,2016.64004271111,3,1,0
rolling_scenario,2025-08-17,69806.73534553459,74.59532533333288,44853.15617660018,2000.7498489489622,502.4610131676636,47356.36703871681,1188.5445895500652,2165.3744891632323,2016.64004271111,1761.9221305047624,3,2,3
rolling_scenario,2025-08-18,71464.29584217166,98.59321000000023,45908.189946313265,806.140984366464,666.2902632066682,47380.6211938864,1343.5315086241483,1659.6466068532318,1761.9221305047624,2159.5088486419736,3,2,5
rolling_scenario,2025-08-19,69185.55794126961,83.08497200000045,44595.98004803003,1353.113362677474,560.3669904620031,46509.46040116951,893.4189831228362,826.6508933333307,2159.5088486419736,1813.9020800370347,3,2,3
rolling_scenario,2025-08-20,76040.89632747187,10.450021333333325,48417.651831387186,2750.4986586904515,70.32353917966661,51238.474029257304,1434.523780672151,0.0,1813.9020800370347,1844.7865848074084,3,2,3
rolling_scenario,2025-08-21,71034.75902148147,0.0,45736.235880577406,2237.189367838386,0.0,47973.42524841579,1650.6226831015074,0.0,1844.7865848074084,1903.240852992593,3,2,0
rolling_scenario,2025-08-22,39585.06948418244,70.44377796555288,23491.324187701015,432.3083223429678,149.25840185343418,24072.890911897415,55.50224066666715,16190.54201046502,1903.240852992593,1498.144515000001,3,2,3
rolling_scenario,2025-08-23,41028.3510457579,0.0,24328.727528891573,411.60144752829103,0.0,24740.328976419863,412.6986473999118,15356.435958359392,1498.144515000001,1677.0841850098518,3,2,0
rolling_scenario,2025-08-24,70412.50749941777,0.0,45926.21684489431,2064.380805502282,0.0,47990.597650396594,1408.7020706152193,1228.9628930041156,1677.0841850098518,1826.9100570423993,3,2,0
rolling_scenario,2025-08-25,78129.30592997621,11.04320000000007,49661.064436346176,5406.105674425685,74.44773280000048,55141.61784357186,2604.919075030181,671.1679166666668,1826.9100570423993,2037.4507297012358,3,2,1
rolling_scenario,2025-08-26,73370.41380782303,0.0,47270.3835429448,2939.7924183429636,0.0,50210.175961287765,2993.240028681756,712.595195458166,2037.4507297012358,2312.804533725927,3,3,0
rolling_scenario,2025-08-27,77380.47254444395,26.112793333333684,49743.161824322364,4356.02813303782,176.03625155833572,54275.22620891852,3692.783492923185,2562.812025876544,2312.804533725927,1878.8596043069685,3,2,2
rolling_scenario,2025-08-28,77215.75251918979,32.688449333333324,49014.29822305025,3921.59668957134,220.49856975399993,53156.3934823756,2398.735750855969,0.0,1878.8596043069685,1935.085508725699,3,3,2
rolling_scenario,2025-08-29,41870.74149743784,0.0,24977.75304768795,1132.4562570993803,0.0,26110.20930478733,728.4083967558298,15837.31406016187,1935.085508725699,1974.161108433337,3,2,0
rolling_scenario,2025-08-30,40362.74819695335,0.0,24143.849310763944,940.7554772320182,0.0,25084.604787995962,407.5566365843612,19617.80821320027,1974.161108433337,1262.90299476543,3,2,0
rolling_scenario,2025-08-31,73758.29175932235,31.31565999999998,46938.590114409366,1511.5030422542973,213.03099226499987,48663.12414892866,1767.7649949012343,195.4121541111133,1262.90299476543,2325.4868035493823,3,2,2
rolling_scenario,2025-09-01,70427.03890117473,0.0,45237.32074020241,4385.646627493897,0.0,49622.96736769631,7638.521813325104,2471.3583406310013,2325.4868035493823,5644.151814999404,3,3,0
rolling_scenario,2025-09-02,68276.06773676278,0.0,44233.10639657657,2258.407110571118,0.0,46491.51350714769,7833.455519052128,3069.003364389577,5644.151814999404,5608.9693997962195,3,3,0
rolling_scenario,2025-09-03,66491.86370232898,0.0,44052.5890422811,2866.1081289672356,0.0,46918.697171248336,6147.191848436417,2031.3439441906712,5608.9693997962195,5346.563932602,3,3,0
rolling_scenario,2025-09-04,66033.50299171465,0.0,44103.626226321314,2520.1431268092474,0.0,46623.76935313056,6434.519157572016,2148.5043667901236,5346.563932602,5524.973044414444,3,3,0
rolling_scenario,2025-09-05,34915.409946966996,0.0,21511.58844692545,1048.7773723653122,0.0,22560.36581929076,1524.2458399670784,23809.924020973936,5524.973044414444,5737.036735866295,3,2,0
rolling_scenario,2025-09-06,35459.41294975436,0.0,21655.072992709633,259.64717847075985,0.0,21914.720171180394,1418.9610183333332,23570.005943004115,5737.036735866295,5971.007992033333,3,2,0
rolling_scenario,2025-09-07,68376.48301249284,0.0,44704.86789867467,2696.684657345327,0.0,47401.55255602,8030.479194744854,2164.7069984773684,5971.007992033333,5816.7204211607395,3,3,0
rolling_scenario,2025-09-08,69723.26175349217,0.0,45250.639866420104,2077.259681268167,0.0,47327.89954768827,6825.714960351164,1190.689227366258,5816.7204211607395,4818.285106814818,3,3,0
rolling_scenario,2025-09-09,63983.342781941006,0.0,42092.171861406656,2658.0348086415324,0.0,44750.20667004819,4381.823723381345,3017.9634954732537,4818.285106814818,4786.287876925929,3,3,0
rolling_scenario,2025-09-10,72434.14871176954,31.613811666665313,46338.05205352377,2362.3371842653705,150.0702698666601,48850.459507655796,7232.9917030658435,268.46057333333505,4786.287876925929,4596.137299259258,3,3,2
rolling_scenario,2025-09-11,64515.234086358025,0.0,42375.17126699797,2513.8483630310193,0.0,44889.01963002899,5342.38597442387,1912.0857899176958,4596.137299259258,4802.636300481483,3,3,0
rolling_scenario,2025-09-12,35880.344200706444,0.0,21746.227483361356,714.3496000749444,0.0,22460.5770834363,1799.6425516666663,19928.264309471877,4802.636300481483,5029.870517296294,3,2,0
rolling_scenario,2025-09-13,35430.10724776667,0.0,21430.2600855979,224.4092757886944,0.0,21654.669361386594,1013.310471666666,23636.712623470507,5029.870517296294,5394.785180000002,3,3,0
rolling_scenario,2025-09-14,70001.97553022632,0.0,45392.85647566587,3133.93408650419,0.0,48526.790562170056,5906.6982910054785,1514.2221705555537,5394.785180000002,4487.262961666669,3,3,0
rolling_scenario,2025-09-15,63525.91485629629,0.0,41410.91483778201,320.70505228764864,0.0,41731.619890069655,4337.532690333326,830.3327826474647,4487.262961666669,3986.804628000001,3,3,0
rolling_scenario,2025-09-16,68388.14858570577,0.0,43715.8832689358,2269.829235818579,0.0,45985.71250475438,4187.772662187246,1438.8307329835466,3986.804628000001,3583.537819518517,3,3,0
rolling_scenario,2025-09-17,69199.26310939643,7.62916666666672,44404.837058218094,1497.6528848344358,34.70889375000024,45937.198836802534,5230.031903820307,183.08230674896862,3583.537819518517,3671.13117837037,3,3,1
rolling_scenario,2025-09-18,69868.67337703332,0.0,44664.687700047776,2910.6684225758227,0.0,47575.3561226236,5909.126366802809,1349.4524355555545,3671.13117837037,3584.439013296297,3,3,0
rolling_scenario,2025-09-19,35215.17537728395,0.0,20881.890876866648,478.37467388530575,0.0,21360.265550751952,935.9857683333335,14735.538712551435,3584.439013296297,4490.46156851852,3,2,0
rolling_scenario,2025-09-20,34396.99567017146,0.0,20469.44097662505,305.0889520467227,0.0,20774.529928671775,699.1311761111112,15365.232652002745,4490.46156851852,4610.180490814816,3,3,0
rolling_scenario,2025-09-21,68150.78821293823,0.0,43794.47926336903,1513.2565262570624,0.0,45307.735789626095,5113.0355982098745,2052.792623466394,4610.180490814816,3822.1116186296304,3,2,0
rolling_scenario,2025-09-22,66806.29139000822,0.0,42697.42477004084,2734.4113493039204,0.0,45431.836119344756,3329.135388943752,31.268044257890956,3822.1116186296304,2889.0294006666663,3,2,0
rolling_scenario,2025-09-23,69997.91040781207,6.375,44528.8796544158,1571.1954922632804,42.996187500000005,46143.07133417908,3379.957513971194,498.52107055555905,2889.0294006666663,2974.080832481482,3,2,1
rolling_scenario,2025-09-24,68176.69956132236,0.0,43662.84356311788,1174.2104198124403,0.0,44837.05398293032,2789.1741525692737,281.252137615916,2974.080832481482,3233.364390074075,3,2,0
rolling_scenario,2025-09-25,69309.11136464609,13.417000000000144,44659.108165156824,878.5566760032348,90.33666100000097,45628.00150216006,3942.138430459536,1892.7554285322333,3233.364390074075,2894.028507111112,3,2,1
rolling_scenario,2025-09-26,34380.94666803703,0.0,19869.898785164183,638.2055980333442,0.0,20508.104383197526,709.1141543333312,12566.177415555552,2894.028507111112,3654.0948896296322,3,2,0
rolling_scenario,2025-09-27,34229.06019541152,0.0,20082.632993480744,819.8463901636167,0.0,20902.47938364436,715.5923283333334,13571.754574444438,3654.0948896296322,3138.009334888891,3,2,0
rolling_scenario,2025-09-28,71241.03721958162,0.0,45430.38537332073,2594.5786923048095,0.0,48024.964065625536,3587.920149134438,735.4742372222221,3138.009334888891,2897.880279925927,3,2,0
rolling_scenario,2025-09-29,66842.41735831274,667.9546281666663,42500.39482733026,3918.0887401828963,3364.066340747498,49782.549908260655,1518.3212294170025,0.0,2897.880279925927,2144.99371562963,3,2,9
rolling_scenario,2025-09-30,72636.34747412345,25.40606000000014,46031.98377018675,1301.7826343111337,171.65604439000094,47505.42244888789,2987.6568284773575,0.0,2144.99371562963,2256.9679354814784,3,2,1
rolling_scenario,2025-10-01,63490.85550444169,0.0,40190.99375583703,2127.2561475718344,0.0,42318.24990340886,3831.2427612633737,4192.606668758567,2256.9679354814784,4166.951409925925,3,2,0
rolling_scenario,2025-10-02,62080.45742063785,0.0,39622.91961470523,4294.3299936510375,0.0,43917.249608356266,3035.6511252469077,3539.592457502051,4166.951409925925,4315.1878990000005,3,2,0
rolling_scenario,2025-10-03,30325.172827935523,0.0,17390.982249060628,112.54768804458345,0.0,17503.52993710521,776.7377549999998,18750.509386310012,4315.1878990000005,4794.720161925925,3,2,0
rolling_scenario,2025-10-04,31036.9334136214,0.0,17919.338701942124,223.97547798366855,0.0,18143.314179925794,956.172573333333,14789.387951316874,4794.720161925925,4437.798934777779,3,2,0
rolling_scenario,2025-10-05,61062.676372777765,0.0,39479.881385613924,3284.4474259710905,0.0,42764.328811585016,2554.6929204787293,609.8146016666677,4437.798934777779,3984.5679101481464,3,2,0
rolling_scenario,2025-10-06,61166.30856314479,0.0,38902.93508751295,1626.585582574441,0.0,40529.5206700874,551.9564968837033,0.0,3984.5679101481464,3101.2254204231845,3,3,0
rolling_scenario,2025-10-07,64540.42342554762,0.0,41035.665593122176,1159.512279766866,0.0,42195.17787288904,2092.8514491934225,605.8054749999944,3101.2254204231845,3421.619154296295,3,2,0
rolling_scenario,2025-10-08,60511.13447592078,424.1878349999987,37951.51515650449,1281.9802242726985,2193.629001658326,41427.12438243552,998.7120567932083,0.0,3421.619154296295,2982.4036231481496,3,3,5
rolling_scenario,2025-10-09,60410.72128106584,35.4534431155582,38283.02588668223,3461.208264115583,175.88453129628425,41920.1186820941,678.4205702825883,101.83973174485544,2982.4036231481496,2959.8301783827173,3,3,1
rolling_scenario,2025-10-10,31210.69027873525,0.0,17081.21957123909,377.45993288850536,0.0,17458.679504127595,129.62047469135695,18821.437874419753,2959.8301783827173,3092.4779627037037,3,3,0
rolling_scenario,2025-10-11,31961.497179473252,0.0,17478.36355960012,338.4977975465522,0.0,17816.86135714667,472.44920000000053,14628.402799078192,3092.4779627037037,3024.669166061734,3,2,0
rolling_scenario,2025-10-12,63392.07185174584,18.836646111111236,40203.607432201075,749.5614185170238,88.23085038444503,41041.39970110255,726.2286268312725,726.2709471152237,3024.669166061734,2778.8088244444466,3,2,1
rolling_scenario,2025-10-13,61838.95090510788,0.0,39352.06523899046,2495.565593010314,0.0,41847.630832000774,830.8766293141298,0.0,2778.8088244444466,2895.7227995617286,3,3,0
rolling_scenario,2025-10-14,66145.141153893,0.0,42163.19657529609,3208.028168652045,0.0,45371.224743948136,1727.4795530699569,0.0,2895.7227995617286,2669.106958888889,3,2,0
rolling_scenario,2025-10-15,66593.7396786063,0.0,41504.500619231585,2213.9040886827142,0.0,43718.4047079143,926.6859280425277,32.92515988888525,2669.106958888889,2475.45025077778,3,2,0
rolling_scenario,2025-10-16,67784.10495009203,0.0,42990.37587162102,1617.06031748462,0.0,44607.43618910564,431.08253742249644,229.08556833333427,2475.45025077778,2676.7912879629635,3,3,0
rolling_scenario,2025-10-17,31394.07813807819,0.0,16938.771094504475,397.898804992287,0.0,17336.669899496763,326.12140332373235,12511.02019198354,2676.7912879629635,2399.99789974074,3,3,0
rolling_scenario,2025-10-18,32293.0089454417,0.0,17503.99221244037,615.6464561452678,0.0,18119.638668585638,244.4304406790109,12776.40385687792,2399.99789974074,2756.7730348888877,3,3,0
rolling_scenario,2025-10-19,68516.4884357701,0.0,43357.42184148344,3868.7997064779724,0.0,47226.22154796141,887.4414016666661,0.0,2756.7730348888877,2432.3778227037046,3,3,0
rolling_scenario,2025-10-20,70277.50718636737,0.0,44393.638641087804,4763.957348662441,0.0,49157.59598975025,1923.8408185102835,165.39408999999898,2432.3778227037046,2224.9127140185183,3,3,0
rolling_scenario,2025-10-21,72795.61057860809,0.0,45578.557691716844,3682.098931510926,0.0,49260.65662322777,1696.586403739367,240.28900055555468,2224.9127140185183,2546.366960543206,3,3,0
rolling_scenario,2025-10-22,70112.64335340423,0.0,44009.51879564812,3945.021395652959,0.0,47954.54019130108,1047.9523793264784,88.19811222222089,2546.366960543206,1929.6763855702245,3,3,0
rolling_scenario,2025-10-23,68015.99325699282,96.42819874444461,42965.270097339424,7715.165137664251,455.43288404388977,51135.86811904757,195.73943035123338,0.0,1929.6763855702245,2317.6027258898202,3,3,2
rolling_scenario,2025-10-24,32999.96051752845,0.0,17632.156175844593,259.6596873286717,0.0,17891.815863173266,158.8437228257897,11771.005118685871,2317.6027258898202,1900.8965479777755,3,2,0
rolling_scenario,2025-10-25,33504.41226925103,0.0,17879.784511297272,241.2796842519244,0.0,18121.064195549196,204.88743212894298,10823.6599355144,1900.8965479777755,1981.4435658000036,3,2,0
rolling_scenario,2025-10-26,69513.0313141432,87.89446686666521,43361.13961069114,3599.319424538236,416.71112669499297,47377.17016192437,579.8117399094549,0.0,1981.4435658000036,2357.736720570369,3,3,3
rolling_scenario,2025-10-27,69417.27359663034,16.5616316666667,43784.84233838771,4062.083495188131,77.57468272666682,47924.50051630251,1934.5618050083801,155.0767899999988,2357.736720570369,2055.624947856307,3,3,1
rolling_scenario,2025-10-28,71329.45656578078,0.0,44888.90261977609,2243.545667525461,0.0,47132.44828730155,1039.6189001461637,196.04439851989048,2055.624947856307,2174.552503363515,3,3,0
rolling_scenario,2025-10-29,74591.61962599252,0.0,46573.360325026,1964.2791019430476,0.0,48537.63942696904,1692.4254568776798,125.2480866666689,2174.552503363515,1486.8476650814798,3,3,0
rolling_scenario,2025-10-30,70243.92596869684,0.0,43918.93626398633,854.1879339414398,0.0,44773.12419792777,1102.4214776337478,78.45334077778287,1486.8476650814798,1642.2564549703725,3,2,0
rolling_scenario,2025-10-31,33479.13338345575,0.0,17794.07304016398,778.0719437822569,0.0,18572.144983946237,14.883827851853779,6352.463770724281,1642.2564549703725,1640.6056829037036,3,2,0
rolling_scenario,2025-11-01,33847.01925952324,0.0,17984.176906125896,457.8141428206909,0.0,18441.991048946587,156.09854200000018,7663.804121390951,1640.6056829037036,1954.1793385111143,3,3,0
rolling_scenario,2025-11-02,74991.12322507676,34.47102999999822,46817.386805359725,2639.5770220179033,240.46990527998761,49697.43373265761,2221.862299482846,186.05951844444314,1954.1793385111143,1570.2732553037035,3,2,1
rolling_scenario,2025-11-03,75905.72725614217,0.0,47130.2564881234,2200.613253016545,0.0,49330.86974113995,1661.963184818544,254.27468166666347,1570.2732553037035,1870.7389110370348,3,2,0
rolling_scenario,2025-11-04,73132.47480467764,25.74346122222221,45895.890826316914,839.2519425316822,119.01925819822216,46854.16202704681,1524.7726232661146,441.42000888888776,1870.7389110370348,1457.6337074839498,3,1,2
rolling_scenario,2025-11-05,74592.47308211088,60.61500378666638,46360.912466604,3771.211202483858,135.18803494215928,50267.31170403002,648.3565437736578,154.6680338888859,1457.6337074839498,1288.8822023333335,3,3,4
rolling_scenario,2025-11-06,77615.9586787929,110.92887746380038,48403.08679025335,1239.6496248267115,397.3327079879251,50040.06912306799,2112.8448981769197,61.340385999998766,1288.8822023333335,1213.3366388854204,3,2,6
rolling_scenario,2025-11-07,35299.54967681119,68.55819666666548,18492.879888373856,403.230539459512,419.09625622332607,19315.206684056695,107.38873333333356,8123.484186252405,1213.3366388854204,1530.3553028370363,3,3,1
rolling_scenario,2025-11-08,35434.28642481343,0.0,18676.251777993348,0.0,0.0,18676.251777993348,287.0664650260596,7817.885855772286,1530.3553028370363,1823.8537562765414,3,0,0
rolling_scenario,2025-11-09,76754.85667579494,0.0,48271.49997565772,898.4884670523059,0.0,49169.988442710026,1144.870699149516,350.61497400000076,1823.8537562765414,1569.7821318592576,3,2,0
rolling_scenario,2025-11-10,80437.01183077361,0.0,50282.130226807596,1960.6451230695127,0.0,52242.775349877105,2217.7347430082195,45.44545477777893,1569.7821318592576,1537.0786554296317,3,2,0
rolling_scenario,2025-11-11,77689.92570200829,0.0,48751.09617624692,1732.0549224991541,0.0,50483.15109874608,1688.2424363141238,217.03123511111312,1537.0786554296317,1586.101727622223,3,2,0
rolling_scenario,2025-11-12,77890.5418813408,0.0,49067.128214817545,3015.413291629333,0.0,52082.541506446876,2394.2206850532352,254.40460333333303,1586.101727622223,1662.4126446666687,3,2,0
rolling_scenario,2025-11-13,76602.71276853177,91.70333686666618,48873.106830352765,2036.0810689886512,639.7224779818632,51548.91037732328,649.388964374478,0.0,1662.4126446666687,1364.0559561541481,3,3,1
rolling_scenario,2025-11-14,35794.37405852008,0.0,19163.21998919959,241.61373732812405,0.0,19404.833726527715,93.84965999999986,4040.49591537449,1364.0559561541481,2036.4211960012346,3,1,0
rolling_scenario,2025-11-15,36210.66769018791,0.0,19363.354416439073,942.6813868804677,0.0,20306.03580331954,432.89797115089306,4324.174636906728,2036.4211960012346,1888.7193322604733,3,2,0
rolling_scenario,2025-11-16,80642.7990672143,0.0,51128.38184625041,3102.0188072126484,0.0,54230.40065346306,1945.0638253499008,288.84482466666555,1888.7193322604733,1646.9161805259262,3,2,0
rolling_scenario,2025-11-17,80682.59461654046,0.0,51143.558749059,4470.447900417647,0.0,55614.00664947664,3388.8600391522605,251.70748499999917,1646.9161805259262,1899.8231427407393,3,2,0
rolling_scenario,2025-11-18,80651.26330548285,0.0,50700.50750747566,661.2376809378937,0.0,51361.74518841355,1472.0429840534887,0.0,1899.8231427407393,1735.4229466740753,3,1,0
rolling_scenario,2025-11-19,81919.37470363005,85.54383875966495,51776.51861037561,3862.392174721505,362.38814097612715,56001.29892607325,2763.385732496265,150.3316983333329,1735.4229466740753,1200.0,3,3,4
rolling_scenario,2025-11-20,81554.73049274847,0.0,51471.336247906154,1311.9594683131447,0.0,52783.2957162193,2007.5072890909694,28.772050000000036,1200.0,1567.2402476888903,3,2,0
rolling_scenario,2025-11-21,37525.82323652537,0.0,20101.684159175355,715.1259629578487,0.0,20816.810122133204,775.984246060358,3964.3712756268847,1567.2402476888903,2066.268189555559,3,2,0
rolling_scenario,2025-11-22,38264.9509320916,0.0,20215.801143651155,694.0157155405587,0.0,20909.816859191713,294.26531678188985,4602.629478148147,2066.268189555559,1699.1163540698276,3,1,0
rolling_scenario,2025-11-23,81651.81606258304,0.0,51596.45372231042,2320.992988361044,0.0,53917.446710671466,1767.3078557036977,299.07458633333374,1699.1163540698276,1728.5787974962977,3,2,0
rolling_scenario,2025-11-24,79592.4297427708,18.83966666666663,50161.369042534505,1757.9401275031755,88.2449986666665,52007.55416870435,1417.5892194554217,0.0,1728.5787974962977,1426.0792503481466,3,2,1
rolling_scenario,2025-11-25,82875.43750887894,0.0,52363.327486807815,4430.053718431145,0.0,56793.38120523896,2068.837053913238,103.87251233333298,1426.0792503481466,1656.0864413555582,3,2,0
rolling_scenario,2025-11-26,84199.48386061453,23.288599444444344,53158.40667944358,1225.7898022796624,109.08379979777732,54493.28028152102,2757.7686267023323,2.9483333333332666,1656.0864413555582,1924.6772129407377,3,1,1
rolling_scenario,2025-11-27,82130.75592972233,0.0,52114.06835304249,875.0764186429536,0.0,52989.14477168544,1988.71092998983,59.43516666666785,1924.6772129407377,1916.3617948888884,3,2,0
rolling_scenario,2025-11-28,37508.62976322634,0.0,20045.960901046205,145.66397045854,0.0,20191.624871504744,254.99002068038737,2771.0761802716056,1916.3617948888884,1929.748373859263,3,1,0
rolling_scenario,2025-11-29,39093.03558599814,0.0,20686.692986210597,1962.6381917736885,0.0,22649.331177984284,737.2613217462966,496.9106559670714,1929.748373859263,1333.710378200371,3,3,0
rolling_scenario,2025-11-30,86906.75351109981,0.0,55038.87742970783,1463.7116256493482,0.0,56502.58905535717,1905.6737703032566,0.0,1333.710378200371,1431.5236260518511,3,2,0
rolling_scenario,2025-12-01,87623.46877392409,3067.4494294186543,56300.66484197934,1397.0501628217983,14818.252622774606,72515.96762757574,0.0,0.0,1431.5236260518511,1200.0,3,3,13
rolling_scenario,2025-12-02,91066.58128005317,2387.468184420945,58357.85622531085,1538.3286772301985,11884.430268964912,71780.61517150595,141.01720822222308,0.0,1200.0,1214.9337,3,3,18
rolling_scenario,2025-12-03,92885.83739331564,0.0,59423.31229056879,2738.5186944696484,0.0,62161.83098503844,648.6255074650105,0.0,1214.9337,1553.7600272098769,3,3,0
rolling_scenario,2025-12-04,91108.94401361377,632.3934096744455,58393.715974898114,3940.34158334005,3100.1138512483744,65434.17140948654,431.0939384444449,0.0,1553.7600272098769,1329.2086395486199,3,3,5
rolling_scenario,2025-12-05,45984.8077957174,0.0,24344.09113601924,1929.027339261084,0.0,26273.118475280324,565.9826483333336,0.0,1329.2086395486199,1405.3378357407444,3,3,0
rolling_scenario,2025-12-06,47777.81104707025,0.0,25226.140814016315,2402.7465361800923,0.0,27628.887350196408,314.5849922222217,30.551316666667162,1405.3378357407444,1279.9682083114672,3,3,0
rolling_scenario,2025-12-07,92656.11951384284,16.466461333333427,59514.97083123917,4433.977958369533,95.90548252833388,64044.85427213703,274.78792389668183,0.0,1279.9682083114672,1246.1286812716075,3,2,2
rolling_scenario,2025-12-08,96949.44505661343,0.0,62749.67255986293,1975.0914951547525,0.0,64724.76405501768,3971.9460715572004,0.0,1246.1286812716075,1969.0073277703743,3,2,0
rolling_scenario,2025-12-09,93923.1190188905,5.587619999999902,60584.6913938617,3465.9236211380603,32.64008222999942,64083.25509722976,1995.5104428614543,0.0,1969.0073277703743,1878.4862589620004,3,2,1
rolling_scenario,2025-12-10,95981.4985226403,0.0,61426.547024069696,2012.0339148508633,0.0,63438.58093892056,3108.7572041961494,0.0,1878.4862589620004,1791.3262966296318,3,2,0
rolling_scenario,2025-12-11,93892.46376502691,0.0,60077.76126547321,1998.1344474989955,0.0,62075.895712972204,3251.0423458077066,0.0,1791.3262966296318,1933.0051543555612,3,2,0
rolling_scenario,2025-12-12,49680.511380638396,0.0,26204.29318496134,1446.4738824803833,0.0,27650.767067441724,2066.3396227632416,232.39218166666365,1933.0051543555612,1859.9103180074078,3,3,0
rolling_scenario,2025-12-13,49290.48853066537,0.0,26033.957328107106,1617.2929138729694,0.0,27651.250241980077,1695.8665109972594,248.34265722222187,1859.9103180074078,1657.80063302679,3,2,0
rolling_scenario,2025-12-14,96391.27077000543,0.0,61688.76426870747,1811.4189885082278,0.0,63500.1832572157,3090.6352701764554,0.0,1657.80063302679,1416.1031563187914,3,2,0
rolling_scenario,2025-12-15,98267.35328280217,0.0,62886.684284178715,2439.2331665120964,0.0,65325.91745069081,3697.3136094351516,0.0,1416.1031563187914,1872.949403303704,3,2,0
rolling_scenario,2025-12-16,96088.50333997143,0.0,61908.07977053621,1819.6276294216523,0.0,63727.707399957864,2232.274774469138,0.0,1872.949403303704,1723.187374600003,3,2,0
rolling_scenario,2025-12-17,94552.42047086277,0.0,60468.86465494466,2549.2042427662204,0.0,63018.06889771088,1624.9599163860871,0.0,1723.187374600003,1827.0892285703735,3,2,0
rolling_scenario,2025-12-18,94179.97976745952,0.0,60958.72956667607,1214.0163996091005,0.0,62172.74596628517,2299.271378410153,0.0,1827.0892285703735,1796.3650097185198,3,2,0
rolling_scenario,2025-12-19,47771.53398637174,0.0,25293.033402585752,558.1331198337755,0.0,25851.166522419528,1158.4144020438919,55.59674716049522,1796.3650097185198,1614.617846774073,3,1,0
rolling_scenario,2025-12-20,48433.11880774623,0.0,25540.20578724187,1536.694354226289,0.0,27076.90014146816,1075.78285190809,340.545408666671,1614.617846774073,1840.3867495925933,3,2,0
rolling_scenario,2025-12-21,95227.40210127058,43.054866666666726,61258.810428380726,2667.9117580497245,250.08419303333366,64176.806379463786,1845.377083765437,0.0,1840.3867495925933,1499.9137668148169,3,3,1
rolling_scenario,2025-12-22,95045.28575116888,130.66864724921726,61040.50373211087,1725.5276455100366,686.5892304539701,63452.620608074874,1636.230000629547,0.0,1499.9137668148169,1440.919331266667,3,2,7
rolling_scenario,2025-12-23,95356.55772015048,0.0,61026.93271869779,1736.0018410834277,0.0,62762.93455978122,2978.67092601646,0.0,1440.919331266667,1906.3561781555559,3,2,0
rolling_scenario,2025-12-24,95013.6731099597,0.0,61183.5157472116,936.2786591215506,0.0,62119.794406333145,2772.6181808065858,0.0,1906.3561781555559,1725.106980955557,3,2,0
rolling_scenario,2025-12-25,94801.55002589025,0.0,60587.39330391985,540.0307174172208,0.0,61127.42402133707,2389.9670475404605,0.0,1725.106980955557,1600.2739689407417,3,1,0
rolling_scenario,2025-12-26,48552.642118846365,0.0,25631.947034519308,798.1519314307463,0.0,26430.098965950056,1207.2442493827148,104.98502541152429,1600.2739689407417,1960.1977291329247,3,2,0
rolling_scenario,2025-12-27,49187.451947667905,0.0,26024.839652737704,902.6091582630892,0.0,26927.448811000795,1429.8529756438004,463.3593301111134,1960.1977291329247,2040.6691642336314,3,2,0
rolling_scenario,2025-12-28,93957.70678066224,0.0,60287.53076689273,883.946356011039,0.0,61171.477122903765,2651.1321598888776,0.0,2040.6691642336314,2070.1301902296273,3,2,0
rolling_scenario,2025-12-29,96503.3883531241,0.0,61682.374125841845,1168.1887466524854,0.0,62850.56287249433,4910.38052699516,0.0,2070.1301902296273,1635.7873772518542,3,2,0
rolling_scenario,2025-12-30,94460.10968962238,0.0,60538.81123202118,1700.442659861944,0.0,62239.25389188313,3457.162559105616,0.0,1635.7873772518542,1877.0972796000021,3,2,0
rolling_scenario,2025-12-31,96280.02974260831,2.4196169666686718,61921.336691139426,725.7460413332248,4.668650937187202,62651.751383409835,3631.923252439608,0.0,1877.0972796000021,1348.087187444445,3,2,1
rolling_point_step,2025-02-01,43307.941329629626,0.0,23235.832828944916,1296.1966920990044,0.0,24532.02952104392,2858.7505039094654,1865.7315083333351,1615.1408862037065,2117.6926709722225,3,2,0
rolling_point_step,2025-02-02,87825.6987459321,1080.2558767916655,55458.86417827382,1152.75476508483,5257.322684147224,61868.941627505876,6253.858860545265,0.0,2117.6926709722225,1967.001709074073,3,2,8
rolling_point_step,2025-02-03,87964.81268683127,1798.1814450833335,55238.61548158432,1462.263261156544,8630.197110129251,65331.07585287011,5148.316279681081,0.0,1967.001709074073,1896.1309899999992,3,2,10
rolling_point_step,2025-02-04,90771.61390174896,684.4892760416653,57441.930595256876,991.8273556201038,3308.0601506411394,61741.81810151812,5686.48737731482,0.0,1896.1309899999992,1875.180022962963,3,3,5
rolling_point_step,2025-02-05,89810.92465074074,1308.5632519666663,56558.26861243913,894.7148427031221,6385.275069544048,63838.2585246863,5761.6651491358,0.0,1875.180022962963,1963.3877657037033,3,2,6
rolling_point_step,2025-02-06,89289.05597559465,704.326189933331,56302.93796977727,1754.613170718993,3420.738302909355,61478.289443405614,5246.674320452671,0.0,1963.3877657037033,1900.1655317777797,3,2,6
rolling_point_step,2025-02-07,41867.105532510286,0.0,22191.417982638515,612.586832996124,0.0,22804.00481563464,3291.027037037036,3258.8960934156416,1900.1655317777797,1700.790277074072,3,2,0
rolling_point_step,2025-02-08,39318.68223041153,48.18199186666175,21124.608766779675,382.1721171715027,260.4162450973733,21767.197129048553,2163.02905666667,1730.990793333334,1700.790277074072,2029.6964757777741,3,2,2
rolling_point_step,2025-02-09,89835.94089563786,0.0,56982.78649082274,561.0281670627055,0.0,57543.81465788545,6084.5822657201725,0.0,2029.6964757777741,1797.1784032962958,3,2,0
rolling_point_step,2025-02-10,82999.5740238609,1463.6186987333344,51877.19069582064,3464.703695663353,7052.999241348572,62394.893632832565,5846.6440339094615,0.0,1797.1784032962958,1630.0571363333322,3,2,15
rolling_point_step,2025-02-11,82997.93584821276,2040.956409899998,51639.52312996026,1369.2629572518128,9888.84478830264,62897.63087551471,5405.95085168724,0.0,1630.0571363333322,1575.340791074072,3,2,13
rolling_point_step,2025-02-12,82879.62077988437,1954.693342433335,51610.32660002673,1983.4203249936704,9447.792741623858,63041.53966664426,5002.754978765432,0.0,1575.340791074072,1617.7770496666674,3,2,15
rolling_point_step,2025-02-13,79789.27210860781,2166.7089496000003,49309.67740384871,1962.994521385046,10869.408932261334,62142.08085749509,6320.860570370369,7.373858641975934,1617.7770496666674,1686.7436467407376,3,2,13
rolling_point_step,2025-02-14,37771.50124119342,7.448602600001003,20332.804832747715,299.0987601690017,40.40494480370544,20672.308537720422,2341.720543333334,2170.847010000004,1686.7436467407376,1663.6121934444443,3,3,1
rolling_point_step,2025-02-15,36797.80235547325,359.0672532000036,19813.67043549267,375.07673604383376,2005.404007751682,22194.151179288187,2024.9834233333333,2689.1358666666683,1663.6121934444443,1499.2340557777784,3,2,4
rolling_point_step,2025-02-16,81547.88432061521,2093.305204066667,50507.34243535305,2750.6688322691107,10083.5409221614,63341.552189783564,3874.8281230041093,0.0,1499.2340557777784,1489.9258157037061,3,3,14
rolling_point_step,2025-02-17,78889.61086699588,1215.1101451000022,48451.02818779227,2721.8080755383935,6027.693054556531,57200.529317887194,4668.769079958849,0.0,1489.9258157037061,1448.104418481481,3,2,14
rolling_point_step,2025-02-18,80331.38972259054,621.5596944333308,49526.33925360264,797.0104600126356,2981.630278082004,53304.97999169728,4175.786842716059,0.0,1448.104418481481,1646.2732898888853,3,2,10
rolling_point_step,2025-02-19,79989.20941604937,2255.1398496666643,49716.405827115304,1074.4220708400676,10976.36061337812,61767.188511333494,5395.486667366248,0.0,1646.2732898888853,1200.0,3,2,21
rolling_point_step,2025-02-20,78976.57285999999,1988.8263722333338,48560.908266633836,2145.669494645099,9713.973239527002,60420.55100080594,5335.959303497939,0.0,1200.0,1564.3326939259243,3,2,14
rolling_point_step,2025-02-21,35238.313099094645,418.03360566666925,18767.886077706265,101.7025932661677,2172.7673638416777,21042.35603481411,1606.4363976954733,5245.322333333331,1564.3326939259243,1525.607545888888,3,3,5
rolling_point_step,2025-02-22,35119.97672938272,909.7792657666678,18880.670392109863,384.06839304305885,4008.151975660204,23272.890760813127,1908.7849623868296,3123.2051499999975,1525.607545888888,1550.143269407407,3,3,6
rolling_point_step,2025-02-23,77382.64317864197,2215.6172000999986,47453.753518739446,1323.0430488005813,10885.487403106275,59662.2839706463,4076.6010165843563,0.0,1550.143269407407,1313.994741148147,3,2,17
rolling_point_step,2025-02-24,77149.04589228929,626.9221786666662,47587.13915088889,526.5414884150556,3043.840623490331,51157.521262794275,5304.548604485593,0.0,1313.994741148147,1371.0799109999957,3,3,8
rolling_point_step,2025-02-25,73165.17581467655,2454.4531823666644,44378.25510782752,2650.3064337089113,12661.244763956167,59689.806305492595,5120.964698230442,584.5659800000032,1371.0799109999957,1301.6341335925927,3,2,22
rolling_point_step,2025-02-26,75445.26509758929,2588.3484305999987,45999.16695017389,1069.2881516548994,13450.218178301791,60518.67328013058,4672.15615938271,70.63008333333089,1301.6341335925927,1500.9962320370373,3,3,14
rolling_point_step,2025-02-27,73956.6127500823,2638.9470548666623,45428.279901164584,828.7442782176746,13279.705544833574,59536.72972421583,4945.278596707824,506.5635999999982,1500.9962320370373,1495.3125059999998,3,2,16
rolling_point_step,2025-02-28,33464.792230864194,880.3395244666625,17807.800043473184,345.2792343450011,3553.82173553347,21706.901013351657,1651.2554762139928,6503.190350000003,1495.3125059999998,1319.9408664074072,3,2,8
rolling_point_step,2025-03-01,35798.6252,0.0,18874.936412293744,316.27849058929513,0.0,19191.21490288304,1660.655562921817,7320.074835555558,1319.9408664074072,1335.4066929259232,3,2,0
rolling_point_step,2025-03-02,81830.5628745679,448.9188149333305,50458.89265362664,896.7980320451447,2184.7286474386688,53540.419333110454,5366.399058477362,0.0,1335.4066929259232,1297.1418408518523,3,3,12
rolling_point_step,2025-03-03,80173.23281032921,1329.636584933333,49479.37433193753,2784.0112089608574,6470.227352513398,58733.61289341179,4930.664684979421,0.0,1297.1418408518523,1323.4565980740738,3,2,16
rolling_point_step,2025-03-04,76888.72315999752,850.3220470000027,47147.435566821274,687.5978696327074,3967.5648302149325,51802.598266668916,4357.034391972846,0.0,1323.4565980740738,1200.0,3,2,18
rolling_point_step,2025-03-05,74181.62612334073,871.5833717333334,45046.75695947648,1638.017166709797,4520.569351917001,51205.34347810328,4513.98324493827,0.0,1200.0,1317.257628259259,3,2,12
rolling_point_step,2025-03-06,74163.8060330535,1126.9717360000013,45293.22407091675,1046.744700721155,5630.086840756673,51970.05561239458,5071.436011152261,66.35758666666646,1317.257628259259,1251.2874678148166,3,3,8
rolling_point_step,2025-03-07,33034.25538020576,23.145778666667958,17519.10416371723,440.6240465395071,48.58298942133605,18008.31119967807,1598.437036707818,7449.535042469137,1251.2874678148166,1313.3177137037037,3,2,1
rolling_point_step,2025-03-08,31870.737509012346,432.52405696666654,16977.071586302507,153.60681891800257,1608.0195188632667,18738.69792408378,1581.9398166666692,8746.107483333333,1313.3177137037037,1300.15929,3,3,6
rolling_point_step,2025-03-09,70750.41635316872,1708.5835834333332,43209.05864013137,3953.716984738851,8631.812719553547,55794.58834442377,4977.793558189293,10.244899999999916,1300.15929,1261.9375523703702,3,2,19
rolling_point_step,2025-03-10,74483.90280230452,1950.4897329333305,45060.78957480454,987.1947645567207,9659.304039103188,55707.28837846445,4213.875612386834,0.0,1261.9375523703702,1258.827537,3,3,20
rolling_point_step,2025-03-11,71146.42229302181,1779.0366065333317,42956.25340978884,2777.823374836392,9296.067493582592,55030.14427820782,4368.02752358025,247.6419077366223,1258.827537,1376.8817970000002,3,2,12
rolling_point_step,2025-03-12,69320.72385452675,1648.4788984000036,42294.62649578025,3796.2184436523153,8345.249822010357,54436.094761442924,4513.665960493823,0.0,1376.8817970000002,1230.5486588888887,3,3,16
rolling_point_step,2025-03-13,75779.00328470329,724.5901542666684,46108.69676643412,903.1257387181314,3833.4672252466057,50845.28973039886,4816.022019794238,0.0,1230.5486588888887,1202.8431,3,3,12
rolling_point_step,2025-03-14,31492.95791378601,0.0,16715.54082943367,320.49886969666704,0.0,17036.03969913034,1538.2274266666673,10830.657068724278,1202.8431,1337.1956531851856,3,2,0
rolling_point_step,2025-03-15,30802.202089574486,980.0602441333315,16351.716640016324,367.1320189904603,3818.983962150723,20537.832621157508,1552.2508461999996,6616.843649999997,1337.1956531851856,1200.0,3,2,21
rolling_point_step,2025-03-16,71498.10295444443,1625.8861999999992,43429.44830467027,889.5006982239544,8669.042599341661,52987.991602235896,5534.260721975306,0.0,1200.0,1241.1936740370409,3,3,7
rolling_point_step,2025-03-17,66492.24106514403,155.7935401333303,40879.22657577959,3459.9137162345096,831.3742117487805,45170.514503762875,4485.408964279839,0.0,1241.1936740370409,1448.6634888518515,3,2,6
rolling_point_step,2025-03-18,68295.2566582716,1755.7226976999968,41251.54332945101,2403.931932532755,8991.465547333119,52646.940809316875,4252.178047407402,791.9461600000025,1448.6634888518515,1204.5935454444445,3,2,10
rolling_point_step,2025-03-19,67807.7952234568,1747.7990833333304,41392.43935387721,1776.1884741505748,9004.69332134165,52173.32114936944,5574.955313086422,128.85393666666602,1204.5935454444445,1454.8044558888905,3,3,8
rolling_point_step,2025-03-20,68376.51707613168,1350.4740987333353,42396.0139759269,4070.091378075487,7053.358720486712,53519.4640744891,3596.6425213991733,0.0,1454.8044558888905,1262.18476762963,3,2,14
rolling_point_step,2025-03-21,29548.45867419753,1052.5274758666667,15653.616814138592,294.27589380000074,4195.232701216067,20143.125409154658,1623.542423744856,14268.818766666665,1262.18476762963,1239.2650439999998,3,2,14
rolling_point_step,2025-03-22,29950.649833098763,500.64286189999893,15942.314570118695,194.07053387537545,1969.085091245629,18105.4701952397,1526.5471928106986,10197.264699999998,1239.2650439999998,1385.2817451111098,3,2,5
rolling_point_step,2025-03-23,66473.36583954732,1334.5949429666641,40014.53469902453,1515.9907213394963,6651.516172872502,48182.04159323653,4150.632760534973,910.262758065847,1385.2817451111098,1290.7608689999997,3,3,17
rolling_point_step,2025-03-24,66159.99547609054,925.7595833333326,40681.69356416641,1721.9911178265031,4711.294964516663,47114.97964650957,4895.658955432104,0.0,1290.7608689999997,1327.3664969629679,3,3,7
rolling_point_step,2025-03-25,66706.81707012345,1738.605297833333,40715.60913559865,4793.039796614317,8524.028291863564,54032.67722407653,3496.3715854320976,0.0,1327.3664969629679,1213.9211926666667,3,2,21
rolling_point_step,2025-03-26,62805.879241234565,1279.5401325666635,38702.37546682349,326.80493209508,6719.623420653916,45748.80381957249,4373.360535679018,0.0,1213.9211926666667,1232.910495851852,3,3,9
rolling_point_step,2025-03-27,66198.58031135802,619.7866617666629,40763.46666114744,1712.2585483030475,2833.477845390194,45309.203054840684,4020.366498106994,0.0,1232.910495851852,1208.808063037037,3,2,14
rolling_point_step,2025-03-28,29789.01318580247,294.7895234333335,15654.433705836234,102.8910927466676,1127.2444330772012,16884.5692316601,1720.3303333333333,14728.673483333336,1208.808063037037,1208.5810227037036,3,2,4
rolling_point_step,2025-03-29,28871.14887312757,688.705849433329,15241.501064568825,215.46457006000222,2792.2218547275884,18249.187489356416,1200.5057733333333,18017.16488333333,1208.5810227037036,1251.279047666667,3,2,7
rolling_point_step,2025-03-30,62146.3305000823,143.84481753333256,38070.12259349177,2375.523607471535,719.3571055053626,41165.003306468665,2796.659158395063,0.0,1251.279047666667,1242.651668592593,3,2,3
rolling_point_step,2025-03-31,61961.59501942386,1797.3398304999973,38030.691789062905,3376.7695112003266,9888.930631724987,51296.39193198822,2913.5326696707834,0.0,1242.651668592593,1454.1353390740753,3,2,9
rolling_point_step,2025-04-01,67362.47535510287,107.28286473333301,40585.27666444673,1556.0841451137899,671.6436598781306,42813.004469438645,3434.2599333333237,0.0,1454.1353390740753,1295.4157410740738,3,3,3
rolling_point_step,2025-04-02,66963.82093246914,1055.7999306333368,40159.750756268266,798.4958225405895,5335.621067930612,46293.86764673946,3394.9275709465037,158.09335333333604,1295.4157410740738,1263.0349562592592,3,3,10
rolling_point_step,2025-04-03,63560.22571555555,698.7761870666687,38997.269268369324,2645.9995002276682,3384.058987367513,45027.32775596451,4332.617782962962,0.0,1263.0349562592592,1231.923,3,3,8
rolling_point_step,2025-04-04,27589.04969802469,1094.1040358666662,14466.257993787221,277.06821046000374,4544.527800353065,19287.85400460029,1531.2828666666665,18128.272016666666,1231.923,1310.8092146296292,3,2,7
rolling_point_step,2025-04-05,27493.705526634978,1010.9239878333307,14607.917271832814,262.0142540036964,4208.043579237495,19077.975105074005,1240.2507693004122,12924.161666666663,1310.8092146296292,1211.002419,3,3,13
rolling_point_step,2025-04-06,63013.75985851851,108.78067576666626,38726.87537704899,2684.6441648701248,680.2281864410802,42091.7477283602,4582.579602757197,0.0,1211.002419,1278.0917284444447,3,2,4
rolling_point_step,2025-04-07,59429.79137514403,1268.66984823333,36516.635764805615,1400.7601732336593,6939.313109088331,44856.70904712761,3715.268835390944,0.0,1278.0917284444447,1272.077537629629,3,2,7
rolling_point_step,2025-04-08,61285.59067119342,558.8660610999934,37583.37239704746,1936.682183266554,2595.463026817997,42115.51760713201,3475.2006091769636,26.22168333333313,1272.077537629629,1200.0,3,3,19
rolling_point_step,2025-04-09,66248.34893473251,840.6731279999998,40215.341257025204,1235.5464698691135,4031.1890164692313,45482.07674336355,3834.7322907818893,0.0,1200.0,1207.4085,3,2,14
rolling_point_step,2025-04-10,61808.530731851846,629.0171045999991,38045.14591609187,653.557777772595,2971.84643611306,41670.55012997752,3738.2452572143457,0.0,1207.4085,1350.9748491481487,3,3,11
rolling_point_step,2025-04-11,26121.302322016458,1456.5127995000016,13769.314751305319,546.7141436494996,6202.590449779303,20518.61934473412,1102.3128152263384,18994.368733333333,1350.9748491481487,1200.0,3,2,14
rolling_point_step,2025-04-12,26818.29907168395,836.5804556666664,14123.61203763085,359.0421199852406,3610.8150618445316,18093.46921946062,1352.51178,14695.668749999999,1200.0,1397.97620051852,3,3,7
rolling_point_step,2025-04-13,61378.8413881893,71.44000043333293,37503.502172889086,1903.2503068803364,315.68909035801414,39722.441570127434,3172.740500205766,0.0,1397.97620051852,1306.7812120740741,3,3,4
rolling_point_step,2025-04-14,58255.69052880659,225.3299181000025,35265.146587408526,2650.709955651364,1294.0821492920309,39209.93869235192,1967.3654139506248,0.0,1306.7812120740741,1237.4250798148148,3,2,5
rolling_point_step,2025-04-15,55104.57257888889,1897.156765900001,34036.54237552357,1605.095526430378,9770.515412830133,45412.15331478408,2859.661169711934,465.9569696707789,1237.4250798148148,1331.3362253333335,3,3,15
rolling_point_step,2025-04-16,62574.54608641811,127.75888339999918,38180.257797904545,1405.3437446271005,406.0812218697127,39991.682764401354,3154.7343592592642,0.0,1331.3362253333335,1200.0,3,2,10
rolling_point_step,2025-04-17,57195.67332198765,2390.8424666666665,35689.1856654632,1791.96260718547,12450.949455203332,49932.097727852,2924.9569165432117,368.91497666666595,1200.0,1423.8905361111088,3,3,12
rolling_point_step,2025-04-18,26078.07650193416,989.8505024333341,13709.874789565718,360.86487868150425,4337.512222842835,18408.251891090058,1430.3704860082314,16788.902899999994,1423.8905361111088,1610.903225740744,3,2,8
rolling_point_step,2025-04-19,26029.943181366252,841.0176433333332,13602.296434616374,468.7988579267095,3597.7724220539994,17668.867714597083,1490.9320466666668,16305.162466666665,1610.903225740744,1573.0389578888876,3,2,9
rolling_point_step,2025-04-20,57087.37070382716,2112.481509900003,35230.32601475706,959.6768618336845,11481.666711704167,47671.66958829491,3614.651607777783,203.32717148148419,1573.0389578888876,1472.5395863333342,3,2,10
rolling_point_step,2025-04-21,55486.894973950606,213.79419173333326,33714.061340797874,1205.706691091593,598.1059976077995,35517.87402949727,2279.3011485185184,1314.7357799999968,1472.5395863333342,1264.148758555555,3,3,11
rolling_point_step,2025-04-22,56932.44255806584,1458.8629941666663,35001.82642849248,1490.1635419247496,7896.792667625634,44388.78263804286,2748.7383608641976,0.0,1264.148758555555,1200.0,3,2,14
rolling_point_step,2025-04-23,55670.92984139917,2047.7352881333336,34588.71300550267,1633.0997343182494,10700.401983235733,46922.21472305665,2858.2764727160466,193.64509333333606,1200.0,1322.274353814815,3,2,10
rolling_point_step,2025-04-24,53749.967299341566,1877.6953573666635,33496.36045648253,744.3201692898342,9740.275418305386,43980.95604407775,3488.9242560493835,1732.5877199999986,1322.274353814815,1320.3848895555575,3,3,10
rolling_point_step,2025-04-25,24507.713894704524,1269.7373271000001,12599.626770413332,332.26549340916165,5310.190419225788,18242.082683048284,1229.2803583333325,20325.8106274,1320.3848895555575,1298.6859889629661,3,2,8
rolling_point_step,2025-04-26,25048.69718796872,1364.478485133334,13072.661562282867,241.20988601349558,5430.361670159176,18744.233118455537,1427.964273333333,22748.87256666667,1298.6859889629661,1245.7164504074112,3,2,14
rolling_point_step,2025-04-27,53434.39499337448,1934.4983524666673,33698.099526535916,1279.192414816662,10267.150198944366,45244.442140296946,2479.1779722222213,1156.2187466666717,1245.7164504074112,1218.3584313333333,3,3,11
rolling_point_step,2025-04-28,64270.650130053495,23.980536600001457,38485.79740817529,1354.2483563562564,49.91096691803614,39889.95673144958,3554.1412069958815,0.0,1218.3584313333333,1325.115718481481,3,3,2
rolling_point_step,2025-04-29,51915.976723564185,2173.7499110999975,32817.177332849074,709.2481508571411,10479.43537842055,44005.86086212677,2702.895703991766,850.5720833333289,1325.115718481481,1430.080346666667,3,2,14
rolling_point_step,2025-04-30,51368.49258261974,2594.2845326333327,32541.1042241349,821.5841672381765,12082.182050538846,45444.870441911924,3067.665536666663,0.0,1430.080346666667,1237.362582296296,3,2,16
rolling_point_step,2025-05-01,53835.505607325096,3769.677229233333,34324.612044442074,1206.1757046764992,19264.940077461815,54795.72782658039,2330.479778106995,1091.5514236213933,1237.362582296296,1200.0,3,3,30
rolling_point_step,2025-05-02,26479.601801344856,2807.5049133333328,13946.110489161532,300.6910237864513,12252.476266269197,26499.27777921718,765.3182235802476,11855.249349999998,1200.0,1200.0,3,3,30
rolling_point_step,2025-05-03,25706.121762921808,2768.9165259999977,13272.685043786309,314.46865466638565,12772.350096967484,26359.503795420176,849.2596720576139,16420.567933333332,1200.0,1200.0,3,2,30
rolling_point_step,2025-05-04,54848.429941563794,2130.729794599999,33634.411354280084,748.1484612260978,10519.442859586356,44902.00267509254,1697.1174422633849,0.0,1200.0,1200.0,3,3,22
rolling_point_step,2025-05-05,57174.83147843003,3606.2870167666706,35165.36074707965,315.0728038723076,18716.28064602751,54196.71419697947,2036.4118432921762,0.0,1200.0,1200.0,3,3,31
rolling_point_step,2025-05-06,54125.63926080205,4777.819623300003,34250.89243019265,1978.9201375149655,23007.9892604261,59237.80182813371,1819.3370250205764,1149.6214166666675,1200.0,1200.0,3,3,39
rolling_point_step,2025-05-07,57366.85128600821,4072.935463033332,36105.24358461128,1731.603321182311,20985.43906262236,58822.28596841595,3218.488433703689,0.0,1200.0,1200.0,3,3,32
rolling_point_step,2025-05-08,60348.3951245679,1614.5667599999997,36678.194209454654,1872.6624254579654,7816.636013296666,46367.492648209285,2251.9189036625553,0.0,1200.0,1200.0,3,3,22
rolling_point_step,2025-05-09,26012.16661843621,2108.698963566667,13675.222439237838,513.1985450316998,9465.7302815788,23654.15126584834,805.7444628806592,16384.505216666665,1200.0,1300.9982280000002,3,2,28
rolling_point_step,2025-05-10,25227.829939525924,2836.5977401666696,13123.79621898446,542.6715085306214,11832.384597975599,25498.852325490683,895.3803669958844,12841.95618333333,1300.9982280000002,1229.8538331851853,3,3,30
rolling_point_step,2025-05-11,59577.47353432099,1801.8998449666644,36293.17112238784,1628.2147728580558,9342.551106680387,47263.93700192628,2125.6378602469154,0.0,1229.8538331851853,1200.0,3,3,22
rolling_point_step,2025-05-12,53971.60568037036,3201.4352988333353,33761.82989958772,3045.6215383000176,15626.69020735688,52434.141645244614,1900.8284151440312,524.019020000001,1200.0,1208.2536,3,3,32
rolling_point_step,2025-05-13,58933.27916555515,1182.0747976333334,35662.249520242505,1706.080314657036,6488.893138994901,43857.222973894444,2684.6527899177063,613.3281075720141,1208.2536,1230.100809,3,3,16
rolling_point_step,2025-05-14,56584.64062843621,2211.9751848304536,34493.363340138814,1857.6652015430068,11351.450316965425,47702.47885864725,2304.3273093004123,16.907600000004425,1230.100809,1200.0,3,3,26
rolling_point_step,2025-05-15,56111.184390181894,2973.618941466667,35157.122392072364,2922.145209353767,14001.947476983005,52081.215078409135,2528.5998643621388,671.7282366666675,1200.0,1200.0,3,2,28
rolling_point_step,2025-05-16,24652.88918444239,2371.1561638,12836.020969306295,242.52444027152532,8605.212251768899,21683.757661346717,935.8394865000008,21182.393099999998,1200.0,1200.0,3,2,41
rolling_point_step,2025-05-17,25025.94561271605,2671.477703266664,13097.084403107468,158.8557731378837,10260.846781878497,23516.78695812385,654.54140111111,14392.732999999998,1200.0,1200.0,3,2,47
rolling_point_step,2025-05-18,59380.02800193415,972.733574633333,35923.22166366843,683.2159992136992,4436.6334082963485,41043.071071178485,2841.390655308637,0.0,1200.0,1200.0,3,2,20
rolling_point_step,2025-05-19,54172.27099513374,1577.1836000666651,33547.15637888594,755.1137388308111,8278.017545449342,42580.2876631661,3079.7930005781836,1699.2149566666706,1200.0,1200.0,3,3,24
rolling_point_step,2025-05-20,57529.609835267496,2745.399555033333,35368.31108372891,1647.0224818212312,14253.262703722681,51268.59626927282,2461.073802469143,0.0,1200.0,1200.0,3,3,27
rolling_point_step,2025-05-21,54768.62571058477,2750.778094300002,34876.93847149217,2972.8911556601834,12661.42111415158,50511.25074130393,2455.222479506173,810.7265066666696,1200.0,1200.0,3,3,30
rolling_point_step,2025-05-22,54822.03817172839,2017.765834066668,34591.08790333091,715.2644698289298,10504.998782805142,45811.35115596498,2777.6937539506184,0.0,1200.0,1232.3361753703705,3,2,18
rolling_point_step,2025-05-23,25533.774701069957,1784.8972794333304,13625.49118851794,338.35725027212914,6435.849857301449,20399.69829609152,1335.9857733333329,17387.36753333333,1232.3361753703705,1229.6325002592591,3,3,33
rolling_point_step,2025-05-24,25164.923006903293,1819.450593733336,13259.263121696358,331.95913585896125,6115.9456246525115,19707.167882207832,1120.9559358333356,19952.294533333334,1229.6325002592591,1219.7667,3,3,38
rolling_point_step,2025-05-25,54272.10824218106,788.1138283333344,33757.10268844433,614.2220735588318,3972.5378824102177,38343.86264441338,2555.473822469133,387.5440366666544,1219.7667,1322.0274720000002,3,3,16
rolling_point_step,2025-05-26,59079.04891915513,2259.451425333332,37095.36646572596,2452.2311223037286,11478.113749140068,51025.711337169756,3622.9029165843494,105.80767345679466,1322.0274720000002,1231.6051011481482,3,3,20
rolling_point_step,2025-05-27,53775.41569147778,3358.5088490666653,34028.90946733416,3209.5986599310304,16379.920882101707,53618.4290093669,3540.0675413580248,1471.23465,1231.6051011481482,1200.0,3,3,29
rolling_point_step,2025-05-28,58923.080317407395,555.7271757666679,36123.37592504056,949.8726274230976,2913.7942828328723,39987.04283529653,3090.3847662551416,404.16757576131863,1200.0,1203.4295375185186,3,3,13
rolling_point_step,2025-05-29,59424.15250576132,1152.9144864999948,36380.70807920545,2625.580560020828,6543.145930497234,45549.43456972351,1840.770794074079,794.6845000000006,1203.4295375185186,1305.3856290370368,3,2,14
rolling_point_step,2025-05-30,25933.990333703703,1305.625234366667,14103.767883980185,232.1403369900039,5190.726813271516,19526.635034241706,994.1950684773662,17365.810433333332,1305.3856290370368,1387.0679979259257,3,2,11
rolling_point_step,2025-05-31,26735.72603064074,975.7797683000001,14345.315821687103,465.26746920083013,3703.640747700251,18514.224038588185,1356.133713333333,15599.157533333333,1387.0679979259257,1416.8395959259233,3,3,11
rolling_point_step,2025-06-01,71003.96944690122,4519.032545600004,43998.67919980289,2443.9776215742504,21017.075633582554,67459.7324549597,646.6810833333334,0.0,1416.8395959259233,1200.0,3,3,36
rolling_point_step,2025-06-02,68547.1135837329,4869.9632979000025,42804.11668138938,3472.2638214377853,22839.01888980523,69115.39939263239,697.5334520123407,0.0,1200.0,1200.0,3,3,37
rolling_point_step,2025-06-03,68827.72954273333,3896.586367800003,42315.72931224017,3478.826717417776,18014.943103529167,63809.49913318711,466.3261866666661,0.0,1200.0,1200.0,3,3,35
rolling_point_step,2025-06-04,70138.76392275719,4587.733105433332,43024.76558692985,6293.946831421001,21662.24119109206,70980.9536094429,1019.5369441152282,0.0,1200.0,1200.0,3,3,39
rolling_point_step,2025-06-05,70598.67999865102,4788.869837199999,43431.49329204814,2077.6716893311677,22491.72376617088,68000.88874755018,40.82251777776679,0.0,1200.0,1200.0,3,3,40
rolling_point_step,2025-06-06,29907.96008947242,5551.749443233333,17439.96667869406,1265.529208797192,21571.756972729378,40277.25286022063,160.52126999999984,2166.419333333336,1200.0,1200.0,3,3,59
rolling_point_step,2025-06-07,30710.003256766668,3845.3753399999987,16921.275900550027,699.4493937813022,17496.103943997543,35116.82923832887,74.68730757201882,720.4783666666611,1200.0,1200.0,3,3,32
rolling_point_step,2025-06-08,67074.27195271604,2372.3223212,41794.52603443512,1706.1899399325887,10079.991704411199,53580.70767877891,387.70075094649866,0.0,1200.0,1200.0,3,3,30
rolling_point_step,2025-06-09,72630.23083004114,3824.692827433335,45048.13209680152,2109.664814728551,18613.658369754943,65771.45528128502,1349.043372016457,0.0,1200.0,1200.0,3,3,39
rolling_point_step,2025-06-10,73336.5504163786,3986.912164433334,45529.065497420896,1933.3990000982312,18461.550983668836,65924.01548118796,1516.536799341555,0.0,1200.0,1200.0,3,3,38
rolling_point_step,2025-06-11,77126.97240888435,4353.789906666666,48286.901007819615,1735.8070570829657,20339.587179403334,70362.29524430592,1064.4507078600802,0.0,1200.0,1200.0,3,3,39
rolling_point_step,2025-06-12,74343.91897038229,3209.740015933334,46052.39630850795,1199.3957293171065,15084.853061979706,62336.645099804766,773.364123333333,0.0,1200.0,1200.0,3,3,37
rolling_point_step,2025-06-13,30348.549467763783,3453.517814433333,17496.49819679505,1146.7838126011266,13882.786396345866,32526.068405742044,45.110328888886585,3069.9479132510332,1200.0,1200.0,3,3,47
rolling_point_step,2025-06-14,29637.951308467076,4127.522374133336,17046.673124044275,751.1877775452915,14886.632895301213,32684.49379689078,0.0,5311.8380000000025,1200.0,1200.0,3,3,53
rolling_point_step,2025-06-15,74194.49436647118,2508.5087767999985,45852.87685572455,1950.291849210112,10884.365871226039,58687.534576160695,1724.9112580246822,0.0,1200.0,1200.0,3,3,38
rolling_point_step,2025-06-16,74748.4867419712,3167.2358236666632,46243.94445037601,1358.9029345880122,15381.124080611515,62983.97146557554,844.142559629633,0.0,1200.0,1200.0,3,3,36
rolling_point_step,2025-06-17,77733.73843731482,2789.991170899992,48336.92125237906,1938.3123290129988,12655.539124228611,62930.77270562068,1432.0806471399328,0.0,1200.0,1200.0,3,3,42
rolling_point_step,2025-06-18,75961.50831750165,1651.098555833338,46773.57247133335,2558.8442041513294,7209.985195670967,56542.40187115564,2413.461686625518,0.0,1200.0,1200.0,3,3,34
rolling_point_step,2025-06-19,72674.527198107,2509.6576491333353,45769.2016354202,3254.037533661205,12120.171486846511,61143.41065592792,2820.00755053498,0.0,1200.0,1200.0,3,3,37
rolling_point_step,2025-06-20,30045.653189228393,2603.666827966665,17253.071163551853,416.9699148832438,9113.563596029342,26783.60467446444,646.2521969238674,7304.420183333331,1200.0,1200.0,3,3,43
rolling_point_step,2025-06-21,30270.800194734566,2618.973454100001,17237.42218994391,222.33972358708792,8577.491512350143,26037.253425881143,976.2519292016483,10292.619383333333,1200.0,1233.5919,3,3,46
rolling_point_step,2025-06-22,72777.11615012345,877.4518628999967,45911.26396750039,2212.9647046407604,3899.377103406342,52023.60577554749,2170.226873456788,0.0,1233.5919,1200.0,3,3,26
rolling_point_step,2025-06-23,71980.20705193414,972.7148433333325,45302.17492786978,1124.945952143742,4102.247912369996,50529.36879238352,1622.1193140329117,0.0,1200.0,1200.0,3,3,28
rolling_point_step,2025-06-24,79606.98839746173,2851.63842233333,49884.93932005526,1828.720300233435,13308.671441414952,65022.33106170365,1807.9177473703664,0.0,1200.0,1200.0,3,3,32
rolling_point_step,2025-06-25,76037.14044316337,1353.7166895999935,46906.08919622406,1704.5342212646483,5940.743449564876,54551.366867053584,2582.9785925925953,0.0,1200.0,1200.0,3,3,30
rolling_point_step,2025-06-26,72930.90512349793,2085.072405866669,45082.251629664184,1498.0732755850206,9493.293012984546,56073.61791823375,3280.5883890946493,0.0,1200.0,1200.0,3,3,36
rolling_point_step,2025-06-27,31046.015708477364,1257.457653466665,17749.262145345972,595.3438342688329,4566.6471473122265,22911.25312692703,893.1489760493823,9233.009366666667,1200.0,1200.0,3,3,24
rolling_point_step,2025-06-28,31357.096453320162,1456.4568010333342,18204.911926736055,495.91038511442457,4452.615126311319,23153.437438161796,1000.0942771810712,7760.334566666665,1200.0,1200.0,3,2,31
rolling_point_step,2025-06-29,75400.5876174897,1040.014273666673,47185.69143545163,2580.4376421018,5082.361457016981,54848.49053457041,2858.269081316874,0.0,1200.0,1365.8812187407405,3,3,15
rolling_point_step,2025-06-30,75418.81273329219,1749.4538036999968,47235.239418141224,1387.9579517310628,7901.428539029504,56524.62590890179,3256.54927061729,0.0,1365.8812187407405,1200.0,3,3,25
rolling_point_step,2025-07-01,76048.97633389712,6545.33498553333,49617.64255436992,4737.200482134578,31081.209741612645,85436.05277811714,0.0,0.0,1200.0,1200.0,3,3,39
rolling_point_step,2025-07-02,68804.07791368237,7353.547484284295,46011.23277543764,3700.500111497152,34324.15582330182,84035.88871023661,286.57948666666675,0.0,1200.0,1200.0,3,3,48
rolling_point_step,2025-07-03,77181.35943525103,6522.541789833332,49657.02314926937,3569.588328557918,30869.27923462659,84095.89071245388,0.0,0.0,1200.0,1200.0,3,3,42
rolling_point_step,2025-07-04,30962.706755254734,9892.420210478598,18182.780047629083,678.6381447959972,34664.800011818494,53526.218204243574,0.0,9760.98953333333,1200.0,1200.0,3,3,65
rolling_point_step,2025-07-05,32492.80327851852,8891.955619166662,19300.95045196478,891.0514642021677,31318.037582426718,51510.039498593665,3.121204814815165,10363.689966666665,1200.0,1200.0,3,3,63
rolling_point_step,2025-07-06,77310.17375129505,6718.047652343862,50587.807821863855,4679.505360378864,31548.324966832344,86815.63814907506,344.57433000000003,0.0,1200.0,1200.0,3,3,46
rolling_point_step,2025-07-07,70307.95342114363,7677.7974104666655,45289.454671473795,1998.4503972253437,35734.77445744778,83022.67952614691,1039.296015925931,0.0,1200.0,1200.0,3,3,47
rolling_point_step,2025-07-08,74716.04628300163,5708.803969300004,48053.34136847017,1958.3186055538358,28721.11449417348,78732.77446819749,789.4598334567924,0.0,1200.0,1200.0,3,3,46
rolling_point_step,2025-07-09,73661.4852409609,4613.202083000001,46742.97708352723,1196.9715911928297,23136.785021798587,71076.73369651864,178.11601333333283,0.0,1200.0,1200.0,3,3,39
rolling_point_step,2025-07-10,71446.46581050986,5145.199026099999,47350.726432241696,2728.2540385890975,24240.71004859711,74319.69051942791,175.25555567900926,0.0,1200.0,1200.0,3,3,44
rolling_point_step,2025-07-11,34787.36793123457,6723.218751299998,20782.29148032774,760.6232194098354,23178.338911977044,44721.25361171462,394.0379146913597,6281.638466666668,1200.0,1200.0,3,3,61
rolling_point_step,2025-07-12,35478.69519333745,6650.357906933329,21304.63858124735,611.8562834218844,23238.426132957884,45154.920997627116,799.8391042798355,8016.2474999999995,1200.0,1200.0,3,3,63
rolling_point_step,2025-07-13,68197.45630797365,5299.868389733331,43951.70154076069,1725.9156097360205,26398.975139958056,72076.59229045476,460.8422695473251,0.0,1200.0,1200.0,3,3,42
rolling_point_step,2025-07-14,71875.87036374485,4555.619875199997,46048.37400896004,2309.706766571533,22577.01090466068,70935.09168019226,689.3313668312799,0.0,1200.0,1200.0,3,3,41
rolling_point_step,2025-07-15,74792.85909335515,2015.2632866000033,48569.85218499021,2816.9723264346912,10102.230079462182,61489.054590887084,211.3697133333328,0.0,1200.0,1200.0,3,3,30
rolling_point_step,2025-07-16,72756.92452403292,4240.642220200003,47187.16216176189,1649.0391510551224,19672.3115520122,68508.51286482922,1199.441809711933,0.0,1200.0,1200.0,3,3,41
rolling_point_step,2025-07-17,73526.29177600822,4638.451970766671,47223.909459449314,2235.5864744867267,22671.283196763212,72130.77913069926,1515.5068765020574,0.0,1200.0,1200.0,3,3,40
rolling_point_step,2025-07-18,35659.19590366255,4618.100134366666,21513.128056593752,750.4806876594997,15121.188223562143,37384.7969678154,492.8402504938263,6251.535166666666,1200.0,1200.0,3,3,61
rolling_point_step,2025-07-19,36003.292961028805,5293.878070766666,21767.524890987665,1075.7378847446707,18357.09910896808,41200.36188470041,946.6473888065846,11004.212350000002,1200.0,1200.0,3,3,60
rolling_point_step,2025-07-20,75639.45275038888,2174.436680033339,48196.82327968675,1924.0107549205136,9803.758270805849,59924.59230541311,1631.6733494238706,0.0,1200.0,1200.0,3,3,34
rolling_point_step,2025-07-21,76884.79061413332,3224.4438697666665,49541.828969506074,2439.9292148991285,15725.3548408454,67707.11302525061,2097.239568641972,0.0,1200.0,1200.0,3,3,38
rolling_point_step,2025-07-22,79085.00045901234,1902.2501880333346,50110.86623790013,4926.2756090340035,8798.370979161607,63835.51282609574,3068.4854195473263,0.0,1200.0,1200.0,3,3,37
rolling_point_step,2025-07-23,78583.89786246914,1885.2946499000022,50991.31430182572,4565.626860766445,9047.520669693859,64604.46183228602,2129.539331893006,0.0,1200.0,1200.0,3,3,29
rolling_point_step,2025-07-24,79860.18375061729,483.4358317666661,51715.92180583873,2788.68228226101,1888.4680024388174,56393.07209053855,2622.6123700000057,0.0,1200.0,1200.0,3,3,17
rolling_point_step,2025-07-25,37029.3725253498,3387.0059936168695,22487.269708840322,440.7357022198363,11359.051952950995,34287.057364011154,1212.9468267901234,10495.534583333329,1200.0,1200.0,3,3,58
rolling_point_step,2025-07-26,38081.319579999996,2847.252080900001,22955.141917694666,521.2528897545003,10827.27286883802,34303.66767628719,1091.5038667078186,9038.619449999995,1200.0,1200.0,3,3,35
rolling_point_step,2025-07-27,76908.48942037036,2880.1568330333316,48916.04566545486,1628.6062307533969,14186.213886290672,64730.86578249893,1950.4137565432075,0.0,1200.0,1200.0,3,3,30
rolling_point_step,2025-07-28,81287.15658644238,2593.0361725666685,51796.040348396506,1753.564952631306,12055.792973024341,65605.39827405216,1748.224400823049,0.0,1200.0,1208.286,3,3,34
rolling_point_step,2025-07-29,83555.0334238395,886.1567366666701,52989.4370549864,2164.5820174386668,4698.408715136685,59852.427787561755,4117.12125711934,0.0,1208.286,1233.9078558148146,3,2,18
rolling_point_step,2025-07-30,80358.66761373292,2184.5129733333315,51838.72535546311,3482.412945872963,11548.354037621657,66869.49233895773,4275.62853810699,359.23422666666715,1233.9078558148146,1333.6727927407414,3,2,15
rolling_point_step,2025-07-31,80945.9294592181,1256.174529999999,51696.70980146324,2410.4007782043827,6566.768773244996,60673.87935291263,3188.0291833333304,0.0,1333.6727927407414,1334.9052388148148,3,2,18
rolling_point_step,2025-08-01,37979.09188385885,2033.1775566666663,23106.984701838766,485.13872986002286,6344.1952499848485,29936.31868168364,1264.527256543212,15112.68413333333,1334.9052388148148,1459.7401946296293,3,2,27
rolling_point_step,2025-08-02,39360.98437666667,979.8340240666628,24063.484240619666,730.0418441683355,4090.4735759645173,28883.999660752517,1860.853986666667,15123.921066666664,1459.7401946296293,1536.3781285925927,3,2,11
rolling_point_step,2025-08-03,64641.11705465021,3256.866453699998,43362.3202217235,1728.2631876195558,15605.58522023629,60696.16862957935,2412.3050334979516,0.0,1536.3781285925927,1215.2858265185182,3,3,31
rolling_point_step,2025-08-04,67796.43536685966,2433.15319193333,44513.435134495376,2376.9281415155474,11804.26909704099,58694.632373051914,1618.8808674897032,0.0,1215.2858265185182,1200.0,3,2,20
rolling_point_step,2025-08-05,72381.0314984362,1690.1272407999998,47233.91234161775,1534.137736232949,9429.451714486799,58197.501792337505,4148.982489135792,792.9148227572016,1200.0,1743.234503407407,3,3,8
rolling_point_step,2025-08-06,76396.00449382716,687.0650460333362,50463.709666960385,2022.0134008531188,3688.7408372956156,56174.463905109114,5193.979233662549,0.0,1743.234503407407,1854.983509666665,3,3,4
rolling_point_step,2025-08-07,73264.36214041153,38.83182999999997,48024.906476246106,1978.8655021249156,262.2668841749998,50266.03886254602,4655.293580658437,1609.4474574074065,1854.983509666665,1809.3848508148153,3,2,2
rolling_point_step,2025-08-08,40210.93319860082,369.2077538000015,24590.588443307384,150.14459707583393,1532.293977206473,26273.02701758969,1875.2636400000001,19898.793416666667,1809.3848508148153,2371.3434170000064,3,3,5
rolling_point_step,2025-08-09,39785.578809218096,514.4791267000007,24622.159795942345,145.10864932333186,2125.6107937400197,26892.879239005695,2162.837259382714,17120.824716666666,2371.3434170000064,2129.1440291851854,3,2,5
rolling_point_step,2025-08-10,72101.97080078188,347.0889493666667,47445.20033629865,1323.7894604708981,1846.4332441944834,50615.42304096404,4022.556171028805,0.0,2129.1440291851854,1749.3010837777792,3,2,4
rolling_point_step,2025-08-11,73980.1986846502,79.21310999999992,48074.123205655786,1261.2405069517097,534.3054654399995,49869.669178047494,4694.534303251027,1024.5883145678968,1749.3010837777792,1659.5049918148156,3,2,4
rolling_point_step,2025-08-12,77042.36733786007,43.48508000000004,50073.03522430221,1523.5355141383882,292.9047606133336,51889.47549905394,5561.620522757199,24.12788691358722,1659.5049918148156,1689.816803777776,3,2,4
rolling_point_step,2025-08-13,75114.57282436214,184.18755233333368,48893.385265004006,2060.7818916855676,1037.9005220366682,51992.06767872624,5204.29317057613,0.0,1689.816803777776,2006.7765319629652,3,2,6
rolling_point_step,2025-08-14,73150.10413500946,1745.1317733333337,47891.86652023358,1797.578925237016,9566.975584300002,59256.4210297706,4578.870807160495,1192.2636566666706,2006.7765319629652,1721.618247444448,3,3,10
rolling_point_step,2025-08-15,39883.910691098754,871.2889790433335,24385.95220480952,541.2569026838029,3710.651784941327,28637.86089243465,1804.5832389711939,19056.5823,1721.618247444448,2051.692558814816,3,2,6
rolling_point_step,2025-08-16,39308.653414279834,1033.8629913868322,24423.982401492765,1289.8865890303339,4543.378319507727,30257.247310030827,2114.5757200000003,19137.14643333333,2051.692558814816,1954.5113500740733,3,2,9
rolling_point_step,2025-08-17,71723.62250687243,98.00646666666671,46896.0093839078,1026.763878199577,660.3085185333337,48583.081780640714,3843.5947623045276,1184.677629629629,1954.5113500740733,1785.926899407408,3,2,5
rolling_point_step,2025-08-18,72488.14017448558,674.5289211000019,47535.60743173456,441.5261117296597,3743.886078108843,51721.01962157307,4833.975733744853,0.0,1785.926899407408,1920.948836037038,3,2,9
rolling_point_step,2025-08-19,72108.68372436214,846.0255950999979,47383.94421497865,1048.9995115818986,4711.581590652789,53144.52531721333,5229.818906049381,152.99111666666522,1920.948836037038,1643.6667341111095,3,2,11
rolling_point_step,2025-08-20,77979.81891769546,537.5016366666651,50160.02266312347,2033.994926970172,2823.1934884933253,55017.21107858697,3717.9296638271526,0.0,1643.6667341111095,1636.8835807777768,3,3,8
rolling_point_step,2025-08-21,73741.2376308642,15.616226666666762,47837.87791296529,1922.2093413519383,105.31569600666731,49865.4029503239,3983.2738062139906,180.14320144032462,1636.8835807777768,1688.3542001111127,3,2,3
rolling_point_step,2025-08-22,39462.36959514403,1111.1225950333335,24239.08368266789,532.5079397283608,4774.0586921215,29545.650314517752,1402.6324786008263,15811.60768333333,1688.3542001111127,1474.564911,3,2,11
rolling_point_step,2025-08-23,40420.014595650195,662.4138319666658,24735.086063957075,363.3170577562012,2801.7858541230135,27900.18897583629,1949.212765526743,13852.736166666666,1474.564911,1756.150203296297,3,2,6
rolling_point_step,2025-08-24,71089.16672733621,1979.168536666667,47323.28882313249,2901.3452270132857,10438.801592708334,60663.43564285411,4551.989524032924,1350.419563333334,1756.150203296297,1809.1596615185179,3,2,11
rolling_point_step,2025-08-25,79292.45965572016,47.70574666666653,51317.98398396826,4619.471465094099,321.5378968083324,56258.99334587069,4676.033862139925,0.0,1809.1596615185179,1760.3221310740732,3,2,4
rolling_point_step,2025-08-26,72658.48753115225,2057.4121393666696,47930.376752983764,799.11571157402,11183.602921951679,59913.09538650946,5435.206464773652,0.0,1760.3221310740732,2019.4099842592623,3,2,10
rolling_point_step,2025-08-27,78192.30597358025,46.93000000000029,50755.319706196635,2593.739102932426,316.292619000002,53665.35142812906,6285.427600329222,270.30031666666673,2019.4099842592623,1648.9184917407426,3,2,3
rolling_point_step,2025-08-28,79686.22555320985,486.1943191666671,51645.36785423012,3101.976580134091,2382.1685084716682,57129.51294283588,5191.389569588467,0.0,1648.9184917407426,1727.163208111111,3,2,13
rolling_point_step,2025-08-29,41448.372201851846,595.7861327333326,25445.421388991665,1145.8529811913343,2369.2371496747974,28960.5115198578,2499.5505683950605,14374.516799999998,1727.163208111111,1706.388516037037,3,2,5
rolling_point_step,2025-08-30,40193.48240990494,668.9418600000001,24718.483186857182,522.2022648128416,2848.050896037934,28088.736347707956,1905.255893333333,18302.80363333333,1706.388516037037,1409.111179851852,3,2,7
rolling_point_step,2025-08-31,72523.75135740741,2337.115638233336,47754.836176161894,742.9478355019259,11409.26519496141,59907.049206625226,3977.366536008247,0.0,1409.111179851852,2128.776232,3,2,13
rolling_point_step,2025-09-01,72785.64358065842,0.0,47581.61665942808,3103.471635781765,0.0,50685.08829520985,10309.290385020571,1937.1289866666657,2128.776232,5629.971296074074,3,2,0
rolling_point_step,2025-09-02,69278.9745581893,0.0,45768.92870126711,2270.263848613042,0.0,48039.19254988016,10102.514937695474,1578.1156220164612,5629.971296074074,5570.3658437777785,3,2,0
rolling_point_step,2025-09-03,70506.67015213992,0.0,46927.58985092913,1173.0116928816885,0.0,48100.601543810815,10358.518346172841,1760.2514537037032,5570.3658437777785,5218.324985888888,3,2,0
rolling_point_step,2025-09-04,67444.02350563786,0.0,45831.643402394846,779.5126687313517,0.0,46611.1560711262,8398.883938312752,1405.5592032921859,5218.324985888888,5419.459001851853,3,2,0
rolling_point_step,2025-09-05,36130.152516999995,0.0,22799.82709544383,544.4722507691671,0.0,23344.299346212996,3247.170327020572,23082.541789012346,5419.459001851853,5694.658339296296,3,2,0
rolling_point_step,2025-09-06,36139.931817966666,0.0,22865.13293247842,255.66109208416682,0.0,23120.794024562587,3163.8185099999996,22137.851177942382,5694.658339296296,6060.933029481484,3,2,0
rolling_point_step,2025-09-07,68095.26512753086,0.0,45745.11446383167,1684.8227695844507,0.0,47429.937233416116,8957.324901234564,988.3045567901222,6060.933029481484,5742.661705000001,3,2,0
rolling_point_step,2025-09-08,72727.600821893,0.0,47932.85448450816,1848.3642831523366,0.0,49781.2187676605,10230.355709835385,686.5005333333329,5742.661705000001,4818.285106814818,3,2,0
rolling_point_step,2025-09-09,65110.46289469135,187.23413216666802,44328.18148189129,1651.159061121764,997.6058059880907,46976.94634900114,7371.5323289300395,1381.7894333333331,4818.285106814818,4786.287876925929,3,2,3
rolling_point_step,2025-09-10,75331.08777913786,296.37601666666484,49526.88159510293,3403.2139140577383,1462.1306876416572,54392.22619680233,10688.319893211936,0.0,4786.287876925929,4596.137299259258,3,2,4
rolling_point_step,2025-09-11,67980.15963888889,0.0,45013.69492994602,2104.2999741243934,0.0,47117.99490407041,8551.581597736627,2009.7703882716028,4596.137299259258,4802.636300481483,3,2,0
rolling_point_step,2025-09-12,36723.94942623333,0.0,22999.77654701362,813.5170963962512,0.0,23813.29364340987,3762.4537733333314,18518.16574930041,4802.636300481483,5092.3933195185145,3,2,0
rolling_point_step,2025-09-13,36097.26966243334,0.0,22587.817804459784,239.76060273083627,0.0,22827.57840719062,2841.578513333333,22234.997817983538,5092.3933195185145,5455.390596666667,3,2,0
rolling_point_step,2025-09-14,73113.21944967077,0.0,48017.6978090181,2988.298794159452,0.0,51005.996603177555,10386.686652222215,0.0,5455.390596666667,4487.262961666669,3,2,0
rolling_point_step,2025-09-15,63716.268252716036,1803.042763033334,42587.86117577959,519.9377523287499,9972.461638237453,53080.26056634579,6008.8022911934095,1415.724483333333,4487.262961666669,3986.8046280000003,3,2,9
rolling_point_step,2025-09-16,71212.76713782715,0.0,46154.58743478819,1807.9230246840825,0.0,47962.51045947227,7472.623187991764,973.5368598353942,3986.8046280000003,3583.537819518517,3,2,0
rolling_point_step,2025-09-17,71860.46382592592,1144.154390666666,46962.78475679869,1378.3540626079052,5898.777888365663,54239.91670777226,9113.361524238686,0.0,3583.537819518517,3671.1311783703704,3,2,10
rolling_point_step,2025-09-18,69989.28913644444,1809.871061233334,45556.57471873975,2306.359895375064,9577.784357419521,57440.718971534334,7980.777603234566,1302.6722011522647,3671.1311783703704,3584.4390132962976,3,2,9
rolling_point_step,2025-09-19,35763.428261366666,0.0,22022.23003531633,473.9416510965027,0.0,22496.171686412832,2838.505,13334.386358806581,3584.4390132962976,4499.314729074073,3,2,0
rolling_point_step,2025-09-20,34928.5694705,0.0,21535.7309993711,312.421160593334,0.0,21848.152159964433,2479.9315533333333,13955.199896049384,4499.314729074073,4612.261740814815,3,2,0
rolling_point_step,2025-09-21,69475.59181440329,0.0,45263.40820114149,470.9225945568003,0.0,45734.33079569829,7707.023055843616,711.6747703292174,4612.261740814815,3822.1116186296304,3,2,0
rolling_point_step,2025-09-22,70126.74074076583,282.9752006333331,45609.57303388304,2857.270354529366,1455.4200220861653,49922.26341049858,6904.316027901239,0.0,3822.1116186296304,2889.0294006666663,3,2,4
rolling_point_step,2025-09-23,73143.2403399926,444.6790666666652,47441.26083718991,1350.4981517664355,2253.344163633326,51045.10315258967,7370.423731399183,0.0,2889.0294006666663,2974.080832481482,3,2,8
rolling_point_step,2025-09-24,69134.66412444443,2097.225169699999,44761.92314332855,1665.4089532721964,11172.61788856921,57599.949985169966,6022.666979670783,0.0,2974.080832481482,3233.364390074075,3,2,10
rolling_point_step,2025-09-25,71419.45729994116,888.1656967666668,45801.61551415616,1103.4098444967042,4720.738565319117,51625.76392397198,7151.069685349806,1299.3638755555512,3233.364390074075,2894.028507111112,3,2,6
rolling_point_step,2025-09-26,34711.437700650196,0.0,20827.96455451034,619.0267660181657,0.0,21446.99132052851,2409.333465999996,11196.449136502057,2894.028507111112,3654.0948896296322,3,2,0
rolling_point_step,2025-09-27,34597.17506744855,439.9736172000021,21056.43755969698,709.2290308800067,1735.5101441995416,23501.17673477653,2498.2433300000002,12700.395749999998,3654.0948896296322,3138.009334888891,3,2,4
rolling_point_step,2025-09-28,74085.24348382551,1299.7526261333305,46969.385270867424,3028.7301305687306,6669.2338787956505,56667.34928023181,7998.667231934159,202.2064433333336,3138.009334888891,2897.880279925927,3,2,8
rolling_point_step,2025-09-29,69805.29540547324,1369.895133333332,44881.499696030434,2979.3736803168495,7097.177500491661,54958.05087683895,5188.013760823041,0.0,2897.880279925927,2144.99371562963,3,2,11
rolling_point_step,2025-09-30,73527.56471275061,2633.906323499999,47591.44175563621,1420.955511077143,13982.538966859911,62994.93623357326,6507.096318477365,0.0,2144.99371562963,2256.9679354814784,3,2,12
rolling_point_step,2025-10-01,63902.26375045268,128.74521639999452,41317.31765047024,662.415737193225,673.682650001971,42653.41603766544,5772.702444897117,2663.9374000000003,2256.9679354814784,4166.951409925925,3,2,3
rolling_point_step,2025-10-02,62628.08589617282,252.29125666666565,40702.05354882644,2347.8100173319226,1280.361813508328,44330.2253796667,5925.676029053493,1304.8372054732445,4166.951409925925,4315.1878990000005,3,2,3
rolling_point_step,2025-10-03,30717.084940899997,481.19537796666646,18345.957187243643,75.50948062000558,1923.803804728766,20345.270472592416,2368.226379999999,18033.190483333332,4315.1878990000005,4794.720161925925,3,2,5
rolling_point_step,2025-10-04,31320.688717600002,817.6410105999996,18831.60992533072,233.1225763425053,3215.6650462701987,22280.397547943423,2633.0564566666667,14238.466616666665,4794.720161925925,4437.7989347777775,3,2,5
rolling_point_step,2025-10-05,64554.00532065843,341.19981666666405,41941.56117006703,2412.04523049581,1760.237235574986,46113.84363613782,6153.125850576129,709.8972333333342,4437.7989347777775,3984.5679101481464,3,2,5
rolling_point_step,2025-10-06,61754.51466667695,2479.6575899999993,40176.10486341401,1066.5774864953205,13503.282472091663,54745.96482200099,4017.1353905349692,0.0,3984.5679101481464,3065.9275384074076,3,2,11
rolling_point_step,2025-10-07,65835.85054427983,2109.262766666666,42095.19448749547,1302.707880772585,11159.708568358328,54557.610936626385,5936.631589670786,0.0,3065.9275384074076,3421.619154296295,3,2,10
rolling_point_step,2025-10-08,60969.17892358477,2905.5076933333326,39045.92489070272,648.3961627022053,15373.598700594997,55067.91975399993,4100.877244485595,133.87534,3421.619154296295,2982.4036231481496,3,2,11
rolling_point_step,2025-10-09,62741.825012345675,1331.4108866666684,39973.01306098297,3117.3046307069653,7070.334148210009,50160.65183989995,3776.9440971604968,750.9641266666652,2982.4036231481496,2858.7706364074093,3,2,7
rolling_point_step,2025-10-10,30476.50091337448,1441.0913889999997,17393.984295294464,389.8972205583335,5847.330563527333,23631.21207938013,1485.241788106995,18323.73135,2858.7706364074093,3149.3601849259244,3,2,6
rolling_point_step,2025-10-11,30853.480619423874,1179.4788008999976,17707.785825386436,428.24396255416826,4703.371908050291,22839.40169599089,1859.6650766666683,13585.95858333333,3149.3601849259244,3068.8206637777816,3,2,6
rolling_point_step,2025-10-12,64372.12244888888,1353.6803999999986,40666.73418930887,838.7105900999724,7156.259844224992,48661.704623633836,3788.370258600825,0.0,3068.8206637777816,2587.332660555554,3,2,8
rolling_point_step,2025-10-13,62649.80374716049,2004.1888666666646,39766.96307521844,1922.6689661947694,10754.236943424987,52443.86898483819,3230.8252531275652,239.41329333332766,2587.332660555554,2714.0498346666677,3,2,9
rolling_point_step,2025-10-14,67087.9288655967,2621.800877799997,42829.3732707884,3030.6420158630744,13967.731736552016,59827.74702320348,5052.811646255136,0.0,2714.0498346666677,2669.106958888889,3,2,10
rolling_point_step,2025-10-15,67786.26273135802,2184.1616838333384,42857.07364969412,3984.8917486768264,11679.679268229112,58521.644666600056,4239.461658148143,0.0,2669.106958888889,2475.45025077778,3,2,9
rolling_point_step,2025-10-16,68441.15863497902,2638.9066,43434.58560808857,955.6876359937688,14138.399475425,58528.67271950734,3960.2940640329243,0.0,2475.45025077778,2525.552287222223,3,2,10
rolling_point_step,2025-10-17,30786.834679364612,1444.6018166666663,17390.149966162124,418.32868922446045,5845.466665713465,23653.94532110005,1896.9976738271669,11872.125383333332,2525.552287222223,2461.733084925924,3,2,7
rolling_point_step,2025-10-18,31273.96254259506,1430.1122800000003,17792.3889597655,449.48071149014095,5822.503134498467,24064.37280575411,1716.7675733333324,12061.329233333332,2461.733084925924,2813.689331185185,3,2,8
rolling_point_step,2025-10-19,68718.83095440328,2535.789032499998,43540.075766758746,423.0413217119403,13657.42794837374,57620.54503684443,3726.7943335802433,0.0,2813.689331185185,2353.073083851851,3,2,10
rolling_point_step,2025-10-20,70764.52321679916,2231.7269146000035,44417.4838171098,1098.4800607918994,11319.077895261351,56835.04177316306,4664.890545308637,0.0,2353.073083851851,2218.2614580740737,3,2,10
rolling_point_step,2025-10-21,72231.77917577696,3037.408859999997,45282.28860057939,379.95808165755943,15859.377882948313,61521.624565185266,4416.032054032925,0.0,2218.2614580740737,2496.7364844814797,3,2,13
rolling_point_step,2025-10-22,69849.88173549794,2868.9064046666695,43750.17437583284,1918.5298097371035,14506.354658889348,60175.05884445929,3755.757238024691,0.0,2496.7364844814797,1920.3538827777795,3,3,12
rolling_point_step,2025-10-23,68666.52531553539,2829.6515799999997,43266.06073802414,5796.8650684392205,14759.239418131665,63822.165224595024,3753.4341228395065,0.0,1920.3538827777795,2160.6413205925965,3,2,9
rolling_point_step,2025-10-24,31867.25779362057,1517.686093333332,17727.29598911242,185.95917066940345,6192.543317157161,24105.798476938984,1611.5180500000001,10930.700566666666,2160.6413205925965,1845.73162085185,3,2,8
rolling_point_step,2025-10-25,32256.6476727572,1246.740065199999,17951.904869175716,89.2278224241677,5031.322974696729,23072.455666296613,1701.843816666668,9530.843083333331,1845.73162085185,1975.1664407037035,3,2,7
rolling_point_step,2025-10-26,69604.18813526584,2980.186286666662,43642.526863190535,3812.176824257246,15919.881491771639,63374.585179219415,3614.33705530864,0.0,1975.1664407037035,2318.484909703703,3,3,11
rolling_point_step,2025-10-27,70571.21963530863,2527.345823333335,44124.327303137696,1786.371184086184,13452.509079718342,59363.20756694223,5136.28975860081,599.7807975308681,2318.484909703703,2017.1693232222215,3,2,11
rolling_point_step,2025-10-28,72457.1433819753,1987.7372473333382,45485.25288087593,1748.2183797221098,10258.527156459693,57491.99841705773,4272.666049382716,0.0,2017.1693232222215,2106.488575074075,3,2,8
rolling_point_step,2025-10-29,74225.30655753908,2380.138081666664,46099.59889634176,1049.748084521726,11891.436643574987,59040.78362443848,3740.4318847324926,0.0,2106.488575074075,1444.7711384444428,3,3,11
rolling_point_step,2025-10-30,70249.41204021398,2468.8162026666632,44090.08611090269,1675.6223674656117,12985.47863643298,58751.18711480128,3527.1950425102755,0.0,1444.7711384444428,1651.5702500370378,3,3,10
rolling_point_step,2025-10-31,32792.59381833827,1416.46766,18083.811987557794,410.83588721596647,5788.377939817834,24283.025814591594,1564.0773110288067,5879.566800000003,1651.5702500370378,1636.9630176666685,3,2,9
rolling_point_step,2025-11-01,33284.33901287243,1215.6512299999981,18379.295285314613,292.0875311265351,4960.1321162656595,23631.514932706807,1630.1751644444466,7082.824433333333,1636.9630176666685,2001.4278822592607,3,2,7
rolling_point_step,2025-11-02,74028.36781146213,2897.2394699999986,46002.052899816554,1978.4151559081097,14885.460309518323,62865.92836524299,4347.191005596709,20.101226666665347,2001.4278822592607,1537.6015753333336,3,2,12
rolling_point_step,2025-11-03,74585.69422303993,3214.876118066666,46131.36663212052,1098.4932701474418,16616.160135769198,63846.02003803715,3788.6876819341696,0.0,1537.6015753333336,1878.508414111109,3,3,13
rolling_point_step,2025-11-04,73466.13387316625,1759.7992057000004,45870.98676650068,1009.6990265847644,8826.227555942169,55706.913349027614,3896.4791905349807,0.0,1878.508414111109,1433.0992449999997,3,3,12
rolling_point_step,2025-11-05,73703.72744273744,3375.051371433331,45494.57103126183,3247.715399426659,17220.23742433495,65962.52385502344,3286.3033214403326,0.0,1433.0992449999997,1288.8822023333335,3,3,16
rolling_point_step,2025-11-06,76516.46179987653,2923.6554376666663,47559.017187638565,1179.447342426624,14086.544870677046,62825.00940074224,3853.6853822222215,0.0,1288.8822023333335,1231.2183870000001,3,3,24
rolling_point_step,2025-11-07,33728.27450460617,1542.6480699999984,18327.273214821515,252.63907698207854,6991.478401309474,25571.39069311307,1538.814331440329,7227.335758641975,1231.2183870000001,1284.1958862962963,3,3,9
rolling_point_step,2025-11-08,33679.044871728394,1032.438924600002,18284.931643329248,86.5462880808306,4336.666530755608,22708.144462165685,1678.39446292181,6103.915066666665,1284.1958862962963,1351.2358047037037,3,2,6
rolling_point_step,2025-11-09,76418.64575700164,2536.1836518666614,47539.262260708216,1115.7199565806159,12829.049273027571,61484.0314903164,3263.125388888885,0.0,1351.2358047037037,1313.267286518519,3,3,15
rolling_point_step,2025-11-10,79495.12828045266,2368.159074299997,49471.2909866363,1343.3369837259972,11867.038612270275,62681.66658263257,3544.8001840740712,0.0,1313.267286518519,1303.8849053333333,3,3,18
rolling_point_step,2025-11-11,76380.9875511074,2844.3084673000003,47355.15494880377,1244.1290014226392,14042.471931395534,62641.755881621946,3453.303797942386,0.0,1303.8849053333333,1204.1837157777777,3,3,20
rolling_point_step,2025-11-12,77644.56202409917,2011.4077253666596,48250.62740921584,2030.2296054494984,10099.212154820221,60380.06916948556,4136.299632304524,0.0,1204.1837157777777,1269.349103148148,3,3,13
rolling_point_step,2025-11-13,77665.5055614465,1479.0193454999958,48544.22750499099,1443.5740598428122,7469.490870716379,57457.292435550175,2197.943413333337,0.0,1269.349103148148,1305.553815,3,3,15
rolling_point_step,2025-11-14,34159.90115396996,1238.787379999993,18673.36140277288,227.61952843902304,5280.012496559145,24180.99342777105,1394.728016625514,3180.6119000000003,1305.553815,1431.330382,3,2,8
rolling_point_step,2025-11-15,34277.108734052264,1510.6097261333318,18648.83756886576,183.5701783405227,6773.149766139074,25605.55751334536,1591.4789336625515,2972.679936625517,1431.330382,1297.536585,3,2,13
rolling_point_step,2025-11-16,80283.8055216963,1876.8438543666643,50596.15486088563,1654.1347677203717,9044.983090230024,61295.27271883603,3314.24639510288,0.0,1297.536585,1200.0,3,3,12
rolling_point_step,2025-11-17,80162.41230316008,1621.8136557666678,50129.88915326948,2609.2959140909443,7879.66764560844,60618.85271296887,4406.5533460493825,0.0,1200.0,1409.7284185555577,3,3,9
rolling_point_step,2025-11-18,78762.57219256913,3077.8264428999996,49061.19571819301,2045.2354155455994,15285.796007996098,66392.22714173471,2557.5318047736628,0.0,1409.7284185555577,1330.2024190000002,3,3,19
rolling_point_step,2025-11-19,82141.1825313395,1372.4019273333329,51708.37392963759,2507.2621052523236,6528.964716728879,60744.6007516188,3743.299015102883,0.0,1330.2024190000002,1200.0,3,3,16
rolling_point_step,2025-11-20,79755.60092959917,2642.7204196320977,49797.731762068826,1328.8435109692998,13177.848792161756,64304.424065199884,3092.5874926748884,0.0,1200.0,1226.1462000000001,3,3,19
rolling_point_step,2025-11-21,35421.39854550822,1193.2680199999995,19501.69776627272,289.2183518737327,5479.954046296664,25270.870164443117,1584.0067716460874,2743.983500205759,1226.1462000000001,1485.5273075925907,3,3,7
rolling_point_step,2025-11-22,35609.15142909466,1101.0101384666586,19287.975695071396,215.10011773233683,5408.331988807969,24911.407801611702,1467.178121975311,1914.7645833333331,1485.5273075925907,1252.465725,3,3,14
rolling_point_step,2025-11-23,81049.7529177683,1892.9393465999965,51142.18185126404,1819.820799086507,9103.407743975984,62065.41039432653,3229.9892207818916,0.0,1252.465725,1246.6257971111108,3,3,11
rolling_point_step,2025-11-24,78678.88675197118,2855.3889066999996,49177.42092795386,1060.1218659126698,14183.911586426262,64421.454380292795,2990.421049995881,0.0,1246.6257971111108,1200.0,3,2,20
rolling_point_step,2025-11-25,82277.48585927488,1789.187134766663,51693.9982274998,1888.972095985223,8464.13584658683,62047.10617007185,3349.0793565432036,0.0,1200.0,1213.2404999999999,3,3,15
rolling_point_step,2025-11-26,82891.88613514403,1857.110853433336,51997.52968909484,1095.7075755001633,8990.843405624446,62084.080670219446,3215.1541784362166,0.0,1213.2404999999999,1342.2927551111125,3,2,11
rolling_point_step,2025-11-27,82309.50952853209,1387.9245477666675,51762.67618594842,1195.606966812346,6746.215263990003,59704.498416750765,3285.2522548559664,0.0,1342.2927551111125,1336.1274689629631,3,3,9
rolling_point_step,2025-11-28,35446.130941591764,1440.9555770333284,19348.58597322002,174.98158949382923,7165.317820158068,26688.885382871915,1351.1493537448555,1225.4578666666644,1336.1274689629631,1431.468115144814,3,3,10
rolling_point_step,2025-11-29,41311.54015436584,98.89247433333604,21937.93222171083,1334.8525254658857,210.8491621616724,23483.63390933839,1934.322747160495,1163.910399999999,1431.468115144814,1200.0,3,2,3
rolling_point_step,2025-11-30,85739.76935914361,2104.3557999333325,54096.15017954338,1422.101374027726,10044.279393468698,65562.5309470398,2894.5480905761315,0.0,1200.0,1200.0,3,2,19
rolling_point_step,2025-12-01,86388.53948131687,6139.511359666666,54971.17343980805,1022.476885142855,29898.502863596084,85892.15318854699,1631.9444009465008,0.0,1200.0,1200.0,3,3,32
rolling_point_step,2025-12-02,89272.9394417288,5546.4540394333335,57073.940386210066,1455.6919806258718,27389.858686992127,85919.49105382807,1563.5844599176912,0.0,1200.0,1208.922,3,3,30
rolling_point_step,2025-12-03,88396.7039417,5107.479125233331,56087.19797741633,3230.4377679234926,24730.381246258887,84048.0169915987,1752.1804228395067,0.0,1208.922,1200.0,3,3,26
rolling_point_step,2025-12-04,86854.27942783333,6230.200239833337,55522.71476596564,2798.8242557312315,30852.289809511374,89173.82883120824,1763.0664382716068,0.0,1200.0,1200.0,3,3,27
rolling_point_step,2025-12-05,42770.01750345185,3688.5982879666644,23192.6438416404,1473.395234233281,17123.525869811434,41789.56494568512,1534.894184444441,0.0,1200.0,1200.0,3,3,26
rolling_point_step,2025-12-06,45622.589479876544,3079.4798879999944,24567.39554123639,1353.0611243505764,15088.918777299377,41009.37544288635,1155.4642626748962,0.0,1200.0,1200.0,3,3,29
rolling_point_step,2025-12-07,88251.7144972,5765.442287399999,56558.85674095621,2190.7020519968264,28192.75326806366,86942.3120610167,1829.3445434156363,0.0,1200.0,1200.0,3,3,29
rolling_point_step,2025-12-08,91750.54976022468,3267.205587533332,58365.19612669651,1558.8086779275056,16067.01215103459,75991.0169556586,2442.6849905761246,0.0,1200.0,1205.4421593333332,3,3,15
rolling_point_step,2025-12-09,89511.74796997613,4234.643586833335,57264.113637937364,1276.235040546731,21315.808740409302,79856.15741889339,1691.5976733744883,0.0,1205.4421593333332,1202.7861,3,3,24
rolling_point_step,2025-12-10,90261.45092006131,4595.52696313333,57354.43338148591,2118.4152810913474,21751.627707104668,81224.47636968193,1790.7257590534919,0.0,1202.7861,1200.0,3,3,30
rolling_point_step,2025-12-11,88036.84098068271,4120.237321566663,55837.20353804078,1214.1834213584643,19800.565337103195,76851.95229650245,1546.020494403291,0.0,1200.0,1226.014071888889,3,3,21
rolling_point_step,2025-12-12,47670.92404407407,1944.6302213666686,25279.51719599214,1783.093165634235,9909.891910619139,36972.50227224552,1867.569293827159,0.0,1226.014071888889,1236.8639041481479,3,2,21
rolling_point_step,2025-12-13,47658.0675709465,2078.9707556666667,25512.008616637693,1593.008198617692,11072.282975251685,38177.299790507066,1996.491290658438,0.0,1236.8639041481479,1200.0,3,2,22
rolling_point_step,2025-12-14,90791.43415496666,4772.360270433332,57885.91316110162,2301.1525770184803,23035.26023743334,83222.32597555344,2148.419440288068,0.0,1200.0,1200.0,3,3,28
rolling_point_step,2025-12-15,92489.5748583502,3621.1292912666636,58907.13239821608,2567.0065708609554,17645.05579614322,79119.19476522025,1941.8114554529282,0.0,1200.0,1205.909007,3,3,16
rolling_point_step,2025-12-16,92231.4259654646,3569.3838569666605,59144.686498407755,864.565502404024,17122.084878860198,77131.33687967197,1800.511581234568,0.0,1205.909007,1200.0,3,3,23
rolling_point_step,2025-12-17,90564.75814379999,3704.1407240999997,57517.73733895087,1253.5200518995252,17760.998729359097,76532.2561202095,1395.0954071604908,0.0,1200.0,1228.2897,3,3,23
rolling_point_step,2025-12-18,90484.0562628395,3663.383215612346,58044.17270072281,1727.517733310888,17660.935146593314,77432.625580627,2173.077583868321,0.0,1228.2897,1207.1124797777777,3,2,21
rolling_point_step,2025-12-19,45065.311488849795,2851.028833699997,24215.613005001418,1310.1627302263876,14384.071471277945,39909.84720650575,1373.8288355144086,0.0,1207.1124797777777,1200.0,3,3,25
rolling_point_step,2025-12-20,46659.281451646086,2059.9056110000024,25015.473646578695,930.7781402866704,10261.809463878182,36208.06125074355,1827.3180265843566,0.0,1200.0,1226.9074319999995,3,3,24
rolling_point_step,2025-12-21,92497.01428716666,4093.261711100002,59372.35031291715,1521.6088466199133,20188.651183652524,81082.61034318959,3019.7430044032903,0.0,1226.9074319999995,1221.0530347037034,3,2,14
rolling_point_step,2025-12-22,92551.12332918477,3170.028061400003,59146.535840377685,1338.4017565492147,15809.829084875335,76294.76668180224,2165.0544470781892,0.0,1221.0530347037034,1219.3096423333334,3,3,19
rolling_point_step,2025-12-23,91351.87256076666,2528.958465066664,58384.40854181951,1122.9884959137444,12211.144082073188,71718.54111980644,1966.171208148147,0.0,1219.3096423333334,1200.0,3,3,13
rolling_point_step,2025-12-24,91746.72698343333,2865.293985033337,58548.61141776179,636.0595908247788,14292.909130958795,73477.58013954536,1981.189037242804,0.0,1200.0,1223.2100233703702,3,3,12
rolling_point_step,2025-12-25,91322.87552287735,3663.1577133666656,58087.68729708799,1587.602319947185,17964.943562296696,77640.23317933187,2535.6262756518468,0.0,1223.2100233703702,1232.0480933333329,3,3,17
rolling_point_step,2025-12-26,46869.29440979424,1779.5209050666667,25182.16510983168,1291.3230517469024,9567.077379696399,36040.56554127498,1593.4008667078112,0.0,1232.0480933333329,1350.846633962966,3,2,10
rolling_point_step,2025-12-27,48937.9220020576,872.5335446000054,26551.581898411714,1720.835514625854,4434.543384906362,32706.96079794393,2428.1832455555564,0.0,1350.846633962966,1334.633518333333,3,3,9
rolling_point_step,2025-12-28,90939.8266035646,3110.6156225666637,57991.71391610105,732.1711384563599,15199.247935223319,73923.13298978073,2564.041312181067,0.0,1334.633518333333,1442.4832112222205,3,3,13
rolling_point_step,2025-12-29,93506.77947415308,2408.1410617666643,59190.75953329562,1390.3211570291057,11484.435130695485,72065.5158210202,3894.5680211111094,0.0,1442.4832112222205,1243.8986493703703,3,3,19
rolling_point_step,2025-12-30,91288.37681101481,2756.5071490666674,58155.77211833542,1129.0413736667256,13337.224737943121,72622.03822994526,3153.6786975308582,0.0,1243.8986493703703,1286.9884980000002,3,2,12
rolling_point_step,2025-12-31,93575.20579986666,2671.2721873333307,59684.0831162274,691.0863586096442,13283.969862404992,73659.13933724203,3001.296914897121,0.0,1286.9884980000002,1200.0,3,3,18
