strategy,period,date,issue_hour,plan_version,chosen_source,candidate_count,chosen_score,increase_kwh,decrease_kwh,adjustment_cost,decision_adjustment_cost,changed,solver
rolling_margin_mean14,development,2025-02-01,0,0,margin,1,32829.48219182109,0.0,0.0,0.0,0.0,0,LP
rolling_margin_mean14,development,2025-02-01,6,1,margin,2,25756.12019505628,0.0,3895.522517577899,917.0854801980793,1378.9125468151497,1,LP
rolling_margin_mean14,development,2025-02-01,12,2,margin,2,22145.027679564,376.06877751518834,1636.7980569047597,425.9291649491639,631.8888896338574,1,MILP
rolling_margin_mean14,development,2025-02-01,18,3,keep_previous,2,14481.258562013285,0.0,0.0,0.0,0.0,0,LP
rolling_margin_mean14,development,2025-02-02,0,0,margin,1,72193.84638159594,0.0,0.0,0.0,0.0,0,LP
rolling_margin_mean14,development,2025-02-02,6,1,margin,2,62336.332485201856,217.60167629444402,2512.246819243591,1169.9838738735652,1125.3131720725291,1,LP
rolling_margin_mean14,development,2025-02-02,12,2,margin,2,43477.768412033955,112.61505822936567,3023.358134432287,1095.1104158820726,1061.0590373470686,1,LP
rolling_margin_mean14,development,2025-02-02,18,3,margin,1,21988.43787801224,0.0,0.0,0.0,0.0,0,LP
rolling_margin_mean14,development,2025-02-03,0,0,margin,1,72368.7250562669,0.0,0.0,0.0,0.0,0,LP
rolling_margin_mean14,development,2025-02-03,6,1,margin,2,61586.339270753975,6.761990476190249,4360.883629160299,1934.153032404494,1861.3089100507332,1,LP
rolling_margin_mean14,development,2025-02-03,12,2,margin,2,42382.0713123858,73.28510961587074,2828.5249128653686,1132.9349475146544,1062.2028706423098,1,LP
rolling_margin_mean14,development,2025-02-03,18,3,margin,1,21635.90299459143,0.0,0.0,0.0,0.0,0,LP
rolling_margin_mean14,development,2025-02-04,0,0,margin,1,72546.04110509713,0.0,0.0,0.0,0.0,0,LP
rolling_margin_mean14,development,2025-02-04,6,1,margin,2,62215.46433287347,45.423837698412626,3994.9575780011896,1769.4763221318835,1686.289824989252,1,LP
rolling_margin_mean14,development,2025-02-04,12,2,margin,2,41912.73402038155,105.53487785714162,3562.618711879775,1346.5957079190275,1285.525911219304,1,LP
rolling_margin_mean14,development,2025-02-04,18,3,margin,1,21087.26286840109,0.0,0.0,0.0,0.0,0,LP
rolling_margin_mean14,development,2025-02-05,0,0,margin,1,66815.89375637387,0.0,0.0,0.0,0.0,0,LP
rolling_margin_mean14,development,2025-02-05,6,1,margin,2,58193.78888990219,23.802860555555753,274.4800970546697,135.09174899388324,127.80550000539913,1,LP
rolling_margin_mean14,development,2025-02-05,12,2,margin,2,39717.846808675575,3.152491666666606,3111.5419867817964,1314.0695820369067,1235.9063931288138,1,LP
rolling_margin_mean14,development,2025-02-05,18,3,margin,1,20775.654120009454,0.0,0.0,0.0,0.0,0,LP
rolling_margin_mean14,development,2025-02-06,0,0,margin,1,70643.36925325888,0.0,0.0,0.0,0.0,0,LP
rolling_margin_mean14,development,2025-02-06,6,1,margin,2,59564.57337863989,0.0,6077.895199050067,2826.182822987887,2604.6629238433106,1,LP
rolling_margin_mean14,development,2025-02-06,12,2,margin,2,39037.87972674253,0.28564555555556126,3645.440833087403,1532.2639186963136,1445.2305578153234,1,LP
rolling_margin_mean14,development,2025-02-06,18,3,margin,1,20454.32868642566,0.0,0.0,0.0,0.0,0,LP
rolling_margin_mean14,development,2025-02-07,0,0,margin,1,27754.263020082013,0.0,0.0,0.0,0.0,0,LP
rolling_margin_mean14,development,2025-02-07,6,1,margin,2,21386.773019763725,0.0,2805.072194175007,629.7834867902939,953.4966105642511,1,LP
rolling_margin_mean14,development,2025-02-07,12,2,margin,2,17075.369323384482,1.532622777777874,2674.675593744852,528.4013095082063,866.2796291999822,1,MILP
rolling_margin_mean14,development,2025-02-07,18,3,keep_previous,2,12386.780755372292,0.0,0.0,0.0,0.0,0,LP
rolling_margin_mean14,development,2025-02-08,0,0,margin,1,22187.545984797882,0.0,0.0,0.0,0.0,0,LP
rolling_margin_mean14,development,2025-02-08,6,1,margin,2,18010.120640910754,711.2634690612794,0.0,206.58445475211545,275.7781865633839,1,LP
rolling_margin_mean14,development,2025-02-08,12,2,margin,2,16713.98592981266,1.0415788888897168,414.99649350572406,107.85895975856036,148.3007063494381,1,MILP
rolling_margin_mean14,development,2025-02-08,18,3,keep_previous,2,12571.539240176462,0.0,0.0,0.0,0.0,0,LP
rolling_margin_mean14,development,2025-02-09,0,0,margin,1,64996.17727946379,0.0,0.0,0.0,0.0,0,LP
rolling_margin_mean14,development,2025-02-09,6,1,margin,2,56496.261332961716,350.99487079444293,1753.958742933332,1032.264886968914,985.2539462627258,1,LP
rolling_margin_mean14,development,2025-02-09,12,2,margin,2,38306.26856514225,1.7995383333329755,2965.5806960249374,1142.806228303105,1034.3273041722507,1,LP
rolling_margin_mean14,development,2025-02-09,18,3,margin,1,19871.197175342888,0.0,0.0,0.0,0.0,0,LP
rolling_margin_mean14,development,2025-02-10,0,0,margin,1,60434.26375854116,0.0,0.0,0.0,0.0,0,LP
rolling_margin_mean14,development,2025-02-10,6,1,margin,2,49125.29811663937,0.0,8320.396608664289,3330.310487872248,3255.3798031064707,1,LP
rolling_margin_mean14,development,2025-02-10,12,2,margin,2,35816.225675978305,1718.38955780598,596.4066320644664,959.7595758977147,912.5311051237874,1,LP
rolling_margin_mean14,development,2025-02-10,18,3,margin,1,19636.64341746203,0.0,0.0,0.0,0.0,0,LP
rolling_margin_mean14,development,2025-02-11,0,0,margin,1,60411.023314995786,0.0,0.0,0.0,0.0,0,LP
rolling_margin_mean14,development,2025-02-11,6,1,margin,2,50317.35733843455,12.913706000000161,5184.5221252071315,2273.316026283649,2202.93469390886,1,LP
rolling_margin_mean14,development,2025-02-11,12,2,margin,2,34215.84128773188,0.20436700000016117,1867.9992491892997,764.3884161501089,758.9429357481886,1,LP
rolling_margin_mean14,development,2025-02-11,18,3,margin,1,19278.99914270399,0.0,0.0,0.0,0.0,0,LP
rolling_margin_mean14,development,2025-02-12,0,0,margin,1,59483.92157020874,0.0,0.0,0.0,0.0,0,LP
rolling_margin_mean14,development,2025-02-12,6,1,margin,2,49222.197836817104,1.6425513888890464,6174.701544266118,2524.3470321690625,2439.625241697957,1,LP
rolling_margin_mean14,development,2025-02-12,12,2,margin,2,34003.46147509835,38.766739666666695,929.7866220747569,416.32210034054333,405.0136508508278,1,LP
rolling_margin_mean14,development,2025-02-12,18,3,margin,1,19209.237876450192,0.0,0.0,0.0,0.0,0,LP
rolling_margin_mean14,development,2025-02-13,0,0,margin,1,54755.05633156556,0.0,0.0,0.0,0.0,0,LP
rolling_margin_mean14,development,2025-02-13,6,1,margin,2,45128.70864654582,7.14428166666778,4836.175900162553,1904.7878209459027,1869.9167154886236,1,LP
rolling_margin_mean14,development,2025-02-13,12,2,margin,2,33062.84363868088,488.49340781550694,213.90775677640454,299.56361615508325,288.04792791170513,1,LP
rolling_margin_mean14,development,2025-02-13,18,3,margin,1,19085.691415243913,0.0,0.0,0.0,0.0,0,LP
rolling_margin_mean14,development,2025-02-14,0,0,margin,1,20583.81936448626,0.0,0.0,0.0,0.0,0,LP
rolling_margin_mean14,development,2025-02-14,6,1,margin,2,16222.588109092847,604.9694209999997,205.70239403703636,227.6793875408017,313.8667634608172,1,MILP
rolling_margin_mean14,development,2025-02-14,12,2,margin,2,14822.349593461062,39.30352866666817,52.820057777774934,30.252444731794036,41.210347224330086,1,MILP
rolling_margin_mean14,development,2025-02-14,18,3,margin,2,11614.116714517277,46.03625999999866,3.979039320256561e-13,23.114806145999548,26.079376874785204,1,LP
rolling_margin_mean14,development,2025-02-15,0,0,margin,1,21072.042774683956,0.0,0.0,0.0,0.0,0,LP
rolling_margin_mean14,development,2025-02-15,6,1,margin,2,15907.861039325078,1.867982777780071,807.4049555555554,265.7286589357787,343.41827858034634,1,MILP
rolling_margin_mean14,development,2025-02-15,12,2,margin,2,15543.92339519733,229.4094453333314,0.0,78.55071169357977,100.66943148467575,1,MILP
rolling_margin_mean14,development,2025-02-15,18,3,keep_previous,2,11600.052199439542,0.0,0.0,0.0,0.0,0,LP
rolling_margin_mean14,development,2025-02-16,0,0,margin,1,58076.833426693265,0.0,0.0,0.0,0.0,0,LP
rolling_margin_mean14,development,2025-02-16,6,1,margin,2,47613.67031698322,1.6183428888889466,7586.212250547325,3179.5596456383682,2930.7752267874184,1,LP
rolling_margin_mean14,development,2025-02-16,12,2,margin,2,31485.58343096714,10.172493555557253,487.8388562166655,224.11139250094075,208.64885197274376,1,LP
rolling_margin_mean14,development,2025-02-16,18,3,margin,2,19068.486100828977,42.3455589544418,0.0,26.42151150962396,25.84334339575671,1,LP
rolling_margin_mean14,development,2025-02-17,0,0,margin,1,57405.08751456426,0.0,0.0,0.0,0.0,0,LP
rolling_margin_mean14,development,2025-02-17,6,1,margin,2,46889.72465980478,110.13458910888698,8230.812049838134,3251.497028536927,3108.4014818770597,1,LP
rolling_margin_mean14,development,2025-02-17,12,2,margin,2,32101.120400731314,0.26715333333334,3560.957882320138,1279.811139390475,1198.003611167555,1,LP
rolling_margin_mean14,development,2025-02-17,18,3,keep_previous,2,19001.254347598748,0.0,0.0,0.0,0.0,0,LP
rolling_margin_mean14,development,2025-02-18,0,0,margin,1,50559.851214717666,0.0,0.0,0.0,0.0,0,LP
rolling_margin_mean14,development,2025-02-18,6,1,margin,2,43491.762751134855,565.6228891124815,20.466621333333478,172.9420810252557,162.55986379385905,1,LP
rolling_margin_mean14,development,2025-02-18,12,2,margin,2,31971.089784345142,0.0,2110.637281138548,748.3588796251215,681.3306490256048,1,LP
rolling_margin_mean14,development,2025-02-18,18,3,margin,2,18833.600037153177,112.51893995555724,0.0,72.91789903819887,68.6879906025839,1,LP
rolling_margin_mean14,development,2025-02-19,0,0,margin,1,50829.96625992402,0.0,0.0,0.0,0.0,0,LP
rolling_margin_mean14,development,2025-02-19,6,1,margin,2,42839.91537788673,19.26392202222246,1307.6610802290936,567.2632244974044,520.8883762595361,1,LP
rolling_margin_mean14,development,2025-02-19,12,2,margin,2,32035.67024149901,764.6972856243665,0.0,281.80304377470287,268.48716002978256,1,LP
rolling_margin_mean14,development,2025-02-19,18,3,margin,1,18764.51085063995,0.0,0.0,0.0,0.0,0,LP
rolling_margin_mean14,development,2025-02-20,0,0,margin,1,52353.482497580495,0.0,0.0,0.0,0.0,0,LP
rolling_margin_mean14,development,2025-02-20,6,1,margin,2,44823.57383766808,722.8774259999959,3210.054747597775,1548.86831827566,1429.8414565624137,1,LP
rolling_margin_mean14,development,2025-02-20,12,2,margin,2,31225.017144172503,0.40774166666653855,2334.480907772286,905.961273354992,872.8451654550196,1,LP
rolling_margin_mean14,development,2025-02-20,18,3,margin,1,18740.253553997365,0.0,0.0,0.0,0.0,0,LP
rolling_margin_mean14,development,2025-02-21,0,0,margin,1,18272.342786176836,0.0,0.0,0.0,0.0,0,MILP
rolling_margin_mean14,development,2025-02-21,6,1,margin,2,13095.948592255978,25.763265333333493,54.156210348425105,27.937700774832336,37.30667216295316,1,MILP
rolling_margin_mean14,development,2025-02-21,12,2,margin,2,14007.96922191733,124.05656723731042,1.1368683772161603e-13,42.54737672612532,57.23666761875293,1,MILP
rolling_margin_mean14,development,2025-02-21,18,3,margin,2,11464.237971318875,73.13980215666749,2.8421709430404007e-13,37.14770551537156,41.08889599729943,1,LP
rolling_margin_mean14,development,2025-02-22,0,0,margin,1,18575.591632395637,0.0,0.0,0.0,0.0,0,MILP
rolling_margin_mean14,development,2025-02-22,6,1,margin,2,13268.578097796813,252.55955229778098,208.58814822222251,139.8202466569705,184.64327143131493,1,MILP
rolling_margin_mean14,development,2025-02-22,12,2,margin,2,13433.260933550933,3.9882404583558225e-13,409.37879551999833,131.9618711966907,173.7888039361482,1,MILP
rolling_margin_mean14,development,2025-02-22,18,3,margin,2,11623.971884281451,180.36350099999544,2.8421709430404007e-13,92.09360361059785,101.35591354230831,1,LP
rolling_margin_mean14,development,2025-02-23,0,0,margin,1,50828.92447324136,0.0,0.0,0.0,0.0,0,LP
rolling_margin_mean14,development,2025-02-23,6,1,margin,2,43761.76787056896,562.0394425555587,1248.9918387233297,781.3171446738259,720.3958170811818,1,LP
rolling_margin_mean14,development,2025-02-23,12,2,margin,2,30956.594391952825,0.7813895555556201,3383.077678161167,1381.5141417060113,1259.4680859639248,1,LP
rolling_margin_mean14,development,2025-02-23,18,3,margin,1,18641.5142732096,0.0,0.0,0.0,0.0,0,LP
rolling_margin_mean14,development,2025-02-24,0,0,margin,1,48881.317531923814,0.0,0.0,0.0,0.0,0,LP
rolling_margin_mean14,development,2025-02-24,6,1,margin,2,41734.996154194945,383.5189247167324,128.87816055555572,140.37882712617107,134.43587998360866,1,LP
rolling_margin_mean14,development,2025-02-24,12,2,margin,2,31321.63864177074,2.425294444442784,3853.2840874197573,1362.678099191015,1259.3865294944687,1,LP
rolling_margin_mean14,development,2025-02-24,18,3,margin,2,18784.76019588546,79.4449236733335,0.0,51.202253307463444,48.45544507145793,1,LP
rolling_margin_mean14,development,2025-02-25,0,0,margin,1,50042.64036553276,0.0,0.0,0.0,0.0,0,LP
rolling_margin_mean14,development,2025-02-25,6,1,margin,2,41417.210360474,112.61252788888885,3392.316884652777,1436.722357613276,1402.0728739315314,1,LP
rolling_margin_mean14,development,2025-02-25,12,2,margin,2,30237.21849206733,1.839791666666656,4719.043365698219,1587.2844528750002,1508.942274314423,1,LP
rolling_margin_mean14,development,2025-02-25,18,3,margin,1,18610.9114448333,0.0,0.0,0.0,0.0,0,LP
rolling_margin_mean14,development,2025-02-26,0,0,margin,1,44800.07869741383,0.0,0.0,0.0,0.0,0,LP
rolling_margin_mean14,development,2025-02-26,6,1,margin,2,38400.16381249488,1080.1781735404643,21.069296888889312,374.6774008802577,329.93888903595325,1,LP
rolling_margin_mean14,development,2025-02-26,12,2,margin,2,30673.881504349352,934.9526764176996,0.0,370.5545411726713,328.474497508831,1,LP
rolling_margin_mean14,development,2025-02-26,18,3,margin,1,18772.300718190807,0.0,0.0,0.0,0.0,0,LP
rolling_margin_mean14,development,2025-02-27,0,0,margin,1,46098.813083691544,0.0,0.0,0.0,0.0,0,LP
rolling_margin_mean14,development,2025-02-27,6,1,margin,2,38884.839024961795,573.9097183765034,1309.6891943333299,586.6000648785806,575.2251507176684,1,LP
rolling_margin_mean14,development,2025-02-27,12,2,margin,2,29131.48121591621,79.23277845889118,134.51023726817533,81.22084553792948,77.4505284836862,1,LP
rolling_margin_mean14,development,2025-02-27,18,3,margin,1,18671.534588661656,0.0,0.0,0.0,0.0,0,LP
rolling_margin_mean14,development,2025-02-28,0,0,margin,1,17538.839549481014,0.0,0.0,0.0,0.0,0,MILP
rolling_margin_mean14,development,2025-02-28,6,1,margin,2,11731.308337273342,5.115907697472721e-13,447.74217799999917,151.59810335860533,206.11828158649496,1,MILP
rolling_margin_mean14,development,2025-02-28,12,2,margin,2,14122.091580320477,287.3519223333334,0.0,91.12521696701079,126.52072587472428,1,MILP
rolling_margin_mean14,development,2025-02-28,18,3,keep_previous,2,11278.160782348983,0.0,0.0,0.0,0.0,0,LP
rolling_margin_mean14,development,2025-03-01,0,0,margin,1,19253.169229431714,0.0,0.0,0.0,0.0,0,LP
rolling_margin_mean14,development,2025-03-01,6,1,margin,2,14684.243306609796,1.0231815394945443e-12,497.79242255555624,154.80313634248412,207.77148172348586,1,MILP
rolling_margin_mean14,development,2025-03-01,12,2,margin,2,15180.47733867172,7.071048666668446,11.842721024691514,7.237571741020567,9.48419608212862,1,LP
rolling_margin_mean14,development,2025-03-01,18,3,keep_previous,2,11382.800330348904,0.0,0.0,0.0,0.0,0,LP
rolling_margin_mean14,development,2025-03-02,0,0,margin,1,51166.65834169507,0.0,0.0,0.0,0.0,0,LP
rolling_margin_mean14,development,2025-03-02,6,1,margin,2,45556.10789882074,1469.6155829945137,959.1996579410215,1111.8808409981946,1045.5583578900614,1,LP
rolling_margin_mean14,development,2025-03-02,12,2,margin,2,34148.63180707401,88.57016299999952,3626.441725583756,1454.1342440055148,1197.052389352064,1,LP
rolling_margin_mean14,development,2025-03-02,18,3,margin,2,18635.635655309383,41.292263621112056,0.0,27.05882035091473,25.259067546514547,1,LP
rolling_margin_mean14,development,2025-03-03,0,0,margin,1,52758.87947501243,0.0,0.0,0.0,0.0,0,LP
rolling_margin_mean14,development,2025-03-03,6,1,margin,2,44722.32463469266,997.5021040644446,6433.739000237318,3020.19379425539,2648.998270645181,1,LP
rolling_margin_mean14,development,2025-03-03,12,2,margin,2,31420.556351857223,0.9137273333332132,763.0319787077813,301.0445879591704,261.4871509572573,1,LP
rolling_margin_mean14,development,2025-03-03,18,3,margin,1,18656.80447991682,0.0,0.0,0.0,0.0,0,LP
rolling_margin_mean14,development,2025-03-04,0,0,margin,1,46521.21430255671,0.0,0.0,0.0,0.0,0,LP
rolling_margin_mean14,development,2025-03-04,6,1,margin,2,40969.87013665104,1479.5335779283364,11.16840000000002,556.3560367751288,504.05378342486165,1,LP
rolling_margin_mean14,development,2025-03-04,12,2,margin,2,30392.836432885742,0.0,2337.7476098693433,764.435215515709,648.0009474586831,1,LP
rolling_margin_mean14,development,2025-03-04,18,3,margin,2,18625.42388395834,19.99575944778053,0.0,12.73529919229142,12.209410718814791,1,LP
rolling_margin_mean14,development,2025-03-05,0,0,margin,1,48973.14127645197,0.0,0.0,0.0,0.0,0,LP
rolling_margin_mean14,development,2025-03-05,6,1,margin,2,40866.93607648173,220.69481111111418,3628.262995080452,1476.6755071556734,1371.1225888484594,1,LP
rolling_margin_mean14,development,2025-03-05,12,2,margin,2,30491.467635546753,0.832826888888917,4559.338066794246,1571.001228167298,1421.9789855073486,1,LP
rolling_margin_mean14,development,2025-03-05,18,3,margin,2,19107.01541076713,225.35814544334085,0.0,141.7840772056779,137.58034294264016,1,LP
rolling_margin_mean14,development,2025-03-06,0,0,margin,1,45558.35292327315,0.0,0.0,0.0,0.0,0,LP
rolling_margin_mean14,development,2025-03-06,6,1,margin,2,38650.85773714095,433.5849945077792,1324.4603746735227,702.9571570382413,635.5217777967889,1,LP
rolling_margin_mean14,development,2025-03-06,12,2,margin,2,30772.389079993038,145.6076797500026,1953.7310054638854,610.8560341521475,570.6012944877764,1,LP
rolling_margin_mean14,development,2025-03-06,18,3,margin,2,18987.663840370486,54.60031222222392,0.0,32.896688113889915,33.345970683032775,1,LP
rolling_margin_mean14,development,2025-03-07,0,0,margin,1,17928.201274680832,0.0,0.0,0.0,0.0,0,MILP
rolling_margin_mean14,development,2025-03-07,6,1,margin,2,12668.816173510695,1.3073986337985843e-12,1114.765144264748,337.88794186919483,449.6079934879043,1,MILP
rolling_margin_mean14,development,2025-03-07,12,2,margin,2,14945.173046360665,5.045936666666876,58.83544488888788,21.744240808572172,28.563392080078003,1,LP
rolling_margin_mean14,development,2025-03-07,18,3,keep_previous,2,11341.74374460951,0.0,0.0,0.0,0.0,0,LP
rolling_margin_mean14,development,2025-03-08,0,0,margin,1,16455.68135757821,0.0,0.0,0.0,0.0,0,MILP
rolling_margin_mean14,development,2025-03-08,6,1,margin,2,11202.46609534735,5.684341886080802e-14,99.93193277778141,34.14361170981788,45.60589696978136,1,MILP
rolling_margin_mean14,development,2025-03-08,12,2,margin,2,14921.157889084307,131.82214944444644,3.410605131648481e-13,44.18076531180079,58.12881080459743,1,LP
rolling_margin_mean14,development,2025-03-08,18,3,keep_previous,2,11406.260106090967,0.0,0.0,0.0,0.0,0,LP
rolling_margin_mean14,development,2025-03-09,0,0,margin,1,46724.89204244215,0.0,0.0,0.0,0.0,0,LP
rolling_margin_mean14,development,2025-03-09,6,1,margin,2,37221.37837922659,3.0496901111113175,8392.413837732964,2834.245130181499,2697.3686506449794,1,LP
rolling_margin_mean14,development,2025-03-09,12,2,margin,2,29039.19452461048,1629.2059412949259,1420.8271402194782,951.2407987859492,932.333678607394,1,LP
rolling_margin_mean14,development,2025-03-09,18,3,margin,1,18632.70728246726,0.0,0.0,0.0,0.0,0,LP
rolling_margin_mean14,development,2025-03-10,0,0,margin,1,44266.69783979874,0.0,0.0,0.0,0.0,0,LP
rolling_margin_mean14,development,2025-03-10,6,1,margin,2,38541.02183206879,966.3726914618824,467.98966378189357,629.5090352112314,600.8168410544192,1,LP
rolling_margin_mean14,development,2025-03-10,12,2,margin,2,29736.216806707846,272.6396974466675,1337.153316481476,626.9028341043015,527.7846146514036,1,LP
rolling_margin_mean14,development,2025-03-10,18,3,margin,1,18710.143539965953,0.0,0.0,0.0,0.0,0,LP
rolling_margin_mean14,development,2025-03-11,0,0,margin,1,39268.7553218335,0.0,0.0,0.0,0.0,0,LP
rolling_margin_mean14,development,2025-03-11,6,1,margin,2,40354.40404131441,8659.705221167093,0.0,2875.471834339296,2600.012609087124,1,LP
rolling_margin_mean14,development,2025-03-11,12,2,margin,2,30306.83606380036,4.547473508864641e-13,3980.010579032919,1393.339226358486,1281.223969726951,1,LP
rolling_margin_mean14,development,2025-03-11,18,3,margin,2,18690.673141451174,50.203028315555684,4.547473508864641e-13,31.80612858932051,30.773021985198255,1,LP
rolling_margin_mean14,development,2025-03-12,0,0,margin,1,45627.955987577116,0.0,0.0,0.0,0.0,0,LP
rolling_margin_mean14,development,2025-03-12,6,1,margin,2,36117.21241049593,3.3122900000000755,8083.980444755436,2845.077303583199,2685.7869449675923,1,LP
rolling_margin_mean14,development,2025-03-12,12,2,margin,2,29247.158331065446,1357.2486662793785,1090.1801597201566,846.0805842273791,775.0926117225947,1,LP
rolling_margin_mean14,development,2025-03-12,18,3,margin,1,18742.74825849884,0.0,0.0,0.0,0.0,0,LP
rolling_margin_mean14,development,2025-03-13,0,0,margin,1,45217.94732819514,0.0,0.0,0.0,0.0,0,LP
rolling_margin_mean14,development,2025-03-13,6,1,margin,2,39739.026917204,1460.6851174334638,943.803001246665,984.1301455649393,906.0825842319903,1,LP
rolling_margin_mean14,development,2025-03-13,12,2,margin,2,30181.343802255273,0.0,2085.3097872578815,722.1733528695489,610.995024005259,1,LP
rolling_margin_mean14,development,2025-03-13,18,3,margin,1,18627.82547784527,0.0,0.0,0.0,0.0,0,LP
rolling_margin_mean14,development,2025-03-14,0,0,margin,1,15781.490378209248,0.0,0.0,0.0,0.0,0,MILP
rolling_margin_mean14,development,2025-03-14,6,1,margin,2,11529.854781468744,642.9182105555572,1.7053025658242404e-13,210.74565248077292,272.50779662225636,1,MILP
rolling_margin_mean14,development,2025-03-14,12,2,margin,2,14831.849232425164,0.4406320511120043,280.3102610000018,87.61579928042642,111.7624794751342,1,LP
rolling_margin_mean14,development,2025-03-14,18,3,keep_previous,2,11392.95201026941,0.0,0.0,0.0,0.0,0,LP
rolling_margin_mean14,development,2025-03-15,0,0,margin,1,15553.9252748235,0.0,0.0,0.0,0.0,0,MILP
rolling_margin_mean14,development,2025-03-15,6,1,margin,2,11193.73961409918,752.5009096666683,2.8421709430404007e-13,235.10598793822285,322.97682292341824,1,MILP
rolling_margin_mean14,development,2025-03-15,12,2,margin,2,13559.623707408013,5.684341886080802e-14,300.2074283333307,86.46055948350973,121.95965873806514,1,MILP
rolling_margin_mean14,development,2025-03-15,18,3,keep_previous,2,11479.545229549069,0.0,0.0,0.0,0.0,0,LP
rolling_margin_mean14,development,2025-03-16,0,0,margin,1,43372.24279825632,0.0,0.0,0.0,0.0,0,LP
rolling_margin_mean14,development,2025-03-16,6,1,margin,2,38387.89847268443,2010.7992832655375,100.91749622222233,628.2786809821508,592.5399651876728,1,LP
rolling_margin_mean14,development,2025-03-16,12,2,margin,2,30484.273123042673,0.0,4000.341522981587,1421.0770445820128,1279.3111728519252,1,LP
rolling_margin_mean14,development,2025-03-16,18,3,margin,1,18782.95938001896,0.0,0.0,0.0,0.0,0,LP
rolling_margin_mean14,development,2025-03-17,0,0,margin,1,39652.73811326991,0.0,0.0,0.0,0.0,0,LP
rolling_margin_mean14,development,2025-03-17,6,1,margin,2,31288.93600172663,4.564536333333194,6343.061757042432,1676.7102749008727,1695.476151023997,1,LP
rolling_margin_mean14,development,2025-03-17,12,2,margin,2,27451.466923404434,1874.534240740784,0.0,670.5176660403351,639.0569173086487,1,LP
rolling_margin_mean14,development,2025-03-17,18,3,margin,1,18844.51544837138,0.0,0.0,0.0,0.0,0,LP
rolling_margin_mean14,development,2025-03-18,0,0,margin,1,46094.93086950354,0.0,0.0,0.0,0.0,0,LP
rolling_margin_mean14,development,2025-03-18,6,1,margin,2,38025.42565938405,318.30587394666077,4903.563922433822,1954.1743842990313,1817.3916718726723,1,LP
rolling_margin_mean14,development,2025-03-18,12,2,margin,2,28724.026726052736,0.0,4596.54737904407,1433.1941801257435,1334.3958756398238,1,LP
rolling_margin_mean14,development,2025-03-18,18,3,keep_previous,2,19013.152311029247,0.0,0.0,0.0,0.0,0,LP
rolling_margin_mean14,development,2025-03-19,0,0,margin,1,37572.45330540511,0.0,0.0,0.0,0.0,0,LP
rolling_margin_mean14,development,2025-03-19,6,1,margin,2,35932.857810989895,5665.6638042674895,0.0,1820.614785794115,1707.3257128988948,1,LP
rolling_margin_mean14,development,2025-03-19,12,2,margin,2,28094.19247222005,0.0,2275.4317527736625,795.7665958346427,750.9579667725451,1,LP
rolling_margin_mean14,development,2025-03-19,18,3,keep_previous,2,19173.625990231063,0.0,0.0,0.0,0.0,0,LP
rolling_margin_mean14,development,2025-03-20,0,0,margin,1,42567.05403343096,0.0,0.0,0.0,0.0,0,LP
rolling_margin_mean14,development,2025-03-20,6,1,margin,2,33993.030960529926,481.6538380000006,7397.976585285329,2732.3234124451837,2513.026705480848,1,LP
rolling_margin_mean14,development,2025-03-20,12,2,margin,2,27775.431668187826,2209.4296252218955,0.0,727.3943955778793,668.6288612024243,1,LP
rolling_margin_mean14,development,2025-03-20,18,3,margin,2,19144.503822415198,94.50619929915689,0.0,57.80471680132931,57.7274242311882,1,LP
rolling_margin_mean14,development,2025-03-21,0,0,margin,1,15094.94467749177,0.0,0.0,0.0,0.0,0,MILP
rolling_margin_mean14,development,2025-03-21,6,1,margin,2,9239.588672160047,4.141421444445541,553.5454740000024,176.7359653440901,240.89654360578615,1,MILP
rolling_margin_mean14,development,2025-03-21,12,2,margin,2,14140.761851871983,356.0159530000011,7.958078640513122e-13,118.55931576010087,160.18195416813757,1,LP
rolling_margin_mean14,development,2025-03-21,18,3,keep_previous,2,11386.094899317039,0.0,0.0,0.0,0.0,0,LP
rolling_margin_mean14,development,2025-03-22,0,0,margin,1,15691.056780239891,0.0,0.0,0.0,0.0,0,MILP
rolling_margin_mean14,development,2025-03-22,6,1,margin,2,10198.381368387381,7.06794066666771,212.32197833333785,70.80121805533523,92.68782619297744,1,MILP
rolling_margin_mean14,development,2025-03-22,12,2,margin,2,14472.269986095942,0.0,116.3809543333332,38.56534515830571,51.36676001956923,1,LP
rolling_margin_mean14,development,2025-03-22,18,3,keep_previous,2,11586.515522667267,0.0,0.0,0.0,0.0,0,LP
rolling_margin_mean14,development,2025-03-23,0,0,margin,1,42962.80362106516,0.0,0.0,0.0,0.0,0,LP
rolling_margin_mean14,development,2025-03-23,6,1,margin,2,34929.95490256517,11.740177310001627,3752.1318215596775,1370.2776716934727,1322.6536799360401,1,LP
rolling_margin_mean14,development,2025-03-23,12,2,margin,2,27162.091359259444,0.0,3830.504938017813,1078.5066698543026,989.6601713654891,1,LP
rolling_margin_mean14,development,2025-03-23,18,3,margin,2,19061.4197792644,6.12230983555628,0.0,3.888891207545349,3.7428085217905225,1,LP
rolling_margin_mean14,development,2025-03-24,0,0,margin,1,39843.639351104255,0.0,0.0,0.0,0.0,0,LP
rolling_margin_mean14,development,2025-03-24,6,1,margin,2,33576.00477547868,1159.500184743481,3111.1899732222255,1388.5591430093368,1310.111411185772,1,LP
rolling_margin_mean14,development,2025-03-24,12,2,margin,2,27490.7904408296,38.04335617555523,2123.2726606282595,600.4997732460068,542.6799005072577,1,LP
rolling_margin_mean14,development,2025-03-24,18,3,keep_previous,2,19111.37091865209,0.0,0.0,0.0,0.0,0,LP
rolling_margin_mean14,development,2025-03-25,0,0,margin,1,44390.063202009565,0.0,0.0,0.0,0.0,0,LP
rolling_margin_mean14,development,2025-03-25,6,1,margin,2,34395.70129413485,5.404918000001089,10912.277640303162,3644.838954992636,3343.4406528779214,1,LP
rolling_margin_mean14,development,2025-03-25,12,2,margin,2,25901.625563160753,759.5256243484173,162.5303499972481,357.5689680716667,323.4034764452595,1,LP
rolling_margin_mean14,development,2025-03-25,18,3,keep_previous,2,18950.96076895034,0.0,0.0,0.0,0.0,0,LP
rolling_margin_mean14,development,2025-03-26,0,0,margin,1,38090.95481221585,0.0,0.0,0.0,0.0,0,LP
rolling_margin_mean14,development,2025-03-26,6,1,margin,2,32138.925154174343,761.568220111106,723.0241954924553,556.9414046923337,528.7337218180289,1,LP
rolling_margin_mean14,development,2025-03-26,12,2,margin,2,27298.857847485848,6.821210263296962e-13,3948.695377721541,1123.146521139631,1058.9760966234307,1,MILP
rolling_margin_mean14,development,2025-03-26,18,3,keep_previous,2,19078.05229620973,0.0,0.0,0.0,0.0,0,LP
rolling_margin_mean14,development,2025-03-27,0,0,margin,1,40261.614199783544,0.0,0.0,0.0,0.0,0,LP
rolling_margin_mean14,development,2025-03-27,6,1,margin,2,34038.33933921373,1087.5245730000042,2791.2900538888907,1447.6711879035465,1375.7959654751726,1,LP
rolling_margin_mean14,development,2025-03-27,12,2,margin,2,27356.556319102598,0.0,3579.655960496575,1202.3517500821097,1145.9271071919547,1,LP
rolling_margin_mean14,development,2025-03-27,18,3,keep_previous,2,19015.431923102682,0.0,0.0,0.0,0.0,0,LP
rolling_margin_mean14,development,2025-03-28,0,0,margin,1,14881.413736241497,0.0,0.0,0.0,0.0,0,MILP
rolling_margin_mean14,development,2025-03-28,6,1,margin,2,9494.151960231391,5.471179065352771e-13,18.79573453498159,6.532060102431815,9.022911482800575,1,MILP
rolling_margin_mean14,development,2025-03-28,12,2,margin,2,13717.097472861553,0.0,48.5533646598073,15.972696445898608,21.84930093071471,1,LP
rolling_margin_mean14,development,2025-03-28,18,3,keep_previous,2,11408.787357234485,0.0,0.0,0.0,0.0,0,LP
rolling_margin_mean14,development,2025-03-29,0,0,margin,1,14168.968809406611,0.0,0.0,0.0,0.0,0,MILP
rolling_margin_mean14,development,2025-03-29,6,1,margin,2,9285.322591546597,593.738823111111,4.547473508864641e-13,194.8711915132002,259.890745275724,1,MILP
rolling_margin_mean14,development,2025-03-29,12,2,margin,2,13891.424643708382,0.0,155.96920516323405,52.26199116350639,71.24009927587382,1,LP
rolling_margin_mean14,development,2025-03-29,18,3,keep_previous,2,11551.983735384494,0.0,0.0,0.0,0.0,0,LP
rolling_margin_mean14,development,2025-03-30,0,0,margin,1,38515.08174927285,0.0,0.0,0.0,0.0,0,LP
rolling_margin_mean14,development,2025-03-30,6,1,margin,2,30304.65677643067,7.141886888889303,6332.363174750735,1720.2381457890683,1585.804716466272,1,LP
rolling_margin_mean14,development,2025-03-30,12,2,margin,2,24555.90697524136,0.0,1941.1333720644648,590.4579237764018,546.6682379340807,1,LP
rolling_margin_mean14,development,2025-03-30,18,3,margin,2,19114.118522853816,335.80338454221936,0.0,221.0477333000972,205.3711256626794,1,LP
rolling_margin_mean14,development,2025-03-31,0,0,margin,1,34040.1563769629,0.0,0.0,0.0,0.0,0,LP
rolling_margin_mean14,development,2025-03-31,6,1,margin,2,34694.38357557107,9118.800078481316,0.0,2859.529903294302,2479.7080751140247,1,LP
rolling_margin_mean14,development,2025-03-31,12,2,margin,2,28105.66113626703,0.0,6161.913316651577,2137.648986136257,1804.6691462673793,1,LP
rolling_margin_mean14,development,2025-03-31,18,3,margin,2,18848.24370647689,103.1780016622152,0.0,64.82673844436981,63.18805068225598,1,LP
rolling_margin_mean14,development,2025-04-01,0,0,margin,1,40540.20673564462,0.0,0.0,0.0,0.0,0,LP
rolling_margin_mean14,development,2025-04-01,6,1,margin,2,33957.3267346567,1108.2152220604826,3168.170903705215,1451.2042910316395,1234.3800209707547,1,LP
rolling_margin_mean14,development,2025-04-01,12,2,margin,2,27779.80076656343,0.0,4779.952810207253,1514.854778363258,1211.8200835840503,1,LP
rolling_margin_mean14,development,2025-04-01,18,3,margin,2,18718.84031356876,28.978773222222344,0.0,17.547156174183403,17.734334365910396,1,LP
rolling_margin_mean14,development,2025-04-02,0,0,margin,1,38886.73623872666,0.0,0.0,0.0,0.0,0,LP
rolling_margin_mean14,development,2025-04-02,6,1,margin,2,33982.40089957761,1814.9421986680354,178.9571426666646,719.6645595530979,669.4653478104888,1,LP
rolling_margin_mean14,development,2025-04-02,12,2,margin,2,26322.617874491836,0.0,4210.3459422098695,1253.0322354065704,1070.2886977249964,1,LP
rolling_margin_mean14,development,2025-04-02,18,3,margin,2,18683.746284673,4.646803666666756,0.0,2.939765317661161,2.8357298483484676,1,LP
rolling_margin_mean14,development,2025-04-03,0,0,margin,1,40238.805369593036,0.0,0.0,0.0,0.0,0,LP
rolling_margin_mean14,development,2025-04-03,6,1,margin,2,31728.61907572315,0.0,5698.395637310173,1930.7536507478717,1807.0255019064289,1,LP
rolling_margin_mean14,development,2025-04-03,12,2,margin,2,26101.386333795024,67.19900334111227,2131.343046181069,486.7683255537136,449.1201278433015,1,MILP
rolling_margin_mean14,development,2025-04-03,18,3,keep_previous,2,18727.096585561267,0.0,0.0,0.0,0.0,0,LP
rolling_margin_mean14,development,2025-04-04,0,0,margin,1,13683.053368634099,0.0,0.0,0.0,0.0,0,MILP
rolling_margin_mean14,development,2025-04-04,6,1,margin,2,7754.711688778607,8.526512829121202e-13,299.47196555555433,98.91051157377763,132.7354573133831,1,MILP
rolling_margin_mean14,development,2025-04-04,12,2,margin,2,13250.547087786363,342.0325965555514,1.4779288903810084e-12,111.95406847167142,151.1337269124318,1,LP
rolling_margin_mean14,development,2025-04-04,18,3,keep_previous,2,11357.747035437562,0.0,0.0,0.0,0.0,0,LP
rolling_margin_mean14,development,2025-04-05,0,0,margin,1,13422.655126052216,0.0,0.0,0.0,0.0,0,MILP
rolling_margin_mean14,development,2025-04-05,6,1,margin,2,7708.556191033393,282.9047332000024,3.979039320256561e-13,80.49104693831644,109.5919730329596,1,MILP
rolling_margin_mean14,development,2025-04-05,12,2,margin,2,13160.732744681789,0.0,41.514800000002964,13.274723358767302,17.772092362116993,1,LP
rolling_margin_mean14,development,2025-04-05,18,3,margin,2,11591.291989982437,77.7943605555543,0.0,39.3600567230827,43.84517944611239,1,LP
rolling_margin_mean14,development,2025-04-06,0,0,margin,1,36761.20577568233,0.0,0.0,0.0,0.0,0,LP
rolling_margin_mean14,development,2025-04-06,6,1,margin,2,29393.3245639968,334.39049077777986,5062.655477071878,1473.848846133267,1308.647486753513,1,LP
rolling_margin_mean14,development,2025-04-06,12,2,margin,2,25263.405531503588,419.1559276853507,965.7936392880617,380.39162218392966,345.0228037031229,1,LP
rolling_margin_mean14,development,2025-04-06,18,3,keep_previous,2,18751.852787040567,0.0,0.0,0.0,0.0,0,LP
rolling_margin_mean14,development,2025-04-07,0,0,margin,1,32887.69898905651,0.0,0.0,0.0,0.0,0,LP
rolling_margin_mean14,development,2025-04-07,6,1,margin,2,29397.2851167726,3522.7402458161473,0.0,1228.1468422277517,1094.1265647422608,1,LP
rolling_margin_mean14,development,2025-04-07,12,2,margin,2,25800.496008906164,0.0,2792.5383713703386,844.5212834335297,747.3373461593867,1,LP
rolling_margin_mean14,development,2025-04-07,18,3,margin,2,18703.26204831388,0.2783185433352173,0.0,0.17759468924218114,0.16978052877927083,1,LP
rolling_margin_mean14,development,2025-04-08,0,0,margin,1,38088.53778473398,0.0,0.0,0.0,0.0,0,LP
rolling_margin_mean14,development,2025-04-08,6,1,margin,2,30415.197546007654,310.064046333334,4993.914508119334,1552.298541340981,1462.9190246657497,1,LP
rolling_margin_mean14,development,2025-04-08,12,2,margin,2,24631.00619230564,0.0,2678.01266359808,765.3755644081257,694.2505236415416,1,LP
rolling_margin_mean14,development,2025-04-08,18,3,margin,2,18715.75267111484,3.4127416666664203,0.0,2.18682671777762,2.079056354910564,1,LP
rolling_margin_mean14,development,2025-04-09,0,0,margin,1,36719.32276013538,0.0,0.0,0.0,0.0,0,LP
rolling_margin_mean14,development,2025-04-09,6,1,margin,2,31566.599502188146,2432.728097899868,71.71223622222215,710.0198773847243,550.5392454498192,1,LP
rolling_margin_mean14,development,2025-04-09,12,2,margin,2,26419.190597603076,6.752004000000511,2498.287816844992,872.8300320164122,738.563631150983,1,LP
rolling_margin_mean14,development,2025-04-09,18,3,keep_previous,2,18740.52790138151,0.0,0.0,0.0,0.0,0,LP
rolling_margin_mean14,development,2025-04-10,0,0,margin,1,36548.96563723802,0.0,0.0,0.0,0.0,0,LP
rolling_margin_mean14,development,2025-04-10,6,1,margin,2,30751.49099582349,1637.3957495596671,0.0,352.780782335871,323.4920106048876,1,LP
rolling_margin_mean14,development,2025-04-10,12,2,margin,2,25748.222875987587,2.2737367544323206e-13,4645.528160637861,1428.0923335273428,1292.8636298924412,1,MILP
rolling_margin_mean14,development,2025-04-10,18,3,margin,2,18851.385641063443,101.7293410944394,2.2737367544323206e-13,68.01757534748039,62.00524675627296,1,LP
rolling_margin_mean14,development,2025-04-11,0,0,margin,1,12728.428970538074,0.0,0.0,0.0,0.0,0,MILP
rolling_margin_mean14,development,2025-04-11,6,1,margin,2,7309.738204687775,635.4986020177786,2.8421709430404007e-13,199.8646245372037,265.1228915768735,1,MILP
rolling_margin_mean14,development,2025-04-11,12,2,margin,2,12627.26453713816,0.0,404.26612488888884,128.51148874341135,176.87346848205414,1,LP
rolling_margin_mean14,development,2025-04-11,18,3,margin,2,11400.603581602765,127.35409462667036,0.0,54.59932354787107,64.2222044883942,1,LP
rolling_margin_mean14,development,2025-04-12,0,0,margin,1,13914.384412522331,0.0,0.0,0.0,0.0,0,MILP
rolling_margin_mean14,development,2025-04-12,6,1,margin,2,7666.277970937072,1.1368683772161603e-13,894.7974847777757,268.06303200223823,371.10771774271655,1,MILP
rolling_margin_mean14,development,2025-04-12,12,2,margin,2,12964.424221826626,148.02775800000066,5.684341886080801e-13,50.60957965103391,67.28811104024314,1,LP
rolling_margin_mean14,development,2025-04-12,18,3,margin,2,11542.116022235015,28.83033433333236,0.0,14.020191586299527,16.26555980346731,1,LP
rolling_margin_mean14,development,2025-04-13,0,0,margin,1,34499.08923098821,0.0,0.0,0.0,0.0,0,LP
rolling_margin_mean14,development,2025-04-13,6,1,margin,2,27252.21116658184,0.0,1363.0367700192023,495.65261182292113,432.9396859025584,1,LP
rolling_margin_mean14,development,2025-04-13,12,2,margin,2,24091.344947682046,622.5271212307805,1001.3803249464983,505.13910170083983,456.79316018061877,1,LP
rolling_margin_mean14,development,2025-04-13,18,3,keep_previous,2,18643.643205205204,0.0,0.0,0.0,0.0,0,LP
rolling_margin_mean14,development,2025-04-14,0,0,margin,1,36776.78828833151,0.0,0.0,0.0,0.0,0,LP
rolling_margin_mean14,development,2025-04-14,6,1,margin,2,27455.34928908645,0.0,8532.636251589722,2674.9971319083234,2485.7625725192506,1,LP
rolling_margin_mean14,development,2025-04-14,12,2,margin,2,21861.109433009722,22.06672548555837,165.61108425925158,47.091901729441176,37.366939691793185,1,LP
rolling_margin_mean14,development,2025-04-14,18,3,margin,2,18934.09103762255,419.4223688966663,0.0,254.90620241549263,256.02673682809836,1,LP
rolling_margin_mean14,development,2025-04-15,0,0,margin,1,31696.86105395953,0.0,0.0,0.0,0.0,0,LP
rolling_margin_mean14,development,2025-04-15,6,1,margin,2,28138.56230276399,3658.90996493141,0.0,1167.4063649883083,1104.378169187059,1,LP
rolling_margin_mean14,development,2025-04-15,12,2,margin,2,25394.51665279034,2.2737367544323206e-13,3745.5237682976685,1004.9417504565217,939.9301134596379,1,MILP
rolling_margin_mean14,development,2025-04-15,18,3,margin,2,18711.93691135159,101.14214278888585,2.2737367544323206e-13,64.61249545473932,61.58642261041163,1,LP
rolling_margin_mean14,development,2025-04-16,0,0,margin,1,34790.13117254994,0.0,0.0,0.0,0.0,0,LP
rolling_margin_mean14,development,2025-04-16,6,1,margin,2,30448.282212271857,2525.755697115221,900.9673936515786,1254.9687234860944,1078.014183616599,1,LP
rolling_margin_mean14,development,2025-04-16,12,2,margin,2,25258.44815283322,0.0,3425.2384369588385,1071.3025777213518,870.2416085026475,1,LP
rolling_margin_mean14,development,2025-04-16,18,3,keep_previous,2,18686.788300600514,0.0,0.0,0.0,0.0,0,LP
rolling_margin_mean14,development,2025-04-17,0,0,margin,1,32648.46824786119,0.0,0.0,0.0,0.0,0,LP
rolling_margin_mean14,development,2025-04-17,6,1,margin,2,28636.12383307122,5048.258152117771,0.0,1191.6922151036056,1037.4868710203286,1,LP
rolling_margin_mean14,development,2025-04-17,12,2,margin,2,24838.707973143708,3.410605131648481e-13,3003.543337968903,734.7526994412178,694.9785314513733,1,MILP
rolling_margin_mean14,development,2025-04-17,18,3,margin,2,18762.031175177915,7.946667666665519,3.410605131648481e-13,5.018124623466166,4.831206702530067,1,LP
rolling_margin_mean14,development,2025-04-18,0,0,margin,1,12920.248072254819,0.0,0.0,0.0,0.0,0,MILP
rolling_margin_mean14,development,2025-04-18,6,1,margin,2,6643.232954541127,3.410605131648481e-13,212.58632233333515,70.45301853126722,93.3075456280477,1,MILP
rolling_margin_mean14,development,2025-04-18,12,2,margin,2,12508.799337250959,203.7839195555588,4.547473508864641e-13,65.4133600387125,88.61933174681445,1,LP
rolling_margin_mean14,development,2025-04-18,18,3,keep_previous,2,11316.439556389782,0.0,0.0,0.0,0.0,0,LP
rolling_margin_mean14,development,2025-04-19,0,0,margin,1,12700.777835676081,0.0,0.0,0.0,0.0,0,MILP
rolling_margin_mean14,development,2025-04-19,6,1,keep_previous,2,6673.064541848508,0.0,0.0,0.0,0.0,0,MILP
rolling_margin_mean14,development,2025-04-19,12,2,margin,2,12917.075816584,647.6038206666644,4.547473508864641e-13,198.25820375286065,274.08997566193784,1,LP
rolling_margin_mean14,development,2025-04-19,18,3,keep_previous,2,11450.408537232648,0.0,0.0,0.0,0.0,0,LP
rolling_margin_mean14,development,2025-04-20,0,0,margin,1,32993.617622392034,0.0,0.0,0.0,0.0,0,LP
rolling_margin_mean14,development,2025-04-20,6,1,margin,2,26224.024055721944,541.7090467478074,167.27263088888935,163.586373763743,135.30871313057935,1,LP
rolling_margin_mean14,development,2025-04-20,12,2,margin,2,24005.09148409454,395.4423540611105,1126.0616735637866,422.0662342672311,352.27150428892173,1,LP
rolling_margin_mean14,development,2025-04-20,18,3,margin,2,18577.27367258801,0.5057811355571857,0.0,0.313433023755447,0.30789072316495336,1,LP
rolling_margin_mean14,development,2025-04-21,0,0,margin,1,34633.35378590749,0.0,0.0,0.0,0.0,0,LP
rolling_margin_mean14,development,2025-04-21,6,1,margin,2,25518.907815891173,5.684341886080801e-13,8250.07978123457,2114.1600014123655,2043.0564573757351,1,MILP
rolling_margin_mean14,development,2025-04-21,12,2,margin,2,22184.303026591446,516.8918251111144,1.1368683772161603e-13,199.16289548802393,189.34749775467824,1,MILP
rolling_margin_mean14,development,2025-04-21,18,3,margin,2,18402.000928195517,0.0,6.388811333331745,4.001588348565667,3.8755085993617335,1,LP
rolling_margin_mean14,development,2025-04-22,0,0,margin,1,31205.920981362804,0.0,0.0,0.0,0.0,0,LP
rolling_margin_mean14,development,2025-04-22,6,1,margin,2,28179.578140415833,5338.598553119333,0.0,1527.538519388143,1300.3168531612482,1,LP
rolling_margin_mean14,development,2025-04-22,12,2,margin,2,24299.565455352735,1.1368683772161603e-13,3488.775440351171,930.383726115751,784.6477958258836,1,MILP
rolling_margin_mean14,development,2025-04-22,18,3,keep_previous,2,18597.71080307799,0.0,0.0,0.0,0.0,0,LP
rolling_margin_mean14,development,2025-04-23,0,0,margin,1,30404.91802070352,0.0,0.0,0.0,0.0,0,LP
rolling_margin_mean14,development,2025-04-23,6,1,margin,2,25884.797651359004,4258.975119745548,0.0,1156.7824275084906,964.1754020222501,1,LP
rolling_margin_mean14,development,2025-04-23,12,2,margin,2,23345.90546025502,0.0,1171.049130293544,274.3589359174101,233.4026296516466,1,LP
rolling_margin_mean14,development,2025-04-23,18,3,keep_previous,2,18555.663891256143,0.0,0.0,0.0,0.0,0,LP
rolling_margin_mean14,development,2025-04-24,0,0,margin,1,31592.327917447277,0.0,0.0,0.0,0.0,0,LP
rolling_margin_mean14,development,2025-04-24,6,1,margin,2,24142.406114793757,65.74109772555636,2058.48609211111,472.0009092894556,412.60140744854607,1,MILP
rolling_margin_mean14,development,2025-04-24,12,2,margin,2,22946.02359103596,690.8831840522223,0.0,296.25540358290505,272.9322659967031,1,MILP
rolling_margin_mean14,development,2025-04-24,18,3,margin,2,18606.849868836354,0.0,47.53958166666615,29.547242370027462,28.8578320955473,1,LP
rolling_margin_mean14,development,2025-04-25,0,0,margin,1,12873.032856280515,0.0,0.0,0.0,0.0,0,MILP
rolling_margin_mean14,development,2025-04-25,6,1,margin,2,6772.461787758278,1.6480452222192525,175.38914577777774,52.22340923306536,72.7866012520839,1,MILP
rolling_margin_mean14,development,2025-04-25,12,2,margin,2,12080.366931765591,0.0,518.7599059999997,170.51249362878872,223.83744960932052,1,LP
rolling_margin_mean14,development,2025-04-25,18,3,keep_previous,2,11222.429778990856,0.0,0.0,0.0,0.0,0,LP
rolling_margin_mean14,development,2025-04-26,0,0,margin,1,12672.323420188073,0.0,0.0,0.0,0.0,0,MILP
rolling_margin_mean14,development,2025-04-26,6,1,margin,2,6504.643785046718,2.0463630789890885e-12,252.96205655555815,90.10987137997375,112.62971778632237,1,MILP
rolling_margin_mean14,development,2025-04-26,12,2,margin,2,12530.53505518944,303.5044188888892,1.0800249583553523e-12,101.29500623136698,129.5291476197844,1,LP
rolling_margin_mean14,development,2025-04-26,18,3,keep_previous,2,11320.841985199222,0.0,0.0,0.0,0.0,0,LP
rolling_margin_mean14,development,2025-04-27,0,0,margin,1,31224.067555280293,0.0,0.0,0.0,0.0,0,LP
rolling_margin_mean14,development,2025-04-27,6,1,margin,2,25344.27513013171,1530.8603117231078,31.336888222222115,500.78459065389967,464.5662850688182,1,LP
rolling_margin_mean14,development,2025-04-27,12,2,margin,2,23485.57319471053,166.8823696822185,2459.746764960217,580.7624490411845,574.3977233727853,1,MILP
rolling_margin_mean14,development,2025-04-27,18,3,margin,2,18552.362105402226,28.224493858514165,4.547473508864641e-13,17.63641625243935,17.222553116898204,1,LP
rolling_margin_mean14,development,2025-04-28,0,0,margin,1,36379.1498288091,0.0,0.0,0.0,0.0,0,LP
rolling_margin_mean14,development,2025-04-28,6,1,margin,2,29540.595528587364,479.0395260644731,155.30096700000092,193.3693695333336,143.25485463890809,1,LP
rolling_margin_mean14,development,2025-04-28,12,2,margin,2,25164.310173925594,16.451796636663403,4003.7264253415588,1206.741515977141,966.0014839565792,1,LP
rolling_margin_mean14,development,2025-04-28,18,3,margin,2,18483.84693525286,0.0,8.244660999999496,5.245256434738565,5.005360366040167,1,LP
rolling_margin_mean14,development,2025-04-29,0,0,margin,1,31967.78337430637,0.0,0.0,0.0,0.0,0,LP
rolling_margin_mean14,development,2025-04-29,6,1,margin,2,24525.95155161106,578.266214476668,3237.107200068587,958.7342682869026,854.2935595079167,1,LP
rolling_margin_mean14,development,2025-04-29,12,2,margin,2,23797.115206382477,219.95469635236464,1435.571875111106,342.3055056245993,317.8656410311925,1,MILP
rolling_margin_mean14,development,2025-04-29,18,3,margin,2,18687.808676434557,2.5326438888912435,1.1368683772161603e-13,1.566881863229393,1.528818588107064,1,LP
rolling_margin_mean14,development,2025-04-30,0,0,margin,1,30852.221949234434,0.0,0.0,0.0,0.0,0,LP
rolling_margin_mean14,development,2025-04-30,6,1,margin,2,23278.777852101117,62.08945228948899,164.29727988888965,93.74308127465365,85.39331751413745,1,LP
rolling_margin_mean14,development,2025-04-30,12,2,margin,2,21580.303536788877,0.0,1176.1803238230432,456.09375944741134,434.7732950051643,1,LP
rolling_margin_mean14,development,2025-04-30,18,3,margin,2,18582.511913390987,15.242146555552495,0.0,9.384989611636987,9.156558345277922,1,LP
rolling_margin_mean14,validation,2025-05-01,0,0,margin,1,32272.906352550202,0.0,0.0,0.0,0.0,0,LP
rolling_margin_mean14,validation,2025-05-01,6,1,margin,2,25473.51094913617,1068.0699284222164,3212.05226734979,1182.3136204012599,996.4776945682745,1,LP
rolling_margin_mean14,validation,2025-05-01,12,2,margin,2,23222.35368620106,9.805489753489383e-13,297.7393504152083,81.00051239295108,69.12783076590536,1,MILP
rolling_margin_mean14,validation,2025-05-01,18,3,margin,2,18864.974764594965,281.8888753496509,4.547473508864641e-13,183.08682453959852,172.51901195193685,1,LP
rolling_margin_mean14,validation,2025-05-02,0,0,margin,1,13641.37279032114,0.0,0.0,0.0,0.0,0,MILP
rolling_margin_mean14,validation,2025-05-02,6,1,margin,2,7749.835066849309,5.115907697472721e-13,188.98418055555254,64.62055876038801,81.95238054227545,1,MILP
rolling_margin_mean14,validation,2025-05-02,12,2,margin,2,12716.863549327329,0.0,286.7370666666675,96.80027830291709,122.47539125019006,1,LP
rolling_margin_mean14,validation,2025-05-02,18,3,margin,2,11616.42010527873,290.8928470888908,0.0,155.5178970595454,165.83874054823315,1,LP
rolling_margin_mean14,validation,2025-05-03,0,0,margin,1,12993.902588430272,0.0,0.0,0.0,0.0,0,MILP
rolling_margin_mean14,validation,2025-05-03,6,1,margin,2,7048.357149545173,5.044853423896711e-13,374.6657561111137,120.56296728071209,154.00587052141157,1,MILP
rolling_margin_mean14,validation,2025-05-03,12,2,margin,2,12444.827499355739,176.66641144444185,5.684341886080801e-13,56.83625609787151,73.47006265164205,1,LP
rolling_margin_mean14,validation,2025-05-03,18,3,margin,2,11559.149209053856,62.19152711111093,0.0,28.113679830577695,29.80573359319357,1,LP
rolling_margin_mean14,validation,2025-05-04,0,0,margin,1,33936.06135123921,0.0,0.0,0.0,0.0,0,LP
rolling_margin_mean14,validation,2025-05-04,6,1,margin,2,25581.9607344414,53.637458180000294,6507.607865489714,1704.6998946827014,1325.7954897172071,1,LP
rolling_margin_mean14,validation,2025-05-04,12,2,margin,2,22970.2446470894,0.0,1984.1547249467972,737.5000766899332,669.5236398133545,1,LP
rolling_margin_mean14,validation,2025-05-04,18,3,margin,2,19563.866800310014,787.018781555553,0.0,510.35507888635397,483.6955236130432,1,LP
rolling_margin_mean14,validation,2025-05-05,0,0,margin,1,35601.969365833655,0.0,0.0,0.0,0.0,0,LP
rolling_margin_mean14,validation,2025-05-05,6,1,margin,2,27640.252689082765,0.0,2602.1009651031536,1198.8110178951283,1055.686073359988,1,LP
rolling_margin_mean14,validation,2025-05-05,12,2,margin,2,24330.847022125545,305.0754471111129,2129.902036710968,639.7529147642841,571.91163575349,1,MILP
rolling_margin_mean14,validation,2025-05-05,18,3,margin,2,19591.23864238859,602.4166923488857,0.0,412.8492204881319,370.5016135430825,1,LP
rolling_margin_mean14,validation,2025-05-06,0,0,margin,1,30985.532418918836,0.0,0.0,0.0,0.0,0,LP
rolling_margin_mean14,validation,2025-05-06,6,1,margin,2,26100.64915546047,3531.4799436313597,28.28595699999994,962.7399156256988,898.1734260533092,1,LP
rolling_margin_mean14,validation,2025-05-06,12,2,margin,2,23313.716463903165,352.78275353666305,2003.9577637078212,577.0539907502725,542.0259116706085,1,MILP
rolling_margin_mean14,validation,2025-05-06,18,3,margin,2,19616.458862727006,243.63368435888776,6.821210263296962e-13,157.57688168192,150.69405672982822,1,LP
rolling_margin_mean14,validation,2025-05-07,0,0,margin,1,33450.5655083336,0.0,0.0,0.0,0.0,0,LP
rolling_margin_mean14,validation,2025-05-07,6,1,margin,2,28258.419336451454,2810.5924653293264,0.0,756.3141723849187,647.5782698416532,1,LP
rolling_margin_mean14,validation,2025-05-07,12,2,margin,2,25072.975481299745,0.0,1877.5018520741826,618.3289811374136,543.7573682191259,1,LP
rolling_margin_mean14,validation,2025-05-07,18,3,margin,2,20026.238850347763,367.7371257400002,0.0,244.30315063197565,228.29702727223545,1,LP
rolling_margin_mean14,validation,2025-05-08,0,0,margin,1,36256.09006623047,0.0,0.0,0.0,0.0,0,LP
rolling_margin_mean14,validation,2025-05-08,6,1,margin,2,28896.776203884616,331.23541200000216,5165.22343784225,1595.945351850027,1256.7691736182185,1,LP
rolling_margin_mean14,validation,2025-05-08,12,2,margin,2,25568.45725075706,330.46270054869666,1212.6586156707785,383.30750449654187,316.62234520311057,1,LP
rolling_margin_mean14,validation,2025-05-08,18,3,margin,2,20306.568694368547,52.65970026666696,0.0,34.755402176000196,32.67007804544018,1,LP
rolling_margin_mean14,validation,2025-05-09,0,0,margin,1,13805.51242645398,0.0,0.0,0.0,0.0,0,MILP
rolling_margin_mean14,validation,2025-05-09,6,1,margin,2,8617.175107988962,472.15238799999855,57.22541000000018,198.78937753029956,251.15496298038462,1,MILP
rolling_margin_mean14,validation,2025-05-09,12,2,margin,2,13845.261465311849,5.521608777779306,137.39702922222125,44.1846152441783,60.419521938862,1,LP
rolling_margin_mean14,validation,2025-05-09,18,3,margin,2,12765.973760908131,12.452976720000152,0.0,6.385263813180078,7.177406557322658,1,LP
rolling_margin_mean14,validation,2025-05-10,0,0,margin,1,13978.859853600308,0.0,0.0,0.0,0.0,0,MILP
rolling_margin_mean14,validation,2025-05-10,6,1,margin,2,9525.181764899713,1001.704609554446,1.7053025658242404e-13,313.2389686812919,433.68188575725355,1,MILP
rolling_margin_mean14,validation,2025-05-10,12,2,margin,2,14283.34539543683,0.0,526.5450605555516,178.8758577334817,234.31786905069802,1,LP
rolling_margin_mean14,validation,2025-05-10,18,3,keep_previous,2,13048.580913725738,0.0,0.0,0.0,0.0,0,LP
rolling_margin_mean14,validation,2025-05-11,0,0,margin,1,35781.68049235383,0.0,0.0,0.0,0.0,0,LP
rolling_margin_mean14,validation,2025-05-11,6,1,margin,2,29871.679896469315,1374.2665770238614,2216.996843607679,1076.631558195886,907.4456677836129,1,LP
rolling_margin_mean14,validation,2025-05-11,12,2,margin,2,26250.268450054813,225.72466164555726,3696.9965084567943,1117.607655095809,974.6980797480062,1,LP
rolling_margin_mean14,validation,2025-05-11,18,3,margin,2,20630.3434153237,2.671042666667063,6.478606407409302,6.001246463469943,5.677264182818737,1,LP
rolling_margin_mean14,validation,2025-05-12,0,0,margin,1,32640.629376764824,0.0,0.0,0.0,0.0,0,LP
rolling_margin_mean14,validation,2025-05-12,6,1,margin,2,29404.397524955315,5141.382926847736,0.0,1644.2836296744279,1442.9972061901715,1,LP
rolling_margin_mean14,validation,2025-05-12,12,2,margin,2,27363.899224597768,0.549597555556943,4134.0220399560985,1215.5546758327637,959.1581671426616,1,MILP
rolling_margin_mean14,validation,2025-05-12,18,3,margin,2,20895.10740168229,95.9622256355558,1.1368683772161603e-13,64.83409920092446,60.0495315764105,1,LP
rolling_margin_mean14,validation,2025-05-13,0,0,margin,1,37399.42391938914,0.0,0.0,0.0,0.0,0,LP
rolling_margin_mean14,validation,2025-05-13,6,1,margin,2,29869.84594867719,954.1568116282518,7633.513693001365,2489.852249659746,2104.520387716561,1,LP
rolling_margin_mean14,validation,2025-05-13,12,2,margin,2,25461.625735868347,0.0,128.48236738409193,60.67161501414263,55.85500295518412,1,LP
rolling_margin_mean14,validation,2025-05-13,18,3,margin,2,20921.145806237408,0.0,0.7135840644717746,0.46868201354506156,0.44807982219795495,1,LP
rolling_margin_mean14,validation,2025-05-14,0,0,margin,1,37265.134816904705,0.0,0.0,0.0,0.0,0,LP
rolling_margin_mean14,validation,2025-05-14,6,1,margin,2,30736.997741979307,934.339090208522,29.940726333334055,235.6021675516739,204.91409414759772,1,LP
rolling_margin_mean14,validation,2025-05-14,12,2,margin,2,27288.462505218635,4.547473508864641e-13,5732.929689281201,1670.3866051251855,1509.7205430506747,1,MILP
rolling_margin_mean14,validation,2025-05-14,18,3,margin,2,21086.10474698397,0.0,3.3125099835432366,2.1716225924254915,2.0732536195171596,1,LP
rolling_margin_mean14,validation,2025-05-15,0,0,margin,1,37558.02473480573,0.0,0.0,0.0,0.0,0,LP
rolling_margin_mean14,validation,2025-05-15,6,1,margin,2,32295.139705523772,2463.0176673676187,0.0,664.7746789830794,578.2684306679998,1,LP
rolling_margin_mean14,validation,2025-05-15,12,2,margin,2,28903.566181005397,1.1368683772161603e-13,5786.525295866936,1890.5574657574525,1631.486405946342,1,MILP
rolling_margin_mean14,validation,2025-05-15,18,3,margin,2,21646.932916497804,4.013550333332091,1.1368683772161603e-13,2.4734259840104125,2.461774395409611,1,LP
rolling_margin_mean14,validation,2025-05-16,0,0,margin,1,15257.797441202882,0.0,0.0,0.0,0.0,0,MILP
rolling_margin_mean14,validation,2025-05-16,6,1,margin,2,8768.79677642819,1.7053025658242404e-13,620.8405791111063,225.96411428516492,293.9691543364069,1,MILP
rolling_margin_mean14,validation,2025-05-16,12,2,margin,2,14507.89164416096,2.2737367544323206e-13,115.54060500000354,35.938022836790616,49.92703695982664,1,LP
rolling_margin_mean14,validation,2025-05-16,18,3,keep_previous,2,13608.035318373355,0.0,0.0,0.0,0.0,0,LP
rolling_margin_mean14,validation,2025-05-17,0,0,margin,1,14937.743988011845,0.0,0.0,0.0,0.0,0,MILP
rolling_margin_mean14,validation,2025-05-17,6,1,margin,2,8540.431821879687,1.1368683772161603e-13,441.0860942222204,149.41507915597722,190.96017121288776,1,MILP
rolling_margin_mean14,validation,2025-05-17,12,2,margin,2,14879.969126575214,180.26870633333024,4.547473508864641e-13,69.71680465338184,87.52065880795269,1,LP
rolling_margin_mean14,validation,2025-05-17,18,3,keep_previous,2,13900.632281421207,0.0,0.0,0.0,0.0,0,LP
rolling_margin_mean14,validation,2025-05-18,0,0,margin,1,38462.01578475345,0.0,0.0,0.0,0.0,0,LP
rolling_margin_mean14,validation,2025-05-18,6,1,margin,2,30896.55753636342,149.58420533332986,4461.819962430188,1317.9232019461779,1092.111756609179,1,LP
rolling_margin_mean14,validation,2025-05-18,12,2,margin,2,27660.146468045514,0.0,3168.7132262524015,931.2393213523384,657.8099768122838,1,MILP
rolling_margin_mean14,validation,2025-05-18,18,3,margin,2,21648.836042768613,0.16614066666670624,20.202879999999084,13.007757961032752,12.56159142143913,1,LP
rolling_margin_mean14,validation,2025-05-19,0,0,margin,1,35434.882274060146,0.0,0.0,0.0,0.0,0,LP
rolling_margin_mean14,validation,2025-05-19,6,1,margin,2,28142.576205375703,448.69542201999707,3920.7085273607654,877.0858486351348,915.6035574668877,1,LP
rolling_margin_mean14,validation,2025-05-19,12,2,margin,2,26605.990066209277,77.86597285333524,585.659057750345,125.4971638865888,128.32925694775952,1,MILP
rolling_margin_mean14,validation,2025-05-19,18,3,margin,2,21525.277430358037,5.29998178333301,4.547473508864641e-13,3.424318230211763,3.326495709296516,1,LP
rolling_margin_mean14,validation,2025-05-20,0,0,margin,1,35239.09527019234,0.0,0.0,0.0,0.0,0,LP
rolling_margin_mean14,validation,2025-05-20,6,1,margin,2,30016.4836642639,1953.3034364746572,0.8165683333334073,678.5960901550426,566.9181718618378,1,LP
rolling_margin_mean14,validation,2025-05-20,12,2,margin,2,27796.491153410214,0.0,2738.9177052538066,835.8353789582095,677.6244830356411,1,LP
rolling_margin_mean14,validation,2025-05-20,18,3,margin,2,21635.98750021378,18.478594000000726,0.0,11.953472787100488,11.385308194843308,1,LP
rolling_margin_mean14,validation,2025-05-21,0,0,margin,1,33659.75065471859,0.0,0.0,0.0,0.0,0,LP
rolling_margin_mean14,validation,2025-05-21,6,1,margin,2,30193.487975190234,5025.906886725182,0.0,1459.4978592875127,1287.6989392036853,1,LP
rolling_margin_mean14,validation,2025-05-21,12,2,margin,2,27504.832349195352,2.2737367544323206e-13,2797.24748757423,699.9717207890474,647.107452423833,1,MILP
rolling_margin_mean14,validation,2025-05-21,18,3,margin,2,21667.156561836804,5.224297449933999,2.2737367544323206e-13,3.3830835230765963,3.2211735483861936,1,LP
rolling_margin_mean14,validation,2025-05-22,0,0,margin,1,35703.753972691266,0.0,0.0,0.0,0.0,0,LP
rolling_margin_mean14,validation,2025-05-22,6,1,margin,2,28814.790569342695,135.1526735477745,1580.16071972703,395.19900951778504,341.07802584801027,1,LP
rolling_margin_mean14,validation,2025-05-22,12,2,margin,2,26896.4700478017,0.0,1362.5631644037403,494.5857583836765,446.9963504355168,1,MILP
rolling_margin_mean14,validation,2025-05-22,18,3,margin,2,22086.580820344865,46.57097733333387,0.0,30.354244166133686,28.775217270711444,1,LP
rolling_margin_mean14,validation,2025-05-23,0,0,margin,1,15115.875590995696,0.0,0.0,0.0,0.0,0,MILP
rolling_margin_mean14,validation,2025-05-23,6,1,keep_previous,2,8813.12262160246,0.0,0.0,0.0,0.0,0,MILP
rolling_margin_mean14,validation,2025-05-23,12,2,margin,2,15874.50705634728,839.0696793333277,2.2737367544323206e-13,260.50625343087,352.56893878577216,1,LP
rolling_margin_mean14,validation,2025-05-23,18,3,keep_previous,2,14062.016789681495,0.0,0.0,0.0,0.0,0,LP
rolling_margin_mean14,validation,2025-05-24,0,0,margin,1,15657.27930944202,0.0,0.0,0.0,0.0,0,MILP
rolling_margin_mean14,validation,2025-05-24,6,1,margin,2,8948.655915349518,3.410605131648481e-13,704.7987809999984,248.44076605409884,328.0736650472968,1,MILP
rolling_margin_mean14,validation,2025-05-24,12,2,margin,2,15166.798116889873,155.52671544444024,4.547473508864641e-13,47.867928209664626,66.86584126433172,1,LP
rolling_margin_mean14,validation,2025-05-24,18,3,keep_previous,2,14335.259227589859,0.0,0.0,0.0,0.0,0,LP
rolling_margin_mean14,validation,2025-05-25,0,0,margin,1,35751.73094687205,0.0,0.0,0.0,0.0,0,LP
rolling_margin_mean14,validation,2025-05-25,6,1,margin,2,28623.906227144784,319.1196738200009,2935.105403156389,747.1592156108974,687.9273860126075,1,LP
rolling_margin_mean14,validation,2025-05-25,12,2,margin,2,27479.740346611736,0.173151613333971,1757.7592274897017,382.50217041092594,338.61911246511977,1,MILP
rolling_margin_mean14,validation,2025-05-25,18,3,margin,2,21938.84529869132,18.01636106666365,1.1368683772161603e-13,11.420105671446649,11.119649861544355,1,LP
rolling_margin_mean14,validation,2025-05-26,0,0,margin,1,35223.441885718,0.0,0.0,0.0,0.0,0,LP
rolling_margin_mean14,validation,2025-05-26,6,1,margin,2,29673.753458405336,2310.7285220344406,0.0,701.7745705071591,557.5818529134604,1,LP
rolling_margin_mean14,validation,2025-05-26,12,2,margin,2,26668.83904236454,119.11401495313734,279.35938134155833,100.74001444837678,85.68274462856758,1,LP
rolling_margin_mean14,validation,2025-05-26,18,3,margin,2,21953.88983897807,0.0,14.136972174446555,8.734253571570619,8.715414529313401,1,LP
rolling_margin_mean14,validation,2025-05-27,0,0,margin,1,33723.806787175476,0.0,0.0,0.0,0.0,0,LP
rolling_margin_mean14,validation,2025-05-27,6,1,margin,2,29773.05924287947,4922.6109487533095,0.0,1295.3427038319649,1214.4872775197744,1,LP
rolling_margin_mean14,validation,2025-05-27,12,2,margin,2,27068.169568451834,0.0,3923.2916553815758,1096.0004689242028,1012.284861055769,1,LP
rolling_margin_mean14,validation,2025-05-27,18,3,margin,2,21963.084863634336,9.98429566666664,0.0,6.359303887061092,6.147487273996415,1,LP
rolling_margin_mean14,validation,2025-05-28,0,0,margin,1,37193.99085797881,0.0,0.0,0.0,0.0,0,LP
rolling_margin_mean14,validation,2025-05-28,6,1,margin,2,30252.107974479663,533.0081437111108,3026.916600794239,1024.511226238821,803.9728539815086,1,LP
rolling_margin_mean14,validation,2025-05-28,12,2,margin,2,26459.956352387147,19.330814669997608,2159.9939460000005,522.9050497109095,407.4492010752434,1,MILP
rolling_margin_mean14,validation,2025-05-28,18,3,margin,2,22010.316216465002,0.0,8.902642333333347,5.586135333672205,5.47055992133612,1,LP
rolling_margin_mean14,validation,2025-05-29,0,0,margin,1,37082.875315814046,0.0,0.0,0.0,0.0,0,LP
rolling_margin_mean14,validation,2025-05-29,6,1,margin,2,32184.92179892281,2800.3726337310827,45.6777276666669,833.7701743816748,681.1223660293869,1,LP
rolling_margin_mean14,validation,2025-05-29,12,2,margin,2,28083.333981483967,1.1368683772161603e-13,3712.7294807132566,984.106456093529,873.7840470880764,1,MILP
rolling_margin_mean14,validation,2025-05-29,18,3,margin,2,22289.224426621324,18.669878999998218,1.1368683772161603e-13,12.16513110100996,11.43894748171477,1,LP
rolling_margin_mean14,validation,2025-05-30,0,0,margin,1,16087.972702733892,0.0,0.0,0.0,0.0,0,MILP
rolling_margin_mean14,validation,2025-05-30,6,1,margin,2,10252.164065482362,293.20328443888917,2.2737367544323206e-13,91.4795119632755,117.04282674527595,1,MILP
rolling_margin_mean14,validation,2025-05-30,12,2,margin,2,15981.052140824462,5.435819932224433,143.28229788333198,46.78404150867315,58.95326614381459,1,LP
rolling_margin_mean14,validation,2025-05-30,18,3,margin,2,14491.491594397838,4.113391333335585,0.0,2.2002530242012046,2.4974896200847003,1,LP
rolling_margin_mean14,validation,2025-05-31,0,0,margin,1,17582.85240875751,0.0,0.0,0.0,0.0,0,MILP
rolling_margin_mean14,validation,2025-05-31,6,1,margin,2,10765.038552151209,2.2737367544323206e-13,1559.2380986666635,453.4903354717433,628.7033077718112,1,MILP
rolling_margin_mean14,validation,2025-05-31,12,2,margin,2,15656.681285236113,27.420630737778765,3.410605131648481e-13,13.417649261212024,15.541203500865002,1,LP
rolling_margin_mean14,validation,2025-05-31,18,3,keep_previous,2,14651.369547728715,0.0,0.0,0.0,0.0,0,LP
rolling_margin_mean14,validation,2025-06-01,0,0,margin,1,45491.658192381925,0.0,0.0,0.0,0.0,0,LP
rolling_margin_mean14,validation,2025-06-01,6,1,margin,2,37329.53328189169,1229.4838594688904,5257.0047598134415,2479.847266007633,1861.1547230179726,1,LP
rolling_margin_mean14,validation,2025-06-01,12,2,margin,2,29706.484456775404,2.3598023333333913,3468.951935916327,1345.7769239207896,1026.2050310871314,1,LP
rolling_margin_mean14,validation,2025-06-01,18,3,margin,2,23964.79349172767,1783.0903072311116,0.0,1201.2574298962963,1124.8257703435636,1,LP
rolling_margin_mean14,validation,2025-06-02,0,0,margin,1,46689.38987071567,0.0,0.0,0.0,0.0,0,LP
rolling_margin_mean14,validation,2025-06-02,6,1,margin,2,35950.79102336077,0.0,12104.176767594025,4228.536235982114,3294.6433595096523,1,LP
rolling_margin_mean14,validation,2025-06-02,12,2,margin,2,30237.917463941085,707.5301138216689,46.807024777778,256.15479607083427,189.54907417794345,1,LP
rolling_margin_mean14,validation,2025-06-02,18,3,margin,2,23553.264457929214,1257.0725468066653,0.0,859.9888823758153,794.4942971360272,1,LP
rolling_margin_mean14,validation,2025-06-03,0,0,margin,1,43407.3494476784,0.0,0.0,0.0,0.0,0,LP
rolling_margin_mean14,validation,2025-06-03,6,1,margin,2,37513.13133808556,1508.5697697777787,611.506345080928,891.2619387962282,750.9477202320891,1,LP
rolling_margin_mean14,validation,2025-06-03,12,2,margin,2,30575.958343557802,0.0,5726.234529932789,1870.452536835495,1545.0549885699984,1,LP
rolling_margin_mean14,validation,2025-06-03,18,3,margin,2,23914.85833362634,1291.62302415556,0.0,896.0755498697132,817.3197169143574,1,LP
rolling_margin_mean14,validation,2025-06-04,0,0,margin,1,49984.20156234185,0.0,0.0,0.0,0.0,0,LP
rolling_margin_mean14,validation,2025-06-04,6,1,margin,2,36901.22548578501,0.0,17501.947257240005,6578.3229760652475,5244.580539989502,1,LP
rolling_margin_mean14,validation,2025-06-04,12,2,margin,2,32324.286294837748,4566.320421176964,0.0,1725.0533077845078,1375.562075145569,1,LP
rolling_margin_mean14,validation,2025-06-04,18,3,margin,2,22844.193208239572,126.72753561555737,0.0,85.77249622184256,80.35138641075505,1,LP
rolling_margin_mean14,validation,2025-06-05,0,0,margin,1,43281.419511017775,0.0,0.0,0.0,0.0,0,LP
rolling_margin_mean14,validation,2025-06-05,6,1,margin,2,36932.688781315344,1658.0458549700447,1222.7256013333345,996.0067171543955,792.8660923281243,1,LP
rolling_margin_mean14,validation,2025-06-05,12,2,margin,2,31545.51106866126,281.5795300855567,1666.2381592263391,735.8890132864817,543.3801458964335,1,LP
rolling_margin_mean14,validation,2025-06-05,18,3,margin,2,24182.87168078048,982.7267382722215,0.0,667.8127753548146,626.795764873712,1,LP
rolling_margin_mean14,validation,2025-06-06,0,0,margin,1,19732.60155282942,0.0,0.0,0.0,0.0,0,MILP
rolling_margin_mean14,validation,2025-06-06,6,1,margin,2,12941.962485792743,3.410605131648481e-13,1207.1169125555623,457.3790621722196,501.4679351081012,1,MILP
rolling_margin_mean14,validation,2025-06-06,12,2,margin,2,16877.28278027234,0.0,181.42536666666845,72.54586567162886,82.09232992292264,1,MILP
rolling_margin_mean14,validation,2025-06-06,18,3,margin,2,16553.95354262564,1105.3220123333326,2.2737367544323206e-13,655.8199988382828,682.0829902991245,1,LP
rolling_margin_mean14,validation,2025-06-07,0,0,margin,1,21755.040783055112,0.0,0.0,0.0,0.0,0,LP
rolling_margin_mean14,validation,2025-06-07,6,1,margin,2,15295.662224132851,6.821210263296962e-13,3661.492198,927.2140638446613,959.2341302338801,1,MILP
rolling_margin_mean14,validation,2025-06-07,12,2,margin,2,18955.21381082269,1051.0316791111125,5.684341886080801e-13,381.9348831007626,454.7211808824197,1,LP
rolling_margin_mean14,validation,2025-06-07,18,3,margin,2,16214.068147352198,106.51138980666934,2.2737367544323206e-13,60.38130688140095,65.08150235444097,1,LP
rolling_margin_mean14,validation,2025-06-08,0,0,margin,1,45297.31958453042,0.0,0.0,0.0,0.0,0,LP
rolling_margin_mean14,validation,2025-06-08,6,1,margin,2,38714.532102516125,2179.302841289328,4980.667722849874,2330.937064519232,1980.237726792076,1,LP
rolling_margin_mean14,validation,2025-06-08,12,2,margin,2,34051.06277749995,0.8257166333317514,2313.9031334938313,685.4691622932348,555.7017811185979,1,LP
rolling_margin_mean14,validation,2025-06-08,18,3,margin,2,24740.588773952146,1.3539724922190999,0.0,0.8945019269845482,0.8714408740724309,1,LP
rolling_margin_mean14,validation,2025-06-09,0,0,margin,1,51834.751595406546,0.0,0.0,0.0,0.0,0,LP
rolling_margin_mean14,validation,2025-06-09,6,1,margin,2,41911.091622306194,0.0,7358.983918246911,2901.6647239659023,2475.365589993652,1,LP
rolling_margin_mean14,validation,2025-06-09,12,2,margin,2,35464.1871251067,426.63252113292265,406.76612510973894,336.47074190604286,281.43803280480586,1,LP
rolling_margin_mean14,validation,2025-06-09,18,3,margin,2,24771.748189621838,11.369197763334114,0.0,7.837356478154372,7.327894605523825,1,LP
rolling_margin_mean14,validation,2025-06-10,0,0,margin,1,47975.84567975168,0.0,0.0,0.0,0.0,0,LP
rolling_margin_mean14,validation,2025-06-10,6,1,margin,2,40495.10433951216,298.56077711111425,1989.5172446337392,847.6953868018134,699.654166004053,1,LP
rolling_margin_mean14,validation,2025-06-10,12,2,margin,2,36731.97537708329,1710.2693022825745,0.0,697.6600952381142,570.510002909245,1,LP
rolling_margin_mean14,validation,2025-06-10,18,3,margin,2,25059.72195803068,0.0,33.46926199999973,22.12151723062202,21.011360040935127,1,LP
rolling_margin_mean14,validation,2025-06-11,0,0,margin,1,53126.7563901832,0.0,0.0,0.0,0.0,0,LP
rolling_margin_mean14,validation,2025-06-11,6,1,margin,2,45722.06335875212,857.3816788558079,1638.1000036419698,1134.4160972641212,998.7075271785525,1,LP
rolling_margin_mean14,validation,2025-06-11,12,2,margin,2,38258.48888162817,558.890172975305,1217.9372936666614,861.7149305497476,752.174378622265,1,LP
rolling_margin_mean14,validation,2025-06-11,18,3,margin,2,25136.161424839265,0.0,4.9312960576108935,3.2716017007625338,3.1330246429244095,1,LP
rolling_margin_mean14,validation,2025-06-12,0,0,margin,1,51646.44638162314,0.0,0.0,0.0,0.0,0,LP
rolling_margin_mean14,validation,2025-06-12,6,1,margin,2,44142.03120331331,407.54526475889224,1183.8542750438937,650.4861783345972,582.3743810138674,1,LP
rolling_margin_mean14,validation,2025-06-12,12,2,margin,2,37968.10870440055,0.0,2483.1266184337837,998.5282101449782,850.6418728227579,1,LP
rolling_margin_mean14,validation,2025-06-12,18,3,margin,2,25228.660388987453,15.121044333334453,0.0,9.880452840856316,9.443765307763417,1,LP
rolling_margin_mean14,validation,2025-06-13,0,0,margin,1,21311.3300127363,0.0,0.0,0.0,0.0,0,MILP
rolling_margin_mean14,validation,2025-06-13,6,1,margin,2,14393.02755465943,3.410605131648481e-13,1115.2825816666661,383.92001068866074,475.9702893851306,1,MILP
rolling_margin_mean14,validation,2025-06-13,12,2,margin,2,18705.07847654703,909.4502026666651,1.1368683772161603e-13,336.8624308659936,411.78706040533876,1,MILP
rolling_margin_mean14,validation,2025-06-13,18,3,margin,2,17118.496337910092,82.26062119333494,2.2737367544323206e-13,47.2916311240484,52.16057853489534,1,LP
rolling_margin_mean14,validation,2025-06-14,0,0,margin,1,21820.676742243464,0.0,0.0,0.0,0.0,0,LP
rolling_margin_mean14,validation,2025-06-14,6,1,margin,2,15138.132622286514,9.663381206337363e-13,85.8585187215362,34.80347493700647,42.86896785332388,1,MILP
rolling_margin_mean14,validation,2025-06-14,12,2,margin,2,20584.51963907929,0.0,748.3125496118005,271.1416955176071,334.05114419979753,1,LP
rolling_margin_mean14,validation,2025-06-14,18,3,margin,2,17845.110632006763,318.70737281666953,0.0,184.75727272009723,202.84017096467355,1,LP
rolling_margin_mean14,validation,2025-06-15,0,0,margin,1,50186.26601501479,0.0,0.0,0.0,0.0,0,LP
rolling_margin_mean14,validation,2025-06-15,6,1,margin,2,45796.04321351754,3612.7580068327707,136.94478088888923,1269.816315367349,1178.1916831155932,1,LP
rolling_margin_mean14,validation,2025-06-15,12,2,margin,2,38908.552564683836,0.2911041111109398,1201.7706771728353,385.29451676989123,359.4186888905855,1,LP
rolling_margin_mean14,validation,2025-06-15,18,3,margin,2,26372.194713295798,0.0,30.638715315500917,20.480546483748057,19.66790702482728,1,LP
rolling_margin_mean14,validation,2025-06-16,0,0,margin,1,52795.53021906804,0.0,0.0,0.0,0.0,0,LP
rolling_margin_mean14,validation,2025-06-16,6,1,margin,2,46328.04125551138,1579.7925679566597,56.63632344444454,576.1113681812976,516.6712920035824,1,LP
rolling_margin_mean14,validation,2025-06-16,12,2,margin,2,39218.7720154172,0.20077077777762042,2083.86312891632,917.5485508613256,828.0989588852339,1,LP
rolling_margin_mean14,validation,2025-06-16,18,3,margin,2,26282.904233056237,28.843191666667735,0.0,18.85343158319516,18.22054964989156,1,LP
rolling_margin_mean14,validation,2025-06-17,0,0,margin,1,54409.800785130945,0.0,0.0,0.0,0.0,0,LP
rolling_margin_mean14,validation,2025-06-17,6,1,margin,2,50093.65994226924,3039.667049661766,118.23566711111198,1312.2182152324112,1212.3659954118639,1,LP
rolling_margin_mean14,validation,2025-06-17,12,2,margin,2,42296.13767892453,0.19803744444436688,3448.1065889020547,1462.6184465012616,1271.8759934260488,1,LP
rolling_margin_mean14,validation,2025-06-17,18,3,margin,2,26419.15987981236,0.06045666666682337,0.9571883333317146,0.6910518922767925,0.6707292396696571,1,LP
rolling_margin_mean14,validation,2025-06-18,0,0,margin,1,54519.37888692744,0.0,0.0,0.0,0.0,0,LP
rolling_margin_mean14,validation,2025-06-18,6,1,margin,2,50316.3036744841,3132.0443658035942,0.0,1304.19672107076,1180.2524881460668,1,LP
rolling_margin_mean14,validation,2025-06-18,12,2,margin,2,41614.732699415516,19.582463908888712,6252.806367002497,2489.066821442966,2226.6908153441955,1,LP
rolling_margin_mean14,validation,2025-06-18,18,3,margin,2,26322.64938248545,0.0,35.437519777774355,23.34436564402548,22.66128640067713,1,LP
rolling_margin_mean14,validation,2025-06-19,0,0,margin,1,50981.91950846849,0.0,0.0,0.0,0.0,0,LP
rolling_margin_mean14,validation,2025-06-19,6,1,margin,2,43932.36175339696,2164.8712412104264,5189.00890420432,2722.382619383652,2587.3205368870663,1,LP
rolling_margin_mean14,validation,2025-06-19,12,2,margin,2,38546.624211437105,1942.7588272407402,0.0,775.0035122060933,730.4024152255735,1,LP
rolling_margin_mean14,validation,2025-06-19,18,3,margin,2,26168.909108782856,22.977134122224584,0.0,15.037894766974347,14.47843889878412,1,LP
rolling_margin_mean14,validation,2025-06-20,0,0,margin,1,22938.991258889597,0.0,0.0,0.0,0.0,0,MILP
rolling_margin_mean14,validation,2025-06-20,6,1,margin,2,16184.829788402527,3.979039320256561e-13,599.059623777777,228.62098046703906,287.9739839451549,1,MILP
rolling_margin_mean14,validation,2025-06-20,12,2,margin,2,21558.30861600118,29.47296262333505,3.410605131648481e-13,8.84555608658281,11.905977261123834,1,LP
rolling_margin_mean14,validation,2025-06-20,18,3,margin,2,17979.92108780582,0.0,24.134226666664006,13.879122235331819,15.319970667028056,1,LP
rolling_margin_mean14,validation,2025-06-21,0,0,margin,1,22632.87040861321,0.0,0.0,0.0,0.0,0,MILP
rolling_margin_mean14,validation,2025-06-21,6,1,margin,2,15810.804932462957,115.12317466666585,235.16463635665315,124.82633330191413,166.38382034762984,1,MILP
rolling_margin_mean14,validation,2025-06-21,12,2,margin,2,21517.617039164543,46.07814571221006,3.410605131648481e-13,12.87002909988076,18.81720339345301,1,LP
rolling_margin_mean14,validation,2025-06-21,18,3,margin,2,18320.66713586502,0.0,72.22164333333149,41.740243402915574,45.64200173043334,1,LP
rolling_margin_mean14,validation,2025-06-22,0,0,margin,1,50467.127520767826,0.0,0.0,0.0,0.0,0,LP
rolling_margin_mean14,validation,2025-06-22,6,1,margin,2,46637.877332774646,3960.070293585737,2993.8814834557616,2753.8568352744387,2493.662184730964,1,LP
rolling_margin_mean14,validation,2025-06-22,12,2,margin,2,39961.369391182685,0.0,2016.506756802472,854.4684522073796,776.3526275175411,1,LP
rolling_margin_mean14,validation,2025-06-22,18,3,margin,2,26892.114126001696,4.877418666666699,0.0,3.1067288081333557,3.0459346580857343,1,LP
rolling_margin_mean14,validation,2025-06-23,0,0,margin,1,52137.22087085075,0.0,0.0,0.0,0.0,0,LP
rolling_margin_mean14,validation,2025-06-23,6,1,margin,2,45421.03166655536,1146.3324580223855,131.12135533333208,521.2264347073981,511.2977637117542,1,LP
rolling_margin_mean14,validation,2025-06-23,12,2,margin,2,40661.37032514201,0.0,3703.343710355721,1234.3507593223496,1150.260849394308,1,LP
rolling_margin_mean14,validation,2025-06-23,18,3,margin,2,26883.747147294856,0.0,8.687072999998804,5.729303329215877,5.588146316292876,1,LP
rolling_margin_mean14,validation,2025-06-24,0,0,margin,1,59638.27410964867,0.0,0.0,0.0,0.0,0,LP
rolling_margin_mean14,validation,2025-06-24,6,1,margin,2,50387.82388410756,0.0,3157.635156617281,1389.096626977307,1198.1458648772605,1,LP
rolling_margin_mean14,validation,2025-06-24,12,2,margin,2,41039.05515552723,0.29654166666648507,893.2532539173928,353.49035368763396,317.0311307321895,1,LP
rolling_margin_mean14,validation,2025-06-24,18,3,margin,2,27097.099135790348,0.0,49.250513000000865,32.513625593406196,31.290034245410517,1,LP
rolling_margin_mean14,validation,2025-06-25,0,0,margin,1,52295.28095028596,0.0,0.0,0.0,0.0,0,LP
rolling_margin_mean14,validation,2025-06-25,6,1,margin,2,47062.03302367109,2765.3756781046877,928.0065760055554,1490.4471389341165,1396.5656050648893,1,LP
rolling_margin_mean14,validation,2025-06-25,12,2,margin,2,39854.537214912976,554.8819416977783,2237.965579301782,903.0927744579272,832.5056432103966,1,LP
rolling_margin_mean14,validation,2025-06-25,18,3,margin,2,26816.63000784433,0.0,20.259381333332385,13.652946003327134,12.938053696019226,1,LP
rolling_margin_mean14,validation,2025-06-26,0,0,margin,1,50935.0792506231,0.0,0.0,0.0,0.0,0,LP
rolling_margin_mean14,validation,2025-06-26,6,1,margin,2,45285.03669705794,2718.6601154705213,94.25466488888878,872.9321500771857,835.1169593665663,1,LP
rolling_margin_mean14,validation,2025-06-26,12,2,margin,2,38410.94384565652,50.18114794101223,2468.1877201742113,666.6363496812052,640.9732918473278,1,LP
rolling_margin_mean14,validation,2025-06-26,18,3,margin,2,26893.75828752938,0.0,110.8366079999987,71.7760709556547,70.38421662645631,1,LP
rolling_margin_mean14,validation,2025-06-27,0,0,margin,1,24422.002263436956,0.0,0.0,0.0,0.0,0,MILP
rolling_margin_mean14,validation,2025-06-27,6,1,margin,2,17717.47693542519,6.821210263296962e-13,1299.470430333331,384.2088179419661,539.9087196287389,1,MILP
rolling_margin_mean14,validation,2025-06-27,12,2,margin,2,21671.73567540663,6.552573555556137,532.6311382222211,162.98296385131673,228.11603516536974,1,LP
rolling_margin_mean14,validation,2025-06-27,18,3,keep_previous,2,18491.104169711834,0.0,0.0,0.0,0.0,0,LP
rolling_margin_mean14,validation,2025-06-28,0,0,margin,1,23724.53382138378,0.0,0.0,0.0,0.0,0,MILP
rolling_margin_mean14,validation,2025-06-28,6,1,margin,2,17074.440672324396,135.29423496666956,2.8421709430404007e-13,36.508007109464394,46.58231146843998,1,MILP
rolling_margin_mean14,validation,2025-06-28,12,2,margin,2,22378.31456686664,0.0,350.65775937818694,129.17821779794582,160.11039410900187,1,LP
rolling_margin_mean14,validation,2025-06-28,18,3,margin,2,18610.145373573236,0.0,52.18858133333407,29.498271041839317,32.98647659515247,1,LP
rolling_margin_mean14,validation,2025-06-29,0,0,margin,1,50377.76242064706,0.0,0.0,0.0,0.0,0,LP
rolling_margin_mean14,validation,2025-06-29,6,1,margin,2,46507.45376036299,4014.097555727029,1317.6706377904802,2200.665782135852,1986.624099695974,1,LP
rolling_margin_mean14,validation,2025-06-29,12,2,margin,2,39784.525498328236,251.35024610287707,321.4951117352515,218.10646542456465,178.9229747775322,1,LP
rolling_margin_mean14,validation,2025-06-29,18,3,margin,2,27430.060689122434,0.0,51.860351666665906,33.98638755789949,32.8901886002376,1,LP
rolling_margin_mean14,validation,2025-06-30,0,0,margin,1,54902.62779755597,0.0,0.0,0.0,0.0,0,LP
rolling_margin_mean14,validation,2025-06-30,6,1,margin,2,46757.35863210075,751.8900951111109,2772.657420396173,1447.125066110424,1301.7501052234816,1,LP
rolling_margin_mean14,validation,2025-06-30,12,2,margin,2,39714.82713814705,185.7937918847697,951.6318725171487,357.80891506158946,303.1839704653873,1,LP
rolling_margin_mean14,validation,2025-06-30,18,3,margin,2,27204.583839073894,0.0,62.334470666667585,40.106223001795044,39.354163600939074,1,LP
rolling_margin_mean14,validation,2025-07-01,0,0,margin,1,48015.37855630842,0.0,0.0,0.0,0.0,0,LP
rolling_margin_mean14,validation,2025-07-01,6,1,margin,2,41964.86504180641,3565.0354943810025,74.62429055555549,1444.4165547111656,1247.6138190601482,1,LP
rolling_margin_mean14,validation,2025-07-01,12,2,margin,2,35794.817788958164,998.7739339917648,0.0,345.8067326084374,313.0850921090726,1,LP
rolling_margin_mean14,validation,2025-07-01,18,3,margin,2,29102.8942190959,1912.0672841782066,0.0,1597.3087923172202,1255.083812482194,1,LP
rolling_margin_mean14,validation,2025-07-02,0,0,margin,1,46007.70316963613,0.0,0.0,0.0,0.0,0,LP
rolling_margin_mean14,validation,2025-07-02,6,1,margin,2,37810.14464638099,815.3456131399164,0.0,212.81572115283936,201.662115219703,1,LP
rolling_margin_mean14,validation,2025-07-02,12,2,margin,2,34656.84945491254,1165.361052369,96.91148622222317,396.2742558996148,354.6981285438434,1,LP
rolling_margin_mean14,validation,2025-07-02,18,3,margin,2,28451.40074644103,1194.4693154077781,0.0,968.1388643759899,795.1174710951485,1,LP
rolling_margin_mean14,validation,2025-07-03,0,0,margin,1,52022.336177855745,0.0,0.0,0.0,0.0,0,LP
rolling_margin_mean14,validation,2025-07-03,6,1,margin,2,45519.82049243658,2659.2768268476534,270.5035674444439,1094.0933002039285,945.3456549714319,1,LP
rolling_margin_mean14,validation,2025-07-03,12,2,margin,2,38127.972901862915,0.0,2633.77415254034,1020.966210756554,874.4548566178089,1,LP
rolling_margin_mean14,validation,2025-07-03,18,3,margin,2,28806.29028661122,1096.9431937516595,0.0,879.0485575714467,740.787728757326,1,LP
rolling_margin_mean14,validation,2025-07-04,0,0,margin,1,22208.296662348715,0.0,0.0,0.0,0.0,0,MILP
rolling_margin_mean14,validation,2025-07-04,6,1,margin,2,16020.78574791895,1267.642109915554,2.3021584638627246e-12,429.18777941053133,535.3993206710697,1,MILP
rolling_margin_mean14,validation,2025-07-04,12,2,margin,2,22060.415346356716,0.0,940.9408350411054,326.52504437089885,407.0021707831821,1,LP
rolling_margin_mean14,validation,2025-07-04,18,3,margin,2,19465.682910506624,388.7969403699992,0.0,239.42115587984551,251.2822396821332,1,LP
rolling_margin_mean14,validation,2025-07-05,0,0,margin,1,23293.931141990375,0.0,0.0,0.0,0.0,0,MILP
rolling_margin_mean14,validation,2025-07-05,6,1,margin,2,15365.683899127784,176.20877639341592,143.91459253497925,128.64351762248737,146.3117713191756,1,MILP
rolling_margin_mean14,validation,2025-07-05,12,2,margin,2,22180.258146154112,126.01493109053467,2.2737367544323206e-13,45.60417207472927,55.491195562720165,1,LP
rolling_margin_mean14,validation,2025-07-05,18,3,margin,2,20221.041948827893,760.0536184311123,0.0,476.21129509021875,501.6364271876069,1,LP
rolling_margin_mean14,validation,2025-07-06,0,0,margin,1,52130.103878970614,0.0,0.0,0.0,0.0,0,LP
rolling_margin_mean14,validation,2025-07-06,6,1,margin,2,48519.044884434465,6249.03626038754,109.44472355555627,2155.6081375298536,1909.1024351286273,1,LP
rolling_margin_mean14,validation,2025-07-06,12,2,margin,2,42092.52278949226,195.38204325370384,289.8937002222224,154.8156930224941,132.7827188572915,1,LP
rolling_margin_mean14,validation,2025-07-06,18,3,margin,2,29102.022863977225,0.0,79.92805666666573,55.45478358613813,51.456159132963634,1,LP
rolling_margin_mean14,validation,2025-07-07,0,0,margin,1,53046.31871935953,0.0,0.0,0.0,0.0,0,LP
rolling_margin_mean14,validation,2025-07-07,6,1,margin,2,41815.37394417248,2.8957256666666353,5969.972860117963,2187.204386996982,1991.4867087886564,1,LP
rolling_margin_mean14,validation,2025-07-07,12,2,margin,2,40654.24810389947,4369.833262621399,63.534802666666565,1751.6392669541683,1590.0320240024153,1,LP
rolling_margin_mean14,validation,2025-07-07,18,3,margin,2,29384.401227251277,0.0,49.93864233333386,34.45981044006142,32.222884232680876,1,LP
rolling_margin_mean14,validation,2025-07-08,0,0,margin,1,58231.85867385555,0.0,0.0,0.0,0.0,0,LP
rolling_margin_mean14,validation,2025-07-08,6,1,margin,2,46895.43188230328,187.65711733333262,7205.641768854549,2526.5114761828636,2358.675378226978,1,LP
rolling_margin_mean14,validation,2025-07-08,12,2,margin,2,41657.11780858458,1928.2195183367385,15.495221111110823,776.2442527019482,691.8865527948872,1,LP
rolling_margin_mean14,validation,2025-07-08,18,3,margin,2,30786.896692349874,0.0,37.52476566666678,26.052145656805706,24.64662611741837,1,LP
rolling_margin_mean14,validation,2025-07-09,0,0,margin,1,58590.40485778865,0.0,0.0,0.0,0.0,0,LP
rolling_margin_mean14,validation,2025-07-09,6,1,margin,2,47226.45570568274,0.0,4889.926059020617,1790.529640676501,1666.3165871376768,1,LP
rolling_margin_mean14,validation,2025-07-09,12,2,margin,2,41858.471850532966,470.727994666672,2728.9170173798607,1063.6858946425234,995.5429298438473,1,LP
rolling_margin_mean14,validation,2025-07-09,18,3,margin,2,30789.28360203719,0.0,36.66094233333615,26.05798639237996,23.93135460345598,1,LP
rolling_margin_mean14,validation,2025-07-10,0,0,margin,1,55147.80531141977,0.0,0.0,0.0,0.0,0,LP
rolling_margin_mean14,validation,2025-07-10,6,1,margin,2,45957.22779051814,826.1142919999995,2061.2575780836755,1103.9344497035513,1001.4961713420911,1,LP
rolling_margin_mean14,validation,2025-07-10,12,2,margin,2,41085.43361066499,0.0,541.3526095596749,321.7088969954269,289.92116644564123,1,LP
rolling_margin_mean14,validation,2025-07-10,18,3,margin,2,31198.22918090286,5.947962992220937,0.0,3.9485903786006067,3.798833016883701,1,LP
rolling_margin_mean14,validation,2025-07-11,0,0,margin,1,29380.4417139034,0.0,0.0,0.0,0.0,0,MILP
rolling_margin_mean14,validation,2025-07-11,6,1,margin,2,20070.534330171486,2.89340022222342,767.7391470000033,253.354128256113,345.0166473484824,1,MILP
rolling_margin_mean14,validation,2025-07-11,12,2,margin,2,24365.17176330086,2.753701605183931e-13,757.0497033333338,280.98286940369525,361.29809139584876,1,MILP
rolling_margin_mean14,validation,2025-07-11,18,3,margin,2,22204.32014366646,23.877941999999962,3.410605131648481e-13,14.412949530033568,15.432644230993091,1,LP
rolling_margin_mean14,validation,2025-07-12,0,0,margin,1,28457.894921550975,0.0,0.0,0.0,0.0,0,MILP
rolling_margin_mean14,validation,2025-07-12,6,1,margin,2,20352.423203805647,596.0053562222239,1.1368683772161603e-13,224.4471003914403,281.6146812313261,1,MILP
rolling_margin_mean14,validation,2025-07-12,12,2,margin,2,26697.247212285984,331.631801356666,2.2737367544323206e-13,103.52911572053175,132.88018311242502,1,LP
rolling_margin_mean14,validation,2025-07-12,18,3,margin,2,22440.399386019424,0.0,59.51485266666589,36.152305668099515,39.46320878390819,1,LP
rolling_margin_mean14,validation,2025-07-13,0,0,margin,1,60913.078055857826,0.0,0.0,0.0,0.0,0,LP
rolling_margin_mean14,validation,2025-07-13,6,1,margin,2,47494.24333924357,2.3586006666668027,9146.334733440322,3407.0988397656565,3275.4387313041743,1,LP
rolling_margin_mean14,validation,2025-07-13,12,2,margin,2,40219.674928390945,0.0033888888885940105,2178.403753534979,680.660376263243,716.032674656894,1,LP
rolling_margin_mean14,validation,2025-07-13,18,3,margin,2,31938.131651248957,72.0888687633319,0.0,54.5198911707742,51.84448707887087,1,LP
rolling_margin_mean14,validation,2025-07-14,0,0,margin,1,56805.698772868505,0.0,0.0,0.0,0.0,0,LP
rolling_margin_mean14,validation,2025-07-14,6,1,margin,2,45244.673077395964,9.490553999999634,4848.096993200266,1355.1167260431669,1257.413766440448,1,LP
rolling_margin_mean14,validation,2025-07-14,12,2,margin,2,41589.92942620312,644.6376473598533,154.23139475583457,388.70765589374605,365.7131102834577,1,LP
rolling_margin_mean14,validation,2025-07-14,18,3,margin,2,32304.48309913063,26.837989697778994,0.0,22.15153866987792,21.002448456080746,1,LP
rolling_margin_mean14,validation,2025-07-15,0,0,margin,1,61856.97438363085,0.0,0.0,0.0,0.0,0,LP
rolling_margin_mean14,validation,2025-07-15,6,1,margin,2,48909.49451479964,116.82778044444717,7785.307096342422,2716.345669188992,2380.5510028064796,1,LP
rolling_margin_mean14,validation,2025-07-15,12,2,margin,2,43596.92259380576,0.10511999999994259,481.07653911796115,237.45937446985545,218.2173809690048,1,LP
rolling_margin_mean14,validation,2025-07-15,18,3,margin,2,33555.96539953455,13.924579999997832,0.0,9.912061242831612,9.455242638557891,1,LP
rolling_margin_mean14,validation,2025-07-16,0,0,margin,1,60747.46029500922,0.0,0.0,0.0,0.0,0,LP
rolling_margin_mean14,validation,2025-07-16,6,1,margin,2,47658.36672990296,0.5914473333334627,5454.251689487595,2138.3504468049923,1900.7439583866583,1,LP
rolling_margin_mean14,validation,2025-07-16,12,2,margin,2,44656.07794880643,1220.015168350536,18.688924894372462,510.8184807057736,451.30326422361605,1,LP
rolling_margin_mean14,validation,2025-07-16,18,3,margin,2,33371.43555897117,0.0,37.538182333333566,26.703334955977887,24.879333450804847,1,LP
rolling_margin_mean14,validation,2025-07-17,0,0,margin,1,59039.92371369704,0.0,0.0,0.0,0.0,0,LP
rolling_margin_mean14,validation,2025-07-17,6,1,margin,2,50151.597410604634,1990.1442733936915,914.9040744277083,1124.9172472337443,1060.8109313117486,1,LP
rolling_margin_mean14,validation,2025-07-17,12,2,margin,2,45441.79659705086,141.4017635000016,2536.5621630233163,801.847653638815,735.9008070717202,1,LP
rolling_margin_mean14,validation,2025-07-17,18,3,keep_previous,2,33594.87859369233,0.0,0.0,0.0,0.0,0,LP
rolling_margin_mean14,validation,2025-07-18,0,0,margin,1,32994.81663254954,0.0,0.0,0.0,0.0,0,MILP
rolling_margin_mean14,validation,2025-07-18,6,1,margin,2,23284.835886988618,10.870704222221491,2224.9282888888893,659.5532486152276,865.4828517585499,1,MILP
rolling_margin_mean14,validation,2025-07-18,12,2,margin,2,27594.449005372917,0.0,1146.9323416666646,369.7607070305598,478.10455269079216,1,LP
rolling_margin_mean14,validation,2025-07-18,18,3,margin,2,23898.14716188123,51.99421388888811,0.0,31.192174641705066,34.50836932304668,1,LP
rolling_margin_mean14,validation,2025-07-19,0,0,margin,1,33305.51324803684,0.0,0.0,0.0,0.0,0,MILP
rolling_margin_mean14,validation,2025-07-19,6,1,margin,2,22787.743871368737,39.946547999999666,3493.825080366255,1110.1061841723963,1460.768546847327,1,MILP
rolling_margin_mean14,validation,2025-07-19,12,2,margin,2,28385.571211635055,711.6433297277792,1.1368683772161603e-13,249.4303718480746,327.12699806232206,1,LP
rolling_margin_mean14,validation,2025-07-19,18,3,margin,2,23852.10737165519,0.17960836716622453,9.065837666666653,5.699532512426712,6.042514442278306,1,LP
rolling_margin_mean14,validation,2025-07-20,0,0,margin,1,62089.200082174204,0.0,0.0,0.0,0.0,0,LP
rolling_margin_mean14,validation,2025-07-20,6,1,margin,2,50692.74790882138,192.0921122222221,2961.19645284363,1157.8011326410076,1054.584241751385,1,LP
rolling_margin_mean14,validation,2025-07-20,12,2,margin,2,45397.20101843447,241.04569842222384,4277.242609153629,1255.6985830290557,1210.1866024388303,1,LP
rolling_margin_mean14,validation,2025-07-20,18,3,margin,2,33404.82707401994,1.7742006255551814,2.9574022000012974,3.2297703004180836,3.113554477856024,1,LP
rolling_margin_mean14,validation,2025-07-21,0,0,margin,1,63035.727742821306,0.0,0.0,0.0,0.0,0,LP
rolling_margin_mean14,validation,2025-07-21,6,1,margin,2,50192.90045320073,33.4851730000006,6099.364619236581,2330.3259481926098,2060.4876709193304,1,LP
rolling_margin_mean14,validation,2025-07-21,12,2,margin,2,47181.31248803779,2223.198065676269,1302.0921036021875,1349.9202087989108,1170.6308676093715,1,LP
rolling_margin_mean14,validation,2025-07-21,18,3,margin,2,33473.671646547744,3.0526579999990417,4.893687666666779,5.428180375721638,5.298131080207761,1,LP
rolling_margin_mean14,validation,2025-07-22,0,0,margin,1,63030.694342727584,0.0,0.0,0.0,0.0,0,LP
rolling_margin_mean14,validation,2025-07-22,6,1,margin,2,59497.15413980237,7792.797576964045,0.0,2871.2667278219487,2588.2627194585684,1,LP
rolling_margin_mean14,validation,2025-07-22,12,2,margin,2,50018.88707993095,0.0,9685.730970995595,3517.5754098050065,3133.8283459577274,1,MILP
rolling_margin_mean14,validation,2025-07-22,18,3,margin,2,34360.692245620085,32.66197033333253,0.0,22.81209852724937,22.138893212892228,1,LP
rolling_margin_mean14,validation,2025-07-23,0,0,margin,1,69858.11039465434,0.0,0.0,0.0,0.0,0,LP
rolling_margin_mean14,validation,2025-07-23,6,1,margin,2,54392.7132162617,18.607923000000255,12159.289981714533,4595.158896491481,4187.732489199341,1,LP
rolling_margin_mean14,validation,2025-07-23,12,2,margin,2,46577.34231881686,433.00511344444556,1193.722060854594,505.0711848408412,484.42772182024885,1,LP
rolling_margin_mean14,validation,2025-07-23,18,3,margin,2,34186.3556458834,0.0,14.970321333333231,10.32834532838878,9.927562168218143,1,LP
rolling_margin_mean14,validation,2025-07-24,0,0,margin,1,69672.5595904919,0.0,0.0,0.0,0.0,0,LP
rolling_margin_mean14,validation,2025-07-24,6,1,margin,2,55366.38628531201,5.873349333334318,8590.520387854142,3311.0707214825525,2937.4484680499672,1,LP
rolling_margin_mean14,validation,2025-07-24,12,2,margin,2,49316.84398316896,0.0,3147.074701422502,1015.2367915944662,886.8362861522126,1,LP
rolling_margin_mean14,validation,2025-07-24,18,3,margin,2,34283.845990690344,51.92231199999969,0.0,37.37416404918311,36.289573010845416,1,LP
rolling_margin_mean14,validation,2025-07-25,0,0,margin,1,32616.48556022526,0.0,0.0,0.0,0.0,0,MILP
rolling_margin_mean14,validation,2025-07-25,6,1,margin,2,23668.046649534088,111.45521655555797,431.80422774348483,185.7062636262973,240.59631536750493,1,MILP
rolling_margin_mean14,validation,2025-07-25,12,2,margin,2,28452.730454009947,0.0,385.6635532565175,125.72250457727752,168.85364411599608,1,LP
rolling_margin_mean14,validation,2025-07-25,18,3,margin,2,24485.815682214983,1.6375386666677514,14.52169200000003,9.865324405367387,10.765166527672228,1,LP
rolling_margin_mean14,validation,2025-07-26,0,0,margin,1,32471.888651140252,0.0,0.0,0.0,0.0,0,MILP
rolling_margin_mean14,validation,2025-07-26,6,1,margin,2,24157.503629925508,405.4035243333351,516.2080957475985,310.3608963374586,402.14363837385537,1,MILP
rolling_margin_mean14,validation,2025-07-26,12,2,margin,2,28345.898670374118,0.0,219.63416277091954,75.90817596257716,101.01914770714066,1,LP
rolling_margin_mean14,validation,2025-07-26,18,3,margin,2,24474.49466796784,15.319171666666534,0.0,9.267129199016587,10.135442490627295,1,LP
rolling_margin_mean14,validation,2025-07-27,0,0,margin,1,63125.16052679202,0.0,0.0,0.0,0.0,0,LP
rolling_margin_mean14,validation,2025-07-27,6,1,margin,2,52203.688256832495,1122.732526150895,3480.62675877222,1759.043832885183,1616.7889707416894,1,LP
rolling_margin_mean14,validation,2025-07-27,12,2,margin,2,46229.13335157509,477.966537707818,2361.653598648837,828.9319956078089,743.6987137200742,1,LP
rolling_margin_mean14,validation,2025-07-27,18,3,keep_previous,2,33993.65177332879,0.0,0.0,0.0,0.0,0,LP
rolling_margin_mean14,validation,2025-07-28,0,0,margin,1,65611.38722928466,0.0,0.0,0.0,0.0,0,LP
rolling_margin_mean14,validation,2025-07-28,6,1,margin,2,55798.02897938543,1308.7354586666672,1279.3160871316902,1242.7966535454102,1107.1332616754444,1,LP
rolling_margin_mean14,validation,2025-07-28,12,2,margin,2,48381.14961614893,0.0,3101.6751594348457,1280.177210610982,1081.1435132981837,1,LP
rolling_margin_mean14,validation,2025-07-28,18,3,margin,2,34127.78872861805,29.667845333332366,0.0,20.575645671388145,20.226261128952427,1,LP
rolling_margin_mean14,validation,2025-07-29,0,0,margin,1,65749.59706995051,0.0,0.0,0.0,0.0,0,LP
rolling_margin_mean14,validation,2025-07-29,6,1,margin,2,57454.945124787046,3595.77535427446,134.94814799999995,1318.707987295284,1166.564946594963,1,LP
rolling_margin_mean14,validation,2025-07-29,12,2,margin,2,50508.29540772682,353.97282934443876,4277.852505,1404.0149157391254,1192.2181946602088,1,LP
rolling_margin_mean14,validation,2025-07-29,18,3,margin,2,34858.518165707304,0.0,37.18490466666606,25.538046979649366,24.73983799717206,1,LP
rolling_margin_mean14,validation,2025-07-30,0,0,margin,1,60597.83599669885,0.0,0.0,0.0,0.0,0,LP
rolling_margin_mean14,validation,2025-07-30,6,1,margin,2,56697.34257086046,7661.2339409533615,0.0,2842.0165247257805,2577.3504645589096,1,LP
rolling_margin_mean14,validation,2025-07-30,12,2,margin,2,49043.5473406245,432.84164400823363,3222.9485816666656,1004.8137178994699,925.7803055321192,1,MILP
rolling_margin_mean14,validation,2025-07-30,18,3,margin,2,34713.02908829262,0.0,35.841901999999095,26.11210905441595,24.011874139569542,1,LP
rolling_margin_mean14,validation,2025-07-31,0,0,margin,1,63292.64897275789,0.0,0.0,0.0,0.0,0,LP
rolling_margin_mean14,validation,2025-07-31,6,1,margin,2,53411.456240967345,1807.2288830723687,52.579894000000195,697.9203417671656,628.9367132942,1,LP
rolling_margin_mean14,validation,2025-07-31,12,2,margin,2,48791.80178262167,702.6289557846768,2887.928489185182,1137.4889324883907,983.2976570265369,1,LP
rolling_margin_mean14,validation,2025-07-31,18,3,margin,2,34398.02479521469,7.647569666668346,0.0,5.312272498234485,5.0806954178816754,1,LP
rolling_margin_mean14,validation,2025-08-01,0,0,margin,1,33507.594498115475,0.0,0.0,0.0,0.0,0,MILP
rolling_margin_mean14,validation,2025-08-01,6,1,margin,2,23563.91210596482,5.684341886080802e-14,1683.7129424444388,543.0207713220803,734.5023425957879,1,MILP
rolling_margin_mean14,validation,2025-08-01,12,2,margin,2,28019.528500541102,0.0,258.76682084225075,99.63138176370516,128.05403616547102,1,LP
rolling_margin_mean14,validation,2025-08-01,18,3,margin,2,24531.47721942062,12.994780999998852,0.0,8.208049155065916,8.895263853002765,1,LP
rolling_margin_mean14,validation,2025-08-02,0,0,margin,1,34269.3400177605,0.0,0.0,0.0,0.0,0,LP
rolling_margin_mean14,validation,2025-08-02,6,1,margin,2,24863.15401343811,2.2737367544323206e-13,2189.1640139999954,650.2065646443034,884.6214430051788,1,MILP
rolling_margin_mean14,validation,2025-08-02,12,2,margin,2,28491.154274104993,136.01252629000015,0.6499771111109567,49.05120538566396,66.12695381664474,1,LP
rolling_margin_mean14,validation,2025-08-02,18,3,margin,2,24458.947116052103,0.0,9.464864966665004,5.9048319404468455,6.456146010036816,1,LP
rolling_margin_mean14,validation,2025-08-03,0,0,margin,1,55291.980367481025,0.0,0.0,0.0,0.0,0,LP
rolling_margin_mean14,validation,2025-08-03,6,1,margin,2,46154.409983438316,1574.9265854295968,1039.901344547329,800.3249095075432,826.1522685695641,1,LP
rolling_margin_mean14,validation,2025-08-03,12,2,margin,2,43076.78053654461,7.318590178329032e-13,3997.7811964117664,1201.88282125583,1256.5040503575342,1,MILP
rolling_margin_mean14,validation,2025-08-03,18,3,margin,2,33767.971898107564,25.17513399999939,0.0,17.568190655266157,17.140457204745935,1,LP
rolling_margin_mean14,validation,2025-08-04,0,0,margin,1,58095.70169477211,0.0,0.0,0.0,0.0,0,LP
rolling_margin_mean14,validation,2025-08-04,6,1,margin,2,48841.998330464856,2041.7126862921887,0.0,473.0381536150579,476.0160109959519,1,LP
rolling_margin_mean14,validation,2025-08-04,12,2,margin,2,45418.17959091544,0.0,5586.160193382715,1939.3578804343754,1833.2937906326329,1,LP
rolling_margin_mean14,validation,2025-08-04,18,3,margin,2,33599.65181516688,23.043943666666223,0.0,15.599229747699596,15.481383913634122,1,LP
rolling_margin_mean14,validation,2025-08-05,0,0,margin,1,58689.354490686965,0.0,0.0,0.0,0.0,0,LP
rolling_margin_mean14,validation,2025-08-05,6,1,margin,2,49779.430207469995,3424.508193822995,0.0,894.4314832109355,874.7176040577298,1,LP
rolling_margin_mean14,validation,2025-08-05,12,2,margin,2,46113.91739727177,0.0,3725.8622256893054,1042.3178636503867,1066.765053734009,1,LP
rolling_margin_mean14,validation,2025-08-05,18,3,margin,2,34281.673041523754,20.42564533333325,0.0,13.88771970693327,13.596452518625336,1,LP
rolling_margin_mean14,validation,2025-08-06,0,0,margin,1,63952.23810718528,0.0,0.0,0.0,0.0,0,LP
rolling_margin_mean14,validation,2025-08-06,6,1,margin,2,50834.34406796233,0.0,4537.702233349784,2117.00764618663,1852.8633163056456,1,LP
rolling_margin_mean14,validation,2025-08-06,12,2,margin,2,48021.74144008046,589.3194043333328,2945.1823469615974,1072.5290880295747,983.9825045518178,1,MILP
rolling_margin_mean14,validation,2025-08-06,18,3,margin,2,33981.51901140409,3.227605333333031,0.0,2.31357168091088,2.2021739098251567,1,LP
rolling_margin_mean14,validation,2025-08-07,0,0,margin,1,63167.36306692821,0.0,0.0,0.0,0.0,0,LP
rolling_margin_mean14,validation,2025-08-07,6,1,margin,2,50401.257027823835,826.2733084299953,8703.397409275722,2771.158407048134,2737.5601649259193,1,LP
rolling_margin_mean14,validation,2025-08-07,12,2,margin,2,45837.8505325002,82.51975957666627,3337.3857755596705,905.5088687964378,902.6058629532187,1,MILP
rolling_margin_mean14,validation,2025-08-07,18,3,margin,2,33870.18314788292,0.0,26.014617895555944,18.129885977265886,17.960284891584166,1,LP
rolling_margin_mean14,validation,2025-08-08,0,0,margin,1,32079.57793244315,0.0,0.0,0.0,0.0,0,MILP
rolling_margin_mean14,validation,2025-08-08,6,1,margin,2,23918.89115285,83.30714266666604,263.7806262222269,118.78417817820113,157.5989943051516,1,MILP
rolling_margin_mean14,validation,2025-08-08,12,2,margin,2,27602.74845890881,0.0,213.04850422221966,84.82503167099959,106.58678234160199,1,LP
rolling_margin_mean14,validation,2025-08-08,18,3,margin,2,24194.315255175323,0.0,20.028853999999,12.524990656143803,13.575692774900894,1,LP
rolling_margin_mean14,validation,2025-08-09,0,0,margin,1,32159.110591403132,0.0,0.0,0.0,0.0,0,MILP
rolling_margin_mean14,validation,2025-08-09,6,1,margin,2,23516.10249448408,5.684341886080802e-14,534.1144236666674,191.32985410074906,250.03785299667396,1,MILP
rolling_margin_mean14,validation,2025-08-09,12,2,margin,2,27966.208171413073,241.1598711577741,6.821210263296962e-13,82.12873808717444,110.34526749108852,1,LP
rolling_margin_mean14,validation,2025-08-09,18,3,margin,2,24231.91277812692,0.0,16.46676915777664,10.428173679830929,11.366533915185624,1,LP
rolling_margin_mean14,validation,2025-08-10,0,0,margin,1,58427.174264938985,0.0,0.0,0.0,0.0,0,LP
rolling_margin_mean14,validation,2025-08-10,6,1,margin,2,46805.96313108683,0.0,5055.570907041145,1590.1705766905866,1490.341677860643,1,LP
rolling_margin_mean14,validation,2025-08-10,12,2,margin,2,44130.86156590899,71.28335399999969,2961.0352698326506,872.802956969711,732.1627519296055,1,LP
rolling_margin_mean14,validation,2025-08-10,18,3,margin,2,33567.30960566658,0.0,24.69823999999994,17.143733445277768,16.67228407341269,1,LP
rolling_margin_mean14,validation,2025-08-11,0,0,margin,1,56081.00946111172,0.0,0.0,0.0,0.0,0,LP
rolling_margin_mean14,validation,2025-08-11,6,1,margin,2,46545.097668112176,1248.6343854746153,64.18953971879546,569.0622271025203,522.5254795750627,1,LP
rolling_margin_mean14,validation,2025-08-11,12,2,margin,2,44326.325319478245,18.42530835666571,2559.1149212084993,560.0459686710525,517.7174530230355,1,LP
rolling_margin_mean14,validation,2025-08-11,18,3,margin,2,33170.4347080568,1.4424576644444187,0.0,0.9626241223669828,0.9574003649678875,1,LP
rolling_margin_mean14,validation,2025-08-12,0,0,margin,1,59048.68984095953,0.0,0.0,0.0,0.0,0,LP
rolling_margin_mean14,validation,2025-08-12,6,1,margin,2,48925.05892859992,1176.9483498244165,3258.078187954735,1540.149332487761,1341.432597358287,1,LP
rolling_margin_mean14,validation,2025-08-12,12,2,margin,2,45240.67849227399,0.0,3580.4312665939674,1043.1869661260089,900.6514128830447,1,MILP
rolling_margin_mean14,validation,2025-08-12,18,3,margin,2,33008.3851116255,0.0,22.422929333333627,15.788092682561228,15.11189043255091,1,LP
rolling_margin_mean14,validation,2025-08-13,0,0,margin,1,54108.728044450836,0.0,0.0,0.0,0.0,0,LP
rolling_margin_mean14,validation,2025-08-13,6,1,margin,2,44279.224467750886,1061.601990471735,180.46088544444228,367.4263714477359,307.98800571767276,1,LP
rolling_margin_mean14,validation,2025-08-13,12,2,margin,2,42511.406562502954,573.5169982374623,2403.014486888889,754.6952760253769,666.0367711837755,1,MILP
rolling_margin_mean14,validation,2025-08-13,18,3,margin,2,32744.887704189536,9.465825666665523,0.0,6.492582959843668,6.331868741858756,1,LP
rolling_margin_mean14,validation,2025-08-14,0,0,margin,1,55573.60626431459,0.0,0.0,0.0,0.0,0,LP
rolling_margin_mean14,validation,2025-08-14,6,1,margin,2,47234.61132677487,3864.0377602455565,51.21960833333412,1022.8500008601386,906.9051327919931,1,LP
rolling_margin_mean14,validation,2025-08-14,12,2,margin,2,43033.29631259701,0.0,3940.5209823991772,1200.5058661421895,1008.9576106076698,1,MILP
rolling_margin_mean14,validation,2025-08-14,18,3,margin,2,32539.095391366063,2.8486044444437084,0.30679777777777417,2.3504298415549534,2.298189921352589,1,LP
rolling_margin_mean14,validation,2025-08-15,0,0,margin,1,30607.800355992542,0.0,0.0,0.0,0.0,0,MILP
rolling_margin_mean14,validation,2025-08-15,6,1,margin,2,21561.299265001042,1.1368683772161603e-13,1256.3106901111105,444.68570563349465,570.0196805016163,1,MILP
rolling_margin_mean14,validation,2025-08-15,12,2,margin,2,25970.586165845354,0.0,323.11070488888674,119.37657958302665,152.58654640803638,1,LP
rolling_margin_mean14,validation,2025-08-15,18,3,margin,2,22900.275036572388,2.2226649999984147,0.0,1.422042163776749,1.536303908236987,1,LP
rolling_margin_mean14,validation,2025-08-16,0,0,margin,1,31796.062487398038,0.0,0.0,0.0,0.0,0,MILP
rolling_margin_mean14,validation,2025-08-16,6,1,margin,2,21641.813889923047,0.0,3445.0607470000014,1121.3437329289175,1460.893555850711,1,MILP
rolling_margin_mean14,validation,2025-08-16,12,2,margin,2,26189.51201559516,134.15511328444524,1.1368683772161603e-13,51.01771645488239,62.45331182176909,1,LP
rolling_margin_mean14,validation,2025-08-16,18,3,margin,2,23035.972740480953,0.0,7.321765333334383,4.734175161156181,4.987054052224488,1,LP
rolling_margin_mean14,validation,2025-08-17,0,0,margin,1,55137.26782437091,0.0,0.0,0.0,0.0,0,LP
rolling_margin_mean14,validation,2025-08-17,6,1,margin,2,43799.80425360175,59.66367319333119,3682.61565423183,975.461090725136,900.8151852834403,1,LP
rolling_margin_mean14,validation,2025-08-17,12,2,margin,2,42592.169464398685,682.1641937688912,2996.6240859300415,1046.3062991231564,893.1875017386551,1,MILP
rolling_margin_mean14,validation,2025-08-17,18,3,margin,2,32322.266869930245,0.0,17.781983517778713,13.079164233920533,12.410146851886005,1,LP
rolling_margin_mean14,validation,2025-08-18,0,0,margin,1,54525.50727243248,0.0,0.0,0.0,0.0,0,LP
rolling_margin_mean14,validation,2025-08-18,6,1,margin,2,43959.69820527115,0.0,246.90122504526335,152.6623696565225,138.0800209179736,1,LP
rolling_margin_mean14,validation,2025-08-18,12,2,margin,2,42119.70120416891,5.933031843596837e-13,2635.174439268863,811.4000374674655,716.0723719441445,1,MILP
rolling_margin_mean14,validation,2025-08-18,18,3,margin,2,32119.063091578562,0.0,9.25646199999926,6.57538783286614,6.393918941672499,1,LP
rolling_margin_mean14,validation,2025-08-19,0,0,margin,1,53096.72976960248,0.0,0.0,0.0,0.0,0,LP
rolling_margin_mean14,validation,2025-08-19,6,1,margin,2,41944.990891822374,0.0,3749.815328657076,1329.8064921791474,1170.726581418569,1,LP
rolling_margin_mean14,validation,2025-08-19,12,2,margin,2,41823.687990991704,1635.1574061604947,1571.765768240051,1068.7713020485073,931.3182831367415,1,MILP
rolling_margin_mean14,validation,2025-08-19,18,3,margin,2,31998.652991612507,6.97313866666741,0.0,4.610198116144961,4.649286883078277,1,LP
rolling_margin_mean14,validation,2025-08-20,0,0,margin,1,57002.44288584195,0.0,0.0,0.0,0.0,0,LP
rolling_margin_mean14,validation,2025-08-20,6,1,margin,2,46570.181255407275,1167.9255136459687,5815.775424820298,2250.6834789605887,1915.7775242394914,1,LP
rolling_margin_mean14,validation,2025-08-20,12,2,margin,2,40559.96746891299,4.758088271113138,1889.9824887037087,489.306600021103,391.3035285933731,1,LP
rolling_margin_mean14,validation,2025-08-20,18,3,margin,2,31823.937639537846,8.198654231110254,0.0,6.874996250800352,6.448796553138305,1,LP
rolling_margin_mean14,validation,2025-08-21,0,0,margin,1,54675.63373153671,0.0,0.0,0.0,0.0,0,LP
rolling_margin_mean14,validation,2025-08-21,6,1,margin,2,43630.033294622976,441.2189597377802,6128.071605161865,1896.8002577539492,1630.1867860095635,1,LP
rolling_margin_mean14,validation,2025-08-21,12,2,margin,2,41097.91030095905,229.67448842546193,1536.7803741111106,483.5409451012987,345.7530481594413,1,MILP
rolling_margin_mean14,validation,2025-08-21,18,3,margin,2,31663.79567861643,0.0,27.947219337779984,20.055851700804542,18.971161975518076,1,LP
rolling_margin_mean14,validation,2025-08-22,0,0,margin,1,28665.302880191095,0.0,0.0,0.0,0.0,0,MILP
rolling_margin_mean14,validation,2025-08-22,6,1,margin,2,19226.673997792022,0.0,1496.4572510000012,524.0230730908938,660.6361652117171,1,MILP
rolling_margin_mean14,validation,2025-08-22,12,2,margin,2,24990.424635182164,154.3514424144459,6.821210263296962e-13,55.087596276654025,69.00027683657011,1,LP
rolling_margin_mean14,validation,2025-08-22,18,3,margin,2,22066.042753559894,35.09578166666654,0.0,21.759507283594367,23.569863089388797,1,LP
rolling_margin_mean14,validation,2025-08-23,0,0,margin,1,27480.76923482973,0.0,0.0,0.0,0.0,0,MILP
rolling_margin_mean14,validation,2025-08-23,6,1,margin,2,19906.94125791473,524.4732400000021,2.8421709430404007e-13,206.46020522290115,257.8372658013411,1,MILP
rolling_margin_mean14,validation,2025-08-23,12,2,margin,2,25520.077804902623,169.96024988889252,4.547473508864641e-13,62.701254472074154,77.73538870284752,1,LP
rolling_margin_mean14,validation,2025-08-23,18,3,margin,2,22286.98974426382,0.0,10.683761333333791,6.568356442755862,7.226511170465409,1,LP
rolling_margin_mean14,validation,2025-08-24,0,0,margin,1,53012.59068606658,0.0,0.0,0.0,0.0,0,LP
rolling_margin_mean14,validation,2025-08-24,6,1,margin,2,41289.01051883775,0.0,6132.866428213976,2131.9066686984597,1900.2709229727975,1,LP
rolling_margin_mean14,validation,2025-08-24,12,2,margin,2,41850.06919108459,2983.104824406037,0.0,1336.893588563478,1178.3523419340074,1,MILP
rolling_margin_mean14,validation,2025-08-24,18,3,margin,2,31620.472874154973,0.0,41.977905333332615,29.80907836877718,28.376252721147043,1,LP
rolling_margin_mean14,validation,2025-08-25,0,0,margin,1,64855.04594296092,0.0,0.0,0.0,0.0,0,LP
rolling_margin_mean14,validation,2025-08-25,6,1,margin,2,50392.91762051446,22.54849276110656,15173.332224187918,5210.436929128358,4431.372340625542,1,LP
rolling_margin_mean14,validation,2025-08-25,12,2,margin,2,42680.729019469334,0.0,2960.220739632165,1106.2449520891983,936.9744277204362,1,LP
rolling_margin_mean14,validation,2025-08-25,18,3,margin,2,31322.577860695663,16.48533766666617,0.0,11.635366016916254,11.276866495821018,1,LP
rolling_margin_mean14,validation,2025-08-26,0,0,margin,1,53049.61030126868,0.0,0.0,0.0,0.0,0,LP
rolling_margin_mean14,validation,2025-08-26,6,1,margin,2,44389.26965506622,1703.912753314142,0.0,429.896107138195,382.7761858488045,1,LP
rolling_margin_mean14,validation,2025-08-26,12,2,margin,2,41423.63732877125,0.0,3512.2897153278445,1087.6024508802127,978.1671207428022,1,MILP
rolling_margin_mean14,validation,2025-08-26,18,3,margin,2,31389.755741545458,5.6892399999997,0.01804366666669921,4.255330031083082,4.139814945893001,1,LP
rolling_margin_mean14,validation,2025-08-27,0,0,margin,1,53079.632860727725,0.0,0.0,0.0,0.0,0,LP
rolling_margin_mean14,validation,2025-08-27,6,1,margin,2,48850.37407620733,7025.5129700926445,0.0,2221.6092025559856,1950.3795776416835,1,LP
rolling_margin_mean14,validation,2025-08-27,12,2,margin,2,43441.368750621594,0.6299511111113594,4834.181786594697,1338.1597626376586,1242.7701479555642,1,MILP
rolling_margin_mean14,validation,2025-08-27,18,3,margin,2,31132.42912770448,12.477211333333571,0.0,8.800357100966835,8.614951437670804,1,LP
rolling_margin_mean14,validation,2025-08-28,0,0,margin,1,51054.902801546006,0.0,0.0,0.0,0.0,0,LP
rolling_margin_mean14,validation,2025-08-28,6,1,margin,2,47357.648711502676,6436.527608823046,77.36623244444445,2481.1743532197106,2111.2373201673695,1,LP
rolling_margin_mean14,validation,2025-08-28,12,2,margin,2,40304.86335876417,0.0,2317.9065162743505,856.5586691189209,738.9521664719618,1,LP
rolling_margin_mean14,validation,2025-08-28,18,3,margin,2,30989.815736513745,2.7010926666653177,0.0,1.988892708065638,1.9458674671958176,1,LP
rolling_margin_mean14,validation,2025-08-29,0,0,margin,1,28947.557097361507,0.0,0.0,0.0,0.0,0,MILP
rolling_margin_mean14,validation,2025-08-29,6,1,margin,2,20230.23629782706,1.1368683772161603e-13,1830.126494999999,651.4105425399996,817.3697661146459,1,MILP
rolling_margin_mean14,validation,2025-08-29,12,2,margin,2,25756.60638050446,907.7957681111127,3.410605131648481e-13,331.54141423091727,416.00441169719045,1,LP
rolling_margin_mean14,validation,2025-08-29,18,3,margin,2,21645.143908324655,1.9329297777776446,4.46460711111024,3.9866436380827097,4.370269378791779,1,LP
rolling_margin_mean14,validation,2025-08-30,0,0,margin,1,28108.879917001897,0.0,0.0,0.0,0.0,0,MILP
rolling_margin_mean14,validation,2025-08-30,6,1,margin,2,19466.232352649244,79.03228764555678,805.2843245514413,263.0104773610749,319.43016987042387,1,MILP
rolling_margin_mean14,validation,2025-08-30,12,2,margin,2,25180.227185970478,2.266212222223146,431.65028031222374,153.55431170129572,195.2657827374829,1,LP
rolling_margin_mean14,validation,2025-08-30,18,3,margin,2,21682.48229890876,0.0,21.408650999998883,13.50274617153257,14.598673918050403,1,LP
rolling_margin_mean14,validation,2025-08-31,0,0,margin,1,51588.13970303343,0.0,0.0,0.0,0.0,0,LP
rolling_margin_mean14,validation,2025-08-31,6,1,margin,2,42616.410507435205,1033.625071264705,73.3311215061716,321.22290019134925,266.1320507884922,1,LP
rolling_margin_mean14,validation,2025-08-31,12,2,margin,2,39092.32517724097,0.6100566666663099,2122.9409277160507,803.4818921835788,697.2788125319471,1,LP
rolling_margin_mean14,validation,2025-08-31,18,3,margin,2,31080.747404285885,9.403753963334111,0.0,7.762798896732309,7.423894320860864,1,LP
rolling_margin_mean14,evaluation,2025-09-01,0,0,margin,1,56073.32800519252,0.0,0.0,0.0,0.0,0,LP
rolling_margin_mean14,evaluation,2025-09-01,6,1,margin,2,43702.64801276167,0.0,10193.097117997244,2900.0531730406897,2700.855069555305,1,LP
rolling_margin_mean14,evaluation,2025-09-01,12,2,margin,2,40961.8494549591,1261.1945634663907,2164.1179899999997,972.4570550031555,919.1241722986776,1,MILP
rolling_margin_mean14,evaluation,2025-09-01,18,3,margin,2,30673.507587098375,0.0,5.477795666666452,3.5865114955387507,3.7496457352018435,1,LP
rolling_margin_mean14,evaluation,2025-09-02,0,0,margin,1,50761.64640966267,0.0,0.0,0.0,0.0,0,LP
rolling_margin_mean14,evaluation,2025-09-02,6,1,margin,2,45033.0596075913,5226.635834674889,0.0,1620.8627664614883,1531.4950095159454,1,LP
rolling_margin_mean14,evaluation,2025-09-02,12,2,margin,2,40240.79493634187,7.283063041541027e-13,4420.652647296299,1227.2223984853822,1187.600069583394,1,MILP
rolling_margin_mean14,evaluation,2025-09-02,18,3,margin,2,30389.95376822314,12.546800333332612,0.0,8.222298370888417,8.529942077551892,1,LP
rolling_margin_mean14,evaluation,2025-09-03,0,0,margin,1,52916.88467008021,0.0,0.0,0.0,0.0,0,LP
rolling_margin_mean14,evaluation,2025-09-03,6,1,margin,2,42860.82084241617,786.4246908888883,3832.314183954731,1312.6028213807967,1182.1737240923114,1,LP
rolling_margin_mean14,evaluation,2025-09-03,12,2,margin,2,40397.187941477336,0.0,2175.4549523100095,526.8631337635848,482.48273319211603,1,MILP
rolling_margin_mean14,evaluation,2025-09-03,18,3,margin,2,29925.675626052176,3.48563366666599,0.0,2.344886144755102,2.4284587771955737,1,LP
rolling_margin_mean14,evaluation,2025-09-04,0,0,margin,1,52057.65790882165,0.0,0.0,0.0,0.0,0,LP
rolling_margin_mean14,evaluation,2025-09-04,6,1,margin,2,42306.7226049765,597.0519596411135,3244.705129688621,1032.346617029815,960.3650944113631,1,LP
rolling_margin_mean14,evaluation,2025-09-04,12,2,margin,2,39861.6578788669,0.0,2721.068664063604,835.036505432329,776.625124390275,1,MILP
rolling_margin_mean14,evaluation,2025-09-04,18,3,margin,2,29705.003293913192,6.904965666667067,0.0,4.6141031503613785,4.761577831902271,1,LP
rolling_margin_mean14,evaluation,2025-09-05,0,0,margin,1,27536.853503263686,0.0,0.0,0.0,0.0,0,MILP
rolling_margin_mean14,evaluation,2025-09-05,6,1,margin,2,20628.501972096154,2.8421709430404007e-13,1011.4167593333341,345.32882612380604,479.0503823217438,1,MILP
rolling_margin_mean14,evaluation,2025-09-05,12,2,margin,2,23510.25208307185,0.0,223.31145166666568,75.01901306677718,104.27997108124691,1,LP
rolling_margin_mean14,evaluation,2025-09-05,18,3,margin,2,20392.749286918406,24.612843999998574,0.0,13.78558484989922,16.360497967922853,1,LP
rolling_margin_mean14,evaluation,2025-09-06,0,0,margin,1,26867.415915843234,0.0,0.0,0.0,0.0,0,MILP
rolling_margin_mean14,evaluation,2025-09-06,6,1,margin,2,20249.38904029873,5.684341886080802e-14,453.0071053333362,147.4233472911293,207.29655329226648,1,MILP
rolling_margin_mean14,evaluation,2025-09-06,12,2,margin,2,23495.510355827926,0.0,202.68293377777536,67.22404310154874,92.04347067527223,1,LP
rolling_margin_mean14,evaluation,2025-09-06,18,3,margin,2,20333.927163176908,0.0,1.196709333334013,0.6772946869448233,0.7920034745187048,1,LP
rolling_margin_mean14,evaluation,2025-09-07,0,0,margin,1,48648.51020423189,0.0,0.0,0.0,0.0,0,LP
rolling_margin_mean14,evaluation,2025-09-07,6,1,margin,2,43472.56541790127,5789.626315434843,0.0,1568.4109421848475,1432.6338839241466,1,LP
rolling_margin_mean14,evaluation,2025-09-07,12,2,margin,2,39112.58339081784,24.36673370555161,5003.128104792866,1352.2039748113389,1171.524770717931,1,MILP
rolling_margin_mean14,evaluation,2025-09-07,18,3,margin,2,28975.714359053472,0.0,20.143824666667456,13.022752495511623,13.532576875332238,1,LP
rolling_margin_mean14,evaluation,2025-09-08,0,0,margin,1,50505.17426786837,0.0,0.0,0.0,0.0,0,LP
rolling_margin_mean14,evaluation,2025-09-08,6,1,margin,2,41710.177588808365,1342.5635254705035,3588.3670755349813,1403.2335477480942,1254.961569001079,1,LP
rolling_margin_mean14,evaluation,2025-09-08,12,2,margin,2,38451.95135163484,396.1346171402198,1538.718251559667,491.0482353040128,402.48409494326245,1,LP
rolling_margin_mean14,evaluation,2025-09-08,18,3,margin,2,27450.766152910037,0.0,12.861991333334686,8.512324833445343,8.63822696359534,1,LP
rolling_margin_mean14,evaluation,2025-09-09,0,0,margin,1,44532.04103934597,0.0,0.0,0.0,0.0,0,LP
rolling_margin_mean14,evaluation,2025-09-09,6,1,margin,2,40604.43069764301,5519.020427677713,0.0,1822.5421358415665,1688.7073118772582,1,LP
rolling_margin_mean14,evaluation,2025-09-09,12,2,margin,2,37287.487748442225,3.623767952376511e-13,3799.673583253854,1104.0924431739131,1069.5510894279012,1,MILP
rolling_margin_mean14,evaluation,2025-09-09,18,3,margin,2,27210.75332472017,0.0,11.21096133333333,7.490202512133331,7.423188318695632,1,LP
rolling_margin_mean14,evaluation,2025-09-10,0,0,margin,1,50153.805108892484,0.0,0.0,0.0,0.0,0,LP
rolling_margin_mean14,evaluation,2025-09-10,6,1,margin,2,39850.58684307872,0.4214406211064272,5331.784459163806,1604.1994102610984,1364.140675893918,1,LP
rolling_margin_mean14,evaluation,2025-09-10,12,2,margin,2,37057.741517652306,2095.228718229028,0.0,742.9676856621602,666.4182813522372,1,LP
rolling_margin_mean14,evaluation,2025-09-10,18,3,margin,2,26850.55015910998,0.0,4.6574589999984255,3.070384309615635,3.0978554262549003,1,LP
rolling_margin_mean14,evaluation,2025-09-11,0,0,margin,1,49706.370230137036,0.0,0.0,0.0,0.0,0,LP
rolling_margin_mean14,evaluation,2025-09-11,6,1,margin,2,38561.23923341081,61.99728366666841,9784.045338271608,2485.653915770448,2339.8513878903677,1,LP
rolling_margin_mean14,evaluation,2025-09-11,12,2,margin,2,33882.86572527381,50.05122344444317,1112.75697135391,267.9989320979669,267.4159607239916,1,MILP
rolling_margin_mean14,evaluation,2025-09-11,18,3,margin,2,26581.52381712561,2.9688763333333554,0.0,1.9683102561000143,1.9543456391773963,1,LP
rolling_margin_mean14,evaluation,2025-09-12,0,0,margin,1,24339.970615880677,0.0,0.0,0.0,0.0,0,MILP
rolling_margin_mean14,evaluation,2025-09-12,6,1,margin,2,18011.194335013206,2.6147972675971687e-12,684.0777155555576,222.86340690456848,292.59723561564374,1,MILP
rolling_margin_mean14,evaluation,2025-09-12,12,2,margin,2,22212.117621374487,825.4473377777772,2.6147972675971687e-12,262.8061145924231,345.9611971342255,1,LP
rolling_margin_mean14,evaluation,2025-09-12,18,3,keep_previous,2,18031.808723245776,0.0,0.0,0.0,0.0,0,LP
rolling_margin_mean14,evaluation,2025-09-13,0,0,margin,1,24108.37073168421,0.0,0.0,0.0,0.0,0,MILP
rolling_margin_mean14,evaluation,2025-09-13,6,1,margin,2,18066.62529856308,1.1368683772161603e-13,170.4799289382686,67.07603514767624,83.90948856025189,1,MILP
rolling_margin_mean14,evaluation,2025-09-13,12,2,margin,2,21602.124002734072,184.27160393827023,1.1368683772161603e-13,64.40680464287752,79.25386493073745,1,LP
rolling_margin_mean14,evaluation,2025-09-13,18,3,margin,2,17970.548361755595,3.9680139999980497,0.0,2.2450986321989115,2.538440692403512,1,LP
rolling_margin_mean14,evaluation,2025-09-14,0,0,margin,1,51500.743197932,0.0,0.0,0.0,0.0,0,LP
rolling_margin_mean14,evaluation,2025-09-14,6,1,margin,2,40718.89420333773,0.0,7207.425527053495,2380.693177862171,2130.5343798156255,1,LP
rolling_margin_mean14,evaluation,2025-09-14,12,2,margin,2,35565.90144138892,155.7805218724248,1419.4281508120755,388.1958226201345,282.51269990665,1,LP
rolling_margin_mean14,evaluation,2025-09-14,18,3,margin,2,25739.73525915063,9.293998111110568,0.0,6.1031139502885186,5.956196825723454,1,LP
rolling_margin_mean14,evaluation,2025-09-15,0,0,margin,1,42073.39756670864,0.0,0.0,0.0,0.0,0,MILP
rolling_margin_mean14,evaluation,2025-09-15,6,1,margin,2,34460.23482403332,900.9784753500018,2.2737367544323206e-13,268.2415973334504,246.390974103397,1,LP
rolling_margin_mean14,evaluation,2025-09-15,12,2,margin,2,32440.532001647596,64.40616335666192,434.14925828806304,93.72661335775445,86.35006187055791,1,MILP
rolling_margin_mean14,evaluation,2025-09-15,18,3,keep_previous,2,24496.379364958226,0.0,0.0,0.0,0.0,0,LP
rolling_margin_mean14,evaluation,2025-09-16,0,0,margin,1,48511.434482182296,0.0,0.0,0.0,0.0,0,LP
rolling_margin_mean14,evaluation,2025-09-16,6,1,margin,2,39041.856985913524,135.1037880777833,5070.597091589765,1817.1146171987066,1529.6351996678375,1,LP
rolling_margin_mean14,evaluation,2025-09-16,12,2,margin,2,34479.37179183211,2.5417507388910963,3677.086786722909,940.2302954602476,725.4958824406519,1,MILP
rolling_margin_mean14,evaluation,2025-09-16,18,3,keep_previous,2,24644.588840158307,0.0,0.0,0.0,0.0,0,LP
rolling_margin_mean14,evaluation,2025-09-17,0,0,margin,1,47101.54350258091,0.0,0.0,0.0,0.0,0,LP
rolling_margin_mean14,evaluation,2025-09-17,6,1,margin,2,38198.17044806681,0.0,2714.0596554883327,875.6453671100294,786.1226193457895,1,LP
rolling_margin_mean14,evaluation,2025-09-17,12,2,margin,2,33054.660523500985,3.583045999999399,1642.539045524008,606.389873461573,550.004078745514,1,LP
rolling_margin_mean14,evaluation,2025-09-17,18,3,margin,2,24579.32728053417,5.986805333333791,0.0,3.9373261415114102,3.8165229303368005,1,LP
rolling_margin_mean14,evaluation,2025-09-18,0,0,margin,1,42857.58785822577,0.0,0.0,0.0,0.0,0,LP
rolling_margin_mean14,evaluation,2025-09-18,6,1,margin,2,40467.85097048159,8585.438486599336,0.0,2227.2977868431717,1909.5549175940905,1,LP
rolling_margin_mean14,evaluation,2025-09-18,12,2,margin,2,34342.72479259178,0.0,3904.9830093133305,1055.3543354874555,893.6036294313508,1,LP
rolling_margin_mean14,evaluation,2025-09-18,18,3,margin,2,24552.248715588477,4.164468166667234,0.0,2.7700788488503814,2.657854591099165,1,LP
rolling_margin_mean14,evaluation,2025-09-19,0,0,margin,1,22571.187154224623,0.0,0.0,0.0,0.0,0,MILP
rolling_margin_mean14,evaluation,2025-09-19,6,1,margin,2,16990.854232034944,332.33017168666527,3.410605131648481e-13,104.51346159723643,133.08542004808075,1,MILP
rolling_margin_mean14,evaluation,2025-09-19,12,2,margin,2,20542.085941320114,0.0,765.238294797778,251.7349546464037,318.2790078266537,1,LP
rolling_margin_mean14,evaluation,2025-09-19,18,3,keep_previous,2,16773.70074896584,0.0,0.0,0.0,0.0,0,LP
rolling_margin_mean14,evaluation,2025-09-20,0,0,margin,1,22870.50356965377,0.0,0.0,0.0,0.0,0,MILP
rolling_margin_mean14,evaluation,2025-09-20,6,1,margin,2,16817.253186717055,2.2737367544323206e-13,342.0356136666652,116.24922874069928,144.07130375378375,1,MILP
rolling_margin_mean14,evaluation,2025-09-20,12,2,margin,2,20272.921155718468,12.720784999998727,362.88188888888936,131.1997404857217,162.52745416130307,1,LP
rolling_margin_mean14,evaluation,2025-09-20,18,3,keep_previous,2,16759.997988106465,0.0,0.0,0.0,0.0,0,LP
rolling_margin_mean14,evaluation,2025-09-21,0,0,margin,1,46414.45838576374,0.0,0.0,0.0,0.0,0,LP
rolling_margin_mean14,evaluation,2025-09-21,6,1,margin,2,38071.703627564115,67.34065833333307,1083.2751416019285,431.84359026889626,402.6135324538029,1,LP
rolling_margin_mean14,evaluation,2025-09-21,12,2,margin,2,34776.877820177135,4.547473508864641e-13,2767.6082557119344,657.8213364678771,533.8330008707046,1,MILP
rolling_margin_mean14,evaluation,2025-09-21,18,3,keep_previous,2,24734.1982923065,0.0,0.0,0.0,0.0,0,LP
rolling_margin_mean14,evaluation,2025-09-22,0,0,margin,1,47493.44365185442,0.0,0.0,0.0,0.0,0,LP
rolling_margin_mean14,evaluation,2025-09-22,6,1,margin,2,37645.46858429686,0.0,7842.435856699597,2408.6941661497835,2057.5813744375305,1,LP
rolling_margin_mean14,evaluation,2025-09-22,12,2,margin,2,31897.69864289161,0.0,283.6622211330588,147.53420256765918,129.0159403878278,1,LP
rolling_margin_mean14,evaluation,2025-09-22,18,3,keep_previous,2,23721.385982857926,0.0,0.0,0.0,0.0,0,LP
rolling_margin_mean14,evaluation,2025-09-23,0,0,margin,1,46393.727653785,0.0,0.0,0.0,0.0,0,LP
rolling_margin_mean14,evaluation,2025-09-23,6,1,margin,2,37901.91880441693,0.0,2981.8791666845004,941.7388766133263,811.0096990838083,1,LP
rolling_margin_mean14,evaluation,2025-09-23,12,2,margin,2,32765.81175972274,0.0,1358.3818778984923,397.62355898960146,340.6634863062362,1,LP
rolling_margin_mean14,evaluation,2025-09-23,18,3,keep_previous,2,23899.71927629637,0.0,0.0,0.0,0.0,0,LP
rolling_margin_mean14,evaluation,2025-09-24,0,0,margin,1,41427.52171024591,0.0,0.0,0.0,0.0,0,MILP
rolling_margin_mean14,evaluation,2025-09-24,6,1,margin,2,35416.34393590716,2735.555426529493,4.547473508864641e-13,696.1312761294062,527.5807775596135,1,LP
rolling_margin_mean14,evaluation,2025-09-24,12,2,margin,2,31558.23509657762,1711.477787784631,0.0,586.8063407347272,516.3304502200199,1,LP
rolling_margin_mean14,evaluation,2025-09-24,18,3,keep_previous,2,23814.044530772906,0.0,0.0,0.0,0.0,0,LP
rolling_margin_mean14,evaluation,2025-09-25,0,0,margin,1,44506.061282081835,0.0,0.0,0.0,0.0,0,LP
rolling_margin_mean14,evaluation,2025-09-25,6,1,margin,2,38417.484110704914,2265.4119334540474,50.876558333333605,601.8966358818006,521.9982388329456,1,LP
rolling_margin_mean14,evaluation,2025-09-25,12,2,margin,2,34086.480730567695,68.42932314815316,2653.624762518517,629.5130465671256,480.9706231041346,1,MILP
rolling_margin_mean14,evaluation,2025-09-25,18,3,margin,1,23572.627390026882,0.0,0.0,0.0,0.0,0,LP
rolling_margin_mean14,evaluation,2025-09-26,0,0,margin,1,21857.623190174996,0.0,0.0,0.0,0.0,0,MILP
rolling_margin_mean14,evaluation,2025-09-26,6,1,margin,2,15700.626619731289,1.1368683772161603e-13,1453.3789350000002,446.4931838679166,587.2090123357024,1,MILP
rolling_margin_mean14,evaluation,2025-09-26,12,2,margin,2,19107.903685938,69.27485933333247,4.547473508864641e-13,21.664629744483285,28.25889486458562,1,LP
rolling_margin_mean14,evaluation,2025-09-26,18,3,keep_previous,2,15801.157800193705,0.0,0.0,0.0,0.0,0,LP
rolling_margin_mean14,evaluation,2025-09-27,0,0,margin,1,21069.887504650807,0.0,0.0,0.0,0.0,0,MILP
rolling_margin_mean14,evaluation,2025-09-27,6,1,margin,2,16517.194462053652,1180.1621361111106,3.410605131648481e-13,370.54667515136117,470.8741944017262,1,MILP
rolling_margin_mean14,evaluation,2025-09-27,12,2,margin,2,19983.059468656043,2.5011104298755527e-12,806.5140244444444,250.47426976636217,317.995671714277,1,LP
rolling_margin_mean14,evaluation,2025-09-27,18,3,keep_previous,2,15673.634050800396,0.0,0.0,0.0,0.0,0,LP
rolling_margin_mean14,evaluation,2025-09-28,0,0,margin,1,44737.92892386798,0.0,0.0,0.0,0.0,0,LP
rolling_margin_mean14,evaluation,2025-09-28,6,1,margin,2,42198.6180514998,6074.044466516112,0.0,1990.2519106580014,1637.6759917105342,1,LP
rolling_margin_mean14,evaluation,2025-09-28,12,2,margin,2,34176.52472658839,11.234156750001148,4989.928337119687,1616.581204814897,1317.0583449847263,1,LP
rolling_margin_mean14,evaluation,2025-09-28,18,3,margin,1,23494.242779955403,0.0,0.0,0.0,0.0,0,LP
rolling_margin_mean14,evaluation,2025-09-29,0,0,margin,1,45407.06730005819,0.0,0.0,0.0,0.0,0,LP
rolling_margin_mean14,evaluation,2025-09-29,6,1,margin,2,35965.7337888521,0.0,7890.522642806589,2434.780949274465,2139.036806760276,1,LP
rolling_margin_mean14,evaluation,2025-09-29,12,2,margin,2,31312.775197006453,2757.169383273534,0.0,872.7445062721627,761.8220579018266,1,LP
rolling_margin_mean14,evaluation,2025-09-29,18,3,margin,1,22523.289781376734,0.0,0.0,0.0,0.0,0,LP
rolling_margin_mean14,evaluation,2025-09-30,0,0,margin,1,44903.18177007982,0.0,0.0,0.0,0.0,0,LP
rolling_margin_mean14,evaluation,2025-09-30,6,1,margin,2,38230.83122826354,598.2975579341521,919.7597625020597,704.7589661436514,610.0058145340466,1,LP
rolling_margin_mean14,evaluation,2025-09-30,12,2,margin,2,33064.85232704648,1292.9619936322192,31.802102777777463,403.8366572097382,359.6860928931585,1,LP
rolling_margin_mean14,evaluation,2025-09-30,18,3,margin,1,22705.213808827524,0.0,0.0,0.0,0.0,0,LP
rolling_margin_mean14,evaluation,2025-10-01,0,0,margin,1,41907.591339925995,0.0,0.0,0.0,0.0,0,LP
rolling_margin_mean14,evaluation,2025-10-01,6,1,margin,2,34812.35382912158,455.4627879917722,3038.695321274343,717.6909230629328,812.3896167452425,1,LP
rolling_margin_mean14,evaluation,2025-10-01,12,2,margin,2,32575.458037469725,1.1155520951433573e-12,2856.002803592596,665.8098898183202,711.1207120107013,1,MILP
rolling_margin_mean14,evaluation,2025-10-01,18,3,margin,1,22499.196116774216,0.0,3.410605131648481e-13,2.1403252503660044e-13,2.1823650188577756e-13,0,LP
rolling_margin_mean14,evaluation,2025-10-02,0,0,margin,1,46969.88840605429,0.0,0.0,0.0,0.0,0,LP
rolling_margin_mean14,evaluation,2025-10-02,6,1,margin,2,36580.58527268584,0.0,9409.144562024689,2942.666473664821,2901.0426791754417,1,LP
rolling_margin_mean14,evaluation,2025-10-02,12,2,margin,2,30298.73529478672,1.1368683772161603e-13,2397.2266546831274,519.641013114086,512.0805726828029,1,MILP
rolling_margin_mean14,evaluation,2025-10-02,18,3,margin,1,22477.69329338238,0.0,1.1368683772161603e-13,7.117364475561771e-14,7.243922287411157e-14,0,LP
rolling_margin_mean14,evaluation,2025-10-03,0,0,margin,1,18994.794092851906,0.0,0.0,0.0,0.0,0,MILP
rolling_margin_mean14,evaluation,2025-10-03,6,1,margin,2,13022.259378547496,90.43710000000107,3.979039320256561e-13,29.28504026500054,42.00975556142925,1,MILP
rolling_margin_mean14,evaluation,2025-10-03,12,2,margin,2,17686.44430168658,157.1078500000009,1.1368683772161603e-13,47.921579558333754,69.80981368506004,1,LP
rolling_margin_mean14,evaluation,2025-10-03,18,3,margin,1,14369.77440431215,1.8189894035458565e-12,0.0,6.967638910282403e-13,8.468759915558622e-13,0,LP
rolling_margin_mean14,evaluation,2025-10-04,0,0,margin,1,20362.27388792463,0.0,0.0,0.0,0.0,0,MILP
rolling_margin_mean14,evaluation,2025-10-04,6,1,margin,2,14181.394008557527,1.6484591469634324e-12,391.87917166666665,124.88874129361176,168.54049109495315,1,MILP
rolling_margin_mean14,evaluation,2025-10-04,12,2,margin,2,18046.216543484028,4.547473508864641e-13,120.30519833333386,37.37398852008381,50.59901136677831,1,LP
rolling_margin_mean14,evaluation,2025-10-04,18,3,margin,1,14376.954336906037,2.5011104298755527e-12,2.0463630789890885e-12,1.8275045476912055e-12,2.1373807612690147e-12,0,LP
rolling_margin_mean14,evaluation,2025-10-05,0,0,margin,1,45435.71292017004,0.0,0.0,0.0,0.0,0,LP
rolling_margin_mean14,evaluation,2025-10-05,6,1,margin,2,35590.74687494841,148.44599999999866,10495.613323401929,2858.95237245509,2707.4399825773953,1,LP
rolling_margin_mean14,evaluation,2025-10-05,12,2,margin,2,29576.44272469432,180.81290534979343,250.1272559478714,115.24478862382071,111.07549231423559,1,LP
rolling_margin_mean14,evaluation,2025-10-05,18,3,margin,1,22095.36473155088,0.0,0.0,0.0,0.0,0,LP
rolling_margin_mean14,evaluation,2025-10-06,0,0,margin,1,38406.67852802364,0.0,0.0,0.0,0.0,0,MILP
rolling_margin_mean14,evaluation,2025-10-06,6,1,margin,2,33107.85623664728,3094.0306694518513,1.2079226507921703e-12,775.80104767591,625.3215815954196,1,LP
rolling_margin_mean14,evaluation,2025-10-06,12,2,margin,2,28465.990327629177,5.114316666666696,702.8209139657046,223.0760233827313,199.91052410836517,1,LP
rolling_margin_mean14,evaluation,2025-10-06,18,3,margin,2,21287.301830401608,95.75867044420124,0.0,63.30605703066144,60.00340888609126,1,LP
rolling_margin_mean14,evaluation,2025-10-07,0,0,margin,1,40286.270079669586,0.0,0.0,0.0,0.0,0,LP
rolling_margin_mean14,evaluation,2025-10-07,6,1,margin,2,33372.38325272296,342.6056347846343,1326.5748716968503,458.3316482567534,381.78451780319756,1,LP
rolling_margin_mean14,evaluation,2025-10-07,12,2,margin,2,29280.535539356475,994.6706725308651,724.8790722455461,544.78253112847,484.99011051194736,1,LP
rolling_margin_mean14,evaluation,2025-10-07,18,3,margin,1,21298.299859907092,0.0,7.958078640513122e-13,5.133756530995015e-13,4.93784568789124e-13,0,LP
rolling_margin_mean14,evaluation,2025-10-08,0,0,margin,1,38638.680923818014,0.0,0.0,0.0,0.0,0,LP
rolling_margin_mean14,evaluation,2025-10-08,6,1,margin,2,31150.35598221187,2.946241666666765,1676.0708101454106,448.73228166974263,375.7039554940167,1,LP
rolling_margin_mean14,evaluation,2025-10-08,12,2,margin,2,26706.227852781678,510.04394224999885,0.0,153.9282414409575,133.60587648405115,1,LP
rolling_margin_mean14,evaluation,2025-10-08,18,3,margin,2,20575.247273778077,29.935441000000083,0.0,18.462683236750053,18.620271951157196,1,LP
rolling_margin_mean14,evaluation,2025-10-09,0,0,margin,1,44356.250849239,0.0,0.0,0.0,0.0,0,LP
rolling_margin_mean14,evaluation,2025-10-09,6,1,margin,2,33890.512144954824,0.0,13251.982621774649,3832.6879787176613,3483.7263196014956,1,LP
rolling_margin_mean14,evaluation,2025-10-09,12,2,margin,2,26450.65605894477,806.5840334526771,0.0,217.8227095976833,201.21626971634402,1,LP
rolling_margin_mean14,evaluation,2025-10-09,18,3,margin,2,20605.640650866382,90.9535877777771,0.0,58.904162584444,56.4362606424083,1,LP
rolling_margin_mean14,evaluation,2025-10-10,0,0,margin,1,17823.703903524918,0.0,0.0,0.0,0.0,0,MILP
rolling_margin_mean14,evaluation,2025-10-10,6,1,margin,2,11807.107914527984,29.32480833333358,293.3307333333334,99.26176926125014,128.0510093887799,1,MILP
rolling_margin_mean14,evaluation,2025-10-10,12,2,margin,2,15982.484887708,0.0,415.819461666667,136.710043785528,175.03408086564505,1,LP
rolling_margin_mean14,evaluation,2025-10-10,18,3,margin,2,12923.539633549623,115.10447333333315,0.0,65.82824829933323,70.56644172661893,1,LP
rolling_margin_mean14,evaluation,2025-10-11,0,0,margin,1,17957.257542499847,0.0,0.0,0.0,0.0,0,MILP
rolling_margin_mean14,evaluation,2025-10-11,6,1,margin,2,12661.406633706538,325.96268611111134,1.7053025658242404e-13,103.87389898013907,136.53199557381964,1,MILP
rolling_margin_mean14,evaluation,2025-10-11,12,2,margin,2,16325.479078444698,5.684341886080801e-13,514.9540050000007,161.3415456923062,212.5447531079551,1,LP
rolling_margin_mean14,evaluation,2025-10-11,18,3,keep_previous,2,12843.828605374056,0.0,0.0,0.0,0.0,0,LP
rolling_margin_mean14,evaluation,2025-10-12,0,0,margin,1,39871.56015782022,0.0,0.0,0.0,0.0,0,LP
rolling_margin_mean14,evaluation,2025-10-12,6,1,margin,2,33039.30936345594,391.1389416666666,787.0644674732566,476.7962161013857,430.7488997843485,1,LP
rolling_margin_mean14,evaluation,2025-10-12,12,2,margin,2,28058.593331989854,3.410605131648481e-13,2399.8407442908074,577.9584001635183,436.4660833261322,1,MILP
rolling_margin_mean14,evaluation,2025-10-12,18,3,margin,2,20604.770117060143,397.1338967561062,3.410605131648481e-13,252.8157570463602,244.3957029507328,1,LP
rolling_margin_mean14,evaluation,2025-10-13,0,0,margin,1,41131.75934010965,0.0,0.0,0.0,0.0,0,LP
rolling_margin_mean14,evaluation,2025-10-13,6,1,margin,2,33146.05543508668,556.6768456666662,6744.350845695474,2079.671458462475,1852.4938297734561,1,LP
rolling_margin_mean14,evaluation,2025-10-13,12,2,margin,2,27321.54807901383,218.36380833333203,1534.6752694951979,413.01432843537725,329.362504116619,1,MILP
rolling_margin_mean14,evaluation,2025-10-13,18,3,margin,2,20809.08705542775,613.0785256322193,0.0,390.74811263859175,376.4827113185386,1,LP
rolling_margin_mean14,evaluation,2025-10-14,0,0,margin,1,43015.83606037725,0.0,0.0,0.0,0.0,0,LP
rolling_margin_mean14,evaluation,2025-10-14,6,1,margin,2,34465.965073168554,588.1987613552798,9202.950171283952,2740.274104136419,2245.3688587112765,1,LP
rolling_margin_mean14,evaluation,2025-10-14,12,2,margin,2,28793.860113259536,3682.001736466167,0.0,1025.4083986153537,871.8366525197696,1,LP
rolling_margin_mean14,evaluation,2025-10-14,18,3,margin,1,20231.07972350493,0.0,0.0,0.0,0.0,0,LP
rolling_margin_mean14,evaluation,2025-10-15,0,0,margin,1,44020.54216161457,0.0,0.0,0.0,0.0,0,LP
rolling_margin_mean14,evaluation,2025-10-15,6,1,margin,2,34512.56388691903,0.0,8527.211039723405,2752.955000801041,2374.1504783429377,1,LP
rolling_margin_mean14,evaluation,2025-10-15,12,2,margin,2,28100.720643461606,1560.9738611351138,0.0,469.3107435200699,397.98837005062137,1,LP
rolling_margin_mean14,evaluation,2025-10-15,18,3,margin,2,19526.06463177714,46.140466666664565,0.0,29.767522069998645,28.204678549046335,1,LP
rolling_margin_mean14,evaluation,2025-10-16,0,0,margin,1,42105.01246308846,0.0,0.0,0.0,0.0,0,LP
rolling_margin_mean14,evaluation,2025-10-16,6,1,margin,2,35344.99633189372,781.2711034087821,1554.3647381275803,926.9094386061203,757.51312257125,1,LP
rolling_margin_mean14,evaluation,2025-10-16,12,2,margin,2,29388.275523688528,61.66020035777581,1353.5767032153599,345.5191394042426,248.3895669919227,1,LP
rolling_margin_mean14,evaluation,2025-10-16,18,3,margin,2,19775.146687106917,187.42894530445017,0.0,119.62652434056531,114.51439985738645,1,LP
rolling_margin_mean14,evaluation,2025-10-17,0,0,margin,1,16245.90934194192,0.0,0.0,0.0,0.0,0,MILP
rolling_margin_mean14,evaluation,2025-10-17,6,1,margin,2,11747.441124782166,943.7126013644461,1.7053025658242404e-13,318.7967853585159,402.77360185856594,1,MILP
rolling_margin_mean14,evaluation,2025-10-17,12,2,margin,2,15485.756769318723,0.0,129.6076373333329,45.825004091566456,58.84731609587399,1,LP
rolling_margin_mean14,evaluation,2025-10-17,18,3,margin,2,12074.26711240368,0.45208444444381257,0.0,0.24055413288855268,0.2532593203647254,1,LP
rolling_margin_mean14,evaluation,2025-10-18,0,0,margin,1,18197.281293973047,0.0,0.0,0.0,0.0,0,MILP
rolling_margin_mean14,evaluation,2025-10-18,6,1,margin,2,12373.187381006905,1.4085347777769925,431.99539466666903,133.5813863950837,171.41645042932714,1,MILP
rolling_margin_mean14,evaluation,2025-10-18,12,2,margin,2,16098.96557004829,1.1125955555562541,616.391353999999,195.18487121015573,249.3207063842251,1,LP
rolling_margin_mean14,evaluation,2025-10-18,18,3,keep_previous,2,12257.899286580028,0.0,0.0,0.0,0.0,0,LP
rolling_margin_mean14,evaluation,2025-10-19,0,0,margin,1,43684.787140034605,0.0,0.0,0.0,0.0,0,LP
rolling_margin_mean14,evaluation,2025-10-19,6,1,margin,2,36438.031804548526,0.3794873333334863,640.8423805583013,261.6196963759828,221.12126722104665,1,LP
rolling_margin_mean14,evaluation,2025-10-19,12,2,margin,2,30399.99560792258,6.165702999999894,2600.7144329122007,788.3883933072387,623.868226645038,1,LP
rolling_margin_mean14,evaluation,2025-10-19,18,3,margin,1,19604.835549315405,0.0,0.0,0.0,0.0,0,LP
rolling_margin_mean14,evaluation,2025-10-20,0,0,margin,1,46799.792367213995,0.0,0.0,0.0,0.0,0,LP
rolling_margin_mean14,evaluation,2025-10-20,6,1,margin,2,38819.62650874604,0.0,2628.6831304366697,1203.8913666634337,1058.3822615274494,1,LP
rolling_margin_mean14,evaluation,2025-10-20,12,2,margin,2,29969.676334251042,11.228147666666246,2883.049200961583,934.3069792781572,830.6237892665962,1,LP
rolling_margin_mean14,evaluation,2025-10-20,18,3,margin,1,19665.691293913023,0.0,0.0,0.0,0.0,0,LP
rolling_margin_mean14,evaluation,2025-10-21,0,0,margin,1,45598.85343389361,0.0,0.0,0.0,0.0,0,LP
rolling_margin_mean14,evaluation,2025-10-21,6,1,margin,2,38771.78619510968,318.129975002225,543.4624772511097,405.626972820187,361.4784654483368,1,LP
rolling_margin_mean14,evaluation,2025-10-21,12,2,margin,2,30610.335499075303,20.189447999998833,2266.229180413146,898.3567026251527,767.0702318310932,1,LP
rolling_margin_mean14,evaluation,2025-10-21,18,3,margin,2,19724.207572523846,4.8811302066667395,0.0,3.110012111177713,2.9899886059173544,1,LP
rolling_margin_mean14,evaluation,2025-10-22,0,0,margin,1,43809.66922556787,0.0,0.0,0.0,0.0,0,LP
rolling_margin_mean14,evaluation,2025-10-22,6,1,margin,2,36026.188506755454,0.0,2098.4243249917627,885.396056563003,801.9996513796445,1,LP
rolling_margin_mean14,evaluation,2025-10-22,12,2,margin,2,28700.44105714353,976.9617377201668,0.0,434.937796580444,388.6382953323665,1,LP
rolling_margin_mean14,evaluation,2025-10-22,18,3,margin,2,19046.67166435307,27.29769967666431,0.0,17.268524815457845,16.705997218549438,1,LP
rolling_margin_mean14,evaluation,2025-10-23,0,0,margin,1,49800.95538800693,0.0,0.0,0.0,0.0,0,LP
rolling_margin_mean14,evaluation,2025-10-23,6,1,margin,2,38869.680696750394,211.2514192222194,15128.277714854596,5192.69312454944,4557.726369852512,1,LP
rolling_margin_mean14,evaluation,2025-10-23,12,2,margin,2,28989.014810983437,1008.2704018299038,0.0,337.3410296089759,290.42693897985976,1,LP
rolling_margin_mean14,evaluation,2025-10-23,18,3,margin,2,19231.301170355975,71.79348552333408,0.0,44.49042297881013,43.92812614397916,1,LP
rolling_margin_mean14,evaluation,2025-10-24,0,0,margin,1,17239.68774415207,0.0,0.0,0.0,0.0,0,MILP
rolling_margin_mean14,evaluation,2025-10-24,6,1,margin,2,12367.29753113236,338.61919099999994,5.684341886080802e-14,111.43993810146668,139.61294551122538,1,MILP
rolling_margin_mean14,evaluation,2025-10-24,12,2,margin,2,15688.771722008289,0.304955444443749,181.06528677777897,59.71167357483358,74.53930841604907,1,LP
rolling_margin_mean14,evaluation,2025-10-24,18,3,margin,2,11697.582426266647,13.113353693332499,0.0,6.449147346380923,7.389374806192863,1,LP
rolling_margin_mean14,evaluation,2025-10-25,0,0,margin,1,17404.489674044406,0.0,0.0,0.0,0.0,0,MILP
rolling_margin_mean14,evaluation,2025-10-25,6,1,margin,2,12408.800518540686,103.94638100000265,1.5916157281026244e-12,36.58986723926809,46.81380986209143,1,MILP
rolling_margin_mean14,evaluation,2025-10-25,12,2,margin,2,15877.517701337649,40.3426273333356,106.25607866666763,47.69079906476814,61.326433438644955,1,LP
rolling_margin_mean14,evaluation,2025-10-25,18,3,margin,2,11823.608858405838,11.99533718110979,0.0,5.875915918166631,6.732254471428072,1,LP
rolling_margin_mean14,evaluation,2025-10-26,0,0,margin,1,46580.2418872242,0.0,0.0,0.0,0.0,0,LP
rolling_margin_mean14,evaluation,2025-10-26,6,1,margin,2,37754.11423500862,180.20471602777786,7548.200588251028,2761.31676956762,2459.513300688304,1,LP
rolling_margin_mean14,evaluation,2025-10-26,12,2,margin,2,29451.10421695516,697.5143109886812,0.0,211.23343592808783,180.06565801356743,1,LP
rolling_margin_mean14,evaluation,2025-10-26,18,3,margin,2,19190.884323170674,59.53501243111185,0.0,36.78966093180557,36.368663343899854,1,LP
rolling_margin_mean14,evaluation,2025-10-27,0,0,margin,1,43070.17498216823,0.0,0.0,0.0,0.0,0,LP
rolling_margin_mean14,evaluation,2025-10-27,6,1,margin,2,41044.776840998595,5781.396064381345,21.497084159120732,1845.3522229608666,1620.6654140309076,1,LP
rolling_margin_mean14,evaluation,2025-10-27,12,2,margin,2,32195.95584671859,68.26934466666785,4274.25016813031,1197.7588616143548,1078.3940646842689,1,MILP
rolling_margin_mean14,evaluation,2025-10-27,18,3,margin,1,19221.034896286852,0.0,2.2737367544323206e-13,1.4692886907141656e-13,1.4085271361961663e-13,0,LP
rolling_margin_mean14,evaluation,2025-10-28,0,0,margin,1,43314.08634537826,0.0,0.0,0.0,0.0,0,LP
rolling_margin_mean14,evaluation,2025-10-28,6,1,margin,2,40132.16150947366,4024.5939572298876,41.70287155555525,1442.6123957423154,1223.7354874074015,1,LP
rolling_margin_mean14,evaluation,2025-10-28,12,2,margin,2,31138.81101304211,0.7221942799995986,2092.272644853228,662.5651501980124,546.913254608233,1,LP
rolling_margin_mean14,evaluation,2025-10-28,18,3,margin,1,19164.197683204908,0.0,0.0,0.0,0.0,0,LP
rolling_margin_mean14,evaluation,2025-10-29,0,0,margin,1,47289.791895676346,0.0,0.0,0.0,0.0,0,LP
rolling_margin_mean14,evaluation,2025-10-29,6,1,margin,2,40785.66355488927,413.7978152966705,825.2971850054869,539.7009607520904,462.73763894720514,1,LP
rolling_margin_mean14,evaluation,2025-10-29,12,2,margin,2,30932.48330203546,0.0,2317.8001831169777,726.5836886873931,608.1908474143403,1,LP
rolling_margin_mean14,evaluation,2025-10-29,18,3,margin,2,18672.53583640509,59.588002598145636,0.0,37.70132924384674,36.46104753262534,1,LP
rolling_margin_mean14,evaluation,2025-10-30,0,0,margin,1,42129.94651094453,0.0,0.0,0.0,0.0,0,LP
rolling_margin_mean14,evaluation,2025-10-30,6,1,margin,2,37490.68833267167,1766.1269073455599,137.45433918929825,788.635356597958,703.261544041785,1,LP
rolling_margin_mean14,evaluation,2025-10-30,12,2,margin,2,29772.776555142886,0.0,825.0995907804037,240.25903477958667,201.28926457151857,1,LP
rolling_margin_mean14,evaluation,2025-10-30,18,3,margin,2,18636.73548415816,7.835837465554846,0.0,5.003182221756769,4.777510102748789,1,LP
rolling_margin_mean14,evaluation,2025-10-31,0,0,margin,1,18432.29694418779,0.0,0.0,0.0,0.0,0,MILP
rolling_margin_mean14,evaluation,2025-10-31,6,1,margin,2,12971.314559890077,3.979039320256561e-13,1220.9968035788766,384.2296688894623,485.398643597793,1,MILP
rolling_margin_mean14,evaluation,2025-10-31,12,2,margin,2,14992.807499886043,126.25534100000101,15.024757222223059,49.31262257488953,61.89369811854688,1,MILP
rolling_margin_mean14,evaluation,2025-10-31,18,3,keep_previous,2,11425.743918462776,0.0,0.0,0.0,0.0,0,LP
rolling_margin_mean14,evaluation,2025-11-01,0,0,margin,1,17923.01016273006,0.0,0.0,0.0,0.0,0,MILP
rolling_margin_mean14,evaluation,2025-11-01,6,1,margin,2,12723.787989711693,2.2737367544323206e-13,471.15084588889215,150.80666928800676,195.75476097292176,1,MILP
rolling_margin_mean14,evaluation,2025-11-01,12,2,margin,2,15996.039605944221,288.5366643333362,3.979039320256561e-13,97.27008120012904,124.71505332960315,1,LP
rolling_margin_mean14,evaluation,2025-11-01,18,3,keep_previous,2,11535.896828503714,0.0,0.0,0.0,0.0,0,LP
rolling_margin_mean14,evaluation,2025-11-02,0,0,margin,1,46886.83232436508,0.0,0.0,0.0,0.0,0,LP
rolling_margin_mean14,evaluation,2025-11-02,6,1,margin,2,43691.31186930725,4024.8600547647557,9.479155000000446,1317.7604319090674,1148.2061961096558,1,LP
rolling_margin_mean14,evaluation,2025-11-02,12,2,margin,2,32449.68082230397,0.0,4508.1295972201715,1688.9061861702407,1499.4736210609062,1,LP
rolling_margin_mean14,evaluation,2025-11-02,18,3,keep_previous,2,18939.844033128946,0.0,0.0,0.0,0.0,0,LP
rolling_margin_mean14,evaluation,2025-11-03,0,0,margin,1,49801.72203546129,0.0,0.0,0.0,0.0,0,LP
rolling_margin_mean14,evaluation,2025-11-03,6,1,margin,2,42039.63976996437,0.0,3570.0132154311846,1350.0109355491363,1191.9128603591948,1,LP
rolling_margin_mean14,evaluation,2025-11-03,12,2,margin,2,31728.24751673845,5.603730636667706,1970.4914406954713,773.6263318664699,676.0783341993196,1,LP
rolling_margin_mean14,evaluation,2025-11-03,18,3,keep_previous,2,19100.53172898397,0.0,0.0,0.0,0.0,0,LP
rolling_margin_mean14,evaluation,2025-11-04,0,0,margin,1,46076.996269154304,0.0,0.0,0.0,0.0,0,LP
rolling_margin_mean14,evaluation,2025-11-04,6,1,margin,2,41464.78890525353,2156.9834334854977,36.062754111110735,807.81336465545,703.0745126416369,1,LP
rolling_margin_mean14,evaluation,2025-11-04,12,2,margin,2,31322.421500287677,0.0,3810.3148589518896,1179.7484402925393,1041.2601411297348,1,LP
rolling_margin_mean14,evaluation,2025-11-04,18,3,margin,2,19011.40645272764,62.18413550666378,0.0,40.027928025639476,38.00938656985352,1,LP
rolling_margin_mean14,evaluation,2025-11-05,0,0,margin,1,50696.688275803375,0.0,0.0,0.0,0.0,0,LP
rolling_margin_mean14,evaluation,2025-11-05,6,1,margin,2,41477.37399107694,1.5722590000001446,8019.8615085349775,3138.6236172499875,2737.968057978664,1,LP
rolling_margin_mean14,evaluation,2025-11-05,12,2,margin,2,30602.37227545562,572.0056357832664,221.58075332647059,314.9049883224609,277.84826942192103,1,LP
rolling_margin_mean14,evaluation,2025-11-05,18,3,margin,2,18592.475119690243,40.372783929998604,0.0,24.96881171247264,24.684681085767323,1,LP
rolling_margin_mean14,evaluation,2025-11-06,0,0,margin,1,47292.77982100357,0.0,0.0,0.0,0.0,0,LP
rolling_margin_mean14,evaluation,2025-11-06,6,1,margin,2,43037.64267583636,2028.138900105621,10.739125555555574,860.6152171729052,740.9984921643043,1,LP
rolling_margin_mean14,evaluation,2025-11-06,12,2,margin,2,31154.91792475848,32.99678364444583,2157.3744879777773,796.6790615229845,681.8184884160776,1,LP
rolling_margin_mean14,evaluation,2025-11-06,18,3,keep_previous,2,18469.372573907385,0.0,0.0,0.0,0.0,0,LP
rolling_margin_mean14,evaluation,2025-11-07,0,0,margin,1,17465.98288491825,0.0,0.0,0.0,0.0,0,MILP
rolling_margin_mean14,evaluation,2025-11-07,6,1,margin,2,13194.569347464923,212.31748005111035,3.979039320256561e-13,69.01880667802968,90.70179422566206,1,MILP
rolling_margin_mean14,evaluation,2025-11-07,12,2,margin,2,14011.074691241467,0.0,62.83203927332926,19.99203415728911,25.89542007870009,1,MILP
rolling_margin_mean14,evaluation,2025-11-07,18,3,margin,2,11248.59794510403,89.2064283333334,2.8421709430404007e-13,45.4640562000835,49.96483910388709,1,LP
rolling_margin_mean14,evaluation,2025-11-08,0,0,margin,1,17925.20711039383,0.0,0.0,0.0,0.0,0,MILP
rolling_margin_mean14,evaluation,2025-11-08,6,1,margin,2,13425.814880495713,23.23675715555629,23.170262666667213,15.343942417526444,20.04092986408996,1,MILP
rolling_margin_mean14,evaluation,2025-11-08,12,2,margin,2,15172.867984473363,6.845935275406304e-13,75.3540979622199,26.873721911453263,34.555331672152036,1,MILP
rolling_margin_mean14,evaluation,2025-11-08,18,3,keep_previous,2,11205.311378172832,0.0,0.0,0.0,0.0,0,LP
rolling_margin_mean14,evaluation,2025-11-09,0,0,margin,1,49558.714085417865,0.0,0.0,0.0,0.0,0,LP
rolling_margin_mean14,evaluation,2025-11-09,6,1,margin,2,42505.7061834246,5.598201333333009,1638.0173307407506,680.2316625266105,604.7446666583276,1,LP
rolling_margin_mean14,evaluation,2025-11-09,12,2,margin,2,32124.48719916961,150.30453551714743,1809.896573946412,706.9277161374253,615.8018822963567,1,LP
rolling_margin_mean14,evaluation,2025-11-09,18,3,margin,2,18771.967071156327,40.07833887444542,0.0,26.128006939339357,24.576955488294807,1,LP
rolling_margin_mean14,evaluation,2025-11-10,0,0,margin,1,50328.92343480842,0.0,0.0,0.0,0.0,0,LP
rolling_margin_mean14,evaluation,2025-11-10,6,1,margin,2,46603.15012780845,3056.06047549722,185.55902188888945,1177.2280191016998,971.5137517155556,1,LP
rolling_margin_mean14,evaluation,2025-11-10,12,2,margin,2,33349.11045092563,0.0,3656.185464659816,1405.3095385237361,1193.543590459231,1,LP
rolling_margin_mean14,evaluation,2025-11-10,18,3,keep_previous,2,18792.329481543653,0.0,0.0,0.0,0.0,0,LP
rolling_margin_mean14,evaluation,2025-11-11,0,0,margin,1,52296.96925619987,0.0,0.0,0.0,0.0,0,LP
rolling_margin_mean14,evaluation,2025-11-11,6,1,margin,2,44771.61722926851,0.09157533333336687,2791.728120314635,1170.0212939315725,1066.5714801455908,1,LP
rolling_margin_mean14,evaluation,2025-11-11,12,2,margin,2,32404.205468286244,0.9989206666654127,3121.5392639944985,1243.4822729403572,1103.6273221310457,1,LP
rolling_margin_mean14,evaluation,2025-11-11,18,3,margin,2,18755.35694501925,24.11981052666897,0.0,15.560895761280486,14.820159151570396,1,LP
rolling_margin_mean14,evaluation,2025-11-12,0,0,margin,1,49525.832774466595,0.0,0.0,0.0,0.0,0,LP
rolling_margin_mean14,evaluation,2025-11-12,6,1,margin,2,46943.32752630867,3328.9198257264,0.0,1370.3054574720518,1249.259550928668,1,LP
rolling_margin_mean14,evaluation,2025-11-12,12,2,margin,2,33056.14651273132,0.0,5230.7476174626245,2044.2516702139785,1839.3883968838625,1,LP
rolling_margin_mean14,evaluation,2025-11-12,18,3,margin,2,18772.69783040796,7.0586032588900025,0.0,4.479389628091596,4.339175516213217,1,LP
rolling_margin_mean14,evaluation,2025-11-13,0,0,margin,1,48362.344076546025,0.0,0.0,0.0,0.0,0,LP
rolling_margin_mean14,evaluation,2025-11-13,6,1,margin,2,43459.94109458376,1585.0995612528222,662.7543739327899,959.0045103826626,840.7722980048284,1,LP
rolling_margin_mean14,evaluation,2025-11-13,12,2,margin,2,32685.158163017124,49.39869762000001,1791.176094780745,622.4546755185922,488.5912948372452,1,LP
rolling_margin_mean14,evaluation,2025-11-13,18,3,margin,2,19018.46375410307,311.8127933188846,0.0,201.58697088065887,191.81052619299285,1,LP
rolling_margin_mean14,evaluation,2025-11-14,0,0,margin,1,18728.027765110503,0.0,0.0,0.0,0.0,0,MILP
rolling_margin_mean14,evaluation,2025-11-14,6,1,margin,2,13892.461769390022,4.547473508864641e-13,573.3295381111122,186.69735334097297,241.0307014042351,1,MILP
rolling_margin_mean14,evaluation,2025-11-14,12,2,margin,2,14944.52420271832,303.7633086777827,0.0,99.50995688890943,128.67107787556392,1,MILP
rolling_margin_mean14,evaluation,2025-11-14,18,3,keep_previous,2,11354.196865297783,0.0,0.0,0.0,0.0,0,LP
rolling_margin_mean14,evaluation,2025-11-15,0,0,margin,1,20271.613411230035,0.0,0.0,0.0,0.0,0,LP
rolling_margin_mean14,evaluation,2025-11-15,6,1,margin,2,16183.219008374506,9.663381206337363e-13,430.0044891111132,138.47848521654004,176.68725346717994,1,MILP
rolling_margin_mean14,evaluation,2025-11-15,12,2,margin,2,16317.458129482118,2.2668600000017136,266.7900104444433,88.11961418632828,112.23706327459982,1,LP
rolling_margin_mean14,evaluation,2025-11-15,18,3,keep_previous,2,11312.760795361028,0.0,0.0,0.0,0.0,0,LP
rolling_margin_mean14,evaluation,2025-11-16,0,0,margin,1,50367.90734653417,0.0,0.0,0.0,0.0,0,LP
rolling_margin_mean14,evaluation,2025-11-16,6,1,margin,2,47684.3704218208,3071.749784909399,72.29099955555614,1440.4784408888845,1294.0133379476342,1,LP
rolling_margin_mean14,evaluation,2025-11-16,12,2,margin,2,33717.00552043192,0.0,2740.966777259296,1155.7440748444399,1041.7431583369496,1,LP
rolling_margin_mean14,evaluation,2025-11-16,18,3,margin,2,19086.061604083032,125.87673736777776,0.0,81.3352538501896,77.15210013159256,1,LP
rolling_margin_mean14,evaluation,2025-11-17,0,0,margin,1,48694.08664748568,0.0,0.0,0.0,0.0,0,LP
rolling_margin_mean14,evaluation,2025-11-17,6,1,margin,2,49708.12697772764,6998.03665746803,0.0,2704.009651715057,2464.8647570241574,1,LP
rolling_margin_mean14,evaluation,2025-11-17,12,2,margin,2,34165.7652197541,0.0,4033.019911834692,1565.4603632404742,1452.7121967724074,1,LP
rolling_margin_mean14,evaluation,2025-11-17,18,3,keep_previous,2,19029.602926539053,0.0,0.0,0.0,0.0,0,LP
rolling_margin_mean14,evaluation,2025-11-18,0,0,margin,1,51595.625023122935,0.0,0.0,0.0,0.0,0,LP
rolling_margin_mean14,evaluation,2025-11-18,6,1,margin,2,44712.15617420855,408.9020436311115,2092.654680580005,1186.5048407191234,1031.99114150447,1,LP
rolling_margin_mean14,evaluation,2025-11-18,12,2,margin,2,33694.613266158274,706.0911565200053,0.0,280.87017880498763,237.33896266394245,1,LP
rolling_margin_mean14,evaluation,2025-11-18,18,3,keep_previous,2,18975.401989743732,0.0,0.0,0.0,0.0,0,LP
rolling_margin_mean14,evaluation,2025-11-19,0,0,margin,1,51108.43966757254,0.0,0.0,0.0,0.0,0,LP
rolling_margin_mean14,evaluation,2025-11-19,6,1,margin,2,51040.99663530148,5801.695361530756,22.217689666666956,2392.8429469041325,2155.024603878505,1,LP
rolling_margin_mean14,evaluation,2025-11-19,12,2,margin,2,34624.54277978791,10.862236277778834,4316.53489776447,1668.292358786543,1494.4648564692602,1,LP
rolling_margin_mean14,evaluation,2025-11-19,18,3,keep_previous,2,18934.612019730637,0.0,0.0,0.0,0.0,0,LP
rolling_margin_mean14,evaluation,2025-11-20,0,0,margin,1,51015.98102026274,0.0,0.0,0.0,0.0,0,LP
rolling_margin_mean14,evaluation,2025-11-20,6,1,margin,2,46038.23842215406,1325.7602608700001,4.977663444444261,554.9450055320993,483.82932213214343,1,LP
rolling_margin_mean14,evaluation,2025-11-20,12,2,margin,2,34343.96553138781,35.38236420555427,1001.4018600323263,418.73994951865063,356.43987961736497,1,LP
rolling_margin_mean14,evaluation,2025-11-20,18,3,keep_previous,2,18894.30018431253,0.0,0.0,0.0,0.0,0,LP
rolling_margin_mean14,evaluation,2025-11-21,0,0,margin,1,19397.59653324011,0.0,0.0,0.0,0.0,0,MILP
rolling_margin_mean14,evaluation,2025-11-21,6,1,margin,2,15782.325767914368,1532.4952472128193,4.547473508864641e-13,254.2896783361042,354.247579312486,1,LP
rolling_margin_mean14,evaluation,2025-11-21,12,2,margin,2,15536.100174668944,7.42259671444674,1019.270259181076,171.66821979852793,243.0768185498116,1,MILP
rolling_margin_mean14,evaluation,2025-11-21,18,3,keep_previous,2,11464.768470261206,0.0,0.0,0.0,0.0,0,LP
rolling_margin_mean14,evaluation,2025-11-22,0,0,margin,1,21753.607129467888,0.0,0.0,0.0,0.0,0,LP
rolling_margin_mean14,evaluation,2025-11-22,6,1,margin,2,17220.515014065397,6.821210263296962e-13,2195.102200312762,395.5160211446123,606.9458179689694,1,MILP
rolling_margin_mean14,evaluation,2025-11-22,12,2,margin,2,16085.209427820651,86.07451008889049,0.0,30.928841640493747,38.29721689061385,1,MILP
rolling_margin_mean14,evaluation,2025-11-22,18,3,keep_previous,2,11428.465240849455,0.0,0.0,0.0,0.0,0,LP
rolling_margin_mean14,evaluation,2025-11-23,0,0,margin,1,52321.72413748895,0.0,0.0,0.0,0.0,0,LP
rolling_margin_mean14,evaluation,2025-11-23,6,1,margin,2,49543.665039344494,2999.7322616129513,107.09593866666819,1423.4017395920487,1274.1720661459217,1,LP
rolling_margin_mean14,evaluation,2025-11-23,12,2,margin,2,34043.19755668326,0.0,3229.1637858982663,1255.2301575766337,1160.1723758137673,1,LP
rolling_margin_mean14,evaluation,2025-11-23,18,3,keep_previous,2,19046.015966969244,0.0,0.0,0.0,0.0,0,LP
rolling_margin_mean14,evaluation,2025-11-24,0,0,margin,1,51821.226426832945,0.0,0.0,0.0,0.0,0,LP
rolling_margin_mean14,evaluation,2025-11-24,6,1,margin,2,46177.715747181064,825.6629005911176,587.8691808633394,636.8313509585457,573.3380778759582,1,LP
rolling_margin_mean14,evaluation,2025-11-24,12,2,margin,2,34291.142666991174,0.0,1505.5631363730024,620.2582207487238,561.4165112601002,1,LP
rolling_margin_mean14,evaluation,2025-11-24,18,3,keep_previous,2,19045.55170394638,0.0,0.0,0.0,0.0,0,LP
rolling_margin_mean14,evaluation,2025-11-25,0,0,margin,1,60138.670956770475,0.0,0.0,0.0,0.0,0,LP
rolling_margin_mean14,evaluation,2025-11-25,6,1,margin,2,51006.94302412004,0.0,6908.947443525376,2911.2140728884697,2584.88129057176,1,LP
rolling_margin_mean14,evaluation,2025-11-25,12,2,margin,2,34958.203870697165,15.548633000000223,2622.4582576790153,1008.7397947484388,888.4353442881893,1,LP
rolling_margin_mean14,evaluation,2025-11-25,18,3,keep_previous,2,19070.420766443265,0.0,0.0,0.0,0.0,0,LP
rolling_margin_mean14,evaluation,2025-11-26,0,0,margin,1,56170.68614905251,0.0,0.0,0.0,0.0,0,LP
rolling_margin_mean14,evaluation,2025-11-26,6,1,margin,2,50321.40417655604,693.7575073477686,835.472194895742,638.5623680807855,556.3266169971705,1,LP
rolling_margin_mean14,evaluation,2025-11-26,12,2,margin,2,35805.43755428562,1.136340076669967,3050.491860447186,1287.532291642913,1140.8083435613592,1,LP
rolling_margin_mean14,evaluation,2025-11-26,18,3,keep_previous,2,19124.023547359982,0.0,0.0,0.0,0.0,0,LP
rolling_margin_mean14,evaluation,2025-11-27,0,0,margin,1,54524.97014247568,0.0,0.0,0.0,0.0,0,LP
rolling_margin_mean14,evaluation,2025-11-27,6,1,margin,2,49267.44525209224,1090.0687734749197,80.70296022222158,533.4580566466717,464.2619395403999,1,LP
rolling_margin_mean14,evaluation,2025-11-27,12,2,margin,2,35929.82568065162,5.26437675555519,2740.842560766794,1015.5228151005434,880.66098298085,1,LP
rolling_margin_mean14,evaluation,2025-11-27,18,3,keep_previous,2,19024.190599684087,0.0,0.0,0.0,0.0,0,LP
rolling_margin_mean14,evaluation,2025-11-28,0,0,margin,1,20255.360549839246,0.0,0.0,0.0,0.0,0,LP
rolling_margin_mean14,evaluation,2025-11-28,6,1,margin,2,16686.09605750357,826.1997942978811,0.0,151.87977598957931,217.49306145984158,1,LP
rolling_margin_mean14,evaluation,2025-11-28,12,2,margin,2,15085.744056305695,8.983571261330627e-13,1011.1314768534353,214.92703939779028,297.5920875206315,1,MILP
rolling_margin_mean14,evaluation,2025-11-28,18,3,keep_previous,2,11497.47344973197,0.0,0.0,0.0,0.0,0,LP
rolling_margin_mean14,evaluation,2025-11-29,0,0,margin,1,25737.191648050535,0.0,0.0,0.0,0.0,0,LP
rolling_margin_mean14,evaluation,2025-11-29,6,1,margin,2,19882.206317063225,0.0,7445.629727069972,1639.1012671892586,2033.704637160322,1,LP
rolling_margin_mean14,evaluation,2025-11-29,12,2,margin,2,16073.285170980831,375.39567426879137,1028.408537646084,333.8699411099085,396.8304838728186,1,LP
rolling_margin_mean14,evaluation,2025-11-29,18,3,keep_previous,2,11530.859752869765,0.0,0.0,0.0,0.0,0,LP
rolling_margin_mean14,evaluation,2025-11-30,0,0,margin,1,56750.6955073375,0.0,0.0,0.0,0.0,0,LP
rolling_margin_mean14,evaluation,2025-11-30,6,1,margin,2,52938.49361154518,2191.2503815877794,786.6310635555557,1317.2620051482616,1148.7891106745888,1,LP
rolling_margin_mean14,evaluation,2025-11-30,12,2,margin,2,37129.36840955534,0.0,2130.2340916303074,920.6419490263295,798.7266201561524,1,LP
rolling_margin_mean14,evaluation,2025-11-30,18,3,keep_previous,2,19114.31689583615,0.0,0.0,0.0,0.0,0,LP
rolling_margin_mean14,evaluation,2025-12-01,0,0,margin,1,60126.131224450284,0.0,0.0,0.0,0.0,0,LP
rolling_margin_mean14,evaluation,2025-12-01,6,1,margin,2,51984.63027317445,137.69892698079207,1282.2063764005488,562.8468865689547,452.3066574969481,1,LP
rolling_margin_mean14,evaluation,2025-12-01,12,2,margin,2,36797.07632941729,0.0,1453.7835499821672,748.9454198267001,615.9136506586806,1,LP
rolling_margin_mean14,evaluation,2025-12-01,18,3,margin,2,19463.08454033995,335.09368158888697,0.0,255.30787600257298,204.7757488189688,1,LP
rolling_margin_mean14,evaluation,2025-12-02,0,0,margin,1,62493.49455116287,0.0,0.0,0.0,0.0,0,LP
rolling_margin_mean14,evaluation,2025-12-02,6,1,margin,2,54919.66480797937,819.0412540836745,2389.0001282839557,1376.451917947255,1096.5716947328715,1,LP
rolling_margin_mean14,evaluation,2025-12-02,12,2,margin,2,37416.304755849065,0.0,1665.4798502127087,839.4022968632169,698.2515941916288,1,LP
rolling_margin_mean14,evaluation,2025-12-02,18,3,margin,2,19184.946317016005,245.0681990866645,0.0,185.44310624887902,150.66005160636783,1,LP
rolling_margin_mean14,evaluation,2025-12-03,0,0,margin,1,55525.98157697754,0.0,0.0,0.0,0.0,0,LP
rolling_margin_mean14,evaluation,2025-12-03,6,1,margin,2,54807.12008610499,6024.557444047781,0.0,2792.3632183902246,2304.319883614801,1,LP
rolling_margin_mean14,evaluation,2025-12-03,12,2,margin,2,38042.22485983127,724.372835389579,65.4352772222237,382.38172060070065,321.44741544644927,1,LP
rolling_margin_mean14,evaluation,2025-12-03,18,3,margin,1,19057.554692638576,0.0,0.0,0.0,0.0,0,LP
rolling_margin_mean14,evaluation,2025-12-04,0,0,margin,1,62384.696028013546,0.0,0.0,0.0,0.0,0,LP
rolling_margin_mean14,evaluation,2025-12-04,6,1,margin,2,54229.998077518336,1270.4846949155572,4464.436443004122,2783.5873329647993,2437.3851652528447,1,LP
rolling_margin_mean14,evaluation,2025-12-04,12,2,margin,2,36601.83813593909,68.0023885706537,188.32763299999817,100.6042088772474,87.47909718378342,1,LP
rolling_margin_mean14,evaluation,2025-12-04,18,3,margin,2,19189.43746909609,109.02491541444135,0.0,68.01519348129924,68.07749343296463,1,LP
rolling_margin_mean14,evaluation,2025-12-05,0,0,margin,1,23946.431080812356,0.0,0.0,0.0,0.0,0,LP
rolling_margin_mean14,evaluation,2025-12-05,6,1,margin,2,19727.421273815464,736.9183017830999,52.8888594444453,170.62980774419424,229.11156782532984,1,LP
rolling_margin_mean14,evaluation,2025-12-05,12,2,margin,2,15748.859526483351,68.95456688000144,958.6638158545962,227.79487324608283,294.7587832415525,1,LP
rolling_margin_mean14,evaluation,2025-12-05,18,3,margin,2,11896.754116117852,201.19878337288134,0.0,118.254584927411,117.31685488347667,1,LP
rolling_margin_mean14,evaluation,2025-12-06,0,0,margin,1,26114.448850583325,0.0,0.0,0.0,0.0,0,LP
rolling_margin_mean14,evaluation,2025-12-06,6,1,margin,2,20733.821130383338,218.766440160001,2108.7790406076756,666.6254862201156,785.9173031989151,1,LP
rolling_margin_mean14,evaluation,2025-12-06,12,2,margin,2,15495.35077306502,485.1395865762413,19.970931888888913,123.55221288595195,162.435859018022,1,LP
rolling_margin_mean14,evaluation,2025-12-06,18,3,margin,2,11964.754786206868,158.72794888348324,0.0,91.14158824889608,93.74302595399001,1,LP
rolling_margin_mean14,evaluation,2025-12-07,0,0,margin,1,66186.9189762182,0.0,0.0,0.0,0.0,0,LP
rolling_margin_mean14,evaluation,2025-12-07,6,1,margin,2,56007.66508711863,13.113024333333442,6972.533059334234,3197.049463797636,2745.9190250991965,1,LP
rolling_margin_mean14,evaluation,2025-12-07,12,2,margin,2,39219.47736083473,1590.2628682290788,0.0,791.8773212323438,676.3314560153469,1,LP
rolling_margin_mean14,evaluation,2025-12-07,18,3,margin,1,19429.148193895635,0.0,0.0,0.0,0.0,0,LP
rolling_margin_mean14,evaluation,2025-12-08,0,0,margin,1,67457.35179604184,0.0,0.0,0.0,0.0,0,LP
rolling_margin_mean14,evaluation,2025-12-08,6,1,margin,2,60530.98042255314,503.9337048233306,813.4330783059022,692.2673127721671,597.3348458230347,1,LP
rolling_margin_mean14,evaluation,2025-12-08,12,2,margin,2,40505.27014305699,0.0,3573.367721502342,1541.2951091708846,1350.9274742589464,1,LP
rolling_margin_mean14,evaluation,2025-12-08,18,3,margin,1,19519.788071980533,0.0,0.0,0.0,0.0,0,LP
rolling_margin_mean14,evaluation,2025-12-09,0,0,margin,1,67264.44004488837,0.0,0.0,0.0,0.0,0,LP
rolling_margin_mean14,evaluation,2025-12-09,6,1,margin,2,58417.28051612343,178.98551770777647,4276.974337087279,2102.3278102471613,1873.3316358731963,1,LP
rolling_margin_mean14,evaluation,2025-12-09,12,2,margin,2,38920.291154864906,0.0,347.2963867590388,159.3623541982331,148.46928226496487,1,LP
rolling_margin_mean14,evaluation,2025-12-09,18,3,margin,2,19660.373894752374,29.749082048887942,0.0,20.305235952468465,18.710472661204868,1,LP
rolling_margin_mean14,evaluation,2025-12-10,0,0,margin,1,64264.13697152698,0.0,0.0,0.0,0.0,0,LP
rolling_margin_mean14,evaluation,2025-12-10,6,1,margin,2,59740.938000626884,2452.784112179699,185.8144325555561,1178.111048628803,1025.9019449692612,1,LP
rolling_margin_mean14,evaluation,2025-12-10,12,2,margin,2,40470.065381369786,0.0,1467.6844683964332,733.2343075765573,641.1596500130124,1,LP
rolling_margin_mean14,evaluation,2025-12-10,18,3,margin,1,19527.704222213048,0.0,0.0,0.0,0.0,0,LP
rolling_margin_mean14,evaluation,2025-12-11,0,0,margin,1,67653.23155854085,0.0,0.0,0.0,0.0,0,LP
rolling_margin_mean14,evaluation,2025-12-11,6,1,margin,2,58419.05744156285,4.463195222222339,4339.851283886145,1982.7414920548158,1833.774873802429,1,LP
rolling_margin_mean14,evaluation,2025-12-11,12,2,margin,2,38149.265958243,67.7280157322208,590.8287833648798,298.8207027261856,271.0788777729813,1,LP
rolling_margin_mean14,evaluation,2025-12-11,18,3,margin,1,19661.619929298286,0.0,0.0,0.0,0.0,0,LP
rolling_margin_mean14,evaluation,2025-12-12,0,0,margin,1,27528.29554708702,0.0,0.0,0.0,0.0,0,LP
rolling_margin_mean14,evaluation,2025-12-12,6,1,margin,2,24336.920039556288,1423.283529418341,0.0,392.1384289156739,486.1183299678209,1,LP
rolling_margin_mean14,evaluation,2025-12-12,12,2,margin,2,18125.954729841946,315.0784497428223,1726.5432263621371,553.7599578640765,643.4561133799028,1,LP
rolling_margin_mean14,evaluation,2025-12-12,18,3,keep_previous,2,12120.00727642843,0.0,0.0,0.0,0.0,0,LP
rolling_margin_mean14,evaluation,2025-12-13,0,0,margin,1,28815.332473077942,0.0,0.0,0.0,0.0,0,LP
rolling_margin_mean14,evaluation,2025-12-13,6,1,margin,2,25423.436143638395,1664.0252172805897,1824.9695488288912,1121.897911186833,1374.183841753977,1,LP
rolling_margin_mean14,evaluation,2025-12-13,12,2,margin,2,18130.184565292715,2.4152653333335365,1528.6808547030864,471.0616215096336,593.1329626441068,1,LP
rolling_margin_mean14,evaluation,2025-12-13,18,3,keep_previous,2,12307.255166346018,0.0,0.0,0.0,0.0,0,LP
rolling_margin_mean14,evaluation,2025-12-14,0,0,margin,1,64847.06380364391,0.0,0.0,0.0,0.0,0,LP
rolling_margin_mean14,evaluation,2025-12-14,6,1,margin,2,60387.519158027964,2498.1147262318204,32.473683111111086,1204.6600308039183,1063.471784188823,1,LP
rolling_margin_mean14,evaluation,2025-12-14,12,2,margin,2,40633.47276848713,272.6421322784664,0.0,123.2257038820886,111.30816523012015,1,LP
rolling_margin_mean14,evaluation,2025-12-14,18,3,margin,1,20024.267105787574,0.0,0.0,0.0,0.0,0,LP
rolling_margin_mean14,evaluation,2025-12-15,0,0,margin,1,66343.22513784471,0.0,0.0,0.0,0.0,0,LP
rolling_margin_mean14,evaluation,2025-12-15,6,1,margin,2,63456.67123584137,3783.6225201920383,0.0,1834.5908373732482,1644.7229485920016,1,LP
rolling_margin_mean14,evaluation,2025-12-15,12,2,margin,2,40631.82691709526,1.2478513333328465,1379.3630756447158,677.098799815258,610.9672596872623,1,LP
rolling_margin_mean14,evaluation,2025-12-15,18,3,margin,1,20074.262096172042,0.0,0.0,0.0,0.0,0,LP
rolling_margin_mean14,evaluation,2025-12-16,0,0,margin,1,71491.26702655901,0.0,0.0,0.0,0.0,0,LP
rolling_margin_mean14,evaluation,2025-12-16,6,1,margin,2,62417.552688258496,0.0,2819.403350814818,1398.1425305549697,1288.403336956747,1,LP
rolling_margin_mean14,evaluation,2025-12-16,12,2,margin,2,40213.035318605136,2.3600000000003547,709.8081163813392,331.129761929377,312.95707416444685,1,LP
rolling_margin_mean14,evaluation,2025-12-16,18,3,margin,1,20127.93949907302,0.0,0.0,0.0,0.0,0,LP
rolling_margin_mean14,evaluation,2025-12-17,0,0,margin,1,71524.70054865674,0.0,0.0,0.0,0.0,0,LP
rolling_margin_mean14,evaluation,2025-12-17,6,1,margin,2,61395.11853374845,0.0,5284.956066732515,2606.8917707810024,2381.462382536354,1,LP
rolling_margin_mean14,evaluation,2025-12-17,12,2,margin,2,39653.179114674334,73.84567098888942,418.6511548052159,248.36995557362735,232.5074976314309,1,LP
rolling_margin_mean14,evaluation,2025-12-17,18,3,margin,1,19912.442631460795,0.0,0.0,0.0,0.0,0,LP
rolling_margin_mean14,evaluation,2025-12-18,0,0,margin,1,68035.99113020243,0.0,0.0,0.0,0.0,0,LP
rolling_margin_mean14,evaluation,2025-12-18,6,1,margin,2,61479.81057421814,947.5735925870979,144.6487905555565,507.61342955914165,476.3317592946579,1,LP
rolling_margin_mean14,evaluation,2025-12-18,12,2,margin,2,40044.83849488566,0.15534133333335376,1872.1647126543144,854.4395557664371,819.1403018665401,1,LP
rolling_margin_mean14,evaluation,2025-12-18,18,3,margin,1,19923.97285911333,0.0,0.0,0.0,0.0,0,LP
rolling_margin_mean14,evaluation,2025-12-19,0,0,margin,1,28164.97417903899,0.0,0.0,0.0,0.0,0,LP
rolling_margin_mean14,evaluation,2025-12-19,6,1,margin,2,25086.979705706,1981.7375725349657,0.0,464.9826213473052,626.7262806745606,1,LP
rolling_margin_mean14,evaluation,2025-12-19,12,2,margin,2,18540.977941655285,5.115907697472721e-13,2897.0295398449857,708.1673091998314,953.0152184130618,1,LP
rolling_margin_mean14,evaluation,2025-12-19,18,3,keep_previous,2,12296.245681772163,0.0,0.0,0.0,0.0,0,LP
rolling_margin_mean14,evaluation,2025-12-20,0,0,margin,1,30415.408363840965,0.0,0.0,0.0,0.0,0,LP
rolling_margin_mean14,evaluation,2025-12-20,6,1,margin,2,24450.865577652217,0.0,2870.0374985130325,845.6892561857126,1128.2205278045458,1,LP
rolling_margin_mean14,evaluation,2025-12-20,12,2,margin,2,17698.25601651385,110.29676016323754,1228.7926166625484,287.00128140774325,420.8681174474376,1,LP
rolling_margin_mean14,evaluation,2025-12-20,18,3,keep_previous,2,12470.378025480426,0.0,0.0,0.0,0.0,0,LP
rolling_margin_mean14,evaluation,2025-12-21,0,0,margin,1,70314.92163518032,0.0,0.0,0.0,0.0,0,LP
rolling_margin_mean14,evaluation,2025-12-21,6,1,margin,2,61328.10634551782,9.202419526668791,2820.7758935459556,1310.3937187519891,1191.9607032581598,1,LP
rolling_margin_mean14,evaluation,2025-12-21,12,2,margin,2,41556.481533466205,1281.239573632467,0.0,566.2547822017682,521.761914285464,1,LP
rolling_margin_mean14,evaluation,2025-12-21,18,3,margin,1,20103.12931021051,0.0,0.0,0.0,0.0,0,LP
rolling_margin_mean14,evaluation,2025-12-22,0,0,margin,1,69793.50510126074,0.0,0.0,0.0,0.0,0,LP
rolling_margin_mean14,evaluation,2025-12-22,6,1,margin,2,61345.3621050361,7.576280888889187,837.8447365925902,437.35469821962755,399.7186294997642,1,LP
rolling_margin_mean14,evaluation,2025-12-22,12,2,margin,2,40595.90564419138,64.25229564555798,750.5612083936905,350.04946093025364,310.6401129881289,1,LP
rolling_margin_mean14,evaluation,2025-12-22,18,3,margin,2,19976.043425692642,2.590331999999421,0.0,1.7697148223996044,1.6961031376710494,1,LP
rolling_margin_mean14,evaluation,2025-12-23,0,0,margin,1,71844.00234914708,0.0,0.0,0.0,0.0,0,LP
rolling_margin_mean14,evaluation,2025-12-23,6,1,margin,2,62271.003559488505,111.78751065555502,3963.2769319273,1944.5121237754508,1800.8341163160405,1,LP
rolling_margin_mean14,evaluation,2025-12-23,12,2,margin,2,40488.43812181538,0.0,1039.3835659189226,465.35573190981296,438.037770448033,1,LP
rolling_margin_mean14,evaluation,2025-12-23,18,3,margin,1,20120.450739766784,0.0,0.0,0.0,0.0,0,LP
rolling_margin_mean14,evaluation,2025-12-24,0,0,margin,1,71195.16446139057,0.0,0.0,0.0,0.0,0,LP
rolling_margin_mean14,evaluation,2025-12-24,6,1,margin,2,62655.74308374003,12.09166633333382,1078.7754443923175,529.0697209833381,483.72988954530024,1,LP
rolling_margin_mean14,evaluation,2025-12-24,12,2,margin,2,41225.56092555905,0.0,2419.5572601138547,1057.5352468697392,965.5243946829914,1,LP
rolling_margin_mean14,evaluation,2025-12-24,18,3,margin,1,19954.398006372132,0.0,0.0,0.0,0.0,0,LP
rolling_margin_mean14,evaluation,2025-12-25,0,0,margin,1,67717.21931060345,0.0,0.0,0.0,0.0,0,LP
rolling_margin_mean14,evaluation,2025-12-25,6,1,margin,2,59451.77738085659,9.566218111111311,530.5653870466342,277.93893738284953,258.71469850623106,1,LP
rolling_margin_mean14,evaluation,2025-12-25,12,2,margin,2,41065.194472275485,1053.9675573662498,0.0,463.45050635411457,422.9202541978255,1,LP
rolling_margin_mean14,evaluation,2025-12-25,18,3,margin,1,19973.035456695285,0.0,0.0,0.0,0.0,0,LP
rolling_margin_mean14,evaluation,2025-12-26,0,0,margin,1,29631.159552421563,0.0,0.0,0.0,0.0,0,LP
rolling_margin_mean14,evaluation,2025-12-26,6,1,margin,2,24865.977843708337,538.2683793333349,1071.1205871865498,489.8764418719144,657.9573259231004,1,LP
rolling_margin_mean14,evaluation,2025-12-26,12,2,margin,2,18888.475433581476,178.68644161257103,1762.0508992455443,456.0939162874901,613.4512051261629,1,LP
rolling_margin_mean14,evaluation,2025-12-26,18,3,keep_previous,2,12389.230918051544,0.0,0.0,0.0,0.0,0,LP
rolling_margin_mean14,evaluation,2025-12-27,0,0,margin,1,30949.176992724762,0.0,0.0,0.0,0.0,0,LP
rolling_margin_mean14,evaluation,2025-12-27,6,1,margin,2,25664.467842485392,331.42008265444554,1338.239569422494,501.716657762704,618.5218396298266,1,LP
rolling_margin_mean14,evaluation,2025-12-27,12,2,margin,2,18993.840314040935,0.0,1922.1029085294867,472.1590878463809,609.0063385588919,1,LP
rolling_margin_mean14,evaluation,2025-12-27,18,3,margin,2,12529.763916721255,26.966717193334034,0.0,14.72517592342005,16.357529100955116,1,LP
rolling_margin_mean14,evaluation,2025-12-28,0,0,margin,1,70519.73023010805,0.0,0.0,0.0,0.0,0,LP
rolling_margin_mean14,evaluation,2025-12-28,6,1,margin,2,61712.51761667218,42.797117333331585,1671.3016565500593,862.707268685238,805.5605258532968,1,LP
rolling_margin_mean14,evaluation,2025-12-28,12,2,margin,2,40229.049574920224,4.678998255556166,1524.5519571975422,664.9603987636646,617.9419075402058,1,LP
rolling_margin_mean14,evaluation,2025-12-28,18,3,margin,2,20145.966296162274,17.82659596666815,0.0,11.72900881626931,11.65152679022847,1,LP
rolling_margin_mean14,evaluation,2025-12-29,0,0,margin,1,70023.35959789954,0.0,0.0,0.0,0.0,0,LP
rolling_margin_mean14,evaluation,2025-12-29,6,1,margin,2,63773.76075136541,1699.5265103966694,32.89327199999957,806.8706259811493,745.1177287116652,1,LP
rolling_margin_mean14,evaluation,2025-12-29,12,2,margin,2,42365.10110446503,0.0,2223.820596120943,885.9338786844914,810.8272902034198,1,LP
rolling_margin_mean14,evaluation,2025-12-29,18,3,margin,1,20066.64690517043,0.0,0.0,0.0,0.0,0,LP
rolling_margin_mean14,evaluation,2025-12-30,0,0,margin,1,70951.74292838862,0.0,0.0,0.0,0.0,0,LP
rolling_margin_mean14,evaluation,2025-12-30,6,1,margin,2,63326.96254128888,596.7704880137209,1024.9179076666637,656.2385815260341,613.4836175041993,1,LP
rolling_margin_mean14,evaluation,2025-12-30,12,2,margin,2,41123.99271762657,0.0,3580.249982587109,1679.3464048254555,1596.582219020817,1,LP
rolling_margin_mean14,evaluation,2025-12-30,18,3,margin,1,20157.266273513953,0.0,0.0,0.0,0.0,0,LP
rolling_margin_mean14,evaluation,2025-12-31,0,0,margin,1,72178.08208741165,0.0,0.0,0.0,0.0,0,LP
rolling_margin_mean14,evaluation,2025-12-31,6,1,margin,2,63282.59712934182,19.084475999997267,1833.4408690638215,793.6507381974428,718.8210909354632,1,LP
rolling_margin_mean14,evaluation,2025-12-31,12,2,margin,2,41108.88639124118,1.556944696667415,1263.0187970329155,545.6609215653269,483.67452939715656,1,LP
rolling_margin_mean14,evaluation,2025-12-31,18,3,margin,1,19886.072645807697,0.0,0.0,0.0,0.0,0,LP
