strategy,date,quantile,e_start,e_end,plan_kwh,emergency_kwh,load_kwh,plan_cost,emergency_cost,total_cost,pv_spill_kwh,paid_grid_spill_kwh,charge_kwh,discharge_kwh,emergency_slots,solver,solve_seconds
warmup,2025-01-01,,6000.0,1200.0,0.0,87715.17001666664,127286.15238333333,0.0,357384.78779604984,357384.78779604984,0.0,0.0,0.0,4320.0,137,COLD_START,0.0
warmup,2025-01-02,,1200.0,6049.009037222222,102186.77352839509,1393.965294999999,127657.07848333336,64070.5623831795,7146.775582102163,71217.33796528168,0.0,463.516433333333,30883.552578395058,20651.569455000004,12,LP,0.008644799992907792
warmup,2025-01-03,,6049.009037222222,10800.0,97230.60810339505,0.0,81883.55671666666,62122.77303069903,0.0,62122.77303069903,4707.577800000001,39908.1714961934,14915.924073868317,7806.006633333334,0,LP,0.005519400001503527
warmup,2025-01-04,,10800.0,10506.645791851852,76006.57227764057,0.0,81891.73006666669,47301.941533851576,0.0,47301.941533851576,4651.018415843623,24675.813782373116,11463.981579423864,9549.843866666666,0,LP,0.005634300003293902
warmup,2025-01-05,,10506.645791851852,5086.231195601851,68193.31035245623,20774.77041758333,127674.11883333333,41201.01763724471,122149.7454835599,163350.76312080456,0.0,0.0,14793.387403497944,16861.01693345833,48,LP,0.008300699992105365
warmup,2025-01-06,,5086.231195601851,5325.83708462963,78705.04691081273,16144.033974933336,126826.69011666665,47280.084809538734,95145.06214902652,142425.1469585653,0.0,0.0,21057.655187479417,16841.05540173333,39,LP,0.00667609999072738
warmup,2025-01-07,,5325.83708462963,5464.442998117285,81422.0862670782,15195.688385444442,126927.46215,49474.482958755514,91561.37316449617,141035.8561232517,0.0,0.0,20663.83358096708,16612.959878444435,39,LP,0.005993200000375509
warmup,2025-01-08,,5464.442998117285,5663.102430661375,83738.50802928176,10480.566605476195,126695.94394999994,51248.618218215095,60194.3646034818,111442.9828216969,0.0,35.75725000000034,23571.17146737703,18913.85539928571,31,LP,0.008337999985087663
warmup,2025-01-09,,5663.102430661375,5627.851741666667,83149.21723471492,12124.409291619051,127066.61819999997,50928.297435627945,72083.64707082784,123011.94450645578,0.0,18.480590476190287,22080.60757519106,17917.01775599999,32,LP,0.007340200012549758
warmup,2025-01-10,,5627.851741666667,10800.0,82932.27086349209,0.0,81486.63841666667,50772.05192306686,0.0,50772.05192306686,3357.3709701646085,26099.650860993523,17524.46780614345,9539.885490476194,0,LP,0.005812500021420419
warmup,2025-01-11,,10800.0,10733.310582010581,77204.63122057612,0.0,81610.19496666665,48389.670145007556,0.0,48389.670145007556,4340.611772810114,25851.310342651377,11614.962971781306,9468.140483333336,0,LP,0.005363599979318678
warmup,2025-01-12,,10733.310582010581,5356.985283888888,77300.8868902704,11888.667703166664,126519.32696666672,48392.630705821946,70037.26185033395,118429.89255615594,0.0,0.0,16643.994535508522,18320.32834207144,32,LP,0.005198200000450015
warmup,2025-01-13,,5356.985283888888,5288.822513703704,83243.70307851267,9421.873986547615,126980.35978333332,50852.71096725947,54784.59748818301,105637.3084554425,0.0,4.478571428571627,23413.094842798357,19025.953315833336,29,LP,0.005429299984825775
warmup,2025-01-14,,5288.822513703704,5175.716940343915,82952.11020126392,10635.998809119048,127109.49061666668,50611.07016056862,62135.368169912996,112746.43833048166,0.0,7.074166666666315,23171.14171793063,18870.419807547623,31,LP,0.005925700010266155
warmup,2025-01-15,,5175.716940343915,5520.45343515873,82589.8560665197,12130.717323928568,126963.89896666672,50331.676082478814,72405.91397075403,122737.59005323284,0.0,15.473433333333332,22760.495676043494,18125.73865226191,32,LP,0.005230200011283159
warmup,2025-01-16,,5520.45343515873,5514.654697962963,82287.42584864786,11135.663170557316,126807.76418333329,50231.280950646134,64119.220691391434,114350.5016420375,0.0,0.0,22916.612803586122,18567.67523438095,32,LP,0.007432600017637014
warmup,2025-01-17,,5514.654697962963,10800.0,81995.00433312754,0.0,80876.07620000001,50033.185453327394,0.0,50033.185453327394,4738.60419673721,26573.66315737801,17035.856529012344,9042.233016666667,0,LP,0.005406300013419241
warmup,2025-01-18,,10800.0,10702.72671957672,75670.35800437977,0.0,81208.05750000002,47244.88471334469,0.0,47244.88471334469,4865.237533333333,25604.90140984714,10764.505246913583,8806.795202380954,0,LP,0.008994000003440306
warmup,2025-01-19,,10702.72671957672,5476.423843227514,75508.53759562019,11658.435104285709,126210.8462166667,47065.69132205289,70378.0034907488,117443.6948128017,0.0,0.0,16776.346431334507,18292.513198095232,32,LP,0.006179099989822134
warmup,2025-01-20,,5476.423843227514,5563.01035383598,80986.98004065256,11385.398470554375,126565.66615000006,49313.68035059341,66999.37097811159,116313.05132870501,0.0,10.606190476190704,22193.51532201646,17898.819551285713,33,LP,0.006046700000297278
warmup,2025-01-21,,5563.01035383598,5567.343605820105,80876.93747081126,7838.862728023808,125750.14588333335,49283.31396049071,45896.55638607017,95179.87034656089,0.0,785.039326190476,23426.085592239862,18971.22940292857,28,LP,0.0058760000101756305
warmup,2025-01-22,,5567.343605820105,5401.83099415344,79975.77658818339,12772.312935547623,126679.58854999994,48694.61774000666,76841.60979081097,125536.22753081763,0.0,0.0,21043.613197707233,17194.28804064285,33,LP,0.007636499998625368
warmup,2025-01-23,,5401.83099415344,5603.356830238095,79989.90221713696,13610.06927866667,126355.43115000005,48626.632067195846,82025.35340930616,130651.985476502,0.0,0.0,20277.224438565547,16243.178542761905,35,LP,0.007253299991134554
warmup,2025-01-24,,5603.356830238095,10800.0,79850.42064606113,0.0,80339.5357,48537.2794079367,0.0,48537.2794079367,6744.230633333333,25443.773164432685,16610.657081628462,8777.653383333332,0,LP,0.0078096000070218
warmup,2025-01-25,,10800.0,10789.292328042327,73667.3776839212,0.0,80632.06428333334,45855.854347091685,0.0,45855.854347091685,8080.903916196352,25126.094290799527,10686.531131687247,8665.72712142857,0,LP,0.006775999994715676
warmup,2025-01-26,,10789.292328042327,5366.10307132275,72973.95186556436,12663.421252499411,126385.04864999997,45375.830501396085,77117.64804045684,122493.47854185292,0.0,0.0,14838.17587251616,16899.79278778571,35,LP,0.006970199989154935
warmup,2025-01-27,,5366.10307132275,5293.417301269841,78842.91207910056,9467.965155142852,125642.95023333342,47734.37224967388,57478.4168225978,105212.78907227168,0.0,0.0,22007.250757671958,17891.2903067619,30,LP,0.006149299995740876
warmup,2025-01-28,,5293.417301269841,5448.819231349205,78361.20711984122,12795.879936398589,126496.61093333327,47319.186679816135,76916.29207425112,124235.47875406727,0.0,22.79738095238099,21126.466166049377,16972.575857428565,35,LP,0.006294199993135408
warmup,2025-01-29,,5448.819231349205,5482.696935317461,78705.33047942385,7018.791917666669,125425.4448666667,47563.32951099412,41349.00307656933,88912.33258756343,0.0,9.974999999999795,22623.4548079953,18294.508460904763,28,LP,0.007084799988660961
warmup,2025-01-30,,5482.696935317461,5668.3257005820105,77561.36519964725,10632.586950357156,126011.04994999997,46699.08991923362,62327.63076748876,109026.72068672233,0.0,77.18246904761895,22142.74215202822,17768.555254404753,32,LP,0.006371499999659136
warmup,2025-01-31,,5668.3257005820105,10800.0,76530.37408611523,0.0,80009.91998333333,46046.5091553815,0.0,46046.5091553815,6839.702883333334,23030.597356202226,17248.652247912996,9352.901451333335,0,LP,0.007639699993887916
baseline,2025-02-01,,10800.0,10766.205555555556,70675.14558645236,0.0,76305.2062833333,43507.1349965426,0.0,43507.1349965426,9265.026327777776,25040.91684594356,10639.165681040558,8648.139201642858,0,LP,0.006405699998140335
baseline,2025-02-02,,10766.205555555556,5690.115659021165,70130.72839954936,6967.723859380948,121705.97265000001,43118.516094948915,41887.81901908871,85006.33511403765,0.0,50.334178571428424,17159.58440652557,18467.744276166664,27,LP,0.00688060000538826
baseline,2025-02-03,,5690.115659021165,5562.26135648148,74454.8845363495,9760.251648214284,122603.76899999996,44555.332922094865,58423.05081550557,102978.38373760044,0.0,17.61261904761932,21556.189146325687,17575.582080809523,31,LP,0.008226700010709465
baseline,2025-02-04,,5562.26135648148,5463.62968936508,74010.3251564374,11159.58555269048,121578.09884999998,44226.99386944863,67184.87069808017,111411.8645675288,0.0,0.0,21388.5013659612,17413.454606833322,33,LP,0.0073376999935135245
baseline,2025-02-05,,5463.62968936508,5531.441899814815,73279.68740511466,11476.303239428573,121991.08443333334,43723.46784633022,67432.96741886518,111156.43526519544,0.0,0.0,20771.22458844797,16763.660927238085,35,LP,0.0062837000004947186
baseline,2025-02-06,,5531.441899814815,5541.1184857936505,73118.17220817161,11104.05598332599,122252.16269999999,43656.691397171984,66785.59650725761,110442.28790442958,0.0,3.0653714285712113,20733.666715902407,16785.5611125,36,LP,0.005461799999466166
baseline,2025-02-07,,5541.1184857936505,10800.0,72610.92065385068,0.0,76168.59693333329,43254.14637297128,0.0,43254.14637297128,10394.751736331567,22253.311424368014,18022.023493151086,9864.845666666666,0,LP,0.005804100015666336
baseline,2025-02-08,,10800.0,10789.135978835979,65755.9690984127,0.0,75746.78751666665,40185.58924289032,0.0,40185.58924289032,10035.645270899473,22007.96150440917,11289.353818342155,9154.15421190476,0,LP,0.006814600026700646
baseline,2025-02-09,,10789.135978835979,5449.67690005291,65367.63283206936,12147.18305034951,121547.90356666666,39913.39517011145,72430.10047886061,112343.49564897208,0.0,0.0,14552.174140299818,16592.774224547607,36,LP,0.007020399993052706
baseline,2025-02-10,,5449.67690005291,5321.273788518518,71483.53981860673,7255.605951571421,121477.56451666665,42482.82196827378,43218.51150616259,85701.33347443635,0.0,230.73554047619007,22617.554982892416,18435.78233652381,31,LP,0.007194899983005598
baseline,2025-02-11,,5321.273788518518,5492.287455608465,70781.05617818926,8810.483886309532,121441.28161666669,41949.68913792765,51753.430828632794,93703.11996656047,0.0,0.0,22194.898056760732,17823.955125595225,31,LP,0.007043899997370318
baseline,2025-02-12,,5492.287455608465,5455.934323227513,69713.27481349204,9730.932534309524,121363.85288333334,41277.9678807889,58298.34402002078,99576.31190080971,0.0,46.5350404761906,21913.968384920638,17783.03221092857,33,LP,0.005407200020272285
baseline,2025-02-13,,5455.934323227513,5624.230005343916,68906.81962013521,6977.1224450000045,121310.28371666669,40792.538342116124,41179.19377545095,81971.73211756712,0.0,243.65798809523756,21891.25761299236,17580.45255261905,27,LP,0.0061920000007376075
baseline,2025-02-14,,5624.230005343916,10800.0,67334.21773118753,0.0,75872.63795000003,39854.265403501195,0.0,39854.265403501195,10084.330499029984,19531.542712433864,17149.20898877131,9232.666285714284,0,LP,0.005594400019617751
baseline,2025-02-15,,10800.0,10763.909259259259,61278.53036269842,0.0,76054.55224999998,37174.41927739048,0.0,37174.41927739048,10663.34755617284,19218.315211463843,11311.88506172839,9195.108566666666,0,LP,0.0063442999962717295
baseline,2025-02-16,,10763.909259259259,5443.214201984126,60964.49219082894,12122.801833571426,121276.97728333334,36934.97085649225,72046.69284613722,108981.66370262945,0.0,0.0,13150.213031305113,15440.298106904764,37,LP,0.006621800013817847
baseline,2025-02-17,,5443.214201984126,5321.364843650794,66257.70419861846,8637.405145928573,120960.37281666667,39022.83056520265,52324.88767931866,91347.71824452135,0.0,0.0,20110.0557914756,16398.809613595236,34,LP,0.006019599997671321
baseline,2025-02-18,,5321.364843650794,5529.07925584656,65933.76119761905,10024.51824442858,121331.27123333327,38765.48759253857,61601.23260566466,100366.72019820329,0.0,0.0,19368.150988095236,15501.259329380944,34,LP,0.00599899998633191
baseline,2025-02-19,,5529.07925584656,5222.418459656084,65250.751747942384,11224.34232100413,121866.79411666667,38317.68997401575,66635.62619709322,104953.31617110896,0.0,85.8505571428575,19925.846552851264,16415.930424380946,35,LP,0.005266499996650964
baseline,2025-02-20,,5222.418459656084,5569.6704291269825,65242.910127013514,9810.430924500002,121105.25703333328,38240.71249697317,57943.081970582396,96183.79446755559,0.0,0.0,19724.634450823047,15664.427132642859,34,LP,0.006167299987282604
baseline,2025-02-21,,5569.6704291269825,10800.0,64801.79734185773,0.0,75802.0020333333,38017.803710547385,0.0,38017.803710547385,12505.89101781305,18756.54392451498,17220.019749529696,9240.919383333332,0,LP,0.005926800018642098
baseline,2025-02-22,,10800.0,10728.69126984127,58381.50025746621,0.0,75682.2422666667,35190.5496489853,0.0,35190.5496489853,10504.120795855377,17904.85006890065,11536.549297472078,9408.782788095235,0,LP,0.005936200002906844
baseline,2025-02-23,,10728.69126984127,5452.856376058201,58256.33837627867,11023.598684833334,121142.14093333337,35056.809129751025,66212.95894942578,101269.76807917678,0.0,0.0,13138.604116754848,15390.520738976185,35,LP,0.008798800001386553
baseline,2025-02-24,,5452.856376058201,5421.3847099470895,63564.89437695474,8447.054979214285,120628.98855,37143.32018837558,51669.91715025982,88813.2373386354,0.0,0.0,20196.001257907115,16387.08551840476,30,LP,0.005586799990851432
baseline,2025-02-25,,5421.3847099470895,5433.178251481481,63171.496734038796,7043.215092690478,121093.33288333328,36904.75174975026,42488.636915727024,79393.38866547731,0.0,336.74177142857104,21294.908603086424,17238.261781119047,28,LP,0.006901000015204772
baseline,2025-02-26,,5433.178251481481,5515.270207142856,62256.51829485598,10239.345296261905,121060.73411666663,36363.35145483308,63480.46685298655,99843.81830781963,0.0,0.0,18984.909461522628,15303.893903738099,32,LP,0.005814899981487542
baseline,2025-02-27,,5515.270207142856,5749.017071402115,61584.03709444444,9796.726442079365,120599.48893333331,35919.23054347254,58264.90763959716,94184.13818306972,0.0,283.1330595238105,20687.75841666667,16546.712139666663,31,LP,0.005111800011945888
baseline,2025-02-28,,5749.017071402115,10800.0,60750.37451675485,0.0,75385.10794999998,35527.43663214607,0.0,35527.43663214607,13256.782663962374,16346.14952463257,17415.600749588477,9560.75197142857,0,LP,0.005684700008714572
baseline,2025-03-01,,10800.0,10776.786243386243,54810.535895061716,0.0,72244.16015,32955.64244887454,0.0,32955.64244887454,12149.21915920047,16811.84394582599,11639.995987654318,9449.289130952377,0,LP,0.005625200021313503
baseline,2025-03-02,,10776.786243386243,5423.980693544972,54235.57465338037,15181.76510597619,117860.41708333329,32618.081636959647,92592.53591889645,125210.61755585608,0.0,0.0,9876.619408142271,12817.58671545238,50,LP,0.006032199977198616
baseline,2025-03-03,,5423.980693544972,5359.483520767195,60313.68020652556,14888.433912972076,117958.74560000001,35153.93508242524,90928.54014276381,126082.47522518902,0.0,38.269504761904955,16867.081246854785,13720.383265452372,39,LP,0.006454200018197298
baseline,2025-03-04,,5359.483520767195,5302.026730608465,60944.01942918872,11618.354089523811,118139.02498333335,35507.71468228419,71341.13250294131,106848.84718522552,0.0,0.0,17971.71945537919,14608.803869999998,31,LP,0.005621100019197911
baseline,2025-03-05,,5302.026730608465,5382.225623280425,61497.149288947665,8439.019414928567,118073.44383333332,35785.055447812534,52163.73374839925,87948.78919621179,0.0,3.3703571428573014,19632.354350852438,15830.028020785716,30,LP,0.0066235000267624855
baseline,2025-03-06,,5382.225623280425,5449.840263042329,61020.76700490889,8768.759219999996,117673.59855000004,35475.524076175476,54559.36740497765,90034.89148115313,0.0,0.0,19936.941662051722,16088.069570476195,27,LP,0.005340300005627796
baseline,2025-03-07,,5449.840263042329,10800.0,60807.6386743386,0.0,71680.36145000004,35262.94650864626,0.0,35262.94650864626,13530.171871193423,18258.417017225154,17271.68678592005,9174.922533333334,0,LP,0.005333999986760318
baseline,2025-03-08,,10800.0,10786.516666666666,54534.81500399765,0.0,72344.71158333328,32580.830182181307,0.0,32580.830182181307,15521.178323074657,17769.777562580835,11541.34000881835,9360.620407142856,0,LP,0.0055272000026889145
baseline,2025-03-09,,10786.516666666666,5495.964764947089,53885.23619900058,7971.6527058994625,117692.98650000004,32128.426496170006,48044.471995617256,80172.89849178726,0.0,423.4410976190471,15060.102467519107,16960.179710238106,27,LP,0.005166799994185567
baseline,2025-03-10,,5495.964764947089,5319.50712436508,58449.192157760146,12551.2741144174,117943.06436666667,33831.47652347974,77501.9289026373,111333.40542611707,0.0,0.0,16406.351045796586,13447.956223619043,34,LP,0.006891400000313297
baseline,2025-03-11,,5319.50712436508,5565.892469153439,58064.3407095532,9783.94216538242,117499.55295,33505.18739573409,61461.098031090834,94966.28542682492,0.0,7.719935714285725,19367.880678483245,15466.236539261909,26,LP,0.005537199991522357
baseline,2025-03-12,,5565.892469153439,5225.2206321957665,56974.07472260435,8866.733447476192,118112.23683333342,32978.19043458324,55121.99371278226,88100.18414736551,0.0,0.0,19536.20073689006,16130.92725014286,25,LP,0.007279500016011298
baseline,2025-03-13,,5225.2206321957665,5466.029012169312,56780.33665008821,13861.576616285709,118237.27704999999,32880.33986874308,85821.35671697676,118701.69658571987,0.0,0.0,15155.6195143739,12059.324264666673,40,LP,0.007223599997814745
baseline,2025-03-14,,5466.029012169312,10800.0,56715.35444185772,0.0,72108.86895000002,32840.46244732507,0.0,32840.46244732507,17332.077211522632,15256.54245864197,17351.236312169316,9253.927523809525,0,LP,0.00553819999913685
baseline,2025-03-15,,10800.0,10634.19819037037,50052.202123162846,0.0,72724.98178333335,29995.133517435035,0.0,29995.133517435035,12995.899390740738,14073.323075543793,11621.453344973546,9562.59883809524,0,LP,0.006974199990509078
baseline,2025-03-16,,10634.19819037037,5346.7641536507945,50491.779864520846,10481.076843497065,117983.21598333328,30178.11870047572,65610.71938454037,95788.83808501612,0.0,51.83807857142847,12256.117521898877,14686.145825785705,28,LP,0.005925499979639426
baseline,2025-03-17,,5346.7641536507945,5602.016728386243,56354.44548233391,6026.134748833333,117693.62179999992,32617.07004406554,37875.22050092443,70492.29054498996,0.0,398.72017142857135,20494.74373233392,16371.015105928573,21,LP,0.007944100012537092
baseline,2025-03-18,,5602.016728386243,5393.769676984126,54561.35480281364,9758.477381503233,117253.4235833333,31748.231337750585,60378.997323053576,92127.22866080413,0.0,1.4012595238094718,17788.92054941211,14596.44799128572,29,LP,0.0061579999746754766
baseline,2025-03-19,,5393.769676984126,5539.689131904762,54413.11176366518,8926.407369177836,117281.55799999996,31582.083124185214,54784.63174535288,86366.7148695381,0.0,121.78718095238071,19057.547328747794,15305.285826857145,26,LP,0.006825500022387132
baseline,2025-03-20,,5539.689131904762,5668.895919312169,53843.17830208876,11680.514190720745,117648.38173333334,31229.409833143636,73675.22706905432,104904.63690219795,0.0,0.0,16833.918776190476,13519.188100047624,32,LP,0.005976200016448274
baseline,2025-03-21,,5668.895919312169,10800.0,53004.645360964125,0.0,72593.53221666667,30791.906406694565,0.0,30791.906406694565,20598.967490946496,12399.675534391536,17655.49550705467,9682.957688095237,0,LP,0.00564779998967424
baseline,2025-03-22,,10800.0,10737.889153439153,46705.23597087009,0.0,71936.92953333334,28066.33269009169,0.0,28066.33269009169,16762.407806995885,11949.676866402117,11409.743821281598,9297.792257142855,0,LP,0.0060434000042732805
baseline,2025-03-23,,10737.889153439153,5443.78515989418,46040.73905232217,10173.114074523804,117739.97726666664,27716.508444966395,62601.09170787886,90317.60015284525,0.0,0.0,11625.403180893592,14181.270170714288,31,LP,0.005605499987723306
baseline,2025-03-24,,5443.78515989418,5272.116082380952,51235.298930834804,10048.582776309519,117425.17061666668,29819.451465722123,63181.38343585089,93000.83490157302,0.0,8.324999999999932,18060.851545120517,14783.791921309527,28,LP,0.006355299992719665
baseline,2025-03-25,,5272.116082380952,5335.131157407408,51470.58146040564,12587.25490428571,118053.16781666665,29873.224380630414,78573.75022218487,108446.9746028153,0.0,0.0,16057.884634215168,12950.172986190473,37,LP,0.005724400019971654
baseline,2025-03-26,,5335.131157407408,5399.158652910053,51348.324842151655,7982.12013121428,117704.62780000006,29828.172277230853,49633.06139662329,79461.23367385413,0.0,3.4955142857139663,19351.420244532626,15617.025652119053,24,LP,0.0058151000121142715
baseline,2025-03-27,,5399.158652910053,5549.810919920635,50694.93916122869,11288.535629523803,117952.59836666663,29519.042764767848,70676.15846635352,100195.2012311214,0.0,0.0,16478.4123707525,13211.926980000002,30,LP,0.005902299977606162
baseline,2025-03-28,,5549.810919920635,10800.0,50005.952784773646,0.0,71891.76726666666,29161.533878976268,0.0,29161.533878976268,21253.36381255144,9911.397860141084,17337.579859700185,9318.269514285714,0,LP,0.005699100001947954
baseline,2025-03-29,,10800.0,10756.929365079364,44122.23966614284,0.0,72118.27746666667,26653.507107227244,0.0,26653.507107227244,24881.88878988829,9388.68813274544,11490.616482128162,9346.162921952382,0,LP,0.006996899988735095
baseline,2025-03-30,,10756.929365079364,5429.720566746031,43313.217128571414,9678.746685761904,117994.70585000007,26272.62950923047,58527.25389914392,84799.8834083744,0.0,0.0,12846.484383333334,15200.140269000001,30,MILP,0.09732719999738038
baseline,2025-03-31,,5429.720566746031,5612.921333650794,48786.71807363316,11125.762309571426,117075.66561666674,28535.580378634175,70484.49803306068,99020.07841169486,0.0,0.0,14716.895840299825,11755.804940428576,30,MILP,0.19536650000372902
baseline,2025-04-01,,5612.921333650794,5528.9210957407395,48227.26216966489,14126.644884952379,117967.14630000001,28283.799866073874,87006.96016348987,115290.76002956377,0.0,0.0,11687.661852998235,9542.606315047618,44,MILP,0.15682219999143854
baseline,2025-04-02,,5528.9210957407395,5459.50477232804,47999.38800135215,14689.563941142858,117986.62945,28166.848901610832,87301.97640935583,115468.82531096665,0.0,0.0,12189.953860875958,9936.337318380945,39,MILP,0.08556489998591132
baseline,2025-04-03,,5459.50477232804,5480.134658201057,48542.68011998825,10571.441729380947,117884.45609999994,28353.073258505785,62785.75159701233,91138.8248555181,0.0,0.0,17010.656239035863,13760.064656333336,31,LP,0.007413800020003691
baseline,2025-04-04,,5480.134658201057,10800.0,48111.97406381539,0.0,71735.75181666664,28132.068362573664,0.0,28132.068362573664,25287.91471213992,8418.605729541445,16772.487181657852,8797.835809523807,0,LP,0.007330099993851036
baseline,2025-04-05,,10800.0,10762.494444444445,42163.9460095238,0.0,72602.74256666665,25571.95935643286,0.0,25571.95935643286,19336.30380911228,8469.092102292774,12358.8953409759,10044.460226190478,0,MILP,0.1004790999868419
baseline,2025-04-06,,10762.494444444445,5491.566574338624,42557.77917183334,9572.278807809522,117205.4305833333,25731.926506340755,57966.82245399059,83698.74896033133,0.0,0.0,12967.45682142857,15247.475108452378,28,LP,0.005510599992703646
baseline,2025-04-07,,5491.566574338624,5289.580072328043,47897.15223962377,8313.176407809518,117015.14203333334,27970.439969626153,50235.80462242347,78206.24459204962,0.0,0.0,16575.77482057613,13608.165456476198,27,LP,0.0065688000177033246
baseline,2025-04-08,,5289.580072328043,5255.172388703702,47584.08884353322,10019.384282071422,117713.29026666663,27755.659134090187,59106.20997093278,86861.86910502298,0.0,0.0,17269.718022104644,14019.43851316667,31,LP,0.00553819999913685
baseline,2025-04-09,,5255.172388703702,5304.2763954761895,47659.36037048795,13894.543840190476,117677.52253333332,27766.88655990159,85401.70012828454,113168.58668818616,0.0,0.0,12502.103094297468,10082.509900285717,39,MILP,0.10985979999531992
baseline,2025-04-10,,5304.2763954761895,5725.048526957671,47490.822717254545,10518.043898619047,117668.7006833333,27708.257397010846,62671.945567798124,90380.20296480897,0.0,0.0,16681.75682915932,13133.52811328571,33,MILP,0.10329109997837804
baseline,2025-04-11,,5725.048526957671,10800.0,46794.962995179296,0.0,72091.99674999999,27406.10500342919,0.0,27406.10500342919,26579.022046090537,7263.899853674305,16147.024226366846,8511.633297619044,0,MILP,0.10174220000044443
baseline,2025-04-12,,10800.0,10741.415343915343,41547.37897380952,0.0,71957.17576666665,25154.653128491664,0.0,25154.653128491664,21388.074405261617,8913.557427689597,11964.804112286885,9744.217521428569,0,MILP,0.044728799985023215
baseline,2025-04-13,,10741.415343915343,5592.761001825397,41203.47437142857,10718.917227857139,117283.06220000007,24937.31426508857,64170.593622908906,89107.9078879975,0.0,0.0,11999.063283333331,14353.030167380952,34,MILP,0.15584300001501106
baseline,2025-04-14,,5592.761001825397,5505.881283915342,46181.92562463256,9167.943802142858,117901.37268333332,27037.46155497517,53094.9698975859,80132.43145256107,0.0,0.0,15263.31248891828,12441.474862142859,31,MILP,0.12290139999822713
baseline,2025-04-15,,5505.881283915342,5586.7582988624345,46165.54775793652,7322.642468261906,117056.90516666666,26991.25769865453,43869.49991032989,70860.75760898442,0.0,0.0,17241.958312698418,13893.196919833334,25,MILP,0.14885060000233352
baseline,2025-04-16,,5586.7582988624345,5291.857256904762,45567.354973486166,12348.437976119048,117924.88506666668,26665.03895623501,74454.24871434721,101119.28767058221,0.0,0.0,12640.062828248087,10503.86182864286,37,MILP,0.14196159999119118
baseline,2025-04-17,,5291.857256904762,5758.76306873016,45659.24865646676,10504.194946261905,117487.04263333339,26651.879597376133,62875.70354589152,89527.58314326764,0.0,0.0,15130.979063609639,11835.877810880951,30,MILP,0.1364095999742858
baseline,2025-04-18,,5758.76306873016,10800.0,44919.8285329218,0.0,71490.16935000003,26287.07517285924,0.0,26287.07517285924,24541.392254938277,6545.595636890067,15482.159050617282,8003.43559285714,0,MILP,0.14980179999838583
baseline,2025-04-19,,10800.0,10730.771693121693,39879.60193333331,0.0,71905.41535,24112.921833123328,0.0,24112.921833123328,21860.50292131098,8847.723255202824,12889.484121105233,10502.787614285715,0,MILP,0.11472209999919869
baseline,2025-04-20,,10730.771693121693,5367.418808095239,39935.03228333332,9718.430152642855,117197.81635,24073.960373630707,56978.21214900728,81052.17252263802,0.0,0.0,13277.55341666667,15581.835864023817,32,MILP,0.13625260000117123
baseline,2025-04-21,,5367.418808095239,5281.546723280422,45056.61268109937,6727.214495547608,118481.6378833333,26177.541798838858,38041.496057885095,64219.03785672395,0.0,0.0,17601.061419194597,14334.144625880961,25,MILP,0.11603760000434704
baseline,2025-04-22,,5281.546723280422,5284.550559312168,45001.89454714873,9912.569286857144,117811.00101666666,26131.546347954263,58780.21362276987,84911.75997072413,0.0,0.0,14520.163499529692,11758.628982190474,32,MILP,0.12261609997949563
baseline,2025-04-23,,5284.550559312168,5471.651152354498,44942.966698353914,9392.36870033333,118030.5147666667,26035.27272976313,55441.47780212848,81476.75053189155,0.0,0.0,14563.306043592007,11627.887361571426,29,MILP,0.1341074999945704
baseline,2025-04-24,,5471.651152354498,5690.115105079364,44453.452654908884,6464.95094347619,117497.77966666665,25750.900236076242,36801.87695906299,62552.777195139235,281.7926999999976,2.8968452380952385,17615.735766813643,14072.128413666665,26,MILP,0.11899019998963922
baseline,2025-04-25,,5690.115105079364,10800.0,43888.107576807764,0.0,71763.32119999999,25429.941519443702,0.0,25429.941519443702,28713.041717254557,5675.068071693123,15267.07227595532,7767.432138095237,0,MILP,0.15322400000877678
baseline,2025-04-26,,10800.0,10766.388888888889,38765.03235714285,0.0,72100.92436666666,23190.452277097615,0.0,23190.452277097615,28759.959186213986,7564.471901851848,12635.04018812464,10264.632552380954,0,MILP,0.09990999998990446
baseline,2025-04-27,,10766.388888888889,5439.052767910052,38594.45722619047,8533.148268690476,117032.5225333333,23125.30080035906,49256.124896009176,72381.42569636821,348.89803333333236,0.0,15788.625195238097,17583.388917023807,28,MILP,0.11454440001398325
baseline,2025-04-28,,5439.052767910052,5495.229678544974,43564.87062378013,15026.420219619049,117537.30080000006,25260.454057977513,90693.21877176581,115953.67282974336,0.0,3.1714238095238443,10082.067807113466,8115.915704190478,45,MILP,0.06773629999952391
baseline,2025-04-29,,5495.229678544974,5511.620202513227,43473.98139714872,7323.15076261905,117252.75871666662,25237.556073087257,44004.02403956858,69241.58011265582,140.61913333333334,0.0,16887.09388524397,13663.794575476191,27,MILP,0.11228120001032948
baseline,2025-04-30,,5511.620202513227,5326.283199470901,43267.20417527923,7618.422533166665,117682.88071666668,25193.039293526752,43979.5980824158,69172.63737594258,0.0,0.0,14713.5556728983,12084.783397785719,26,MILP,0.1116895999875851
q0.6,2025-02-01,0.6,10800.0,10800.0,82915.7100418648,0.0,76305.2062833333,53054.7974287515,0.0,53054.7974287515,9265.026327777776,37699.483858366846,8279.073275720162,6706.049353333334,0,LP,0.0054982000146992505
q0.6,2025-02-02,0.6,10800.0,6307.485570428571,82333.21390454909,11.514141904765893,121705.97265000001,52645.07833269239,80.32265392764687,52725.40098662004,0.0,4581.411683133252,18159.481052288847,18752.442638968252,1,LP,0.007324499980313703
q0.6,2025-02-03,0.6,6307.485570428571,6024.454264391534,85328.265178528,62.195017319050976,122603.76899999996,53357.759840058105,433.8724408176996,53791.632280875805,0.0,883.036809523827,23922.28979871839,19631.782912395225,1,LP,0.0067715000186581165
q0.6,2025-02-04,0.6,6024.454264391534,5978.470770682538,84836.63907375076,1682.9301945666634,121578.09884999998,52934.72869520622,10915.341160101458,63850.06985530767,0.0,846.5384265314563,23787.11597960024,19308.949087814293,8,LP,0.006571699981577694
q0.6,2025-02-05,0.6,5978.470770682538,6005.135773994708,83878.31330122282,1609.2432135238028,121991.08443333334,52287.33863084611,9192.557161012252,61479.895791858355,0.0,193.96953340975404,23795.586815908282,19250.426817904776,14,LP,0.007637100003194064
q0.6,2025-02-06,0.6,6005.135773994708,6050.391933698411,83908.62271203999,1092.654290009522,122252.16269999999,52318.828715532385,7268.138662340603,59586.967377872985,0.0,142.86774339211206,23929.586832933575,19342.234790942854,10,LP,0.00819920000503771
q0.6,2025-02-07,0.6,6050.391933698411,10800.0,83341.60398568487,0.0,76168.59693333329,51875.24843850811,0.0,51875.24843850811,10777.892583333334,33642.61551640212,14951.415576901829,7835.999357619046,0,LP,0.007194600009825081
q0.6,2025-02-08,0.6,10800.0,10800.0,77035.84181998235,0.0,75746.78751666665,49015.899094376415,0.0,49015.899094376415,10893.545247325104,32902.75530005878,8749.360820693715,7086.982264761905,0,LP,0.005671000020811334
q0.6,2025-02-09,0.6,10800.0,5925.259518232804,76605.06926031156,2107.873301571428,121547.90356666666,48733.52712019558,13608.787218730178,62342.31433892577,0.0,180.5837112933566,17706.364829018225,18729.421945095233,12,LP,0.00538570000207983
q0.6,2025-02-10,0.6,5925.259518232804,5814.1036190211635,82189.0637887478,229.6954860714294,121477.56451666665,51079.865940157804,1112.1220561835785,52191.98799634138,225.63913916519857,3761.595042145799,22131.199049817747,18026.31153964286,9,LP,0.006427500018617138
q0.6,2025-02-11,0.6,5814.1036190211635,5961.57058158201,81342.02990488522,337.4470890476191,121441.28161666669,50463.850941604556,2000.0682040547595,52463.91914565932,148.03829999999994,1755.7997870664208,23275.376353833057,18720.3345803,8,LP,0.006947799993213266
q0.6,2025-02-12,0.6,5961.57058158201,5917.228951656085,80155.76835896439,875.0709329476152,121363.85288333334,49664.50176979107,5697.410441455183,55361.91221124625,58.95943333333321,1340.3936289065273,23182.408227748376,18817.658131409516,9,LP,0.005310499982442707
q0.6,2025-02-13,0.6,5917.228951656085,6087.500810052911,79152.23864955988,241.66271242857457,121310.28371666669,48981.398941264015,1386.910430633165,50368.30937189717,232.90716666666685,3502.680810634919,21976.78787085832,17647.953502838096,8,LP,0.0062203999841585755
q0.6,2025-02-14,0.6,6087.500810052911,10800.0,77418.2570502666,0.0,75872.63795000003,47785.97721049666,0.0,47785.97721049666,12277.905954526745,28291.2190891064,14768.846942181073,7721.51675221429,0,LP,0.006067999987863004
q0.6,2025-02-15,0.6,10800.0,10800.0,71895.5425305238,0.0,76054.55224999998,45323.42263524801,0.0,45323.42263524801,12968.524755555556,27798.96298673781,9726.12467489712,7878.160986666666,0,LP,0.005918399983784184
q0.6,2025-02-16,0.6,10800.0,5959.737816534393,71573.33645983333,2764.42178164285,121276.97728333334,45040.24169178327,15693.82354140124,60734.06523318453,0.0,45.30275380952355,17217.43343571428,18302.357048047612,13,LP,0.00579460000153631
q0.6,2025-02-17,0.6,5959.737816534393,5812.596133375661,76390.97528697825,252.43332388571366,120960.37281666667,46880.167493152665,1533.9980151747368,48414.1655083274,166.09514001176814,1075.7849203938802,22895.225782286885,18677.56039849523,6,LP,0.005945899989455938
q0.6,2025-02-18,0.6,5812.596133375661,6023.619615375663,75850.12893082302,1059.5480035952444,121331.27123333327,46420.780529185875,7179.772697760939,53600.55322694682,0.0,236.3677395238086,23115.79093558494,18533.8695240238,7,LP,0.005656500026816502
q0.6,2025-02-19,0.6,6023.619615375663,5736.029068777777,75389.09993116402,2553.7230567952442,121866.79411666667,46104.83017263947,13964.980055776792,60069.81022841626,0.0,953.479688095235,22993.933728783068,18883.91781225237,22,LP,0.005542500002775341
q0.6,2025-02-20,0.6,5736.029068777777,6076.248906243386,75156.01497898294,1320.1185810190445,121105.25703333328,45881.62083661516,6517.689831438195,52399.31066805336,0.0,743.8006529805992,23331.585894573767,18592.386720885715,17,LP,0.005522999999811873
q0.6,2025-02-21,0.6,6076.248906243386,10800.0,74499.11348149911,0.0,75802.0020333333,45525.285113283295,0.0,45525.285113283295,14870.83879876543,26949.164125149917,15091.960736155206,7973.112211904761,0,LP,0.006005800009006634
q0.6,2025-02-22,0.6,10800.0,10773.39227883598,68637.01184969429,0.0,75682.2422666667,42897.41170791246,0.0,42897.41170791246,12692.90824453263,26190.42670062318,10172.952475014694,8264.038453809522,0,LP,0.006727800006046891
q0.6,2025-02-23,0.6,10773.39227883598,5960.190048851852,68474.61140902997,2085.7571613285672,121142.14093333337,42766.55546651612,11807.537938129339,54574.093404645464,0.0,66.59275904761842,17335.811236649028,18373.889108671432,16,LP,0.006605100003071129
q0.6,2025-02-24,0.6,5960.190048851852,5924.313522809523,73206.97956099355,627.7288174333337,120628.98855,44558.832098458704,3978.790036243689,48537.6221347024,760.5988499999997,577.1875040682102,22769.354111211047,18475.465703519058,8,LP,0.0060434000042732805
q0.6,2025-02-25,0.6,5924.313522809523,5903.068782888889,72731.39392613168,337.5038367714235,121093.33288333328,44269.00729780839,1909.262505138878,46178.26980294727,937.8075247795402,2107.6676753321544,22216.94523887714,18014.84590941905,11,LP,0.005615200003376231
q0.6,2025-02-26,0.6,5903.068782888889,5967.921992841269,71354.5734908054,1802.4621810714248,121060.73411666663,43424.59607087082,11961.22719478096,55385.823265651765,0.0,145.59016380952335,21780.155714614928,17583.55823988096,13,LP,0.006477300019469112
q0.6,2025-02-27,0.6,5967.921992841269,6211.212740232803,70889.72762877127,2054.4656526285694,120599.48893333331,43099.812076642986,11057.613888269358,54157.42596491235,346.16463238094946,1151.9850352380959,22476.303900676074,17986.844486895236,18,LP,0.006064799992600456
q0.6,2025-02-28,0.6,6211.212740232803,10800.0,70002.12720711347,0.0,75385.10794999998,42684.47134678079,0.0,42684.47134678079,15395.15261537919,24311.03449107584,15123.357983515585,8120.011432857142,0,LP,0.005330299987690523
q0.6,2025-03-01,0.6,10800.0,10800.0,64575.027701845975,0.0,72244.16015,40302.23145911362,0.0,40302.23145911362,14212.385393862436,24830.01076708406,9862.450566137562,7988.584958571428,0,LP,0.005974600004265085
q0.6,2025-03-02,0.6,10800.0,5887.39348226984,63967.622127801296,6836.695160580954,117860.41708333329,39934.552039639326,45273.728532957444,85208.28057259679,0.0,460.4506518518519,12667.923346425629,14682.363776561904,21,LP,0.006373400014126673
q0.6,2025-03-03,0.6,5887.39348226984,5868.442168359788,69846.35362242209,6216.219458880941,117958.74560000001,42463.4682583888,37801.55449212018,80265.02275050902,0.0,287.91294066431567,19866.156262233984,16108.642754928578,23,LP,0.006518300011521205
q0.6,2025-03-04,0.6,5868.442168359788,5824.544477158732,70612.73379184597,2637.6604179571486,118139.02498333335,42963.536538406,15991.427257168056,58954.96379557405,0.0,63.904091428571405,21192.316353274535,17205.284168233327,16,LP,0.00573229999281466
q0.6,2025-03-05,0.6,5824.544477158732,5961.209992597884,71198.6473969312,143.38133474285792,118073.44383333332,43266.21631111571,972.1219364971288,44238.338247612846,0.0,798.7085548677296,22578.153664444446,18165.305504304764,4,LP,0.0056523000239394605
q0.6,2025-03-06,0.6,5961.209992597884,6060.29059789947,70536.64477306878,646.5762543285689,117673.59855000004,42852.16055639871,4414.108433573716,47266.26898997242,394.5942166666666,553.278911751912,22134.32221512639,17839.62844948095,4,LP,0.006295200000749901
q0.6,2025-03-07,0.6,6060.29059789947,10800.0,70198.0074970194,0.0,71680.36145000004,42549.74700677626,0.0,42549.74700677626,15593.879147260443,26606.519773045282,14787.28727099941,7711.964227619044,0,LP,0.0061907999916002154
q0.6,2025-03-08,0.6,10800.0,10800.0,64615.48945336272,0.0,72344.71158333328,40167.78190507558,0.0,40167.78190507558,17578.621952034093,26121.214700299828,9750.069917695477,7897.556633333331,0,LP,0.0063593999948352575
q0.6,2025-03-09,0.6,10800.0,6034.5855624867745,63952.58664489713,679.2682436666624,117692.98650000004,39673.90204998213,3602.0906748476455,43275.99272482977,338.7855823809526,2029.2966105820165,16942.740207172254,18012.492561571427,7,LP,0.007303499995032325
q0.6,2025-03-10,0.6,6034.5855624867745,5901.314299619048,67705.26357917697,3902.923120390469,117943.06436666667,40928.72281931772,23834.25937725508,64762.98219657279,0.0,13.873363809523994,19327.294854415053,15775.052968657155,15,LP,0.006347599992295727
q0.6,2025-03-11,0.6,5901.314299619048,6079.819810756614,67448.69172647265,1169.8823482476164,117499.55295,40641.00123655233,7952.570942818901,48593.57217937124,0.0,344.56995428571395,21970.686107425034,17635.60078699048,4,LP,0.005347800004528835
q0.6,2025-03-12,0.6,6079.819810756614,5840.123680640211,66671.60638368607,836.0384103714293,118112.23683333342,40143.28229011538,5169.966816158714,45313.24910627409,682.5647147619022,447.2534518988865,21884.30769035861,17942.01574629524,4,LP,0.006599600019399077
q0.6,2025-03-13,0.6,5840.123680640211,6065.5499820529085,66343.78637535566,5018.836982980948,118237.27704999999,39898.11360482311,30921.69281817097,70819.80642299406,0.0,29.316643809523498,18867.39487678425,15079.706178923812,18,LP,0.006024500005878508
q0.6,2025-03-14,0.6,6065.5499820529085,10800.0,66587.76100233979,0.0,72108.86895000002,40017.30010948821,0.0,40017.30010948821,18664.76357855967,24680.437062010576,15537.522959388603,8324.38858095238,0,LP,0.006408299988834187
q0.6,2025-03-15,0.6,10800.0,10774.329576719576,60623.40697590241,0.0,72724.98178333335,37381.86476603249,0.0,37381.86476603249,14142.879631528514,23600.822540758363,10414.1212345679,8458.541580952382,0,LP,0.005862199992407113
q0.6,2025-03-16,0.6,10774.329576719576,5892.921205968253,60921.618722198684,1834.4580714476201,117983.21598333328,37510.21150860463,11186.16480231103,48696.37631091564,0.0,770.1816447619053,15937.45131172252,17302.60309617142,11,LP,0.006155600014608353
q0.6,2025-03-17,0.6,5892.921205968253,6061.388568857143,66177.46120271605,83.58894895714539,117693.62179999992,39628.840853269765,499.0274990844077,40127.86835235417,1520.3285999999998,2677.6268842563204,21333.382144650204,17128.418910566663,3,LP,0.005488700000569224
q0.6,2025-03-18,0.6,6061.388568857143,5990.284390703703,64397.75021171661,1654.3018830571398,117253.4235833333,38622.3689884734,8459.153197309794,47081.5221857832,88.14598952381354,740.8085392592595,21900.699787695467,17803.560588371427,9,LP,0.005692800012184307
q0.6,2025-03-19,0.6,5990.284390703703,6073.5712793809535,63896.493877601395,1360.165167980949,117281.55799999996,38295.80500537865,6932.7094894139345,45228.51449479258,647.7485800000073,896.8483620223425,21955.965546055257,17709.373892495245,7,LP,0.0059148999862372875
q0.6,2025-03-20,0.6,6073.5712793809535,6152.531225349206,63157.566424362136,3193.9545812095157,117648.38173333334,37833.69623951609,19759.688891868696,57593.38513138478,0.0,177.82451904761967,20493.003781505,16528.269111647624,14,LP,0.005599700001766905
q0.6,2025-03-21,0.6,6152.531225349206,10800.0,62436.5066282951,0.0,72593.53221666667,37463.84686655141,0.0,37463.84686655141,21709.48822991769,21533.558444444447,15669.860737266314,8509.865300000001,0,LP,0.005822000006446615
q0.6,2025-03-22,0.6,10800.0,10783.701285714285,56691.444662957096,0.0,71936.92953333334,34928.223946566664,0.0,34928.223946566664,17767.68023344503,21162.30202360375,9973.3237654321,8093.061092857142,0,LP,0.00580939999781549
q0.6,2025-03-23,0.6,10783.701285714285,5958.431906629628,55987.16727318639,1545.5453724142917,117739.97726666664,34524.79821990259,8219.786406239527,42744.584626142125,0.0,46.48068761904824,16101.338328900647,17384.826487585706,16,LP,0.007607000006828457
q0.6,2025-03-24,0.6,5958.431906629628,5787.894293571428,60631.11054186361,1503.9816412574392,117425.17061666668,36322.65409653751,8760.200608088699,45082.854704626196,52.2868771428608,140.25805904761876,21565.96850184009,17621.918338242853,13,LP,0.005375699984142557
q0.6,2025-03-25,0.6,5787.894293571428,5869.3226910158755,61041.04302940623,3803.1740267476116,118053.16781666665,36522.11890432254,23230.48065505534,59752.59955937787,0.0,57.807135714285664,19805.26129512052,15968.976091347624,20,LP,0.005566499981796369
q0.6,2025-03-26,0.6,5869.3226910158755,5888.7778888624325,61351.36171489124,482.71000525713714,117704.62780000006,36700.02825338421,2565.305625946941,39265.33387933115,1158.8536195238153,959.0808259141683,21610.909105167542,17487.326697123808,9,LP,0.005615100002614781
q0.6,2025-03-27,0.6,5888.7778888624325,6071.153720873016,60629.23697061142,2523.2838141380926,117952.59836666663,36257.68203059609,15837.654013404983,52095.33604400106,0.0,390.146646190477,20427.61310394474,16382.22836538572,15,LP,0.005955200002063066
q0.6,2025-03-28,0.6,6071.153720873016,10800.0,60134.075048706654,0.0,71891.76726666666,35971.71373422224,0.0,35971.71373422224,21981.01002943563,20147.644662833627,15408.304939770722,8224.76535,0,LP,0.006243199983146042
q0.6,2025-03-29,0.6,10800.0,10800.0,54705.16648309817,0.0,72118.27746666667,33667.49079775799,0.0,33667.49079775799,25774.21191065255,19351.007112980595,9856.517242798356,7983.778966666666,0,LP,0.0059874999860767275
q0.6,2025-03-30,0.6,10800.0,5942.346181306879,53515.69674109937,823.340039619038,117994.70585000007,33034.4654090424,5107.8357955125075,38142.30120455491,0.0,307.1384085714301,16095.616363004123,17409.33769085715,7,LP,0.006697700009681284
q0.6,2025-03-31,0.6,5942.346181306879,6095.909807142858,58155.816487265685,2560.3156097393853,117075.66561666674,34865.7145922804,17230.720203399123,52096.4347956795,0.0,69.59885523809544,18720.71839569077,15025.574637257147,9,LP,0.005475599988130853
q0.6,2025-04-01,0.6,6095.909807142858,5984.894456190477,57602.211042584604,5559.73564174874,117967.14630000001,34565.85801101677,37471.60300388705,72037.46101490385,0.0,88.63414428571457,15601.972838095246,12737.51181471428,12,LP,0.005724499991629273
q0.6,2025-04-02,0.6,5984.894456190477,5931.520098280423,57655.33409704631,6102.417285966668,117986.62945,34548.45908105826,37050.754779579554,71599.2138606378,0.0,65.85457904761938,17392.622768865378,14136.061364900004,25,LP,0.007039999996777624
q0.6,2025-04-03,0.6,5931.520098280423,5966.471984994709,58570.23226057024,1619.9890223208163,117884.45609999994,34985.72739626008,10081.636379963804,45067.363776223894,0.0,300.7901566666674,21023.39032376249,16997.48946420476,12,LP,0.006849299999885261
q0.6,2025-04-04,0.6,5966.471984994709,10800.0,58189.288534279825,0.0,71735.75181666664,34774.08453179255,0.0,34774.08453179255,25805.147181275723,18738.902939829517,15075.057629841269,7860.621466666665,0,LP,0.005340099975001067
q0.6,2025-04-05,0.6,10800.0,10800.0,52247.16626405425,0.0,72602.74256666665,32166.874127540945,0.0,32166.874127540945,20720.596696196346,17656.401190546738,9610.807336725456,7784.75394274762,0,LP,0.006147800013422966
q0.6,2025-04-06,0.6,10800.0,5967.842959058202,52773.82919780411,561.4217410571476,117205.4305833333,32454.69434087503,3701.477242726284,36156.1715836013,0.0,264.30368428571444,15841.117498718406,17180.246510809517,7,LP,0.005706800002371892
q0.6,2025-04-07,0.6,5967.842959058202,5905.005911862437,58092.61546988989,0.0,117015.14203333334,34664.1454483371,0.0,34664.1454483371,854.3985076895934,155.55599286890072,20507.868570917104,16667.92688491905,0,LP,0.006808300007833168
q0.6,2025-04-08,0.6,5905.005911862437,5800.411305978836,57578.48287287619,1541.40299265238,117713.29026666663,34272.051046621964,9298.623093916873,43570.67414053883,0.0,769.248565155789,21534.625415796585,17537.18173209047,14,LP,0.005913300003157929
q0.6,2025-04-09,0.6,5800.411305978836,5852.378820767194,56882.87224881832,5543.968492474376,117677.52253333332,33927.373332832096,36725.034068333465,70652.40740116552,0.0,44.17540619047634,16850.439763821272,13602.085445385712,14,LP,0.005832499999087304
q0.6,2025-04-10,0.6,5852.378820767194,6212.973139068784,57027.6659100647,2146.0223882,117668.7006833333,34006.588685264345,13561.449891966955,47568.0385772313,0.0,408.823686190476,20945.74645054086,16641.519738466668,15,LP,0.00626419999753125
q0.6,2025-04-11,0.6,6212.973139068784,10800.0,56352.214300270425,0.0,72091.99674999999,33718.67288737379,0.0,33718.67288737379,26579.022046090537,17480.371646766605,14988.664557413282,8012.494116666666,0,LP,0.005493700009537861
q0.6,2025-04-12,0.6,10800.0,10787.437153439154,51070.45215179305,0.0,71957.17576666665,31483.167269334826,0.0,31483.167269334826,22882.095643004122,17430.99228324515,9176.369670781887,7444.165995238094,0,LP,0.007004899991443381
q0.6,2025-04-13,0.6,10787.437153439154,6063.845780873015,50602.65863568491,2256.180979823805,117283.06220000007,31203.404423287724,15146.66869442164,46350.073117709355,0.0,146.0910497295754,14145.380619764846,15708.990537319045,10,LP,0.005732199992053211
q0.6,2025-04-14,0.6,6063.845780873015,5955.284299201057,55934.68138332157,562.4075916999973,117901.37268333332,33427.31688451835,3835.013381374817,37262.33026589317,0.0,131.59991142857132,20711.382089988234,16873.924826395236,4,LP,0.006252799998037517
q0.6,2025-04-15,0.6,5955.284299201057,6025.777326169312,56314.64460374487,492.7159880666658,117056.90516666666,33520.00256943578,3175.7988940844198,36695.8014635202,1832.102369194598,955.8951618871256,20086.792121710754,16206.857894314293,7,LP,0.00576940001337789
q0.6,2025-04-16,0.6,6025.777326169312,5776.784498571429,55579.52813952969,3398.42907662186,117924.88506666668,33153.681486834656,22880.361963634266,56034.043450468926,0.0,109.15752619047566,17438.427814732513,14349.220074771436,11,LP,0.005318600015016273
q0.6,2025-04-17,0.6,5776.784498571429,6188.004586396825,55585.89963427984,1610.0502453190481,117487.04263333339,33111.010912137295,10937.642147992108,44048.65306012939,0.0,163.86595095238033,19966.544734756026,15802.803156109523,5,LP,0.00555750000057742
q0.6,2025-04-18,0.6,6188.004586396825,10800.0,54855.92846145797,0.0,71490.16935000003,32736.26996003772,0.0,32736.26996003772,24925.133311522637,16704.950014902992,14320.695155032332,7448.967203333333,0,LP,0.0056794999982230365
q0.6,2025-04-19,0.6,10800.0,10773.99015873016,49862.12010351557,0.0,71905.41535,30641.376711978308,0.0,30641.376711978308,24425.576561316862,16921.429159835385,9230.757839506172,7500.322707142858,0,LP,0.005387700017308816
q0.6,2025-04-20,0.6,10773.99015873016,5892.704268952381,49600.88216209876,947.5267407285826,117197.81635,30453.518751032945,6544.044387202844,36997.56313823578,0.0,110.79487851851823,15121.191798818336,16641.32265784284,3,LP,0.00535009999293834
q0.6,2025-04-21,0.6,5892.704268952381,5801.6363706613765,54733.0304174838,138.9662254095249,118481.6378833333,32555.15577520279,727.9316725180727,33283.08744772086,1848.683943533215,816.7167108818362,19850.772176878305,16161.086571733329,6,LP,0.00555309999617748
q0.6,2025-04-22,0.6,5801.6363706613765,5788.112251111112,54121.121945179286,1655.6808848786611,117811.00101666666,32230.57821661066,11019.217466849732,43249.79568346039,0.0,67.99311571428564,18779.221606696057,15223.341209019043,9,LP,0.005760200001532212
q0.6,2025-04-23,0.6,5788.112251111112,5989.689558814816,54413.79042562608,878.3039780714247,118030.5147666667,32261.885676796763,5846.259626555325,38108.145303352096,0.0,35.36106952380942,19344.194950388002,15487.378332880953,7,LP,0.008034999977098778
q0.6,2025-04-24,0.6,5989.689558814816,6149.051608989418,53693.62593178717,473.84863329523677,117497.77966666665,31858.899743696104,3038.431444520803,34897.33118821689,2381.4718111581287,827.847958553793,19603.275001122875,15735.226905752379,5,LP,0.005861699988599867
q0.6,2025-04-25,0.6,6149.051608989418,10800.0,52465.76393299823,0.0,71763.32119999999,31205.643469614435,0.0,31205.643469614435,28947.534352263378,14658.676160064668,14070.222204003529,7211.026433333333,0,LP,0.006180000025779009
q0.6,2025-04-26,0.6,10800.0,10800.0,46860.62947679525,0.0,72100.92436666666,28776.256470750606,0.0,28776.256470750606,31327.114076790116,13678.798151593171,9392.229553045277,7607.705937966671,0,LP,0.007014200004050508
q0.6,2025-04-27,0.6,10800.0,5955.188176978835,46039.18755910475,1846.2677887047644,117032.5225333333,28424.875565186907,11834.802270455664,40259.67783564257,348.89803333333236,196.4867964432711,16457.526186413877,17690.926851714292,9,LP,0.00561980000929907
q0.6,2025-04-28,0.6,5955.188176978835,6020.843436470899,50616.774161222806,8453.714811347618,117537.30080000006,30414.078644692487,54501.638567480746,84915.71721217329,0.0,69.42284285714277,12210.574102651382,9831.475289604761,22,LP,0.008009000011952594
q0.6,2025-04-29,0.6,6020.843436470899,6105.717157904762,51983.2936781893,1414.601594514288,117252.75871666662,31035.54956486961,9709.12957305995,40744.67913792956,2331.6809393298167,86.52921476190477,18263.605540288056,14717.134138342853,2,LP,0.00655160000314936
q0.6,2025-04-30,0.6,6105.717157904762,5883.783935343915,50846.31636637273,698.5056998285635,117682.88071666668,30601.413540420897,4516.137652960249,35117.55119338115,0.0,76.71160952380944,17952.610124467967,14741.354101123816,6,LP,0.006194200017489493
q0.7,2025-02-01,0.7,10800.0,10800.0,84854.51624612285,0.0,76305.2062833333,54462.30762624843,0.0,54462.30762624843,9282.374155232212,39646.18158153926,8146.234610621201,6598.450034603176,0,LP,0.006452700006775558
q0.7,2025-02-02,0.7,10800.0,6498.337823273544,84279.13792352146,0.0,121705.97265000001,54052.74870999023,0.0,54052.74870999023,20.31459475015054,6386.76575726122,17827.766213494222,18311.98659198413,0,LP,0.00624639997840859
q0.7,2025-02-03,0.7,6498.337823273544,6236.4297306119915,87088.07361188592,0.0,122603.76899999996,54666.784871179414,0.0,54666.784871179414,0.0,2718.5734045326267,23096.32100394062,18943.737296587304,0,LP,0.005207000009249896
q0.7,2025-02-04,0.7,6236.4297306119915,6094.626534039682,86531.29570813543,592.0893611095188,121578.09884999998,54196.59177482128,4119.5289064632525,58316.120681284534,0.0,1456.2043116666678,24210.208865754466,19737.892058176196,2,LP,0.005998399981763214
q0.7,2025-02-05,0.7,6094.626534039682,6160.848509513225,85628.30844858912,440.7195935119047,121991.08443333334,53542.99768581611,2145.9188036065175,55688.91648942263,0.0,598.616935167547,24538.86497723104,19816.880853630955,5,LP,0.005624299985356629
q0.7,2025-02-06,0.7,6160.848509513225,6190.519566828043,85530.36005306875,67.56723095238112,122252.16269999999,53508.20585637667,378.7651833642868,53886.97103974096,0.0,667.9060987448445,24380.315879085832,19721.3519104762,3,LP,0.006763599987607449
q0.7,2025-02-07,0.7,6190.519566828043,10800.0,84976.26453751912,0.0,76168.59693333329,53061.077615607814,0.0,53061.077615607814,10777.892583333334,35466.9686068195,14616.796267604353,7691.072586904764,0,LP,0.006586500006960705
q0.7,2025-02-08,0.7,10800.0,10800.0,78840.61279122574,0.0,75746.78751666665,50263.35923438454,0.0,50263.35923438454,10893.545247325104,34727.10839047617,8646.297035567319,7003.500598809525,0,LP,0.006188200000906363
q0.7,2025-02-09,0.7,10800.0,6014.392680050265,78428.15255413286,828.4262290738111,121547.90356666666,49979.24489618357,5649.232726405188,55628.47762258875,0.0,445.86318679306214,18749.190619482655,19493.89098973571,6,LP,0.006710899993777275
q0.7,2025-02-10,0.7,6014.392680050265,5890.979108177247,83920.32779494117,103.82587952381027,121477.56451666665,52288.831561708095,468.2758910992893,52757.10745280738,328.1247000000001,5343.006846146385,21776.088208794823,17749.703663809527,4,LP,0.007227099995361641
q0.7,2025-02-11,0.7,5890.979108177247,6038.659520952381,83108.62898820691,166.3935019047624,121441.28161666669,51687.58885452311,918.663922309287,52606.25277683238,148.03829999999994,3418.074009535565,22923.161451290416,18434.84840404762,8,LP,0.006170100008603185
q0.7,2025-02-12,0.7,6038.659520952381,5992.698985973546,81959.67272587595,366.4334522571473,121363.85288333334,50942.16187339651,2291.864831082764,53234.02670447929,163.38428333333331,2623.1829739094646,22706.143521252194,18433.340733695226,9,LP,0.007154399994760752
q0.7,2025-02-13,0.7,5992.698985973546,6160.950896756613,81070.10189874412,95.13988808571715,121310.28371666669,50350.841697489035,519.910336912552,50870.75203440159,392.08408422986355,5286.619032125223,21082.278600543792,16925.21894673571,7,LP,0.0067915999970864505
q0.7,2025-02-14,0.7,6160.950896756613,10800.0,79456.07305768707,0.0,75872.63795000003,49239.655760920556,0.0,49239.655760920556,12277.905954526745,30498.748490655944,14223.540015361554,7345.923219523812,0,LP,0.009293099981732666
q0.7,2025-02-15,0.7,10800.0,10800.0,74014.67179101188,0.0,76054.55224999998,46809.81608730225,0.0,46809.81608730225,12968.524755555556,30041.79077052983,9075.079815402705,7350.814650476189,0,LP,0.005706299998564646
q0.7,2025-02-16,0.7,10800.0,6096.465843,73691.3013282976,1084.0008796357088,121276.97728333334,46520.303797158434,6180.690320547961,52700.994117706396,0.0,200.38657808642074,18056.406690246917,18858.8701604,8,LP,0.006775599991669878
q0.7,2025-02-17,0.7,6096.465843,5910.123894518519,78403.01439305951,129.74290690475698,120960.37281666667,48295.74187952095,797.0021202342512,49092.74399975521,646.6990333333333,2723.136793744849,21825.08452554086,17846.026219321415,2,LP,0.006541799986734986
q0.7,2025-02-18,0.7,5910.123894518519,6124.563984798941,78051.14894276016,44.78807095238096,121331.27123333327,47943.27140011044,205.18652767428574,48148.457927784715,38.890194032920945,1355.6608004850048,23247.37976109935,18637.381525238095,2,LP,0.006186099984915927
q0.7,2025-02-19,0.7,6124.563984798941,5816.48518386508,77537.17736477958,1097.4313230976131,121866.79411666667,47601.1294572948,5667.474686715085,53268.60414400988,0.0,1556.7880676190446,23556.65346192241,19358.16022499761,18,LP,0.006060600018827245
q0.7,2025-02-20,0.7,5816.48518386508,6178.797294920639,77364.63568344209,340.56107732857066,121105.25703333328,47414.273853701554,1603.2005745520464,49017.4744282536,0.0,1925.052026396241,23478.579479426804,18691.568478385718,6,LP,0.0064101000025402755
q0.7,2025-02-21,0.7,6178.797294920639,10800.0,76560.67046347147,0.0,75802.0020333333,46981.00257890593,0.0,46981.00257890593,15567.312815249847,28522.24533453264,14482.988662022348,7572.138381666669,0,LP,0.006466799997724593
q0.7,2025-02-22,0.7,10800.0,10780.902314550265,70811.34211840975,0.0,75682.2422666667,44398.64328584742,0.0,44398.64328584742,13354.486802933568,27751.838784711937,9881.271391240445,8021.017743809523,0,LP,0.0059624999994412065
q0.7,2025-02-23,0.7,10780.902314550265,6029.631823738095,70634.66684971485,453.8567216952455,121142.14093333337,44263.094042569246,2289.309248022135,46552.40329059138,0.0,367.6178752939485,18237.870813230453,19048.818800447614,8,LP,0.006358299986459315
q0.7,2025-02-24,0.7,6029.631823738095,5981.018534976191,75244.18099100824,292.2866822261885,120628.98855,45982.8274523632,1768.3272793665317,47751.15473172974,924.9594300852463,2266.409492689592,22030.616282519117,17888.551148726197,8,LP,0.0069241000164765865
q0.7,2025-02-25,0.7,5981.018534976191,5977.823853804232,74788.16984511171,139.3290111904755,121093.33288333328,45692.23769385425,651.0894198658285,46343.32711372007,1345.6580171487378,3685.3317464256343,21463.479328680183,17388.293469285716,10,LP,0.006609899981413037
q0.7,2025-02-26,0.7,5977.823853804232,6045.402198214286,73404.60696280723,699.22886329286,121060.73411666663,44782.55942544322,4736.448882585047,49519.008308028264,499.88801666666654,453.0525053733138,22501.19347767195,18165.14620694524,7,LP,0.006228200014447793
q0.7,2025-02-27,0.7,6045.402198214286,6272.194511936506,72925.4424217813,1023.4199670619005,120599.48893333331,44435.54638866355,5126.666591021758,49562.212979685326,506.5635999999982,1873.4613117254485,23200.737867198695,18588.484590080956,16,LP,0.006722900026943535
q0.7,2025-02-28,0.7,6272.194511936506,10800.0,71982.03466784829,0.0,75385.10794999998,43965.98325930637,0.0,43965.98325930637,15959.528281199295,25799.8954497472,15026.276040235161,8096.258653333332,0,LP,0.006463800003984943
q0.7,2025-03-01,0.7,10800.0,10800.0,66569.24262552912,0.0,72244.16015,41606.69569242285,0.0,41606.69569242285,14705.500698424454,26342.228939462082,9803.931864785418,7941.18481047619,0,LP,0.006599200016353279
q0.7,2025-03-02,0.7,10800.0,5960.712337558201,65950.0506366108,5502.945624571429,117860.41708333329,41237.74550984465,37126.37112792817,78364.11663777281,0.0,860.4300092651376,13629.568849726635,15395.309664476192,14,LP,0.00700360001064837
q0.7,2025-03-03,0.7,5960.712337558201,5932.1333248915325,71981.64892000883,4645.507686266661,117958.74560000001,43881.962263149326,28117.606071072627,71999.56833422199,0.0,674.2531918753634,20849.883644562025,16914.126863495247,19,LP,0.005402200011303648
q0.7,2025-03-04,0.7,5932.1333248915325,5904.732666058201,72935.6235453645,847.9560666404784,118139.02498333335,44494.46283414759,5218.031375425414,49712.49420957299,0.0,280.9115983245175,22778.26670156377,18475.056621216663,9,LP,0.007425999996485189
q0.7,2025-03-05,0.7,5904.732666058201,6051.857154193121,73512.9768212963,67.88677761904785,118073.44383333332,44802.73492672633,450.20006129262015,45252.934988018955,223.0868914109392,2863.9064539329775,22268.34840833333,17904.950171428573,4,LP,0.006854200008092448
q0.7,2025-03-06,0.7,6051.857154193121,6144.53414057672,72457.56195153443,162.24766607856156,117673.59855000004,44162.73117295727,1069.2735882557129,45232.00476121298,599.4014666666665,1829.0622275102821,21933.065801881246,17682.37401177858,4,LP,0.006442600017180666
q0.7,2025-03-07,0.7,6144.53414057672,10800.0,72041.77582507348,0.0,71680.36145000004,43833.730296445254,0.0,43833.730296445254,16094.519022742512,28124.09038257788,14268.219015467364,7367.338129047617,0,LP,0.005594699992798269
q0.7,2025-03-08,0.7,10800.0,10800.0,66552.9190523751,0.0,72344.71158333328,41491.965177392114,0.0,41491.965177392114,18100.337529091703,27628.48905585831,9268.173425044095,7507.220474285714,0,LP,0.006244700023671612
q0.7,2025-03-09,0.7,10800.0,6137.4387718571425,65890.01624390946,65.47083142857218,117692.98650000004,40980.138965412014,456.72452004571954,41436.86348545773,623.4639431657816,2961.6291636331525,17016.70538877719,17979.836470238093,1,LP,0.005711500009056181
q0.7,2025-03-10,0.7,6137.4387718571425,6002.843807838626,69386.51434256906,2409.391773580956,117943.06436666667,42088.88295471234,14870.677523169312,56959.56047788166,0.0,31.507254047619085,20228.751998521453,16506.42458641904,10,LP,0.005485600006068125
q0.7,2025-03-11,0.7,6002.843807838626,6147.569043166667,69403.44885136388,430.0939835595211,117499.55295,41965.109192444055,2950.93817621317,44916.047368657215,655.6502666666671,971.1826002939433,21776.518190355666,17508.727022392857,3,LP,0.007051300024613738
q0.7,2025-03-12,0.7,6147.569043166667,5970.599044126983,68621.62026116696,206.334265547622,118112.23683333342,41451.46803443759,1439.3878364602112,42890.8558708978,1019.0261198530368,1414.3894570870048,21675.143503036445,17716.139236595238,1,LP,0.005864900012966245
q0.7,2025-03-13,0.7,5970.599044126983,6164.131152510581,68227.22915004412,3463.8981342976176,118237.27704999999,41151.90574663701,21449.57245301353,62601.478199650526,0.0,200.3805605555624,19847.1042609171,15901.975553797613,14,LP,0.006684199994197115
q0.7,2025-03-14,0.7,6164.131152510581,10800.0,68698.4080121399,0.0,72108.86895000002,41428.46059993464,0.0,41428.46059993464,19212.86531432393,26423.34416884185,15055.213594212237,8022.441048571428,0,LP,0.005722200003219768
q0.7,2025-03-15,0.7,10800.0,10782.654242063492,62843.58861954437,0.0,72724.98178333335,38818.3614417743,0.0,38818.3614417743,14641.766594259261,25388.529542739572,10025.150077307462,8135.982744761903,0,LP,0.006642899999860674
q0.7,2025-03-16,0.7,10782.654242063492,5992.5192753201045,63138.0236062522,268.3462594261838,117983.21598333328,38968.625804883144,1589.7116749515856,40558.33747983473,0.0,1173.6067802586717,16804.40853766021,17922.69238557382,5,LP,0.009161399997537956
q0.7,2025-03-17,0.7,5992.5192753201045,6151.5410389418,68248.94902669311,0.0,117693.62179999992,40994.91605190386,0.0,40994.91605190386,1826.6224166666661,4505.638820855385,20607.56193988536,16549.005584047616,0,LP,0.0060477000079117715
q0.7,2025-03-18,0.7,6151.5410389418,6203.646621666664,66478.61680581716,1186.918327204759,117253.4235833333,39948.02548967615,5997.959819564487,45945.985309240656,693.8801407142874,1644.148779811878,21866.59379671957,17665.045950890475,8,LP,0.00622869998915121
q0.7,2025-03-19,0.7,6203.646621666664,6237.683726261904,65969.71628524987,681.2896799880951,117281.55799999996,39663.52439790674,3389.805756946666,43053.33015485339,1154.1369266666652,1848.670270734861,21853.131177372135,17670.402859535716,5,LP,0.0072023999819066375
q0.7,2025-03-20,0.7,6237.683726261904,6223.293350216931,65270.993465975895,1356.5901338309477,117648.38173333334,39225.31088263541,8579.421757801274,47804.732640436676,0.0,350.1022359523813,21481.425713833047,17412.906166645247,10,LP,0.00625240002409555
q0.7,2025-03-21,0.7,6223.293350216931,10800.0,64719.90889279831,0.0,72593.53221666667,38940.20578577118,0.0,38940.20578577118,22227.25480486478,23418.446822430917,15377.404021216935,8336.661272380952,0,LP,0.006701000005705282
q0.7,2025-03-22,0.7,10800.0,10793.007343915344,59051.36051765725,0.0,71936.92953333334,36433.920739231595,0.0,36433.920739231595,18284.339744370955,23039.877216067,9748.616917695477,7902.673093809524,0,LP,0.006096999975852668
q0.7,2025-03-23,0.7,10793.007343915344,6056.625579174603,58336.7430632187,622.5793858857161,117739.97726666664,36016.019152821165,3159.825467109028,39175.844619930205,0.0,1348.4640536537286,16336.220352898295,17495.082074114285,8,LP,0.006603899993933737
q0.7,2025-03-24,0.7,6056.625579174603,5883.459245780424,62953.46146415639,364.41279668809807,117425.17061666668,37819.81708244272,2098.18098009232,39917.99806253504,895.5342935714323,451.5939003909409,21726.835176860663,17754.5861933119,6,LP,0.006178200012072921
q0.7,2025-03-25,0.7,5883.459245780424,5964.977974632277,63240.21101166963,1876.5905003904718,118053.16781666665,37960.39399513417,11575.244445628317,49535.63844076248,0.0,111.42751928571477,20957.275895479124,16902.02661937144,13,LP,0.007315299997571856
q0.7,2025-03-26,0.7,5964.977974632277,5999.370024433865,63695.119928168744,0.0,117704.62780000006,38219.05181595004,0.0,38219.05181595004,2095.426483333334,1943.3302382069426,21225.555237580837,17161.74689761905,0,LP,0.0061879999993834645
q0.7,2025-03-27,0.7,5999.370024433865,6136.5229945,62890.257208536146,786.866430966661,117952.59836666663,37698.381316202736,5230.621050955384,42929.00236715812,0.0,777.28910452381,21365.302431155204,17182.45729617619,7,LP,0.007252699986565858
q0.7,2025-03-28,0.7,6136.5229945,10800.0,62224.843557733686,0.0,71891.76726666666,37259.61508350141,0.0,37259.61508350141,22397.890803677255,21939.04401170782,15099.4666880629,8033.438712380952,0,LP,0.006030699994880706
q0.7,2025-03-29,0.7,10800.0,10800.0,56866.79176307466,0.0,72118.27746666667,34988.70647604071,0.0,34988.70647604071,26184.627151119923,21124.426129509116,9739.627890064667,7889.098590952379,0,LP,0.007244300009915605
q0.7,2025-03-30,0.7,10800.0,6126.609303309521,55692.21921748384,0.0,117994.70585000007,34318.34975294543,0.0,34318.34975294543,610.9963978600779,805.2229503468579,16507.535769991184,17577.155600714286,0,LP,0.007306299987249076
q0.7,2025-03-31,0.7,6126.609303309521,6170.6035697619045,60091.65780912112,1001.9431594778234,117075.66561666674,36013.80691435345,6833.4954265422275,42847.30234089569,0.0,331.41247983539154,19848.44297696355,16037.643971533338,4,LP,0.006147600011900067
q0.7,2025-04-01,0.7,6170.6035697619045,6054.363938439154,59665.47777415343,3767.3037391547605,117967.14630000001,35759.10267511292,25494.237752950026,61253.34042806294,0.0,137.4706500000002,16795.131657010592,13708.672310369042,9,LP,0.006022299989126623
q0.7,2025-04-02,0.7,6054.363938439154,6016.383859656084,59707.392375905336,4336.691216873809,117986.62945,35764.62843378463,26241.59196872157,62006.22040250617,0.0,126.72490690476116,18506.34398304821,15024.320697173813,15,LP,0.0059923999942839146
q0.7,2025-04-03,0.7,6016.383859656084,6062.123924497354,60785.792874667844,562.6403498571466,117884.45609999994,36223.389693348254,3177.8917507554524,39401.28144410371,577.0376333333313,723.7767412904116,21804.85539409172,17620.766810857138,7,LP,0.006644900015089661
q0.7,2025-04-04,0.7,6062.123924497354,10800.0,60468.06773954732,0.0,71735.75181666664,36036.925293688386,0.0,36036.925293688386,25805.147181275723,21136.4627056555,14902.984919282775,7807.3293166666635,0,LP,0.005848700006026775
q0.7,2025-04-05,0.7,10800.0,10800.0,54526.342824403306,0.0,72602.74256666665,33466.84069548377,0.0,33466.84069548377,20996.808065843612,19724.72311458554,9266.824529688422,7506.127869047618,0,LP,0.006320899992715567
q0.7,2025-04-06,0.7,10800.0,6036.566680320107,55149.52958795998,73.86634986904502,117205.4305833333,33764.917992566974,403.6173712514575,34168.53536381843,1222.6061783627242,824.9238064109322,16067.787758424462,17301.998072035716,4,LP,0.007032099994830787
q0.7,2025-04-07,0.7,6036.566680320107,6148.673834378309,60342.58780791298,0.0,117015.14203333334,35926.58905471646,0.0,35926.58905471646,1887.9406833333333,1274.436066319815,20192.60703302175,16255.115258095237,0,LP,0.006211400002939627
q0.7,2025-04-08,0.7,6148.673834378309,5904.936066275133,59505.31532443267,640.6559813857124,117713.29026666663,35432.85680586382,4060.052325854386,39492.90913171819,488.39916902115874,1480.2285013639005,21281.652684523808,17457.502665757132,9,LP,0.005663800024194643
q0.7,2025-04-09,0.7,5904.936066275133,5980.547518798941,58929.40406921809,3893.7879965865673,117677.52253333332,35138.846952427135,26382.141972770885,61520.98892519803,0.0,277.9985152763078,17593.853824159316,14182.97129029762,8,LP,0.00660650001373142
q0.7,2025-04-10,0.7,5980.547518798941,6288.284846449735,59230.234948268655,531.7980372571428,117668.7006833333,35305.46047621244,3496.2063499765773,38801.66682618904,0.0,924.8488363256884,21576.750812181068,17200.20456298095,5,LP,0.005401599977631122
q0.7,2025-04-11,0.7,6288.284846449735,10800.0,58464.13332457966,0.0,72091.99674999999,34955.10792055957,0.0,34955.10792055957,27129.259206584364,19233.457461769543,14338.015007178132,7553.248517619045,0,LP,0.005587000021478161
q0.7,2025-04-12,0.7,10800.0,10797.195866137567,53268.44456001924,0.0,71957.17576666665,32756.220072483065,0.0,32756.220072483065,23386.342906378606,19217.52682495165,8641.778942974714,7002.364664285714,0,LP,0.006032299977960065
q0.7,2025-04-13,0.7,10797.195866137567,6133.160493042326,52848.26211974,611.3827304523807,117283.06220000007,32460.841444567537,4081.8602254272364,36542.70166999478,0.0,449.75379084950265,15427.18111471194,16693.648538702375,5,LP,0.007270100002642721
q0.7,2025-04-14,0.7,6133.160493042326,6017.381691150793,58088.67330524293,66.10578802857185,117901.37268333332,34666.83532654412,444.46993314691576,35111.30525969104,184.5561674426774,1662.604326152261,20440.9880072575,16661.40120758095,2,LP,0.007719899993389845
q0.7,2025-04-15,0.7,6017.381691150793,6086.912007899472,58288.541161440335,107.77071093095483,117056.90516666666,34712.556133894635,567.4224835945674,35279.97861748921,2584.887929861843,1933.3004373022022,19347.98624631625,15609.29157444236,6,LP,0.007680099981371313
q0.7,2025-04-16,0.7,6086.912007899472,5864.832286936508,57688.64482116014,1588.7631908356757,117924.88506666668,34371.964442089295,10755.438105110385,45127.40254719971,0.0,155.80350690476143,18641.49633661963,15299.48378152858,7,LP,0.007413900020765141
q0.7,2025-04-17,0.7,5864.832286936508,6263.074011391534,57816.63262622901,214.9670770904797,117487.04263333339,34357.4723763181,1458.0202054067165,35815.49258172484,43.251457733684475,782.5806529276954,20942.14574025572,16604.720497597613,3,LP,0.007061000011162832
q0.7,2025-04-18,0.7,6263.074011391534,10800.0,57198.00287036628,0.0,71490.16935000003,34040.58791014407,0.0,34040.58791014407,25134.51659629924,18976.801395546736,13943.86476547031,7211.297070283334,0,LP,0.005395100015448406
q0.7,2025-04-19,0.7,10800.0,10786.155943121694,52280.19479679267,0.0,71905.41535,31981.96576642945,0.0,31981.96576642945,24668.879486734262,19144.283721046442,8920.063106328633,7237.710767316668,0,LP,0.005727300012949854
q0.7,2025-04-20,0.7,10786.155943121694,6111.468955560851,52016.81639042152,0.0,117197.81635,31788.170739647627,0.0,31788.170739647627,430.28301051440553,835.2699352910041,15793.351842566131,16999.833281283332,0,LP,0.00554270000429824
q0.7,2025-04-21,0.7,6111.468955560851,5915.348642859787,56868.858712445595,57.74294788571528,118481.6378833333,33712.35312075512,271.64794334347596,33984.0010640986,3024.0052476837204,1858.1121280364448,19495.16938267783,15967.595481400003,4,LP,0.006098399986512959
q0.7,2025-04-22,0.7,5915.348642859787,5893.779919103174,56476.11524083774,43.09139790476333,117811.00101666666,33497.468975923,200.6792211539593,33698.14819707696,24.855806766606648,493.89534626395874,20352.30537066432,16504.779201619043,2,LP,0.0053050999995321035
q0.7,2025-04-23,0.7,5893.779919103174,6088.314427867724,56737.38178428865,0.0,118030.5147666667,33517.99348476779,0.0,33517.99348476779,566.4388197236949,781.5225929864803,20075.908405387992,16086.404750476191,0,LP,0.005594999995082617
q0.7,2025-04-24,0.7,6088.314427867724,6210.488810999999,56006.97759686656,218.83180516666727,117497.77966666665,33124.28170605649,1368.1556792593447,34492.43738531583,3803.5125292886537,1515.2891649853077,19510.231910211634,15693.330902452379,5,LP,0.005290999979479238
q0.7,2025-04-25,0.7,6210.488810999999,10800.0,54879.62756593766,0.0,71763.32119999999,32518.43563370728,0.0,32518.43563370728,28947.534352263378,17140.80335079365,14001.958646213996,7211.026433333333,0,LP,0.008755799994105473
q0.7,2025-04-26,0.7,10800.0,10800.0,49132.4687865667,0.0,72100.92436666666,30025.283236370695,0.0,30025.283236370695,31468.43462427982,15935.111086772482,8730.154958847736,7071.425516666666,0,LP,0.006220599985681474
q0.7,2025-04-27,0.7,10800.0,6057.781493883596,48205.06551158094,887.6851842190515,117032.5225333333,29639.751510926853,6151.332379573727,35791.08389050058,1463.6973021017038,371.1092434832453,15539.313802034103,16854.840835152376,2,LP,0.0056804000050760806
q0.7,2025-04-28,0.7,6057.781493883596,6128.744845595237,53056.54749700762,6420.893572488095,117537.30080000006,31706.234484572928,42867.78794762779,74574.02243220076,0.0,112.26495309523773,14101.798858912402,11358.590059178572,15,LP,0.005350299994461238
q0.7,2025-04-29,0.7,6128.744845595237,6211.852243285714,54363.52197220458,971.4457628880964,117252.75871666662,32314.55662950566,6720.265066657099,39034.82169616277,3588.1080427983543,777.9160566490264,18215.438216090533,14679.708297111903,2,LP,0.005915599991567433
q0.7,2025-04-30,0.7,6211.852243285714,5960.56460831746,53185.93335827161,103.32150380952467,117682.88071666668,31848.225176123484,476.50929219309927,32324.734468316583,584.9091232451564,1167.2663226190484,18454.651865026448,15174.426882142856,3,LP,0.006417099997634068
q0.8,2025-02-01,0.8,10800.0,10800.0,86974.12187833508,0.0,76305.2062833333,56023.323440625005,0.0,56023.323440625005,9402.709983744848,41718.84783721379,7759.937494963746,6285.549370920635,0,LP,0.006751300010364503
q0.8,2025-02-02,0.8,10800.0,6786.523534773542,86392.78073561903,0.0,121705.97265000001,55609.19109920504,0.0,55609.19109920504,49.9313425044107,8262.261950328433,17560.201639421128,17835.892146634924,0,LP,0.0068316999822855
q0.8,2025-02-03,0.8,6786.523534773542,6479.320807349205,88848.82578506407,0.0,122603.76899999996,56028.461795085575,0.0,56028.461795085575,0.0,4667.119706564383,22322.484385166375,18357.69480666666,0,LP,0.00595900000189431
q0.8,2025-02-04,0.8,6479.320807349205,6518.763534042329,88280.86571272778,0.0,121578.09884999998,55511.249943188406,0.0,55511.249943188406,0.0,2415.796945490899,24393.191385332135,19722.986568095235,0,LP,0.005177599989110604
q0.8,2025-02-05,0.8,6518.763534042329,6370.807255888887,87157.53529637858,60.641502942853435,121991.08443333334,54750.99272099099,319.46520964355784,55070.45793063453,0.0,2025.3317279717808,24092.519675549673,19648.10158753334,3,LP,0.004714900016551837
q0.8,2025-02-06,0.8,6370.807255888887,6405.565453253974,87232.90806410345,58.910591428571706,122252.16269999999,54797.486342265714,338.2174838347635,55135.70382610048,0.0,2486.8625647854187,23697.981560270422,19164.082686190475,3,LP,0.0073398999811615795
q0.8,2025-02-07,0.8,6405.565453253974,10800.0,86676.12702800709,0.0,76168.59693333329,54365.52029834732,0.0,54365.52029834732,10777.892583333334,37491.155274126955,13928.465325308644,7327.065821428574,0,LP,0.005877899995539337
q0.8,2025-02-08,0.8,10800.0,10800.0,80779.41515552024,0.0,75746.78751666665,51669.90243957656,0.0,51669.90243957656,10893.545247325104,36750.85712621399,8199.21087007643,6641.360804761908,0,LP,0.0073133000114466995
q0.8,2025-02-09,0.8,10800.0,6242.616883592591,80380.08629186946,0.0,121547.90356666666,51386.32680162892,0.0,51386.32680162892,0.0,1267.909737189892,19254.765225155792,19698.004637142854,0,LP,0.005015500006265938
q0.8,2025-02-10,0.8,6242.616883592591,6016.427758947088,85687.79693612577,0.0,121477.56451666665,53631.07182761972,0.0,53631.07182761972,443.37197025279494,7110.554351922401,21109.49075156966,17302.257720952384,0,LP,0.007651799998711795
q0.8,2025-02-11,0.8,6016.427758947088,6103.285073571428,85033.98663924754,49.08824533809734,121441.28161666669,53069.32820084638,231.46050799652883,53300.78870884291,166.04902603174085,5315.105357613171,22648.167286554977,18266.843918947623,5,LP,0.009382199990795925
q0.8,2025-02-12,0.8,6103.285073571428,6097.750595317461,83927.26694294535,6.12250333333327,121363.85288333334,52333.18911015172,28.67780561333304,52361.86691576505,163.38428333333331,4206.073441975313,22643.03483192239,18345.839244285708,1,LP,0.009920299984514713
q0.8,2025-02-13,0.8,6097.750595317461,6278.388666555553,82949.08469750146,12.513333333333321,121310.28371666669,51715.959007038306,56.92940999999995,51772.88841703832,558.6377833333336,7027.632151146383,20438.288503021748,16392.439423333333,1,LP,0.010057399980723858
q0.8,2025-02-14,0.8,6278.388666555553,10800.0,81265.75219358612,0.0,75872.63795000003,50548.04287629426,0.0,50548.04287629426,12277.905954526745,32528.42923751909,13621.92097249266,6964.305787619049,0,LP,0.008708699984708801
q0.8,2025-02-15,0.8,10800.0,10800.0,75949.93920342738,0.0,76054.55224999998,48174.06277374719,0.0,48174.06277374719,12968.524755555556,32005.129025555554,8927.338538506758,7231.144216190475,0,LP,0.00556039999355562
q0.8,2025-02-16,0.8,10800.0,6220.4347202486815,75586.18591142933,63.25114619047622,121276.97728333334,47879.40136488353,286.1611947411906,48165.56255962473,0.0,897.7692399706054,18399.460365396826,19025.17164774762,2,LP,0.004516399989370257
q0.8,2025-02-17,0.8,6220.4347202486815,6020.716174978837,80095.95106991415,44.54333333333341,120960.37281666667,49558.4985562513,202.64989500000036,49761.148451251305,794.4812,4371.218748054087,20898.30515405055,17107.3738655238,1,LP,0.005849700013641268
q0.8,2025-02-18,0.8,6020.716174978837,6312.7928879047595,79753.85541451085,37.641919523809634,121331.27123333327,49188.073744339024,171.71395438285765,49359.78769872188,95.83631069958746,3075.5991316049385,22451.605614544376,17922.931506147623,2,LP,0.007331600005272776
q0.8,2025-02-19,0.8,6312.7928879047595,5882.761505338624,79012.87246399152,111.85618238095242,121866.79411666667,48731.04249153084,496.4770215133335,49227.51951304418,0.0,2143.9374450499636,23623.6424331511,19522.178615161905,6,LP,0.004792299994733185
q0.8,2025-02-20,0.8,5882.761505338624,6428.245464460317,79108.3852349539,39.87716047619017,121105.25703333328,48666.0353984454,183.48455902142717,48849.51995746682,0.0,3273.863199541442,23106.999470241033,18225.734007685718,3,LP,0.0045543999876827
q0.8,2025-02-21,0.8,6428.245464460317,10800.0,78192.79093024692,0.0,75802.0020333333,48197.45619683491,0.0,48197.45619683491,15593.675337448558,30473.84235464432,13844.37959386831,7279.368389047617,0,LP,0.00436180000542663
q0.8,2025-02-22,0.8,10800.0,10786.923935449735,72719.68187250443,0.0,75682.2422666667,45732.952173581056,0.0,45732.952173581056,13452.034244650209,29652.481418007053,9379.851497942387,7609.44817142857,0,LP,0.004837899992708117
q0.8,2025-02-23,0.8,10786.923935449735,6194.9209586031775,72539.96517770135,52.21295952380956,121142.14093333337,45596.926896208024,239.55492907619063,45836.481825284216,0.0,1749.556548036449,18124.05571061729,18813.2878047619,2,LP,0.0054515000083483756
q0.8,2025-02-24,0.8,6194.9209586031775,6116.31709765079,76959.81288550266,39.0894428571429,120628.98855,47251.82090503737,178.06746771190498,47429.888372749265,967.5018999999999,3817.400024538503,21482.685589535577,17471.718802380958,3,LP,0.004825099982554093
q0.8,2025-02-25,0.8,6116.31709765079,6138.63470266667,76537.95127991767,71.12787857142848,121093.33288333328,46970.56752553963,320.06716087023773,47290.63468640987,1545.8397333333332,5285.9444155849405,20715.189114332756,16759.217338095244,2,LP,0.004740999982459471
q0.8,2025-02-26,0.8,6138.63470266667,6126.199097830688,75270.26850965897,30.85013549999951,121060.73411666663,46140.64662118726,147.79411175156787,46288.440732938834,605.2267666666664,1666.4234154144542,22241.118284720746,18026.497854976198,3,LP,0.005519700003787875
q0.8,2025-02-27,0.8,6126.199097830688,6362.604572000002,74928.80110252202,417.5303494714285,120599.48893333331,45834.42172890133,2035.5036732079543,47869.92540210928,506.5635999999982,3228.608739470901,23377.947293527326,18723.372381004767,7,LP,0.004836300009628758
q0.8,2025-02-28,0.8,6362.604572000002,10800.0,74050.07784035862,0.0,75385.10794999998,45372.134315406365,0.0,45372.134315406365,16348.233119494416,27634.495446766596,14637.367573145213,7862.611849047618,0,LP,0.005100100010167807
q0.8,2025-03-01,0.8,10800.0,10800.0,68759.38769615517,0.0,72244.16015,43055.752267554504,0.0,43055.752267554504,15184.940572081126,28085.500882804245,9632.527936507931,7802.347628571428,0,LP,0.004710599983809516
q0.8,2025-03-02,0.8,10800.0,6008.9356055291,68136.98965159318,3950.608326033325,117860.41708333329,42673.317817379284,26725.0446233297,69398.36244070897,0.0,1168.8905396061143,15117.675401987068,16557.275030633336,9,LP,0.004714700015028939
q0.8,2025-03-03,0.8,6008.9356055291,5999.2835638042325,74070.92351209877,3114.6623570047636,117958.74560000001,45293.00867143516,18785.0764397794,64078.08511121455,0.0,973.5336977660168,22124.17039766608,17929.264859661896,14,LP,0.004926800000248477
q0.8,2025-03-04,0.8,5999.2835638042325,6165.996600772489,75228.16660123455,0.0,118139.02498333335,46039.60446566443,0.0,46039.60446566443,0.0,1400.5179795061695,23569.20502696649,18941.014338571422,0,LP,0.004806899989489466
q0.8,2025-03-05,0.8,6165.996600772489,6207.556539719577,75545.9449842622,3.286666666666747,118073.44383333332,46255.54809901707,14.952690000000366,46270.50078901706,313.6497887830705,4959.660423151079,21621.291985661377,17475.84256333333,1,LP,0.0046894999977666885
q0.8,2025-03-06,0.8,6207.556539719577,6465.014111777776,75003.14417884809,0.0,117673.59855000004,45921.399544742584,0.0,45921.399544742584,803.271483333333,3928.4223332863075,21574.128494961784,17243.332266066667,0,LP,0.005677100009052083
q0.8,2025-03-07,0.8,6465.014111777776,10800.0,74353.1762925103,0.0,71680.36145000004,45511.618911478654,0.0,45511.618911478654,16951.0668534568,29960.96694845972,13775.629778212822,7256.772820952381,0,LP,0.004658599995309487
q0.8,2025-03-08,0.8,10800.0,10800.0,69204.39987755437,0.0,72344.71158333328,43323.79398957941,0.0,43323.79398957941,19055.387393139317,29350.855089259265,9131.673044679603,7396.655166190474,0,LP,0.0044716999982483685
q0.8,2025-03-09,0.8,10800.0,6292.818889904767,68456.81412102879,0.0,117692.98650000004,42797.62928095767,0.0,42797.62928095767,1391.5053957201644,4699.282082357438,16257.708379141688,17225.206786190472,0,LP,0.005012100009480491
q0.8,2025-03-10,0.8,6292.818889904767,6124.655842730158,71761.50604122282,451.4920702857148,117943.06436666667,43775.94643131568,2933.190204721719,46709.13663603741,0.0,221.16577014109123,21584.77702012933,17635.016128761905,4,LP,0.0051503999857231975
q0.8,2025-03-11,0.8,6124.655842730158,6368.889646365081,71748.98279725456,0.0,117499.55295,43624.85510531416,0.0,43624.85510531416,879.0601934273941,2693.20715933568,21147.295901158148,16909.499256666673,0,LP,0.0055312000040430576
q0.8,2025-03-12,0.8,6368.889646365081,6157.937212169311,70888.5916502528,0.0,118112.23683333342,43086.92002107467,0.0,43086.92002107467,1352.0776064079976,3336.082256290412,20814.496289459148,17049.599185238098,0,LP,0.004904300003545359
q0.8,2025-03-13,0.8,6157.937212169311,6264.7677569206335,70493.49931600234,1658.6561199238083,118237.27704999999,42747.63552987319,10413.0568083427,53160.692338215886,0.0,504.4379629629636,21083.957715896526,16981.858259599994,8,LP,0.00510260000010021
q0.8,2025-03-14,0.8,6264.7677569206335,10800.0,71083.15843489124,0.0,72108.86895000002,43084.272567781976,0.0,43084.272567781976,19876.65542004703,28356.46344348618,14415.287206596127,7594.673618571428,0,LP,0.005342399992514402
q0.8,2025-03-15,0.8,10800.0,10793.148004232804,65336.76819490301,0.0,72724.98178333335,40494.27347195545,0.0,40494.27347195545,15280.119727154612,27321.061262075236,9566.467641387419,7755.005585714284,0,LP,0.005826799984788522
q0.8,2025-03-16,0.8,10793.148004232804,6516.667534402118,65615.30766140507,1.6400000000001,117983.21598333328,40648.57275010159,7.461180000000455,40656.03393010159,180.25728333333336,2793.6060768371476,16530.893635520286,17238.85626761904,1,LP,0.004855499981204048
q0.8,2025-03-17,0.8,6516.667534402118,6386.960405285714,70193.5505507525,0.0,117693.62179999992,42487.29111634882,0.0,42487.29111634882,2213.092833333333,6572.647069811882,19296.92437094062,15747.245156666666,0,LP,0.004706200008513406
q0.8,2025-03-18,0.8,6386.960405285714,6456.933500095241,68793.49230880679,536.893734480948,117253.4235833333,41555.41521326098,2641.161971930756,44196.57718519174,1098.8390504761903,2923.335878201052,21680.405066396237,17498.152318452387,6,LP,0.0048571999941486865
q0.8,2025-03-19,0.8,6456.933500095241,6451.0010871904815,68344.46029094061,92.60199241904333,117281.55799999996,41273.76272298974,439.9009793656935,41713.663702355436,1517.5137,3339.142375949438,21685.65752118165,17570.72176377143,2,LP,0.004886699985945597
q0.8,2025-03-20,0.8,6451.0010871904815,6279.200642063492,67807.11060656673,96.79777487143053,117648.38173333334,40927.416301963494,675.2612775030994,41602.677579466595,825.1611995532037,911.8029108171701,21645.278184291587,17687.295729890477,1,LP,0.0046381999854929745
q0.8,2025-03-21,0.8,6279.200642063492,10800.0,67233.80245827159,0.0,72593.53221666667,40565.590202898755,0.0,40565.590202898755,22858.098943333323,25436.180629976487,14933.362874485592,8027.304506190473,0,LP,0.004678400000557303
q0.8,2025-03-22,0.8,10800.0,10800.0,61626.29533084656,0.0,71936.92953333334,38077.51024830748,0.0,38077.51024830748,18923.27478818929,25041.310084356257,9371.109078777194,7590.598353809522,0,LP,0.004792699997778982
q0.8,2025-03-23,0.8,10800.0,6151.852837925924,60899.38421547323,0.0,117739.97726666664,37642.671062299996,0.0,37642.671062299996,1067.6562717048746,2145.700054562022,16313.895886349208,17397.588113809525,0,LP,0.005426899995654821
q0.8,2025-03-24,0.8,6151.852837925924,6278.197455486772,65481.51491544971,0.0,117425.17061666668,39430.19140320824,0.0,39430.19140320824,1929.6178978365665,1361.591879300403,21463.67315355085,17271.865098571427,0,LP,0.005005800019716844
q0.8,2025-03-25,0.8,6278.197455486772,6048.434148724867,65473.428721775446,24.74056828095138,118053.16781666665,39447.84524815122,116.1603216434552,39564.005569794674,0.0,613.2744569194481,21797.668908189306,17862.89879171905,2,LP,0.0055256999912671745
q0.8,2025-03-26,0.8,6048.434148724867,6207.701352693121,65984.16316641975,0.0,117704.62780000006,39676.72307322218,0.0,39676.72307322218,2527.7386500000007,3805.1896875720104,20607.049887419173,16548.369925238097,0,LP,0.004844399983994663
q0.8,2025-03-27,0.8,6207.701352693121,6257.048361809525,65244.23872862434,0.0,117952.59836666663,39212.75343079375,0.0,39212.75343079375,628.715159776594,1808.6313367842442,21292.055388730165,17202.152556666664,0,LP,0.004898899991530925
q0.8,2025-03-28,0.8,6257.048361809525,10800.0,64817.839535232175,0.0,71891.76726666666,38896.83505042056,0.0,38896.83505042056,22960.56015115227,24166.914894179878,14630.66973085244,7762.186007619049,0,LP,0.004814799991436303
q0.8,2025-03-29,0.8,10800.0,10800.0,59591.607699353335,0.0,72118.27746666667,36681.2612058801,0.0,36681.2612058801,26739.033265449725,23350.199895972954,9448.23870840682,7653.073353809523,0,LP,0.004964599997038022
q0.8,2025-03-30,0.8,10800.0,6362.154036084656,58413.775512198685,0.0,117994.70585000007,35982.306335955815,0.0,35982.306335955815,2073.925965508525,1966.06692400353,15906.443632686654,16878.28071,0,LP,0.005022800003644079
q0.8,2025-03-31,0.8,6362.154036084656,6256.098534158728,62495.654441669576,217.60780747142664,117075.66561666674,37519.26480162793,1453.9152282026723,38973.1800298306,946.1190166666672,1168.3405073897643,19699.27996570841,16051.866723957139,2,LP,0.004849899996770546
q0.8,2025-04-01,0.8,6256.098534158728,6119.708431687831,62060.64553982952,1722.2116860571493,117967.14630000001,37162.74335657561,11761.294292880995,48924.03764945661,0.0,178.68323571428618,18516.176661734266,15120.854188228563,4,LP,0.00481969999964349
q0.8,2025-04-02,0.8,6119.708431687831,6101.290310084657,62431.97752409169,2215.949678861907,117986.62945,37288.29800007526,12127.313038438522,49415.61103851377,0.0,273.93953068782923,20816.992535308636,16878.340263042854,11,LP,0.005000699980882928
q0.8,2025-04-03,0.8,6101.290310084657,6206.054059640212,63694.662547342734,190.37720904761954,117884.45609999994,37893.000365771055,946.0862432280977,38839.086608999154,1726.3696061904766,2091.083756784256,21630.36185341563,17426.305726666662,3,LP,0.004742099990835413
q0.8,2025-04-04,0.8,6206.054059640212,10800.0,63267.92313179893,0.0,71735.75181666664,37659.96942032749,0.0,37659.96942032749,26007.336415561436,23917.29705352145,14620.716138906528,7708.228726190474,0,LP,0.004593300021952018
q0.8,2025-04-05,0.8,10800.0,10800.0,57519.99692040563,0.0,72602.74256666665,35118.24992346638,0.0,35118.24992346638,20996.808065843612,22741.623028107,9144.478121693124,7407.027278571429,0,LP,0.004718700016383082
q0.8,2025-04-06,0.8,10800.0,6149.687128666664,58152.98643271017,0.0,117205.4305833333,35436.616383526605,0.0,35436.616383526605,2679.216902263373,2229.405487084069,15892.470320505588,17058.182543809526,0,LP,0.005227900022873655
q0.8,2025-04-07,0.8,6149.687128666664,6386.351119280425,63217.35312908288,0.0,117015.14203333334,37537.83847571427,0.0,37537.83847571427,2305.458072486771,3650.001376402117,20032.50950162257,16013.335104761903,0,LP,0.004685299994889647
q0.8,2025-04-08,0.8,6386.351119280425,5995.73614773545,62138.20200860668,291.41540878571254,117713.29026666663,36920.42111325441,1709.4670841598286,38629.888197414235,1640.563400000001,2781.2252420811305,21085.203331763663,17430.56817311904,8,LP,0.005128000018885359
q0.8,2025-04-09,0.8,5995.73614773545,6077.782098428572,61873.301002428,1656.9614122666694,117677.52253333332,36774.25939436538,11327.960233706686,48102.21962807205,0.0,581.5254602351524,19687.28727457378,15872.861336780948,4,LP,0.004910299991024658
q0.8,2025-04-10,0.8,6077.782098428572,6333.6910596772495,62034.49091536156,169.85468193809137,117668.7006833333,36862.83480874519,1056.424510161348,37919.25931890654,1189.3081650205759,2243.419071798946,21477.17050187536,17166.190041395235,4,LP,0.005994000006467104
q0.8,2025-04-11,0.8,6333.6910596772495,10800.0,61186.47339790123,0.0,72091.99674999999,36464.60531220468,0.0,36464.60531220468,27129.259206584364,22027.129585667255,14177.66522469723,7464.230785714283,0,LP,0.004917200014460832
q0.8,2025-04-12,0.8,10800.0,10800.0,56038.5030614462,0.0,71957.17576666665,34284.7681561386,0.0,34284.7681561386,23386.342906378606,22005.942308447975,8531.880508524393,6910.823211904763,0,LP,0.005152900004759431
q0.8,2025-04-13,0.8,10800.0,6239.126714857146,55546.23667506762,0.0,117283.06220000007,33980.415400227655,0.0,33980.415400227655,644.2213826396274,1769.330227883595,15584.802830734867,16728.4762495238,0,LP,0.004890400014119223
q0.8,2025-04-14,0.8,6239.126714857146,6126.574848343912,60661.196849800115,0.0,117901.37268333332,36101.019275003615,0.0,36101.019275003615,1948.4196030393837,2464.6216589535616,20112.739303521445,16392.61551571429,0,LP,0.005095900007290766
q0.8,2025-04-15,0.8,6126.574848343912,6163.562927253966,60799.270031358,0.0,117056.90516666666,36120.07784674928,0.0,36120.07784674928,3175.8884499999995,3828.525360946508,19063.884821363903,15408.457434285718,0,LP,0.004648400004953146
q0.8,2025-04-16,0.8,6163.562927253966,6078.233136164021,60133.790864779534,0.0,117924.88506666668,35764.862978061254,0.0,35764.862978061254,0.0,628.0680102998276,20015.40903400352,16289.27812952381,0,LP,0.004816100001335144
q0.8,2025-04-17,0.8,6078.233136164021,6367.21327680423,59953.93735355672,0.0,117487.04263333339,35627.21297080778,0.0,35627.21297080778,1438.1786767548476,1554.3384705114634,20173.661735338035,16080.583879047621,0,LP,0.004720700002508238
q0.8,2025-04-18,0.8,6367.21327680423,10800.0,59464.06394522046,0.0,71490.16935000003,35373.093092065064,0.0,35373.093092065064,25430.12590411523,21138.008280082307,13433.181720070546,6891.369142380952,0,LP,0.005140699999174103
q0.8,2025-04-19,0.8,10800.0,10792.53491957672,54672.33522126984,0.0,71905.41535,33368.63400884199,0.0,33368.63400884199,24910.659565432088,21353.72025707818,8578.919584950032,6955.643436190478,0,LP,0.004950700007611886
q0.8,2025-04-20,0.8,10792.53491957672,6473.193418846565,54393.8527644209,0.0,117197.81635,33169.06896293313,0.0,33169.06896293313,1868.3926011934095,1559.0585353203955,15242.442606478542,16233.785861904762,0,LP,0.004492799984291196
q0.8,2025-04-21,0.8,6473.193418846565,6049.458270142859,58812.46962269251,0.0,118481.6378833333,34916.11294669478,0.0,34916.11294669478,4237.631396913583,2965.8976770370346,18281.00946969429,15188.979304285716,0,LP,0.00471889998880215
q0.8,2025-04-22,0.8,6049.458270142859,6078.583654904763,58686.16094320987,0.0,117811.00101666666,34811.19532078377,0.0,34811.19532078377,1658.7658818636066,1175.946486778362,19327.928482186944,15629.409224285715,0,LP,0.004791599989403039
q0.8,2025-04-23,0.8,6078.583654904763,6275.292528798945,58962.38214463255,0.0,118030.5147666667,34864.06532328204,0.0,34864.06532328204,2032.3340166666667,1743.71663600234,18996.719941011164,15210.305165714288,0,LP,0.004578699998091906
q0.8,2025-04-24,0.8,6275.292528798945,6287.353812084652,58220.44110137831,0.0,117497.77966666665,34456.81488094314,0.0,34456.81488094314,4838.335233333333,2723.6965946266896,18723.407465584947,15155.104892166675,0,LP,0.0052029000071343035
q0.8,2025-04-25,0.8,6287.353812084652,10800.0,57369.86216999747,0.0,71763.32119999999,33906.77669332948,0.0,33906.77669332948,28973.611116502056,19701.15646670193,13859.76509299825,7165.028156204766,0,LP,0.005001000012271106
q0.8,2025-04-26,0.8,10800.0,10800.0,51705.22598255143,0.0,72100.92436666666,31434.653255616337,0.0,31434.653255616337,31468.43462427982,18518.899573962357,8672.095531452092,7024.397380476191,0,LP,0.004635500023141503
q0.8,2025-04-27,0.8,10800.0,6167.482160280421,50675.03384011757,450.49429410476154,117032.5225333333,30986.304603179342,3142.6481956748166,34128.95279885415,2472.5914878600825,1368.3125430923,15160.099872022338,16448.94695208571,1,LP,0.005149200005689636
q0.8,2025-04-28,0.8,6167.482160280421,6218.461893074073,55401.095985273365,4682.404520223809,117537.30080000006,33001.233308613,31607.906502537684,64609.1398111507,0.0,439.78645681363594,15662.447223697829,12640.70049168095,10,LP,0.0048288000107277185
q0.8,2025-04-29,0.8,6218.461893074073,6314.875301142857,56830.22665031746,569.3328384215165,117252.75871666662,33659.78910348183,3971.665880828499,37631.454984310345,4399.8109427983545,2009.3711322692502,18265.219103909472,14708.055406904765,1,LP,0.004709300003014505
q0.8,2025-04-30,0.8,6314.875301142857,6048.244373650792,55638.22518461493,0.0,117682.88071666668,33189.37588237132,0.0,33189.37588237132,2092.4723217989485,2047.6866644385696,18321.997893615517,15080.786128571426,0,LP,0.004688399989390746
q0.85,2025-02-01,0.85,10800.0,10800.0,88279.38464458333,0.0,76305.2062833333,57023.03578513144,0.0,57023.03578513144,9669.900427948258,42785.403273579235,7610.026366960614,6164.121357238097,0,LP,0.004592099983710796
q0.85,2025-02-02,0.85,10800.0,6960.292758131611,87686.21078539283,0.0,121705.97265000001,56603.91637981787,0.0,56603.91637981787,59.174066666666704,9457.1800345776,17206.92237805336,17393.34364390477,0,LP,0.006637999991653487
q0.85,2025-02-03,0.85,6960.292758131611,6639.253782112435,89834.36402563736,0.0,122603.76899999996,56787.60469652647,0.0,56787.60469652647,0.0,5729.333075961749,21984.47120048917,18096.356750813487,0,LP,0.004750499996589497
q0.85,2025-02-04,0.85,6639.253782112435,6660.288113031745,89220.85044561872,0.0,121578.09884999998,56219.43937338188,0.0,56219.43937338188,0.0,3434.63605695596,24065.366004396914,19474.01556573412,0,LP,0.004494699998758733
q0.85,2025-02-05,0.85,6660.288113031745,6489.248480126981,88016.8452868621,26.47958333333338,121991.08443333334,55410.89530046754,153.80665979166693,55564.70196025921,0.0,2926.519731872433,23801.651708442085,19433.273553452385,1,LP,0.004486999998334795
q0.85,2025-02-06,0.85,6489.248480126981,6525.876928882278,88150.73285126548,54.76703333333364,122252.16269999999,55475.36793678306,318.80905771666846,55794.176994499736,0.0,3453.317175618764,23411.367833860953,18930.242341547615,2,LP,0.0052826000028289855
q0.85,2025-02-07,0.85,6525.876928882278,10800.0,87494.60220625365,0.0,76168.59693333329,54975.501231154325,0.0,54975.501231154325,10777.892583333334,38467.86978414018,13665.523200565847,7222.363028452379,0,LP,0.004761500022141263
q0.85,2025-02-08,0.85,10800.0,10800.0,81731.56975113168,0.0,75746.78751666665,52336.99121948177,0.0,52336.99121948177,10893.545247325104,37738.867434575244,8010.496592445623,6488.502239880956,0,LP,0.004679999983636662
q0.85,2025-02-09,0.85,10800.0,6368.660391029098,81329.67501533801,0.0,121547.90356666666,52052.32529969612,0.0,52052.32529969612,0.0,2133.770017860087,19098.393046763675,19457.90401595238,0,LP,0.005351100000552833
q0.85,2025-02-10,0.85,6368.660391029098,6137.456861458994,86427.61089896529,0.0,121477.56451666665,54192.19998175938,0.0,54192.19998175938,499.6630333333335,7853.615441374195,20819.884302829214,17072.18946190476,0,LP,0.004948799993144348
q0.85,2025-02-11,0.85,6137.456861458994,6177.449132276453,85796.2903702572,6.350440000000276,121441.28161666669,53641.17326738839,29.745460960001296,53670.91872834839,243.45769999999993,6047.6780991607775,22394.288600144035,18103.380722380964,1,LP,0.005251700000371784
q0.85,2025-02-12,0.85,6177.449132276453,6233.375613390211,84798.82803671513,0.0,121363.85288333334,52958.06165640779,0.0,52958.06165640779,163.38428333333331,5041.006840314511,22512.457614376843,18184.756834642852,0,LP,0.0047842999920248985
q0.85,2025-02-13,0.85,6233.375613390211,6438.870813072748,83862.81155427542,12.513333333333321,121310.28371666669,52405.732386780364,56.92940999999995,52462.66179678037,558.6377833333336,7965.648809366552,20192.70315014697,16171.14387190476,1,LP,0.004810100013855845
q0.85,2025-02-14,0.85,6438.870813072748,10800.0,82174.94655087744,0.0,75872.63795000003,51278.07450590702,0.0,51278.07450590702,12277.905954526745,33679.26225019692,13110.31716448707,6694.3406350000005,0,LP,0.004879400017671287
q0.85,2025-02-15,0.85,10800.0,10800.0,77037.4470568489,0.0,76054.55224999998,48980.286737721646,0.0,48980.286737721646,12968.524755555556,33169.417791766595,8523.228471193413,6903.815061666667,0,LP,0.00504039999214001
q0.85,2025-02-16,0.85,10800.0,6371.698908113758,76669.3578176556,53.84000000000003,121276.97728333334,48683.258637983454,244.94508000000016,48928.20371798346,0.0,1895.3703135273297,18083.78624645209,18633.337842323814,1,LP,0.00464930001180619
q0.85,2025-02-17,0.85,6371.698908113758,6156.983477861114,80970.99306231883,42.04338095238097,120960.37281666667,50290.15057532393,191.27636164285724,50481.42693696679,794.4812,5372.47801181031,20291.883958008522,16629.66989321428,1,LP,0.004467799997655675
q0.85,2025-02-18,0.85,6156.983477861114,6452.295940417987,80696.39701419951,32.01361904761893,121331.27123333327,49968.84716482482,145.64595985714234,50114.49312468197,245.6377973662552,3979.011947076705,21824.16783773516,17411.794732264294,1,LP,0.004479499999433756
q0.85,2025-02-19,0.85,6452.295940417987,6008.055933227511,79974.23165044471,66.91071333333366,121866.79411666667,49515.75431785413,296.4139397576205,49812.16825761175,115.15718117137142,3086.0951235743546,22949.361485107307,18988.798809408323,2,LP,0.004403200000524521
q0.85,2025-02-20,0.85,6008.055933227511,6558.5727574285675,80091.50606052458,20.18476321428568,121105.25703333328,49432.3700515349,94.29657709029748,49526.66662862519,391.814483333333,3952.449736477067,22520.145941127284,17745.853070532146,2,LP,0.004740400006994605
q0.85,2025-02-21,0.85,6558.5727574285675,10800.0,79233.09705255239,0.0,75802.0020333333,48979.998318046666,0.0,48979.998318046666,15593.675337448558,31698.064802536726,13493.73874168138,7112.643862447623,0,LP,0.004592600016621873
q0.85,2025-02-22,0.85,10800.0,10793.088035185185,73918.73821200477,0.0,75682.2422666667,46573.71907063209,0.0,46573.71907063209,13452.034244650209,30862.949768913928,9290.589912845382,7531.598597738094,0,LP,0.004794200009200722
q0.85,2025-02-23,0.85,10793.088035185185,6321.016378142857,73717.34157032914,43.05515130952392,121142.14093333337,46437.773791984386,197.22952623791718,46635.003318222305,203.4571530085231,2698.89711100088,17637.122450705472,18310.93367640953,2,LP,0.00484190002316609
q0.85,2025-02-24,0.85,6321.016378142857,6298.87019370635,77985.53842404764,27.307121666666376,120628.98855,48004.24105119483,124.63402553011774,48128.87507672495,1224.353383333333,4606.807143561143,21045.1735165579,17066.522114404765,3,LP,0.004952699993737042
q0.85,2025-02-25,0.85,6298.87019370635,6279.145509082012,77594.15059196357,64.83996309523809,121093.33288333328,47770.22712545777,292.5292350422619,48062.756360500054,1833.9809818062922,6196.675607599935,20130.331307795415,16323.320575476193,2,LP,0.004675200005294755
q0.85,2025-02-26,0.85,6279.145509082012,6380.858335322748,76390.02157373163,20.483058333333474,121060.73411666663,46968.64875834591,91.79995397083397,47060.44871231674,706.1834531628404,2654.064754288651,21809.825514018226,17574.41712273811,2,LP,0.00488039999618195
q0.85,2025-02-27,0.85,6380.858335322748,6503.651021691801,75798.51801859643,108.4923039261923,120599.48893333331,46516.682593565354,525.3770588486175,47042.05965241398,506.5635999999982,3940.768871513801,23118.843333034987,18615.74968202619,5,LP,0.004638200014596805
q0.85,2025-02-28,0.85,6503.651021691801,10800.0,75088.90788166072,0.0,75385.10794999998,46144.14718583893,0.0,46144.14718583893,16693.897170136683,28518.54648667108,14300.824180924456,7716.953506071428,0,LP,0.004652100004022941
q0.85,2025-03-01,0.85,10800.0,10800.0,69987.83158815549,0.0,72244.16015,43893.32456512057,0.0,43893.32456512057,15405.940811584358,29143.896483114346,9364.359790123459,7585.131429999999,0,LP,0.004824600007850677
q0.85,2025-03-02,0.85,10800.0,6046.96656195106,69377.63486552174,3171.3357114461064,117860.41708333329,43508.54044004036,21518.840764954923,65027.38120499529,0.0,1485.4133653321553,15699.895995858325,16994.645850889287,7,LP,0.004839100001845509
q0.85,2025-03-03,0.85,6046.96656195106,6036.140298116402,75365.20950661815,2207.9820384892755,117958.74560000001,46151.99997743732,13325.613079278603,59477.61305671593,0.0,1194.669831372721,23005.88798869782,18644.512908296438,12,LP,0.0044895999890286475
q0.85,2025-03-04,0.85,6036.140298116402,6288.693609664022,76483.92668090638,0.0,118139.02498333335,46973.01094631737,0.0,46973.01094631737,357.695341206644,2345.948645975891,22913.298842092885,18332.47408170238,0,LP,0.004933300020638853
q0.85,2025-03-05,0.85,6288.693609664022,6332.246439298943,76748.89062260147,3.286666666666747,118073.44383333332,47163.143471000796,14.952690000000366,47178.0961610008,438.84349999999984,6152.613738996163,21005.528878599354,16975.28084499405,1,LP,0.004904000001261011
q0.85,2025-03-06,0.85,6332.246439298943,6605.342198433863,76186.65845102021,0.0,117673.59855000004,46809.18391112568,0.0,46809.18391112568,1014.1985666666664,5014.820897926213,20901.04563090829,16684.06077781429,0,LP,0.005447399977128953
q0.85,2025-03-07,0.85,6605.342198433863,10800.0,75582.89561691474,0.0,71680.36145000004,46375.04110266908,0.0,46375.04110266908,17219.938466666677,31099.170130142276,13506.891922962957,7165.390436190475,0,LP,0.004817500011995435
q0.85,2025-03-08,0.85,10800.0,10800.0,70587.06481964285,0.0,72344.71158333328,44253.05796062117,0.0,44253.05796062117,19400.953676748963,30415.53528963697,8986.507034685479,7279.070698095235,0,LP,0.004949399997713044
q0.85,2025-03-09,0.85,10800.0,6409.085094205031,69921.32168620959,0.0,117692.98650000004,43722.2908420143,0.0,43722.2908420143,1548.6433069723696,5905.072537441205,16241.601089534102,17107.520297738094,0,LP,0.005034400004660711
q0.85,2025-03-10,0.85,6409.085094205031,6292.315146904764,72916.29460382568,0.0,117943.06436666667,44603.60387722865,0.0,44603.60387722865,0.0,832.9006343636051,21823.239326485884,17781.91680702381,0,LP,0.004634699987946078
q0.85,2025-03-11,0.85,6292.315146904764,6582.321343761907,72927.30036682685,0.0,117499.55295,44442.50648281599,0.0,44442.50648281599,1129.5081000000002,3661.6156764873517,20717.116911410947,16519.859121071433,0,LP,0.004705700004706159
q0.85,2025-03-12,0.85,6582.321343761907,6285.903380903437,71915.33239542476,0.0,118112.23683333342,43829.26445848763,0.0,43829.26445848763,1533.1465166666665,4358.008332818931,20291.679100939156,16703.03623833333,0,LP,0.005281399993691593
q0.85,2025-03-13,0.85,6285.903380903437,6311.527792932539,71647.93267317166,797.3681056964283,118237.27704999999,43533.74381785116,5048.736787000696,48582.480604851844,0.0,745.1721891284526,21744.46632761463,17589.955754541672,6,LP,0.00471750000724569
q0.85,2025-03-14,0.85,6311.527792932539,10800.0,72311.68372271897,0.0,72108.86895000002,43933.07921208834,0.0,43933.07921208834,20267.193442504413,29294.963638424455,14107.76669524251,7387.666036785714,0,LP,0.004575599974486977
q0.85,2025-03-15,0.85,10800.0,10797.777866931217,66615.68857699585,0.0,72724.98178333335,41360.21873899933,0.0,41360.21873899933,15643.778472517635,28261.89229356701,9409.960950911223,7624.068289999998,0,LP,0.004666699998779222
q0.85,2025-03-16,0.85,10797.777866931217,6619.668283481483,66888.34656446797,1.6400000000001,117983.21598333328,41514.71760441965,7.461180000000455,41522.17878441965,318.05663187684115,3929.125308649319,16063.454293227509,16771.69660261904,1,LP,0.004452599998330697
q0.85,2025-03-17,0.85,6619.668283481483,6486.372003480164,71374.02482543797,0.0,117693.62179999992,43283.227860856336,0.0,43283.227860856336,2338.8460700176392,7708.046317823326,18889.303454025576,15420.302449761903,0,LP,0.004973299975972623
q0.85,2025-03-18,0.85,6486.372003480164,6570.759593998677,69994.85141794973,195.15828826190176,117253.4235833333,42368.251693844795,943.5945003868901,43311.846194231686,1105.2257166666675,3771.2468416446136,21640.157630352725,17452.57884911905,4,LP,0.004680499987443909
q0.85,2025-03-19,0.85,6570.759593998677,6563.7007631812185,69530.62861640505,0.0,117281.55799999996,42059.357768165035,0.0,42059.357768165035,1517.5137,4465.8660006834125,21516.481123459725,17434.7026577381,0,LP,0.00491750001674518
q0.85,2025-03-20,0.85,6563.7007631812185,6379.266725592594,69025.3812971149,0.0,117648.38173333334,41732.170277228746,0.0,41732.170277228746,841.2334499999995,2078.503366296288,21382.491042009107,17485.808377857145,0,LP,0.004959900019457564
q0.85,2025-03-21,0.85,6379.266725592594,10800.0,68573.86483734862,0.0,72593.53221666667,41415.07249489718,0.0,41415.07249489718,23077.45989023809,26683.227357924745,14742.38487132863,7962.671798809523,0,LP,0.00487900001462549
q0.85,2025-03-22,0.85,10800.0,10800.0,63077.54224717811,0.0,71936.92953333334,38975.49656497913,0.0,38975.49656497913,19146.742843308344,26284.24970409022,9291.315612874787,7525.965646428573,0,LP,0.0051195000123698264
q0.85,2025-03-23,0.85,10800.0,6282.888872284388,62349.22476609055,0.0,117739.97726666664,38531.200654227156,0.0,38531.200654227156,1826.8624072398609,2763.1981769326803,16078.126737870372,17088.68267261904,0,LP,0.004863500013016164
q0.85,2025-03-24,0.85,6282.888872284388,6450.327749968255,66687.20219827014,0.0,117425.17061666668,40207.02720259813,0.0,40207.02720259813,2159.0348333333327,2368.888256553494,21105.72123754997,16944.9392125,0,LP,0.005373899999540299
q0.85,2025-03-25,0.85,6450.327749968255,6146.984098867725,66590.79581624483,0.0,118053.16781666665,40174.443819921384,0.0,40174.443819921384,615.5786724603136,1244.8535397442743,21332.885122968844,17552.646235595243,0,LP,0.005050200008554384
q0.85,2025-03-26,0.85,6146.984098867725,6335.287608238095,67203.92766194887,0.0,117704.62780000006,40472.23716426231,0.0,40472.23716426231,2926.6441258627287,4656.887130990601,20307.201999976474,16279.360461547622,0,LP,0.004931100003886968
q0.85,2025-03-27,0.85,6335.287608238095,6389.92305274339,66315.4422208524,0.0,117952.59836666663,39920.152865833494,0.0,39920.152865833494,1162.8984500000001,2429.8850281731343,20823.670750655496,16818.00140797619,0,LP,0.00495740000042133
q0.85,2025-03-28,0.85,6389.92305274339,10800.0,66052.24164302762,0.0,71891.76726666666,39706.37301592444,0.0,39706.37301592444,23261.28824603469,25304.10018991917,14188.964146716633,7523.9917063095245,0,LP,0.004908400005660951
q0.85,2025-03-29,0.85,10800.0,10800.0,60973.64835263077,0.0,72118.27746666667,37554.00717954328,0.0,37554.00717954328,27034.87568052909,24488.10164016462,9176.114992651379,7432.6531440476165,0,LP,0.0046168999979272485
q0.85,2025-03-30,0.85,10800.0,6494.574139171958,59793.65955919459,0.0,117994.70585000007,36846.474692051364,0.0,36846.474692051364,2406.7189666666673,2954.665278905058,15587.046780884772,16500.391167261903,0,LP,0.0050768000073730946
q0.85,2025-03-31,0.85,6494.574139171958,6339.436202989421,63770.30881885361,0.0,117075.66561666674,38346.34797773416,0.0,38346.34797773416,1287.879066666667,1986.361531700465,19391.067787986478,15846.389050833328,0,LP,0.005697900021914393
q0.85,2025-04-01,0.85,6339.436202989421,6170.967699845238,63489.21331579073,580.1116442428544,117967.14630000001,38061.51018201745,4037.071129813271,42098.581311830734,0.0,331.899162062021,19369.45228491916,15840.878003614285,2,LP,0.005178799998247996
q0.85,2025-04-02,0.85,6170.967699845238,6270.539935167989,63844.25121393739,1524.6708776190494,117986.62945,38135.385911476405,7586.990488108343,45722.37639958475,0.0,772.627042288366,21428.129670934737,17267.170021666665,10,LP,0.004750499996589497
q0.85,2025-04-03,0.85,6270.539935167989,6341.691786767197,65183.240922920326,0.0,117884.45609999994,38821.527945072914,0.0,38821.527945072914,2141.0301666666674,3050.2555000720117,21391.517489872145,17263.09250035714,0,LP,0.005299500015098602
q0.85,2025-04-04,0.85,6341.691786767197,10800.0,64846.19931243089,0.0,71735.75181666664,38643.23383806789,0.0,38643.23383806789,26338.607747425045,25341.743027395645,14329.309977372135,7594.263689761903,0,LP,0.005241200007731095
q0.85,2025-04-05,0.85,10800.0,10800.0,59253.75615160785,0.0,72602.74256666665,36148.12184094831,0.0,36148.12184094831,21291.189707272188,24194.30375399765,9074.461615814227,7350.313908809525,0,LP,0.005004300008295104
q0.85,2025-04-06,0.85,10800.0,6271.734320371694,59888.86843729276,0.0,117205.4305833333,36468.352598519814,0.0,36468.352598519814,3185.0534999999995,3424.219117790995,15499.782444739865,16630.262891904767,0,LP,0.0048417999933008105
q0.85,2025-04-07,0.85,6271.734320371694,6527.868438134924,64798.26265433419,0.0,117015.14203333334,38477.50984650054,0.0,38477.50984650054,2562.9335666666666,5023.588035539383,19676.321383199596,15707.29961440476,0,LP,0.004660699982196093
q0.85,2025-04-08,0.85,6527.868438134924,6042.512121124339,63619.47504606405,33.60711511428392,117713.29026666663,37795.128859199314,180.31876693795817,37975.44762613727,2157.4175516269843,3594.314778775718,20973.562628518517,17425.40641440953,3,LP,0.004946100001689047
q0.85,2025-04-09,0.85,6042.512121124339,6142.036875214284,63355.05160119044,581.784827447623,117677.52253333332,37667.699527380995,4051.91913828057,41719.61866566157,0.0,799.7065113447967,20596.034852345674,16593.21595171905,2,LP,0.004731199995148927
q0.85,2025-04-10,0.85,6142.036875214284,6374.372256556876,63760.229736037625,0.0,117668.7006833333,37856.33929372474,0.0,37856.33929372474,1744.5910280717183,3303.661608220163,21274.933455460035,17023.594255714288,0,LP,0.004716700001154095
q0.85,2025-04-11,0.85,6374.372256556876,10800.0,62692.466179187235,0.0,72091.99674999999,37328.37295984613,0.0,37328.37295984613,27189.689104679594,23527.847649467956,14080.075206706357,7421.7959483333325,0,LP,0.005469700001413003
q0.85,2025-04-12,0.85,10800.0,10800.0,57603.87208696648,0.0,71957.17576666665,35161.24971890507,0.0,35161.24971890507,23386.342906378606,23581.265184711927,8479.491820399759,6868.388374523812,0,LP,0.004723599995486438
q0.85,2025-04-13,0.85,10800.0,6393.547271665345,57109.94742220164,0.0,117283.06220000007,34849.66535041265,0.0,34849.66535041265,1530.0272623206922,2308.9616246046453,15581.092144442977,16586.4920925,0,LP,0.00467439999920316
q0.85,2025-04-14,0.85,6393.547271665345,6270.313700013227,62176.304861862125,0.0,117901.37268333332,36979.53584183605,0.0,36979.53584183605,2794.180051268371,3176.4190503071727,19939.91670933421,16262.242749047618,0,LP,0.005868499982170761
q0.85,2025-04-15,0.85,6270.313700013227,6284.505892363755,62347.37717150792,0.0,117056.90516666666,37001.72725004035,0.0,37001.72725004035,3600.780422261907,5007.141557539683,18880.28097503969,15280.254616666669,0,LP,0.004840700014028698
q0.85,2025-04-16,0.85,6284.505892363755,6237.797182496035,61508.26295099206,0.0,117924.88506666668,36575.816234884725,0.0,36575.816234884725,880.7291348015859,1115.606651531451,19865.121334420935,16132.7861197619,0,LP,0.004811699996935204
q0.85,2025-04-17,0.85,6237.797182496035,6512.80460327381,61414.03557816872,0.0,117487.04263333339,36489.04815124793,0.0,36489.04815124793,1944.2248999999997,2561.660093565546,19959.48187317459,15919.673638571427,0,LP,0.004776900022989139
q0.85,2025-04-18,0.85,6512.80460327381,10800.0,60888.28752584068,0.0,71490.16935000003,36189.19370739489,0.0,36189.19370739489,25430.12590411523,22736.814372617577,13203.969519584067,6836.739453809522,0,LP,0.005785499990452081
q0.85,2025-04-19,0.85,10800.0,10795.064962698412,56258.32694241182,0.0,71905.41535,34253.92963158001,0.0,34253.92963158001,24910.659565432088,22950.24931080393,8511.475524985302,6898.736708809524,0,LP,0.006243200012249872
q0.85,2025-04-20,0.85,10795.064962698412,6599.803685457673,55981.401313681665,0.0,117197.81635,34055.21730252367,0.0,34055.21730252367,2469.614164814816,2438.4787229276903,15217.361537486771,16101.79799488095,0,LP,0.004857699997955933
q0.85,2025-04-21,0.85,6599.803685457673,6196.999866640212,60239.03077037918,0.0,118481.6378833333,35726.73980702306,0.0,35726.73980702306,4780.552166666666,3855.7040477674955,18149.408471302166,15063.544298690478,0,LP,0.004727499996079132
q0.85,2025-04-22,0.85,6196.999866640212,6214.407806075399,60031.28201766018,0.0,117811.00101666666,35578.67083025074,0.0,35578.67083025074,2114.6451166666666,2110.0328007098697,19147.408621712224,15493.733838095235,0,LP,0.005247299995971844
q0.85,2025-04-23,0.85,6214.407806075399,6401.005566769846,60161.68867297469,0.0,118030.5147666667,35562.85261467286,0.0,35562.85261467286,2377.420133333333,2643.1497063330353,18806.65332640358,15065.451209761906,0,LP,0.00474559998838231
q0.85,2025-04-24,0.85,6401.005566769846,6411.0114626812165,59401.336926675474,0.0,117497.77966666665,35148.07202220772,0.0,35148.07202220772,5304.634016666667,3491.405266765141,18453.608615386533,14938.417672142863,0,LP,0.004801099974429235
q0.85,2025-04-25,0.85,6411.0114626812165,10800.0,58428.9621363065,0.0,71763.32119999999,34607.94159720527,0.0,34607.94159720527,29405.52608065844,20563.348413521373,13208.633202840972,6748.903210714284,0,LP,0.00495439997757785
q0.85,2025-04-26,0.85,10800.0,10800.0,52942.51496401657,0.0,72100.92436666666,32185.623277250077,0.0,32185.623277250077,31952.784830041142,19379.410600686202,8105.925789241623,6565.799889285714,0,LP,0.004799799993634224
q0.85,2025-04-27,0.85,10800.0,6227.566062653439,51998.78275639036,240.19998899611562,117032.5225333333,31723.445779639507,1675.6351232369025,33399.080902876405,2802.3770164417992,2085.1961783583165,15226.994267710175,16449.055900457148,1,LP,0.004913699987810105
q0.85,2025-04-28,0.85,6227.566062653439,6274.273291093914,56732.4116343401,3698.9216734992215,117537.30080000006,33739.86406138546,24994.637983081793,58734.50204446723,0.0,616.6398565608445,16582.576994817755,13389.850860205946,8,LP,0.004781299998285249
q0.85,2025-04-29,0.85,6274.273291093914,6369.940842964286,58185.83155620386,257.2433557128058,117252.75871666662,34491.92060588299,1794.5296494525332,36286.45025533551,4751.716149999998,2806.317999196066,17714.348680897998,14262.521634844043,1,LP,0.004743600002257153
q0.85,2025-04-30,0.85,6369.940842964286,6183.801927984131,57147.51341656965,0.0,117682.88071666668,34020.5695098246,0.0,34020.5695098246,3067.4751551028794,2522.7595815152904,18252.364579475303,14951.940332857135,0,LP,0.0047039999917615205
q0.9,2025-02-01,0.9,10800.0,10800.0,89871.10355276192,0.0,76305.2062833333,58262.843567075666,0.0,58262.843567075666,9828.9070895047,44240.80614627966,7490.602019179893,6067.387635535715,0,LP,0.004738399991765618
q0.9,2025-02-02,0.9,10800.0,7185.3096072301605,89286.20253799997,0.0,121705.97265000001,57846.13135078108,0.0,57846.13135078108,59.174066666666704,10860.384874105965,17176.77368800118,17166.408040773807,0,LP,0.0048581000010017306
q0.9,2025-02-03,0.9,7185.3096072301605,6840.443549251327,91047.88490266164,0.0,122603.76899999996,57785.98439401636,0.0,57785.98439401636,0.0,7051.641529743483,21524.770132100723,17745.44325918254,0,LP,0.004499300004681572
q0.9,2025-02-04,0.9,6840.443549251327,6872.236470666667,90255.45600481189,0.0,121578.09884999998,57050.13684203034,0.0,57050.13684203034,0.0,4524.631952896831,23722.87617179599,19186.916069880946,0,LP,0.004924600012600422
q0.9,2025-02-05,0.9,6872.236470666667,6662.665819026456,89108.06924290708,26.47958333333338,121991.08443333334,56252.36172554519,153.80665979166693,56406.16838533685,0.0,4118.511214794238,23453.811655731915,19186.201027619045,1,LP,0.005446099996333942
q0.9,2025-02-06,0.9,6662.665819026456,6692.786832343918,89212.3133517784,54.76703333333364,122252.16269999999,56296.075592112735,318.80905771666846,56614.88464982941,0.0,4580.177398621397,23098.6150412522,18682.769271428566,2,LP,0.005270800000289455
q0.9,2025-02-07,0.9,6692.786832343918,10800.0,88508.10111230743,0.0,76168.59693333329,55769.300632237515,0.0,55769.300632237515,10777.892583333334,39683.26874781011,13393.517176878313,7152.2570623809515,0,LP,0.004649799986509606
q0.9,2025-02-08,0.9,10800.0,10800.0,82930.52410547622,0.0,75746.78751666665,53210.017188074795,0.0,53210.017188074795,10893.545247325104,38959.90955451204,7894.245194591416,6394.338607619046,0,LP,0.004861900000832975
q0.9,2025-02-09,0.9,10800.0,6542.446250907409,82531.89993325397,0.0,121547.90356666666,52926.740985260025,0.0,52926.740985260025,0.0,3219.2696680305835,18889.54038284243,19132.326084285698,0,LP,0.004941499995766208
q0.9,2025-02-10,0.9,6542.446250907409,6342.661182793651,87507.90338363903,0.0,121477.56451666665,55038.69684242325,0.0,55038.69684242325,499.6630333333335,8979.45649264256,20431.33071385362,16729.184439523808,0,LP,0.004782899981364608
q0.9,2025-02-11,0.9,6342.661182793651,6359.0347807830685,86844.415599027,0.0,121441.28161666669,54475.599116795885,0.0,54475.599116795885,243.45769999999993,7183.731551449148,22009.963031863597,17813.33381761905,0,LP,0.004766199999721721
q0.9,2025-02-12,0.9,6359.0347807830685,6453.100232441802,85868.34191631096,0.0,121363.85288333334,53789.140023971406,0.0,53789.140023971406,197.25741579953473,6108.064913071715,22166.444987439732,17870.16153333333,0,LP,0.004828699980862439
q0.9,2025-02-13,0.9,6453.100232441802,6599.614015338625,84844.61754556431,12.513333333333321,121310.28371666669,53156.5872477331,56.92940999999995,53213.516657733104,558.6377833333336,9048.349432228111,19941.064431907693,16020.39978523809,1,LP,0.004555499996058643
q0.9,2025-02-14,0.9,6599.614015338625,10800.0,83187.01437483537,0.0,75872.63795000003,52044.095546055934,0.0,52044.095546055934,12277.905954526745,34887.30010052615,12840.311141687238,6620.304638571429,0,LP,0.0046064000052865595
q0.9,2025-02-15,0.9,10800.0,10800.0,78228.11843888006,0.0,76054.55224999998,49822.64775154607,0.0,49822.64775154607,12968.524755555556,34410.964961434445,8255.461167842444,6686.923545952382,0,LP,0.004578899999614805
q0.9,2025-02-16,0.9,10800.0,6536.147584335977,77853.76849653441,46.61330952380956,121276.97728333334,49523.02635989404,212.0672516785716,49735.09361157261,13.332916666666733,2949.058535640801,17884.62330446502,18324.01205071429,1,LP,0.004943000007187948
q0.9,2025-02-17,0.9,6536.147584335977,6334.727688386242,82087.68477328224,31.58196214285715,120960.37281666667,51146.10821825621,143.68213676892861,51289.790355025136,882.1082833333332,6472.799164091708,19798.810672042917,16218.314550709518,1,LP,0.005547600012505427
q0.9,2025-02-18,0.9,6334.727688386242,6636.4267386931215,81822.7678851708,21.55220023809511,121331.27123333327,50852.04204405937,98.0517349832137,50950.09377904259,247.71811666666633,5185.032027892767,21308.700064420922,16988.517906904763,1,LP,0.004458000010345131
q0.9,2025-02-19,0.9,6636.4267386931215,6202.163677058201,81023.01249377272,52.29660904761886,121866.79411666667,50343.34767311908,231.06773454547533,50574.41540766456,135.93235000000004,4204.18352659905,22351.066307154622,18495.200464266658,2,LP,0.005165999988093972
q0.9,2025-02-20,0.9,6202.163677058201,6731.288496473544,81160.00018265277,11.573290952380717,121105.25703333328,50258.83828097071,54.20929482095128,50313.04757579166,391.814483333333,5151.626919467963,21888.347368403884,17253.349030933332,1,LP,0.004891299991868436
q0.9,2025-02-21,0.9,6731.288496473544,10800.0,80313.77258370242,0.0,75802.0020333333,49846.922948571286,0.0,49846.922948571286,15593.675337448558,33079.97719143446,12726.408780590831,6646.550759104758,0,LP,0.0047750999801792204
q0.9,2025-02-22,0.9,10800.0,10799.405634126984,75191.89771254284,0.0,75682.2422666667,47521.53067271859,0.0,47521.53067271859,13452.034244650209,32214.688921219866,8847.087329606115,7166.675666266664,0,LP,0.0068039000034332275
q0.9,2025-02-23,0.9,10799.405634126984,6488.116813915345,74989.6873290637,26.355566904761645,121142.14093333337,47386.466979468154,120.34537777464166,47506.81235724279,417.62383333333355,3674.901983574365,17220.122810094057,17828.45941436667,2,LP,0.005545000021811575
q0.9,2025-02-24,0.9,6488.116813915345,6482.7719558015915,79186.27978276467,6.211671904761829,120628.98855,48929.54014516751,29.09547120190441,48958.63561636942,1224.353383333333,5887.032033198113,20436.225230388012,16558.152808916664,1,LP,0.004664399981265888
q0.9,2025-02-25,0.9,6482.7719558015915,6436.853358735446,78734.40456221884,54.22403880952368,121093.33288333328,48642.82111044456,245.14922669726133,48887.97033714182,1869.2859833333332,7423.275418468121,19558.26685922693,15883.522893333335,2,LP,0.004901600012090057
q0.9,2025-02-26,0.9,6436.853358735446,6577.1692959338625,77590.5203620458,7.5583245238094605,121060.73411666663,47856.824912541,33.916016697261625,47890.74092923826,790.2927499999998,3828.3849638712536,21254.045241507934,17089.49230214286,2,LP,0.0047500000218860805
q0.9,2025-02-27,0.9,6577.1692959338625,6644.765744555554,76985.48923163724,7.864052142857304,120599.48893333331,47393.59589422215,35.8149708073817,47429.41086502953,791.3014666666667,4878.117370696655,22665.860224512042,18298.509978095233,2,LP,0.0044787999941036105
q0.9,2025-02-28,0.9,6644.765744555554,10800.0,76358.67565724868,0.0,75385.10794999998,47049.75549854814,0.0,47049.75549854814,17034.960349999998,29646.23952048795,13921.954772951212,7537.072536190475,0,LP,0.005180800013476983
q0.9,2025-03-01,0.9,10800.0,10800.0,71413.90526057612,0.0,72244.16015,44865.52596481393,0.0,44865.52596481393,15469.87737860082,30522.91157184304,9275.528298941794,7513.177922142857,0,LP,0.004978499986464158
q0.9,2025-03-02,0.9,10800.0,6111.796594291005,70803.36822012936,2211.113235542851,117860.41708333329,44480.35552535337,15047.419755678606,59527.77528103198,0.0,1761.445108547913,16390.06497681953,17495.335696361908,4,LP,0.005557900003623217
q0.9,2025-03-03,0.9,6111.796594291005,6087.919268656085,76656.87765842749,1281.1833168404735,117958.74560000001,47060.64060229597,7746.310284512715,54806.9508868087,0.0,1477.6272777189909,23498.82451203702,19055.537447821425,10,LP,0.004918700025882572
q0.9,2025-03-04,0.9,6087.919268656085,6397.104616608463,77747.59035792259,0.0,118139.02498333335,47861.743232535046,0.0,47861.743232535046,450.0949500000004,3578.589535752497,22322.005924629626,17802.557985792864,0,LP,0.004713300004368648
q0.9,2025-03-05,0.9,6397.104616608463,6445.362799275133,77994.10842156758,3.286666666666747,118073.44383333332,48047.1537683543,14.952690000000366,48062.10645835429,625.9976666666664,7318.168995114648,20417.49497571723,16494.738565930948,1,LP,0.004679700010456145
q0.9,2025-03-06,0.9,6445.362799275133,6727.952221809525,77469.35727441889,0.0,117673.59855000004,47727.01832285022,0.0,47727.01832285022,1236.5562999999997,6197.083176698996,20214.38517950324,16119.32151511667,0,LP,0.004618600010871887
q0.9,2025-03-07,0.9,6727.952221809525,10800.0,76917.09453707036,0.0,71680.36145000004,47344.90260777144,0.0,47344.90260777144,17219.938466666677,32660.538546964537,12892.04731439153,6777.715324285713,0,LP,0.004367200017441064
q0.9,2025-03-08,0.9,10800.0,10800.0,72055.23759784285,0.0,72344.71158333328,45280.11801265361,0.0,45280.11801265361,19400.953676748963,31965.84195037037,8554.22344240447,6928.920988347617,0,LP,0.004814399988390505
q0.9,2025-03-09,0.9,10800.0,6541.972885481482,71403.99817269522,0.0,117692.98650000004,44745.06622262357,0.0,44745.06622262357,1847.9570666666668,7046.882337163433,15830.832220693715,16655.19850182857,0,LP,0.005127599986735731
q0.9,2025-03-10,0.9,6541.972885481482,6438.723474550265,74680.07417567311,0.0,117943.06436666667,45724.52266064958,0.0,45724.52266064958,0.0,2604.5370127954047,21717.84306692534,17684.37735404762,0,LP,0.004713600006652996
q0.9,2025-03-11,0.9,6438.723474550265,6717.798628462963,74678.4496496502,0.0,117499.55295,45570.1920922005,0.0,45570.1920922005,1146.2632439741278,5461.9041166313955,20422.083423806587,16290.719934761908,0,LP,0.00503299999400042
q0.9,2025-03-12,0.9,6717.798628462963,6417.818246833333,73562.55539794826,0.0,118112.23683333342,44892.736069549836,0.0,44892.736069549836,1579.3286925896543,6056.605617292775,19795.098674732508,16304.01227,0,LP,0.0047713000094518065
q0.9,2025-03-13,0.9,6417.818246833333,6397.357856293652,73373.42853914759,0.0,118237.27704999999,44646.01359264426,0.0,44646.01359264426,0.0,1620.7260142416362,22239.467682763057,18032.383174523813,0,LP,0.004653799987863749
q0.9,2025-03-14,0.9,6397.357856293652,10800.0,74043.42487678719,0.0,72108.86895000002,45043.21119104722,0.0,45043.21119104722,20612.364109729573,30820.193617078192,13784.543354265137,7203.102187619047,0,LP,0.006594399979803711
q0.9,2025-03-15,0.9,10800.0,10800.0,68439.57315060847,0.0,72724.98178333335,42506.66525476686,0.0,42506.66525476686,15984.930289359203,29790.279644697235,9159.147718694881,7418.909652142858,0,LP,0.0049276999779976904
q0.9,2025-03-16,0.9,10800.0,6750.3434585793675,68705.8691977425,1.6400000000001,117983.21598333328,42662.511362634905,7.461180000000455,42669.9725426349,322.9277000000001,5700.5264232363315,15672.100149744268,16339.092008571424,1,LP,0.004803599993465468
q0.9,2025-03-17,0.9,6750.3434585793675,6625.706636129633,73347.95052403289,0.0,117693.62179999992,44562.97774091382,0.0,44562.97774091382,2635.2772333333323,9446.419320690777,18527.871983580248,15119.749446904761,0,LP,0.004714100010460243
q0.9,2025-03-18,0.9,6625.706636129633,6722.504181793652,71979.47488654319,0.0,117253.4235833333,43637.013873997676,0.0,43637.013873997676,1132.9192251910629,5530.189268380365,21596.264395828908,17405.85636952381,0,LP,0.004585300019243732
q0.9,2025-03-19,0.9,6722.504181793652,6712.859048412699,71551.460581602,0.0,117281.55799999996,43400.05992032163,0.0,43400.05992032163,1813.831433480305,6299.794138641979,20952.86936590829,16980.50480642858,0,LP,0.004949900001520291
q0.9,2025-03-20,0.9,6712.859048412699,6531.826428915345,71111.0276894797,0.0,117648.38173333334,43106.69637417995,0.0,43106.69637417995,1014.3316833333329,4123.36641845679,20669.984887213403,16905.61711619048,0,LP,0.004583200003253296
q0.9,2025-03-21,0.9,6531.826428915345,10800.0,70576.25453527631,0.0,72593.53221666667,42723.987028165255,0.0,42723.987028165255,23523.028979365074,28491.583308797763,14141.16587616108,7612.988145714287,0,LP,0.00493669998832047
q0.9,2025-03-22,0.9,10800.0,10800.0,65243.162997201645,0.0,71936.92953333334,40339.944874170855,0.0,40339.944874170855,19587.17981228689,28078.043874279843,8930.208301587305,7233.468724285715,0,LP,0.00488179997773841
q0.9,2025-03-23,0.9,10800.0,6444.316646116402,64517.18641998237,0.0,117739.97726666664,39880.064455501364,0.0,39880.064455501364,2129.055073086421,4522.15055750735,15875.66153272193,16779.400859999994,0,LP,0.004615599988028407
q0.9,2025-03-24,0.9,6444.316646116402,6623.0607583650835,68659.05571518517,0.0,117425.17061666668,41480.56549975601,0.0,41480.56549975601,2492.341583333333,4097.602127948273,20577.60641866549,16506.991498095234,0,LP,0.004702999984147027
q0.9,2025-03-25,0.9,6623.0607583650835,6327.232687312172,68505.12184221637,0.0,118053.16781666665,41398.36405262731,0.0,41398.36405262731,1672.2481671193418,2207.1192356760735,20746.710456325683,17071.080733571427,0,LP,0.005103000003146008
q0.9,2025-03-26,0.9,6327.232687312172,6518.5356589418025,69066.33786791886,0.0,117704.62780000006,41697.72939893992,0.0,41697.72939893992,2979.202155173433,6576.3036179806,19716.33975595532,15798.062527857142,0,LP,0.0046922000183258206
q0.9,2025-03-27,0.9,6518.5356589418025,6563.897151944444,68250.65456843328,0.0,117952.59836666663,41176.083411274405,0.0,41176.083411274405,1551.3449333333335,4115.009765188131,20139.395401102294,16272.084931190479,0,LP,0.004528699995717034
q0.9,2025-03-28,0.9,6563.897151944444,10800.0,67847.61987405055,0.0,71891.76726666666,40887.59618362527,0.0,40887.59618362527,23701.334655202823,26889.594280326284,13801.671624235749,7366.861452380955,0,LP,0.004708699998445809
q0.9,2025-03-29,0.9,10800.0,10800.0,62956.50641962963,0.0,72118.27746666667,38807.91482259835,0.0,38807.91482259835,27473.075486008223,26069.45596580835,8982.977813051148,7276.212028571427,0,LP,0.004646600020350888
q0.9,2025-03-30,0.9,10800.0,6669.3124819418,61774.37055208115,0.0,117994.70585000007,38071.96670470696,0.0,38071.96670470696,2988.242065220462,4262.664719611999,15239.278071058203,16061.43400380952,0,LP,0.004446799983270466
q0.9,2025-03-31,0.9,6669.3124819418,6747.1734337407415,65379.43537720163,0.0,117075.66561666674,39400.88761263341,0.0,39400.88761263341,1694.744619661964,3034.616875752494,19097.944957025284,15399.26055857142,0,LP,0.004508899990469217
q0.9,2025-04-01,0.9,6747.1734337407415,6419.535218772485,64885.120062968825,0.0,117967.14630000001,39002.46571457267,0.0,39002.46571457267,297.9357854056424,973.7878242915925,19470.628053033506,16066.083116428566,0,LP,0.004925700020976365
q0.9,2025-04-02,0.9,6419.535218772485,6453.411857976186,65755.20730730747,1198.6436190476215,117986.62945,39308.87544799181,5894.693587658346,45203.56903565016,0.0,2458.5137401205247,21207.962162901233,17147.960376666666,9,LP,0.004725600010715425
q0.9,2025-04-03,0.9,6453.411857976186,6533.570330658733,67247.87570149913,0.0,117884.45609999994,40209.27457189912,0.0,40209.27457189912,2521.651867122282,4873.660870070539,20615.210906449156,16626.17820880952,0,LP,0.004563100024824962
q0.9,2025-04-04,0.9,6533.570330658733,10800.0,66886.42258134038,0.0,71735.75181666664,39993.03703999802,0.0,39993.03703999802,26927.569626957677,27050.383469218108,13883.581751355088,7405.914516190477,0,LP,0.004921800020383671
q0.9,2025-04-05,0.9,10800.0,10800.0,61505.193107913,0.0,72602.74256666665,37557.953494107234,0.0,37557.953494107234,21840.935538156962,25922.06666539976,8937.241689594357,7239.16576857143,0,LP,0.004598999978043139
q0.9,2025-04-06,0.9,10800.0,6463.281361584657,62145.19339665196,0.0,117205.4305833333,37913.03734988089,0.0,37913.03734988089,3521.4695653262756,5290.056575214579,14877.040863253973,15953.449873809523,0,LP,0.004551599995465949
q0.9,2025-04-07,0.9,6463.281361584657,6742.772464791009,66864.75703484718,0.0,117015.14203333334,39828.00299037049,0.0,39828.00299037049,2887.437633333333,6865.593142851265,19039.289381281607,15170.282405952383,0,LP,0.005353499989723787
q0.9,2025-04-08,0.9,6742.772464791009,6283.221609148155,65755.7254552587,0.0,117713.29026666663,39135.06338996989,0.0,39135.06338996989,3052.843733333333,4920.418339550267,20225.608083089362,16796.338317380945,0,LP,0.004602500004693866
q0.9,2025-04-09,0.9,6283.221609148155,6538.403918259261,65450.52852481426,0.0,117677.52253333332,38981.59044267479,0.0,38981.59044267479,922.8114668283433,1209.1276092945286,20813.759756972355,16629.48132494762,0,LP,0.0054506000014953315
q0.9,2025-04-10,0.9,6538.403918259261,6692.262322973547,65435.50605152262,0.0,117668.7006833333,38975.64772398817,0.0,38975.64772398817,2382.52596431511,4541.752923974137,20590.087889423856,16539.49862619047,0,LP,0.004656500008422881
q0.9,2025-04-11,0.9,6692.262322973547,10800.0,64521.608108783075,0.0,72091.99674999999,38524.33699504072,0.0,38524.33699504072,27612.10273039389,25309.931882933575,13610.312734027042,7327.389405238093,0,LP,0.004678400000557303
q0.9,2025-04-12,0.9,10800.0,10800.0,59802.8656968019,0.0,71957.17576666665,36498.47374084803,0.0,36498.47374084803,23746.477620664326,25442.26882493828,8362.940532627856,6773.98183142857,0,LP,0.004662399995140731
q0.9,2025-04-13,0.9,10800.0,6610.022403962964,59364.422602915954,0.0,117283.06220000007,36157.54733979044,0.0,36157.54733979044,2541.9346833333334,3385.318411075844,15430.478218982951,16269.667193809519,0,LP,0.005093400017358363
q0.9,2025-04-14,0.9,6610.022403962964,6455.009321878308,63959.63188607289,0.0,117901.37268333332,38062.02825462474,0.0,38062.02825462474,3256.962255623163,4574.14534405938,19684.232948771303,16083.740462380954,0,LP,0.004935900011332706
q0.9,2025-04-15,0.9,6455.009321878308,6486.625501825398,64080.25954097591,0.0,117056.90516666666,38084.57408912062,0.0,38084.57408912062,4020.3541400764243,6374.2578930305735,18514.547960964148,14968.329286428572,0,LP,0.004607499984558672
q0.9,2025-04-16,0.9,6486.625501825398,6404.495973285714,63282.04023917108,0.0,117924.88506666668,37621.34668454257,0.0,37621.34668454257,2073.153491393304,1770.6619139682593,19644.997155238096,15986.36427142857,0,LP,0.004692799993790686
q0.9,2025-04-17,0.9,6404.495973285714,6682.3345912010545,63040.96672332744,0.0,117487.04263333339,37440.85619977698,0.0,37440.85619977698,2384.1204666666663,3771.754425584959,19824.709078694883,15807.959597619049,0,LP,0.004873400001088157
q0.9,2025-04-18,0.9,6682.3345912010545,10800.0,62465.597151945905,0.0,71490.16935000003,37122.45138961504,0.0,37122.45138961504,25430.12590411523,24517.193066214004,12938.221738759552,6774.06074047619,0,LP,0.0045144000032451
q0.9,2025-04-19,0.9,10800.0,10800.0,58026.17621535568,0.0,71905.41535,35270.61927250541,0.0,35270.61927250541,24910.659565432088,24728.359464415058,8434.094397413282,6831.61646190476,0,LP,0.004639999999199063
q0.9,2025-04-20,0.9,10800.0,6767.872153566139,57740.4082480188,0.0,117197.81635,35067.3863499308,0.0,35067.3863499308,2690.750643145212,3826.328781866551,15234.205270864199,15968.621331190474,0,LP,0.004984600003808737
q0.9,2025-04-21,0.9,6767.872153566139,6383.431490359789,61949.03641355381,0.0,118481.6378833333,36739.45551999508,0.0,36739.45551999508,5374.564030246918,4982.119844138746,18007.572382739567,14932.130226904765,0,LP,0.004649499984225258
q0.9,2025-04-22,0.9,6383.431490359789,6384.0586247037045,61692.38083905055,0.0,117811.00101666666,36562.54478754357,0.0,36562.54478754357,2407.940083333334,3530.8944477101777,18947.645107530858,15347.028116190475,0,LP,0.0046205999969970435
q0.9,2025-04-23,0.9,6384.0586247037045,6567.034939410057,61870.87165890358,0.0,118030.5147666667,36584.69460478518,0.0,36584.69460478518,2695.0901333333327,4071.1595578013,18631.71877824516,14927.013527142859,0,LP,0.004920999985188246
q0.9,2025-04-24,0.9,6567.034939410057,6580.214557846564,61002.06119723104,0.0,117497.77966666665,36109.19194082912,0.0,36109.19194082912,5727.2248500000005,4696.597351619648,18296.161257992353,14808.028962380953,0,LP,0.005299999989802018
q0.9,2025-04-25,0.9,6580.214557846564,10800.0,59987.18063716636,0.0,71763.32119999999,35522.56702408862,0.0,35522.56702408862,29405.52608065844,22326.02274571429,12934.03822555556,6678.764064761905,0,LP,0.004721000004792586
q0.9,2025-04-26,0.9,10800.0,10800.0,54635.685584476785,0.0,72100.92436666666,33175.03013312383,0.0,33175.03013312383,31952.784830041142,21089.033613406817,8019.334251028811,6495.660743333332,0,LP,0.004681099992012605
q0.9,2025-04-27,0.9,10800.0,6389.65607040424,53611.97629220191,0.0,117032.5225333333,32703.757328777025,0.0,32703.757328777025,3326.2268897090025,2893.940300870079,14671.828710135205,15853.4907918457,0,LP,0.0048322000075131655
q0.9,2025-04-28,0.9,6389.65607040424,6324.041709642857,58235.0981034231,2392.365793331711,117537.30080000006,34660.65972964649,16204.276137232842,50864.935866879336,0.0,772.8700259523832,17324.628835900054,14092.002281764286,6,LP,0.005183800007216632
q0.9,2025-04-29,0.9,6324.041709642857,6538.499708298942,60232.837669350396,0.0,117252.75871666662,35674.045930731445,0.0,35674.045930731445,5211.779083333331,4029.857492501472,17710.395673991778,14152.408297142858,0,LP,0.004814699990674853
q0.9,2025-04-30,0.9,6538.499708298942,6344.246619126985,58889.55424211932,0.0,117682.88071666668,35144.446638841575,0.0,35144.446638841575,3792.2668999999996,3717.6138500499856,17356.035994688413,14233.216935952376,0,LP,0.0049365999875590205
q0.95,2025-02-01,0.95,10800.0,10800.0,92542.96307617838,0.0,76305.2062833333,60324.67099774192,0.0,60324.67099774192,10060.693232181431,46696.19683238837,7409.984622501466,6002.087544226191,0,LP,0.004886599985184148
q0.95,2025-02-02,0.95,10800.0,7532.341860260979,91968.42961806557,0.0,121705.97265000001,59909.65405835456,0.0,59909.65405835456,143.10248333333334,13184.36436820627,16976.721801531898,16692.036985005954,0,LP,0.004498599999351427
q0.95,2025-02-03,0.95,7532.341860260979,7078.057127882714,92894.94399004336,0.0,122603.76899999996,59316.863739908535,0.0,59316.863739908535,0.0,9156.243149287768,20687.582104715904,17165.797763960316,0,LP,0.004473400011193007
q0.95,2025-02-04,0.95,7078.057127882714,7120.930140124338,92195.87803751123,0.0,121578.09884999998,58554.74073456463,0.0,58554.74073456463,0.0,6575.663143656435,23088.238067565148,18662.887123710312,0,LP,0.004437299998244271
q0.95,2025-02-05,0.95,7120.930140124338,6938.847582624345,90704.01235201496,26.47958333333338,121991.08443333334,57533.64675726314,153.80665979166693,57687.4534170548,0.0,5783.106630290993,22962.276965652567,18763.318643928564,1,LP,0.004771199979586527
q0.95,2025-02-06,0.95,6938.847582624345,6974.255819187834,90982.26800692092,47.85660238095272,122252.16269999999,57709.42059215142,278.490331960121,57987.910924111544,1.400816666666742,6463.400843070252,22433.67536837447,18139.409635476186,2,LP,0.004422800004249439
q0.95,2025-02-07,0.95,6974.255819187834,10800.0,90377.1111040138,0.0,76168.59693333329,57236.65473108303,0.0,57236.65473108303,10787.693077566137,41923.07632121693,12723.643557016461,6862.9815184523795,0,LP,0.0043425999756436795
q0.95,2025-02-08,0.95,10800.0,10800.0,85112.27741589797,0.0,75746.78751666665,54807.374378772285,0.0,54807.374378772285,10923.361921015576,41177.81887327454,7547.020552322165,6113.086647380953,0,LP,0.005012600013287738
q0.95,2025-02-09,0.95,10800.0,6810.291637001324,84713.65324367577,0.0,121547.90356666666,54520.495224647464,0.0,54520.495224647464,0.0,5252.794370790714,18400.949646932677,18495.50674071428,0,LP,0.005575399991357699
q0.95,2025-02-10,0.95,6810.291637001324,6619.411680341272,89304.18756568494,0.0,121477.56451666665,56438.18781112482,0.0,56438.18781112482,499.6630333333335,10893.18585201059,19771.016094745737,16186.314997738093,0,LP,0.004503200005274266
q0.95,2025-02-11,0.95,6619.411680341272,6625.859525239417,88682.98247136241,0.0,121441.28161666669,55901.01532903616,0.0,55901.01532903616,352.0303666666666,9047.431582890944,21353.26488454291,17290.34149607143,0,LP,0.00482559998636134
q0.95,2025-02-12,0.95,6625.859525239417,6697.619290703706,87665.9519089065,0.0,121363.85288333334,55171.92744528525,0.0,55171.92744528525,286.6938,7972.144142529389,21451.547600662838,17311.16976761904,0,LP,0.00453809997998178
q0.95,2025-02-13,0.95,6697.619290703706,6830.607002658729,86692.14149171511,0.0,121310.28371666669,54509.468264998126,0.0,54509.468264998126,732.2808000000005,10800.516408486183,19527.243820014686,15697.378553452378,0,LP,0.004429799999343231
q0.95,2025-02-14,0.95,6830.607002658729,10800.0,84925.37330171814,0.0,75872.63795000003,53320.55368690826,0.0,53320.55368690826,12277.905954526745,36905.12508883891,12463.614442519107,6523.074000833334,0,LP,0.0046356999955605716
q0.95,2025-02-15,0.95,10800.0,10800.0,80177.90228148291,0.0,76054.55224999998,51205.964381802725,0.0,51205.964381802725,12968.524755555556,36399.705957213395,8050.423519547323,6520.843050833332,0,LP,0.004804099997272715
q0.95,2025-02-16,0.95,10800.0,6731.563400091271,79805.14857128014,33.62811571428574,121276.97728333334,50907.021255792075,152.991112442143,51060.01236823421,30.539166666666688,4776.705788242209,17451.292484228394,17797.13985214286,1,LP,0.00460490002296865
q0.95,2025-02-17,0.95,6731.563400091271,6520.740444021168,83819.1549978586,16.569977142857056,120960.37281666667,52436.63919640416,75.38511101142818,52512.024307415595,948.4422833333333,8259.692575614348,19123.51373605379,15679.78678666666,1,LP,0.00469669999438338
q0.95,2025-02-18,0.95,6520.740444021168,6812.505324285714,83445.20710997649,6.316429523809347,121331.27123333327,52042.62130024444,28.736596118570628,52071.357896363,420.76300146972363,6757.957949178423,20625.402175161656,16443.98736964286,1,LP,0.005053500004578382
q0.95,2025-02-19,0.95,6812.505324285714,6393.485112407405,82653.90874753968,0.0,121866.79411666667,51523.56156001284,0.0,51523.56156001284,294.4889166666667,5740.612461810696,21666.30619168136,17926.826205952366,0,LP,0.004553999984636903
q0.95,2025-02-20,0.95,6393.485112407405,6923.471733777779,82875.91540073782,5.048755476190308,121105.25703333328,51513.38979743112,23.648370650475407,51537.038168081584,553.5938999999995,6837.6593146031755,21155.732889706058,16659.15568142857,1,LP,0.004567399999359623
q0.95,2025-02-21,0.95,6923.471733777779,10800.0,81886.56420723103,0.0,75802.0020333333,50991.39936388765,0.0,50991.39936388765,15593.675337448558,34898.51932885214,12343.326673668433,6509.219166071427,0,LP,0.005117799999425188
q0.95,2025-02-22,0.95,10800.0,10800.0,76975.97268993568,0.0,75682.2422666667,48755.495727834685,0.0,48755.495727834685,13452.034244650209,34072.52972567941,8456.030717225152,6849.384880952379,0,LP,0.0046898000000510365
q0.95,2025-02-23,0.95,10800.0,6663.777521552915,76768.40112814166,4.503572380952278,121142.14093333337,48618.61049700692,20.489002547142388,48639.09949955407,488.31870000000026,5309.60653986184,16661.715831209585,17218.590053882144,1,LP,0.004766199999721721
q0.95,2025-02-24,0.95,6663.777521552915,6650.836230410056,80801.63859617175,0.0,120628.98855,50110.08849969192,0.0,50110.08849969192,1458.2308833333332,7416.654263180472,19659.8262895782,15936.106456586907,0,LP,0.005553399998461828
q0.95,2025-02-25,0.95,6650.836230410056,6628.78878446561,80394.43584130867,25.61715214285698,121093.33288333328,49861.38878141615,115.88443602392786,49977.27321744008,2147.7261666666664,8873.583697768952,18932.961037013527,15355.541141330952,2,LP,0.0048217000148724765
q0.95,2025-02-26,0.95,6628.78878446561,6754.181367777779,79330.336028786,0.0,121060.73411666663,49106.65563339113,0.0,49106.65563339113,994.8294166666665,5520.850904562027,20457.65446970017,16457.846795476195,0,LP,0.004841200017835945
q0.95,2025-02-27,0.95,6754.181367777779,6841.4155615674645,78691.61606929745,0.0,120599.48893333331,48626.39340663533,0.0,48626.39340663533,867.9123144738443,6592.72374049382,22083.605473258373,17809.20965892856,0,LP,0.00453669999842532
q0.95,2025-02-28,0.95,6841.4155615674645,10800.0,78017.05493312611,0.0,75385.10794999998,48260.55924183573,0.0,48260.55924183573,17034.960349999998,31618.161906091995,13203.227012867426,7131.887885833331,0,LP,0.004804399999557063
q0.95,2025-03-01,0.95,10800.0,10800.0,73290.78433313344,0.0,72244.16015,46166.97382926557,0.0,46166.97382926557,15469.87737860082,32479.874791941522,8854.032785567306,7171.766556309522,0,LP,0.006408899993402883
q0.95,2025-03-02,0.95,10800.0,6210.306097333333,72678.35164447971,1032.7527070440426,117860.41708333329,45780.65167431931,7130.9560828252115,52911.60775714453,0.0,2183.8548719047617,17366.6680281702,18197.72561521786,2,LP,0.0046048000222072005
q0.95,2025-03-03,0.95,6210.306097333333,6197.990227334674,78786.9502733947,0.0,117958.74560000001,48531.90889626621,0.0,48531.90889626621,0.0,2225.2166423251056,23977.217267026754,19432.63026929047,0,LP,0.004372499999590218
q0.95,2025-03-04,0.95,6197.990227334674,6619.777302391535,80042.2569771943,0.0,118139.02498333335,49514.16555077733,0.0,49514.16555077733,664.6585314212195,5680.1435556261,21675.729417170765,17177.732460357143,0,LP,0.004716399998869747
q0.95,2025-03-05,0.95,6619.777302391535,6650.029614277778,80017.16809975366,3.286666666666747,118073.44383333332,49566.65201412351,14.952690000000366,49581.6047041235,756.9464333333331,9383.092593227508,19593.245486816577,15843.301763623807,1,LP,0.004460199997993186
q0.95,2025-03-06,0.95,6650.029614277778,6937.695986236773,79619.62093775424,0.0,117673.59855000004,49311.75540843714,0.0,49311.75540843714,1279.1549664873553,8420.882834673721,19579.101413140805,15600.172409880957,0,LP,0.004558699991321191
q0.95,2025-03-07,0.95,6937.695986236773,10800.0,79135.77347791157,0.0,71680.36145000004,48957.088630893326,0.0,48957.088630893326,17219.938466666677,35136.24580701938,12532.789781606403,6675.486110714284,0,LP,0.005401999980676919
q0.95,2025-03-08,0.95,10800.0,10800.0,74524.0598632951,0.0,72344.71158333328,46992.95167700898,0.0,46992.95167700898,19400.953676748963,34471.504458785996,8360.32742680776,6771.865215714283,0,LP,0.004437099996721372
q0.95,2025-03-09,0.95,10800.0,6737.4950648836,73862.39682055896,0.0,117692.98650000004,46454.78351326279,0.0,46454.78351326279,2211.60947694885,9043.666826403589,15420.262677954152,16146.66721074762,0,LP,0.00444479999714531
q0.95,2025-03-10,0.95,6737.4950648836,6655.5529386560875,77021.20839805399,0.0,117943.06436666667,47400.80352001567,0.0,47400.80352001567,360.69671666666625,4695.325820992062,21036.11749473692,17113.003084341668,0,LP,0.004937200021231547
q0.95,2025-03-11,0.95,6655.5529386560875,6918.4696855172,77028.74208840556,0.0,117499.55295,47205.08216883413,0.0,47205.08216883413,1558.3502122354462,7531.904019976487,19804.968336940026,15805.399280746433,0,LP,0.004715300019597635
q0.95,2025-03-12,0.95,6918.4696855172,6647.129964749999,76072.5890268166,0.0,118112.23683333342,46626.488869484914,0.0,46626.488869484914,2172.9285666666665,8031.34855072898,19352.54197251617,15919.764746428575,0,LP,0.004802400013431907
q0.95,2025-03-13,0.95,6647.129964749999,6632.426765742065,75823.59948775721,0.0,118237.27704999999,46385.82015306546,0.0,46385.82015306546,37.200000000000045,4154.16394222516,21578.160041960615,17491.542513095235,0,LP,0.004718999989563599
q0.95,2025-03-14,0.95,6632.426765742065,10800.0,76830.33588390563,0.0,72108.86895000002,47032.704590188594,0.0,47032.704590188594,21395.210133333338,33117.101723087,13356.74807010435,7068.150025952379,0,LP,0.005754500016337261
q0.95,2025-03-15,0.95,10800.0,10800.0,71443.99440552908,0.0,72724.98178333335,44586.48466122468,0.0,44586.48466122468,17171.527265790708,31667.89499917106,8844.457845091125,7164.010854523809,0,LP,0.0047215999802574515
q0.95,2025-03-16,0.95,10800.0,6957.878470312175,71729.92602193121,1.6400000000001,117983.21598333328,44742.697443194505,7.461180000000455,44750.158623194504,708.0124833333333,8241.308868052616,15205.826915426216,15774.629178214283,1,LP,0.005066499987151474
q0.95,2025-03-17,0.95,6957.878470312175,6821.779434763231,76096.60728860224,0.0,117693.62179999992,46562.77810378917,0.0,46562.77810378917,3386.2440813242238,11617.152317111992,17671.413625404177,14436.334168571428,0,LP,0.004721999983303249
q0.95,2025-03-18,0.95,6821.779434763231,6921.3975622301605,74652.51239391386,0.0,117253.4235833333,45612.30488370941,0.0,45612.30488370941,1528.8976499999999,8038.060316443265,20368.10392675632,16408.507865952382,0,LP,0.0048254000139422715
q0.95,2025-03-19,0.95,6921.3975622301605,6905.9297430502675,74327.05930598614,0.0,117281.55799999996,45431.52755113918,0.0,45431.52755113918,2329.517033333333,8768.19579304086,19883.14245723104,16119.266427619052,0,LP,0.004801700008101761
q0.95,2025-03-20,0.95,6905.9297430502675,6722.084712497356,73858.59947665194,0.0,117648.38173333334,45085.49727683224,0.0,45085.49727683224,1243.383671876836,6858.187048421518,19544.881406234563,15996.814466547616,0,LP,0.004982299986295402
q0.95,2025-03-21,0.95,6722.084712497356,10800.0,73325.79570098667,0.0,72593.53221666667,44678.55592956541,0.0,44678.55592956541,24328.662003411715,30743.661276519695,13420.442871769546,7200.43496738095,0,LP,0.00537970001460053
q0.95,2025-03-22,0.95,10800.0,10800.0,68197.67070149322,0.0,71936.92953333334,42373.40000885622,0.0,42373.40000885622,20355.683896959144,30349.010577467667,8483.034177542622,6871.257683809523,0,LP,0.004646700021112338
q0.95,2025-03-23,0.95,10800.0,6651.785634149474,67473.72487018813,0.0,117739.97726666664,41902.135756681295,0.0,41902.135756681295,2428.23851715168,7106.0773424470935,15279.378016779834,16109.689122857142,0,LP,0.004756900016218424
q0.95,2025-03-24,0.95,6651.785634149474,6831.3839098941835,71530.7286034744,0.0,117425.17061666668,43456.15608020593,0.0,43456.15608020593,2787.3149166666662,6846.60142437243,19666.71963648295,15768.40445738095,0,LP,0.004963499988662079
q0.95,2025-03-25,0.95,6831.3839098941835,6564.963032716932,71449.49233124335,0.0,118053.16781666665,43430.03352662726,0.0,43430.03352662726,2311.926966666667,4659.598890361554,19829.58182635802,16301.74006880952,0,LP,0.004802499985089526
q0.95,2025-03-26,0.95,6564.963032716932,6739.2791077751335,71993.24350884774,0.0,117704.62780000006,43730.502015053964,0.0,43730.502015053964,3459.3511207451534,9207.219526797482,18827.54487940035,15093.426884761902,0,LP,0.004737299983389676
q0.95,2025-03-27,0.95,6739.2791077751335,6792.649057546298,71233.59759657113,0.0,117952.59836666663,43228.308317107185,0.0,43228.308317107185,1992.9974333333332,6834.356099094657,19164.32478604791,15475.07012190476,0,LP,0.004605900001479313
q0.95,2025-03-28,0.95,6792.649057546298,10800.0,70695.22599664464,0.0,71891.76726666666,42845.55892807747,0.0,42845.55892807747,24484.45456423574,29292.962722960034,13101.642603020278,7005.714660238098,0,LP,0.004822099988814443
q0.95,2025-03-29,0.95,10800.0,10800.0,66054.76105632276,0.0,72118.27746666667,40866.579891120695,0.0,40866.579891120695,28242.851550243962,28482.41540758671,8538.34165873016,6916.056743571427,0,LP,0.004720500000985339
q0.95,2025-03-30,0.95,10800.0,6909.374415280421,64856.34983177837,0.0,117994.70585000007,40067.54607881958,0.0,40067.54607881958,3432.1259190182273,6788.117555659905,14694.998333409752,15404.51167630952,0,LP,0.004804899974260479
q0.95,2025-03-31,0.95,6909.374415280421,6969.93874450529,67970.65620609345,0.0,117075.66561666674,41127.95840549741,0.0,41127.95840549741,2195.9711166666666,5294.454701340391,18285.963202372135,14757.122297619046,0,LP,0.005383099982282147
q0.95,2025-04-01,0.95,6969.93874450529,6650.054108800263,67797.31591047032,0.0,117967.14630000001,40930.37403447923,0.0,40930.37403447923,1322.9585666666667,3036.418253669908,18510.44076632421,15281.353192857137,0,LP,0.005748800002038479
q0.95,2025-04-02,0.95,6650.054108800263,6665.430685224866,68310.34831337888,509.3693826880958,117986.62945,41025.96403526617,2491.914540576953,43517.878575843126,704.3257480952448,3646.586411965023,21155.953774866244,17122.483638859525,5,LP,0.0053783000039402395
q0.95,2025-04-03,0.95,6665.430685224866,6743.419407171958,69615.04210081129,0.0,117884.45609999994,41874.01539211884,0.0,41874.01539211884,2989.9525833333346,6929.919198621394,19797.10632861846,15965.46627642857,0,LP,0.005339499999536201
q0.95,2025-04-04,0.95,6743.419407171958,10800.0,69193.11130473987,0.0,71735.75181666664,41599.23476273183,0.0,41599.23476273183,27668.924795743686,28926.056022023808,13244.240544353323,7076.912307380951,0,LP,0.005009599990444258
q0.95,2025-04-05,0.95,10800.0,10800.0,64034.98423992067,0.0,72602.74256666665,39247.53913757018,0.0,39247.53913757018,22551.797118434744,27798.068949933855,8636.85888536155,6995.855697142858,0,LP,0.005052799999248236
q0.95,2025-04-06,0.95,10800.0,6698.02867230291,64678.178214591535,0.0,117205.4305833333,39621.63712342414,0.0,39621.63712342414,3924.7273721165334,7318.703681775421,14297.079415580545,15272.408521547619,0,LP,0.004941699997289106
q0.95,2025-04-07,0.95,6698.02867230291,6981.552162064815,69109.22073195712,0.0,117015.14203333334,41387.16326421507,0.0,41387.16326421507,3183.5134666666663,8971.342430529103,18191.970582328046,14480.3250309,0,LP,0.005608400009805337
q0.95,2025-04-08,0.95,6981.552162064815,6607.820238703706,68062.6454431746,0.0,117713.29026666663,40705.5038670307,0.0,40705.5038670307,3545.8359,6801.747497213407,19464.353475365955,16102.485046071426,0,LP,0.005861800018465146
q0.95,2025-04-09,0.95,6607.820238703706,6738.168195451058,67670.49628549235,0.0,117677.52253333332,40483.37782930727,0.0,40483.37782930727,1319.5231333333334,3324.2192511684275,19869.10380658583,15976.660922261906,0,LP,0.0050669999909587204
q0.95,2025-04-10,0.95,6738.168195451058,6887.541482744708,67671.98764717914,0.0,117668.7006833333,40467.40523502584,0.0,40467.40523502584,2763.9755333333333,6537.373215673144,19871.394945307173,15961.393947134524,0,LP,0.005379400012316182
q0.95,2025-04-11,0.95,6887.541482744708,10800.0,67106.55917310553,0.0,72091.99674999999,40177.53688856572,0.0,40177.53688856572,28204.2895780291,27546.123482840965,13254.122526521167,7214.626580952378,0,LP,0.00564640000811778
q0.95,2025-04-12,0.95,10800.0,10800.0,62606.549543762514,0.0,71957.17576666665,38248.07492635649,0.0,38248.07492635649,24360.723042203124,27660.86378424603,8209.485091122864,6649.682923809524,0,LP,0.00482699999702163
q0.95,2025-04-13,0.95,10800.0,6832.481183386242,62166.59831677835,0.0,117283.06220000007,37879.47708810722,0.0,37879.47708810722,2902.663383333334,5695.5010848045295,15067.591053997648,15775.515688690477,0,LP,0.0052109000098425895
q0.95,2025-04-14,0.95,6832.481183386242,6721.1442878637545,66514.8376096149,0.0,117901.37268333332,39698.77896109703,0.0,39698.77896109703,3632.820933333333,6850.937659541443,18964.475909002056,15461.428692261903,0,LP,0.006224999990081415
q0.95,2025-04-15,0.95,6721.1442878637545,6755.9684452857155,66609.36609897266,0.0,117056.90516666666,39733.44959462663,0.0,39733.44959462663,4432.275777281013,8611.694714722227,17866.447536612286,14440.48076297619,0,LP,0.007412400009343401
q0.95,2025-04-16,0.95,6755.9684452857155,6701.799267362435,65885.79989579659,0.0,117924.88506666668,39197.20158147421,0.0,39197.20158147421,2486.791300000001,4030.4468051087606,19145.905793783073,15556.935953095235,0,LP,0.006747700012056157
q0.95,2025-04-17,0.95,6701.799267362435,6938.170979842592,65471.850985162055,0.0,117487.04263333339,38912.24305660655,0.0,38912.24305660655,2860.2312999999995,5851.314734993067,19364.35820493092,15472.395604761905,0,LP,0.006236199988052249
q0.95,2025-04-18,0.95,6938.170979842592,10800.0,64899.46508501689,0.0,71490.16935000003,38543.139375733175,0.0,38543.139375733175,25441.91634334143,27249.14199376691,12519.176033860962,6664.886469285714,0,LP,0.007798800012096763
q0.95,2025-04-19,0.95,10800.0,10800.0,60746.21531241477,0.0,71905.41535,36811.70539336078,0.0,36811.70539336078,24910.659565432088,27474.007341136097,8299.311346560848,6722.442190714288,0,LP,0.005216399993514642
q0.95,2025-04-20,0.95,10800.0,7006.69799914947,60447.90340726508,0.0,117197.81635,36613.86925927328,0.0,36613.86925927328,3100.6837692460376,5911.838475629041,15218.989893800705,15741.353614744045,0,LP,0.005342999997083098
q0.95,2025-04-21,0.95,7006.69799914947,6608.795351621695,64377.82384401088,0.0,118481.6378833333,38151.061874861654,0.0,38151.061874861654,5955.251166666667,6883.182798768383,17792.588831671077,14770.10933642857,0,LP,0.005289900000207126
q0.95,2025-04-22,0.95,6608.795351621695,6636.390009021163,64100.10506177099,0.0,117811.00101666666,37954.72058344711,0.0,37954.72058344711,2699.873833333333,5661.522587053203,18741.811226622576,15156.031901904766,0,LP,0.005829100002301857
q0.95,2025-04-23,0.95,6636.390009021163,6809.172124768521,64242.33006725163,0.0,118030.5147666667,37963.33280274234,0.0,37963.33280274234,3009.5155666666656,6175.146532469141,18432.880775139623,14775.129523690477,0,LP,0.005926000012550503
q0.95,2025-04-24,0.95,6809.172124768521,6827.406337195767,63420.53322169167,0.0,117497.77966666665,37515.95531386797,0.0,37515.95531386797,6190.98235,6681.903322426516,18111.21083200324,14653.669982738094,0,LP,0.0047101000091061
q0.95,2025-04-25,0.95,6827.406337195767,10800.0,62441.94265322751,0.0,71763.32119999999,36931.90728897313,0.0,36931.90728897313,29405.52608065844,25080.683920661384,12526.530028336272,6571.15502642857,0,LP,0.005245700012892485
q0.95,2025-04-26,0.95,10800.0,10800.0,57362.03090125809,0.0,72100.92436666666,34693.07526593603,0.0,34693.07526593603,31952.784830041142,23840.620556463844,7886.483586419756,6388.051705,0,LP,0.006418600009055808
q0.95,2025-04-27,0.95,10800.0,6767.500364632274,56314.37925427837,0.0,117032.5225333333,34210.17926686529,0.0,34210.17926686529,4096.067496052328,4488.971031241916,14658.522186746037,15502.652643095238,0,LP,0.004936300014378503
q0.95,2025-04-28,0.95,6767.500364632274,6421.236713678573,60481.843353017335,525.6595938726114,117537.30080000006,35999.03418265704,3615.369773400337,39614.40395605737,0.0,1178.408886168424,18519.810683753683,15312.683939698818,3,LP,0.005463999987114221
q0.95,2025-04-29,0.95,6421.236713678573,6834.387333710321,63487.26970356405,0.0,117252.75871666662,37481.35528472622,0.0,37481.35528472622,5944.688021906228,6400.012189736914,17565.895880135224,13856.540104880953,0,LP,0.006185099977301434
q0.95,2025-04-30,0.95,6834.387333710321,6590.970235276456,61746.85930928131,0.0,117682.88071666668,36717.84482832331,0.0,36717.84482832331,4415.064633333332,6053.588985180778,17054.877084338623,14033.525826904755,0,LP,0.0049075999995693564
baseline,2025-05-01,,5326.283199470901,4845.993316084654,43250.10664541446,11020.036846904764,120364.58391666667,25156.729299622,63186.971719577734,88343.70101919977,590.8684666666661,5.705214285714419,16286.588981128747,13624.39796976191,31,MILP,0.11267260002205148
baseline,2025-05-02,,4845.993316084654,9688.386114021163,44345.127397031174,0.0,74761.02673333335,25862.085756407112,0.0,25862.085756407112,18541.53384303351,4087.8284756025896,16143.639352204591,8718.194357142855,0,MILP,0.10834420000901446
baseline,2025-05-03,,9688.386114021163,9578.880374179897,40450.88324976188,0.0,74894.84928333333,24504.10121702169,0.0,24504.10121702169,22649.982566399172,6531.720414785415,13160.86202333922,10758.853404761907,0,MILP,0.11169020002125762
baseline,2025-05-04,,9578.880374179897,5078.317426984127,41035.72581085713,9131.52455809524,120670.08423333336,24966.21368428812,54908.38562496811,79874.59930925621,0.0,0.0,13068.893095238094,14636.31005961905,30,MILP,0.09914410000783391
baseline,2025-05-05,,5078.317426984127,5150.72261026455,45458.12334647268,12271.074051785714,120612.16386666658,26995.89118063979,70861.35712610658,97857.24830674635,0.0,0.0,13621.189122663141,10967.99852440476,34,MILP,0.10123590001603588
baseline,2025-05-06,,5150.72261026455,5065.990717486772,45861.14013653733,9957.098145261902,121017.19009999998,27336.36799254225,55695.17776958812,83031.54576213034,0.0,0.0,15917.97167701352,12969.815761880955,34,MILP,0.12498320001759566
baseline,2025-05-07,,5065.990717486772,5333.329423095238,46621.84871069958,11528.163468404759,121160.21501666667,27798.788346742327,68405.4393974078,96204.2277441501,0.0,0.0,14955.58628450911,11873.420055404766,33,MILP,0.11171279998961836
baseline,2025-05-08,,5333.329423095238,5621.318354497354,47126.81986845973,11320.06656045238,120445.47738333329,28319.58162382812,69240.6874675507,97560.26909137882,0.0,0.0,12427.284161316871,9806.910132404759,33,MILP,0.11010799999348819
baseline,2025-05-09,,5621.318354497354,10744.353003280423,46576.140017136975,0.0,74253.82544999999,28022.425046087505,0.0,28022.425046087505,24092.56054714873,6393.281207142856,15685.164362845388,8094.251949999999,0,MILP,0.08095410000532866
baseline,2025-05-10,,10744.353003280423,10303.9151360582,41438.57297323809,0.0,74647.98705,25755.62305020935,0.0,25755.62305020935,18536.32456681363,8771.791910787773,12662.133120017645,10652.721907714285,0,MILP,0.0741314000042621
baseline,2025-05-11,,10303.9151360582,5369.541108227513,41891.975113261884,11240.720581500002,120743.09041666662,25925.778208590167,69055.943116418,94981.72132500818,0.0,13.2084785714286,10928.130304761904,13292.722171904756,37,MILP,0.11063300000387244
baseline,2025-05-12,,5369.541108227513,5610.218920238094,46782.14556199295,8047.785707357142,120448.60361666663,28009.01485733626,50818.30412638725,78827.31898372351,0.0,13.994085714285688,14042.799576278658,11158.057625976187,29,MILP,0.10394299999461509
baseline,2025-05-13,,5610.218920238094,5625.173016243387,45976.490764697235,9647.279750785707,120269.63160000001,27656.004209166596,58108.037681102236,85764.04189026883,0.0,9.92955714285722,13006.155290887717,10521.527099214294,31,MILP,0.12216740002622828
baseline,2025-05-14,,5625.173016243387,5283.637647804231,45566.01101599059,9593.354662571428,120592.00526666673,27441.942484062536,56819.26468126075,84261.20716532333,0.0,0.0,12908.414351704876,10763.197456476184,30,MILP,0.11399760001222603
baseline,2025-05-15,,5283.637647804231,5587.931628412699,45584.58647527925,10151.114983452386,119598.30981666666,27341.280966119848,59665.37027696639,87006.65124308626,0.0,15.617680952381079,14111.373220517342,11156.347726071426,29,MILP,0.09786500001791865
baseline,2025-05-16,,5587.931628412699,10403.707332222222,45244.29117507349,0.0,74681.34474999999,27175.725867820016,0.0,27175.725867820016,29254.94141769547,6217.525622692533,14326.944568018807,7270.626966666668,0,MILP,0.08471119997557253
baseline,2025-05-17,,10403.707332222222,10172.98218568783,40436.781929571436,0.0,75274.53043333333,25031.383201926135,0.0,25031.383201926135,20261.902830246916,7470.8927564373935,12962.315218077601,10707.127958523808,0,MILP,0.10141619999194518
baseline,2025-05-18,,10172.98218568783,5399.902596798941,40372.03846383333,11178.329601500005,120687.037,24993.281842222834,64721.190328761084,89714.47217098392,0.0,0.0,11420.903133333335,13546.703167999987,32,MILP,0.12334499999997206
baseline,2025-05-19,,5399.902596798941,5446.809864973546,44646.45215564373,6537.559345380951,120072.38798333333,26738.097054194088,36828.2615872042,63566.358641398285,540.1619962962968,18.896190476190327,16144.843278395061,13035.106514142855,26,MILP,0.0715296000125818
baseline,2025-05-20,,5446.809864973546,5326.481498597884,44568.6903829806,11925.082094714278,120437.57771666667,26626.702019345692,72922.45356381426,99549.15558315994,0.0,0.0,10919.3325829806,8952.954921952385,32,MILP,0.10304099999484606
baseline,2025-05-21,,5326.481498597884,5333.274361455026,44679.6668382422,9395.630497428567,120283.05128333339,26677.951802784813,57161.60672305472,83839.55852583953,0.0,20.305002380952374,14138.22880728983,11445.851757333337,31,MILP,0.09366360001149587
baseline,2025-05-22,,5333.274361455026,5721.169443306879,44523.4816654909,9281.41103111905,119729.6800166667,26649.368059507717,55538.75113208943,82188.11919159714,0.0,0.0,13890.296348824222,10902.034468880947,28,MILP,0.10027910000644624
baseline,2025-05-23,,5721.169443306879,10663.873448174605,43881.40624626188,0.0,74983.38438333334,26373.469657376612,0.0,26373.469657376612,24537.64146725456,5691.698349999999,14645.704954174013,7414.587408499999,0,MILP,0.10905040000216104
baseline,2025-05-24,,10663.873448174605,10170.873352539686,39522.633434738105,0.0,74693.81781666666,24498.669534336168,0.0,24498.669534336168,25729.096132745435,8012.9292114638465,12998.983122457374,10972.876415261904,0,MILP,0.0772739999811165
baseline,2025-05-25,,10170.873352539686,5591.000538386244,39795.844325571416,7521.62563461905,120319.87760000004,24507.707494549704,43273.103658138425,67780.81115268811,0.0,18.287380952381,15137.146992857144,16382.974596952381,28,MILP,0.06489109998801723
baseline,2025-05-26,,5591.000538386244,5537.397327883598,43726.978448785725,12776.493738595236,119407.96936666663,26284.821686112642,76157.39554172484,102442.21722783746,0.0,0.0,10378.326983333329,8454.68774595238,35,MILP,0.09753150001051836
baseline,2025-05-27,,5537.397327883598,5355.76061259259,43850.44084061905,8030.970885095235,120046.82735000004,26354.47375041961,46609.138786998825,72963.61253741842,0.0,0.0,13971.144576190476,11480.10015047619,28,MILP,0.06578110001282766
baseline,2025-05-28,,5355.76061259259,5363.3284512433875,43875.645074456195,10777.990969380953,119921.84721666662,26308.736833120347,62716.807648118796,89025.54448123917,0.0,8.644523809523662,12443.9808696943,10072.81344966667,33,MILP,0.08242970000719652
baseline,2025-05-29,,5363.3284512433875,5723.124964259259,43934.82667454438,12813.809556690478,120439.31426666665,26261.261729895697,75577.92306374517,101839.18479364089,0.0,19.619909523809383,12079.347157877719,9460.454336166667,35,MILP,0.1111529000045266
baseline,2025-05-30,,5723.124964259259,10721.806702169311,43805.10192298647,0.0,74612.22448333331,26254.619682624158,0.0,26254.619682624158,24842.493273897708,5045.015595238094,14855.506437184009,7534.146649999999,0,MILP,0.10320739998132922
baseline,2025-05-31,,10721.806702169311,10207.604867248678,39386.34127519047,0.0,74778.33258333332,24328.603195927128,0.0,24328.603195927128,20978.815460640802,7908.783362727806,13538.645017107585,11429.084115285712,0,MILP,0.10287319999770261
baseline,2025-06-01,,10207.604867248678,4135.175064074074,39974.09646709524,26705.856903380954,128248.56003333337,24606.67519925143,145868.0333915327,170474.7085907842,0.0,0.0,4843.757333333332,9388.63026285715,82,MILP,0.028527399990707636
baseline,2025-06-02,,4135.175064074074,4254.561925925927,47515.60810176366,23259.371122142857,128080.53698333332,28213.886545458718,131989.73432878542,160203.6208742441,0.0,0.0,10666.966306525575,8532.79453261905,57,LP,0.0055979999888222665
baseline,2025-06-03,,4254.561925925927,4555.365008597884,49431.676007995295,21029.70042166667,128076.84056666664,29503.667952803673,122093.5387569939,151597.2067097976,0.0,0.0,10517.2990627572,8248.289466428572,56,LP,0.004962899984093383
baseline,2025-06-04,,4555.365008597884,4594.1331120105815,51875.045681569674,19712.035907428562,128539.84358333335,30995.39154705364,113586.36647832215,144581.7580253758,0.0,0.0,10036.470943474422,8094.650171142858,61,LP,0.004643199994461611
baseline,2025-06-05,,4594.1331120105815,4915.76797515873,54354.6932691064,19294.138955880953,128455.92066666663,32472.1290152473,112797.11164517098,145269.24066041832,0.0,0.0,11631.804376249262,9132.290167928568,57,LP,0.005038300005253404
baseline,2025-06-06,,4915.76797515873,9709.52702732804,56498.94733921222,0.0,82747.41500000002,33811.5902243795,0.0,33811.5902243795,10332.39809876544,7917.942770340973,16206.462753439146,8812.851683333332,0,LP,0.005433599988464266
baseline,2025-06-07,,9709.52702732804,9833.995467301589,54736.6307686067,0.0,83156.75974999997,33643.348086252765,0.0,33643.348086252765,8886.539642386828,12509.779668018811,11061.982608201064,8848.184316666666,0,LP,0.004730900021968409
baseline,2025-06-08,,9833.995467301589,5369.01208888889,57860.936189888285,5820.1325547619,128266.94665,35631.88664924236,38136.856707469015,73768.7433567114,0.0,0.0,13234.897466078772,14738.75198809524,18,LP,0.004708699998445809
baseline,2025-06-09,,5369.01208888889,5479.473781481481,62036.66135312492,12084.676619309519,128169.18798333328,37324.43512569348,78371.84513575796,115696.28026145148,0.0,61.28131428571453,15936.465270958259,12809.121346142863,33,LP,0.005094299995107576
baseline,2025-06-10,,5479.473781481481,5339.955187962962,62186.05950661905,12199.115055166667,127414.49178333324,37449.86594433756,77967.6374973618,115417.5034416993,0.0,0.0,15222.616119047616,12455.885790595237,34,LP,0.004864199989242479
baseline,2025-06-11,,5339.955187962962,5428.708577989418,62823.72639992415,16230.724149666672,128236.67731666668,37814.00482138263,97508.34190373989,135322.34672512248,0.0,31.99539285714286,15042.793626543209,12104.78478647619,53,LP,0.004899299994576722
baseline,2025-06-12,,5428.708577989418,5775.165063968254,63705.51562360373,12134.163093547619,127721.81298333338,38378.30048956293,77698.83383105918,116077.1343206221,0.0,27.133633333333137,16043.909542651376,12683.755892166664,35,LP,0.0064931999950204045
baseline,2025-06-13,,5775.165063968254,10351.737981137567,63519.63201093473,0.0,81889.59039999997,38365.82983748582,0.0,38365.82983748582,11599.41906399177,16547.06399391534,15310.103303027636,8282.268049999999,0,LP,0.005479900020873174
baseline,2025-06-14,,10351.737981137567,10055.485514232802,58076.114199000585,0.0,82253.15711666664,35950.595158674114,0.0,35950.595158674114,14220.367609053495,16111.825729629627,9564.238581746029,8013.660471428571,0,LP,0.00478560000192374
baseline,2025-06-15,,10055.485514232802,5395.967681957672,57612.39758095237,10769.477379000002,127368.8845166667,35676.758954098616,69688.4977833102,105365.2567374088,0.0,0.0,10255.087766666667,12500.18714004762,31,LP,0.004775100009283051
baseline,2025-06-16,,5395.967681957672,5706.121809126984,63657.54568689006,12444.227586166671,127618.63201666664,38278.896119138284,79141.97197358005,117420.86809271832,0.0,25.624740476190254,16331.352639271016,12949.256923357138,32,LP,0.004799400019692257
baseline,2025-06-17,,5706.121809126984,5256.4232998148145,63605.06908359787,13585.752701023814,127311.7546,38239.599323727096,84474.83107446984,122714.43039819699,0.0,0.0,15571.259085978834,13017.4485180238,52,LP,0.004847700009122491
baseline,2025-06-18,,5256.4232998148145,5401.419403227513,64568.17134288651,9702.391401785713,126909.07891666662,38714.70267016281,63272.7026515148,101987.40532167764,0.0,9.376992857142909,16854.201888124633,13521.407036309518,28,LP,0.0048386999987997115
baseline,2025-06-19,,5401.419403227513,5805.260178095237,63571.92381463846,8664.483895500001,127349.06689999993,38160.290076152996,55072.798737000245,93233.08881315321,0.0,97.79008809523805,18503.456445590822,14624.34302354761,27,LP,0.005386100005125627
baseline,2025-06-20,,5805.260178095237,10337.165336931217,62479.27523048208,0.0,81137.07971666669,37587.96418422971,0.0,37587.96418422971,16503.09211748971,16771.058352968834,14346.469826690194,7541.925916666665,0,LP,0.004829299985431135
baseline,2025-06-21,,10337.165336931217,10441.512249259262,56496.414244708976,0.0,81408.06479999995,34912.697523433286,0.0,34912.697523433286,19251.978580864197,15941.930567489715,9862.381448736038,7894.616752380951,0,LP,0.005154300015419722
baseline,2025-06-22,,10441.512249259262,5420.099231216931,55465.26628230834,9476.001998119049,126539.46191666664,34274.234741073386,63019.94523725459,97294.179978328,0.0,0.0,10543.152087713104,13059.224907285712,18,LP,0.00519009999698028
baseline,2025-06-23,,5420.099231216931,5435.520728756614,60617.01532995297,9779.422979928568,126690.87308333331,36380.25490948919,64509.46545846532,100889.7203679545,0.0,34.13667619047635,17300.717294238682,13999.701660547627,22,LP,0.004733599984319881
baseline,2025-06-24,,5435.520728756614,5391.036171428572,59746.182213903565,18976.977405952377,127112.84501666667,35945.3712116488,109162.1751862136,145107.54639786243,0.0,0.0,13128.439323427392,10674.071953571425,64,LP,0.004729200009023771
baseline,2025-06-25,,5391.036171428572,5379.1002228571415,60060.192742474996,13083.825448000001,126310.40843333337,36049.95484356501,81037.51496316513,117087.46980673015,0.0,0.0,14301.785144855963,11595.188321047615,44,LP,0.005020600015996024
baseline,2025-06-26,,5379.1002228571415,5565.510486666665,60031.1662068195,10754.778300976186,126697.44536666665,35968.95473078579,67604.46589734581,103573.42062813164,0.0,0.0,16162.060194914755,12923.499520452386,30,LP,0.004771400010213256
baseline,2025-06-27,,5565.510486666665,10309.831673835983,59722.68719412111,0.0,79563.255,35741.772381201015,0.0,35741.772381201015,17845.45864650206,14902.078156290421,15440.081348471494,8236.576823809522,0,LP,0.004586700000800192
baseline,2025-06-28,,10309.831673835983,10289.076200740741,54099.576832510276,0.0,80661.57279999995,33305.008591950434,0.0,33305.008591950434,16377.491192181067,14062.87647328043,10005.068295620227,8122.7852452380985,0,LP,0.004977299977326766
baseline,2025-06-29,,10289.076200740741,5658.038303756613,54495.35408430627,12554.974606023816,126384.80871666662,33523.24770245027,79590.56472169938,113113.81242414963,0.0,50.79761904761915,9998.403395972959,12266.6408580238,31,LP,0.004753900022478774
baseline,2025-06-30,,5658.038303756613,5167.425175343917,59871.04579436831,12369.36267480952,125947.32058333333,35838.697718555115,78779.39214457406,114618.08986312915,0.0,0.0,14759.348954820693,12396.624468976193,36,LP,0.00499010001658462
baseline,2025-07-01,,5167.425175343917,3955.5738085185185,60832.786794415035,19601.31439876308,141546.85106666663,36218.2232114729,117186.93850550737,153405.16171698022,0.0,0.0,13990.649420987653,12423.092261142861,47,LP,0.004960299993399531
baseline,2025-07-02,,3955.5738085185185,4119.801980952382,62575.49704777924,13844.869616833334,141198.65821666675,37189.17596032952,84848.11723037057,122037.2931907,0.0,18.841445238095503,17626.071039564962,14129.312186857149,35,LP,0.0060443000111263245
baseline,2025-07-03,,4119.801980952382,4614.061011534391,62746.471324132865,20181.861805337445,141565.53863333337,37554.77062376411,119754.2722609259,157309.04288469,0.0,0.0,14332.005624279836,11164.091428142863,55,LP,0.005212599993683398
baseline,2025-07-04,,4614.061011534391,8429.88457325397,63959.530445708384,0.0,95795.06574999998,38528.20904963496,0.0,38528.20904963496,17811.932640329218,10799.04456972369,15965.497702322162,9497.811933333332,0,LP,0.005180400010431185
baseline,2025-07-05,,8429.88457325397,8942.72583145503,61058.573318694864,0.0,95872.83490000002,37700.05419511561,0.0,37700.05419511561,18301.798258847746,11218.179395326271,12036.624028806584,9288.108330952378,0,LP,0.005326499987859279
baseline,2025-07-06,,8942.72583145503,5021.5526359788355,61461.877942827734,16878.720538063786,141244.57465000002,38278.95837436947,102908.13741548808,141187.09578985753,0.0,0.0,10924.593720105815,12377.976789214285,49,LP,0.005678799992892891
baseline,2025-07-07,,5021.5526359788355,5213.976881269841,67345.9715510288,9341.63701440476,141495.39414999998,41288.98609169442,60163.150200980155,101452.13629267458,0.0,0.0,16341.81041055262,13063.684611785713,24,LP,0.005483599990839139
baseline,2025-07-08,,5213.976881269841,5438.280461402116,67569.2388446796,11632.772589880955,141285.22700000004,41702.202486681366,74403.42973544098,116105.63222212237,0.0,143.95974999999964,17288.37603039388,13801.711362499998,32,LP,0.0047414000146090984
baseline,2025-07-09,,5438.280461402116,5530.980155582011,66849.16790432097,10231.294989809523,140590.70496666664,41482.7253851407,66582.62140401939,108065.34678916015,0.0,4.559933333333447,15440.780101940036,12423.602157809524,25,LP,0.00505229999544099
baseline,2025-07-10,,5530.980155582011,5612.655926164021,66950.7412718989,9311.535510190464,140463.54224999994,41555.39782209505,60298.413211671344,101853.81103376645,0.0,62.7376285714289,17223.19777189889,13877.2820017143,26,LP,0.005125199997564778
baseline,2025-07-11,,5612.655926164021,10280.446586666667,65840.24074126985,0.0,94741.08839999996,41038.53947767154,0.0,41038.53947767154,13795.865853497946,12243.150101293357,16218.084431716637,8935.636795238095,0,LP,0.005140600027516484
baseline,2025-07-12,,10280.446586666667,10180.344527592593,61169.807034420905,0.0,95318.37109999993,39003.66200177131,0.0,39003.66200177131,15964.588734567893,12187.580099764842,10649.930104850095,8716.535238095235,0,LP,0.0050049000128638
baseline,2025-07-13,,10180.344527592593,5474.836245238095,61628.46726528511,6346.60245583333,139893.36648333335,39195.79558500451,41435.35622858914,80631.15181359368,0.0,278.23692619047574,14021.42025814227,15592.307863214293,23,LP,0.0058182000066153705
baseline,2025-07-14,,5474.836245238095,5507.594921507936,65308.93682166373,9410.307187738093,141062.42346666663,40618.64612321622,61406.705003519004,102025.3511267352,0.0,0.0,15168.852547854203,12257.287755119038,25,LP,0.004661500017391518
baseline,2025-07-15,,5507.594921507936,5700.786018783068,65034.41465349795,10549.799372866843,139545.1626666667,40542.74363648274,69396.90154502977,109939.64518151253,0.0,74.27385714285731,13615.882096531455,10854.992510642858,25,LP,0.004764899989822879
baseline,2025-07-16,,5700.786018783068,5317.54178751323,64350.18923436216,10303.322184051729,140365.26538333335,40129.135264469594,67864.27165007716,107993.40691454672,0.0,13.242619047618973,15003.290653556722,12497.585237523814,23,LP,0.005337900016456842
baseline,2025-07-17,,5317.54178751323,5484.836003650794,64471.06801528512,11459.218627699003,139569.1592833334,40195.100112221524,73069.3086683243,113264.40878054581,0.0,59.733940476190355,15787.220217460312,12637.083581619052,28,LP,0.00468490002094768
baseline,2025-07-18,,5484.836003650794,10461.091346481482,64262.380731187535,0.0,93698.07319999997,40097.01780288505,0.0,40097.01780288505,14477.482738683128,11021.338521751917,15845.692432657255,8356.38106190476,0,LP,0.005115099978866056
baseline,2025-07-19,,10461.091346481482,9947.451899576718,58633.39631546619,0.0,94564.52239999994,37746.52186410626,0.0,37746.52186410626,19636.020083627285,10412.970815461495,9809.799308377424,8408.212942000002,0,LP,0.005411499994806945
baseline,2025-07-20,,9947.451899576718,5525.921972089946,58592.76850324043,11181.480959092874,138750.53876666672,37720.7962268774,72597.98408863485,110318.78031551225,0.0,0.0,8756.043054761903,11071.77180909524,25,LP,0.0048180000158026814
baseline,2025-07-21,,5525.921972089946,5593.974323624338,63840.239163345075,12807.491165884476,138442.8198,39852.89273503201,82019.26560688665,121872.15834191866,0.0,14.72736904761905,13589.507862110524,10946.254251928573,36,LP,0.004836400010390207
baseline,2025-07-22,,5593.974323624338,5383.167453306877,64109.05483121692,12001.524926286886,139514.85881666662,39972.443993073335,77846.00229145803,117818.44628453135,0.0,0.0,13185.059600646684,10869.624459809533,35,LP,0.005180799984373152
baseline,2025-07-23,,5383.167453306877,5479.351649550265,64502.81779741327,12588.975906306874,139450.03365000003,40126.324028763825,81098.33971381566,121224.66374257949,0.0,0.0,14677.267423339215,11802.02083628572,32,LP,0.004593600024236366
baseline,2025-07-24,,5479.351649550265,5710.16303925926,64744.6782265432,11804.601824563495,138902.21751666671,40265.0962365711,75944.3607586708,116209.45699524184,0.0,3.188783333333049,14325.731668606699,11396.112400833328,37,LP,0.005045700003392994
baseline,2025-07-25,,5710.16303925926,10402.815472037038,64584.36689979421,0.0,92354.83968333332,40172.84785062515,0.0,40172.84785062515,18825.464340740735,12086.26543944738,15494.370333891831,8327.052780952381,0,LP,0.005646500008879229
baseline,2025-07-26,,10402.815472037038,10012.591378835981,58676.1328213733,0.0,93187.68993333334,37673.23903305312,0.0,37673.23903305312,17153.27344176955,11444.273172049383,10319.454340887707,8709.959700000003,0,LP,0.005806700006360188
baseline,2025-07-27,,10012.591378835981,5474.002435291004,59304.02743315696,12291.918309024099,138110.19628333335,37843.772686843775,78253.5007069565,116097.27339380023,0.0,0.0,10502.557849323934,12591.801907142863,28,LP,0.004811899998458102
baseline,2025-07-28,,5474.002435291004,5402.421644550263,64629.721836449164,15579.07559454761,138228.99843333327,40107.52253488703,94135.95221070315,134243.47474559015,0.0,30.10880952380967,12043.33736740153,9819.525979261907,51,LP,0.006077400001231581
baseline,2025-07-29,,5402.421644550263,5507.365807724868,65308.17745875953,13295.227445642857,138314.74511666666,40407.92207062736,83385.71096024879,123793.6330308762,0.0,4.681369047618887,12815.935992092885,10286.458406738097,48,LP,0.004536199994618073
baseline,2025-07-30,,5507.365807724868,5620.99651989418,65534.329540211605,11679.828973178428,138424.36443333334,40507.33748249417,74652.36370413897,115159.70118663313,0.0,6.163809523809277,15802.489541651961,12697.748887785709,30,LP,0.004582399997161701
baseline,2025-07-31,,5620.99651989418,5691.316717089949,65393.43751854789,12262.62946188095,137423.31371666663,40403.59783141281,78902.51131332865,119306.1091447415,0.0,47.37208571428562,15002.160266166957,12088.461638119044,36,LP,0.004814599989913404
baseline,2025-08-01,,5691.316717089949,10485.674010000002,65507.67431804819,0.0,92719.4241,40455.12400288197,0.0,40455.12400288197,23911.48252839506,13138.943885449742,15215.614073251028,8009.7258357142855,0,LP,0.005054100009147078
baseline,2025-08-02,,10485.674010000002,10203.953189074076,59388.685272251605,0.0,91562.24421666664,37825.094006118015,0.0,37825.094006118015,23604.065902057617,13193.171203203998,10094.58932889476,8430.166095238092,0,LP,0.004532499995548278
baseline,2025-08-03,,10203.953189074076,5229.681631296296,58592.57300205763,3052.4141149761904,138062.48614999998,37428.849044437484,19440.587152372394,56869.43619680988,0.0,316.5070311875485,15609.707918489117,17120.7078159762,17,LP,0.004488900012802333
baseline,2025-08-04,,5229.681631296296,5159.414307804233,62465.31596507936,6235.3372938318635,138312.10694999996,38995.891898245965,40098.38464483501,79094.276543081,0.0,0.0,17622.30929853028,14337.311122952382,24,LP,0.0047752000100445
baseline,2025-08-05,,5159.414307804233,5276.774450238095,60687.01379318049,7588.365476476193,136458.4972833334,38114.519138313044,45958.69584175235,84073.21498006539,0.0,0.0,15881.291621751905,12758.222085428573,31,LP,0.0054361000075004995
baseline,2025-08-06,,5276.774450238095,5370.380754417988,59147.42043662551,11700.472141452383,136716.0878,37351.766601206844,72601.37051349314,109953.13711469996,0.0,0.4566666666665924,13941.005110435037,11207.968465690474,29,MILP,0.07968540000729263
baseline,2025-08-07,,5370.380754417988,5463.149066455026,58656.78257610229,8012.2431300476255,136850.75446666667,37093.75231801305,45515.620492312875,82609.37281032589,0.0,0.0,16829.20513324515,13548.16467709523,32,MILP,0.03428859999985434
baseline,2025-08-08,,5463.149066455026,10657.347859021165,58242.21820602586,0.0,90703.2161166667,36793.75941977415,0.0,36793.75941977415,27506.698164638437,7187.012335714285,16308.197591387425,8534.861135714285,0,MILP,0.09235869999974966
baseline,2025-08-09,,10657.347859021165,10208.681144126984,53128.29983164286,0.0,90303.83175,34546.76282365661,0.0,34546.76282365661,22417.826417136977,9675.92631161082,13244.306033156965,11131.687930261904,0,MILP,0.09677170001668856
baseline,2025-08-10,,10208.681144126984,5388.372872724866,53376.666782190485,9953.358977142856,136535.4447166666,34598.54070363294,60706.25877028357,95304.79947391653,0.0,13.746904761904716,12368.090783333331,14356.430978761908,31,MILP,0.07874070000252686
baseline,2025-08-11,,5388.372872724866,5293.897212063492,57934.10070052908,9498.434581452377,136422.26351666663,36532.81200108103,55178.453628301024,91711.26562938205,0.0,0.0,15559.526543386242,12688.244594738098,35,MILP,0.09280869999201968
baseline,2025-08-12,,5293.897212063492,5543.3280814021155,57983.84321725454,12438.313398761906,136637.59669999994,36528.22936656123,76999.13114347159,113527.36051003283,0.0,0.0,12826.974650587885,10165.36168457143,34,MILP,0.03235709998989478
baseline,2025-08-13,,5543.3280814021155,5739.92504568783,57759.26343774252,10933.321192976186,136547.99718333327,36551.11181525502,65283.82028496525,101834.93210022029,0.0,8.326904761904643,12559.689516313934,9996.411240357143,33,MILP,0.10187869999208488
baseline,2025-08-14,,5739.92504568783,5672.466986851851,57249.59334444444,11454.790723309525,135936.05536666667,36254.66093144904,66317.50041868885,102572.16135013787,0.0,47.90972142857129,14688.924294444449,11958.740931452381,34,MILP,0.068965999991633
baseline,2025-08-15,,5672.466986851851,10212.983665370375,57395.58524188712,0.0,89968.05776666665,36365.89475101395,0.0,36365.89475101395,26017.15195370371,7122.471052380951,15840.896535802469,8744.661183333332,0,MILP,0.09078389999922365
baseline,2025-08-16,,10212.983665370375,10269.226108597884,53154.97816783335,0.0,90183.53035000002,34577.57119289801,0.0,34577.57119289801,24720.201711278358,8822.162487713116,13856.396859318043,11173.063257142854,0,MILP,0.0940759000077378
baseline,2025-08-17,,10269.226108597884,5420.25507420635,53054.05791416666,8629.48865238096,135369.11649999995,34555.991029325356,48984.44350074646,83540.43453007183,0.0,15.835714285714175,15086.269297619043,16583.952062023807,33,MILP,0.09892379998927936
baseline,2025-08-18,,5420.25507420635,5527.3742255026455,57761.40334074075,9731.453109142862,135710.1747166666,36570.528627734435,56076.90925461822,92647.43788235262,0.0,1.945952380952349,15791.513919312169,12694.71903847619,34,MILP,0.09203070000512525
baseline,2025-08-19,,5527.3742255026455,5424.509082566138,57657.08161978248,9434.858970071427,135364.48288333326,36547.280661806224,55798.329459376575,92345.61012118284,0.0,3.044761904761799,15072.707403115815,12301.47162516667,34,MILP,0.09298869999474846
baseline,2025-08-20,,5424.509082566138,5334.005612301587,57689.5340701352,15086.597639095238,135048.05366666662,36499.34757381835,89498.1237644979,125997.47133831627,0.0,0.0,11615.23034632569,9489.7897037619,36,MILP,0.09979579999344423
baseline,2025-08-21,,5334.005612301587,5588.2291786772485,58193.81451975308,10449.657131738091,134971.79889999994,36752.09148878038,63723.407685191865,100475.4991739723,0.0,0.0,13527.641886419753,10728.588718261903,33,MILP,0.09128389999386854
baseline,2025-08-22,,5588.2291786772485,10183.168587539683,57596.820173074666,0.0,90531.73040000003,36451.913812174935,0.0,36451.913812174935,23161.90057228101,6063.974576190476,15815.421876984134,8675.046252380953,0,MILP,0.024788300012005493
baseline,2025-08-23,,10183.168587539683,10123.97162783069,53370.073871214285,0.0,89697.14623333332,34763.973229979434,0.0,34763.973229979434,19508.47121763668,8833.520149647267,13428.176935097006,10930.100581166667,0,MILP,0.10082869997131638
baseline,2025-08-24,,10123.97162783069,5443.155729259259,53602.549899238096,9161.74923095238,135068.0714,34890.0278295529,52906.56405075238,87796.59188030535,263.53933333333356,0.0,15683.70853809524,16916.53822457144,33,MILP,0.10789449998992495
baseline,2025-08-25,,5443.155729259259,5429.346477645503,58323.0997027043,14674.307420285706,134511.61374999996,36939.54631304164,88996.76264068548,125936.30895372714,0.0,0.6471428571428532,11768.954157466202,9545.281194000005,44,MILP,0.12647170000127517
baseline,2025-08-26,,5429.346477645503,5668.271428703705,58618.842629100545,10127.858104579076,134368.9639333333,37139.940512558904,60180.59850868272,97320.53902124161,0.0,55.88988571428604,15510.315835155785,12348.323370523807,33,MILP,0.06126699998276308
baseline,2025-08-27,,5668.271428703705,5443.033551746033,58512.25641731333,11940.921211206933,133788.38209999996,37120.34538132309,72196.9435345502,109317.28891587332,0.0,0.0,14430.225532186949,11891.196770333336,34,MILP,0.09469569998327643
baseline,2025-08-28,,5443.033551746033,5630.593716693122,58705.00359823635,14440.036655952383,134543.81656666673,37259.78025892841,86610.79129410326,123870.5715530317,0.0,70.6452452380953,11251.557248236331,8944.957222619043,45,MILP,0.1354730000020936
baseline,2025-08-29,,5630.593716693122,10354.797827037039,58722.14424079953,0.0,88328.33255000002,37317.877561408306,0.0,37317.877561408306,21201.921182716047,7459.739143474432,17123.578238418573,9618.314673809522,0,MILP,0.11740590000408702
baseline,2025-08-30,,10354.797827037039,9851.601757936507,54177.894200904775,0.0,89025.08758333338,35349.72452873906,0.0,35349.72452873906,24631.962573603756,9095.123452263373,12584.025283656681,10645.936941952385,0,MILP,0.05183410001336597
baseline,2025-08-31,,9851.601757936507,5694.443504682541,54718.98636785713,10574.929939404763,133365.3598333333,35644.61015570963,63713.64119075814,99358.25134646776,0.0,24.82823095238109,12441.618004761905,13819.153011785716,31,MILP,0.07319039999856614
baseline,2025-09-01,,5694.443504682541,6865.712492142858,58802.99050120518,59.14492102380791,121263.61926666668,37362.49450545886,412.32709329065545,37774.82159874951,0.0,522.4535642857136,19533.711767871842,14768.164443261903,2,MILP,0.08555509999860078
baseline,2025-09-02,,6865.712492142858,6709.126253571429,55643.45464500294,2132.2551113333293,121532.82415000007,35464.41473222577,12192.365258824342,47656.77999105014,0.0,393.8704333333329,18236.900461669607,14912.816988666671,13,MILP,0.07823959999950603
baseline,2025-09-03,,6709.126253571429,6305.616227142857,54371.67062918872,4082.3094321904728,121433.71643333333,34405.56946990013,26924.63334376342,61330.20281366356,0.0,222.21952857142855,16037.90687680776,13353.863594,15,MILP,0.10311409999849275
baseline,2025-09-04,,6305.616227142857,6313.995284074074,53366.86659085831,4468.78057421429,121061.17303333328,33547.45250655103,27399.91839402118,60947.37090057221,203.90813333333412,253.17827380952372,18133.968719429748,14680.973511499997,17,MILP,0.08595049998257309
baseline,2025-09-05,,6313.995284074074,10800.0,52125.16577457378,0.0,75132.98044999999,32630.197345885128,0.0,32630.197345885128,28269.053770987655,10057.617184097584,15456.99425520283,8482.761102380951,0,MILP,0.10321760000078939
baseline,2025-09-06,,10800.0,10765.785978835978,46211.0301190476,0.0,75826.37416666665,29643.866385170244,0.0,29643.866385170244,24784.952738653734,11159.586672369196,13558.945405643735,11013.538397619046,0,MILP,0.07635459999437444
baseline,2025-09-07,,10765.785978835978,5813.26843058201,44903.399249999995,8273.790479690484,120781.00903333336,28602.129098864516,48005.55396729404,76607.68306615857,0.0,49.611666666666906,13809.790735714289,15643.196289357138,28,MILP,0.07953200000338256
baseline,2025-09-08,,5813.26843058201,5398.727595661376,48262.69832918871,13264.972306714286,121400.59243333335,29552.891512796075,80461.5377754586,110014.42928825475,0.0,0.0,13185.199231569663,11053.098129000004,36,MILP,0.10981379999429919
baseline,2025-09-09,,5398.727595661376,5490.090794761904,49078.90687995297,8797.96835197619,121082.23558333333,29993.24046077855,51059.11425081293,81052.35471159151,1296.1437166666663,18.397380952381127,17775.12099185773,14315.621124214289,27,MILP,0.08498460002010688
baseline,2025-09-10,,5490.090794761904,5565.040629021165,49162.45784065256,14635.642112904761,121274.78848333338,30136.948808256344,85831.99233617578,115968.94114443216,0.0,0.0,12708.665540652557,10226.564237095241,37,MILP,0.09791710000718012
baseline,2025-09-11,,5565.040629021165,5694.826345238098,49335.77776719574,8567.279804357142,120746.77835000001,30176.220017287145,48746.85938042246,78923.07939770959,868.5736500000008,13.932619047616527,17935.044076719572,14410.578557547613,28,MILP,0.09985470000538044
baseline,2025-09-12,,5694.826345238098,10451.261620079364,49212.325375778935,0.0,75687.22711666669,30091.366389628765,0.0,30091.366389628765,24038.151201234577,6168.39459905937,16701.745411199296,9247.622035714285,0,MILP,0.1021861000044737
baseline,2025-09-13,,10451.261620079364,10478.58309087301,44878.0837800238,0.0,75063.58311666665,28302.143516109703,0.0,28302.143516109703,25987.849831787476,8287.262387389768,13533.056598941805,10937.186521428572,0,MILP,0.09832089999690652
baseline,2025-09-14,,10478.58309087301,5266.863644312169,45062.428315833335,12486.701356119042,121237.69566666667,28451.494531308992,74990.43160466677,103441.92613597575,0.0,0.0,11265.01275714286,13815.207835190475,32,MILP,0.09654199998476543
baseline,2025-09-15,,5266.863644312169,5503.6206486507945,50719.27485893591,8880.884784428568,120760.02988333338,30949.087664461415,50247.1911443206,81196.278808782,759.210650000001,10.458876190476417,18686.200947031157,14922.741463190481,29,MILP,0.09766790000139736
baseline,2025-09-16,,5503.6206486507945,5254.267590952381,50629.64694491473,11532.041699119038,121843.35746666664,30898.935850483158,68603.06475249305,99502.0006029762,0.0,0.0,15233.349540152853,12563.43087945238,32,MILP,0.0963497000047937
baseline,2025-09-17,,5254.267590952381,5339.48540531746,51187.28235787771,11781.181713428572,120924.79499999994,31152.627654225762,69960.23764656355,101112.86530078934,0.0,0.0,15429.734938830095,12421.389267523811,35,MILP,0.09972110000671819
baseline,2025-09-18,,5339.48540531746,5673.9318786243375,51162.95086340386,11262.406440047618,120804.1163666667,31163.457112847405,66821.74936648076,97985.20647932823,0.0,21.944569047618984,16559.78837768959,13112.426759952385,31,MILP,0.0954844000225421
baseline,2025-09-19,,5673.9318786243375,10737.228769074072,50986.062819459126,0.0,75287.12646666665,31133.758745048304,0.0,31133.758745048304,19729.90031049382,7344.219790152851,17124.33263547914,9313.742233333334,0,MILP,0.08304860000498593
baseline,2025-09-20,,10737.228769074072,10559.163169232806,46016.17896259523,0.0,75330.72763333337,29073.504504659184,0.0,29073.504504659184,19208.830555129036,8736.558014050557,13608.503683891839,11183.147023809519,0,MILP,0.09678510000230744
baseline,2025-09-21,,10559.163169232806,5659.350767830687,46513.90369054763,9725.134048571426,120862.2829833333,29329.38293576667,59016.748911537,88346.13184730367,0.0,0.0,12428.32324761905,14476.772991833335,26,MILP,0.1013307000102941
baseline,2025-09-22,,5659.350767830687,5466.770266878306,51515.96900467371,11887.475395880956,121218.04173333335,31448.13706133115,71305.40990646597,102753.54696779713,0.0,0.0,15593.405095149912,12803.980577928569,31,MILP,0.10975450000842102
baseline,2025-09-23,,5466.770266878306,5653.0212225925925,51929.909180805385,13280.67964697619,121182.28133333329,31685.298660056746,80883.21032732732,112568.50898738405,0.0,2.810952380952358,15387.033852233977,12295.871560166664,35,MILP,0.06857360000140034
baseline,2025-09-24,,5653.0212225925925,5434.497790555555,51916.33433283362,11966.836698952375,121014.19341666662,31756.39862992442,70193.66894367895,101950.06757360339,0.0,0.9597619047619901,15871.880309024102,13052.894139142862,33,MILP,0.0668807000038214
baseline,2025-09-25,,5434.497790555555,5411.43440626984,52344.3476009406,11148.195126476194,120546.34715000007,31958.820614780398,66555.59839576692,98514.4190105473,0.0,17.130649999999832,16635.369596178713,13495.4064187619,30,MILP,0.10155569997732528
baseline,2025-09-26,,5411.43440626984,10585.252039814815,52598.02555390948,0.0,74194.35371666666,32091.896622092034,0.0,32091.896622092034,17460.80301975309,9434.935133098179,17640.042267724864,9631.998366666665,0,MILP,0.1087600999744609
baseline,2025-09-27,,10585.252039814815,10123.449050291007,47103.488392738065,0.0,75945.77174999997,29748.03007910497,0.0,29748.03007910497,18333.84206987067,8932.416338683126,12902.896972398588,10866.96923821429,0,MILP,0.08298140001716092
baseline,2025-09-28,,10123.449050291007,5327.259563994709,47623.81177854763,13478.167492690476,120389.61958333332,30047.0701088328,81389.5832047921,111436.65331362495,0.0,2.3158500000000686,10150.551538095237,12538.517283523812,35,MILP,0.036726299993461
baseline,2025-09-29,,5327.259563994709,5422.3527185185185,53576.57759435628,12361.372053619045,121111.41479999997,32538.789795609224,74300.53972743345,106839.32952304272,0.0,25.002380952380804,16144.588568165786,12991.532901142855,35,LP,0.004626500012818724
baseline,2025-09-30,,5422.3527185185185,5482.544063994711,53813.37774400352,14669.262873166661,120916.45506666665,32645.706031795067,89103.13288667581,121748.83891847085,0.0,63.95287619047599,15486.004017813048,12489.491043500004,35,LP,0.005109499994432554
baseline,2025-10-01,,5482.544063994711,5966.366437671958,54261.59244870663,3018.357259952384,117218.45471666665,32825.95037410348,18188.891995869453,51014.842369972925,2878.195350000001,236.46370952380948,21412.25778680187,16908.488670999992,10,LP,0.004931200004648417
baseline,2025-10-02,,5966.366437671958,6090.766409074074,52181.5160245444,4364.6266808809505,117231.7097833333,31708.133769413445,23829.244921964648,55537.37869137812,623.4338833333363,231.93792142857166,20252.77794597295,16292.790161976196,18,MILP,0.08502619998762384
baseline,2025-10-03,,6090.766409074074,10800.0,51331.919518018796,0.0,71524.19113333334,31039.89798673178,0.0,31039.89798673178,24423.482232304526,11754.249183539087,16309.074580746628,8972.040178571428,0,MILP,0.08919840000453405
baseline,2025-10-04,,10800.0,10775.819841269842,45717.62299523808,0.0,72397.41483333331,28455.928996327137,0.0,28455.928996327137,19239.655618253957,10931.41118674309,13012.294209288662,10561.720452380952,0,MILP,0.0862683999876026
baseline,2025-10-05,,10775.819841269842,5730.654213042328,45262.17701904761,7745.403828595243,117604.42090000003,27993.883515269517,44572.684646014095,72566.56816128363,0.0,0.0,14801.414980952377,16529.79519997619,26,MILP,0.09835089999251068
baseline,2025-10-06,,5730.654213042328,5537.482740661376,50121.85787139919,10622.874799500001,117896.13613333333,29828.503778759827,63791.40495720341,93619.90873596324,0.0,0.0,16765.672347589647,13754.048926690471,31,MILP,0.07776499999454245
baseline,2025-10-07,,5537.482740661376,5544.460052433864,49851.973170899466,11189.381025452381,117357.17863333324,29511.321123552534,65915.5833564235,95426.90447997606,0.0,6.508809523809532,17142.12003280423,13878.837645976188,32,MILP,0.09791889999178238
baseline,2025-10-08,,5544.460052433864,5510.559619285715,49238.1005286596,10556.719985190472,117391.06235000005,28975.37741921529,61473.28356961903,90448.66098883428,0.0,0.0,17614.922300088183,14298.597452904762,29,MILP,0.0991024999821093
baseline,2025-10-09,,5510.559619285715,5636.054229920634,49600.443996061134,9942.80775195238,117432.9897333333,29163.729715244215,57830.164697390304,86993.89441263452,0.0,0.0,19317.499553203997,15534.22948852381,28,MILP,0.06963819998782128
baseline,2025-10-10,,5636.054229920634,10800.0,49850.52942639624,0.0,72371.53011666666,29370.753649070764,0.0,29370.753649070764,24025.960815020582,8416.571688242211,17983.341123133458,9918.955116666666,0,MILP,0.040550800011260435
baseline,2025-10-11,,10800.0,10751.373015873016,44681.54974285713,0.0,71790.96475,27276.4060324,0.0,27276.4060324,18734.473329276894,9334.271255026451,13422.399268077603,10915.907692857143,0,MILP,0.0519796000153292
baseline,2025-10-12,,10751.373015873016,5244.1549874338625,44847.53356666666,11010.885088500005,117709.38418333342,27378.76218756761,66602.36126492017,93981.12345248782,0.0,0.0,12105.046828571432,14761.584156738087,31,MILP,0.09477940000942908
baseline,2025-10-13,,5244.1549874338625,5543.20948878307,51037.40068054085,9913.201294476194,117677.75383333332,30019.73735613699,59284.968849056364,89304.70620519336,0.0,0.0,19231.882230540854,15308.675555523801,29,MILP,0.09628579998388886
baseline,2025-10-14,,5543.20948878307,5347.900862195767,50788.57704370958,13093.285081119046,118032.22918333327,29919.63092437786,77903.76397293677,107823.39489731465,0.0,0.0,17283.2137127572,14175.180871261911,33,MILP,0.10162649999256246
baseline,2025-10-15,,5347.900862195767,5574.884125026456,51350.70521181655,13781.249923190473,117342.48076666666,30228.108924385364,83622.31806355923,113850.42698794462,0.0,0.0,15829.718676102293,12617.787191095238,33,MILP,0.09497639999608509
baseline,2025-10-16,,5574.884125026456,5786.139369920634,51352.09610270428,15041.10224385714,117733.27633333336,30275.574311919067,90990.95533523551,121266.52964715457,0.0,20.919873809523892,16924.609486037618,13518.803963285714,38,MILP,0.06790920000639744
baseline,2025-10-17,,5786.139369920634,10800.0,51567.6186532628,0.0,71943.17253333335,30463.619032536863,0.0,30463.619032536863,17493.250480335097,10150.863839741329,17930.686576043503,10011.381559523807,0,MILP,0.09378910000668839
baseline,2025-10-18,,10800.0,10757.547354497354,46091.18447380953,0.0,71656.70145000001,28212.415182132372,0.0,28212.415182132372,17746.80754021164,10001.384188653732,12129.509785420341,9863.110307142855,0,MILP,0.03178450002451427
baseline,2025-10-19,,10757.547354497354,5432.327025767196,46377.30505191064,14858.084565238092,117991.24738333332,28334.095855913427,90555.54786830847,118889.64372422193,0.0,0.0,11275.607261434447,13925.94017761905,38,LP,0.0050140999956056476
baseline,2025-10-20,,5432.327025767196,5295.970071243385,53071.9237319224,14308.100966558493,117903.31865000003,31292.124710198026,86559.66394735247,117851.78865755055,0.0,0.0,16115.59784676661,13176.355514952387,36,LP,0.005232700001215562
baseline,2025-10-21,,5295.970071243385,5348.1323773015865,54285.01255532039,15113.385271647261,117800.84898333332,31900.790394493102,91605.01346136615,123505.80385585924,0.0,0.7776190476191687,15200.488328777192,12265.449470857146,40,LP,0.004996900010155514
baseline,2025-10-22,,5348.1323773015865,5459.433611984126,55045.138022251616,13899.390640619047,117671.98653333336,32260.190349689925,82877.1756516897,115137.36600137962,0.0,0.0,17312.951850823047,13923.319887952382,36,LP,0.004921999992802739
baseline,2025-10-23,,5459.433611984126,5649.007863439154,55435.87365667255,11648.577291202231,117212.01551666661,32527.575540742884,70275.31522031299,102802.89076105584,0.0,0.0,18601.774148589066,14896.820234047625,29,LP,0.005177200015168637
baseline,2025-10-24,,5649.007863439154,10800.0,55282.59120549676,0.0,72135.5185333333,32444.053608448114,0.0,32444.053608448114,16348.138429688417,12367.136569870667,18480.908244032926,10333.642754761902,0,LP,0.005493000004207715
baseline,2025-10-25,,10800.0,10778.653439153439,49907.7473898589,0.0,72042.78699999997,30324.072820173777,0.0,30324.072820173777,15630.564354614933,12578.320397795418,12208.641099353319,9908.211195238098,0,LP,0.006185299978824332
baseline,2025-10-26,,10778.653439153439,5503.937822222223,50408.2670398589,11661.924238629332,117422.34435000003,30661.11661826961,71980.80857137078,102641.92518964042,0.0,0.0,11963.806931893003,14437.927670071429,30,LP,0.005403200018918142
baseline,2025-10-27,,5503.937822222223,5391.407176190476,56355.776839065235,11025.524372775137,117790.56431666661,33119.73645300395,68082.88570786046,101202.62216086443,0.0,166.64608095238066,19807.110766578484,16145.03730235714,30,LP,0.0049817000108305365
baseline,2025-10-28,,5391.407176190476,5504.687468809523,56357.51422172251,13026.967505764254,117514.14480000001,33164.600042701175,80065.90223843727,113230.50228113846,0.0,2.281223809523908,17409.613370105817,13999.834566428575,31,LP,0.004854600003454834
baseline,2025-10-29,,5504.687468809523,5460.030378888889,56161.721055820104,15996.158341724873,117721.61451666661,33146.83363936465,98128.39105357452,131275.2246929392,0.0,0.0,15188.494623544973,12342.872026,41,LP,0.005418299988377839
baseline,2025-10-30,,5460.030378888889,5603.835881878308,56759.81945526162,11655.034138060264,116916.07056666665,33478.57705023393,71931.96441756924,105410.5414678032,0.0,0.0,18408.478898059962,14781.442954738093,30,LP,0.005067799997050315
baseline,2025-10-31,,5603.835881878308,10800.0,56801.521279365064,0.0,71748.98903333335,33564.229913965646,0.0,33564.229913965646,11693.750161463844,13062.848636419749,18232.014255291007,10091.383840476188,0,LP,0.004674099996918812
baseline,2025-11-01,,10800.0,10756.351851851852,51821.705987771915,0.0,71974.20948333332,31589.211272763496,0.0,31589.211272763496,13150.181629629624,13877.800916901824,12047.201796002351,9797.516788095238,0,LP,0.005036199989262968
baseline,2025-11-02,,10756.351851851852,5501.917761772486,52322.86430285125,13951.353036214286,117843.23631666665,31866.04998417522,85127.70768219006,116993.75766636526,0.0,0.0,11614.863614756021,14137.030209023813,34,LP,0.005226599983870983
baseline,2025-11-03,,5501.917761772486,5354.370966746031,58774.387626131684,13655.894944144035,117808.91503333332,34721.738278500605,84590.9891723173,119312.72745081793,0.0,0.0,16095.496855085245,13170.144568142852,36,LP,0.005004700011340901
baseline,2025-11-04,,5354.370966746031,5389.513187724868,59787.71943518518,11502.548708595237,117396.61073333328,35213.61834833815,70670.66813859419,105884.28648693235,0.0,88.6676190476187,18894.213118518517,15272.68462711905,33,LP,0.0052977000013925135
baseline,2025-11-05,,5389.513187724868,5424.477385846561,59978.41412577894,13126.453335904762,117764.4076166667,35363.76104788785,80295.88401994274,115659.64506783054,0.0,0.0,17870.41903530276,14443.571640285714,34,LP,0.005472600023495033
baseline,2025-11-06,,5424.477385846561,5546.864933809523,59994.32762236919,14700.99755638095,117713.09413333329,35395.86609691174,88460.69762501893,123856.56372193062,0.0,0.0,16924.167555702523,13598.426926952388,36,LP,0.005077300011180341
baseline,2025-11-07,,5546.864933809523,10800.0,60798.46468398001,0.0,72212.37866666667,35893.007383263975,0.0,35893.007383263975,13361.391542768952,15856.082740270433,18603.721358083483,10341.192740476192,0,LP,0.0049060000164899975
baseline,2025-11-08,,10800.0,10750.738624338625,54866.63377260434,0.0,72034.86681666666,33437.27299502601,0.0,33437.27299502601,12926.998761934157,15953.941024985304,11783.274335684895,9588.78745,0,LP,0.005596399976639077
baseline,2025-11-09,,10750.738624338625,5532.798412883599,55094.11382233981,13891.856453077597,117877.6701666666,33582.836457392186,85617.10836942634,119199.94482681846,0.0,0.0,12291.048854703118,14651.895762619053,34,LP,0.005687099997885525
baseline,2025-11-10,,5532.798412883599,5496.904638915344,61266.309402880644,15680.025929166964,118420.10276666663,36253.12451178024,96022.1790356556,132275.30354743588,0.0,0.0,16422.087519047618,13334.195287,42,LP,0.004947799985529855
baseline,2025-11-11,,5496.904638915344,5314.685723888889,61937.07306449149,12931.634224278952,117957.86745000003,36736.1081150679,78911.52779186239,115647.63590693033,0.0,0.0,18282.550766460907,14972.863144357134,33,LP,0.004788699996424839
baseline,2025-11-12,,5314.685723888889,5489.117996666666,62716.74460176367,12074.729593952386,117416.71383333333,37188.68273171807,73209.61134415453,110398.29407587259,0.0,0.0,19360.512632716047,15525.026186999992,34,LP,0.005029899999499321
baseline,2025-11-13,,5489.117996666666,5667.506635899471,62704.52935249853,13219.032538880956,117780.10726666663,37258.93737836089,82299.4245864843,119558.36196484521,0.0,0.0,17721.793681069958,14194.103106357135,35,LP,0.005636499990941957
baseline,2025-11-14,,5667.506635899471,10800.0,62666.93984776601,0.0,71737.89309999999,37265.30159174737,0.0,37265.30159174737,10398.833404644327,16774.835680423286,17239.849657936506,9345.034195238099,0,LP,0.004759400006150827
baseline,2025-11-15,,10800.0,10782.54126984127,57595.56781810699,0.0,72466.97681666666,35226.587724859186,0.0,35226.587724859186,9998.695553057021,17110.62640214579,12053.009491475606,9778.650545238093,0,LP,0.0051518999971449375
baseline,2025-11-16,,10782.54126984127,5300.856931216931,58260.82874800115,13737.80321862522,118360.27023333324,35660.99682710882,82819.49112949816,118480.48795660693,0.0,0.0,13145.281516078776,15581.19393278572,36,LP,0.005057300004409626
baseline,2025-11-17,,5300.856931216931,5447.830028412698,64786.57103850675,11754.752119452376,117269.71064999998,38504.1055222701,70357.2559051385,108861.36142740857,0.0,0.4942142857144063,19541.04643612581,15695.971825785717,33,LP,0.004986499989172444
baseline,2025-11-18,,5447.830028412698,5404.121489735449,64451.34940532038,13743.136453857136,117783.68649999997,38330.06830968229,84385.32681493851,122715.39512462077,0.0,0.0,17596.16689817754,14292.232872333338,36,LP,0.0055176000169012696
baseline,2025-11-19,,5404.121489735449,5299.872055952381,64991.10717398587,13897.565683595234,118179.70134999994,38614.177838761694,82963.80791735415,121577.98575611581,0.0,0.0,19022.03025255732,15501.668994976191,35,LP,0.005188300012378022
baseline,2025-11-20,,5299.872055952381,5595.206514973546,65746.56716834212,12982.888511666659,117846.45723333335,39060.90732761492,79502.28750078307,118563.19482839802,0.0,7.265952380952285,19280.593058818336,15351.479364523813,33,LP,0.005546400003368035
baseline,2025-11-21,,5595.206514973546,10800.0,65768.68880887712,0.0,71999.17709999997,39159.138411218344,0.0,39159.138411218344,10055.395714344508,18905.261698706632,17154.38522439741,9210.737895238095,0,LP,0.004993899987312034
baseline,2025-11-22,,10800.0,10754.176719576719,60169.04405423283,0.0,72549.91013333337,36847.70807065604,0.0,36847.70807065604,9442.362633333336,18299.530606055258,11834.538336272783,9627.217004761906,0,LP,0.005738100007874891
baseline,2025-11-23,,10754.176719576719,5450.365848650793,60508.72030723103,12674.37001499794,117782.69220000003,37062.54868379091,74364.925885711,111427.4745695019,0.0,0.0,14339.072751205174,16388.078712309532,33,LP,0.0048556999827269465
baseline,2025-11-24,,5450.365848650793,5236.717096693121,66514.38937595532,11252.188538404762,117975.6878166666,39613.235648287206,68531.29872736176,108144.53437564893,0.0,6.933809523809259,19947.285692621987,16349.585287785712,31,LP,0.00531460001366213
baseline,2025-11-25,,5236.717096693121,5375.107406851851,66976.76212848326,13008.404344095236,117682.39221666665,39855.463680001354,78046.97455996327,117902.43823996461,0.0,0.5628999999998996,19428.3780356261,15612.434929714283,33,LP,0.005354299995815381
baseline,2025-11-26,,5375.107406851851,5461.7766964550265,66992.29696713698,13438.455674595247,117686.43673333332,39934.71280597325,81388.45453305834,121323.1673390316,0.0,0.0,18921.491567136978,15248.405808738087,37,LP,0.004651700000977144
baseline,2025-11-27,,5461.7766964550265,5712.339645502646,67103.64934494413,12642.532482952378,117198.14165,40001.423221512094,77299.84278492181,117301.26600643391,0.0,0.0,19683.065475896525,15717.776381333337,33,LP,0.0048430000024382025
baseline,2025-11-28,,5712.339645502646,10800.0,66965.37452463254,0.0,72239.02128333332,39992.72934943758,0.0,39992.72934943758,9046.52454391535,19098.573417283947,17474.440496766605,9575.402483333331,0,LP,0.0050069999997504056
baseline,2025-11-29,,10800.0,10740.949735449736,61602.713686831274,0.0,72156.19988333333,37875.99836802056,0.0,37875.99836802056,5637.906916666666,18890.976309053498,11565.92420634921,9421.543845238095,0,LP,0.0049863000167533755
baseline,2025-11-30,,10740.949735449736,5333.308540476191,62371.65567278072,15466.55645206085,118008.83443333332,38297.45613076518,93277.97715559584,131575.43328636102,0.0,0.0,12948.74254553204,15355.358537357126,38,LP,0.005126100004417822
baseline,2025-12-01,,5333.308540476191,5199.396131931216,69135.70626707816,20658.16304925632,125291.39163333336,41281.76774560471,119510.75266862212,160792.52041422686,0.0,0.0,19028.75131942974,15533.80973642856,48,LP,0.005860600009327754
baseline,2025-12-02,,5199.396131931216,5272.9192984126985,71173.33568342154,21197.661599380957,125400.62360000004,42518.24838593562,123945.03447842867,166463.28286436424,0.0,0.0,19300.086752469128,15566.89941966666,47,LP,0.004914899996947497
baseline,2025-12-03,,5272.9192984126985,5259.379426904761,72882.95943054145,17990.998813095233,124622.93113333329,43737.25780055721,106646.08324872478,150383.34104928197,0.0,0.0,19596.818743827163,15885.609066857138,45,LP,0.005008300009649247
baseline,2025-12-04,,5259.379426904761,5502.754803386243,74373.67398419311,16640.53653421429,125336.25094999997,44730.55819279914,97349.17267820699,142079.73087100615,0.0,0.0,21178.757524074063,16935.755755666672,40,LP,0.00539449998177588
baseline,2025-12-05,,5502.754803386243,10800.0,75669.34761833276,0.0,78868.07108333331,45717.72197132855,0.0,45717.72197132855,5225.538533333333,20973.147008612574,17850.072190005878,9691.03779695238,0,LP,0.005929300008574501
baseline,2025-12-06,,10800.0,10761.177513227512,71299.27773251025,0.0,79470.82115,44305.57576364051,0.0,44305.57576364051,4422.136133333333,20976.020390329202,11954.898054085843,9718.407661904765,0,LP,0.005446800001664087
baseline,2025-12-07,,10761.177513227512,5328.615760529101,72600.88596707817,13123.276218833333,125067.46291666671,45199.863005635714,79237.73135597077,124437.5943616065,0.0,0.0,15583.086912316285,17511.605976404757,34,LP,0.005026400001952425
baseline,2025-12-08,,5328.615760529101,5562.474419417988,79714.42796343325,12394.012575761908,124410.3539333333,48479.404644395145,75374.30296346053,123853.7076078557,0.0,1.076040476190542,21314.108363433264,17053.954981380943,33,LP,0.005885999999009073
baseline,2025-12-09,,5562.474419417988,5534.451632460317,79688.38407089945,11892.572995833332,124694.68108333329,48502.6141109734,71719.17891910246,120221.7930300758,0.0,0.0,22198.54372804233,18006.040927976188,34,LP,0.00505219999467954
baseline,2025-12-10,,5534.451632460317,5309.46670510582,79554.40256760732,12630.081433809515,124378.76451666663,48421.281410625124,76289.03338085773,124710.31479148277,0.0,0.0,21049.220891416808,17252.355356666674,34,LP,0.004668300010962412
baseline,2025-12-11,,5309.46670510582,5685.799839206348,79982.25235714283,10522.092086714285,123787.79896666658,48667.39166664209,62661.763161021576,111329.15482766365,0.0,0.0,22128.36801666666,17585.278272809523,31,LP,0.0047147999866865575
baseline,2025-12-12,,5685.799839206348,10800.0,79446.40652204584,0.0,78661.70368333337,48385.14902429226,0.0,48385.14902429226,3436.750499999999,24488.31625764258,16863.92703345091,9057.000752380953,0,LP,0.005681800015736371
baseline,2025-12-13,,10800.0,10746.461375661376,74096.7835664609,0.0,78840.15755000003,46200.413089058406,0.0,46200.413089058406,3541.519087154611,24629.465606937094,11449.73816284539,9322.472673809523,0,LP,0.004678299999795854
baseline,2025-12-14,,10746.461375661376,5378.209880793651,74194.68339832453,12759.490057619048,124522.58585000002,46285.74427645447,76149.33732655142,122435.0816030059,0.0,0.0,15825.673691181652,17650.222035238094,34,LP,0.0050799000018741935
baseline,2025-12-15,,5378.209880793651,5390.254616984127,80320.5478110229,13129.494866666666,124305.22548333331,48903.148129166984,78079.47307274966,126982.62120191663,0.0,0.0,20892.865518165785,16912.380807142854,34,LP,0.004659500002162531
baseline,2025-12-16,,5390.254616984127,5348.132264074075,80539.03774817752,12903.331428428572,124646.94338333338,49050.88814507153,76304.77603714993,125355.6641822214,0.0,0.0,21379.93663627278,17355.658793000006,34,LP,0.004584999987855554
baseline,2025-12-17,,5348.132264074075,5420.836599788358,80891.90772339802,11548.414002166674,124466.55465000003,49220.36363091539,68464.22936267598,117684.59299359142,0.0,0.0,22016.003982921808,17767.529324023806,33,LP,0.004962400009389967
baseline,2025-12-18,,5420.836599788358,5579.299584021164,80788.75229397415,11270.425391761903,124315.3592666666,49165.102009453316,65495.08530361658,114660.18731306985,0.0,163.78169761904815,23086.90702968842,18557.77800823809,32,LP,0.005098599998746067
baseline,2025-12-19,,5579.299584021164,10800.0,80852.84792504409,0.0,78593.32543333336,49263.77237420713,0.0,49263.77237420713,4122.653766255148,25852.77329250441,17212.627325808342,9243.59775952381,0,LP,0.0049032000242732465
baseline,2025-12-20,,10800.0,10772.621693121693,74935.66572986478,0.0,78668.52011666668,46785.77544826327,0.0,46785.77544826327,4464.3790716637295,25402.83683106995,11772.305543797762,9560.207966666667,0,LP,0.0052866000041831285
baseline,2025-12-21,,10772.621693121693,5483.162015185185,74813.68574262202,12478.356000214577,124376.4409666666,46688.59515330757,74407.70689184415,121096.30204515171,0.0,0.0,15867.229401646086,17612.96952547619,33,LP,0.005062899988843128
baseline,2025-12-22,,5483.162015185185,5511.393619047618,80726.32111619634,12415.187077309525,124718.45381666665,49158.40472727623,73699.69030331672,122858.0950305929,0.0,0.0,21993.01403524397,17788.932925071425,34,LP,0.0054382999951485544
baseline,2025-12-23,,5511.393619047618,5418.36873994709,80612.6554957966,10813.760981047615,123956.6545666666,49115.738601547164,64777.242550031384,113892.98115157856,0.0,12.65663809523835,22312.57735055849,18156.91004514286,31,LP,0.004591400007484481
baseline,2025-12-24,,5418.36873994709,5436.3292966402105,80385.01876593179,11767.786639547621,123954.37128333331,48946.37987729138,70301.49723165778,119247.87710894916,0.0,24.716190476190263,22407.186301646092,18133.656403309513,32,LP,0.004942300001857802
baseline,2025-12-25,,5436.3292966402105,5753.061776455026,80331.3333355085,11876.834804547625,123789.85790000002,48965.52287896108,71242.05266723168,120207.57554619273,0.0,0.8542857142856519,21630.55836407995,17235.69304307142,32,LP,0.0051404999976512045
baseline,2025-12-26,,5753.061776455026,10800.0,80012.39931740148,0.0,78270.30764999997,48829.45215185263,0.0,48829.45215185263,3877.3683333333347,25364.58313733098,16950.426380070552,9187.600966666669,0,LP,0.004454800015082583
baseline,2025-12-27,,10800.0,10767.775396825396,74434.06199382714,0.0,78409.18393333335,46497.36740049908,0.0,46497.36740049908,3795.5329469723697,25200.24327389769,11202.520258671371,9103.043552380956,0,LP,0.004996899981051683
baseline,2025-12-28,,10767.775396825396,5587.686175185187,74539.89350355671,10772.457358357144,123511.26974999998,46565.633657220205,63258.02668335008,109823.66034057026,0.0,0.0,16658.82321784244,18155.727105928574,32,LP,0.005406000011134893
baseline,2025-12-29,,5587.686175185187,5319.963187698413,79950.44194097586,11383.983020309523,123677.30638333333,48741.95210387886,68764.88132348798,117506.83342736683,0.0,0.0,21324.25991240447,17513.601217785716,31,LP,0.004604399990057573
baseline,2025-12-30,,5319.963187698413,5399.023938492063,80039.75134603174,10509.621370119037,123526.50904999998,48689.47825649289,61223.433289478475,109912.91154597135,0.0,12.564928571428482,22322.37111507937,18009.965927500012,31,LP,0.005430899997008964
baseline,2025-12-31,,5399.023938492063,5278.185637248676,79779.80027463258,12825.196607119047,123791.70508333332,48543.2892368428,76163.94825715153,124707.23749399431,0.0,0.0,21406.991681775427,17448.417733357146,32,LP,0.005023100005928427
q0.6,2025-05-01,0.6,5883.783935343915,5399.276439222222,50464.56710350382,4482.620037914278,120364.58391666667,30389.858143262285,27452.418491289143,57842.27663455141,868.8414276190507,46.41139476190483,18192.6961344562,15172.140615419052,18,LP,0.004937200021231547
q0.6,2025-05-02,0.6,5399.276439222222,10800.0,51602.02997806583,0.0,74761.02673333335,31158.25094310455,0.0,31158.25094310455,20009.24776563786,9400.85346760729,16005.039246249271,8103.430584761904,0,LP,0.00473080002120696
q0.6,2025-05-03,0.6,10800.0,10634.06640451852,47729.22210254762,0.0,74894.84928333333,29865.990865110394,0.0,29865.990865110394,24435.838383074668,12517.206041552026,10833.401388706636,8924.395360785715,0,LP,0.004804500000318512
q0.6,2025-05-04,0.6,10634.06640451852,5649.361350216932,48993.45148031428,1122.1298234285723,120670.08423333336,30636.58248265512,7103.69671796796,37740.27920062309,0.0,228.8371333803572,13885.849399476787,15733.772562447624,8,LP,0.004764699988299981
q0.6,2025-05-05,0.6,5649.361350216932,5728.691419291005,54924.54732649029,3743.0474059285693,120612.16386666658,33290.22448811146,23910.403652735014,57200.62814084648,0.0,33.48807333333298,18351.067352204587,14792.967493119046,16,LP,0.004782699979841709
q0.6,2025-05-06,0.6,5728.691419291005,5647.807993878308,54735.73712222222,1941.461626799993,121017.19009999998,33403.61042740435,11225.462731579772,44629.073158984116,0.0,125.2259752380952,19761.50257888889,16079.612171771436,17,LP,0.004604099987773225
q0.6,2025-05-07,0.6,5647.807993878308,5896.092033148148,55664.59530666078,3353.5443134285792,121160.21501666667,33924.35199308745,22650.69484444348,56575.04683753091,0.0,196.0133452380951,18583.28783951793,14829.00751466666,7,LP,0.004805300006410107
q0.6,2025-05-08,0.6,5896.092033148148,6131.78319994709,56343.241176202224,3094.4478254095316,120445.47738333329,34553.34522467149,20941.28742928655,55494.63265395805,0.0,116.99496523809535,17273.997822392696,13779.816186019041,5,LP,0.0052460999868344516
q0.6,2025-05-09,0.6,6131.78319994709,10800.0,56861.85894805997,0.0,74253.82544999999,34708.27937409067,0.0,34708.27937409067,24775.09396152263,16626.805260358607,14521.993453321575,7561.4195771428585,0,LP,0.004814299987629056
q0.6,2025-05-10,0.6,10800.0,10800.0,50850.93100286668,0.0,74647.98705,32113.57080542428,0.0,32113.57080542428,21493.30907427983,15534.030328833744,8960.770086419758,7258.2237700000005,0,LP,0.004974699986632913
q0.6,2025-05-11,0.6,10800.0,5933.290916153441,51338.160367037046,2358.8342627047687,120743.09041666662,32278.99021778609,16061.610973813618,48340.60119159971,0.0,253.3272647619052,12313.823458465607,14354.23517681904,5,LP,0.0054390000004787
q0.6,2025-05-12,0.6,5933.290916153441,6222.052100740742,57287.52052519103,372.9665381714286,120448.60361666663,34777.94207218707,2494.91305629341,37272.85512848048,1661.3935371310945,413.58773883009843,17865.397304944156,14211.08675087619,4,LP,0.004922200023429468
q0.6,2025-05-13,0.6,6222.052100740742,6119.78267937566,56342.25227034686,550.6535014095168,120269.63160000001,34383.21369570179,3754.615002648932,38137.82869835072,0.0,291.61212446795776,18758.543999212226,15286.463118590485,3,LP,0.004861800000071526
q0.6,2025-05-14,0.6,6119.78267937566,5799.853811878307,56691.890157995294,79.9722570666693,120592.00526666673,34487.02259934939,514.2558246512928,35001.27842400069,0.0,420.1670454379821,19081.48719493826,15743.940608647616,4,LP,0.004872299992712215
q0.6,2025-05-15,0.6,5799.853811878307,6108.126196095238,56421.9127645973,779.1833505428485,119598.30981666666,34216.89544826727,5193.728831487988,39410.62427975525,229.2088820870032,147.51981952380936,19904.547286319816,15845.238156123814,5,LP,0.005092399980640039
q0.6,2025-05-16,0.6,6108.126196095238,10800.0,55507.825602263394,0.0,74681.34474999999,33781.7573728272,0.0,33781.7573728272,30416.890178189296,15578.510013768384,13548.5918603057,6751.672983333333,0,LP,0.005055799992987886
q0.6,2025-05-17,0.6,10800.0,10777.614171428571,49525.46708399526,0.0,75274.53043333333,31187.640550233293,0.0,31187.640550233293,23501.37897511464,13866.5866306702,9099.208634691353,7390.506239814279,0,LP,0.0052933999977540225
q0.6,2025-05-18,0.6,10777.614171428571,5893.962385767196,49286.835696638096,2509.9872139619033,120687.037,31074.367930211796,17030.063884456842,48104.43181466864,0.0,116.85535619047607,12626.768744761908,14622.969290352385,7,LP,0.0052943000046070665
q0.6,2025-05-19,0.6,5893.962385767196,5996.0821222275135,54366.68045707231,195.81916809523705,120072.38798333333,33071.50007223911,1347.146890965707,34418.64696320482,2712.921566114058,711.1377271311019,18585.873784779535,14962.650002857143,3,LP,0.0055081000027712435
q0.6,2025-05-20,0.6,5996.0821222275135,5945.222055063491,53598.60345170486,3815.5872636428635,120437.57771666667,32663.753609880663,25828.838772705356,58492.59238258604,0.0,40.784030476190765,15219.925940276313,12373.91407207142,7,LP,0.004731699998956174
q0.6,2025-05-21,0.6,5945.222055063491,5811.21328421164,53922.59321553203,1564.3106986238117,120283.05128333339,32823.13365309159,10499.91921538568,43323.05286847728,616.2164297648501,277.28311714285724,17638.931461481476,14408.142377566664,5,LP,0.00458399998024106
q0.6,2025-05-22,0.6,5811.21328421164,6437.747787095238,53769.7562739271,1233.4447851571358,119729.6800166667,32845.07104450165,8502.495233542302,41347.56627804394,0.0,132.49493999999936,18369.443420117583,14315.368117700005,2,LP,0.004954100004397333
q0.6,2025-05-23,0.6,6437.747787095238,10800.0,53086.75131790124,0.0,74983.38438333334,32544.436110713745,0.0,32544.436110713745,26578.518891358024,13633.385530229278,13304.584322980603,6850.68631,0,LP,0.004713500005891547
q0.6,2025-05-24,0.6,10800.0,10800.0,49007.25267782856,0.0,74693.81781666666,30900.69341156207,0.0,30900.69341156207,29065.346785373302,14428.505334761903,9257.364075579071,7498.4649012190475,0,LP,0.004647399997338653
q0.6,2025-05-25,0.6,10800.0,6080.1522217037045,48200.008313614264,505.9494800285717,120319.87760000004,30425.95368900507,3083.2390504423292,33509.1927394474,1234.189164838324,407.91177214579363,14561.629862063506,16042.783188738096,6,LP,0.0053696999966632575
q0.6,2025-05-26,0.6,6080.1522217037045,6040.651485486774,52064.01551584951,5188.657018538094,119407.96936666663,32068.962301301483,33817.344022376914,65886.3063236784,0.0,89.33562523809542,13784.498009182833,11200.994050033332,16,LP,0.005056900001363829
q0.6,2025-05-27,0.6,6040.651485486774,5886.647170873015,53078.477356919466,186.99376476190469,120046.82735000004,32523.59143632944,1304.4685029790471,33828.059939308485,0.0,563.1215523750728,18160.979749782484,14848.997480476191,1,LP,0.004487300000619143
q0.6,2025-05-28,0.6,5886.647170873015,5897.377472037037,52676.52189589064,2843.481951638096,119921.84721666662,32254.40331653314,18765.687308796954,51020.09062533008,0.0,98.95752476190421,16513.499745890647,13366.27752312381,10,LP,0.0052755000069737434
q0.6,2025-05-29,0.6,5897.377472037037,6200.007697227512,52983.8346709406,4624.719553233334,120439.31426666665,32324.966964795025,30364.747567893297,62689.71453268831,0.0,197.71551904761918,15938.673697131091,12637.95849200476,15,LP,0.005028500017942861
q0.6,2025-05-30,0.6,6200.007697227512,10800.0,53253.0372690535,0.0,74612.22448333331,32458.07059550818,0.0,32458.07059550818,26333.58121522634,13567.021773268658,13769.515481034688,7013.314467142856,0,LP,0.004653500014683232
q0.6,2025-05-31,0.6,10800.0,10656.811167724867,48415.62081017617,0.0,74778.33258333332,30451.13293326667,0.0,30451.13293326667,24343.240668912404,13986.542403833031,9608.032297254562,7911.376109823816,0,LP,0.00479450001148507
q0.6,2025-06-01,0.6,10656.811167724867,4694.249122216931,49106.217299033335,17743.582682242857,128248.56003333337,30778.4200468237,102208.71141516935,132987.1314619931,0.0,0.0,5217.260643333333,9592.286962057147,66,LP,0.004755100002512336
q0.6,2025-06-02,0.6,4694.249122216931,4826.2172411111105,59413.920491363904,12557.90345186191,128080.53698333332,35610.763816853076,80223.00430283477,115833.7681196878,0.0,13.895412380952394,16833.41986231628,13516.298781471422,35,LP,0.004723499994724989
q0.6,2025-06-03,0.6,4826.2172411111105,5139.242412074073,61624.44431476459,10027.749094429393,128076.84056666664,37162.16659520497,63726.50397102074,100888.67056622573,0.0,0.0,16726.862747336858,13267.036171476186,29,LP,0.004939000005833805
q0.6,2025-06-04,0.6,5139.242412074073,5195.01195284127,64566.96972810109,8257.142957766664,128539.84358333335,39035.987057347586,54546.94986753004,93582.93692487762,0.0,15.013071904762,16387.61163476778,13223.772837471422,24,LP,0.004671200003940612
q0.6,2025-06-05,0.6,5195.01195284127,5528.725798592593,67357.78767621402,7579.441804785719,128455.92066666663,40773.26589631576,49030.95341555205,89804.21931186781,0.0,0.0,18355.62633240447,14567.714868071427,24,LP,0.005225000000791624
q0.6,2025-06-06,0.6,5528.725798592593,10800.0,69794.68637695475,0.0,82747.41500000002,42453.74371792584,0.0,42453.74371792584,10750.59910699589,20537.348118001177,15303.141951005286,7651.398199047618,0,LP,0.004829899989999831
q0.6,2025-06-07,0.6,10800.0,10793.228375132276,67553.81014639622,0.0,83156.75974999997,42338.61729995309,0.0,42338.61729995309,9593.094007460311,25086.67780118754,9229.577018224574,7482.051847142857,0,LP,0.00494259997503832
q0.6,2025-06-08,0.6,10793.228375132276,5947.477818698413,71022.4124354319,110.79813619047638,128266.94665,44665.18458662825,747.1957583314299,45412.38034495969,719.8554833333332,6974.383512686654,13764.335840664313,15510.287531728578,5,LP,0.005004999984521419
q0.6,2025-06-09,0.6,5947.477818698413,6084.88980994709,75105.66612054674,1088.9772520809452,128169.18798333328,46141.575555200485,7513.323425179696,53654.898980380196,0.0,859.8305609523807,22518.048874832453,18115.94879649048,7,LP,0.004734500020276755
q0.6,2025-06-10,0.6,6084.88980994709,5962.336828767196,75390.82297011172,663.9851772476133,127414.49178333324,46360.2737410104,4408.25167047435,50768.525411484756,0.0,261.24087190476166,22554.84592201647,18379.72287989525,8,LP,0.004820000001927838
q0.6,2025-06-11,0.6,5962.336828767196,6001.922775888889,76241.3596723163,4778.5051052999925,128236.67731666668,46873.761554907986,28419.848530852298,75293.61008576029,0.0,688.5095836096482,22164.639604897126,17917.730727557155,20,LP,0.0046153000148478895
q0.6,2025-06-12,0.6,6001.922775888889,6295.595346428572,77498.01195442663,866.5916198523811,127721.81298333338,47845.99983099334,5915.4493434964015,53761.44917448975,0.0,1343.825455579063,22653.05985200471,18084.673166638087,8,LP,0.005419099994469434
q0.6,2025-06-13,0.6,6295.595346428572,10800.0,77469.64973760257,0.0,81889.59039999997,47973.67828738828,0.0,47973.67828738828,12195.735755721342,30208.36378426219,14033.012154761911,7312.775657142858,0,LP,0.004948000016156584
q0.6,2025-06-14,0.6,10800.0,10800.0,72075.45269002378,0.0,82253.15711666664,45633.99008114695,0.0,45633.99008114695,15075.75118841887,29160.8503438154,8660.570567313347,7015.062159523811,0,LP,0.004817100008949637
q0.6,2025-06-15,0.6,10800.0,6234.680967370367,71384.67447691906,23.073834761905232,127368.8845166667,45088.627047140435,155.56522247547935,45244.192269615916,0.0,1514.0451494944286,17765.873464315096,18499.144635461904,3,LP,0.005318499985150993
q0.6,2025-06-16,0.6,6234.680967370367,6187.381927269843,77097.32788495514,728.3872475952442,127618.63201666664,47704.45850165851,4741.86462226943,52446.32312392794,0.0,820.2223995238121,22915.837118159896,18604.397201799995,10,LP,0.005034400004660711
q0.6,2025-06-17,0.6,6187.381927269843,5893.363456936508,77658.26515139034,1649.9046279999966,127311.7546,48036.15266832866,11222.794493729009,59258.94716205767,0.0,673.425023786008,22433.421906513817,18435.6883675762,8,LP,0.0053601000108756125
q0.6,2025-06-18,0.6,5893.363456936508,6233.659661169311,78409.62980467374,39.6623061904761,126909.07891666662,48530.19950968671,267.478486146428,48797.677995833124,0.0,3205.533341416815,21100.533082304515,16785.165212857148,3,LP,0.004585399990901351
q0.6,2025-06-19,0.6,6233.659661169311,6244.258692042329,77104.23674600177,184.33589034285507,127349.06689999993,47599.13104925192,1158.5916309457134,48757.72268019764,715.0238166666666,4112.426008583192,22063.576227942387,17861.957616847616,6,LP,0.005039699986809865
q0.6,2025-06-20,0.6,6244.258692042329,10800.0,76431.16122417676,0.0,81137.07971666669,47098.61099159895,0.0,47098.61099159895,17108.008339808763,30295.644670264555,13298.73782600824,6671.810461904763,0,LP,0.004989900015061721
q0.6,2025-06-21,0.6,10800.0,10800.0,70489.51553075247,0.0,81408.06479999995,44337.30555331361,0.0,44337.30555331361,19500.94494991182,30006.10765423868,8672.223824221048,7024.501297619047,0,LP,0.007857799995690584
q0.6,2025-06-22,0.6,10800.0,6013.417958751321,69528.41296602588,48.386256190476274,126539.46191666664,43677.39288660541,327.5853470847625,44004.97823369017,458.8342666666665,2846.4256904938225,16432.22106410347,17618.022899047624,3,LP,0.004618999984813854
q0.6,2025-06-23,0.6,6013.417958751321,5988.17292478307,74471.66639520868,389.85897004285516,126690.87308333331,45713.353461320025,2628.4391589212105,48341.79262024123,451.8766666666668,3195.045405191063,21979.146441922396,17825.829148528577,8,LP,0.004943600011756644
q0.6,2025-06-24,0.6,5988.17292478307,5964.1208486772475,73330.68364459141,6914.161359427571,127112.84501666667,45108.773745062914,40931.4707821755,86040.2445272384,0.0,237.74854666666636,19789.216188671366,16050.911981319055,27,LP,0.005028299987316132
q0.6,2025-06-25,0.6,5964.1208486772475,5966.131163232803,74248.1462043491,949.071929390479,126310.40843333337,45618.499559057615,6192.36967578121,51810.86923483882,0.0,521.3790152851209,22297.939308883007,18059.521557095242,5,LP,0.004837499989662319
q0.6,2025-06-26,0.6,5966.131163232803,6119.4345541216935,74140.87400965313,479.7879004285719,126697.44536666665,45495.492823952714,2648.9959146190754,48144.48873857178,0.0,2615.4680770252794,22735.98393643738,18278.173936714287,10,LP,0.00484479998704046
q0.6,2025-06-27,0.6,6119.4345541216935,10800.0,73650.17070420927,0.0,79563.255,45168.88593223657,0.0,45168.88593223657,18444.264509988247,28581.075916584366,13898.292156208112,7045.107745238095,0,LP,0.0050768000073730946
q0.6,2025-06-28,0.6,10800.0,10767.964652910054,68091.03008987653,0.0,80661.57279999995,42781.9724659052,0.0,42781.9724659052,16982.25826716049,27760.46117157554,8422.191299235748,6850.806764761905,0,LP,0.004731199995148927
q0.6,2025-06-29,0.6,10767.964652910054,6153.006216169313,68515.99685020575,456.0122193238139,126384.80871666662,43059.219495002675,2277.3855295106114,45336.60502451327,0.0,575.9425890358588,17272.423895931803,18144.125948771423,12,LP,0.0049183999944943935
q0.6,2025-06-30,0.6,6153.006216169313,5683.22267953439,73221.53306119551,909.0711437476093,125947.32058333333,44837.80024875639,5222.810370784063,50060.61061954047,0.0,430.2087652380959,22344.82441759553,18522.11296122382,12,LP,0.004788699996424839
q0.6,2025-07-01,0.6,5683.22267953439,4530.24958189947,73914.88981731072,8165.259991257141,141546.85106666663,45121.43200597817,48418.647708926,93540.07971490422,0.0,385.4679404761922,20346.387487524993,17518.249652766663,32,LP,0.005717100022593513
q0.6,2025-07-02,0.6,4530.24958189947,4694.477754333332,75189.08573208522,4890.136180985716,141198.65821666675,45700.06814570509,29737.422230961867,75437.49037666697,701.0671876190474,2201.6541964550274,21704.888458630223,17433.154296300007,28,LP,0.00579299998935312
q0.6,2025-07-03,0.6,4694.477754333332,5180.892545301587,74682.6142663198,9372.133694814278,141565.53863333337,45606.75378363721,57545.95319246369,103152.70697610092,0.0,69.86304809523836,19929.96140965315,15705.495429947625,33,LP,0.005160800006706268
q0.6,2025-07-04,0.6,5180.892545301587,10079.011821592596,75826.3186633583,0.0,95795.06574999998,46557.244378853364,0.0,46557.244378853364,18444.557455139628,21105.664715796574,15720.640405755441,8325.41138,0,LP,0.004992699978174642
q0.6,2025-07-05,0.6,10079.011821592596,10597.97401378307,71703.92765372721,0.0,95872.83490000002,45228.33911022549,0.0,45228.33911022549,19021.009316672556,21427.180856766612,10518.902845526156,8053.245331904763,0,LP,0.004926800000248477
q0.6,2025-07-06,0.6,10597.97401378307,5600.452092349207,72127.2872356614,6422.2601231428525,141244.57465000002,45770.30543456396,41586.0573220168,87356.36275658078,0.0,370.1198142857148,15174.819598994705,16789.373604476197,24,LP,0.004767200007336214
q0.6,2025-07-07,0.6,5600.452092349207,5718.852977291004,79765.08461247353,384.7570241428574,141495.39414999998,49667.21744276605,2348.9214034881916,52016.13884625425,521.8117833333331,2157.6212113756756,20812.44778312168,16751.521907880946,15,LP,0.0053724999888800085
q0.6,2025-07-08,0.6,5718.852977291004,5952.2396137089945,79920.46574654321,1650.2889632142799,141285.22700000004,49960.34396741298,10907.304660825237,60867.648628238225,0.0,1482.755661904759,22666.12662320988,18149.51459202382,13,LP,0.004926599998725578
q0.6,2025-07-09,0.6,5952.2396137089945,6052.198407846561,79276.57549874188,148.0520797095255,140590.70496666664,49753.225922462254,938.7014175748094,50691.92734003706,0.0,1103.686251158138,21959.228399488537,17697.012088861902,5,LP,0.005054400011431426
q0.6,2025-07-10,0.6,6052.198407846561,6167.416098761906,79007.50721964723,317.70162571904655,140463.54224999994,49617.88946800389,2033.778987769926,51651.66845577381,768.1023253145188,1415.3177227160495,22023.523643045275,17735.358229042864,7,LP,0.005128099990542978
q0.6,2025-07-11,0.6,6167.416098761906,10800.0,77720.05384233393,0.0,94741.08839999996,48959.11163427337,0.0,48959.11163427337,14271.818096296302,23967.586944174014,14697.611267101698,7735.739615238093,0,LP,0.005253100011032075
q0.6,2025-07-12,0.6,10800.0,10800.0,73087.87632935331,0.0,95318.37109999993,47004.22545335672,0.0,47004.22545335672,16432.952664609045,23821.50357953556,9206.193430922995,7457.016679047617,0,LP,0.005271200003335252
q0.6,2025-07-13,0.6,10800.0,6025.943764031746,73447.58276160489,182.38350757142484,139893.36648333335,47185.72876267016,1192.8909622015935,48378.619724871765,2361.1996166666668,3357.2271471252125,15476.156409241634,16832.33730385715,9,LP,0.005355600005714223
q0.6,2025-07-14,0.6,6025.943764031746,6026.505605634921,76791.29497129924,305.20318398571385,141062.42346666663,48349.63496397462,1982.204658704627,50331.839622679254,250.9559086537303,1272.0718312815966,19817.292322316287,16051.501123633332,10,LP,0.005060399998910725
q0.6,2025-07-15,0.6,6026.505605634921,6123.938347142856,76425.0129356261,552.4219417714288,139545.1626666667,48260.858328381095,3849.370727136773,52110.22905551787,0.0,431.35160701939617,19522.85905098766,15725.826363942859,4,LP,0.004751400003442541
q0.6,2025-07-16,0.6,6123.938347142856,6131.223476142859,75725.98843275133,860.3176395952427,140365.26538333335,47799.5281008339,5983.34033590308,53782.86843673698,288.8316523809518,282.08282666666787,20390.903125608464,16510.074915642846,4,LP,0.004777599999215454
q0.6,2025-07-17,0.6,6131.223476142859,5938.572625089947,75323.95846411522,1700.203920071425,139569.1592833334,47617.66306633564,11591.160264510618,59208.82333084627,0.0,571.0021880305642,20558.578397037036,16825.834267547627,7,LP,0.005535400006920099
q0.6,2025-07-18,0.6,5938.572625089947,10800.0,75619.04885563198,0.0,93698.07319999997,47752.1195999586,0.0,47752.1195999586,14953.091730452677,22321.068467013523,14186.08379340388,7115.443235238095,0,LP,0.0055219999921973795
q0.6,2025-07-19,0.6,10800.0,10730.885268253967,70050.63356072897,0.0,94564.52239999994,45430.71773180511,0.0,45430.71773180511,20192.803131893015,21127.793833932974,8470.635807760138,6923.4182628571425,0,LP,0.005402200011303648
q0.6,2025-07-20,0.6,10730.885268253967,5999.916795375662,69536.7359982657,1445.7454177285679,138750.53876666672,45171.47191200095,9876.101937472486,55047.573849473425,0.0,539.4397740446741,13741.763425649624,15388.700000366667,6,LP,0.005283300008159131
q0.6,2025-07-21,0.6,5999.916795375662,6033.158379201058,75273.36322932979,2686.3339563285717,138442.8198,47530.59266875935,18220.56411653206,65751.1567852914,0.0,349.3789525220478,18898.165566807747,15277.59668367143,11,LP,0.005754400015575811
q0.6,2025-07-22,0.6,6033.158379201058,6036.873501973544,75824.08701209289,2097.200928190479,139514.85881666662,47799.324307010545,14321.351603860636,62120.67591087118,0.0,461.06986142857045,19272.262377330982,15607.188915142857,8,LP,0.005020100012188777
q0.6,2025-07-23,0.6,6036.873501973544,6034.150895349206,75711.83757790712,2812.7913059047655,139450.03365000003,47704.19885578897,19073.877430195465,66778.07628598444,0.0,554.8860751146348,19766.558094697248,16013.362402666666,11,LP,0.00492929999018088
q0.6,2025-07-24,0.6,6034.150895349206,6320.03324648148,76221.73858480895,1651.4625077380897,138902.21751666671,48036.22076103108,11324.630557672583,59360.851318703666,0.0,201.58424051146233,19988.68808429747,15933.543232261907,4,LP,0.005303300014929846
q0.6,2025-07-25,0.6,6320.03324648148,10800.0,75957.6384905585,0.0,92354.83968333332,47917.847035341234,0.0,47917.847035341234,19292.407962139914,23512.0900320635,13767.6360606408,7119.81513095238,0,LP,0.004943499981891364
q0.6,2025-07-26,0.6,10800.0,10797.85957037037,70238.36673647267,0.0,93187.68993333334,45457.47802338289,0.0,45457.47802338289,17660.278770987654,22369.169569964746,9167.122186948847,7427.295358095237,0,LP,0.006409499997971579
q0.6,2025-07-27,0.6,10797.85957037037,6022.114792740739,70453.94362683716,2379.0275516321517,138110.19628333335,45512.06822186404,15120.356441221937,60632.424663086,0.0,523.7831023868332,15379.834610258684,16755.83633417619,10,LP,0.005553800001507625
q0.6,2025-07-28,0.6,6022.114792740739,5923.215858518518,76090.13468797176,5557.280084199994,138228.99843333327,47890.552868106264,36366.646739180636,84257.19960728691,0.0,505.76650794825775,17240.947745737816,14054.176714847616,20,LP,0.004939900012686849
q0.6,2025-07-29,0.6,5923.215858518518,6111.018365195767,77000.60270610229,3246.5040183523847,138314.74511666666,48359.1062875406,22065.918542279138,70425.02482981978,0.0,375.6788571487316,19121.892954191648,15319.711036885714,11,LP,0.004924300010316074
q0.6,2025-07-30,0.6,6111.018365195767,6094.450720338624,76933.822331117,1535.0795835809618,138424.36443333334,48259.906125495356,9933.185373654529,58193.09149914991,0.0,335.60121952380973,21289.25013445032,17259.20348927618,13,LP,0.005888100014999509
q0.6,2025-07-31,0.6,6094.450720338624,6141.640015238096,76946.27328948854,2185.10842562381,137423.31371666663,48181.30554605019,14898.64834249013,63079.95388854031,0.0,424.0989838095237,20893.76894329805,16881.482478661906,12,LP,0.005470500007504597
q0.6,2025-08-01,0.6,6141.640015238096,10800.0,76985.44135527337,0.0,92719.4241,48192.60068002068,0.0,48192.60068002068,24339.38913333333,24606.359568107,13662.15263621399,6873.819649047618,0,LP,0.004672799987019971
q0.6,2025-08-02,0.6,10800.0,10729.060243386244,71001.66476659021,0.0,91562.24421666664,45596.33666715195,0.0,45596.33666715195,24035.081169547328,24416.717983833045,8877.29716225749,7254.456482380951,0,LP,0.005111800011945888
q0.6,2025-08-03,0.6,10729.060243386244,5719.247579412698,69950.46702875952,579.1626466666664,138062.48614999998,45033.84012765102,3414.4206762130925,48448.26080386412,4766.8297,4878.0794946678425,13442.483657901232,15397.243160476191,16,LP,0.005133200000273064
q0.6,2025-08-04,0.6,5719.247579412698,5656.33534286772,73230.951201164,23.173742380952604,138312.10694999996,46176.14299218402,156.16494380785866,46332.30793599187,2505.0943070546746,1765.9307663080576,19074.03052494415,15506.58573809524,3,LP,0.004864999995334074
q0.6,2025-08-05,0.6,5656.33534286772,5832.057671407407,71292.76029118166,64.54098619047647,136458.4972833334,45086.99232470246,435.5670487973829,45522.55937349985,982.4571856084701,1216.2792381893019,20253.184339764848,16246.929219523809,4,LP,0.0046270999882835895
q0.6,2025-08-06,0.6,5832.057671407407,5815.445525291004,69208.98312714875,2592.84990280952,136716.0878,43946.894140094584,17162.772608811123,61109.666748905714,0.0,86.61620857142873,19030.360453815407,15429.542899095242,9,LP,0.004781700001331046
q0.6,2025-08-07,0.6,5815.445525291004,6075.741928894178,68268.76098302762,118.51646118571398,136850.75446666667,43508.730825785795,800.9278409998742,44309.65866678566,469.89787611405234,285.5666292475038,21102.95224004703,16859.124551195237,6,LP,0.0049325999862048775
q0.6,2025-08-08,0.6,6075.741928894178,10800.0,66226.86370827159,0.0,90703.2161166667,42480.9765737706,0.0,42480.9765737706,27903.245412551434,15470.660099206349,14873.4456974662,7795.65875095238,0,LP,0.00511589998495765
q0.6,2025-08-09,0.6,10800.0,10800.0,60618.84759711963,0.0,90303.83175,40047.17191698245,0.0,40047.17191698245,24629.137167095832,14973.67995967666,11021.586686037625,8927.485215690473,0,LP,0.004875499987974763
q0.6,2025-08-10,0.6,10800.0,5863.052313497354,60344.55721288858,3198.7616638857116,136535.4447166666,39865.90013560655,21719.509140911916,61585.40927651846,0.0,145.0653007818933,13352.039178130508,15258.404652138102,11,LP,0.0048454999923706055
q0.6,2025-08-11,0.6,5863.052313497354,5866.89307294709,66161.64419747796,2090.799808442857,136422.26351666663,42325.68234541986,13036.707458590774,55362.389804010636,0.0,54.923762857142606,19120.053822239854,15483.786912509531,17,LP,0.005206199974054471
q0.6,2025-08-12,0.6,5866.89307294709,6015.6428786878305,66096.60782951792,4891.951558556497,136637.59669999994,42279.78776122554,33077.79400691265,75357.58176813817,0.0,86.334884285714,15830.558045379186,12688.877191590476,16,LP,0.005263200000626966
q0.6,2025-08-13,0.6,6015.6428786878305,6169.515851465607,66554.68316866549,3127.367472099992,136547.99718333327,42641.255943228265,20931.475027065546,63572.73097029382,0.0,230.5834652380953,16800.010789617878,13469.523064090481,14,LP,0.004669599991757423
q0.6,2025-08-14,0.6,6169.515851465607,6057.113194301588,66336.1624156731,3308.599654995235,135936.05536666667,42447.3064501206,20656.703203622506,63104.00965374312,0.0,253.25824476190462,18770.395968530283,15305.183125957152,22,LP,0.004809499980183318
q0.6,2025-08-15,0.6,6057.113194301588,10800.0,67055.29558040567,0.0,89968.05776666665,42809.0419403448,0.0,42809.0419403448,26894.235551028814,15863.737726737218,15099.9857588301,7962.39033952381,0,LP,0.005409599980339408
q0.6,2025-08-16,0.6,10800.0,10800.0,62001.95190852779,0.0,90183.53035000002,40730.049637374774,0.0,40730.049637374774,27290.825795473247,15953.137488527813,9624.780304526748,7796.072046666664,0,LP,0.004682899976614863
q0.6,2025-08-17,0.6,10800.0,5901.488133306877,61753.279026000724,528.5573100190475,135369.11649999995,40643.00251839873,3550.4411766661315,44193.443695064874,104.51504708995476,447.1665823809507,15649.588262663132,17084.827172780955,9,LP,0.00468040001578629
q0.6,2025-08-18,0.6,5901.488133306877,5989.619035820107,66674.96053182836,1793.2075951285676,135710.1747166666,42707.438487392355,11282.54035534188,53989.97884273424,0.0,211.3032471428578,19912.79710992358,16050.047846776195,17,LP,0.005064600001787767
q0.6,2025-08-19,0.6,5989.619035820107,5888.097160814817,66531.44841178718,1399.207884625518,135364.48288333326,42665.07792913252,9224.852513749744,51889.93044288226,0.0,117.88116714285707,18876.235614603163,15381.120535333332,12,LP,0.004650399991078302
q0.6,2025-08-20,0.6,5888.097160814817,5914.703183910054,66103.41884464433,7545.15530617619,135048.05366666662,42432.463177201294,47462.417048453026,89894.88022565431,0.0,75.55484666666678,15254.646403691948,12332.318166204765,19,LP,0.004641499981516972
q0.6,2025-08-21,0.6,5914.703183910054,6148.50218610582,67016.39152911818,2431.3696206793147,134971.79889999994,42883.33207990464,16536.90553808622,59420.23761799085,0.0,55.668689523809576,17564.499341916515,14016.825364976185,11,LP,0.005532099981792271
q0.6,2025-08-22,0.6,6148.50218610582,10800.0,66804.13372610818,0.0,90531.73040000003,42742.273941060186,0.0,42742.273941060186,23870.722724485597,14688.271376125816,14885.379963115816,7870.809737619047,0,LP,0.005045899975812063
q0.6,2025-08-23,0.6,10800.0,10800.0,62218.56267898863,0.0,89697.14623333332,40960.59616964915,0.0,40960.59616964915,21970.449109053505,15909.543575525975,9518.757075837746,7710.193231428571,0,LP,0.005059000017354265
q0.6,2025-08-24,0.6,10800.0,5914.534836402116,63058.35094774839,1297.6266241952912,135068.0714,41339.0552675137,8690.213928982997,50029.26919649669,1796.8895263374495,285.63433378012513,15456.751977530872,16916.887749038106,10,LP,0.004769899998791516
q0.6,2025-08-25,0.6,5914.534836402116,5946.487463222224,68550.85739114051,5681.500239866305,134511.61374999996,43735.17471507405,38471.547112516295,82206.72182759033,0.0,208.1496799118196,16959.808264685475,13708.687330257144,11,LP,0.0053397000010591
q0.6,2025-08-26,0.6,5946.487463222224,6100.083498645502,69403.71852460905,803.4128070142868,134368.9639333333,44185.49078077794,5431.267762728735,49616.75854350668,0.0,512.9113480129333,21195.606149453255,17030.204549176186,11,LP,0.004843700007768348
q0.6,2025-08-27,0.6,6100.083498645502,5947.829524650793,69215.24127890063,2722.8899355904773,133788.38209999996,44138.9045443757,18546.987961900155,62685.89250627586,0.0,364.0030888301002,19984.251766261015,16324.27250726667,7,LP,0.00480040002730675
q0.6,2025-08-28,0.6,5947.829524650793,6106.622355677248,69141.64056830101,5335.10752516191,134543.81656666673,44186.213713510864,34690.571015065216,78876.78472857611,0.0,348.15460952380954,16936.236593062895,13575.438092457134,22,LP,0.005093099985970184
q0.6,2025-08-29,0.6,6106.622355677248,10800.0,69667.60120514402,0.0,88328.33255000002,44416.52747444856,0.0,44416.52747444856,21201.921182716047,18619.785563968264,16140.180150364493,8849.506041904762,0,LP,0.004843099974095821
q0.6,2025-08-30,0.6,10800.0,10783.64380952381,64689.9448489957,0.0,89025.08758333338,42306.03568449902,0.0,42306.03568449902,26624.948304450318,17745.012670229273,9589.392696901828,7782.128655919047,0,LP,0.0047725999902468175
q0.6,2025-08-31,0.6,10783.64380952381,6197.919124005292,64130.295775590814,1621.2831338761875,133365.3598333333,42107.394935116274,11113.65932796628,53221.05426308255,0.0,395.53105584362004,14929.352564509118,16219.927794219051,7,LP,0.0047747000062372535
q0.6,2025-09-01,0.6,6197.919124005292,9066.559138375662,70019.29874278753,0.0,121263.61926666668,44607.43337826139,0.0,44607.43337826139,2843.7328291534504,7184.127281352148,20186.989926396218,13769.685827447609,0,LP,0.004785800003446639
q0.6,2025-09-02,0.6,9066.559138375662,8531.59755225926,64262.15190252207,0.0,121532.82415000007,41492.00426305314,0.0,41492.00426305314,879.3089220164611,6214.744754050564,18904.251599788357,15793.909223333332,0,LP,0.005031800013966858
q0.6,2025-09-03,0.6,8531.59755225926,7997.089664587304,63154.55614631391,0.0,121433.71643333333,40468.995833603825,0.0,40468.995833603825,2006.781275173425,2806.6117238271663,17234.226295884775,14440.78039857143,0,LP,0.005378800007747486
q0.6,2025-09-04,0.6,7997.089664587304,7520.500027735449,61556.2374763139,0.0,121061.17303333328,39276.18346099086,0.0,39276.18346099086,2272.1409337801274,2096.7727055908294,19424.67873741916,16162.920450476187,0,LP,0.0047870999842416495
q0.6,2025-09-05,0.6,7520.500027735449,10800.0,59372.75322855968,0.0,75132.98044999999,37881.9511817953,0.0,37881.9511817953,28269.053770987655,18809.891518042332,13252.612093815402,7783.06582095238,0,LP,0.005451999983051792
q0.6,2025-09-06,0.6,10800.0,10799.326684656085,53634.888326586704,0.0,75826.37416666665,34994.07585440059,0.0,34994.07585440059,27231.81982509112,16689.059144891246,10492.27179165197,8499.34613504762,0,LP,0.0047113999899011105
q0.6,2025-09-07,0.6,10799.326684656085,6080.444690645503,52118.48454730477,1682.1410282380932,120781.00903333336,33821.438142358405,10652.006820413215,44473.444962771624,0.0,248.45395737213462,14937.798926913587,16346.610925409523,11,LP,0.004468400002224371
q0.6,2025-09-08,0.6,6080.444690645503,5725.5427770952365,55365.488282081125,6759.54713003809,121400.59243333335,34587.94785629862,43917.14774339065,78505.09559968924,0.0,12.172361904762056,15982.659153033512,13265.365636152384,22,LP,0.0045621999888680875
q0.6,2025-09-09,0.6,5725.5427770952365,5809.915007291006,56771.73521601999,2072.5150761142936,121082.23558333333,35298.609048649436,13696.851555467494,48995.46060411693,1536.893933333332,194.5339519047625,20705.542805543788,16695.554665314277,11,LP,0.004789300000993535
q0.6,2025-09-10,0.6,5809.915007291006,5862.6353868042315,56387.40989223985,8004.423914156729,121274.78848333338,35222.30999916475,49644.40953664876,84866.71953581349,0.0,65.94743428571451,15591.786213415631,12581.898491304763,26,LP,0.005303100013406947
q0.6,2025-09-11,0.6,5862.6353868042315,5994.567549603173,57632.10780513817,1463.9050046238176,120746.77835000001,35775.30076588823,8821.681086791676,44596.9818526799,1109.0669999999998,321.05174904761964,21321.417530852428,17151.609253471423,13,LP,0.004802599985850975
q0.6,2025-09-12,0.6,5994.567549603173,10800.0,57320.66728446796,0.0,75687.22711666669,35585.4264663591,0.0,35585.4264663591,24038.151201234577,14325.173567771903,16214.721632128161,8809.035316666668,0,LP,0.0052121999906376
q0.6,2025-09-13,0.6,10800.0,10800.0,52718.18716894768,0.0,75063.58311666665,33728.7081553422,0.0,33728.7081553422,27659.663276954736,15033.941636025866,10618.31985596708,8600.839083333332,0,LP,0.004717199975857511
q0.6,2025-09-14,0.6,10800.0,5595.509036920635,52758.9626417343,4982.384189404758,121237.69566666667,33824.04266085154,32143.37734432476,65967.42000517629,0.0,7.8453600000001416,12201.150462686655,14566.973741547621,13,LP,0.0047879999910946935
q0.6,2025-09-15,0.6,5595.509036920635,5812.39478289947,59559.39080623751,1715.3317852243958,120760.02988333338,36838.84438373817,10148.234817441138,46987.07920117931,1479.4315499999987,396.5828789594367,21770.949251516744,17439.271722347617,13,LP,0.005156400002306327
q0.6,2025-09-16,0.6,5812.39478289947,5614.2312443492065,58705.195842704314,4168.096980909518,121843.35746666664,36455.98597712625,26707.72649092785,63163.7124680541,0.0,7.334056666666697,18697.557727942392,15323.368944328575,17,LP,0.005601900018518791
q0.6,2025-09-17,0.6,5614.2312443492065,5680.849269465607,59968.285779841266,3859.884373495237,120924.79499999994,37074.93172067198,23673.922392942404,60748.85411361437,0.0,90.71253952380948,19565.173637936507,15787.83442412381,18,LP,0.00497519999044016
q0.6,2025-09-18,0.6,5680.849269465607,5951.850412042326,59575.7158178542,3606.7835866190426,120804.1163666667,36894.25977081003,22230.482605856978,59124.74237666701,0.0,172.89360761904788,20050.80869404468,15997.254013857148,17,LP,0.004634700017049909
q0.6,2025-09-19,0.6,5951.850412042326,10800.0,60138.90525766022,0.0,75287.12646666665,37244.42117802593,0.0,37244.42117802593,20235.75928345091,16446.048052122285,15749.531453991765,8393.785848571426,0,LP,0.005091300001367927
q0.6,2025-09-20,0.6,10800.0,10788.302975661376,55405.19063559083,0.0,75330.72763333337,35347.94809149684,0.0,35347.94809149684,20490.587078600813,17190.74940934744,10994.46176954733,8916.041355238094,0,LP,0.005343199998605996
q0.6,2025-09-21,0.6,10788.302975661376,5962.654364560847,56511.30811048794,919.3660823999966,120862.2829833333,35964.91631906442,5929.303865031422,41894.22018409586,0.0,526.8198677778548,15576.055746143367,16959.688904366616,8,LP,0.004712399997515604
q0.6,2025-09-22,0.6,5962.654364560847,5715.030982502644,61648.30693286302,2642.437548257138,121218.04173333335,38087.55360787715,16487.567280970896,54575.12088884804,0.0,65.74973809523885,20178.083702863023,16567.108843171438,15,LP,0.005124599992996082
q0.6,2025-09-23,0.6,5715.030982502644,5918.35394373545,62696.89178857728,3779.0969198959433,121182.28133333329,38602.16266385735,24110.17079105408,62712.33345491143,0.0,296.507576190476,20420.394125473245,16357.52857652381,19,LP,0.006152499991003424
q0.6,2025-09-24,0.6,5918.35394373545,5716.692205095238,63020.03427750733,2043.847509547614,121014.19341666662,38911.540366908666,11254.192844261648,50165.73321117031,0.0,111.74469238095276,21423.197681316855,17534.285686642856,12,LP,0.005699999979697168
q0.6,2025-09-25,0.6,5716.692205095238,5683.326086714284,63407.356684315084,1454.3382111952376,120546.34715000007,39098.25360620302,8651.580677195734,47749.83428339876,252.5896857142893,176.6992480952399,21720.981938124623,17624.024876423813,12,LP,0.004808900004718453
q0.6,2025-09-26,0.6,5683.326086714284,10800.0,63562.30198871836,0.0,74194.35371666666,39188.65540836979,0.0,39188.65540836979,18431.72738392122,19745.18450542622,16242.842512704288,8551.695913333335,0,LP,0.004879399988567457
q0.6,2025-09-27,0.6,10800.0,10761.272542328043,58107.94372119342,0.0,75945.77174999997,36947.21860572923,0.0,36947.21860572923,20024.579426114055,18217.99866130512,11046.93734567901,8982.87396190476,0,LP,0.005396599997766316
q0.6,2025-09-28,0.6,10761.272542328043,5599.636164698413,58469.83774944149,3308.84437870952,120389.61958333332,37128.306018478965,20233.11550878185,57361.42152726082,0.0,122.28068190476256,14811.815891822456,16643.043612242865,14,LP,0.004737699986435473
q0.6,2025-09-29,0.6,5599.636164698413,5672.238352497353,65083.17904454441,2288.87851398571,121111.41479999997,40045.336796819094,13855.802429868201,53901.13922668729,0.0,491.5485147619049,21343.555130258683,17222.937686490488,13,LP,0.00543449999531731
q0.6,2025-09-30,0.6,5672.238352497353,5926.304120158729,65831.56692713112,4188.260704842852,120916.45506666665,40596.860783508586,25857.541442300157,66454.40222580874,0.0,485.4684680952382,20439.606349035872,16327.421951823815,16,LP,0.004925100016407669
q0.6,2025-10-01,0.6,5926.304120158729,7451.614347164022,66562.91580253381,0.0,117218.45471666665,41138.75073229026,0.0,41138.75073229026,5852.234121381535,5783.421270964139,20489.261434473843,15223.522557619048,0,LP,0.005859500000951812
q0.6,2025-10-02,0.6,7451.614347164022,7498.131993751329,63205.983639300386,0.0,117231.7097833333,39301.15956547138,0.0,39301.15956547138,3820.5345190887706,3768.074374720748,20235.398667871847,16348.80703904762,0,LP,0.005580199998803437
q0.6,2025-10-03,0.6,7498.131993751329,10800.0,61858.732231134636,0.0,71524.19113333334,38322.47273068412,0.0,38322.47273068412,25948.588973803646,22595.78564339212,13292.224780605517,7795.020866666667,0,LP,0.005399399989983067
q0.6,2025-10-04,0.6,10800.0,10800.0,56775.186872892424,0.0,72397.41483333331,35871.01314232039,0.0,35871.01314232039,21285.184565026448,20427.54063893004,10349.890713697827,8383.41147809524,0,LP,0.005007600004319102
q0.6,2025-10-05,0.6,10800.0,6416.830319354498,56088.81420884187,0.0,117604.42090000003,35332.684111595794,0.0,35332.684111595794,1518.718962739568,704.0944333215774,16183.644519447385,17053.60477333333,0,LP,0.006202099990332499
q0.6,2025-10-06,0.6,6416.830319354498,5912.715707645501,59488.5159723692,1612.2834253476212,117896.13613333333,36403.50312674947,10931.809420650052,47335.312547399524,0.0,72.526434285714,19730.878231416802,16435.71451798571,5,LP,0.004612299992004409
q0.6,2025-10-07,0.6,5912.715707645501,5913.023235735448,59182.69479061138,2487.648524180958,117357.17863333324,35994.67429810795,15183.548672150177,51178.22297025812,0.0,49.05975190476181,20260.2304610876,16410.509898199994,15,LP,0.004988300002878532
q0.6,2025-10-08,0.6,5913.023235735448,5889.70890375132,58326.204895396826,2132.606347619052,117391.06235000005,35341.59988833962,13283.693544209846,48625.29343254947,0.0,93.9522671428573,20564.98004206349,16678.616732857136,15,LP,0.004714200011221692
q0.6,2025-10-09,0.6,5889.70890375132,6010.585277386242,59181.864180593766,1487.4237623285758,117432.9897333333,35833.78008850288,9062.891318725722,44896.6714072286,392.3506633333286,284.8302642857137,21701.77155630806,17469.64622433809,13,LP,0.004611099982867017
q0.6,2025-10-10,0.6,6010.585277386242,10800.0,59846.5610795297,0.0,72371.53011666666,36315.09923388569,0.0,36315.09923388569,25652.56646670782,17533.96934195767,15820.742651816585,8504.32829761905,0,LP,0.004627799993613735
q0.6,2025-10-11,0.6,10800.0,10785.644428042327,54741.47555380952,0.0,71790.96475,34310.390020309715,0.0,34310.390020309715,20880.35475741917,17690.20521588477,10934.326378600821,8869.72438142857,0,LP,0.005032899993238971
q0.6,2025-10-12,0.6,10785.644428042327,5665.70143416402,54912.18325360375,1982.9223284619072,117709.38418333342,34457.70907336369,13041.37111694438,47499.080190308065,0.0,192.22822305702402,14715.105632451501,16527.184256776185,11,LP,0.005040000018198043
q0.6,2025-10-13,0.6,5665.70143416402,5966.720546671958,61054.04598562021,766.3813390666668,117677.75383333332,37119.58811492686,4867.821321822531,41987.409436749396,135.29699047618482,146.99961761904717,22314.8327122869,17804.097295695236,9,LP,0.004948399990098551
q0.6,2025-10-14,0.6,5966.720546671958,5776.169269253968,60752.32449520281,3799.452617742624,118032.22918333327,37045.40325572841,23285.9303822506,60331.333637979005,0.0,193.44464571428523,19768.41754512639,16183.914361228573,16,LP,0.00501670001540333
q0.6,2025-10-15,0.6,5776.169269253968,5947.17741447619,61430.223531992946,4222.742539494712,117342.48076666666,37494.9574720112,27242.72305649088,64737.6805285021,0.0,68.55001047619021,18476.23726479718,14811.844853785706,17,LP,0.0062658000097144395
q0.6,2025-10-16,0.6,5947.17741447619,6138.140774439154,62271.422093733105,4774.834361079075,117733.27633333336,38004.58400196207,30395.72390101083,68400.30790297287,0.0,87.128481904762,20109.410520740734,16116.75549783333,19,LP,0.005946799996308982
q0.6,2025-10-17,0.6,6138.140774439154,10800.0,63241.07265523221,0.0,71943.17253333335,38652.6876181441,0.0,38652.6876181441,20152.30732610229,19936.361855461495,15539.636073668426,8391.431916666665,0,LP,0.005478199978824705
q0.6,2025-10-18,0.6,10800.0,10790.995875132276,59022.310289176945,0.0,71656.70145000001,36997.73707508132,0.0,36997.73707508132,20399.115608348027,20628.630486596125,10137.234947089948,8219.264019523811,0,LP,0.00525529999868013
q0.6,2025-10-19,0.6,10790.995875132276,5831.179630883598,59331.25083967664,3352.1267292380917,117991.24738333332,37134.023085918074,21551.576149189284,58685.599235107366,0.0,259.01374014697524,15802.504817148734,17263.863521714287,15,LP,0.005152300000190735
q0.6,2025-10-20,0.6,5831.179630883598,5753.292879137564,65691.93418074663,2897.6151979000024,117903.31865000003,40057.6177315071,16902.775953429347,56960.39368493643,0.0,270.7494279306294,20779.556108530276,16901.53852448095,16,LP,0.005267700005788356
q0.6,2025-10-21,0.6,5753.292879137564,5771.498494158728,66940.2611758495,3410.793601938091,117800.84898333332,40840.98201180719,21040.671479162673,61881.65349096987,0.0,78.79645190476208,19964.694328230453,16155.017352347626,18,LP,0.004862000001594424
q0.6,2025-10-22,0.6,5771.498494158728,5926.945019359788,68022.41910884186,2337.274754752375,117671.98653333336,41409.580670393494,12401.216983720738,53810.79765411422,0.0,474.84577990005766,22052.892163227512,17722.940779533335,15,LP,0.0049882000021170825
q0.6,2025-10-23,0.6,5926.945019359788,6074.779128264549,68507.08177658441,678.2068295238098,117212.01551666661,41835.70495074724,3719.9586433549994,45555.66359410223,582.9127809523836,787.5619634332824,22643.50594934156,18208.18912095238,5,LP,0.005525899992790073
q0.6,2025-10-24,0.6,6074.779128264549,10800.0,68330.67297088185,0.0,72135.5185333333,41737.14672597466,0.0,41737.14672597466,19713.888857148733,23060.864092087013,15174.581686408002,8038.712381428573,0,LP,0.004942900006426498
q0.6,2025-10-25,0.6,10800.0,10800.0,63431.80208362139,0.0,72042.78699999997,39854.99038391136,0.0,39854.99038391136,18993.58232939446,23227.336788589055,9539.211748971193,7726.7615166666665,0,LP,0.00541530002374202
q0.6,2025-10-26,0.6,10800.0,5939.392377952382,63905.25285583774,159.01366224285846,117422.34435000003,40238.49856223058,1001.6718067811807,41240.170369011765,291.49018659024034,484.4963429747175,16413.23595627279,17669.267984423812,8,LP,0.0048504000005777925
q0.6,2025-10-27,0.6,5939.392377952382,5828.190334010583,69193.90827352143,1511.6605716619033,117790.56431666661,42380.99394998044,10211.244101364944,52592.238051345375,1194.5564833333328,1977.1292610817156,21480.96459815402,17499.663164052374,8,LP,0.00505669999984093
q0.6,2025-10-28,0.6,5828.190334010583,5933.215509761905,69119.07901070545,1467.4105455666631,117514.14480000001,42373.29347523098,9034.305409461747,51407.59888469272,0.0,373.3790419047614,21821.927137848314,17581.23832348096,11,LP,0.00497820001328364
q0.6,2025-10-29,0.6,5933.215509761905,5917.602330804231,68797.3835843386,4355.394516995233,117721.61451666661,42265.49545371207,26953.344966717665,69218.84042042974,0.0,100.32672047619087,19759.191799576718,16018.997218719056,17,LP,0.005102399998577312
q0.6,2025-10-30,0.6,5917.602330804231,6049.338800666666,69952.17066998826,361.16506057142675,116916.07056666665,43005.19170962431,2312.471682624271,45317.663392248585,762.8045793533302,354.35841175779376,22577.85403459141,18169.498945142856,6,LP,0.004681499995058402
q0.6,2025-10-31,0.6,6049.338800666666,10800.0,70242.90577216931,0.0,71748.98903333335,43278.1515130213,0.0,43278.1515130213,15005.259539453264,24196.366644567916,15059.960221481479,7922.972699999998,0,LP,0.004920099978335202
q0.6,2025-11-01,0.6,10800.0,10795.935826455026,65777.07537733685,0.0,71974.20948333332,41576.86293326702,0.0,41576.86293326702,16510.818506255142,24926.93620093475,9468.10522633745,7672.822989523808,0,LP,0.004945799999404699
q0.6,2025-11-02,0.6,10795.935826455026,5983.587186179895,66266.21826397412,1698.6455668857127,117843.23631666665,41860.655968313564,9771.221433193421,51631.877401507,0.0,233.45332190476222,17190.212378259846,18255.1858026381,10,LP,0.004544700001133606
q0.6,2025-11-03,0.6,5983.587186179895,5902.732989370373,72606.78790213993,1041.4647818761855,117808.91503333332,44776.19645545344,6870.484803640118,51646.68125909356,0.0,49.340325714285996,21930.26764261611,17836.28556764762,7,LP,0.004843400005484
q0.6,2025-11-04,0.6,5902.732989370373,5930.480625433862,73643.89994878304,387.3087157523776,117396.61073333328,45334.87332595178,2464.549673500006,47799.4229994518,321.8428697295668,1700.5753852028236,23177.60791480306,18748.88953853334,5,LP,0.005669100006343797
q0.6,2025-11-05,0.6,5930.480625433862,5964.923516809522,73717.63559760727,732.6441390047626,117764.4076166667,45441.501822018254,3766.2577908666267,49207.75961288488,39.235200952376616,261.76656051146585,23369.785822333928,18898.52791385238,8,LP,0.004832100006751716
q0.6,2025-11-06,0.6,5964.923516809522,5992.987254142855,73686.48742231038,2218.723171800005,117713.09413333329,45421.4526219664,11070.881182003279,56492.33380396968,0.0,163.47131523809514,22878.407185643722,18506.252456771417,18,LP,0.004656299977796152
q0.6,2025-11-07,0.6,5992.987254142855,10800.0,74736.16643227513,0.0,72212.37866666667,46124.798013589105,0.0,46124.798013589105,16698.659146225746,27427.4845340682,15606.57630198119,8315.015333333333,0,LP,0.0051389000145718455
q0.6,2025-11-08,0.6,10800.0,10794.752233862433,69286.6044714462,0.0,72034.86681666666,43883.23671864456,0.0,43883.23671864456,16479.0589554615,27174.11401085831,9720.77576131687,7878.551356190475,0,LP,0.005058499984443188
q0.6,2025-11-09,0.6,10794.752233862433,6006.8054609417995,69457.2199400823,1320.1172716285728,117877.6701666666,44028.19011455525,8824.834128807264,52853.02424336253,0.0,356.96836492651323,17803.70399515579,18730.152331704758,8,LP,0.0048596999840810895
q0.6,2025-11-10,0.6,6006.8054609417995,5973.242183619046,75170.60005148148,2916.5218259761964,118420.10276666663,46516.78988490528,18280.252877166542,64797.04276207182,0.0,61.15236095238117,22093.33350576719,17925.807089261903,17,LP,0.004834200022742152
q0.6,2025-11-11,0.6,5973.242183619046,5791.847406354496,76094.2380232275,421.73781284285053,117957.86745000003,47213.24674244196,2775.958095738515,49989.20483818048,0.0,660.2823176190478,23473.31132275132,19176.637470966663,5,LP,0.004593299992848188
q0.6,2025-11-12,0.6,5791.847406354496,6002.964220206349,76776.2958746149,223.89086766190286,117416.71383333333,47623.63299311386,1503.7594145519788,49127.39240766583,0.0,1261.8857247619055,24170.04281604351,19387.729548528572,4,LP,0.004767299978993833
q0.6,2025-11-13,0.6,6002.964220206349,6109.662232597882,76525.29371859491,751.238804480944,117780.10726666663,47603.08619261123,5167.099662786599,52770.18585539782,126.31925501470096,273.1743195238098,23079.681161675475,18598.513529804764,7,LP,0.004880699998466298
q0.6,2025-11-14,0.6,6109.662232597882,10800.0,76466.60613627217,0.0,71737.89309999999,47560.52044957285,0.0,47560.52044957285,13522.607208641977,28373.222485284543,14479.037640440916,7506.7164980952375,0,LP,0.005210700008319691
q0.6,2025-11-15,0.6,10800.0,10800.0,71845.23273628572,0.0,72466.97681666666,45785.63490539749,0.0,45785.63490539749,13069.319936625514,28741.756010483237,9590.894065843617,7768.624193333334,0,LP,0.005392399994889274
q0.6,2025-11-16,0.6,10800.0,5849.663161820105,72470.73729904761,1547.5016926190442,118360.27023333324,46271.85107610349,9432.322899322353,55704.173975425845,0.0,619.5434586302182,17997.12791613168,19032.97676642856,9,LP,0.004819900001166388
q0.6,2025-11-17,0.6,5849.663161820105,6011.70810703175,78354.3014392205,23.705134485710346,117269.71064999998,48847.52400071565,110.04409347721412,48957.56809419287,0.0,965.6444847207509,24056.670026114047,19340.062270461905,2,LP,0.004686500004027039
q0.6,2025-11-18,0.6,6011.70810703175,5921.958663502644,77922.70120558218,1323.6822366238084,117783.68649999997,48590.19528960034,8828.963190364038,57419.15847996437,0.0,140.2278199999995,22612.51730552027,18396.913516647615,7,LP,0.004966500011505559
q0.6,2025-11-19,0.6,5921.958663502644,5792.088461783068,78449.03870262243,1683.8087665428548,118179.70134999994,48901.792079368184,9395.552326733045,58297.34440610124,0.0,439.68043523809354,23377.57166039389,19052.71622646667,13,LP,0.004931599978590384
q0.6,2025-11-20,0.6,5792.088461783068,6064.641714529099,79194.2530869786,875.3458820571425,117846.45723333335,49379.87494163507,5718.36909392134,55098.24403555642,0.0,533.1823760493818,23673.908590429164,18930.56803077619,7,LP,0.004731100023491308
q0.6,2025-11-21,0.6,6064.641714529099,10800.0,79273.5964942578,0.0,71999.17709999997,49527.70487524006,0.0,49527.70487524006,12891.778726543213,30588.700246615215,14036.373671099358,7107.640216666667,0,LP,0.004827199998544529
q0.6,2025-11-22,0.6,10800.0,10798.146924867724,74196.18019499119,0.0,72549.91013333337,47441.428758170696,0.0,47441.428758170696,11832.103250205766,30394.356274955902,9218.73133744856,7468.840150952382,0,LP,0.004611500015016645
q0.6,2025-11-23,0.6,10798.146924867724,5982.318322343914,74492.21379653878,1114.4619603117549,117782.69220000003,47640.25098094462,5671.92811777257,53312.1790987172,0.0,1177.8890249500212,18583.874688624346,19387.18424005715,10,LP,0.004812400002265349
q0.6,2025-11-24,0.6,5982.318322343914,5762.722572338623,79990.72731580412,320.7995213904799,117975.6878166666,50001.25711414377,2137.1683363184625,52138.425450462244,183.90513333333342,1825.8125158906514,22828.956120922983,18689.090632952382,5,LP,0.006573100021341816
q0.6,2025-11-25,0.6,5762.722572338623,5913.462801814815,80394.31579802521,714.0703970999889,117682.39221666665,50208.49986419354,4592.667972206354,54801.167836399894,0.0,261.90392619047634,23906.082082839504,19228.26028057143,5,LP,0.005283100006636232
q0.6,2025-11-26,0.6,5913.462801814815,6023.881596846561,80375.16210236076,1354.7292009333341,117686.43673333332,50264.57046539022,9232.946228061539,59497.51669345177,0.0,403.1211870899483,23524.875354432676,18955.772121561895,3,LP,0.005046099977334961
q0.6,2025-11-27,0.6,6023.881596846561,6168.858610328043,80369.52838542759,864.0289850476191,117198.14165,50259.4114317247,5982.702271418459,56242.11370314316,3.332499999999982,878.7468269782532,23368.978937001757,18798.393626838093,3,LP,0.00480480000260286
q0.6,2025-11-28,0.6,6168.858610328043,10800.0,80395.87692702269,0.0,72239.02128333332,50336.338619525,0.0,50336.338619525,10968.856673251032,31622.322464344492,14291.747309065255,7408.2880696380935,0,LP,0.004534600011538714
q0.6,2025-11-29,0.6,10800.0,10789.251023280423,75540.55815856853,0.0,72156.19988333333,48466.927050044345,0.0,48466.927050044345,7267.596713991764,31680.517788644967,8803.51386831276,7140.520312380952,0,LP,0.0045627999934367836
q0.6,2025-11-30,0.6,10789.251023280423,5895.84525063492,76245.96390118772,2959.120219724271,118008.83443333332,48920.95554687333,19406.111266594264,68327.0668134676,0.0,47.7644501234533,17455.56183948854,18543.070285366663,11,LP,0.004604400019161403
q0.6,2025-12-01,0.6,5895.84525063492,5784.954669830687,82509.5256511489,8135.040306576188,125291.39163333336,51738.16834240731,45079.465585097125,96817.63392750444,0.0,102.10951571428586,22859.63279684891,18616.10408817143,26,LP,0.004530999984126538
q0.6,2025-12-02,0.6,5784.954669830687,5856.037305306877,84675.14542439155,8408.644286123812,125400.62360000004,53171.59102607148,46355.959594301254,99527.55062037271,0.0,21.204634761904686,22951.582914867722,18526.807789114286,28,LP,0.005214700009673834
q0.6,2025-12-03,0.6,5856.037305306877,5842.373599719577,86881.66755251613,4859.110033657144,124622.93113333329,54746.4127064537,27129.967477204904,81876.3801836586,0.0,104.63348047618956,23608.909863468543,19135.514324438096,20,LP,0.004433399997651577
q0.6,2025-12-04,0.6,5842.373599719577,6063.548605386242,88646.6048909465,3954.6997598761864,125336.25094999997,55955.9976343103,20480.261582650484,76436.25921696078,0.0,884.1263056613795,24983.747842427983,20037.778247266673,19,LP,0.0045825999986846
q0.6,2025-12-05,0.6,6063.548605386242,10800.0,89955.28546373895,0.0,78868.07108333331,56989.85312816662,0.0,56989.85312816662,5569.08525,35987.135588977064,14866.477296190484,7779.040354761907,0,LP,0.0051577999838627875
q0.6,2025-12-06,0.6,10800.0,10800.0,86219.374409906,0.0,79470.82115,55881.50807883121,0.0,55881.50807883121,4599.612366666666,36125.31598447971,9630.60653733099,7800.7912952380975,0,LP,0.004835200001252815
q0.6,2025-12-07,0.6,10800.0,5968.130880079364,87476.65484147564,460.0344832142846,125067.46291666671,56797.280939847886,3053.088528165229,59850.369468013116,0.0,839.4326522633775,19964.513843974128,20519.938421547624,4,LP,0.004902899992885068
q0.6,2025-12-08,0.6,5968.130880079364,6098.363759349207,93819.16539621403,120.63515857142636,124410.3539333333,59754.29168673039,763.5089329630795,60517.800619693466,0.0,1164.8999938918362,25318.315015179298,20390.62557095238,3,LP,0.005367100005969405
q0.6,2025-12-09,0.6,6098.363759349207,6077.214005846561,93637.84328422692,560.4494170619053,124694.68108333329,59611.355569658735,3447.7689868900407,63059.12455654878,0.0,2015.7368339271147,25332.296730775994,20538.195130080945,9,LP,0.005860099976416677
q0.6,2025-12-10,0.6,6077.214005846561,5901.256990243387,93387.12742770721,55.03754380952398,124378.76451666663,59458.47757383791,319.68557321762,59778.16314705552,0.0,401.46608406231974,25323.37755174015,20670.29713095238,1,LP,0.005693299986887723
q0.6,2025-12-11,0.6,5901.256990243387,6235.549923433862,93835.4182622986,131.22375415714254,123787.79896666658,59690.996935803036,701.4906124479751,60392.487548251,0.0,2942.870405132275,25061.33300764256,19998.81609631904,6,LP,0.004817300010472536
q0.6,2025-12-12,0.6,6235.549923433862,10800.0,93166.50330026454,0.0,78661.70368333337,59298.703245811084,0.0,59298.703245811084,3648.1914666666653,38949.80413439156,14453.100773492059,7599.0065576190445,0,LP,0.00470699998550117
q0.6,2025-12-13,0.6,10800.0,10798.364131216931,88428.62184482074,0.0,78840.15755000003,57376.950973624655,0.0,57376.950973624655,3964.9249678542,38837.274371399195,9628.217916519692,7800.328794285715,0,LP,0.004761499993037432
q0.6,2025-12-14,0.6,10798.364131216931,5976.272813582012,88465.7872073016,440.28721114285565,124522.58585000002,57447.390119971715,2458.0701080617837,59905.460228033495,0.0,603.326880681954,20336.35749281011,20812.331755047624,9,LP,0.004737499984912574
q0.6,2025-12-15,0.6,5976.272813582012,6003.987030931218,93910.34631139917,765.1672053142828,124305.22548333331,59764.20035984302,3983.708525681176,63747.908885524186,0.0,336.2690460435043,25498.65109678425,20628.964592780954,4,LP,0.004689099994720891
q0.6,2025-12-16,0.6,6003.987030931218,5871.1283462962965,94180.39736573784,831.4550668714193,124646.94338333338,59960.882498630715,4427.434248480955,64388.31674711166,0.0,937.6558167137036,25135.147888071704,20479.042605509523,13,LP,0.004772000014781952
q0.6,2025-12-17,0.6,5871.1283462962965,5982.710505148149,94572.60315385656,116.61946560476062,124466.55465000003,60170.913313513076,646.3082927863438,60817.22160629942,0.0,1615.077168894772,25167.76021543796,20285.461831538098,5,LP,0.006193600012920797
q0.6,2025-12-18,0.6,5982.710505148149,6137.241750682541,94204.85325693709,530.1472563999986,124315.3592666666,59927.90555193295,2684.1627500528866,62612.06830198584,0.0,2345.0465398001206,25708.46782047031,20684.780813600006,10,LP,0.00573679999797605
q0.6,2025-12-19,0.6,6137.241750682541,10800.0,94072.70104075837,0.0,78593.32543333336,59932.24341748112,0.0,59932.24341748112,4883.888420623167,39260.29178201646,14861.300598594935,7841.171060476189,0,LP,0.004904700006591156
q0.6,2025-12-20,0.6,10800.0,10800.0,88788.90247634922,0.0,78668.52011666668,57719.95764501747,0.0,57719.95764501747,4960.7551,39066.221950846564,10029.332502645499,8123.759327142857,0,LP,0.005485499976202846
q0.6,2025-12-21,0.6,10800.0,6064.55651799471,88647.87130300996,420.33556780476613,124376.4409666666,57611.25493796418,2848.6081500096197,60459.8630879738,0.0,476.9943360493827,20080.68316791299,20527.252499814284,2,LP,0.0049371999921277165
q0.6,2025-12-22,0.6,6064.55651799471,6043.507643502646,93934.97234739563,551.3706097952338,124718.45381666665,59802.87748012284,3207.9052554981054,63010.78273562094,0.0,706.2390335684967,25587.47803858905,20744.8011983,11,LP,0.005164500005776063
q0.6,2025-12-23,0.6,6043.507643502646,5948.726525798942,93936.87767809522,118.57688073333387,123956.6545666666,59817.500624835266,751.0886909915878,60568.58931582686,0.0,2155.08180254556,24882.016994121106,20239.73677117143,3,LP,0.005276600015349686
q0.6,2025-12-24,0.6,5948.726525798942,5956.625491317461,93615.45206692534,230.8015519714275,123954.37128333331,59529.682187823935,1487.7768442655256,61017.459032089464,0.0,1077.8801507054675,25824.763592410356,20910.949440885714,3,LP,0.004707200016127899
q0.6,2025-12-25,0.6,5956.625491317461,6215.915705825398,93401.95965456199,230.38656870952514,123789.85790000002,59422.003738292435,1384.3739328178872,60806.37767111034,0.0,752.9701922104597,25439.822656161075,20372.89515843333,8,LP,0.004730999993626028
q0.6,2025-12-26,0.6,6215.915705825398,10800.0,93103.1829079835,0.0,78270.30764999997,59236.76243616964,0.0,59236.76243616964,4273.515916666668,38903.2274356555,14700.743460899463,7781.926338571426,0,LP,0.005024699989007786
q0.6,2025-12-27,0.6,10800.0,10800.0,88029.31050522633,0.0,78409.18393333335,57126.95673363313,0.0,57126.95673363313,4226.200883333333,38674.93405111697,9417.718442680774,7628.351938571428,0,LP,0.0057659999874886125
q0.6,2025-12-28,0.6,10800.0,6093.444107587302,88094.765270535,273.1489983333346,123511.26974999998,57176.97270684924,1489.375091665959,58666.3477985152,0.0,2087.3938849441442,19511.399668924165,20040.134034999992,9,LP,0.005048299994086847
q0.6,2025-12-29,0.6,6093.444107587302,5901.299029296297,92719.28304145204,194.4532633333323,123677.30638333333,58930.76961480797,1156.3623767718964,60087.13199157987,0.0,860.7929280834713,24747.93516051147,20218.75805047619,8,LP,0.004718599986517802
q0.6,2025-12-30,0.6,5901.299029296297,5900.002817539684,92471.52279195175,642.906423390475,123526.50904999998,58640.14608369701,3331.9711567424115,61972.11724043943,0.0,2173.598377830685,24829.446463644905,20113.018226133336,11,LP,0.00456780000240542
q0.6,2025-12-31,0.6,5900.002817539684,5777.2913834338615,92028.27882045266,1557.8304009523818,123791.70508333332,58334.34404922966,8828.131647147156,67162.4756963768,0.0,226.93460199882497,25385.22093035859,20672.46924428572,14,LP,0.0054490999900735915
q0.7,2025-05-01,0.7,5960.56460831746,5494.034123962961,52786.23695820104,2607.107791321425,120364.58391666667,31637.19180491312,16553.095446264793,48190.287251177935,874.0176666666649,160.81941041740365,19826.348991355087,16479.220118916666,13,LP,0.004777399997692555
q0.7,2025-05-02,0.7,5494.034123962961,10800.0,53984.801509429744,0.0,74761.02673333335,32453.07516838523,0.0,32453.07516838523,20009.24776563786,11906.894211616698,15805.106107413289,8026.766658571427,0,LP,0.004973399976734072
q0.7,2025-05-03,0.7,10800.0,10794.973622751322,49907.374041556606,0.0,74894.84928333333,31098.48680844134,0.0,31098.48680844134,24948.436945679015,14250.779774307943,9713.207426807754,7872.2217552380935,0,LP,0.005717599997296929
q0.7,2025-05-04,0.7,10794.973622751322,5742.285192968253,51172.24059838328,842.8321158619036,120670.08423333336,31857.150499577343,5268.92206549502,37126.07256507236,1732.5839647472142,645.0971014844231,12895.494218342148,14992.769903661903,8,LP,0.004837599990423769
q0.7,2025-05-05,0.7,5742.285192968253,5836.153697071428,57308.87506050555,1874.8463850666665,120612.16386666658,34604.261087978,12639.845016205058,47244.10610418307,0.0,191.3689982480862,20167.705229638457,16251.359582314286,6,LP,0.005109299992909655
q0.7,2025-05-06,0.7,5836.153697071428,5751.850825878307,57271.800948827164,315.18605825000014,121017.19009999998,34794.124743825705,2032.2544041287897,36826.37914795448,0.0,776.3049378130522,21139.32782458554,17198.7281219881,5,LP,0.0048682999913580716
q0.7,2025-05-07,0.7,5751.850825878307,6001.141039862435,58274.21102189005,1261.0373123690463,121160.21501666667,35362.08914605216,8658.874017307191,44020.96316335935,0.0,370.25942452380957,20383.061932366254,16285.918972630952,4,LP,0.0048180000158026814
q0.7,2025-05-08,0.7,6001.141039862435,6252.901643825396,58951.04080259848,1096.823763969041,120445.47738333329,36021.65605056535,7579.652028614197,43601.308079179544,0.0,331.08600213698116,19282.53484665196,15392.268682221435,3,LP,0.004799599992111325
q0.7,2025-05-09,0.7,6252.901643825396,10800.0,59564.16846325396,0.0,74253.82544999999,36240.49237803455,0.0,36240.49237803455,24775.09396152263,19483.64186679306,14282.411917795416,7476.365132857142,0,LP,0.004826299991691485
q0.7,2025-05-10,0.7,10800.0,10800.0,53675.017539961795,0.0,74647.98705,33676.734491119656,0.0,33676.734491119656,21493.30907427983,18378.067908415647,8855.764599647271,7173.169325714285,0,LP,0.005278600001474842
q0.7,2025-05-11,0.7,10800.0,6094.693913076721,54182.62606681069,237.5739995162329,120743.09041666662,33869.64796776117,1647.4005806169073,35517.04854837808,0.0,416.28679357142846,14497.945619226919,15978.111429804749,3,LP,0.00533519999589771
q0.7,2025-05-12,0.7,6094.693913076721,6335.180442428572,59948.791499231615,4.443247166664921,120448.60361666663,36350.695134403984,20.732191279658526,36371.427325683646,2578.64265,1946.147196940034,17267.43047214874,13770.180806023804,1,LP,0.004771200008690357
q0.7,2025-05-13,0.7,6335.180442428572,6229.024310169311,59362.98292488537,0.0,120269.63160000001,36081.72052930768,0.0,36081.72052930768,726.4894590682006,1970.2533030129318,19118.77850089947,15581.751104761905,0,LP,0.004789700004039332
q0.7,2025-05-14,0.7,6229.024310169311,6088.647066817461,59413.588756584366,0.0,120592.00526666673,36031.441676786104,0.0,36031.441676786104,1304.2278695473292,1612.282546457965,18996.153032960014,15513.223475714281,0,LP,0.00455889999284409
q0.7,2025-05-15,0.7,6088.647066817461,6197.059358666665,58867.74242619928,208.41193801961305,119598.30981666666,35619.448909185405,1330.3215312485058,36949.77044043392,1654.5514458024677,816.4369242504422,19697.561306149328,15857.453595316665,4,LP,0.00518560002092272
q0.7,2025-05-16,0.7,6197.059358666665,10800.0,58284.556113856575,0.0,74681.34474999999,35304.286148390296,0.0,35304.286148390296,30416.890178189296,18464.839213668434,13393.01900771311,6705.698819047618,0,LP,0.004771799984155223
q0.7,2025-05-17,0.7,10800.0,10786.956455026455,52271.87511651968,0.0,75274.53043333333,32681.819760817696,0.0,32681.819760817696,23669.524810699582,16531.347626308056,8599.698877131103,6977.495280952381,0,LP,0.004819800000404939
q0.7,2025-05-18,0.7,10786.956455026455,6000.937247150793,51965.14814922988,230.9447272095149,120687.037,32546.3558547852,1609.8581286802425,34156.213983465444,0.0,150.05142142857142,14091.003379467977,15721.130024457148,2,LP,0.0048408000147901475
q0.7,2025-05-19,0.7,6000.937247150793,6143.232744560846,57118.16183288948,102.34861619047604,120072.38798333333,34576.1143516181,698.4726748780942,35274.587026496185,4142.5349166666665,1939.9536116813729,18393.365384541452,14770.560013809525,2,LP,0.004772600019350648
q0.7,2025-05-20,0.7,6143.232744560846,6102.249390285716,56320.726102539666,1806.863169823811,120437.57771666667,34135.699376949895,12323.726402495247,46459.42577944515,0.0,377.49493032921725,17155.708127448564,13933.00860208095,5,LP,0.0049042000027839094
q0.7,2025-05-21,0.7,6102.249390285716,5936.414160894179,56606.162559406206,1007.2101327690436,120283.05128333339,34294.50177420785,6793.862483779625,41088.36425798747,2508.7071542769004,556.9528955614326,17549.20560766314,14364.108248659528,5,LP,0.0058080000162590295
q0.7,2025-05-22,0.7,5936.414160894179,6594.039169285714,56555.0399731893,43.92360021190507,119729.6800166667,34398.11193161757,305.81608007824974,34703.92801169582,1218.1553795649602,331.6764977601415,19161.254588721335,14928.753709311903,2,LP,0.005320800002664328
q0.7,2025-05-23,0.7,6594.039169285714,10800.0,55744.21117820988,0.0,74983.38438333334,34038.16541639636,0.0,34038.16541639636,26578.518891358024,16484.57112139035,13025.302813080541,6765.130530952379,0,LP,0.004873500001849607
q0.7,2025-05-24,0.7,10800.0,10800.0,51611.313051108176,0.0,74693.81781666666,32385.675776884997,0.0,32385.675776884997,29269.4782164609,17010.364069685478,8299.838850676071,6722.869469047619,0,LP,0.004859500011662021
q0.7,2025-05-25,0.7,10800.0,6165.2676032142845,50700.05776723873,25.28815878571486,120319.87760000004,31876.211408039613,106.90520679522899,31983.11661483484,3098.8835855143984,813.8096942886517,12836.324315764263,14568.681852876194,2,LP,0.004928200010908768
q0.7,2025-05-26,0.7,6165.2676032142845,6144.756753328043,54814.96397791594,2949.25962216428,119407.96936666663,33613.28354343966,20055.064715857956,53668.34825929762,0.0,189.42329952381,15860.14271291594,12865.17536235953,4,LP,0.005044999998062849
q0.7,2025-05-27,0.7,6144.756753328043,6054.4860622407405,55801.77999149911,85.25341833333164,120046.82735000004,34036.14177204064,594.7278462933215,34630.86961833396,1762.6604967136923,1408.1903900117582,17931.888658345088,14606.073435238099,1,LP,0.004802100011147559
q0.7,2025-05-28,0.7,6054.4860622407405,6096.247072695767,55343.21233126981,660.204332126194,119921.84721666662,33765.82348348511,4605.585420912329,38371.408904397445,0.0,149.51271452380877,18644.71020769841,15064.630358826187,1,LP,0.005066100013209507
q0.7,2025-05-29,0.7,6096.247072695767,6351.189914219578,55587.635800631986,2428.287803288091,120439.31426666665,33799.814419355134,16528.02701246134,50327.84143181648,0.0,302.41637690476136,17757.55352444151,14154.169797426192,5,LP,0.004880499996943399
q0.7,2025-05-30,0.7,6351.189914219578,10800.0,55988.815295781904,0.0,74612.22448333331,33942.982848006766,0.0,33942.982848006766,26333.58121522634,16490.982969300407,13495.204038874197,6927.186194285712,0,LP,0.0055917999998200685
q0.7,2025-05-31,0.7,10800.0,10667.693317724868,51110.945743944736,0.0,74778.33258333332,31927.49958836726,0.0,31927.49958836726,24500.42553744856,16677.63195668724,8751.487967666075,7207.781267857141,0,LP,0.005750900018028915
q0.7,2025-06-01,0.7,10667.693317724868,4822.976809481481,51939.26880548206,15332.658436811898,128248.56003333337,32305.227788850378,91134.31761921485,123439.54540806527,0.0,0.0,6880.767366910638,10833.66642461667,55,LP,0.0048949000192806125
q0.7,2025-06-02,0.7,4822.976809481481,4961.274341910052,62124.22721466193,10156.92954023572,128080.53698333332,37234.52348447967,66590.1960295933,103824.71951407293,0.0,64.89302821281035,18163.097355258673,14587.641078573812,23,LP,0.004831800004467368
q0.7,2025-06-03,0.7,4961.274341910052,5276.169600582008,64322.39978532039,7620.237231964275,128076.84056666664,38810.09574872489,48508.4415719324,87318.5373206573,0.0,16.22394166666652,18161.265839368018,14427.21959708335,27,LP,0.0046820999996270984
q0.7,2025-06-04,0.7,5276.169600582008,5315.458544666665,67398.88767545266,5800.944223192858,128539.84358333335,40786.22700305514,38683.65622960596,79469.88323266109,0.0,52.41369071428562,18246.30179783362,14744.144406569045,18,LP,0.004775400011567399
q0.7,2025-06-05,0.7,5315.458544666665,5700.652656854496,70397.32377048499,4983.332222438097,128455.92066666663,42684.99386094193,32157.02363895072,74842.01749989267,0.0,0.0,20445.59618572311,16214.258209466667,20,LP,0.006006300012813881
q0.7,2025-06-06,0.7,5700.652656854496,10800.0,72934.63500876543,0.0,82747.41500000002,44477.93096716661,0.0,44477.93096716661,10987.224410887718,23674.07602033803,14889.087203730158,7470.748026190475,0,LP,0.00496929997461848
q0.7,2025-06-07,0.7,10800.0,10800.0,70914.39693127137,0.0,83156.75974999997,44547.42915783165,0.0,44547.42915783165,9879.29516471052,28214.6516662375,8915.457545561434,7221.52061190476,0,LP,0.004527100012637675
q0.7,2025-06-08,0.7,10800.0,6254.818425296294,74196.32349190471,44.541960952381146,128266.94665,46966.92178632494,300.24198086857274,47267.163767193524,911.1154833333329,9785.181810532044,12896.359523991763,14536.71463166667,4,LP,0.005224900000030175
q0.7,2025-06-09,0.7,6254.818425296294,6244.348252798943,78069.60948737319,319.0854730404776,128169.18798333328,48246.49924147482,2212.679908510967,50459.179149985786,249.94673333333333,3028.389418862438,22037.20647437977,17859.56039949524,3,LP,0.004794600012246519
q0.7,2025-06-10,0.7,6244.348252798943,6359.882198261905,78379.74657970593,0.0,127414.49178333324,48518.49204740717,0.0,48518.49204740717,213.5552833333329,2230.287822454435,22176.203629832453,17858.744389247615,0,LP,0.0047190999903250486
q0.7,2025-06-11,0.7,6359.882198261905,6138.4188684841265,79028.90193771097,2698.2843514495867,128236.67731666668,48993.42542139572,15529.550427900465,64522.97584929617,0.0,1545.6959314226876,22612.426515111707,18515.382474040478,12,LP,0.004830199992284179
q0.7,2025-06-12,0.7,6138.4188684841265,6806.715381171959,80725.64128605789,0.0,127721.81298333338,50249.71203361696,0.0,50249.71203361696,89.91438333333338,3314.4933422101935,22459.86981980011,17591.02769261905,0,LP,0.005026300001190975
q0.7,2025-06-13,0.7,6806.715381171959,10800.0,80237.12102843772,0.0,81889.59039999997,50161.52388261916,0.0,50161.52388261916,13096.532935101439,32736.698159041745,12971.684617627869,6913.1083833333305,0,LP,0.0046885000192560256
q0.7,2025-06-14,0.7,10800.0,10800.0,75399.8697186243,0.0,82253.15711666664,48072.151103385426,0.0,48072.151103385426,15967.088883333328,31685.21692028513,8180.111394767784,6625.890229761903,0,LP,0.0047904999810270965
q0.7,2025-06-15,0.7,10800.0,6602.68909167725,74672.56048717439,0.47597142857136987,127368.8845166667,47492.5339161905,3.21042728571389,47495.74434347622,0.0,4641.134421987069,16750.03958301587,17345.111879733337,1,LP,0.00496790002216585
q0.7,2025-06-16,0.7,6602.68909167725,6554.480613158731,80108.05985559672,36.129123809523435,127618.63201666664,50052.81129115051,243.8718822085689,50296.68317335908,0.0,3263.945053603757,22260.940735802473,18074.749626666668,4,LP,0.004983999999240041
q0.7,2025-06-17,0.7,6554.480613158731,6026.292922671958,80645.74873003233,415.14601049285505,127311.7546,50379.45055854199,2878.0564151443473,53257.50697368633,0.0,2721.7708644738364,21986.745162225154,18284.63250284048,4,LP,0.0048909000179264694
q0.7,2025-06-18,0.7,6026.292922671958,6564.650761291005,81637.9196816549,9.223100714285351,126909.07891666662,50965.41298474972,62.197446949164224,51027.610431698886,55.22366666666653,6393.447904065257,19923.99082568488,15653.910514047622,2,LP,0.004815000022063032
q0.7,2025-06-19,0.7,6564.650761291005,6570.727726396825,80159.35771494414,105.82856333333291,127349.06689999993,49973.11563341484,712.6740500811876,50685.78968349603,1128.3446166666663,6940.363569188714,20692.129599088767,16755.155706666676,3,LP,0.004610000003594905
q0.7,2025-06-20,0.7,6570.727726396825,10800.0,79501.04985111106,0.0,81137.07971666669,49501.515503350194,0.0,49501.515503350194,17761.702516666668,33129.75784583479,12645.597854562024,6436.589215952382,0,LP,0.005475299985846505
q0.7,2025-06-21,0.7,10800.0,10800.0,73945.745200503,0.0,81408.06479999995,46849.858481557276,0.0,46849.858481557276,20207.53048212264,32798.33892759847,8448.081004115224,6842.9456133333315,0,LP,0.005979899986414239
q0.7,2025-06-22,0.7,10800.0,6360.989347835977,72961.2549366341,17.300041428571376,126539.46191666664,46195.46715541186,116.6075697030949,46312.07472511495,527.3828666666664,6099.068649062316,15209.85236463845,16315.090002304765,2,LP,0.00475890000234358
q0.7,2025-06-23,0.7,6360.989347835977,6357.828341664019,77573.37502606893,8.541328571428608,126690.87308333331,47949.951058776816,58.0321900738098,48007.98324885062,655.4425000000002,5800.780811031748,21406.589206122877,17342.182162514284,2,LP,0.005388699995819479
q0.7,2025-06-24,0.7,6357.828341664019,6100.7765007407415,76302.39122713698,4227.56314950239,127112.84501666667,47177.34470790834,23693.797516407565,70871.14222431593,0.0,392.48895404762084,21579.051733803633,17710.37856121189,17,LP,0.005108800018206239
q0.7,2025-06-25,0.7,6100.7765007407415,6457.843098608468,77374.14676341861,34.87995738095253,126310.40843333337,47767.809480683914,235.35202176762007,48003.161502451534,0.0,2293.99465432392,22927.635588042333,18250.024888233336,2,LP,0.004950900009134784
q0.7,2025-06-26,0.7,6457.843098608468,6455.437500650793,76803.5427350002,122.54871952380961,126697.44536666665,47456.93526188225,826.4176386295244,48283.35290051177,0.0,5205.5211680070415,21975.534164976485,17802.347711792863,4,LP,0.004953299998305738
q0.7,2025-06-27,0.7,6455.437500650793,10800.0,76500.30007624102,0.0,79563.255,47270.279437456746,0.0,47270.279437456746,19061.02980143207,31229.996157992366,13302.747372292766,6865.119122142855,0,LP,0.0048946000169962645
q0.7,2025-06-28,0.7,10800.0,10782.036234920635,71303.31983915517,0.0,80661.57279999995,45042.51056491364,0.0,45042.51056491364,17627.561170677807,30358.78299359493,8190.615509406234,6650.565951190474,0,LP,0.0049091000109910965
q0.7,2025-06-29,0.7,10782.036234920635,6489.820039246032,71680.58183070106,0.0,126384.80871666662,45330.12093695494,0.0,45330.12093695494,24.43125000000009,3119.7285812433847,16482.358117007647,17213.70465088333,0,LP,0.0050931999867316335
q0.7,2025-06-30,0.7,6489.820039246032,6222.8441264047615,75896.65542480502,96.31259285714293,125947.32058333333,46889.81018494861,649.7370058357149,47539.54719078433,0.0,2214.674274914748,21794.14779458554,17893.538035171423,4,LP,0.004645700013497844
q0.7,2025-07-01,0.7,6222.8441264047615,4680.8231114735445,76378.1494546344,5709.870125808465,141546.85106666663,47039.1914257697,33174.349600404705,80213.54102617443,0.0,607.9143621428561,21059.895254761905,18446.334069795244,28,LP,0.005190199997741729
q0.7,2025-07-02,0.7,4680.8231114735445,4845.05128390741,78026.53802172384,3207.5743996642923,141198.65821666675,47734.061940055566,20038.72820831272,67772.79014836828,704.2325833333325,3319.883917830681,21881.179991405075,17575.95043784762,24,LP,0.0049455999978818
q0.7,2025-07-03,0.7,4845.05128390741,5328.142227690477,77505.56857820411,6978.754448140485,141565.53863333337,47509.66931368693,42269.556937247246,89779.22625093421,0.0,258.93644047619205,21211.50422700176,16746.536574466667,32,LP,0.005031799984863028
q0.7,2025-07-04,0.7,5328.142227690477,10379.497147783068,78646.07124017183,0.0,95795.06574999998,48457.499404333066,0.0,48457.499404333066,18734.38393512772,23493.985878927113,15740.076480878894,8203.242521428572,0,LP,0.006231500010471791
q0.7,2025-07-05,0.7,10379.497147783068,10791.501453703704,74351.70662166328,0.0,95872.83490000002,47081.27050563266,0.0,47081.27050563266,19335.112203553363,23925.945151463835,10156.660129741325,7856.090829761905,0,LP,0.005751099990447983
q0.7,2025-07-06,0.7,10791.501453703704,5767.795518820108,74889.51998304231,4104.642074365232,141244.57465000002,47634.49093802797,27063.902064028425,74698.39300205636,0.0,583.0876614285716,16518.043091443265,17900.950245464282,17,LP,0.005999299988616258
q0.7,2025-07-07,0.7,5767.795518820108,5842.661577531746,82838.06262165339,115.59076738095212,141495.39414999998,51747.21549190269,781.4023426247601,52528.61783452744,774.5457666666666,4873.660934185768,20150.444571972366,16254.480650457148,6,LP,0.005193499993765727
q0.7,2025-07-08,0.7,5842.661577531746,6139.861998873017,83073.33609811876,412.43081171666523,141285.22700000004,52024.61966005762,2863.8753178029565,54888.49497786058,604.8278463168732,2644.0681797295656,23147.386778500884,18481.902911378573,5,LP,0.0051407999999355525
q0.7,2025-07-09,0.7,6139.861998873017,6449.11027294974,82357.69609494707,51.29286404761899,140590.70496666664,51787.652315173196,345.79084297702343,52133.44315815022,467.92645114932645,3520.0403457054745,21494.598414758955,17132.301269285716,1,LP,0.00516339999740012
q0.7,2025-07-10,0.7,6449.11027294974,6525.697497542327,81818.53664900646,130.65182976190476,140463.54224999994,51524.28575760507,880.6652387214286,52404.95099632649,1109.544433333333,3873.7303461522615,21280.85165166373,17168.56133571429,5,LP,0.005464299989398569
q0.7,2025-07-11,0.7,6525.697497542327,10800.0,80465.52172571133,0.0,94741.08839999996,50759.62010610573,0.0,50759.62010610573,14271.818096296302,27145.683944300417,14117.738331067016,7588.495795952381,0,LP,0.00612350000301376
q0.7,2025-07-12,0.7,10800.0,10800.0,76194.53747351542,0.0,95318.37109999993,48979.82584600486,0.0,48979.82584600486,16579.183439135646,26827.068498821292,8968.643169606115,7264.600967380952,0,LP,0.0049368999898433685
q0.7,2025-07-13,0.7,10800.0,6290.545152708996,76536.43833322456,54.35280857142959,139893.36648333335,49186.072925391534,365.81262033238784,49551.885545723926,2817.612533333333,5691.89478891828,15116.172537401533,16302.609117857144,4,LP,0.00496189997647889
q0.7,2025-07-14,0.7,6290.545152708996,6299.1974977857135,79577.17028531159,45.59985357142841,141062.42346666663,50138.3910176159,307.3205028969037,50445.7115205128,811.7246251028797,3271.9795008847723,19597.89308241916,15866.506286190475,4,LP,0.0054216000135056674
q0.7,2025-07-15,0.7,6299.1974977857135,6693.593967986772,79126.0373606555,0.0,139545.1626666667,49991.75421676471,0.0,49991.75421676471,176.41471666666666,2042.1243054801084,20018.373326286484,15859.925571111113,0,LP,0.005089999991469085
q0.7,2025-07-16,0.7,6693.593967986772,6338.975397857143,77981.05477057025,159.79635048332852,140365.26538333335,49281.67215522634,1103.6015870336046,50385.27374225994,968.6676833333333,1551.3442722075251,20028.592080505576,16542.316298326194,3,LP,0.005425399984233081
q0.7,2025-07-17,0.7,6338.975397857143,6155.21042232804,78210.4623642828,216.16819029047554,139569.1592833334,49387.498191762556,1502.0027907104047,50889.50098247296,429.5827697736678,1330.4586739417994,21639.79748509112,17693.624440900003,3,LP,0.005021499993745238
q0.7,2025-07-18,0.7,6155.21042232804,10800.0,78662.51881007936,0.0,93698.07319999997,49621.24349764136,0.0,49621.24349764136,14953.091730452677,25641.353117084072,13755.343382304523,6961.517519761905,0,LP,0.004950800008373335
q0.7,2025-07-19,0.7,10800.0,10749.305387566137,73338.41292283653,0.0,94564.52239999994,47400.37616794391,0.0,47400.37616794391,20192.803131893015,24435.10112068489,8280.604060258664,6752.9144400000005,0,LP,0.005663299991283566
q0.7,2025-07-20,0.7,10749.305387566137,6475.393896378305,72799.13966191652,24.862828571428736,138750.53876666672,47123.164870387984,173.44309211428686,47296.60796250227,0.0,1647.731190014697,15435.86013618753,16349.567052380953,1,LP,0.0051992000080645084
q0.7,2025-07-21,0.7,6475.393896378305,6163.238751410052,78112.0678733392,487.91654016191313,138442.8198,49320.2030560339,3396.8025382671253,52717.00559430102,0.0,1026.5016347648434,20340.38452214579,16756.65109340952,2,LP,0.0051688999810721725
q0.7,2025-07-22,0.7,6163.238751410052,6236.243183796297,79044.90280587893,123.2803085309489,139514.85881666662,49742.913265504845,835.5746694035663,50578.48793490841,0.0,1273.0201879629644,21233.233266487357,17133.21495670715,6,LP,0.005151099991053343
q0.7,2025-07-23,0.7,6236.243183796297,6188.864948383599,78840.43978419756,676.5096205833366,139450.03365000003,49616.78463037969,4707.877913026261,54324.662543405946,0.0,1248.1285772986523,21552.179593089357,17499.905882273808,5,LP,0.006006999989040196
q0.7,2025-07-24,0.7,6188.864948383599,6518.226106595236,79192.12465847148,621.711774659521,138902.21751666671,49876.23670772173,4337.0613400248185,54213.298047746546,218.90526666666642,1813.9252725191056,20358.467639761897,16193.933745816668,1,LP,0.005078499991213903
q0.7,2025-07-25,0.7,6518.226106595236,10800.0,78863.64924949441,0.0,92354.83968333332,49695.59974156996,0.0,49695.59974156996,19292.407962139914,26673.109374714862,13364.293904782482,6971.481558809524,0,LP,0.004601699998602271
q0.7,2025-07-26,0.7,10800.0,10800.0,73361.43268296294,0.0,93187.68993333334,47319.63655859977,0.0,47319.63655859977,17660.278770987654,25525.10342448853,8983.994320105818,7277.0353992857135,0,LP,0.004886000009719282
q0.7,2025-07-27,0.7,10800.0,6213.273146108464,73568.92161995589,648.5373665595298,138110.19628333335,47374.54060688165,3508.190568058823,50882.73117494048,0.0,1407.3368217225134,17120.98175418577,17996.049389392847,7,LP,0.005088399979285896
q0.7,2025-07-28,0.7,6213.273146108464,6041.685520563492,78922.37861565255,3475.976681576185,138228.99843333327,49644.16286593611,22454.134382799824,72098.29724873594,0.0,1005.9029336096393,18905.284175138157,15467.709044852385,17,LP,0.0050338999717496336
q0.7,2025-07-29,0.7,6041.685520563492,6281.854018071426,79901.18030093473,1280.0858662404871,138314.74511666666,50141.214732926375,8811.319499667417,58952.53423259379,0.0,911.0662934509087,20972.643557721913,16771.689633997616,6,LP,0.004702500009443611
q0.7,2025-07-30,0.7,6281.854018071426,6304.8767107804215,79739.79581678427,175.35797095238206,138424.36443333334,50008.10729633623,860.7704474873865,50868.87774382362,7.873685799528552,1562.4696746795976,22214.926072733695,17973.369695476187,6,LP,0.004701699974248186
q0.7,2025-07-31,0.7,6304.8767107804215,6291.402946962963,79680.12775722252,441.27381024524243,137423.31371666663,49870.38642978957,3041.4881803014064,52911.87461009099,0.0,1212.1277419723729,22244.23129612874,18029.953737299995,8,LP,0.004754299996420741
q0.7,2025-08-01,0.7,6291.402946962963,10800.0,79504.32467527922,0.0,92719.4241,49773.75590858908,0.0,49773.75590858908,24589.095685714285,27058.068187710167,13410.862039235748,6805.060904047618,0,LP,0.004717800009530038
q0.7,2025-08-02,0.7,10800.0,10739.21671957672,73737.5715780188,0.0,91562.24421666664,47223.16567814119,0.0,47223.16567814119,24035.081169547328,27159.61256119634,8792.409822751319,7176.556908809525,0,LP,0.005168200004845858
q0.7,2025-08-03,0.7,10739.21671957672,5828.147376161374,72664.48242716635,419.4587504761914,138062.48614999998,46640.8369339976,2561.30221125322,49202.139145250825,5243.866133333333,6896.041624720744,13286.925501731337,15182.372065476193,11,LP,0.004819499998120591
q0.7,2025-08-04,0.7,5828.147376161374,6038.347951015872,75929.93829009704,4.902838333333079,138312.10694999996,47741.6805271128,33.01081049833163,47774.69133761114,2957.5534333333335,3778.508454500302,18915.492841549087,15132.368684285713,1,LP,0.004820800008019432
q0.7,2025-08-05,0.7,6038.347951015872,6062.707999203706,73588.00621132569,38.36885023809555,136458.4972833334,46509.35203908337,259.0388618125021,46768.39090089587,2429.701561719585,2404.272018938852,19042.98791685774,15402.896169285712,4,LP,0.005168400006368756
q0.7,2025-08-06,0.7,6062.707999203706,5911.7487898968275,71809.86696223728,1404.935009408614,136716.0878,45463.40784035809,9310.482299311869,54773.89013966997,861.9180224985399,704.1033929482659,19317.076725834788,15782.69543630237,7,LP,0.004688599990913644
q0.7,2025-08-07,0.7,5911.7487898968275,6338.63681083069,71118.4394947678,76.41277023809528,136850.75446666667,45119.03682217985,515.7144380619051,45634.751260241756,2271.1153978982934,1210.0635521222794,20744.678137604336,16418.990072619043,3,LP,0.005032300017774105
q0.7,2025-08-08,0.7,6338.63681083069,10800.0,68909.25061344501,0.0,90703.2161166667,43988.813729399786,0.0,43988.813729399786,27903.245412551434,18467.167909706055,14465.46932071135,7701.80327952381,0,LP,0.0046419000136666
q0.7,2025-08-09,0.7,10800.0,10800.0,63244.76663516811,0.0,90303.83175,41545.14075002988,0.0,41545.14075002988,25199.306712551446,17311.540832792474,9536.78994644327,7724.799856619048,0,LP,0.004749199986690655
q0.7,2025-08-10,0.7,10800.0,6005.2428743809505,62969.10816275631,1015.6274765309648,136535.4447166666,41361.912431620294,7016.896113966915,48378.80854558722,0.0,381.56402178130634,13757.02095033216,15458.468382826188,8,LP,0.0048878000234253705
q0.7,2025-08-11,0.7,6005.2428743809505,6008.932751746034,69008.68493708408,201.95645976190542,136422.26351666663,43911.588044954886,1362.3688289730999,45273.95687392799,173.51310328630655,531.8196968988792,20740.707229994117,16796.65196666667,7,LP,0.0056687000032979995
q0.7,2025-08-12,0.7,6008.932751746034,6134.199054595238,69023.16833875954,2463.0603373785652,136637.59669999994,43910.01924886794,16755.424172504347,60665.44342137229,0.0,217.76560571428513,17869.367093997647,14361.44767357382,13,LP,0.004954000003635883
q0.7,2025-08-13,0.7,6134.199054595238,6220.747063285714,69538.51038512052,685.9212952142817,136547.99718333327,44287.83100851512,4524.004788012448,48811.83579652757,0.0,387.72692523809496,19146.484722501467,15430.759417404766,10,LP,0.004777599999215454
q0.7,2025-08-14,0.7,6220.747063285714,6138.3126914444465,69230.52394599353,1067.4211215690518,135936.05536666667,44049.224985823006,7197.165752263684,51246.39073808669,0.0,485.8138155143988,20842.269491431507,16956.42922271667,11,LP,0.004931600007694215
q0.7,2025-08-15,0.7,6138.3126914444465,10800.0,69845.72961458552,0.0,89968.05776666665,44361.44937389429,0.0,44361.44937389429,26894.235551028814,18758.911482295713,14933.353264356252,7900.497566428571,0,LP,0.004565200011711568
q0.7,2025-08-16,0.7,10800.0,10800.0,64856.428815778934,0.0,90183.53035000002,42304.52972273552,0.0,42304.52972273552,27290.825795473247,18822.132453665483,9548.36947354497,7734.179273571426,0,LP,0.004931799980113283
q0.7,2025-08-17,0.7,10800.0,6068.489145335981,64544.32599627279,245.00318928571403,135369.11649999995,42193.99441734658,1651.144933614522,43845.13935096111,2071.1640226954732,944.0914344561949,15089.683583883014,16481.00347214286,6,LP,0.004709700006060302
q0.7,2025-08-18,0.7,6068.489145335981,6101.940141534393,69492.8466581128,166.1118538095236,135710.1747166666,44316.14059675129,1127.4879052048796,45443.62850195617,283.7906599617865,949.6809488771298,21059.29152546442,17027.92023904762,5,LP,0.005460100015625358
q0.7,2025-08-19,0.7,6101.940141534393,6112.43265694709,69404.59641800998,251.04748619047643,135364.48288333326,44283.9234988895,1693.2878142327397,45977.211313122236,1263.1607206408044,329.2666577042964,19663.753747283947,15918.197271428577,6,LP,0.004793699976289645
q0.7,2025-08-20,0.7,6112.43265694709,6052.220320822753,68839.16971928277,5461.229421711903,135048.05366666662,44000.193073223854,35138.152618224616,79138.34569144849,0.0,485.22283564079356,16940.401795784834,13775.916557097618,14,LP,0.005102199997054413
q0.7,2025-08-21,0.7,6052.220320822753,6270.70450992857,69851.70019312168,88.42663839999909,134971.79889999994,44471.958671745844,578.8616539524414,45050.820325698274,0.0,120.67638119047615,19886.295772645495,15911.26380564762,6,LP,0.005137000000104308
q0.7,2025-08-22,0.7,6270.70450992857,10800.0,69652.68503338919,0.0,90531.73040000003,44349.229796224914,0.0,44349.229796224914,23870.722724485597,17698.10192563197,14615.3949589859,7762.1039757142835,0,LP,0.004775600013090298
q0.7,2025-08-23,0.7,10800.0,10800.0,65194.509348938846,0.0,89697.14623333332,42628.44245506949,0.0,42628.44245506949,21970.449109053505,18912.705016725446,9375.521437683712,7594.172364523808,0,LP,0.004925899993395433
q0.7,2025-08-24,0.7,10800.0,5990.711622886241,66009.86045525962,628.3983141833335,135068.0714,43037.24325415648,4216.943206720736,47254.18646087721,2613.3695333333335,1714.8408639682402,15288.518043212825,16712.05915440477,7,LP,0.00488490000134334
q0.7,2025-08-25,0.7,5990.711622886241,6081.886948634921,71500.6892701745,3523.1087148904735,134511.61374999996,45446.1501574951,23948.48737491311,69394.63753240822,0.0,612.3494162286879,18717.38820524104,15079.026653071434,7,LP,0.006021799985319376
q0.7,2025-08-26,0.7,6081.886948634921,6164.091082153438,72350.87228738364,63.46553835476618,134368.9639333333,45978.7312270391,411.30664076422846,46390.03786780333,1232.5977713786058,1672.1934659139235,20561.813078662544,16581.08487355,6,LP,0.004638500016881153
q0.7,2025-08-27,0.7,6164.091082153438,6093.340755002648,72227.5674391299,666.3658432952498,133788.38209999996,45972.36225947265,4643.058021213376,50615.42028068603,0.0,1049.6893499412135,21019.844001331563,17089.748935514268,4,LP,0.0046221000084187835
q0.7,2025-08-28,0.7,6093.340755002648,6239.881571380954,71927.97769458011,2979.923758783327,134543.81656666673,45871.3358369905,19807.748871982432,65679.08470897294,0.0,419.0000662051808,18890.629837286884,15169.52343346191,11,LP,0.004638100013835356
q0.7,2025-08-29,0.7,6239.881571380954,10800.0,72538.27182954732,0.0,88328.33255000002,46231.36895442749,0.0,46231.36895442749,21746.1501744856,21231.883213780133,15267.955292233977,8262.937200952376,0,LP,0.004856199986534193
q0.7,2025-08-30,0.7,10800.0,10790.555898941799,67731.70160691947,0.0,89025.08758333338,44185.321545427294,0.0,44185.321545427294,27025.00427119341,20490.689928130505,9009.406659024102,7306.119084761905,0,LP,0.004792399995494634
q0.7,2025-08-31,0.7,10790.555898941799,6382.290000690477,67136.6721400764,50.753305238095436,133365.3598333333,43971.56659280184,349.6073007078585,44321.1738935097,320.3660469576664,1221.900276966492,15610.396560437977,16611.860522380954,5,LP,0.005000499979360029
q0.7,2025-09-01,0.7,6382.290000690477,9357.493068309526,72753.56156314816,0.0,121263.61926666668,46359.34744323383,0.0,46359.34744323383,3919.0071499999995,8886.202555576128,19455.445070429152,13081.227746190476,0,LP,0.004856100014876574
q0.7,2025-09-02,0.7,9357.493068309526,8824.071871539687,66792.17344010879,0.0,121532.82415000007,43148.96553344667,0.0,43148.96553344667,2176.9418625485037,7634.8732171252195,17908.85046067314,14986.247950238092,0,LP,0.005508299975190312
q0.7,2025-09-03,0.7,8824.071871539687,8264.294692018522,65683.03841089652,0.0,121433.71643333333,42105.323291476445,0.0,42105.323291476445,2962.431930602588,4619.673144159315,16089.555514229869,13536.339428095234,0,LP,0.007179400010500103
q0.7,2025-09-04,0.7,8264.294692018522,7849.734550000002,64152.09210040662,0.0,121061.17303333328,40877.74490259851,0.0,40877.74490259851,3223.2171685596686,3812.652366790114,18756.637594071137,15565.980579014287,0,LP,0.005171400000108406
q0.7,2025-09-05,0.7,7849.734550000002,10800.0,62079.27191733686,0.0,75132.98044999999,39512.779032799335,0.0,39512.779032799335,28269.053770987655,21913.897668356847,12720.104770135213,7648.045958809524,0,LP,0.005826499982504174
q0.7,2025-09-06,0.7,10800.0,10800.0,56476.51503305995,0.0,75826.37416666665,36674.31260167923,0.0,36674.31260167923,27503.794532098764,19440.257129129914,9533.57722016461,7722.197548333333,0,LP,0.00480480000260286
q0.7,2025-09-07,0.7,10800.0,6461.276372656084,54989.49993193707,0.0,120781.00903333336,35509.27992841694,0.0,35509.27992841694,0.0,928.2345505496645,15816.489628054085,16716.207863333337,0,LP,0.004992600006517023
q0.7,2025-09-08,0.7,6461.276372656084,5860.496506396826,58033.33525989414,4240.12264043334,121400.59243333335,36199.0305694431,28409.295372678378,64608.32594212145,0.0,106.1713152380953,17433.783849417978,14662.066797661897,12,LP,0.004708400025265291
q0.7,2025-09-09,0.7,5860.496506396826,5988.946790685185,59743.48067544094,991.5684967280718,121082.23558333333,37065.01000872676,6827.600816669746,43892.6108253965,3106.2001479600276,480.32555165196743,20684.65236858318,16638.963162692857,4,LP,0.005004499980714172
q0.7,2025-09-10,0.7,5988.946790685185,5997.7787263174605,59232.106577542625,5500.93104885952,121274.78848333338,36932.821995354214,34886.15098859585,71818.97298395007,0.0,125.8340461904761,17280.295727066423,13989.090796854762,19,LP,0.005435300001408905
q0.7,2025-09-11,0.7,5997.7787263174605,6140.871810653439,60538.09745118164,255.34847477856977,120746.77835000001,37514.72232623503,1570.479889448755,39085.202215683785,2053.1519330746596,967.4496751234533,21831.446097507338,17554.687563078573,8,LP,0.004756400012411177
q0.7,2025-09-12,0.7,6140.871810653439,10800.0,60144.38150862728,0.0,75687.22711666669,37288.97987550553,0.0,37288.97987550553,24038.151201234577,17334.26001144033,15932.098555476196,8711.784459523811,0,LP,0.0048462999984622
q0.7,2025-09-13,0.7,10800.0,10800.0,55651.21637708143,0.0,75063.58311666665,35516.312524565656,0.0,35516.312524565656,27949.194884041746,17743.913678515575,10268.454374688423,8317.44804349762,0,LP,0.005474200006574392
q0.7,2025-09-14,0.7,10800.0,5798.503749261903,55730.66173605148,2660.48994331905,121237.69566666667,35610.84113464892,17137.577449517416,52748.41858416635,0.0,92.17977259847129,14215.756749664903,16016.109592892857,9,LP,0.005373899999540299
q0.7,2025-09-15,0.7,5798.503749261903,5996.92936724603,62379.98875135214,245.60969024285893,120760.02988333338,38621.17226345488,1582.8919136499192,40204.064177104796,2176.756093365664,1020.0555499735411,22016.700572298636,17654.94440737619,6,LP,0.004829399986192584
q0.7,2025-09-16,0.7,5996.92936724603,5771.8402161957665,61465.420677139926,1691.9564255761957,121843.35746666664,38156.72153983024,11376.656485887701,49533.378025717946,0.0,36.25045428571423,20168.0889528542,16538.73228775713,9,LP,0.004981299978680909
q0.7,2025-09-17,0.7,5771.8402161957665,5792.367503822751,62916.146623991764,1510.548441869048,120924.79499999994,38878.79537858816,9173.27995182417,48052.07533041235,0.0,450.40481809523715,21040.51204684891,17024.340199083334,13,LP,0.005570300010731444
q0.7,2025-09-18,0.7,5792.367503822751,6072.727642994708,62401.30254512936,1260.6739079547588,120804.1163666667,38633.05253323675,7720.198544917253,46353.251078154,0.0,351.1095369047623,21592.06144346267,17237.24564395001,9,LP,0.004903399996692315
q0.7,2025-09-19,0.7,6072.727642994708,10800.0,63009.99830700764,0.0,75287.12646666665,39031.11039279717,0.0,39031.11039279717,20453.414800279243,19267.90265203704,15435.702193262787,8248.373655238094,0,LP,0.005409500008681789
q0.7,2025-09-20,0.7,10800.0,10800.0,58413.66069851851,0.0,75330.72763333337,37222.753572939524,0.0,37222.753572939524,20847.83317192827,19873.436884341565,10773.457415343917,8726.500506428569,0,LP,0.004771100007928908
q0.7,2025-09-21,0.7,10800.0,6070.015035862435,59509.07026930041,386.5427709523763,120862.2829833333,37881.55964718794,2452.8162820473576,40334.3759292353,1646.641185185187,1357.031609453262,15060.206473709582,16455.753711428573,6,LP,0.004685700027039275
q0.7,2025-09-22,0.7,6070.015035862435,5861.080224544973,64515.601691269825,543.3318331071462,121218.04173333335,39915.281314921376,3381.5896406567285,43296.870955578095,332.17748502646106,233.75566753380005,21405.37799299528,17526.397504511897,8,LP,0.005045900004915893
q0.7,2025-09-23,0.7,5861.080224544973,6066.21822342857,65276.192425161666,1709.8014171685104,121182.28133333329,40296.949315362566,11377.348811296588,51674.29812665915,0.0,608.9381081834148,21451.66290430629,17191.222753492864,9,LP,0.004918199992971495
q0.7,2025-09-24,0.7,6066.21822342857,5906.757706984128,65675.86265670783,973.8148934547547,121014.19341666662,40672.106776580775,5002.817596702473,45674.92437328325,741.0093147619086,901.0849389124041,21515.119269938266,17570.76107345,7,LP,0.004841700021643192
q0.7,2025-09-25,0.7,5906.757706984128,5862.316189912698,65951.47859751909,254.81715261904822,120546.34715000007,40819.36657482156,1352.1624210666712,42171.52899588823,1273.687706025867,498.62479246031694,21781.745879032922,17683.211527380954,7,LP,0.005549299996346235
q0.7,2025-09-26,0.7,5862.316189912698,10800.0,65969.19453910932,0.0,74194.35371666666,40834.67938237526,0.0,40834.67938237526,18844.056459688418,21976.851879223977,15842.775111149329,8388.732410952382,0,LP,0.004834299994399771
q0.7,2025-09-27,0.7,10800.0,10779.28962962963,60714.61000174013,0.0,75945.77174999997,38685.85278913799,0.0,38685.85278913799,20450.669609709003,20435.897866025858,10765.155838624334,8738.415562619048,0,LP,0.004771599982632324
q0.7,2025-09-28,0.7,10779.28962962963,5834.154713838623,61056.50260507937,1458.5048751714203,120389.61958333332,38850.6581844059,8780.355846915296,47631.01403132118,0.0,416.4628319047612,16113.35213626984,17502.436654590492,10,LP,0.004897300008451566
q0.7,2025-09-29,0.7,5834.154713838623,5910.941658354497,67517.70220323044,639.9530293238096,121111.41479999997,41699.7747437795,3698.3276597127992,45398.10240349231,0.0,1124.289967066426,22128.239028544973,17854.765363057148,8,LP,0.004838299995753914
q0.7,2025-09-30,0.7,5910.941658354497,6087.4503572063495,68087.38817186655,2293.232750426203,120916.45506666665,42161.72606893059,14200.406183253655,56362.132252184245,0.0,735.529669761903,21389.782404723683,17166.86591885952,13,LP,0.004824799980269745
q0.7,2025-10-01,0.7,6087.4503572063495,7713.795458399469,68981.40536562611,0.0,117218.45471666665,42762.88015629483,0.0,42762.88015629483,6568.485845905349,7519.499761402112,19832.566494271014,14600.668269285716,0,LP,0.004639200022211298
q0.7,2025-10-02,0.7,7713.795458399469,7759.24013300265,65528.0460183686,0.0,117231.7097833333,40858.376214175616,0.0,40858.376214175616,4721.307580132274,5320.600254115221,19549.762422692544,15794.407355238096,0,LP,0.004946300003211945
q0.7,2025-10-03,0.7,7759.24013300265,10800.0,64176.991908527314,0.0,71524.19113333334,39888.0534897963,0.0,39888.0534897963,26354.45523243974,24817.02313955613,12903.557664388589,7715.197827857141,0,LP,0.004904300003545359
q0.7,2025-10-04,0.7,10800.0,10800.0,59382.24864161082,0.0,72397.41483333331,37547.475071676075,0.0,37547.475071676075,21714.61277952381,22680.978804679595,9950.919074074074,8060.24445,0,LP,0.005102499999338761
q0.7,2025-10-05,0.7,10800.0,6753.694294256612,58690.89529834802,0.0,117604.42090000003,37006.54680965953,0.0,37006.54680965953,3010.711150102885,1597.0496352792443,15730.782007727803,16383.608561428568,0,LP,0.0046916000137571245
q0.7,2025-10-06,0.7,6753.694294256612,6252.526333259259,61790.34177330688,0.0,117896.13613333333,37943.09615790456,0.0,37943.09615790456,178.7030849500321,395.19863225455254,20707.273531578478,17223.94272547619,0,LP,0.005449500022223219
q0.7,2025-10-07,0.7,6252.526333259259,6034.513754068784,61355.7010887772,554.6351651619124,117357.17863333324,37461.74439410553,2804.801493376467,40266.54588748201,0.0,274.8002028894758,21369.391433268658,17505.41838221904,6,LP,0.005589899985352531
q0.7,2025-10-08,0.7,6034.513754068784,6025.648622830688,60707.88277251908,378.3616978952364,117391.06235000005,36830.64366680731,2137.1198668904613,38967.76353369777,0.0,486.89988909464523,21730.671225091133,17609.822310438096,8,LP,0.006618999992497265
q0.7,2025-10-09,0.7,6025.648622830688,6139.596995365078,61538.68250343328,472.56877802856997,117432.9897333333,37336.05849528203,2927.376368531526,40263.43486381354,1249.8117121428602,769.5537255584912,21733.42434287479,17501.52018244762,7,LP,0.004853300022659823
q0.7,2025-10-10,0.7,6139.596995365078,10800.0,62116.94012865959,0.0,72371.53011666666,37792.06557646139,0.0,37792.06557646139,26034.90759701058,19581.6832653498,15591.45076558496,8434.712415952383,0,LP,0.004873099998803809
q0.7,2025-10-11,0.7,10800.0,10800.0,57153.30955416812,0.0,71790.96475,35846.22573031127,0.0,35846.22573031127,21282.672048744855,19723.107722433855,10743.243156084653,8702.02695642857,0,LP,0.004667399975005537
q0.7,2025-10-12,0.7,10800.0,5805.9251038095235,57297.74419487948,225.7788829166665,117709.38418333342,35983.93478842076,1417.925545491484,37401.86033391225,0.0,443.2220422398612,16105.32873049677,17539.983678273813,6,LP,0.004815699998289347
q0.7,2025-10-13,0.7,5805.9251038095235,6074.242579441799,63300.86346577896,202.03284549523738,117677.75383333332,38593.00836738823,1215.5224852021177,39808.53085259036,1343.4355424485589,705.0730190770067,22028.982745681955,17601.990295933338,5,LP,0.005285799998091534
q0.7,2025-10-14,0.7,6074.242579441799,5900.463091970898,62909.41955574073,2028.9275366119077,118032.22918333327,38436.30117503902,12264.644168600407,50700.94534363944,0.0,373.5373859523826,20775.694535740753,16984.714112673806,12,LP,0.004969100002199411
q0.7,2025-10-15,0.7,5900.463091970898,6052.607387955025,63656.386028101115,2298.634375495237,117342.48076666666,38940.40793184698,15172.1401810907,54112.54811293769,0.0,124.77302880952334,19859.44136000588,15949.217635219044,10,LP,0.005989800003590062
q0.7,2025-10-16,0.7,6052.607387955025,6233.586859431215,64335.317887398574,3030.711844108528,117733.27633333336,39356.46907743187,19464.731294542686,58821.20037197455,0.0,225.34232547619013,21112.278587907113,16938.064131876192,13,LP,0.004789300000993535
q0.7,2025-10-17,0.7,6233.586859431215,10800.0,65252.30573429457,0.0,71943.17253333335,39978.29127453719,0.0,39978.29127453719,20507.974345479128,21763.167292501465,15090.489227028225,8113.524447380951,0,LP,0.0052100000029895455
q0.7,2025-10-18,0.7,10800.0,10800.0,61142.64928538215,0.0,71656.70145000001,38379.43813586449,0.0,38379.43813586449,20754.782627724868,22454.38148854791,9773.115276014107,7916.223373571426,0,LP,0.004840600013267249
q0.7,2025-10-19,0.7,10800.0,5968.451622706351,61444.009041981146,1979.2592390999953,117991.24738333332,38515.52166917618,13000.671771611771,51516.19344078795,0.0,733.841657921806,16589.987523106996,17786.283433280954,12,LP,0.005125600000610575
q0.7,2025-10-20,0.7,5968.451622706351,5905.523467994708,67737.21539981186,1396.2586862333378,117903.31865000003,41451.32437068453,7238.217415448893,48689.54178613344,0.0,603.8730721869549,21818.178875958245,17729.360228766654,13,LP,0.004971700021997094
q0.7,2025-10-21,0.7,5905.523467994708,5879.245934769841,68955.45258401232,1746.6080181976172,117800.84898333332,42209.706211248274,10616.256355688894,52825.96256693715,0.0,251.54237764256254,21113.613970893577,17125.677096326184,9,LP,0.005535500007681549
q0.7,2025-10-22,0.7,5879.245934769841,5990.3151350555545,70134.58509164608,1488.5062619047626,117671.98653333336,42861.189277395664,7442.817831442445,50304.00710883811,444.80837357143366,1327.0837520811297,22086.001303374473,17789.69877547619,13,LP,0.006412099988665432
q0.7,2025-10-23,0.7,5990.3151350555545,6206.378126867724,70544.80437743678,3.8343440761881737,117212.01551666661,43249.544498580355,19.815476450063443,43269.35997503041,823.6220999999998,1824.1797145120563,22773.06937387713,18251.72950020953,2,LP,0.005750800017267466
q0.7,2025-10-24,0.7,6206.378126867724,10800.0,70375.55777682243,0.0,72135.5185333333,43188.962511646816,0.0,43188.962511646816,20174.203400141094,24812.60903755732,14918.078613885957,7949.383991428572,0,LP,0.0050134999910369515
q0.7,2025-10-25,0.7,10800.0,10800.0,65641.61507005585,0.0,72042.78699999997,41366.34350848344,0.0,41366.34350848344,19458.72746837154,24976.414452607292,9516.002188124632,7707.961772380954,0,LP,0.004960100020980462
q0.7,2025-10-26,0.7,10800.0,6158.838764600527,66175.24724029982,0.0,117422.34435000003,41768.126251496666,0.0,41768.126251496666,1056.9372833333325,1642.1900784656177,16362.384072072304,17430.5762102381,0,LP,0.005555400013690814
q0.7,2025-10-27,0.7,6158.838764600527,5915.352357365079,71247.18598733687,834.3418082928587,117790.56431666661,43818.512459023455,5745.680519621424,49564.19297864488,1458.5600305878863,3206.228970526163,21491.02575979424,17626.86863194524,4,LP,0.005493399978149682
q0.7,2025-10-28,0.7,5915.352357365079,6019.788113066138,71210.40677369785,0.0,117514.14480000001,43810.68926665308,0.0,43810.68926665308,0.0,824.9714390035193,22731.69186612286,18318.678231428574,0,LP,0.004965700005413964
q0.7,2025-10-29,0.7,6019.788113066138,6009.621470095237,70923.52606749556,2754.0237608071457,117721.61451666661,43684.366718940924,17002.911011275333,60687.27773021627,0.0,385.17631017930853,20996.140509459132,17016.023791335712,14,LP,0.005274600000120699
q0.7,2025-10-30,0.7,6009.621470095237,6131.364973722227,72054.12531451501,3.641833333333352,116916.07056666665,44412.6529976123,17.058347333333423,44429.71134494563,1300.5579925749566,1600.9972775455656,22414.868812965895,18046.474585238095,1,LP,0.005244100000709295
q0.7,2025-10-31,0.7,6131.364973722227,10800.0,72260.96773894182,0.0,71748.98903333335,44623.09745251315,0.0,44623.09745251315,15500.127029047615,25815.1398691799,14945.45921261904,7904.050438571427,0,LP,0.004597999999532476
q0.7,2025-11-01,0.7,10800.0,10800.0,67919.55889343034,0.0,71974.20948333332,42971.548119176674,0.0,42971.548119176674,17050.142968259846,26527.9832643298,9459.969618459729,7662.575390952379,0,LP,0.004956699995091185
q0.7,2025-11-02,0.7,10800.0,6080.933503005292,68402.69727838035,555.5769809166696,117843.23631666665,43262.343328794996,3124.5313141315264,46386.874642926516,0.0,939.2268654056453,18262.227936069954,19039.564475511906,7,LP,0.004632099997252226
q0.7,2025-11-03,0.7,6080.933503005292,6140.811548788362,74510.78978792767,0.0,117808.91503333332,46088.3196254191,0.0,46088.3196254191,0.0,611.0530521810634,22846.927427413288,18452.120975,0,LP,0.005079800001112744
q0.7,2025-11-04,0.7,6140.811548788362,6012.766181428572,75430.49261823927,229.5628024333308,117396.61073333328,46638.581131631356,1418.126682290393,48056.707813921756,787.2475499999998,3136.392553968244,22482.02165260436,18325.678369233337,5,LP,0.004873800004133955
q0.7,2025-11-05,0.7,6012.766181428572,6265.027434920637,75685.26483518223,9.23974427857081,117764.4076166667,46816.78139490192,43.697468432905296,46860.47886333483,186.27516142857047,1089.2933167813108,23757.26792863904,19016.35189405477,2,LP,0.00479890001588501
q0.7,2025-11-06,0.7,6265.027434920637,6065.982305828043,75389.05166776894,1362.964196190475,117713.09413333329,46692.696437806604,6577.552837851424,53270.24927565802,0.0,1196.5938721369796,22973.568726346264,18787.73128452381,11,LP,0.004447100014658645
q0.7,2025-11-07,0.7,6065.982305828043,10800.0,76651.27189831965,0.0,72212.37866666667,47524.03915213324,0.0,47524.03915213324,17294.55645823045,28899.49856647266,15148.10087120225,8009.345780919055,0,LP,0.004881600005319342
q0.7,2025-11-08,0.7,10800.0,10800.0,71295.10477835094,0.0,72034.86681666666,45318.89609930902,0.0,45318.89609930902,16544.619778600827,29219.5873415432,9156.266095825984,7416.575537619048,0,LP,0.004760099982377142
q0.7,2025-11-09,0.7,10800.0,6071.159068042329,71460.6600121546,358.5053781690469,117877.6701666666,45465.424298102786,2339.6848426275947,47805.1091407304,461.2344166666669,875.648281510874,17849.591303024692,18714.125794211905,5,LP,0.004921599989756942
q0.7,2025-11-10,0.7,6071.159068042329,6042.348823928571,77022.94529659314,1397.853294930953,118420.10276666663,47854.47115948754,9333.796246683449,57188.26740617099,0.0,251.65476645503088,22824.368130376242,18513.66740530714,7,LP,0.00460340001154691
q0.7,2025-11-11,0.7,6042.348823928571,5946.352409084656,78030.82445886667,2.0516666666667334,117957.86745000003,48618.81727518343,8.98527416666696,48627.8025493501,262.38464999999974,1942.999658209876,22920.36275798059,18651.890607323814,1,LP,0.004594900005031377
q0.7,2025-11-12,0.7,5946.352409084656,6114.700322960319,78508.83594950988,58.04674380952247,117416.71383333333,48916.36793744527,374.36462481522847,49290.732562260506,227.98705000000018,2792.7467838154025,23361.30519482069,18771.144085316664,2,LP,0.004464199999347329
q0.7,2025-11-13,0.7,6114.700322960319,6189.893319497354,78194.79105215834,254.54731624762206,117780.10726666663,48872.07961109465,1771.1139357434113,50643.193546838054,160.46586666666644,1562.4748290182274,22436.066627216336,18105.5402711619,2,LP,0.0045621999888680875
q0.7,2025-11-14,0.7,6189.893319497354,10800.0,78223.14697563548,0.0,71737.89309999999,48892.14666265999,0.0,48892.14666265999,13522.607208641977,30326.02690141976,13826.113437480888,7050.05587190714,0,LP,0.004904300003545359
q0.7,2025-11-15,0.7,10800.0,10800.0,73702.3213073793,0.0,72466.97681666666,47162.544684391236,0.0,47162.544684391236,13069.319936625514,30717.692420295272,8965.379125220456,7261.957091428571,0,LP,0.0053592000040225685
q0.7,2025-11-16,0.7,10800.0,5947.170519121693,74353.12823623915,219.0317404952384,118360.27023333324,47654.96845058014,1503.2651376731162,49158.23358825326,0.0,995.0748373633152,18474.143625411532,19331.6028693738,2,LP,0.004661499988287687
q0.7,2025-11-17,0.7,5947.170519121693,6213.044678068784,80140.62635705284,0.0,117269.71064999998,50205.70899594275,0.0,50205.70899594275,155.7228666666665,2663.05126047619,23088.47975539094,18462.381858814282,0,LP,0.004704499995568767
q0.7,2025-11-18,0.7,6213.044678068784,6001.3421713756625,79478.03201139049,247.82129635,117783.68649999997,49818.50861453467,1501.1926669099823,51319.701281444664,0.0,727.4165032010544,22623.24856436802,18515.363593161906,6,LP,0.004766800004290417
q0.7,2025-11-19,0.7,6001.3421713756625,5905.185082772486,80045.95210284374,436.78114537038294,118179.70134999994,50099.05394020684,2157.670030940286,52256.72397114713,0.0,644.2937597619034,23982.469832605635,19512.341944153424,9,LP,0.0045461999834515154
q0.7,2025-11-20,0.7,5905.185082772486,6145.683450417989,80802.59679112573,351.42124898810033,117846.45723333335,50575.51533535619,2161.656365156463,52737.17170051265,28.772050000000036,1676.1904750617264,23365.95237283068,18709.9728911119,7,LP,0.004993200011085719
q0.7,2025-11-21,0.7,6145.683450417989,10800.0,81012.64192726104,0.0,71999.17709999997,50803.086665167626,0.0,50803.086665167626,12891.778726543213,32487.059854606112,13581.759920111701,6812.340640666667,0,LP,0.005049400002462789
q0.7,2025-11-22,0.7,10800.0,10800.0,76025.2720012043,0.0,72549.91013333337,48754.58710087405,0.0,48754.58710087405,11832.103250205766,32297.107488292186,8822.272523015876,7146.04074364286,0,LP,0.004564200004097074
q0.7,2025-11-23,0.7,10800.0,6072.656081925926,76317.21716752555,401.23792229047694,117782.69220000003,48951.41159244298,1891.3945168319422,50842.80610927492,0.0,2194.0971308671315,18667.74316780129,19375.48149218572,6,LP,0.005035500013036653
q0.7,2025-11-24,0.7,6072.656081925926,5890.20175317725,81776.39936292855,169.0712390476175,117975.6878166666,51297.729307016285,1102.3313138476087,52400.0606208639,310.70213333333345,3423.2964432363246,22177.564322527927,18128.035997121427,4,LP,0.004953900002874434
q0.7,2025-11-25,0.7,5890.20175317725,6047.982370563494,82174.38131358167,0.0,117682.39221666665,51515.08459782741,0.0,51515.08459782741,0.0,1320.4696609465095,23911.834896425615,19226.583710457133,0,LP,0.004810600017663091
q0.7,2025-11-26,0.7,6047.982370563494,6144.032168735449,82164.85413084015,77.09362344285921,117686.43673333332,51598.586913738036,462.18477913738593,52060.771692875416,0.0,820.7745201998846,24089.79753892121,19426.29118817143,2,LP,0.004731900000479072
q0.7,2025-11-27,0.7,6144.032168735449,6281.589688560848,82125.68719760494,356.69364893571236,117198.14165,51560.45903149833,2488.2948949755296,54048.75392647385,77.08986666666658,2111.4044676249214,23101.01058459436,18588.01680567858,1,LP,0.0046925999922677875
q0.7,2025-11-28,0.7,6281.589688560848,10800.0,82101.3570664795,0.0,72239.02128333332,51593.28764162685,0.0,51593.28764162685,10968.856673251032,33487.9580556682,13982.81319613168,7259.509408571425,0,LP,0.004409999994095415
q0.7,2025-11-29,0.7,10800.0,10796.554232804232,77392.91687728981,0.0,72156.19988333333,49779.924908143366,0.0,49779.924908143366,7267.596713991764,33545.803898736034,8700.880815990597,7050.814651428573,0,LP,0.0045596999989356846
q0.7,2025-11-30,0.7,10796.554232804232,5966.78663760053,78114.06040770723,1538.9668082357252,118008.83443333332,50235.71662283629,10536.542392612693,60772.25901544897,0.0,252.34702954732313,18434.96266006466,19279.1105903357,4,LP,0.004799799993634224
q0.7,2025-12-01,0.7,5966.78663760053,5841.124089232803,84432.33092091413,6516.30039704047,125291.39163333336,53091.84427254926,35083.853244339465,88175.69751688873,0.0,258.8794533333331,23704.844341152264,19314.020209864284,21,LP,0.004653100011637434
q0.7,2025-12-02,0.7,5841.124089232803,5919.852809182541,86651.38956366837,6637.553201188097,125400.62360000004,54612.61318079058,35728.93294008886,90341.54612087946,0.0,64.80230476190445,23765.656116525566,19179.325606430946,25,LP,0.004995399998733774
q0.7,2025-12-03,0.7,5919.852809182541,5916.3844134947085,88767.555502813,3173.641767797615,124622.93113333329,56187.82095078107,17349.798837068407,73537.61978784947,0.0,196.80385642857118,24130.34949281304,19548.70464529762,17,LP,0.0043403999879956245
q0.7,2025-12-04,0.7,5916.3844134947085,6170.936716357144,90557.37773828044,2838.1976966857133,125336.25094999997,57410.101653750586,14469.550465273946,71879.65211902451,0.0,1633.4110262375075,25062.413611328622,20071.457952600005,14,LP,0.004695599986007437
q0.7,2025-12-05,0.7,6170.936716357144,10800.0,91913.11984323923,0.0,78868.07108333331,58477.77838608081,0.0,58477.77838608081,5569.08525,38096.71393703999,14576.505355723108,7640.8123828571415,0,LP,0.00601090001873672
q0.7,2025-12-06,0.7,10800.0,10800.0,88296.52891270725,0.0,79470.82115,57426.042362299224,0.0,57426.042362299224,4758.000399641379,38086.47924425044,9407.465537624932,7620.04708547619,0,LP,0.004938700003549457
q0.7,2025-12-07,0.7,10800.0,6060.440857746032,89553.8093442769,213.5895402380961,125067.46291666671,58345.10334741405,1386.9644303713158,59732.06777778537,0.0,2711.7040344620746,19308.50962148149,19905.496021428575,4,LP,0.004640700004529208
q0.7,2025-12-08,0.7,6060.440857746032,6236.675385764552,95863.02001164017,30.782674999999927,124410.3539333333,61304.55274225507,178.80116773749955,61483.35390999258,0.0,3232.2476415843557,24503.857121960613,19689.51319357143,1,LP,0.004609900002833456
q0.7,2025-12-09,0.7,6236.675385764552,6138.850845772486,95597.15098438856,284.989649654756,124694.68108333329,61113.185918780764,1664.580330245341,62777.76624902611,0.0,3889.2521368606785,24697.243771099333,20092.80954058333,6,LP,0.004829900019103661
q0.7,2025-12-10,0.7,6138.850845772486,6192.846261388892,95482.0582954409,37.39028690476209,124378.76451666663,61034.30071853877,217.1814814863106,61251.48220002508,0.0,2435.801157160493,24460.17412875661,19764.145170238095,1,LP,0.004462899989448488
q0.7,2025-12-11,0.7,6192.846261388892,6436.366369439155,95655.27545773955,33.34022738095234,123787.79896666658,61139.00705182639,193.65671074226165,61332.66376256865,0.0,4892.208483927093,24294.654757621985,19459.50225642857,1,LP,0.004865299997618422
q0.7,2025-12-12,0.7,6436.366369439155,10800.0,95142.28601002647,0.0,78661.70368333337,60811.45139348646,0.0,60811.45139348646,3648.1914666666653,41200.55271499413,13957.147776460899,7378.01943142857,0,LP,0.0046830000064801425
q0.7,2025-12-13,0.7,10800.0,10800.0,90627.53393903286,0.0,78840.15755000003,58984.524241025516,0.0,58984.524241025516,3997.5177166666663,41042.39097875074,9416.272948853613,7627.181088571428,0,LP,0.004441600001882762
q0.7,2025-12-14,0.7,10800.0,6024.997487380954,90661.4903609612,0.0,124522.58585000002,59053.19621406675,0.0,59053.19621406675,0.0,2381.4927372104626,19993.56886898883,20492.293045238093,0,LP,0.004534299980150536
q0.7,2025-12-15,0.7,6024.997487380954,6144.26415816667,95983.2677566079,215.68897946428905,124305.22548333331,61287.72311487921,1122.9572222045704,62410.68033708378,0.0,1778.9093634744231,25490.260011704868,20539.77060577381,2,LP,0.004434699978446588
q0.7,2025-12-16,0.7,6144.26415816667,5936.78976742064,96172.48993611695,162.01814349523877,124646.94338333338,61449.405547054324,854.5379523050652,62303.94349935939,0.0,2356.008597798357,24984.92157974718,20424.51343126666,4,LP,0.004961600003298372
q0.7,2025-12-17,0.7,5936.78976742064,6171.942113992062,96545.68298020866,47.56847214285722,124466.55465000003,61643.849586097786,276.45465855428614,61920.304244652085,0.0,3508.463331466783,24638.441801599045,19745.500747380953,3,LP,0.004482999996980652
q0.7,2025-12-18,0.7,6171.942113992062,6319.148529962963,96084.6701593886,64.16184833333261,124315.3592666666,61381.10806051419,370.03744201559107,61751.145502529784,0.0,3823.426166402114,25403.437369891246,20444.298495238098,3,LP,0.004534900013823062
q0.7,2025-12-19,0.7,6319.148529962963,10800.0,95972.92450781014,0.0,78593.32543333336,61395.6428498471,0.0,61395.6428498471,5134.667882716049,41144.053495717235,14489.713191281598,7703.901361904761,0,LP,0.00470999997924082
q0.7,2025-12-20,0.7,10800.0,10800.0,90891.24458704582,0.0,78668.52011666668,59270.32260770821,0.0,59270.32260770821,5245.379266666667,40919.95453584068,9839.781760728982,7970.223226190473,0,LP,0.004668400011723861
q0.7,2025-12-21,0.7,10800.0,6159.796299936506,90750.2134137067,111.40870785714276,124376.4409666666,59161.73043787614,715.42203817869,59877.15247605484,0.0,2259.58382592005,19686.525047548494,20122.26861857143,2,LP,0.0047130000020843
q0.7,2025-12-22,0.7,6159.796299936506,6091.4359146878305,95910.09475477067,190.01766645238212,124718.45381666665,61276.26668288656,1144.6970778357452,62420.96376072231,0.0,2470.9356208847707,25017.231914362143,20325.482197357145,7,LP,0.004506199999013916
q0.7,2025-12-23,0.7,6091.4359146878305,6167.367789328046,95941.40103376546,26.297868095237845,123956.6545666666,61295.269475764406,152.751166831189,61448.0206425956,0.0,3972.1917271516695,24574.083969470903,19836.669328095235,1,LP,0.0046928999945521355
q0.7,2025-12-24,0.7,6167.367789328046,6095.994155240743,95385.06048802473,77.39392000000021,123954.37128333331,60906.02922450281,449.5425843200012,61355.57180882282,0.0,2933.8235891211034,24938.461962713092,20264.39046047619,1,LP,0.005085700016934425
q0.7,2025-12-25,0.7,6095.994155240743,6282.552464989417,95264.12220098762,43.745484285714156,123789.85790000002,60870.9463948635,254.09564547357064,61125.04204033707,0.0,2640.149533195182,24670.353368268654,19815.08374952381,1,LP,0.005795100005343556
q0.7,2025-12-26,0.7,6282.552464989417,10800.0,95030.46547181954,0.0,78270.30764999997,60704.69920722534,0.0,60704.69920722534,4612.220224244558,40600.375860329215,14444.969328436211,7634.722374523809,0,LP,0.004551899997750297
q0.7,2025-12-27,0.7,10800.0,10800.0,90030.63391257786,0.0,78409.18393333335,58626.973263292864,0.0,58626.973263292864,4226.200883333333,40711.45933818635,9232.445391534391,7478.280767142856,0,LP,0.004861700028413907
q0.7,2025-12-28,0.7,10800.0,6264.522375423282,90098.03255217224,144.43758238095234,123511.26974999998,58677.41753942712,836.2935300114283,59513.711069438556,0.0,3919.3639890417307,18925.1645138448,19411.31311833333,3,LP,0.005520800012163818
q0.7,2025-12-29,0.7,6264.522375423282,5984.721940817461,94451.42456829222,52.68917329523747,123677.30638333333,60261.44206574997,263.698279887679,60525.14034563765,0.0,2679.826187278066,23959.69304625221,19659.171758609526,5,LP,0.004758299997774884
q0.7,2025-12-30,0.7,5984.721940817461,6020.014099420634,94128.2929513786,199.8250869785714,123526.50904999998,59880.08683435061,1090.8342535806053,60970.92108793122,0.0,3401.613304462083,24580.73258501176,19878.63045111667,3,LP,0.005195299978367984
q0.7,2025-12-31,0.7,6020.014099420634,5844.692568407408,93505.16207296884,675.1789407904738,123791.70508333332,59465.04326801303,3373.3285003579103,62838.371768370955,0.0,842.5958976866502,25521.63979290123,20830.317610161914,12,LP,0.004902999993646517
q0.8,2025-05-01,0.8,6048.244373650792,5571.165448539682,55283.95277044091,1990.7226682904738,120364.58391666667,32995.2082561238,12884.879578152959,45880.08783427676,2419.8716484597317,501.5526650499684,19848.649251693118,16506.776926471426,9,LP,0.005085099983261898
q0.8,2025-05-02,0.8,5571.165448539682,10800.0,56558.28858300999,0.0,74761.02673333335,33877.610229177866,0.0,33877.610229177866,20009.24776563786,14586.70113684891,15610.886846713707,7938.86724952381,0,LP,0.005120199988596141
q0.8,2025-05-03,0.8,10800.0,10800.0,52547.23486675484,0.0,74894.84928333333,32568.10996840346,0.0,32568.10996840346,24948.436945679015,16906.735239882415,9604.689637860078,7779.7986066666635,0,LP,0.004761599993798882
q0.8,2025-05-04,0.8,10800.0,5821.438610783068,53827.6635053498,665.5930695238083,120670.08423333336,33352.891574439214,4198.6794947649905,37551.571069204205,2914.3496399706096,1907.5367786596075,12723.200385291007,14786.497562380953,7,LP,0.004834100021980703
q0.8,2025-05-05,0.8,5821.438610783068,5934.534483349207,60025.174453568485,440.58033696666786,120612.16386666658,36158.66858806757,3001.046878317418,39159.71546638499,0.0,1214.9700676307957,21436.798092604356,17262.0201697,3,LP,0.005273199989460409
q0.8,2025-05-06,0.8,5934.534483349207,5842.5150037989415,60042.94186874193,78.19865714285618,121017.19009999998,36385.80699836144,533.686853249041,36919.49385161049,1347.8024187183987,2020.0376712169327,20873.87158356849,16990.65351428572,2,LP,0.005856400006450713
q0.8,2025-05-07,0.8,5842.5150037989415,6127.071404798942,61096.31863160752,408.046018838093,121160.21501666667,37034.374005946236,2846.529027414537,39880.90303336077,1202.856554373901,1132.4771335155826,20237.285535032323,16136.100522476181,1,LP,0.004837099986616522
q0.8,2025-05-08,0.8,6127.071404798942,6425.7061413597885,61657.91006448502,35.999250000000075,120445.47738333329,37680.3232206582,243.2289326250005,37923.552153283206,252.69231007055575,1660.9330141446158,19394.738565079355,15440.966974809518,1,LP,0.004853000020375475
q0.8,2025-05-09,0.8,6425.7061413597885,10800.0,62153.81838624926,0.0,74253.82544999999,37877.25754211523,0.0,37877.25754211523,25187.15163641975,21963.33678782481,13510.945469623748,7007.001357619047,0,LP,0.004836899985093623
q0.8,2025-05-10,0.8,10800.0,10800.0,56453.61762212229,0.0,74647.98705,35383.44782932653,0.0,35383.44782932653,21925.41843641975,20838.466124685485,8256.25146149324,6687.563683809525,0,LP,0.004973100003553554
q0.8,2025-05-11,0.8,10800.0,6254.050051010582,56971.794319176945,41.18071666666674,120743.09041666662,35589.14026058946,277.36103945833383,35866.50130004779,1528.8656887125223,1497.0999805702563,13654.132827989411,15151.202544761903,2,LP,0.004695899988291785
q0.8,2025-05-12,0.8,6254.050051010582,6849.897250343918,62735.07490426804,0.0,120448.60361666663,38054.96717224079,0.0,38054.96717224079,3009.6822999999995,4025.4094650675984,17013.29171824809,13244.503812380948,0,LP,0.004635200020857155
q0.8,2025-05-13,0.8,6849.897250343918,6539.808539851853,61601.24265458551,0.0,120269.63160000001,37548.74414562223,0.0,37548.74414562223,2265.3509253145207,3072.799564338614,17962.94335636097,14829.063958095237,0,LP,0.004996699979528785
q0.8,2025-05-14,0.8,6539.808539851853,6487.240781328041,61896.03814161669,0.0,120592.00526666673,37647.38990763493,0.0,37647.38990763493,2414.61455,3097.385696366837,17985.263655726045,14615.374543809525,0,LP,0.004841700021643192
q0.8,2025-05-15,0.8,6487.240781328041,6886.856736534392,61248.143292204564,0.0,119598.30981666666,37189.731462064694,0.0,37189.731462064694,2325.3720666666654,2213.592776196363,18865.609506960605,14921.489340952385,0,LP,0.004695100011304021
q0.8,2025-05-16,0.8,6886.856736534392,10800.0,60398.30106801293,0.0,74681.34474999999,36797.660005681675,0.0,36797.660005681675,30782.339108230448,21084.503486743095,12074.331592563194,6258.379652857145,0,LP,0.00476930002332665
q0.8,2025-05-17,0.8,10800.0,10797.48438095238,55233.320316347155,0.0,75274.53043333333,34477.75906271946,0.0,34477.75906271946,23846.141542416222,19375.74956139917,8236.285191269846,6673.655062071428,0,LP,0.004670700000133365
q0.8,2025-05-18,0.8,10797.48438095238,6550.835711470899,54954.075541034676,5.236666666666679,120687.037,34342.427136937404,35.318698333333415,34377.74583527074,309.16585320399827,2042.8724600411497,14489.945247313353,15558.839452857144,1,LP,0.004348999995272607
q0.8,2025-05-19,0.8,6550.835711470899,6452.020852910053,59545.607597407405,67.00333333333344,120072.38798333333,36120.58521539836,451.90398166666745,36572.48919706503,4696.292183333334,4099.975994144626,17842.41882088184,14541.292617619049,1,LP,0.004508400015765801
q0.8,2025-05-20,0.8,6452.020852910053,6291.002260132274,59066.41495243385,0.0,120437.57771666667,35839.59302813224,0.0,35839.59302813224,101.33665326278492,1049.1781758604504,18596.958106020793,15208.452799376835,0,LP,0.004964299994753674
q0.8,2025-05-21,0.8,6291.002260132274,6104.032415206349,59693.45918569666,160.0718846101131,120283.05128333339,36153.84783805679,1005.2604313415775,37159.10826939837,3603.9745000000007,1704.96005342151,17632.91628413287,14450.93505058095,4,LP,0.00493219998315908
q0.8,2025-05-22,0.8,6104.032415206349,7067.281953746033,59748.056439376836,0.0,119729.6800166667,36255.26387984038,0.0,36255.26387984038,2741.2946152263403,1705.3003796178766,19041.61075358025,14556.780125714284,0,LP,0.0054509000037796795
q0.8,2025-05-23,0.8,7067.281953746033,10800.0,58522.15559758965,0.0,74983.38438333334,35699.11701671423,0.0,35699.11701671423,26578.518891358024,19822.253758683124,12320.988539929453,6620.554475714285,0,LP,0.004874200007179752
q0.8,2025-05-24,0.8,10800.0,10800.0,54914.74309760728,0.0,74693.81781666666,34278.92232755821,0.0,34278.92232755821,29269.4782164609,20347.707018030564,8121.349893592005,6578.293413809525,0,LP,0.005592899979092181
q0.8,2025-05-25,0.8,10800.0,6510.670826031745,53978.45639878308,0.0,120319.87760000004,33739.396403023275,0.0,33739.396403023275,3807.9525366255143,3094.2818079541385,12587.411197060555,14056.199326190477,0,LP,0.004770200001075864
q0.8,2025-05-26,0.8,6510.670826031745,6355.385440222222,57811.718820458555,789.1527426380962,119407.96936666663,35342.5283452994,5505.129532643359,40847.657877942744,0.0,770.0210186890122,17846.181271769547,14595.16367736191,1,LP,0.004601299995556474
q0.8,2025-05-27,0.8,6355.385440222222,6336.8014213544975,58677.79771583185,0.0,120046.82735000004,35724.97695380387,0.0,35724.97695380387,2775.320715661379,3155.215066613751,17755.896055461497,14399.001421904764,0,LP,0.0053146999853197485
q0.8,2025-05-28,0.8,6336.8014213544975,6537.629555312174,57973.28406834215,0.0,119921.84721666662,35295.28273628094,0.0,35295.28273628094,357.992785302759,1514.0453022633762,19193.03452744268,15365.612646666665,0,LP,0.004779899987624958
q0.8,2025-05-29,0.8,6537.629555312174,6525.128331000001,58119.41738575542,433.80672240475826,120439.31426666665,35323.42061909919,3021.718976145594,38345.13959524479,0.0,788.8620640505554,19292.050768371548,15637.812224261905,2,LP,0.004486599995288998
q0.8,2025-05-30,0.8,6525.128331000001,10800.0,58651.02038052318,0.0,74612.22448333331,35513.479913825584,0.0,35513.479913825584,26333.58121522634,19378.50332402704,13133.253013174604,6790.5504385714285,0,LP,0.0052214000024832785
q0.8,2025-05-31,0.8,10800.0,10681.77929100529,53968.93224489122,0.0,74778.33258333332,33581.82187057086,0.0,33581.82187057086,24500.42553744856,19554.991444132855,8582.801849500296,7058.468136190476,0,LP,0.005100599984871224
q0.8,2025-06-01,0.8,10681.77929100529,4994.908211883598,54690.88223936554,12987.553912723812,128248.56003333337,33966.822113824455,80224.47993667675,114191.30205050124,0.0,0.0,8272.599069994121,11818.98921790476,43,LP,0.0049119000032078475
q0.8,2025-06-02,0.8,4994.908211883598,5133.684317253968,65310.527279359194,7824.881650235045,128080.53698333332,39144.294622173205,51408.5664205994,90552.86104277258,0.0,623.520898095238,19716.747824556136,15845.667243057143,22,LP,0.004806599987205118
q0.8,2025-06-03,0.8,5133.684317253968,5459.599549941798,67707.70038856553,4863.858555976191,128076.84056666664,40859.57716757191,30560.048302621173,71419.62547019309,0.0,238.89912571428545,20247.206716184595,16106.913730690478,26,LP,0.005016199982492253
q0.8,2025-06-04,0.8,5459.599549941798,5519.7806469682555,70984.31102115224,2810.789351499998,128539.84358333335,43057.80606213335,18736.048116147795,61793.854178281144,0.0,179.27780378012767,20612.62507832452,16642.063326119045,14,LP,0.005251400027191266
q0.8,2025-06-05,0.8,5519.7806469682555,5910.521033973544,73916.12705506169,1939.566480414287,128455.92066666663,45073.748383695354,12759.13187554699,57832.880259242345,0.0,93.10458428571349,22429.497822204583,17816.226887680958,13,LP,0.004452799999853596
q0.8,2025-06-06,0.8,5910.521033973544,10800.0,76633.56815639797,0.0,82747.41500000002,47068.266087278535,0.0,47068.266087278535,11312.641773940626,27337.328979653143,14358.268070423273,7229.666067619046,0,LP,0.004691700014518574
q0.8,2025-06-07,0.8,10800.0,10800.0,74729.66972878305,0.0,83156.75974999997,47356.091693871786,0.0,47356.091693871786,10621.06222907113,31378.713492962957,8438.846526748972,6835.4656866666655,0,LP,0.0052423999877646565
q0.8,2025-06-08,0.8,10800.0,6696.636092486772,78040.8035786067,4.743631904761628,128266.94665,49814.61172372078,31.889065479760045,49846.50078920054,1145.5783166666663,13078.832412551441,12259.161744150497,13622.948529523814,1,LP,0.004453600005945191
q0.8,2025-06-09,0.8,6696.636092486772,6784.820497116404,81576.38714493827,13.672040476190432,128169.18798333328,50993.29635899971,92.21107699166637,51085.50743599138,434.82258333333345,6198.54486914757,20761.12123912403,16737.142239523808,1,LP,0.005147799995029345
q0.8,2025-06-10,0.8,6784.820497116404,6861.923864544973,81949.3122091358,0.0,127414.49178333324,51282.781527423336,0.0,51282.781527423336,291.20968333333303,6003.901793868308,20875.59719955321,16839.840700952376,0,LP,0.004409799992572516
q0.8,2025-06-11,0.8,6861.923864544973,6829.402427603175,82477.5883110876,842.0577157714289,128236.67731666668,51629.75139580498,4114.712814284107,55744.46421008909,0.0,2822.245063991771,23380.12599709582,18967.171350895238,5,LP,0.005695400002878159
q0.8,2025-06-12,0.8,6829.402427603175,7290.31722651852,83825.67209951206,0.0,127721.81298333338,52735.6406424431,0.0,52735.6406424431,245.79104999999993,6715.868550658437,21035.777613139333,16624.15654761905,0,LP,0.005057500005932525
q0.8,2025-06-13,0.8,7290.31722651852,10800.0,83512.01538828333,0.0,81889.59039999997,52696.14849152809,0.0,52696.14849152809,13716.08029855967,36033.87584365667,11884.373947019401,6467.628400952384,0,LP,0.0047848999965935946
q0.8,2025-06-14,0.8,10800.0,10800.0,79213.45016807172,0.0,82253.15711666664,50840.09163928615,0.0,50840.09163928615,15978.504666666662,35560.256333086436,7796.560096413877,6315.213678095238,0,LP,0.005494699988048524
q0.8,2025-06-15,0.8,10800.0,7095.149764809524,78492.38182683126,0.0,127368.8845166667,50250.51693540859,0.0,50250.51693540859,9.379684138740231,8093.638626860674,16298.707337736629,16536.318155238096,0,LP,0.004866000002948567
q0.8,2025-06-16,0.8,7095.149764809524,6998.452282058203,83245.76892615516,0.0,127618.63201666664,52491.26353290681,0.0,52491.26353290681,0.0,6623.266375402705,21134.09193980012,17205.642205714288,0,LP,0.005090400023618713
q0.8,2025-06-17,0.8,6998.452282058203,6633.904629116403,83775.57438931805,43.61643571428556,127311.7546,52777.353284212135,294.0940218178561,53071.447306029986,11.849166666666747,5471.798911034682,21192.7600963786,17494.22856571428,2,LP,0.004897899983916432
q0.8,2025-06-18,0.8,6633.904629116403,7036.587398529105,84559.94158782478,0.0,126909.07891666662,53260.69220645603,0.0,53260.69220645603,87.41241666666656,9602.03885469725,18840.446968365668,14898.347551904759,0,LP,0.005243799998424947
q0.8,2025-06-19,0.8,7036.587398529105,6994.876081433865,83006.23356774842,79.56941047619011,127349.06689999993,52173.790881197536,535.6392180438071,52709.43009924135,1339.461283333333,9784.526235990601,19683.42865413874,15981.117395238096,3,LP,0.004984900006093085
q0.8,2025-06-20,0.8,6994.876081433865,10800.0,82454.71177239275,0.0,81137.07971666669,51775.43085079811,0.0,51775.43085079811,17928.947916666668,36472.991061322755,11724.107461546146,6071.9155171428565,0,LP,0.0045729999837931246
q0.8,2025-06-21,0.8,10800.0,10800.0,77370.64182336861,0.0,81408.06479999995,49313.6224536627,0.0,49313.6224536627,20838.495577848324,35670.541330270426,8036.129027630804,6509.2645123809525,0,LP,0.005048399994848296
q0.8,2025-06-22,0.8,10800.0,6774.082079148148,76382.59043383307,0.7364761904761963,126539.46191666664,48659.20833077772,4.961271857142896,48664.169602634865,615.621433333333,9155.174663133448,14623.767591175785,15468.57787761905,1,LP,0.004676599986851215
q0.8,2025-06-23,0.8,6774.082079148148,6823.182479391534,80464.89007134827,0.0,126690.87308333331,50151.927822863596,0.0,50151.927822863596,813.7515278483231,8654.803796543207,20478.20203546149,16543.15328850476,0,LP,0.004945299995597452
q0.8,2025-06-24,0.8,6823.182479391534,6452.202393068778,79319.10442438124,1994.0203679761917,127112.84501666667,49404.670269774746,9562.220771951195,58966.891041725954,0.0,1080.1443364079935,22621.42254547324,18657.234339523813,9,LP,0.005046199978096411
q0.8,2025-06-25,0.8,6452.202393068778,6938.940942851853,80603.2595268125,4.0190071428572764,126310.40843333337,50173.48047404283,27.154421760715188,50200.634895803545,36.71136666666689,5522.643786725451,21960.19641627279,17349.694402376186,1,LP,0.005388399993535131
q0.8,2025-06-26,0.8,6938.940942851853,6859.637014417991,79866.32946218105,73.42555952380997,126697.44536666665,49814.02059792232,495.25999588452675,50309.28059380684,188.6194333333333,8360.781752057615,20601.808097742498,16758.838094761908,4,LP,0.004950300004566088
q0.8,2025-06-27,0.8,6859.637014417991,10800.0,79619.36690639623,0.0,79563.255,49633.27680615387,0.0,49633.27680615387,19844.029433333333,34095.78448893591,12429.370686507933,6521.463569047619,0,LP,0.004645500011974946
q0.8,2025-06-28,0.8,10800.0,10800.0,74860.70498411522,0.0,80661.57279999995,47589.21360659109,0.0,47589.21360659109,18418.481253909464,33188.0656076896,7774.905293944738,6297.673288095238,0,LP,0.00469970001722686
q0.8,2025-06-29,0.8,10800.0,6981.47293079894,75205.86197670782,0.0,126384.80871666662,47868.44112545539,0.0,47868.44112545539,57.37021272192798,6360.634147483826,15561.912870787773,16041.823787619049,0,LP,0.005490700015798211
q0.8,2025-06-30,0.8,6981.47293079894,6554.245813846562,78693.34918086762,50.43730571428546,125947.32058333333,49056.57429979803,339.9987761314269,49396.57307592945,97.35411666666664,5335.5489749911785,20093.17798340977,16659.97857181905,3,LP,0.004660800012061372
q0.8,2025-07-01,0.8,6554.245813846562,4866.893034746031,78931.03197212818,3844.0676776047612,141546.85106666663,49022.37017358408,22363.552042420004,71385.92221600408,0.0,1417.214713496642,21105.04423207068,18613.703329167725,26,LP,0.004886599985184148
q0.8,2025-07-02,0.8,4866.893034746031,5029.86107389418,80877.08052402343,2073.350131928574,141198.65821666675,49818.88694478955,13516.258933720837,63335.145878510375,857.9071370922428,4966.3763088124615,21445.84004288066,17224.459199500005,17,LP,0.004802900017239153
q0.8,2025-07-03,0.8,5029.86107389418,5517.446628301585,80701.99396724868,4248.704079014289,141565.53863333337,49802.82253772308,25867.993956340666,75670.81649406378,0.0,512.5589166666673,22309.964196296303,17632.244000033337,28,LP,0.004680799989728257
q0.8,2025-07-04,0.8,5517.446628301585,10752.119556179894,81882.10462825553,0.0,95795.06574999998,50791.98682836575,0.0,50791.98682836575,19754.20153720911,25597.057832557308,15467.221877536747,7817.2440857142865,0,LP,0.004682900005718693
q0.8,2025-07-05,0.8,10752.119556179894,10800.0,77388.0942847972,0.0,95872.83490000002,49354.53201230672,0.0,49354.53201230672,20325.90444717226,26464.299609570837,9287.988747101708,7480.178485714287,0,LP,0.0048500999982934445
q0.8,2025-07-06,0.8,10800.0,6002.8987213809505,78314.25527187451,2327.7911821428515,141244.57465000002,50036.05746202264,15757.575561177582,65793.63302320024,76.60989999999993,1901.779322363308,16774.035960058794,17904.360278404773,11,LP,0.0049999000038951635
q0.8,2025-07-07,0.8,6002.8987213809505,6199.9344917513245,85770.40881355542,38.992441904761904,141495.39414999998,53890.36796632173,262.90929307761905,54153.27725939935,1313.694416666667,7310.991667824804,18936.316899835394,15161.084495533338,3,LP,0.005508999980520457
q0.8,2025-07-08,0.8,6199.9344917513245,6471.768447873014,85960.64873055406,23.490526666666824,141285.22700000004,54059.5610310365,161.28548278238202,54220.84651381888,1106.6361500000003,4854.399208406814,22142.454324409166,17690.73744226191,2,LP,0.004615799989551306
q0.8,2025-07-09,0.8,6471.768447873014,6928.3944157830665,85167.2332270661,37.48612952380938,140590.70496666664,53727.52394896005,252.71274218476097,53980.23669114481,648.1357720164615,6123.7109473838955,20858.86447054674,16484.71685002381,1,LP,0.0046836000110488385
q0.8,2025-07-10,0.8,6928.3944157830665,6874.288827052912,84557.93554136761,52.99848952380887,140463.54224999994,53456.558243004205,357.2930423221385,53813.85128532634,1312.9124999999997,6606.355176948858,20456.515791928276,16618.472821319046,5,LP,0.0048316000029444695
q0.8,2025-07-11,0.8,6874.288827052912,10800.0,83564.98884648438,0.0,94741.08839999996,52875.17627712818,0.0,52875.17627712818,14525.375008224579,30419.466710141096,13516.99959192828,7415.629613809526,0,LP,0.004816300002858043
q0.8,2025-07-12,0.8,10800.0,10800.0,79688.24723703851,0.0,95318.37109999993,51276.728040846334,0.0,51276.728040846334,16824.13178371105,30131.030562086988,8678.113462669024,7029.271904761905,0,LP,0.004726100014522672
q0.8,2025-07-13,0.8,10800.0,6785.633755317461,80011.4530577472,19.878210952381323,139893.36648333335,51503.9752601839,133.63127312738345,51637.606533311286,3189.011090574956,8344.817406772487,14961.642060875956,15731.85968952381,1,LP,0.0050709999923128635
q0.8,2025-07-14,0.8,6785.633755317461,6709.6953750687835,82802.59379001177,0.0,141062.42346666663,52313.871982016455,0.0,52313.871982016455,1141.9879328042318,6336.015065020579,18869.76904075838,15352.857465238098,0,LP,0.004985199979273602
q0.8,2025-07-15,0.8,6709.6953750687835,7103.332386000001,82535.08139416223,0.0,139545.1626666667,52209.3754504346,0.0,52209.3754504346,259.14311666666686,5474.0262609700285,19466.253280811285,15413.391847619045,0,LP,0.004857599997194484
q0.8,2025-07-16,0.8,7103.332386000001,7039.199436433863,81497.08574741328,34.747084285714095,140365.26538333335,51534.71046445178,234.7686749764273,51769.47913942821,1240.877534509112,4550.82856316684,19280.436869996003,15674.873519306291,1,LP,0.004855100007262081
q0.8,2025-07-17,0.8,7039.199436433863,6887.958441047616,81474.51410692725,9.083892857142928,139569.1592833334,51531.378457258776,63.36923657142906,51594.74769383021,1167.5606166666664,3717.3516832569085,21128.350152851253,17250.080519657142,1,LP,0.004501300019910559
q0.8,2025-07-18,0.8,6887.958441047616,10800.0,81799.1875104028,0.0,93698.07319999997,51713.24016841382,0.0,51713.24016841382,15050.703160326342,29538.374441093478,12710.65476803057,6774.792959047618,0,LP,0.004698300006566569
q0.8,2025-07-19,0.8,10800.0,10768.913265079365,77312.30668325692,0.0,94564.52239999994,49833.14959031115,0.0,49833.14959031115,20192.803131893015,28434.079410881826,8055.700799529683,6553.095709047618,0,LP,0.004528199991909787
q0.8,2025-07-20,0.8,10768.913265079365,6872.327405703705,76735.88899958847,9.91923619047634,138750.53876666672,49528.316820554996,69.19659166476295,49597.513412219756,997.1403707583842,4244.104711205171,15376.380055720167,15961.795118571426,1,LP,0.00472479997552
q0.8,2025-07-21,0.8,6872.327405703705,6918.7457047513235,81444.75269181073,10.16014428571441,138442.8198,51434.29178873179,70.87716653714372,51505.16895526893,701.6560666666669,2796.7713631158135,20657.6820377425,16690.94598142857,1,LP,0.005289599997922778
q0.8,2025-07-22,0.8,6918.7457047513235,6885.489731973544,81968.65751957899,18.126959999999713,139514.85881666662,51740.66942316179,122.1690921535695,51862.83851531535,249.3819333333331,4039.5177373486167,20698.266145949452,16795.52595371905,2,LP,0.004977399978088215
q0.8,2025-07-23,0.8,6885.489731973544,6848.119484634921,81785.31211607278,0.0,139450.03365000003,51619.98250509621,0.0,51619.98250509621,1054.3951862139927,2467.1254763021716,21478.302944709,17431.058607819057,0,LP,0.004762600001413375
q0.8,2025-07-24,0.8,6848.119484634921,7014.047261354499,82149.1050345326,0.0,138902.21751666671,51863.168348303705,0.0,51863.168348303705,432.2601490299816,4131.4842840917145,20102.91369664902,16134.025095238092,0,LP,0.0048393000033684075
q0.8,2025-07-25,0.8,7014.047261354499,10800.0,82246.42569498827,0.0,92354.83968333332,51918.38263850111,0.0,51918.38263850111,19505.31447918583,30456.814481499125,12482.20896239859,6703.231794761903,0,LP,0.005278199998429045
q0.8,2025-07-26,0.8,10800.0,10800.0,77343.89890583772,0.0,93187.68993333334,49766.640259865126,0.0,49766.640259865126,17660.278770987654,29558.542901481484,8715.714035273366,7059.728368571428,0,LP,0.0046316999942064285
q0.8,2025-07-27,0.8,10800.0,6945.248370666666,77545.55099689597,495.8826833333334,138110.19628333335,49821.83043878202,2496.4404211416672,52318.27085992369,22.250666666667108,4447.541957378009,17661.724855708413,17775.273599523807,4,LP,0.00538859999505803
q0.8,2025-07-28,0.8,6945.248370666666,6170.595874301586,81872.02624091362,1022.3991660504272,138228.99843333327,51676.08762865066,6479.611659204809,58155.699287855474,0.0,1794.3261461904763,20223.206706151723,17077.984678711473,10,LP,0.004929999995511025
q0.8,2025-07-29,0.8,6170.595874301586,6777.738673211639,83601.85986819516,42.85773380952389,138314.74511666666,52597.703838907,288.56112173952437,52886.26496064652,0.0,2817.423867025278,22166.41718926512,17408.369404285717,1,LP,0.0055114999995566905
q0.8,2025-07-30,0.8,6777.738673211639,6866.901758629633,82721.61117091122,0.0,138424.36443333334,52031.000688918895,0.0,52031.000688918895,1144.662925649609,3308.3104281128676,21500.721001434456,17335.33723428571,0,LP,0.004724200000055134
q0.8,2025-07-31,0.8,6866.901758629633,6614.286936846563,82429.31377148414,21.91626761904729,137423.31371666663,51825.95893650125,147.48448305261684,51973.44341955386,346.70248333333325,3541.524719271012,21554.525839141672,17686.519269309527,3,LP,0.004778800008352846
q0.8,2025-08-01,0.8,6614.286936846563,10800.0,82379.11923975077,0.0,92719.4241,51759.46167854766,0.0,51759.46167854766,25065.923170820755,29854.87702791887,12841.145355296881,6634.185980952379,0,LP,0.005270900001050904
q0.8,2025-08-02,0.8,10800.0,10751.073103174604,77007.31973447735,0.0,91562.24421666664,49313.71797580276,0.0,49313.71797580276,24347.03420888066,30146.29536854203,8584.207530864194,6997.242307142857,0,LP,0.0052263999823480844
q0.8,2025-08-03,0.8,10751.073103174604,5967.193833169313,75935.44834889477,175.40602285714317,138062.48614999998,48699.61751865861,1182.2656417340497,49881.88316039267,5722.193216666667,9374.533221310994,13053.364702345678,14878.716751904767,7,LP,0.004895399993984029
q0.8,2025-08-04,0.8,5967.193833169313,6424.571769857141,79041.18186205761,0.0,138312.10694999996,49603.79864206254,0.0,49603.79864206254,3625.78634115814,6026.165064426794,18747.027526948867,14773.452153809523,0,LP,0.0050540000083856285
q0.8,2025-08-05,0.8,6424.571769857141,6351.241868920638,76461.56885350382,1.4220766666669533,136458.4972833334,48220.46811071,9.61076766738289,48230.07887837738,3207.857733333334,4627.692519071128,18637.51502776602,15162.38408333333,2,LP,0.0050174999923910946
q0.8,2025-08-06,0.8,6351.241868920638,6015.6099044444445,74617.63235343323,708.0597494952403,136716.0878,47173.500073270545,4712.070481545369,51885.570554815924,1486.8240640799538,2471.8692512757193,18708.780468077603,15456.18094717143,6,LP,0.0052761000115424395
q0.8,2025-08-07,0.8,6015.6099044444445,6600.793014788362,73984.96763299825,40.1211285714287,136850.75446666667,46871.025065072376,270.8646806071437,47141.889745679524,3210.536613239267,3131.683925731927,19832.72722783656,15537.844255238097,2,LP,0.005385500000556931
q0.8,2025-08-08,0.8,6600.793014788362,10800.0,71821.52402547911,0.0,90703.2161166667,45667.013216195315,0.0,45667.013216195315,27903.245412551434,21699.456609576722,14022.970877160491,7579.320123809523,0,LP,0.0047147999866865575
q0.8,2025-08-09,0.8,10800.0,10800.0,66384.95537687241,0.0,90303.83175,43301.55862537087,0.0,43301.55862537087,25199.306712551446,20493.607108336284,9316.381873603756,7546.269317619046,0,LP,0.004835500003537163
q0.8,2025-08-10,0.8,10800.0,6228.91454921164,66073.76060572603,96.66328523809455,136535.4447166666,43096.19085451719,663.4153821307095,43759.6062366479,723.1317299705986,1566.374756225743,14159.343476196365,15583.045121428577,5,LP,0.004996999981813133
q0.8,2025-08-11,0.8,6228.91454921164,6208.6121956772495,72106.27954135215,130.8169057142859,136422.26351666663,45657.4539869508,881.7358320816678,46539.189819032465,1944.6253109465038,1885.484197983543,20336.872226231626,16491.13862142858,6,LP,0.004805200005648658
q0.8,2025-08-12,0.8,6208.6121956772495,6265.150452608465,72228.03354469726,713.0635618523777,136637.59669999994,45711.32192088073,4925.3994051266145,50636.721326007355,509.75615182246133,1002.959058941798,19036.599023932977,15368.760778147627,9,LP,0.0047869999834802
q0.8,2025-08-13,0.8,6265.150452608465,6559.513917793651,72633.14443327404,31.615559999999846,136547.99718333327,46101.41827935578,218.42846620499898,46319.84674556077,146.03857114050265,2459.883666014108,19331.216776067027,15393.358469947618,3,LP,0.004789800004800782
q0.8,2025-08-14,0.8,6559.513917793651,6237.0372969523805,72025.65186043658,88.18269952856966,135936.05536666667,45753.75504756172,597.4213773165886,46351.1764248783,810.8873044738399,1766.848859235744,20526.50721936507,16916.69980644286,5,LP,0.005051499989349395
q0.8,2025-08-15,0.8,6237.0372969523805,10800.0,72817.04115772485,0.0,89968.05776666665,46137.17655292228,0.0,46137.17655292228,27405.317320576138,21458.27452333333,14142.399988101117,7348.677557619048,0,LP,0.004703499987954274
q0.8,2025-08-16,0.8,10800.0,10800.0,67935.7285784362,0.0,90183.53035000002,44129.42633704488,0.0,44129.42633704488,27801.283511522633,21520.29519143445,8867.734256907705,7182.8647480952395,0,LP,0.004880499996943399
q0.8,2025-08-17,0.8,10800.0,6324.848943238095,67619.70191161078,159.88085333333368,135369.11649999995,44013.490289110625,1077.2738914100023,45090.76418052064,3387.9847499999996,2558.0166917166275,14188.54556656085,15520.357860000006,6,LP,0.005246999993687496
q0.8,2025-08-18,0.8,6324.848943238095,6427.944927740741,72303.82304389423,121.4869852380956,135710.1747166666,45969.36936558474,825.1274236616691,46794.496789246405,1970.9841489476787,2136.7961877542502,20161.198366901837,16237.784291138098,4,LP,0.004933000018354505
q0.8,2025-08-19,0.8,6427.944927740741,6330.065646301586,72089.27828671227,186.35381571428536,135364.48288333326,45912.11572271041,1257.114280749045,47169.23000345945,2712.4827261963533,1828.7362095590775,18446.54984192828,15029.796725257145,5,LP,0.004807000019354746
q0.8,2025-08-20,0.8,6330.065646301586,6173.4733014973535,71557.50300860581,3413.7977662523817,135048.05366666662,45575.24710707517,21478.21067650608,67053.45778358124,0.0,902.8208332098834,18730.115712134037,15312.326837152379,11,LP,0.005553299997700378
q0.8,2025-08-21,0.8,6173.4733014973535,6572.363628132275,72892.66275454439,11.158915238094892,134971.79889999994,46292.21725273495,76.38346270261667,46368.60071543756,1269.0672333333332,1822.4199045914147,18994.288181857726,15026.372133333334,2,LP,0.005392099992604926
q0.8,2025-08-22,0.8,6572.363628132275,10800.0,72473.76622733097,0.0,90531.73040000003,46069.21106670018,0.0,46069.21106670018,24411.137456995886,20441.124314126984,13610.85432382716,7219.919267619048,0,LP,0.005789699993329123
q0.8,2025-08-23,0.8,10800.0,10800.0,68357.50114691358,0.0,89697.14623333332,44507.89766062709,0.0,44507.89766062709,22497.895220164613,21675.199759570845,8707.368511463843,7052.968494285715,0,LP,0.004871700017247349
q0.8,2025-08-24,0.8,10800.0,6205.752871582009,69221.7767153439,0.0,135068.0714,44931.1433057986,0.0,44931.1433057986,3773.952207742508,3002.2861989476764,14983.006531034685,16271.057705714287,0,LP,0.005117299995617941
q0.8,2025-08-25,0.8,6205.752871582009,6249.103510878306,74460.22886600235,1224.276812419038,134511.61374999996,47261.01928269794,8447.983544934727,55709.002827632656,0.0,1041.8112416578504,20161.009709106413,16291.402289009535,2,LP,0.004960100020980462
q0.8,2025-08-26,0.8,6249.103510878306,6659.638941216932,75339.66945216931,11.545638571428867,134368.9639333333,47773.637567175814,77.86854136024009,47851.50610853606,1938.7246730452691,3622.055935561428,20484.916902610235,16223.300803809529,2,LP,0.005892099987249821
q0.8,2025-08-27,0.8,6659.638941216932,6362.660094015869,74888.26760588477,1.6508690476190395,133788.38209999996,47608.746175652326,11.15409672023804,47619.90027237256,1250.0330451969437,2016.9389952439742,20926.729106872423,17217.93153904762,1,LP,0.005758199986303225
q0.8,2025-08-28,0.8,6362.660094015869,6383.732324227512,74787.39248385654,754.7805734047527,134543.81656666673,47631.75803597079,5248.50360440346,52880.26164037425,0.0,874.1667738977067,20427.612067577902,16527.400767547635,4,LP,0.0050073000020347536
q0.8,2025-08-29,0.8,6383.732324227512,10800.0,75760.33367016459,0.0,88328.33255000002,48117.857670538,0.0,48117.857670538,21746.1501744856,24637.255979541456,14984.559252328045,8162.852086190475,0,LP,0.004961699974955991
q0.8,2025-08-30,0.8,10800.0,10800.0,71110.77756643739,0.0,89025.08758333338,46152.391675393286,0.0,46152.391675393286,27025.00427119341,23884.742952010583,8885.844788947676,7197.534279047619,0,LP,0.005629399995086715
q0.8,2025-08-31,0.8,10800.0,6611.976598010581,70492.63561951795,21.920979999999986,133365.3598333333,45906.69811051477,152.9207564799999,46059.618866994766,2121.550678295125,2581.4961171134696,15442.672539823627,16277.785819047618,1,LP,0.005497700010892004
q0.8,2025-09-01,0.8,6611.976598010581,9582.547133772485,75665.4246619753,0.0,121263.61926666668,48085.98028029579,0.0,48085.98028029579,4609.719049053506,11134.422767848322,19334.920155549677,12987.77184380952,0,LP,0.005028099985793233
q0.8,2025-09-02,0.8,9582.547133772485,9057.053483296293,69757.08852816578,0.0,121532.82415000007,44901.02109801919,0.0,44901.02109801919,3211.135983333334,9581.955094432684,17785.188872780724,14878.947272380956,0,LP,0.005150200013304129
q0.8,2025-09-03,0.8,9057.053483296293,8535.625490095235,68620.21452078191,0.0,121433.71643333333,43877.71214296018,0.0,43877.71214296018,3514.8242999999993,7008.740690217519,15885.355128659623,13336.42284809524,0,LP,0.005082199990283698
q0.8,2025-09-04,0.8,8535.625490095235,8111.885439216934,66879.9770714991,0.0,121061.17303333328,42579.18845366265,0.0,42579.18845366265,3881.9569666666666,6050.415693680186,17912.657404961792,14890.618543809525,0,LP,0.00523450001492165
q0.8,2025-09-05,0.8,8111.885439216934,10800.0,64789.33526399752,0.0,75132.98044999999,41222.182860912915,0.0,41222.182860912915,28794.342104320993,24519.224830875835,11748.439775943561,7096.933113809523,0,LP,0.006170400010887533
q0.8,2025-09-06,0.8,10800.0,10800.0,59616.437882827755,0.0,75826.37416666665,38488.13322736873,0.0,38488.13322736873,27503.794532098764,22611.970053356854,9366.261038800709,7586.671441428572,0,LP,0.005141500005265698
q0.8,2025-09-07,0.8,10800.0,6773.785879857142,58078.0051528289,0.0,120781.00903333336,37317.74719646887,0.0,37317.74719646887,958.5940979365104,2838.2987555496766,15493.270477918872,16173.141795242856,0,LP,0.0050937999913003296
q0.8,2025-09-08,0.8,6773.785879857142,5962.209675661374,60790.2744499857,1792.7403562888885,121400.59243333335,37869.376423556605,12096.477602111792,49965.8540256684,0.0,307.04990961198894,19004.283932134036,16123.888568804758,8,LP,0.0047660999989602715
q0.8,2025-09-09,0.8,5962.209675661374,6174.06518064021,62956.067465385066,186.26969205714477,121082.23558333333,39069.336296682675,1298.8739173406418,40368.21021402332,4225.216744591421,1838.628000770138,19920.990478594944,15945.332333180952,2,LP,0.005487199989147484
q0.8,2025-09-10,0.8,6174.06518064021,6078.865709571427,62292.52506176533,2903.230431899997,121274.78848333338,38809.025093338554,18200.016630000267,57009.04172333882,0.0,256.5013776190484,19520.71047372722,15897.455007680957,14,LP,0.004874800011748448
q0.8,2025-09-11,0.8,6078.865709571427,6407.583655037037,63635.832377813065,6.071666666666715,120746.77835000001,39462.16257966174,40.929105000000334,39503.09168466173,3755.336890681954,2140.151592945328,20813.07171894768,16562.741941428565,1,LP,0.004916600009892136
q0.8,2025-09-12,0.8,6407.583655037037,10800.0,63027.34330919458,0.0,75687.22711666669,39141.22629530642,0.0,39141.22629530642,24571.618155967088,20118.50431513228,14907.31540857143,8121.750770476191,0,LP,0.004891099990345538
q0.8,2025-09-13,0.8,10800.0,10800.0,58889.13341443856,0.0,75063.58311666665,37503.00223220907,0.0,37503.00223220907,28206.43829753087,20810.507793644916,9816.2412627866,7951.155422857144,0,LP,0.005731900018872693
q0.8,2025-09-14,0.8,10800.0,5978.517552915343,58927.299108882995,252.59041159047524,121237.69566666667,37593.03744398156,1640.017494132298,39233.054938113855,0.0,390.7082845561408,15943.10888575545,17253.252399838093,3,LP,0.004973899980541319
q0.8,2025-09-15,0.8,5978.517552915343,6180.240223677249,65426.99988526749,16.077191428569904,120760.02988333338,40471.40892096436,111.87384928903697,40583.2827702534,3062.6913380305705,2991.4394422398523,21791.396102139915,17469.480439047613,2,LP,0.005033199995523319
q0.8,2025-09-16,0.8,6180.240223677249,5960.3212729788365,64466.738161163994,93.21782285714278,121843.35746666664,40047.1287509997,638.7638544338091,40685.89260543351,692.6143384479709,611.9131546266923,20850.45033285126,17086.791825238095,3,LP,0.00529669999377802
q0.8,2025-09-17,0.8,5960.3212729788365,6030.715905042328,65947.67609097589,7.62916666666672,120924.79499999994,40834.81273412865,34.70889375000024,40869.521627878654,0.0,1793.1831556848952,21782.360700529094,17580.35699857143,1,LP,0.00522859999909997
q0.8,2025-09-18,0.8,6030.715905042328,6163.347022608464,65328.24397910637,174.729962761904,120804.1163666667,40527.40022448786,1045.439177964709,41572.83940245256,368.8734315285104,1942.8657217695409,21662.187716284534,17427.004044380952,5,LP,0.00493669998832047
q0.8,2025-09-19,0.8,6163.347022608464,10800.0,66012.64376483834,0.0,75287.12646666665,40992.09460627214,0.0,40992.09460627214,20974.47246487948,21903.566373997644,15054.025945485011,8020.773336190477,0,LP,0.005267299973638728
q0.8,2025-09-20,0.8,10800.0,10800.0,61516.99435592003,0.0,75330.72763333337,39246.08255328424,0.0,39246.08255328424,21415.387672569075,22499.969725349787,10295.806445620223,8339.603220952382,0,LP,0.0048574999964330345
q0.8,2025-09-21,0.8,10800.0,6164.117412857142,62614.298316843044,22.77890022857307,120862.2829833333,39932.57902648653,98.26804808459836,40030.84707457113,2668.96388542034,3106.2480418577325,14456.169130993534,15881.791324533338,2,LP,0.005153800011612475
q0.8,2025-09-22,0.8,6164.117412857142,6005.958599550267,67575.96007343913,19.555900000000065,121218.04173333335,41941.483751508844,131.78740035000044,42073.27115185884,2178.599033333333,1012.4051160787736,20699.130908788942,16908.638968095238,2,LP,0.004740000003948808
q0.8,2025-09-23,0.8,6005.958599550267,6186.501180857142,68258.92060576133,586.6419428904734,121182.28133333329,42287.28229546617,3891.765458708234,46179.047754174404,1072.5979244738412,1438.242112298649,21345.361080893577,17127.25415234762,5,LP,0.0048513000074308366
q0.8,2025-09-24,0.8,6186.501180857142,6323.952426973546,68609.70735032333,85.5844128999978,121014.19341666662,42681.99059230146,417.0262732302224,43099.01686553167,1591.1139971428565,1826.0186249323942,21532.77852443856,17317.84448329047,3,LP,0.005096400011098012
q0.8,2025-09-25,0.8,6323.952426973546,6043.584133793653,68570.52181049972,15.37166666666667,120546.34715000007,42658.63504869148,103.4974316666667,42762.13248035815,2312.1534999999994,2300.2615655144127,20475.584081651963,16837.55457,1,LP,0.005072300002211705
q0.8,2025-09-26,0.8,6043.584133793653,10800.0,68822.95854589062,0.0,74194.35371666666,42753.04147419925,0.0,42753.04147419925,19387.60372707231,24564.021157642568,15243.76779784244,8066.6776366666645,0,LP,0.004639999999199063
q0.8,2025-09-27,0.8,10800.0,10796.865782539682,63772.16452303352,0.0,75945.77174999997,40702.21046267033,0.0,40702.21046267033,21027.274033568494,22993.493297184003,10278.503884185768,8328.40894190476,0,LP,0.0046196999901439995
q0.8,2025-09-28,0.8,10796.865782539682,6176.084657190476,64097.366314950035,154.8650201666639,120389.61958333332,40859.38122132445,750.9217876749865,41610.30300899944,0.0,1715.0605617401584,16885.497997495586,17835.956390785723,4,LP,0.0048682999913580716
q0.8,2025-09-29,0.8,6176.084657190476,6144.644870021164,70171.27006086419,71.08708428571447,121111.41479999997,43573.354083746795,432.0463420109537,44005.40042575775,1019.1265358024635,2392.0730459788315,21576.640904320997,17505.374940952384,3,LP,0.005170999997062609
q0.8,2025-09-30,0.8,6144.644870021164,6257.465201973546,70740.30948496769,269.4439584523788,120916.45506666665,44014.17337431475,1682.1454046258043,45696.31877894055,48.82875523809278,1162.9255872839506,22496.24229196943,18120.417957738096,6,LP,0.004644700005883351
q0.8,2025-10-01,0.8,6257.465201973546,8059.397763761904,71484.6462816108,0.0,117218.45471666665,44528.42280975864,0.0,44528.42280975864,7045.770030852446,9482.416495520283,19332.625875238093,14037.687653333332,0,LP,0.004791899991687387
q0.8,2025-10-02,0.8,8059.397763761904,8091.500361380956,67859.15117902408,0.0,117231.7097833333,42533.46835601173,0.0,42533.46835601173,5465.157732704289,7065.4522637977725,18783.50383156967,15185.745765714284,0,LP,0.00498710002284497
q0.8,2025-10-03,0.8,8091.500361380956,10800.0,66557.23073742504,0.0,71524.19113333334,41585.21611966862,0.0,41585.21611966862,26849.185665196947,27105.49827011757,12356.544354491469,7571.151252380951,0,LP,0.004929000017000362
q0.8,2025-10-04,0.8,10800.0,10800.0,62131.47821911816,0.0,72397.41483333331,39389.664064059085,0.0,39389.664064059085,22233.59736651969,24974.95022266313,9615.516824221048,7788.56862761905,0,LP,0.005079800001112744
q0.8,2025-10-05,0.8,10800.0,7145.447470047618,61438.08206332155,0.0,117604.42090000003,38849.422480840905,0.0,38849.422480840905,3600.264692345684,3493.0732871193386,15252.00154814227,15643.218530952383,0,LP,0.004913599987048656
q0.8,2025-10-06,0.8,7145.447470047618,6644.110953777778,64184.92987634334,0.0,117896.13613333333,39632.098418209695,0.0,39632.098418209695,1789.4775842680783,1366.91828516755,19719.09274500293,16423.66798809524,0,LP,0.004610199976013973
q0.8,2025-10-07,0.8,6644.110953777778,6622.780701164024,63681.93577864782,65.83738389523688,117357.17863333324,39080.6722988014,317.1869560876035,39397.859254889,540.6629028571389,1428.6627036507923,21189.9041230923,17183.01956705714,3,LP,0.004874300007941201
q0.8,2025-10-08,0.8,6622.780701164024,6355.809156910052,62597.797563151085,0.0,117391.06235000005,38230.44092534466,0.0,38230.44092534466,1090.7830990299892,1317.6032798882945,20795.73635470899,17084.82083714285,0,LP,0.004848000011406839
q0.8,2025-10-09,0.8,6355.809156910052,6329.7070057936535,63598.47066579072,0.0,117432.9897333333,38773.38309555126,0.0,38773.38309555126,2383.020387542618,1479.7279525808365,21048.592517572022,17072.85187523809,0,LP,0.005374700005631894
q0.8,2025-10-10,0.8,6329.7070057936535,10800.0,64255.37055924162,0.0,72371.53011666666,39225.5090459048,0.0,39225.5090459048,26589.87738089359,21479.513561793054,14837.394763697821,7995.026063809523,0,LP,0.004578799998853356
q0.8,2025-10-11,0.8,10800.0,10800.0,59502.97332967075,0.0,71790.96475,37367.642678567274,0.0,37367.642678567274,21805.484509641392,21618.555945008822,10382.206798353907,8409.587506666665,0,LP,0.004976399999577552
q0.8,2025-10-12,0.8,10800.0,6061.951067645498,59647.40797038214,20.929933333333338,117709.38418333342,37504.4678705034,98.03580773333336,37602.50367823674,933.227036990011,1495.413072945321,15731.504471399183,17006.762660952383,1,LP,0.005266599997412413
q0.8,2025-10-13,0.8,6061.951067645498,6154.638053497355,65207.61091542623,14.338278571426258,117677.75383333332,39888.35545727911,100.02383131426957,39988.37928859338,2278.819594726631,1782.8613480246934,21312.91928410347,17180.046332857142,1,LP,0.004577600018819794
q0.8,2025-10-14,0.8,6154.638053497355,6039.505753137564,64991.53156216934,540.9420672761876,118032.22918333327,39821.161225690936,3022.655309368367,42843.816535059304,0.0,759.4057060376283,21593.987949465023,17594.74930939049,5,LP,0.004640800005290657
q0.8,2025-10-15,0.8,6039.505753137564,6161.712917142856,65714.31084018812,650.3288808714179,117342.48076666666,40330.272041055294,4481.985928353668,44812.25796940896,0.0,361.19188088182887,20912.830224068202,16829.406033890486,3,LP,0.004977899981895462
q0.8,2025-10-16,0.8,6161.712917142856,6348.410747619048,66317.1496336155,1510.721004089237,117733.27633333336,40690.25718621039,10228.538688674482,50918.79587488486,0.0,529.4556028571367,21915.337039047616,17583.394954200005,6,LP,0.004870300006587058
q0.8,2025-10-17,0.8,6348.410747619048,10800.0,67239.8253700529,0.0,71943.17253333335,41313.97666811533,0.0,41313.97666811533,20917.204470922985,23517.81801771898,14706.174934744267,7905.571369999998,0,LP,0.004780100018251687
q0.8,2025-10-18,0.8,10800.0,10800.0,63261.82849860082,0.0,71656.70145000001,39780.98878729487,0.0,39780.98878729487,21156.49015499118,24211.95146228688,9562.07165608465,7745.278041428571,0,LP,0.00473079999210313
q0.8,2025-10-19,0.8,10800.0,6083.1123966349205,63567.01812479714,1129.6870180190497,117991.24738333332,39921.124015697314,7736.721458581088,47657.845474278394,544.2716342445601,1334.4126019517971,16723.669559553204,17791.371186266664,5,LP,0.004588699986925349
q0.8,2025-10-20,0.8,6083.1123966349205,6040.81885015344,69857.26049994711,864.2549262047617,117903.31865000003,42866.1607317751,4266.8161397792,47132.976871554296,0.0,2164.777290464424,21863.26295186362,17747.30718284285,7,LP,0.00472329999320209
q0.8,2025-10-21,0.8,6040.81885015344,6165.104637772484,71112.29144184009,310.2685967285676,117800.84898333332,43676.47767324456,1488.882849588282,45165.36052283284,0.0,608.5729687771885,22313.41321544385,17962.00749565239,4,LP,0.004765899997437373
q0.8,2025-10-22,0.8,6165.104637772484,6119.47360978836,71844.87397781305,991.4089222238092,117671.98653333336,44105.191564450375,4793.06070166065,48898.25226611103,822.4087842857115,2378.41788547325,21692.77608138742,17612.216551109526,7,LP,0.0053703000012319535
q0.8,2025-10-23,0.8,6119.47360978836,6436.2593888994725,72538.85152044678,0.0,117212.01551666661,44625.08196400441,0.0,44625.08196400441,1049.53975,3591.324469124046,22280.963509417983,17762.47324142857,0,LP,0.004870599979767576
q0.8,2025-10-24,0.8,6436.2593888994725,10800.0,72309.65632901233,0.0,72135.5185333333,44536.79158565872,0.0,44536.79158565872,20737.134778900647,26459.591378265715,14555.33107994121,7862.451624761903,0,LP,0.005174299993086606
q0.8,2025-10-25,0.8,10800.0,10800.0,67848.3456847854,0.0,72042.78699999997,42824.85128961667,0.0,42824.85128961667,19931.412482727803,26730.851595778957,9408.67827865961,7621.029405714284,0,LP,0.004838799999561161
q0.8,2025-10-26,0.8,10800.0,6443.576736793648,68371.53677798357,0.0,117422.34435000003,43233.45749615599,0.0,43233.45749615599,1304.9157147501544,3356.1830149441435,16246.878781622576,17080.75275,0,LP,0.004701699974248186
q0.8,2025-10-27,0.8,6443.576736793648,6051.540504931216,73049.65651000585,276.6069525503892,117790.56431666661,45095.81787911512,1884.354713791515,46980.17259290664,1604.457496161079,4461.186479976488,21373.002254885352,17664.964435133326,2,LP,0.0048590999795123935
q0.8,2025-10-28,0.8,6051.540504931216,6246.487471492064,73443.64072115815,0.0,117514.14480000001,45315.9340005461,0.0,45315.9340005461,435.38838368018935,2606.235321481488,22390.226558377424,17960.631242380954,0,LP,0.004668000008678064
q0.8,2025-10-29,0.8,6246.487471492064,6106.271662550265,72875.69245885947,1264.7720743761945,117721.61451666661,45041.40092532668,8015.195679584302,53056.59660491098,0.0,723.2778682304515,22269.074173962355,18164.14430895714,10,LP,0.004847700009122491
q0.8,2025-10-30,0.8,6106.271662550265,6343.246267783071,74224.73688735448,3.641833333333352,116916.07056666665,45879.06912201621,17.058347333333423,45896.12746934954,1472.529674850088,3551.3184742798344,22123.346193938858,17706.633272380946,1,LP,0.004502299998421222
q0.8,2025-10-31,0.8,6343.246267783071,10800.0,74211.84884041148,0.0,71748.98903333335,45965.29591749913,0.0,45965.29591749913,15849.056783315695,27675.931659006466,14586.789328565546,7804.220997142854,0,LP,0.005039200012106448
q0.8,2025-11-01,0.8,10800.0,10800.0,70066.00657821281,0.0,71974.20948333332,44433.76923431388,0.0,44433.76923431388,17447.943511105233,28334.87437592005,9153.422409758965,7414.272151904762,0,LP,0.004855900013353676
q0.8,2025-11-02,0.8,10800.0,6174.930664486773,70526.28343594764,130.89438428571555,117843.23631666665,44726.693097946496,913.1192247771517,45639.81232272365,256.03645324514576,2315.7130008112827,18166.351762134043,18877.307329290477,1,LP,0.004725399980088696
q0.8,2025-11-03,0.8,6174.930664486773,6340.427901603173,76374.85792778133,0.0,117808.91503333332,47471.75734206092,0.0,47471.75734206092,530.70245,2029.9946589065164,21896.226432298638,17586.995896757147,0,LP,0.004947300010826439
q0.8,2025-11-04,0.8,6340.427901603173,6092.348471142857,77192.20131546316,123.22263708571495,117396.61073333328,48004.51459639529,727.7788481198814,48732.29344451517,1093.9183129806008,4829.909600264551,21235.76575465608,17424.24174868572,4,LP,0.004923200001940131
q0.8,2025-11-05,0.8,6092.348471142857,6456.851730201059,77534.87152369524,0.0,117764.4076166667,48213.35649257102,0.0,48213.35649257102,712.3265191769488,2531.770484638452,22551.06063189888,17938.306178685714,0,LP,0.0047734999970998615
q0.8,2025-11-06,0.8,6456.851730201059,6196.862401111106,77122.88504861946,524.5507879809564,117713.09413333329,48021.35161960416,2571.090290261553,50592.44190986571,0.0,2189.348175208698,22749.96582932981,18661.462717938095,6,LP,0.005181899992749095
q0.8,2025-11-07,0.8,6196.862401111106,10800.0,78620.35672704161,0.0,72212.37866666667,49035.58257004121,0.0,49035.58257004121,17294.55645823045,31129.647055914153,14394.039950335113,7516.348520771429,0,LP,0.004864399990765378
q0.8,2025-11-08,0.8,10800.0,10800.0,73434.23473617142,0.0,72034.86681666666,46889.78312991318,0.0,46889.78312991318,16544.619778600827,31457.04307119929,8638.762033533218,6997.397247161908,0,LP,0.004794200009200722
q0.8,2025-11-09,0.8,10800.0,6218.241321465609,73609.68702283812,0.0,117877.6701666666,47037.94451041728,0.0,47037.94451041728,612.6961000000001,2489.0665918988857,17287.84188572016,18126.73473811429,0,LP,0.007525299995904788
q0.8,2025-11-10,0.8,6218.241321465609,6096.395661428571,79033.96738233503,7.605470876187837,118420.10276666663,49396.85711433033,29.52443794136118,49426.38155227169,137.33407223397893,774.820808495004,23055.97877113461,18785.00389865238,1,LP,0.006473599991295487
q0.8,2025-11-11,0.8,6096.395661428571,6167.657657767199,79988.99212771907,0.0,117957.86745000003,50111.30686700548,0.0,50111.30686700548,426.71609999999976,3788.4593279071087,21845.58545495003,17630.788421804762,0,LP,0.00624489999609068
q0.8,2025-11-12,0.8,6167.657657767199,6304.458250820105,80281.74178324433,0.0,117416.71383333333,50338.3993120162,0.0,50338.3993120162,463.5332000000002,4524.770092910055,22180.6852978248,17843.234557490476,0,LP,0.006436499999836087
q0.8,2025-11-13,0.8,6304.458250820105,6313.004078111114,80115.76590357765,2.010533333333342,117780.10726666663,50355.061644108064,9.417338133333374,50364.478982241395,266.887333333333,3389.8892890123425,21354.932912298646,17289.804414399994,1,LP,0.008158200012985617
q0.8,2025-11-14,0.8,6313.004078111114,10800.0,80222.07743210574,0.0,71737.89309999999,50416.67433094554,0.0,50416.67433094554,13522.607208641977,32561.853510358607,13162.447807395647,6623.286394290476,0,LP,0.006405500025721267
q0.8,2025-11-15,0.8,10800.0,10800.0,75875.36491251884,0.0,72466.97681666666,48750.99669336967,0.0,48750.99669336967,13069.319936625514,32965.55067314521,8571.617821481477,6943.010435399999,0,LP,0.00466559999040328
q0.8,2025-11-16,0.8,10800.0,6248.701933687832,76527.49548361673,0.0,118360.27023333324,49244.51353474922,0.0,49244.51353474922,270.2006666666666,2501.613847178135,17985.81497957671,18664.678393138092,0,LP,0.00491600000532344
q0.8,2025-11-17,0.8,6248.701933687832,6443.272305502646,81884.69619906205,0.0,117269.71064999998,51582.75588484885,0.0,51582.75588484885,269.16134999999986,4558.551695097008,22032.18676841269,17670.957947780957,0,LP,0.004814200015971437
q0.8,2025-11-18,0.8,6443.272305502646,6240.839031767193,81332.76880573024,0.0,117783.68649999997,51254.90666992122,0.0,51254.90666992122,23.95728333333318,2439.0020997824668,21902.355450752504,17923.097861471433,0,LP,0.004711899993708357
q0.8,2025-11-19,0.8,6240.839031767193,6080.136025417993,81875.223486167,1.3850000000001046,118179.70134999994,51509.492101216136,6.301057500000476,51515.79315871614,0.0,2183.0409236037626,23525.729833039393,19200.473870476195,1,LP,0.0047750000085216016
q0.8,2025-11-20,0.8,6080.136025417993,6313.997372185185,82613.1987642504,0.0,117846.45723333335,51948.07737947877,0.0,51948.07737947877,94.43773333333331,3185.1745507642395,22789.659130152857,18249.14868333333,0,LP,0.0057483999989926815
q0.8,2025-11-21,0.8,6313.997372185185,10800.0,82750.14421787184,0.0,71999.17709999997,52138.35644297424,0.0,52138.35644297424,12891.778726543213,34480.255319947086,13033.28284042916,6519.556735714283,0,LP,0.005212200019741431
q0.8,2025-11-22,0.8,10800.0,10800.0,77949.01938961199,0.0,72549.91013333337,50169.38976304957,0.0,50169.38976304957,11832.103250205766,34282.395813774245,8498.37285420341,6883.682011904763,0,LP,0.004919800005154684
q0.8,2025-11-23,0.8,10800.0,6213.1169688042355,78240.78485952377,0.0,117782.69220000003,50365.632737391985,0.0,50365.632737391985,193.09595000000013,3448.568323403878,18395.889636119926,19028.86533333333,0,LP,0.005971500009763986
q0.8,2025-11-24,0.8,6213.1169688042355,5988.051633603173,83665.79598363904,43.211798152380176,117975.6878166666,52706.061091721385,255.36366517900464,52961.424756900386,310.70213333333345,5320.018322045853,21678.43383206936,17762.090205657147,3,LP,0.005931100022280589
q0.8,2025-11-25,0.8,5988.051633603173,6274.808444915347,84062.53470602586,0.0,117682.39221666665,52907.1043666414,0.0,52907.1043666414,100.00658333333354,3100.168767624924,23345.356622210467,18651.657733809527,0,LP,0.004585800023050979
q0.8,2025-11-26,0.8,6274.808444915347,6494.587910761905,83911.38962229277,32.99316666666664,117686.43673333332,52897.92295636285,154.53999266666654,53052.46294902952,2.9483333333332666,2468.651073985879,23775.34199497354,19060.225496666666,1,LP,0.004880000022239983
q0.8,2025-11-27,0.8,6494.587910761905,6549.794191121697,83716.43855196353,0.0,117198.14165,52805.20997649248,0.0,52805.20997649248,77.08986666666658,3479.855405783591,22783.762599242862,18405.162053062904,0,LP,0.004702800011727959
q0.8,2025-11-28,0.8,6549.794191121697,10800.0,83824.4134614991,0.0,72239.02128333332,52907.85580904594,0.0,52907.85580904594,10968.856673251032,35530.24562857732,13573.091482527918,7169.018872857145,0,LP,0.00472339999396354
q0.8,2025-11-29,0.8,10800.0,10800.0,79440.9294549853,0.0,72156.19988333333,51225.52518774679,0.0,51225.52518774679,7267.596713991764,35612.45205109347,8586.476788947683,6955.0461990476215,0,LP,0.004662799998186529
q0.8,2025-11-30,0.8,10800.0,6096.973814846561,80149.62368818339,126.94518950952545,118008.83443333332,51684.22227082497,880.543602532735,52564.76587335771,0.0,526.1329031040589,19675.428550317454,20169.820692395235,2,LP,0.0049322999839205295
q0.8,2025-12-01,0.8,6096.973814846561,5943.486591370371,86193.18939078192,5086.11580348572,125291.39163333336,54411.841472029104,26150.69299154281,80562.53446357191,0.0,451.6070009523811,24562.678742686636,20033.908282704753,17,LP,0.0046864000032655895
q0.8,2025-12-02,0.8,5943.486591370371,5992.662747513226,88434.76925006465,4955.728443614276,125400.62360000004,56000.97916595296,25941.14242266925,81942.1215886222,0.0,107.15765095238066,24217.21869577894,19571.688603052393,22,LP,0.005045800004154444
q0.8,2025-12-03,0.8,5992.662747513226,6000.210076608468,90703.44664583779,1481.9626260619043,124622.93113333329,57691.78941443624,7688.592216351629,65380.381630787866,0.0,300.9278766666655,24815.474907266307,20093.7420787,10,LP,0.004906599991954863
q0.8,2025-12-04,0.8,6000.210076608468,6307.778006354495,92677.64635637272,1584.0906532761956,125336.25094999997,59025.56913557103,7891.625954570205,66917.19509014123,0.0,2413.89049208113,25262.245425243957,20185.607657676184,8,LP,0.004674299998441711
q0.8,2025-12-05,0.8,6307.778006354495,10800.0,93921.64621061723,0.0,78868.07108333331,60012.46074387506,0.0,60012.46074387506,5863.244833333333,39994.99276843029,14256.742795996479,7504.961870476191,0,LP,0.004893000004813075
q0.8,2025-12-06,0.8,10800.0,10800.0,90457.10115786007,0.0,79470.82115,59029.03380552909,0.0,59029.03380552909,4782.9131,40258.6139978836,9215.490754262204,7464.547510952381,0,LP,0.004722400015452877
q0.8,2025-12-07,0.8,10800.0,6189.353888730157,91714.3815894297,66.94599751428484,125067.46291666671,59948.50938737835,414.3865329751271,60362.89592035349,0.0,4709.090045238092,18784.935746572603,19365.37945486667,2,LP,0.004705900006229058
q0.8,2025-12-08,0.8,6189.353888730157,6433.510638555554,97920.70736240449,0.0,124410.3539333333,62866.44001769402,0.0,62866.44001769402,0.0,5317.376202874775,23875.67877905349,19119.558736190473,0,LP,0.005345100013073534
q0.8,2025-12-09,0.8,6433.510638555554,6232.037002735452,97645.86749852439,85.1991680952384,124694.68108333329,62725.266651009115,495.0714946983351,63220.33814570744,0.0,5951.394908348028,24066.019809700174,19674.802318095237,2,LP,0.004517000023042783
q0.8,2025-12-10,0.8,6232.037002735452,6387.49704589418,97720.33950436213,0.0,124378.76451666663,62752.30248267844,0.0,62752.30248267844,0.0,4688.696085878896,23705.846910388005,19061.82195857143,0,LP,0.00461519998498261
q0.8,2025-12-11,0.8,6387.49704589418,6633.4805782751355,97826.41524590824,0.0,123787.79896666658,62867.01967621621,0.0,62867.01967621621,0.0,7175.485034650198,23517.317537448565,18827.642026190475,0,LP,0.0045390000159386545
q0.8,2025-12-12,0.8,6633.4805782751355,10800.0,97199.77537447974,0.0,78661.70368333337,62470.17420277155,0.0,62470.17420277155,3891.93838340388,43276.35874654321,13511.564640246912,7194.49987904762,0,LP,0.004470900021260604
q0.8,2025-12-13,0.8,10800.0,10800.0,92904.0390910817,0.0,78840.15755000003,60736.86153562165,0.0,60736.86153562165,4230.351466666666,43129.11017703705,9189.705600235153,7443.661536190476,0,LP,0.004580599983455613
q0.8,2025-12-14,0.8,10800.0,6217.034287513227,92937.99551301003,0.0,124522.58585000002,60805.538102306506,0.0,60805.538102306506,0.0,4617.751385743676,19295.744571075837,19754.222243809527,0,LP,0.004538500012131408
q0.8,2025-12-15,0.8,6217.034287513227,6352.507078724864,98083.92713594939,32.601880952381066,124305.22548333331,62978.48983842132,189.36802551190542,63167.85786393323,0.0,3829.260830188123,24714.656357666066,19896.946137619056,1,LP,0.004729900014353916
q0.8,2025-12-16,0.8,6352.507078724864,6194.733221851855,98254.87034927108,43.24730952380969,124646.94338333338,63134.965100112284,251.20199736904857,63386.16709748133,0.0,4432.452425614336,24155.63353175191,19708.059631904758,1,LP,0.004543199989711866
q0.8,2025-12-17,0.8,6194.733221851855,6389.530148698419,98605.06357901827,7.007309523809681,124466.55465000003,63295.10480922386,40.70195736904853,63335.80676659291,0.0,5712.756228689011,23853.42294223397,19145.955349047617,1,LP,0.004789099999470636
q0.8,2025-12-18,0.8,6389.530148698419,6540.62212766138,98223.3399224221,9.432071428571021,124315.3592666666,63075.35111915031,54.78618689285477,63130.137306043165,0.0,6060.963397907116,24576.625516895932,19771.083887619054,1,LP,0.0052377999818418175
q0.8,2025-12-19,0.8,6540.62212766138,10800.0,98197.05243955909,0.0,78593.32543333336,63126.068990008345,0.0,63126.068990008345,5304.295702927686,43490.03020124043,14004.711317295705,7510.376081904759,0,LP,0.004726699989987537
q0.8,2025-12-20,0.8,10800.0,10800.0,93361.4542940153,0.0,78668.52011666668,61105.3820058437,0.0,61105.3820058437,5488.809465825983,43201.06094348031,9553.850708994709,7738.619074285715,0,LP,0.004754099994897842
q0.8,2025-12-21,0.8,10800.0,6323.471259566138,93220.42312067606,18.571357142856982,124376.4409666666,60996.932456251605,107.87172796428477,61104.80418421589,0.0,4590.413305361556,19156.185116743087,19545.38581095238,1,LP,0.004678199999034405
q0.8,2025-12-22,0.8,6323.471259566138,6167.808530931217,98180.80161318634,40.703653595237164,124718.45381666665,63021.468883493355,240.2080517750897,63261.67693526846,0.0,4804.834121669611,24312.318513421505,19833.07445164286,4,LP,0.005494299985002726
q0.8,2025-12-23,0.8,6167.808530931217,6386.252249095241,98254.4954269018,0.0,123956.6545666666,63036.97108985527,0.0,63036.97108985527,0.0,6222.454320799527,24091.31171800706,19317.363145238094,0,LP,0.004699000011896715
q0.8,2025-12-24,0.8,6386.252249095241,6309.309338529101,97593.07631957083,45.79201190476215,123954.37128333331,62613.27523399071,265.9829011488109,62879.25813513951,0.0,5287.7489907289855,24030.57180836566,19534.011784285714,1,LP,0.004797000001417473
q0.8,2025-12-25,0.8,6309.309338529101,6471.290051666667,97456.47192629626,10.42986904761915,123789.85790000002,62571.66146001729,60.58189436309583,62632.24335438038,0.0,4973.977023133448,23866.808405543794,19186.332166666663,1,LP,0.0045270000118762255
q0.8,2025-12-26,0.8,6471.290051666667,10800.0,97362.37207793065,0.0,78270.30764999997,62489.471691863735,0.0,62489.471691863735,4859.651615196941,42932.78956915932,14034.050035479126,7471.741575238096,0,LP,0.0051543999870773405
q0.8,2025-12-27,0.8,10800.0,10800.0,92572.24894833038,0.0,78409.18393333335,60501.44085175677,0.0,60501.44085175677,4417.614633333333,43099.89525528513,9031.210489711932,7315.280496666666,0,LP,0.004647599998861551
q0.8,2025-12-28,0.8,10800.0,6475.8078869735455,92639.83801649614,81.44221523809517,123511.26974999998,60551.47760130882,473.8836539204758,61025.3612552293,0.0,6305.255613862439,18413.382997871835,18806.613129999998,2,LP,0.004942500003380701
q0.8,2025-12-29,0.8,6475.8078869735455,6143.026664010581,96687.31509855376,0.0,123677.30638333333,62004.124308482475,0.0,62004.124308482475,0.0,5053.373394967661,23208.834408348026,19098.658971428573,0,LP,0.004669699992518872
q0.8,2025-12-30,0.8,6143.026664010581,6244.134713063493,96120.85926245151,77.33166904761902,123526.50904999998,61400.664199987055,449.98711247452354,61850.65131246158,0.0,5307.109595661361,24082.534166790127,19415.85543095239,2,LP,0.00436040002387017
q0.8,2025-12-31,0.8,6244.134713063493,5947.426122333334,95239.76279569074,189.79496476190786,123791.70508333332,60806.13174281802,925.5671587340626,61731.69890155208,0.0,2289.8049754908848,25054.566227818923,20561.23637619048,3,LP,0.005059799994342029
q0.85,2025-05-01,0.85,6183.801927984131,5629.064295915345,56621.80094919751,1753.359026097618,120364.58391666667,33752.1849732401,11363.306017757053,45115.49099099717,2945.138597269255,1177.838289071133,19684.569251666657,16443.764962711903,9,LP,0.005219100014073774
q0.85,2025-05-02,0.85,5629.064295915345,10800.0,58084.18550789977,0.0,74761.02673333335,34766.1178773467,0.0,34766.1178773467,20009.24776563786,16199.552585906822,15427.48915445032,7842.4240814285695,0,LP,0.004809200007002801
q0.85,2025-05-03,0.85,10800.0,10800.0,54140.98874377124,0.0,74894.84928333333,33498.244649056556,0.0,33498.244649056556,24952.142926155204,18520.109744241618,9481.918017760136,7680.353594385712,0,LP,0.0053029999835416675
q0.85,2025-05-04,0.85,10800.0,5871.065290801586,55305.530788161916,524.1198889285698,120670.08423333336,34292.55392788547,3292.6681182921916,37585.222046177674,3213.0385150734896,3037.3385333098117,12003.40807185479,14158.80177648095,7,LP,0.005106700002215803
q0.85,2025-05-05,0.85,5871.065290801586,5991.287262812169,61371.27537951305,213.4112807892908,120612.16386666658,37026.78628610581,1480.5737227671561,38507.36000887297,0.0,2440.7144111816556,20840.871970058794,16772.906520938093,2,LP,0.0053752000094391406
q0.85,2025-05-06,0.85,5991.287262812169,5958.004705017193,61460.62832062285,0.0,121017.19009999998,37275.17423276343,0.0,37275.17423276343,2189.3224493709627,2594.9796178042297,20190.51678313933,16384.272896358332,0,LP,0.0048254000139422715
q0.85,2025-05-07,0.85,5958.004705017193,6223.103410906083,62601.889219119636,84.2321233640049,121160.21501666667,37958.575941562245,587.6032925872983,38546.179234149546,2123.3294093298055,1465.3670110405644,19952.57966743827,15923.000695325001,1,LP,0.004598200001055375
q0.85,2025-05-08,0.85,6223.103410906083,6586.6747313439155,63230.05632887717,35.999250000000075,120445.47738333329,38611.923901365946,243.2289326250005,38855.15283399095,1243.9265060964149,2205.2956774735453,19279.50951006908,15289.188514761905,1,LP,0.004752300010295585
q0.85,2025-05-09,0.85,6586.6747313439155,10800.0,63545.23596661521,0.0,74253.82544999999,38726.59981506149,0.0,38726.59981506149,25187.15163641975,23547.573587636685,13258.590267201642,6947.465374642857,0,LP,0.0045627999934367836
q0.85,2025-05-10,0.85,10800.0,10800.0,58022.55089486036,0.0,74647.98705,36304.862585463234,0.0,36304.862585463234,21925.41843641975,22421.364627998246,8182.75024794239,6628.027700833334,0,LP,0.004638200014596805
q0.85,2025-05-11,0.85,10800.0,6443.961392952381,58543.700515715755,41.18071666666674,120743.09041666662,36517.36317683811,277.36103945833383,36794.72421629645,2073.7981333333328,2353.030337048787,13654.7811842622,14980.80750559524,2,LP,0.005270800000289455
q0.85,2025-05-12,0.85,6443.961392952381,7002.88432164683,64191.45406049678,0.0,120448.60361666663,38967.00492964057,0.0,38967.00492964057,3310.6339666666663,5261.63262706349,16762.95577688566,13074.963543452377,0,LP,0.004892099997960031
q0.85,2025-05-13,0.85,7002.88432164683,6696.584010776456,63173.67814448998,0.0,120269.63160000001,38489.62753409032,0.0,38489.62753409032,2641.510256682836,4286.798190267493,17851.722161349193,14735.565230476188,0,LP,0.005332799977622926
q0.85,2025-05-14,0.85,6696.584010776456,6657.2100964418005,63546.24511465019,0.0,120592.00526666673,38630.90733263254,0.0,38630.90733263254,2785.8705166666664,4393.454257176648,17832.674107235445,14479.9025497619,0,LP,0.004796399996848777
q0.85,2025-05-15,0.85,6657.2100964418005,7050.336280797622,62996.153211897385,0.0,119598.30981666666,38238.87044522633,0.0,38238.87044522633,2483.706288517043,3866.979383265721,18561.029951900353,14680.620695119049,0,LP,0.00457380001898855
q0.85,2025-05-16,0.85,7050.336280797622,10800.0,62082.47226791888,0.0,74681.34474999999,37835.71496320268,0.0,37835.71496320268,30782.339108230448,22966.371062455906,11808.201140089643,6189.945576190475,0,LP,0.00509369999053888
q0.85,2025-05-17,0.85,10800.0,10800.0,57000.52810051735,0.0,75274.53043333333,35584.60982740564,0.0,35584.60982740564,24071.76234156378,20973.992878853613,7926.17787771899,6420.2040809523805,0,LP,0.004620799998519942
q0.85,2025-05-18,0.85,10800.0,6720.265998366401,56683.56514742346,5.236666666666679,120687.037,35444.49322133951,35.318698333333415,35479.81191967284,1450.5088215725966,2608.1503146737236,13819.658838495012,14865.684260651198,1,LP,0.00495299999602139
q0.85,2025-05-19,0.85,6720.265998366401,6612.739762875662,61057.38837666351,65.60048071428582,120072.38798333333,37106.27311220429,442.44244217750077,37548.71555438179,5163.90059086714,5278.886360332158,17167.152463790415,14002.167107611904,1,LP,0.004822499991860241
q0.85,2025-05-20,0.85,6612.739762875662,6469.344856791006,60601.89821873269,0.0,120437.57771666667,36828.154910626625,0.0,36828.154910626625,828.091691563787,1978.8631802322113,17876.86287234861,14609.314342078571,0,LP,0.004478000017115846
q0.85,2025-05-21,0.85,6469.344856791006,6527.357604527773,61129.65440524999,0.0,120283.05128333339,37127.49283282473,0.0,37127.49283282473,4044.147390548203,2434.721152132568,17031.363717225162,13743.193137989292,0,LP,0.004941499995766208
q0.85,2025-05-22,0.85,6527.357604527773,7284.74483280556,60975.42836006054,0.0,119729.6800166667,37103.125433578556,0.0,37103.125433578556,3042.414851556432,2951.950735288063,18330.43921631248,14166.007259763097,0,LP,0.004916799982311204
q0.85,2025-05-23,0.85,7284.74483280556,10800.0,59963.572889621486,0.0,74983.38438333334,36661.707945789974,0.0,36661.707945789974,26721.68322816872,21409.144560361554,11831.929301488824,6420.1330837309515,0,LP,0.0046138000034261495
q0.85,2025-05-24,0.85,10800.0,10800.0,56552.84660680696,0.0,74693.81781666666,35352.20781469533,0.0,35352.20781469533,29634.66463621398,21709.82072851624,7651.893993386243,6198.034134642857,0,LP,0.004765399993630126
q0.85,2025-05-25,0.85,10800.0,6729.495802641536,55692.69076605527,0.0,120319.87760000004,34806.182556916305,0.0,34806.182556916305,4159.487466666666,4254.99756196648,12613.943851112583,13880.748297023809,0,LP,0.005227700021350756
q0.85,2025-05-26,0.85,6729.495802641536,6906.626434607142,59374.76388691797,0.0,119407.96936666663,36354.593010817094,0.0,36354.593010817094,0.0,1039.8421453865408,18924.58538296002,15169.496591428571,0,LP,0.00464930001180619
q0.85,2025-05-27,0.85,6906.626434607142,6553.6026776666695,60076.32271435367,0.0,120046.82735000004,36682.479147308426,0.0,36682.479147308426,3267.6562999999996,4470.783073218694,17185.46011779689,14237.944076661908,0,LP,0.004633100004866719
q0.85,2025-05-28,0.85,6553.6026776666695,6758.169652339948,59651.82715601704,0.0,119921.84721666662,36373.936680946674,0.0,36373.936680946674,1408.9771575881728,2187.672401602,18932.859050636383,15151.505553809526,0,LP,0.004888800001936033
q0.85,2025-05-29,0.85,6758.169652339948,6901.087687552912,59756.168961121875,17.817433333333497,120439.31426666665,36358.420047134445,119.77769558333443,36478.19774271778,114.57513890799211,1713.779958259851,19509.90297681951,15674.395179532145,1,LP,0.005372899991925806
q0.85,2025-05-30,0.85,6901.087687552912,10800.0,59987.61752473839,0.0,74612.22448333331,36459.71242715974,0.0,36459.71242715974,26715.19712057613,20843.484520218975,12229.902821443271,6397.200204166669,0,LP,0.004928999987896532
q0.85,2025-05-31,0.85,10800.0,10686.743951587301,55723.10933730452,0.0,74778.33258333332,34708.01307487889,0.0,34708.01307487889,24850.267430452674,21041.08872560699,8128.95828850676,6686.386657261905,0,LP,0.004931899980874732
q0.85,2025-06-01,0.85,10686.743951587301,5065.5106007910035,56540.52754324953,11374.103424948811,128248.56003333337,35096.951835643966,72658.4646342988,107755.41646994275,0.0,0.0,9204.814125868605,12515.009457670229,32,LP,0.004848699987633154
q0.85,2025-06-02,0.85,5065.5106007910035,5240.049036275133,67088.81755796738,6500.423239356669,128080.53698333332,40250.82858210374,42895.34045678585,83146.16903888955,0.0,892.72090654762,20519.093941266907,16463.381500490475,21,LP,0.004800700000487268
q0.85,2025-06-03,0.85,5240.049036275133,5588.247688138889,69566.7865455776,3379.1566577285707,128076.84056666664,42064.67174805834,20999.199543448256,63063.8712915066,0.0,386.76766190476303,21333.841691529986,16967.032983461908,23,LP,0.004969500005245209
q0.85,2025-06-04,0.85,5588.247688138889,5609.256303067461,72833.02341196209,1258.0077976821403,128539.84358333335,44361.996961899924,8439.865624102109,52801.86258600203,0.0,336.9411379761891,21525.902639819218,17417.07338481786,11,LP,0.004971499991370365
q0.85,2025-06-05,0.85,5609.256303067461,6135.247889115078,76033.00451418787,647.0283768154702,128455.92066666663,46565.93088798875,4474.512180020078,51040.44306800883,291.6713000000002,372.10880053938956,23123.90708607583,18256.97231227858,7,LP,0.005145500006619841
q0.85,2025-06-06,0.85,6135.247889115078,10800.0,78746.17216136181,0.0,82747.41500000002,48669.68363857942,0.0,48669.68363857942,11952.161754618734,29132.33731574955,13728.425216826861,6921.7475258333325,0,LP,0.005456299986690283
q0.85,2025-06-07,0.85,10800.0,10800.0,77111.07642591857,0.0,83156.75974999997,49095.91891954094,0.0,49095.91891954094,11219.762267799824,33206.67773503967,8200.648717960024,6642.525461547618,0,LP,0.00451289999182336
q0.85,2025-06-08,0.85,10800.0,7004.005767923281,80422.21027574221,0.0,128266.94665,51565.21365490452,0.0,51565.21365490452,1392.3999499999998,15012.790102326582,11834.167187463254,13002.070230714287,0,LP,0.004961600003298372
q0.85,2025-06-09,0.85,7004.005767923281,7096.515255395505,83620.16036278654,4.833372261904628,128169.18798333328,52563.53465657124,32.59867922041577,52596.13333579165,668.9188333333334,8154.572834413587,19923.846290753965,16055.056956785713,1,LP,0.004865900002187118
q0.85,2025-06-10,0.85,7096.515255395505,7135.197330894179,83786.71355189444,0.0,127414.49178333324,52739.409184892145,0.0,52739.409184892145,320.0868947545569,7976.797070640805,20192.481501141978,16321.096147976186,0,LP,0.005348200007574633
q0.85,2025-06-11,0.85,7135.197330894179,7255.375606857143,84358.65036696356,334.43559070952165,128236.67731666668,53098.627220061135,1612.15481449478,54710.78203455591,0.0,4061.433487907115,23363.398445961204,18816.192292861902,3,LP,0.004792000021552667
q0.85,2025-06-12,0.85,7255.375606857143,7574.882884056879,85701.63456611842,0.0,127721.81298333338,54247.81601380023,0.0,54247.81601380023,245.79104999999993,8863.582642338328,20275.331005089658,16135.461564642854,0,LP,0.004986199986888096
q0.85,2025-06-13,0.85,7574.882884056879,10800.0,85556.74799415491,0.0,81889.59039999997,54291.752509690166,0.0,54291.752509690166,13716.08029855967,38431.623194706044,11374.344192317752,6310.613391428571,0,LP,0.004836599982809275
q0.85,2025-06-14,0.85,10800.0,10800.0,81629.66348955031,0.0,82253.15711666664,52571.73936040094,0.0,52571.73936040094,15978.504666666662,37999.80076717225,7673.764766901824,6215.749461190475,0,LP,0.004903099994407967
q0.85,2025-06-15,0.85,10800.0,7373.861101748678,80840.50338044531,0.0,127368.8845166667,51977.08553996885,0.0,51977.08553996885,22.459833333333336,10240.226158691952,15970.358229015284,16019.51517392857,0,LP,0.004911700001684949
q0.85,2025-06-16,0.85,7373.861101748678,7285.577824546298,85401.12742541444,0.0,127618.63201666664,54095.67692060912,0.0,54095.67692060912,0.0,8832.472116524103,20810.828640557025,16936.22614833333,0,LP,0.004550500016193837
q0.85,2025-06-17,0.85,7285.577824546298,6925.786424002647,85853.56789913727,22.306200119047617,127311.7546,54333.432833586936,150.40094118863095,54483.83377477556,68.53756335538152,7543.8132336522685,20791.180768796294,17164.668683214284,2,LP,0.004451599990716204
q0.85,2025-06-18,0.85,6925.786424002647,7327.9897473174615,86689.01322507492,0.0,126909.07891666662,54839.396944827815,0.0,54839.396944827815,88.67290000000003,11764.499904930926,18660.350153477364,14752.90063333333,0,LP,0.0047052000008989125
q0.85,2025-06-19,0.85,7327.9897473174615,7322.189010362436,85139.96068515726,53.92460952380941,127349.06689999993,53842.06336726393,362.9706236380945,54205.033990902026,1350.836709613462,11958.535274035865,19106.472496269846,15481.463385238094,2,LP,0.0046965999936219305
q0.85,2025-06-20,0.85,7322.189010362436,10800.0,84604.63436200615,0.0,81137.07971666669,53448.83142699692,0.0,53448.83142699692,17962.408056162556,38983.15440845532,11202.427140602582,5943.936093214285,0,LP,0.00446409999858588
q0.85,2025-06-21,0.85,10800.0,10800.0,79866.07898121247,0.0,81408.06479999995,51137.90442123437,0.0,51137.90442123437,20950.946466666668,38105.5893686361,7762.119715314514,6287.31696940476,0,LP,0.004500200011534616
q0.85,2025-06-22,0.85,10800.0,7124.375509630954,78878.0275916769,0.0,126539.46191666664,50484.25413357226,0.0,50484.25413357226,711.2180999999997,11284.570131092003,14384.00158903734,14959.103328452382,0,LP,0.004587499977787957
q0.85,2025-06-23,0.85,7124.375509630954,7204.626640152113,82532.20147,0.0,126690.87308333331,51812.87104277491,0.0,51812.87104277491,884.6915333333336,10746.530953897709,19828.77350157848,15989.080518809527,0,LP,0.004616799997165799
q0.85,2025-06-24,0.85,7204.626640152113,7071.992031486773,81392.07440334906,1521.6263723666682,127112.84501666667,51041.7513958029,7312.798812054992,58354.5502078579,0.0,2490.2213592577873,22495.043759246022,18340.35659278809,7,LP,0.004711300018243492
q0.85,2025-06-25,0.85,7071.992031486773,7292.701237859787,82386.26096419898,0.0,126310.40843333337,51748.10579604997,0.0,51748.10579604997,86.64269999999988,7724.335753852141,20732.75188391828,16594.8907402381,0,LP,0.005500300001585856
q0.85,2025-06-26,0.85,7292.701237859787,7178.471356944447,82006.76442794388,32.191746904762226,126697.44536666665,51521.39738896435,217.3318964451212,51738.72928540947,302.66156666666666,10547.619880224867,19705.777828671376,16064.486934047627,3,LP,0.004633500007912517
q0.85,2025-06-27,0.85,7178.471356944447,10800.0,81825.14766572163,0.0,79563.255,51375.20479028276,0.0,51375.20479028276,19896.507283333332,36662.47300723103,11763.924893371546,6269.403384880951,0,LP,0.005200000014156103
q0.85,2025-06-28,0.85,10800.0,10800.0,77420.7461240256,0.0,80661.57279999995,49482.61819095347,0.0,49482.61819095347,18418.481253909464,35810.739903762485,7445.2571036155205,6030.658253928572,0,LP,0.004892500001005828
q0.85,2025-06-29,0.85,10800.0,7375.266816342592,77774.30593161818,0.0,126384.80871666662,49766.873553161284,0.0,49766.873553161284,57.480400000000145,8665.661056549081,15082.398984354795,15299.00304261905,0,LP,0.005773599987151101
q0.85,2025-06-30,0.85,7375.266816342592,6827.855072051587,80514.5809774662,26.725275238094696,125947.32058333333,50511.037449239935,180.24022041178208,50691.27766965172,122.96316666666655,7375.256907955612,19253.01455058201,16087.612355833333,2,LP,0.0047147999866865575
q0.85,2025-07-01,0.85,6827.855072051587,4969.618028477514,80491.92864394769,2898.3651497023825,141546.85106666663,50192.931057599206,17141.271881569166,67334.20293916836,2.8985729761918213,2172.2391932995292,21163.291227671954,18814.679233630955,23,LP,0.004559199995128438
q0.85,2025-07-02,0.85,4969.618028477514,5127.895214216932,82362.89251897264,1783.2729813952392,141198.65821666675,50914.54796987047,11597.891674516228,62512.43964438671,1031.1834264417932,6109.702628921221,20831.91374301442,16731.400664676195,17,LP,0.005186499998671934
q0.85,2025-07-03,0.85,5127.895214216932,5660.818299386243,82427.70503548555,2768.94200512263,141565.53863333337,51029.98741821112,17221.638381520177,68251.6257997313,0.0,595.7649970238101,22951.74912420341,18111.286013952395,23,LP,0.004846499999985099
q0.85,2025-07-04,0.85,5660.818299386243,10800.0,83731.59164116131,0.0,95795.06574999998,52163.377507915284,0.0,52163.377507915284,20124.268658633395,27255.959971873886,14974.905333868319,7504.409789880952,0,LP,0.004609900002833456
q0.85,2025-07-05,0.85,10800.0,10800.0,79320.57228256665,0.0,95872.83490000002,50776.983195149536,0.0,50776.983195149536,20719.331144900607,28112.895033866844,8938.24282701352,7239.976689880954,0,LP,0.004545299976598471
q0.85,2025-07-06,0.85,10800.0,6182.349632919312,80325.3374882334,1612.4776569297596,141244.57465000002,51465.18543462205,10983.11654649104,62448.301981113094,221.7756333333332,2896.979623387716,16741.914046393296,17716.8357079512,9,LP,0.004764100012835115
q0.85,2025-07-07,0.85,6182.349632919312,6612.095695841273,87722.97382536069,6.475700952380862,141495.39414999998,55388.18206062415,43.623559465713676,55431.80562008987,1313.694416666667,9104.021063783079,18502.525381931217,14600.274102734515,1,LP,0.004667900007916614
q0.85,2025-07-08,0.85,6612.095695841273,6980.220060346564,87629.07817004494,0.013089523809526327,141285.22700000004,55430.130794044904,0.08813176380954077,55430.21892580872,1393.370566666667,6275.138155266017,21357.282067971773,16968.086547002382,1,LP,0.004830199992284179
q0.85,2025-07-09,0.85,6980.220060346564,7300.480608582014,86740.65111331864,19.17708428571416,140590.70496666664,55042.11122175321,129.282313712142,55171.39353546535,925.9573666666668,7686.304464163767,20003.193982607296,15914.3526325,1,LP,0.005348699982278049
q0.85,2025-07-10,0.85,7300.480608582014,7244.586950715607,86332.73098195838,0.0,140463.54224999994,54873.07638321943,0.0,54873.07638321943,1312.9124999999997,8483.435639293062,19647.70395479865,15964.944495466669,0,LP,0.004894899990176782
q0.85,2025-07-11,0.85,7244.586950715607,10800.0,85291.01430848504,0.0,94741.08839999996,54198.96304862602,0.0,54198.96304862602,14808.210386552357,32323.199774985296,12847.132908375956,7206.305911428572,0,LP,0.004836499982047826
q0.85,2025-07-12,0.85,10800.0,10800.0,81805.11419216395,0.0,95318.37109999993,52791.13971608963,0.0,52791.13971608963,17228.34753546349,31893.645570019104,8415.146070252798,6816.2683169047605,0,LP,0.005027200008044019
q0.85,2025-07-13,0.85,10800.0,7120.839518457671,82126.2662364042,5.120746190476552,139893.36648333335,53025.680868476156,34.42421626547863,53060.105084741626,3376.504480879523,9995.635084930922,14751.428685117582,15259.901668333336,1,LP,0.005065699981059879
q0.85,2025-07-14,0.85,7120.839518457671,7060.738072320105,84577.3300794051,0.0,141062.42346666663,53630.99915382219,0.0,53630.99915382219,1415.2755802336885,7924.972400063201,18334.179915606994,14904.777033165476,0,LP,0.004987199994502589
q0.85,2025-07-15,0.85,7060.738072320105,7462.664720560847,84420.24749887947,0.0,139545.1626666667,53596.544033548846,0.0,53596.544033548846,284.5538108665488,7434.753440277769,18895.55621571136,14943.666551309523,0,LP,0.004871700017247349
q0.85,2025-07-16,0.85,7462.664720560847,7343.134031394181,83464.47101113165,14.68161190476178,140365.26538333335,52928.82856013875,99.19631083452296,53028.02487097327,1291.8624721869483,6599.22721854643,18742.51141694592,15289.011867976193,1,LP,0.004958599980454892
q0.85,2025-07-17,0.85,7343.134031394181,7215.418859740743,83435.40448876252,0.0,139569.1592833334,52935.54362321634,0.0,52935.54362321634,1279.793959810408,5637.5887814814805,20592.364922589648,16794.75924178572,0,LP,0.005360499984817579
q0.85,2025-07-18,0.85,7215.418859740743,10800.0,83649.55779004851,0.0,93698.07319999997,53008.04152253642,0.0,53008.04152253642,15232.17188605967,31603.86388530863,12174.47838129923,6635.204462619045,0,LP,0.0046901000023353845
q0.85,2025-07-19,0.85,10800.0,10779.513539153439,79503.96505974872,0.0,94564.52239999994,51278.299911704424,0.0,51278.299911704424,20470.435112250154,30375.91398902705,7859.130122281007,6384.333213809522,0,LP,0.005114800005685538
q0.85,2025-07-20,0.85,10779.513539153439,7190.590718358466,78950.56134015768,0.0,138750.53876666672,50951.453985834436,0.0,50951.453985834436,1078.8255833333335,6110.297911634336,15271.000880204296,15599.541251680952,0,LP,0.005720899993320927
q0.85,2025-07-21,0.85,7190.590718358466,7208.837982507936,83301.63720797178,0.0,138442.8198,52754.49457804781,0.0,52754.49457804781,701.6560666666669,4789.755264648734,20021.336783799226,16200.860257142855,0,LP,0.005353099986677989
q0.85,2025-07-22,0.85,7208.837982507936,7155.862838772486,83776.75040020571,0.5823700000000827,139514.85881666662,52999.203206444196,3.9257561700005574,53003.128962614195,367.7964448192221,5821.15884379189,20215.31839099942,16422.085526071434,1,LP,0.005576600000495091
q0.85,2025-07-23,0.85,7155.862838772486,7153.972959261908,83635.34265254259,0.0,139450.03365000003,52907.24300219084,0.0,52907.24300219084,1054.3951862139927,4346.432935748091,21156.148976175784,17138.1815622619,0,LP,0.004553700011456385
q0.85,2025-07-24,0.85,7153.972959261908,7620.261805223545,84032.2832160082,0.0,138902.21751666671,53197.89389076832,0.0,53197.89389076832,462.64066369047447,5722.895552901236,20055.868621321275,15825.593621904758,0,LP,0.004456199996639043
q0.85,2025-07-25,0.85,7620.261805223545,10800.0,83825.4157665873,0.0,92354.83968333332,53136.346065159574,0.0,53136.346065159574,19553.44430527631,32695.852658508225,11626.49926756467,6555.700031428571,0,LP,0.004730700020445511
q0.85,2025-07-26,0.85,10800.0,10800.0,79543.9619435332,0.0,93187.68993333334,51260.01180437424,0.0,51260.01180437424,17915.2395936067,31537.827517598475,8535.806661375656,6914.003395714288,0,LP,0.0054475000069942325
q0.85,2025-07-27,0.85,10800.0,7252.106902584655,79754.09072817313,227.78305119047548,138110.19628333335,51327.485044258145,1131.9272108398773,52459.41225509802,115.71720127131,5995.571224576711,17781.575479944157,17596.17992642857,3,LP,0.00532339999335818
q0.85,2025-07-28,0.85,7252.106902584655,6824.242342218258,83884.89445594205,116.45092188690424,138228.99843333327,53096.58021280952,566.18700625956,53662.76721906907,0.0,2379.618478615522,21325.93563268371,17659.085966803566,5,LP,0.0051334000017959625
q0.85,2025-07-29,0.85,6824.242342218258,7084.68196092196,85206.2377814404,32.6731523809525,138314.74511666666,53803.31368196684,219.9883349809532,54023.3020169478,0.0,4864.314868029108,21426.076099783935,17120.725983991662,1,LP,0.005050899984780699
q0.85,2025-07-30,0.85,7084.68196092196,7142.211588424604,84590.46665005141,0.0,138424.36443333334,53406.87156593862,0.0,53406.87156593862,1435.0499499999996,5066.931258065843,20702.393301227214,16717.161909241662,0,LP,0.004690299974754453
q0.85,2025-07-31,0.85,7142.211588424604,6811.902702623015,84145.55753009321,5.485684761904849,137423.31371666663,53124.05146836493,36.877515811905354,53160.92898417684,346.70248333333325,5467.643577336036,20731.467814423857,17089.766926904766,1,LP,0.004454600013559684
q0.85,2025-08-01,0.85,6811.902702623015,10800.0,83897.2884424095,0.0,92719.4241,52919.236928604754,0.0,52919.236928604754,25567.38373812234,31116.342129786895,12489.028106286014,6526.82519845238,0,LP,0.0044493000023067
q0.85,2025-08-02,0.85,10800.0,10755.515963756614,78730.73685505864,0.0,91562.24421666664,50549.18792211339,0.0,50549.18792211339,24867.125779191538,31368.49820335244,8463.80827263374,6895.72033345238,0,LP,0.004920300008961931
q0.85,2025-08-03,0.85,10755.515963756614,6075.53177671164,77687.1906445375,128.23453380952333,138062.48614999998,49912.01139130537,864.2795142026158,50776.29090550798,5850.211994667847,10910.18263881981,12776.506999297468,14560.956437771427,6,LP,0.005580999975791201
q0.85,2025-08-04,0.85,6075.53177671164,6609.852744092593,80585.94085247965,0.0,138312.10694999996,50598.909914104675,0.0,50598.909914104675,3876.5891666666666,7305.0160778499885,18462.061336772487,14473.380812142854,0,LP,0.004661500017391518
q0.85,2025-08-05,0.85,6609.852744092593,6550.406896601855,78016.5408807525,0.0,136458.4972833334,49208.83625771356,0.0,49208.83625771356,3690.205650000001,5718.149835824506,18470.404864927994,15014.529203333332,0,LP,0.004745000012917444
q0.85,2025-08-06,0.85,6550.406896601855,6063.961463293651,76235.75284880365,269.27483087143224,136716.0878,48177.65919415186,1781.9982821075173,49959.65747625939,1887.3087,3395.4231548060034,18661.565516735736,15553.668958533328,3,LP,0.004830699996091425
q0.85,2025-08-07,0.85,6063.961463293651,6778.611069375662,76083.04034711196,25.294932619047927,136850.75446666667,48102.4952444789,170.82617199952588,48273.32141647842,3682.9245421693035,4631.8096043606665,19802.269672248683,15396.65378904762,2,LP,0.004665999993449077
q0.85,2025-08-08,0.85,6778.611069375662,10800.0,73595.16440288356,0.0,90703.2161166667,46791.00091710134,0.0,46791.00091710134,28375.164568930035,23305.220362386834,13265.043073709585,7125.4348521428565,0,LP,0.004714000009698793
q0.85,2025-08-09,0.85,10800.0,10800.0,68378.15702163371,0.0,90303.83175,44505.74106589638,0.0,44505.74106589638,25642.997679629632,22142.849770897355,8791.476690035273,7121.09611892857,0,LP,0.004820800008019432
q0.85,2025-08-10,0.85,10800.0,6379.2154406759255,68094.73316566099,72.82521869047616,136535.4447166666,44294.43313248481,501.43480153654747,44795.867934021364,1544.6106533142347,2714.5923765549674,13591.802146704871,14988.065842222615,3,LP,0.005157899984624237
q0.85,2025-08-11,0.85,6379.2154406759255,6336.11049615741,73639.18256478981,106.43801678571413,136422.26351666663,46637.85083768036,717.3799884669038,47355.230826147264,2831.207633298057,2689.823726535862,19484.89651828924,15821.560629880956,5,LP,0.005053000000771135
q0.85,2025-08-12,0.85,6336.11049615741,6360.86310565873,73769.55236580689,358.93413177857497,136637.59669999994,46669.151536492944,2468.5372072053146,49137.68874369826,1439.3818671002414,1400.8173381995807,18449.822598602295,14922.078956316669,7,LP,0.004807699995581061
q0.85,2025-08-13,0.85,6360.86310565873,6769.61345506217,74236.95973282041,16.869967738095056,136547.99718333327,47102.23900801333,117.68489494095111,47219.92390295428,957.0925142034092,3232.063978334791,18820.097071353623,14876.403313333336,1,LP,0.004926199995679781
q0.85,2025-08-14,0.85,6769.61345506217,6440.898728441803,73648.19706143596,51.63547261904739,135936.05536666667,46755.82439348615,357.9892909470817,47113.81368443323,1657.5282775205808,2574.8838558818356,20194.59300672399,16653.463589404764,2,LP,0.0047519000072497874
q0.85,2025-08-15,0.85,6440.898728441803,10800.0,74445.95720874191,0.0,89968.05776666665,47145.55043162554,0.0,47145.55043162554,27405.317320576138,23335.17293409464,13802.889085975898,7257.149015238096,0,LP,0.0046734000206924975
q0.85,2025-08-16,0.85,10800.0,10800.0,69787.64083113024,0.0,90183.53035000002,45232.951500570016,0.0,45232.951500570016,27801.283511522633,23393.6771022178,8754.736056437387,7091.336205714285,0,LP,0.004947500012349337
q0.85,2025-08-17,0.85,10800.0,6487.748632882277,69472.39408347884,101.3505451190473,135369.11649999995,45116.86600198267,682.6814996563669,45799.54750163904,3509.3120483450875,4092.5461316666588,14144.837170133747,15338.344338214289,6,LP,0.005384000018239021
q0.85,2025-08-18,0.85,6487.748632882277,6580.416701359791,74073.13877179746,90.03326952380951,135710.1747166666,47067.78403341946,610.8591611244046,47678.64319454385,2379.6709973368643,3556.0463936066953,19736.514589901533,15903.175556190483,4,LP,0.004832000005990267
q0.85,2025-08-19,0.85,6580.416701359791,6482.609225215611,73859.94850602883,153.8938575000002,135364.48288333326,47010.53676960694,1038.1749589542276,48048.711728561175,3190.6061115579037,3153.3114741578433,18106.79713864639,14754.532410833337,4,LP,0.004876100021647289
q0.85,2025-08-20,0.85,6482.609225215611,6268.38700067857,73338.31081325396,1982.8174734452296,135048.05366666662,46712.33181547909,12741.000163537054,59453.33197901613,0.0,1168.4022134994084,19446.500045349792,15944.465038816676,7,LP,0.0059421000187285244
q0.85,2025-08-21,0.85,6268.38700067857,6770.286435802916,75044.55127399472,0.7159085714283719,134971.79889999994,47553.266496460434,4.828445359998655,47558.09494182043,1838.26615,3318.1270366887047,18909.18958385362,14864.734071309518,1,LP,0.005800999992061406
q0.85,2025-08-22,0.85,6770.286435802916,10800.0,74478.30823852879,0.0,90531.73040000003,47258.48434726184,0.0,47258.48434726184,24411.137456995886,22680.363769875068,13313.13370463403,7156.896092976189,0,LP,0.005071199993835762
q0.85,2025-08-23,0.85,10800.0,10800.0,70585.42983310111,0.0,89697.14623333332,45799.40556961381,0.0,45799.40556961381,22497.895220164613,23918.69207141093,8625.454692239855,6986.6183007142845,0,LP,0.004855800012592226
q0.85,2025-08-24,0.85,10800.0,6674.587176083333,71458.57664020578,0.0,135068.0714,46240.28730444816,0.0,46240.28730444816,4102.001200379187,4469.098851778359,15088.2034012625,15934.316296547619,0,LP,0.006064299988793209
q0.85,2025-08-25,0.85,6674.587176083333,6328.17698714418,75856.96830798202,215.79195173690323,134511.61374999996,48188.03571982174,1505.364655316637,49693.40037513837,398.89679771898955,1312.0209885052907,20529.076983543495,16940.321526715477,1,LP,0.005492900003446266
q0.85,2025-08-26,0.85,6328.17698714418,6810.527521857143,77192.89434939594,0.7661460714284658,134368.9639333333,48910.27098307558,5.176465931606429,48915.44744900718,2133.3512833333343,5240.589756236035,20298.871533278958,16007.970460714287,1,LP,0.004710999986855313
q0.85,2025-08-27,0.85,6810.527521857143,6667.073813818785,76516.30559527484,0.0,133788.38209999996,48639.49627399324,0.0,48639.49627399324,1955.4439333333335,2844.129849989711,20693.11201326131,16890.52906797619,0,LP,0.004976500000339001
q0.85,2025-08-28,0.85,6667.073813818785,6827.816937099208,76228.26553184303,54.27554476190471,134543.81656666673,48563.51437908555,366.235372773333,48929.749751858886,0.0,1337.8443889050538,21222.278386390353,17045.37668202381,2,LP,0.004785299999639392
q0.85,2025-08-29,0.85,6827.816937099208,10800.0,77201.23543154908,0.0,88328.33255000002,49075.47547381383,0.0,49075.47547381383,21746.1501744856,26589.86559866108,14394.91869364051,8084.919385238094,0,LP,0.005080700007965788
q0.85,2025-08-30,0.85,10800.0,10800.0,73023.38731592738,0.0,89025.08758333338,47324.89417477559,0.0,47324.89417477559,27106.557746907696,25734.079735886244,8789.631577895356,7119.601578095237,0,LP,0.004837699991185218
q0.85,2025-08-31,0.85,10800.0,6780.402892497357,72426.79457548646,16.981955357142965,133365.3598333333,47067.550936443935,118.46612057142933,47186.017057015364,2515.136965089656,3971.5799267651337,15410.915538988836,16100.47898333333,1,LP,0.004979099991032854
q0.85,2025-09-01,0.85,6780.402892497357,9720.512522608466,77417.20899554231,0.0,121263.61926666668,49146.1484062972,0.0,49146.1484062972,5056.563992874783,12485.013991230158,19238.935847389766,12937.439369285712,0,LP,0.005289900000207126
q0.85,2025-09-02,0.85,9720.512522608466,9188.579410544973,71594.29348592297,0.0,121532.82415000007,45999.55249906349,0.0,45999.55249906349,3689.5811781892994,10960.609909059374,17710.98078700764,14824.634238333334,0,LP,0.005313999979989603
q0.85,2025-09-03,0.85,9188.579410544973,8673.825177171957,70459.85967365376,0.0,121433.71643333333,44980.90180623823,0.0,44980.90180623823,4084.601766731337,8290.773593984428,15789.71512091417,13252.948057976188,0,LP,0.004740100004710257
q0.85,2025-09-04,0.85,8673.825177171957,8263.326918124338,68883.48229263668,0.0,121061.17303333328,43760.09930241689,0.0,43760.09930241689,4291.0201333333325,7656.265249616397,17789.893646472672,14779.262286785715,0,LP,0.006081800005631521
q0.85,2025-09-05,0.85,8263.326918124338,10800.0,66779.63168175041,0.0,75132.98044999999,42396.98009096349,0.0,42396.98009096349,28794.342104320993,26692.44218980453,11503.052354053498,7034.466633095238,0,LP,0.005297499999869615
q0.85,2025-09-06,0.85,10800.0,10800.0,61623.883162089944,0.0,75826.37416666665,39723.3289305643,0.0,39723.3289305643,28068.547495061724,24178.42604156966,8714.873291887125,7059.047366428573,0,LP,0.0050103999965358526
q0.85,2025-09-07,0.85,10800.0,6957.262746253968,60138.26629861255,0.0,120781.00903333336,38558.102820096334,0.0,38558.102820096334,2071.1538023941766,3718.870984897124,14977.481173821285,15590.223279166667,0,LP,0.004735599999548867
q0.85,2025-09-08,0.85,6957.262746253968,6023.335428111111,62533.30704438859,819.4187250614038,121400.59243333335,38966.893347553385,5631.197528817874,44598.09087637126,563.941371923864,670.1620597045804,18755.723109562026,16032.670305073803,5,LP,0.005357099988032132
q0.85,2025-09-09,0.85,6023.335428111111,6477.091685783065,64782.7665840094,2.352616666666677,121082.23558333333,40149.37800287453,15.868399416666735,40165.246402291195,4797.981665843624,2682.48465659905,19965.463050852435,15763.644439285721,1,LP,0.004941999999573454
q0.85,2025-09-10,0.85,6477.091685783065,6127.316135892858,63930.365712401515,1526.5691915142875,121274.78848333338,39883.31253867259,9867.256344973077,49750.568883645676,0.0,659.2993381922256,19981.236371709292,16499.59945598571,8,LP,0.005197599995881319
q0.85,2025-09-11,0.85,6127.316135892858,6644.1832754537045,65698.77594436359,6.071666666666715,120746.77835000001,40673.64075463536,40.929105000000334,40714.569859635354,4350.788184300406,3456.088687232513,20719.49752925926,16317.61257309524,1,LP,0.004988799977581948
q0.85,2025-09-12,0.85,6644.1832754537045,10800.0,64951.342434820675,0.0,75687.22711666669,40319.79503974466,0.0,40319.79503974466,24571.618155967088,22330.424140257193,14512.678350024988,8015.034411428573,0,LP,0.00517670001136139
q0.85,2025-09-13,0.85,10800.0,10800.0,61029.028967810096,0.0,75063.58311666665,38821.23250132339,0.0,38821.23250132339,28409.319601221345,22772.55427569517,9684.492671369786,7844.4390638095265,0,LP,0.005345799989299849
q0.85,2025-09-14,0.85,10800.0,6203.262061740738,61080.49447236624,0.0,121237.69566666667,38907.0026497457,0.0,38907.0026497457,159.04221898147975,1928.620246612291,15950.375795820099,17056.86853904762,0,LP,0.005054500012192875
q0.85,2025-09-15,0.85,6203.262061740738,6374.885956686507,67346.12754842441,1.1717666666667128,120760.02988333338,41757.87469084711,7.89360615000031,41765.76829699711,3736.5014057804237,4386.654234500289,21066.587031715175,16909.473990238093,1,LP,0.004750099993543699
q0.85,2025-09-16,0.85,6374.885956686507,6091.2871751243365,66495.47037060114,8.238266666666732,121843.35746666664,41390.72837368393,55.38174766666711,41446.1101213506,2341.016966666666,1113.8404422207464,20064.84288659466,16507.76164154761,1,LP,0.0049116000009234995
q0.85,2025-09-17,0.85,6091.2871751243365,6232.432255789684,68023.8889778557,7.62916666666672,120924.79499999994,42198.77392924696,34.70889375000024,42233.482822996964,921.6020801910627,2986.7172376954713,21242.36765282628,17079.287226190474,1,LP,0.004741599987028167
q0.85,2025-09-18,0.85,6232.432255789684,6204.015549796297,67080.02157663286,39.86387610833496,120804.1163666667,41705.02331991806,206.963348123642,41911.986668041696,1200.543551972371,2980.841714469424,21094.863710667254,17112.414641034517,4,LP,0.00542709999717772
q0.85,2025-09-19,0.85,6204.015549796297,10800.0,67813.54419900646,0.0,75287.12646666665,42181.2799491699,0.0,42181.2799491699,21318.953643815395,23446.609949212223,14790.748863835985,7844.12057452381,0,LP,0.004966600012267008
q0.85,2025-09-20,0.85,10800.0,10800.0,63364.80888016605,0.0,75330.72763333337,40464.05916152423,0.0,40464.05916152423,21756.0965176793,24037.43010523515,10136.044862727807,8210.196338809523,0,LP,0.005706500000087544
q0.85,2025-09-21,0.85,10800.0,6353.546240396822,64463.93853031302,0.0,120862.2829833333,41162.27785741849,0.0,41162.27785741849,3251.988013026155,4263.978514312168,14012.06791202235,15351.583392380962,0,LP,0.005114600004162639
q0.85,2025-09-22,0.85,6353.546240396822,6207.3532749140195,69174.59727571868,19.555900000000065,121218.04173333335,43050.18014668363,131.78740035000044,43181.96754703363,2524.7006999999994,2370.602611237501,20086.335000433577,16401.505019285716,2,LP,0.005030800006352365
q0.85,2025-09-23,0.85,6207.3532749140195,6260.1046553902115,69722.58165262346,181.4039421797586,121182.28133333329,43350.42066751369,1154.485707384853,44504.90637489854,1754.458096610819,2004.9257909759062,20950.05200765578,16922.06588377262,4,LP,0.004796499997610226
q0.85,2025-09-24,0.85,6260.1046553902115,6533.888386650797,70151.90955054676,0.0,121014.19341666662,43759.862230020735,0.0,43759.862230020735,2403.329659855969,2420.0329529658984,21152.19199784391,16886.870160119037,0,LP,0.004876099992543459
q0.85,2025-09-25,0.85,6533.888386650797,6297.786749761906,69978.51671725602,15.37166666666667,120546.34715000007,43685.61698868468,103.4974316666667,43789.11442035135,2653.260816666666,3436.395608910928,19901.444902868894,16332.66184452381,1,LP,0.004944699991028756
q0.85,2025-09-26,0.85,6297.786749761906,10800.0,70057.96313184741,0.0,74194.35371666666,43676.0944081344,0.0,43676.0944081344,19717.01192686802,25812.625140681947,14642.582310964131,7808.499746666663,0,LP,0.00522409999393858
q0.85,2025-09-27,0.85,10800.0,10800.0,65289.616460066136,0.0,75945.77174999997,41751.6942168732,0.0,41751.6942168732,21339.527907635216,24221.51842808054,10143.515128159901,8216.247253809523,0,LP,0.0049669000145513564
q0.85,2025-09-28,0.85,10800.0,6389.853033142856,65611.33578813786,5.868333333333339,120389.61958333332,41905.903856509394,39.56136916666671,41945.46522567606,0.0,2921.924170899478,16719.910810928857,17512.260027023814,1,LP,0.005090599996037781
q0.85,2025-09-29,0.85,6389.853033142856,6371.647092777776,71512.12980777187,26.015016666666725,121111.41479999997,44561.05607921322,134.7362566666671,44695.79233587989,1581.3867999999993,3194.1706437639627,21153.0585631746,17150.362782500004,2,LP,0.004730899992864579
q0.85,2025-09-30,0.85,6371.647092777776,6534.415361339947,72008.63907336275,31.411150000000134,120916.45506666665,44954.36082037602,212.2294349750009,45166.590255351024,583.2887144664849,1654.3965841078689,22282.624823240745,17902.434665119046,1,LP,0.004717000003438443
q0.85,2025-10-01,0.85,6534.415361339947,8249.548647519845,72584.13601761905,0.0,117218.45471666665,45365.20394523197,0.0,45365.20394523197,7307.561515114644,10479.176450029394,18906.613481998815,13770.736962857138,0,LP,0.004563800001051277
q0.85,2025-10-02,0.85,8249.548647519845,8281.651245138892,69052.85870866252,0.0,117231.7097833333,43391.83360994313,0.0,43391.83360994313,5693.239083333334,8087.803603255435,18484.95035552616,14943.917450119046,0,LP,0.005575599992880598
q0.85,2025-10-03,0.85,8281.651245138892,10800.0,67765.47947211198,0.0,71524.19113333334,42454.33009308792,0.0,42454.33009308792,27103.320495820106,28313.370026528515,11921.691423096701,7390.056173333333,0,LP,0.004848999989917502
q0.85,2025-10-04,0.85,10800.0,10800.0,63551.00571353615,0.0,72397.41483333331,40338.35371939486,0.0,40338.35371939486,22452.035110515873,26178.751910942083,9601.243467078188,7777.0072083333325,0,LP,0.005415000021457672
q0.85,2025-10-05,0.85,10800.0,7357.308098525134,62854.67359016754,0.0,117604.42090000003,39798.06358688067,0.0,39798.06358688067,4050.1549999999997,4279.928607042916,15195.008567291305,15406.379650833333,0,LP,0.005098299996461719
q0.85,2025-10-06,0.85,7357.308098525134,6847.732450085982,65264.97634402703,0.0,117896.13613333333,40421.55454392297,0.0,40421.55454392297,2090.0902999999994,2227.372517746916,19331.696630922994,16117.292354642861,0,LP,0.0050017999892588705
q0.85,2025-10-07,0.85,6847.732450085982,6827.155386858465,64829.08964177098,0.0,117357.17863333324,39893.67917383358,0.0,39893.67917383358,1154.0520315388048,1965.0840954570826,20825.841429894168,16887.450915119047,0,LP,0.005702399997971952
q0.85,2025-10-08,0.85,6827.155386858465,6564.2145960370335,63739.23841993973,0.0,117391.06235000005,39065.58861457551,0.0,39065.58861457551,1791.1298621590204,1839.3135138109915,20352.34783706496,16722.0484597619,0,LP,0.005447700008517131
q0.85,2025-10-09,0.85,6564.2145960370335,6522.1896488306875,64730.53881565988,0.0,117432.9897333333,39561.59263058042,0.0,39561.59263058042,2930.994890576128,2160.8886463051085,20613.13709437391,16734.46349892857,0,LP,0.005634800007101148
q0.85,2025-10-10,0.85,6522.1896488306875,10800.0,65312.09883820691,0.0,72371.53011666666,39965.623484535114,0.0,39965.623484535114,26758.211832480894,22603.774621679884,14507.748164879487,7901.246697500003,0,LP,0.0052736000216100365
q0.85,2025-10-11,0.85,10800.0,10800.0,60772.46983928423,0.0,71790.96475,38199.667914444784,0.0,38199.667914444784,21999.062690740742,22741.71563216931,10133.5680686361,8208.190135595241,0,LP,0.005519099999219179
q0.85,2025-10-12,0.85,10800.0,6273.318195466931,60916.90447999558,15.602275000000077,117709.38418333342,38337.43889878412,73.08105610000037,38410.51995488412,1535.2116186199269,1997.1969826146346,15574.504181618173,16689.36201119048,1,LP,0.005718900007195771
q0.85,2025-10-13,0.85,6273.318195466931,6323.544508644182,66309.90899469871,0.0,117677.75383333332,40659.703730362795,0.0,40659.703730362795,2491.51275,2783.8459374250433,20852.37539691651,16845.220389642862,0,LP,0.005311800021445379
q0.85,2025-10-14,0.85,6323.544508644182,6340.465353103175,66128.32437776454,106.37211493928402,118032.22918333327,40622.97449462784,508.7776784055275,41131.75217303336,192.0913803571409,1137.958581387416,21660.9920400676,17530.17479244167,2,LP,0.005829399975482374
q0.85,2025-10-15,0.85,6340.465353103175,6275.656964814818,66473.64074764255,0.0,117342.48076666666,40908.81593427786,0.0,40908.81593427786,0.0,593.3567647986507,21150.46253843916,17190.20220559524,0,LP,0.00545970001257956
q0.85,2025-10-16,0.85,6275.656964814818,6403.191978777777,67375.03149024102,1074.4151201023835,117733.27633333336,41407.564680347205,7411.152047631954,48818.71672797916,367.82859102145295,858.3197866725405,21800.23036885656,17543.405086207138,3,LP,0.005191900010686368
q0.85,2025-10-17,0.85,6403.191978777777,10800.0,68363.12851461786,0.0,71943.17253333335,42052.66527878328,0.0,42052.66527878328,21116.27488031451,24525.8935152719,14524.38728034099,7807.626477976193,0,LP,0.0052810000197496265
q0.85,2025-10-18,0.85,10800.0,10800.0,64455.05193136538,0.0,71656.70145000001,40558.6971208678,0.0,40558.6971208678,21366.211795717223,25229.079213418572,9385.092924015285,7601.925268452383,0,LP,0.004982299986295402
q0.85,2025-10-19,0.85,10800.0,6128.304758791006,64764.72432675042,746.6809608333291,117991.24738333332,40703.85796469652,5196.695171977666,45900.55313667418,977.1617841402132,1661.9022855290987,16795.49685089065,17808.87816630952,4,LP,0.0051353000162635
q0.85,2025-10-20,0.85,6128.304758791006,6145.198215371692,71058.84046025865,622.2977889166663,117903.31865000003,43688.14104612148,2995.347945840581,46683.48899196204,106.37238785714504,2959.5533315784814,21890.663432370664,17716.233269297616,6,LP,0.005471800017403439
q0.85,2025-10-21,0.85,6145.198215371692,6366.641136612432,72293.80924255437,94.70408974761442,117800.84898333332,44514.693146181184,467.26599489746116,44981.959141078645,0.0,1483.830549454732,22330.541072266307,17888.439639419055,3,LP,0.005048799997894093
q0.85,2025-10-22,0.85,6366.641136612432,6264.1277550039695,72912.18128661963,752.3112210714298,117671.98653333336,44877.17825379803,3624.483362904768,48501.6616167028,967.9526604761904,3148.7807990799447,21500.65469253968,17507.79234440476,6,LP,0.004708100022980943
q0.85,2025-10-23,0.85,6264.1277550039695,6574.519963797622,73705.15499319226,0.0,117212.01551666661,45438.63267070402,0.0,45438.63267070402,1143.9698047031154,4694.7497848941775,22145.186222880653,17658.24785261905,0,LP,0.0051287000242155045
q0.85,2025-10-24,0.85,6574.519963797622,10800.0,73382.9579004012,0.0,72135.5185333333,45282.05126771315,0.0,45282.05126771315,20955.588406569666,27480.638420429164,14335.517495545266,7808.837138809522,0,LP,0.004778600006829947
q0.85,2025-10-25,0.85,10800.0,10800.0,69075.27011717223,0.0,72042.78699999997,43633.56249278632,0.0,43633.56249278632,19958.742966299225,27943.021782039978,9342.48755526161,7567.414919761904,0,LP,0.006567699980223551
q0.85,2025-10-26,0.85,10800.0,6577.52719448942,69563.92898740298,0.0,117422.34435000003,44055.25202838879,0.0,44055.25202838879,1380.8473833333326,4389.856664201949,16048.097095582001,16799.184172380952,0,LP,0.005579200020292774
q0.85,2025-10-27,0.85,6577.52719448942,6144.222323621692,74270.30193241476,19.744933333333393,117790.56431666661,45985.58271111099,92.48526773333361,46078.06797884432,1948.4119248030543,5179.082882992359,21052.340921405048,17442.37053011905,1,LP,0.0055265999981202185
q0.85,2025-10-28,0.85,6144.222323621692,6369.249809533066,74783.43933640211,0.0,117514.14480000001,46255.28968971766,0.0,46255.28968971766,482.9021547325101,3937.4197545429242,22043.005209507635,17652.30948238096,0,LP,0.00632499999483116
q0.85,2025-10-29,0.85,6369.249809533066,6145.116944933863,74196.09914807173,263.3057539464319,117721.61451666661,45973.577591489186,1616.1012366177292,47589.67882810691,0.0,961.0807691843049,23093.61532091123,18907.54798807738,6,LP,0.005353999993531033
q0.85,2025-10-30,0.85,6145.116944933863,6465.429243592593,75330.10746036009,3.641833333333352,116916.07056666665,46662.690297954425,17.058347333333423,46679.74864528776,1659.5278999999998,4453.473377009108,21813.94367311288,17381.01330642857,1,LP,0.005314800015185028
q0.85,2025-10-31,0.85,6465.429243592593,10800.0,75235.49609484863,0.0,71748.98903333335,46724.04696149345,0.0,46724.04696149345,16103.899262147266,28616.362867142863,14262.253779606117,7651.311880714282,0,LP,0.005811000009998679
q0.85,2025-11-01,0.85,10800.0,10800.0,71196.40761286189,0.0,71974.20948333332,45257.50989334265,0.0,45257.50989334265,17631.689577366255,29297.38170922545,9069.988910193999,7346.691017257142,0,LP,0.005366099998354912
q0.85,2025-11-02,0.85,10800.0,6251.434875378308,71633.34490751068,69.57549398333447,117843.23631666665,45554.70650370295,485.35864602774126,46040.0651497307,287.4197333333334,3362.6158429335733,17632.681600280714,18376.180708386903,1,LP,0.005458700004965067
q0.85,2025-11-03,0.85,6251.434875378308,6473.8021053809525,77351.22202965585,0.0,117808.91503333332,48223.8238250114,0.0,48223.8238250114,627.54755,2951.137298029107,21407.770480479114,17140.163582185716,0,LP,0.005189500021515414
q0.85,2025-11-04,0.85,6473.8021053809525,6142.120726350529,78097.17735840882,55.8847242785685,117396.61073333328,48708.99066930741,301.2490727519884,49010.2397420594,1452.2056166666664,5474.791319846256,20760.55975772927,17114.566644888102,4,LP,0.005108799989102408
q0.85,2025-11-05,0.85,6142.120726350529,6604.023611316136,78696.93730112321,0.0,117764.4076166667,49081.54923434456,0.0,49081.54923434456,842.1777999999996,3572.1517580320333,22046.71094713404,17442.12327070953,0,LP,0.005657500005327165
q0.85,2025-11-06,0.85,6604.023611316136,6370.524022328043,78177.69241514674,91.71114115951896,117713.09413333329,48849.51900445926,441.6823670494566,49291.20137150871,0.0,2812.370016773957,22618.94010327161,18531.491113739292,2,LP,0.005410999990999699
q0.85,2025-11-07,0.85,6370.524022328043,10800.0,79586.12340821367,0.0,72212.37866666667,49809.71996497991,0.0,49809.71996497991,17294.55645823045,32356.29745732155,13843.57541801882,7226.767708690477,0,LP,0.005418499989900738
q0.85,2025-11-08,0.85,10800.0,10800.0,74592.17981433212,0.0,72034.86681666666,47745.80730980489,0.0,47745.80730980489,16544.619778600827,32658.392149330677,8410.319928424453,6812.359142023808,0,LP,0.005866899999091402
q0.85,2025-11-09,0.85,10800.0,6349.666488875665,74768.01566349882,0.0,117877.6701666666,47894.2763518465,0.0,47894.2763518465,785.2937166666668,3452.869988077,16780.710186493234,17597.675411071425,0,LP,0.005400900001404807
q0.85,2025-11-10,0.85,6349.666488875665,6249.515939571428,80134.3663141342,0.0,118420.10276666663,50262.81517313529,0.0,50262.81517313529,203.77824999999984,1925.3113078630245,22299.837634973534,18153.003978702378,0,LP,0.004803100018762052
q0.85,2025-11-11,0.85,6249.515939571428,6302.635114341271,81082.1777120399,0.0,117957.86745000003,50971.89000068393,0.0,50971.89000068393,639.3925166666663,4817.742524417987,21148.503931556435,17082.480927267858,0,LP,0.005004600010579452
q0.85,2025-11-12,0.85,6302.635114341271,6425.10299397487,81407.25263090075,0.0,117416.71383333333,51216.512489454726,0.0,51216.512489454726,750.8736500000001,5503.912157235444,21506.620957868894,17310.14188420357,0,LP,0.004713400005130097
q0.85,2025-11-13,0.85,6425.10299397487,6421.539502694446,81133.9632755172,0.0,117780.10726666663,51145.34194268088,0.0,51145.34194268088,284.2296763020429,4536.391554490003,20635.146685320404,16717.6759572619,0,LP,0.004643099993700162
q0.85,2025-11-14,0.85,6421.539502694446,10800.0,81270.90908326508,0.0,71737.89309999999,51211.3781436171,0.0,51211.3781436171,13522.607208641977,33788.79418700551,12739.147052855675,6378.094665238098,0,LP,0.0056007000093813986
q0.85,2025-11-15,0.85,10800.0,10800.0,77047.93843802952,0.0,72466.97681666666,49599.43833367341,0.0,49599.43833367341,13069.319936625514,34203.66895744161,8226.645406819516,6663.58277952381,0,LP,0.004792000021552667
q0.85,2025-11-16,0.85,10800.0,6346.938824174602,77701.36273285715,0.0,118360.27023333324,50093.652606034295,0.0,50093.652606034295,319.25663142269707,3618.4272289520895,17562.576565220454,18233.442076071424,0,LP,0.004808300000149757
q0.85,2025-11-17,0.85,6346.938824174602,6540.810193533069,83015.07732379189,0.0,117269.71064999998,52410.136243622735,0.0,52410.136243622735,274.7588160655465,5743.102181992941,21720.935578828634,17419.47358642857,0,LP,0.00624049999169074
q0.85,2025-11-18,0.85,6540.810193533069,6364.221190291006,82391.62042167551,0.0,117783.68649999997,52040.98768028781,0.0,52040.98768028781,71.139183333333,3496.8883221002175,21536.690451718114,17603.649368809518,0,LP,0.005119599984027445
q0.85,2025-11-19,0.85,6364.221190291006,6184.438023115083,82973.42858321867,1.3850000000001046,118179.70134999994,52336.165322298526,6.301057500000476,52342.466379798534,105.0795333333333,3298.236673349495,22973.63487891682,18770.449102380953,1,LP,0.007198700011940673
q0.85,2025-11-20,0.85,6184.438023115083,6417.070980518519,83690.67803642705,0.0,117846.45723333335,52744.71512163676,0.0,52744.71512163676,94.43773333333331,4343.286565386533,22371.094961635805,17911.217257261902,0,LP,0.005459500011056662
q0.85,2025-11-21,0.85,6417.070980518519,10800.0,83831.78388326422,0.0,71999.17709999997,52918.134392303145,0.0,52918.134392303145,12891.778726543213,35687.39041226191,12861.024001363905,6472.793323571428,0,LP,0.0058166999951936305
q0.85,2025-11-22,0.85,10800.0,10800.0,79158.644425169,0.0,72549.91013333337,50999.128897370254,0.0,50999.128897370254,11832.103250205766,35502.99004477218,8440.640246619636,6836.918599761907,0,LP,0.005484599998453632
q0.85,2025-11-23,0.85,10800.0,6330.2168245820085,79472.38162208258,0.0,117782.69220000003,51198.07292240182,0.0,51198.07292240182,375.466993424456,4407.002606460904,18319.055772316286,18861.24003345238,0,LP,0.005582100013270974
q0.85,2025-11-24,0.85,6330.2168245820085,6090.564471310848,84750.3224497178,18.83966666666663,117975.6878166666,53467.98295019155,88.2449986666665,53556.22794885821,310.70213333333345,6415.180374847143,21563.27908498971,17681.943176785713,1,LP,0.006695699994452298
q0.85,2025-11-25,0.85,6090.564471310848,6382.717921940477,85168.78669101995,0.0,117682.39221666665,53686.53604246646,0.0,53686.53604246646,100.00658333333354,4229.240374165195,23199.69032256907,18528.811055714286,0,LP,0.005428500007838011
q0.85,2025-11-26,0.85,6382.717921940477,6602.20800309259,84976.9969359112,32.99316666666664,117686.43673333332,53671.99691454912,154.53999266666654,53826.536907215785,2.9483333333332666,3575.624653506766,23558.995575618745,18885.24534321429,1,LP,0.00562270000227727
q0.85,2025-11-27,0.85,6602.20800309259,6655.056651384923,84600.95652698852,0.0,117198.14165,53455.46922913018,0.0,53455.46922913018,87.18704611992904,4389.186213032046,22611.19342652704,18267.502892023804,0,LP,0.005129800003487617
q0.85,2025-11-28,0.85,6655.056651384923,10800.0,84721.61977776312,0.0,72239.02128333332,53564.832793967,0.0,53564.832793967,10968.856673251032,36554.5916209362,13402.546946432985,7125.614012857143,0,LP,0.00505219999467954
q0.85,2025-11-29,0.85,10800.0,10800.0,80417.93097750735,0.0,72156.19988333333,51933.683160188746,0.0,51933.683160188746,7267.596713991764,36636.79804345236,8337.295368753677,6753.209248690477,0,LP,0.00564789999043569
q0.85,2025-11-30,0.85,10800.0,6300.996280894182,81119.13549079363,0.0,118008.83443333332,52392.625393625516,0.0,52392.625393625516,0.0,1193.6331097134118,19630.408482151666,19949.734217738092,0,LP,0.006060000014258549
q0.85,2025-12-01,0.85,6300.996280894182,6014.683545927249,87074.42808194297,4332.060564907146,125291.39163333336,55106.5919532869,21767.277273535416,76873.8692268223,0.0,679.5700380952385,24661.43335206202,20233.44247664047,15,LP,0.005079100024886429
q0.85,2025-12-02,0.85,6014.683545927249,6050.830305367725,89491.24059777924,3968.4410393250055,125400.62360000004,56817.00127452637,20485.05075280938,77302.05202733573,0.0,146.664829047618,24435.13039242209,19759.923534365476,18,LP,0.004728700005216524
q0.85,2025-12-03,0.85,6050.830305367725,6310.4058919642775,91903.62232096118,658.58292926905,124622.93113333329,58603.513559184,3268.1744543560435,61871.68801354005,0.0,372.16772392856944,25229.84700893738,20202.55804930238,6,LP,0.005493899981956929
q0.85,2025-12-04,0.85,6310.4058919642775,6446.20674289682,93570.98901213992,985.7326122809577,125336.25094999997,59778.23319962996,4917.170030478003,64695.40323010797,0.0,2883.902453020287,25154.682397691053,20253.071976290477,7,LP,0.005723299982491881
q0.85,2025-12-05,0.85,6446.20674289682,10800.0,95096.50296051735,0.0,78868.07108333331,60929.939360909215,0.0,60929.939360909215,5969.7000591504975,41240.23870926221,13981.697775676086,7406.761266904762,0,LP,0.0050166999862995
q0.85,2025-12-06,0.85,10800.0,10800.0,91785.7676150294,0.0,79470.82115,60012.52131353303,0.0,60012.52131353303,4842.161612810106,41551.06665172249,9094.255441211057,7366.346907380954,0,LP,0.005055299989180639
q0.85,2025-12-07,0.85,10800.0,6295.55047635714,93043.04804659904,31.606933809523753,125067.46291666671,60933.060427611366,183.58887503261872,61116.649302643986,0.0,5942.254167633743,18598.548073965307,19118.82851119048,1,LP,0.004885400005150586
q0.85,2025-12-08,0.85,6295.55047635714,6558.528644288362,99120.80408391825,0.0,124410.3539333333,63803.21299105563,0.0,63803.21299105563,0.0,6571.560203349485,23501.85480402117,18799.82204011904,0,LP,0.005156300001544878
q0.85,2025-12-09,0.85,6558.528644288362,6351.384173955029,98813.63575174604,63.709731428571445,124694.68108333329,63614.99891837728,370.05797500285723,63985.05689338013,0.0,7138.2292929173955,23879.431299423853,19528.769375833323,1,LP,0.004855400009546429
q0.85,2025-12-10,0.85,6351.384173955029,6503.554821742065,98886.65678028802,0.0,124378.76451666663,63643.63184711562,0.0,63643.63184711562,0.0,5934.788907111991,23301.556965795116,18737.307559285713,0,LP,0.00500479998299852
q0.85,2025-12-11,0.85,6503.554821742065,6751.872837685186,99020.55319203262,0.0,123787.79896666658,63790.33578758618,0.0,63790.33578758618,0.0,8426.945761725441,23204.56061030718,18572.20788,0,LP,0.00497809998341836
q0.85,2025-12-12,0.85,6751.872837685186,10800.0,98460.46472471491,0.0,78661.70368333337,63439.70852492567,0.0,63439.70852492567,4126.615735311577,44457.52024840534,13255.793745164607,7093.878487499997,0,LP,0.005165099981240928
q0.85,2025-12-13,0.85,10800.0,10800.0,94296.60550220015,0.0,78840.15755000003,61762.58219521519,0.0,61762.58219521519,4275.144390132272,44500.486213324504,9065.481660052903,7343.040144642859,0,LP,0.004975699994247407
q0.85,2025-12-14,0.85,10800.0,6349.104076268519,94324.92970785713,0.0,124522.58585000002,61831.43828138287,0.0,61831.43828138287,0.0,5936.586672670479,19028.566139710467,19418.944904523818,0,LP,0.004959199985023588
q0.85,2025-12-15,0.85,6349.104076268519,6476.5164800939165,99335.33043668575,11.220660833333682,124305.22548333331,63953.56361308035,65.17520845041868,64018.73882153076,0.0,5143.062476912108,24311.892055249842,19577.96140130953,1,LP,0.005080000002635643
q0.85,2025-12-16,0.85,6476.5164800939165,6309.473767677252,99484.352349102,19.91024416666687,124646.94338333338,64097.10788306915,115.6486532420845,64212.756536311215,0.0,5709.642750884766,23825.615527502934,19449.08701845238,1,LP,0.006034299993189052
q0.85,2025-12-17,0.85,6309.473767677252,6518.822008107144,99791.41004251172,0.0,124466.55465000003,64234.00034902078,0.0,64234.00034902078,0.0,6950.16181194737,23478.882881635804,18829.481717738097,0,LP,0.005848200002219528
q0.85,2025-12-18,0.85,6518.822008107144,6664.182739015873,99435.5927504262,0.0,124315.3592666666,64046.182309485615,0.0,64046.182309485615,0.0,7345.2414322369195,24175.051019498824,19450.96666797619,0,LP,0.004767500009620562
q0.85,2025-12-19,0.85,6664.182739015873,10800.0,99418.41138855231,0.0,78593.32543333336,64088.93441471988,0.0,64088.93441471988,5355.339549382716,44820.08798604058,13749.24746443857,7414.654911309523,0,LP,0.00458700000308454
q0.85,2025-12-20,0.85,10800.0,10800.0,94720.1028111802,0.0,78668.52011666668,62127.1481733817,0.0,62127.1481733817,5733.311600000001,44357.02519297765,9333.756674750148,7560.342906547618,0,LP,0.005491899995831773
q0.85,2025-12-21,0.85,10800.0,6433.22495350529,94579.07163784099,2.2995172619047253,124376.4409666666,62019.2187446289,13.356746015773595,62032.57549064468,0.0,5886.927977958558,18877.67817012051,19221.016859642856,1,LP,0.00504479999653995
q0.85,2025-12-22,0.85,6433.22495350529,6233.162258870371,99474.4112531996,0.0,124718.45381666665,64045.89764375428,0.0,64045.89764375428,0.0,6186.5024115476135,23844.937807842452,19494.45604952381,0,LP,0.005599600001005456
q0.85,2025-12-23,0.85,6233.162258870371,6514.262781824077,99661.35866366694,0.0,123956.6545666666,64112.89433037811,0.0,64112.89433037811,0.0,7634.094914679592,23769.372342082603,19000.201126428572,0,LP,0.005087400000775233
q0.85,2025-12-24,0.85,6514.262781824077,6429.100173232805,98988.75425590239,24.720595238095484,123954.37128333331,63706.12310503322,143.5895774404776,63849.7126824737,0.0,6725.892804406222,23735.10040947237,19302.07767940476,1,LP,0.005131400015670806
q0.85,2025-12-25,0.85,6429.100173232805,6591.7174525515875,98853.2879662669,0.0,123789.85790000002,63642.19102133433,0.0,63642.19102133433,0.0,6437.050929094641,23460.173433957956,18856.38493011905,0,LP,0.004937099991366267
q0.85,2025-12-26,0.85,6591.7174525515875,10800.0,98727.2382069826,0.0,78270.30764999997,63530.32656354668,0.0,63530.32656354668,5112.884316666667,44213.007055996466,13717.21109622428,7323.486695238095,0,LP,0.004845399991609156
q0.85,2025-12-27,0.85,10800.0,10800.0,94070.9233005879,0.0,78409.18393333335,61600.23231713476,0.0,61600.23231713476,4635.19718384774,44426.58401021455,8791.226525573193,7120.893485714285,0,LP,0.005930499988608062
q0.85,2025-12-28,0.85,10800.0,6588.664771035714,94138.51236875365,43.08785119047627,123511.26974999998,61649.64253646394,250.36646508630997,61900.00900155025,0.0,7700.572840483536,18220.917555412983,18549.14492595238,2,LP,0.0062889999826438725
q0.85,2025-12-29,0.85,6588.664771035714,6275.382988492065,98183.92347045119,0.0,123677.30638333333,63139.72568129685,0.0,63139.72568129685,0.0,6600.1205101705,22852.580515280708,18792.543821666663,0,LP,0.00651020000805147
q0.85,2025-12-30,0.85,6275.382988492065,6389.184751617727,97441.61200180628,46.98923345238086,123526.50904999998,62444.2491356932,273.39251890458274,62717.641654597785,0.0,6648.212187519106,23755.604531191944,19139.618083452388,2,LP,0.0054299000184983015
q0.85,2025-12-31,0.85,6389.184751617727,6095.829809929892,96302.78455725306,27.89381392857115,123791.70508333332,61682.297099783646,162.0212182041055,61844.31831798776,0.0,3249.3293829761833,24731.292117848323,20296.366062976198,1,LP,0.005118999979458749
q0.9,2025-05-01,0.9,6344.246619126985,5674.389369293651,58326.51132996736,1488.3982721428586,120364.58391666667,34787.394689853565,9675.093094663933,44462.4877845175,3656.26465,2081.5871862639715,19308.160477348618,16242.481511502376,9,LP,0.00605379999615252
q0.9,2025-05-02,0.9,5674.389369293651,10800.0,59900.78995811534,0.0,74761.02673333335,35830.036494654574,0.0,35830.036494654574,20303.963494808933,17843.344118465615,15000.593125640806,7537.430864133331,0,LP,0.005310600012307987
q0.9,2025-05-03,0.9,10800.0,10800.0,55933.236669470905,0.0,74894.84928333333,34603.69475777702,0.0,34603.69475777702,25409.953221399177,19957.076961122875,8942.288615520281,7243.2537785714285,0,LP,0.0055376999953296036
q0.9,2025-05-04,0.9,10800.0,5933.578135415344,57219.34273481482,408.45315309523585,120670.08423333336,35401.561715953685,2576.5039151940323,37978.06563114772,3553.339683333334,4460.608694706061,11889.262392965902,14010.08221642857,6,LP,0.006157700001494959
q0.9,2025-05-05,0.9,5933.578135415344,6105.612752666669,63254.458313242205,12.768578492857273,120612.16386666658,38132.56751301332,89.07360356617234,38221.64111657949,708.750528518516,3389.0288346472703,20729.524068647857,16636.083340078574,1,LP,0.005462100001750514
q0.9,2025-05-06,0.9,6105.612752666669,6228.815214822753,63391.841277145795,0.0,121017.19009999998,38429.12153454007,0.0,38429.12153454007,3101.876786360966,3508.8189327895398,20000.952502042906,16089.889310714285,0,LP,0.005109899997478351
q0.9,2025-05-07,0.9,6228.815214822753,6434.121381600528,64484.71801336859,0.0,121160.21501666667,39082.73524968487,0.0,39082.73524968487,2718.351052057613,2776.124470708398,19671.689423697837,15749.292883095235,0,LP,0.005311999993864447
q0.9,2025-05-08,0.9,6434.121381600528,6788.193659788359,65084.26666857143,35.999250000000075,120445.47738333329,39741.97459329596,243.2289326250005,39985.203525920966,1780.2350368253972,3565.2578632216373,19103.134569238682,15154.873950714287,1,LP,0.006524900003569201
q0.9,2025-05-09,0.9,6788.193659788359,10800.0,65409.7212131805,0.0,74253.82544999999,39873.917051655844,0.0,39873.917051655844,25187.15163641975,25656.54271662259,12926.396336566722,6859.755326428572,0,LP,0.006590899982256815
q0.9,2025-05-10,0.9,10800.0,10800.0,60106.39598425339,0.0,74647.98705,37538.32876151134,0.0,37538.32876151134,21925.41843641975,24525.783679318058,8074.466237801298,6540.317652619049,0,LP,0.005448400013847277
q0.9,2025-05-11,0.9,10800.0,6705.52890040741,60628.89013569665,41.18071666666674,120743.09041666662,37760.27046776438,277.36103945833383,38037.631507222715,2485.7261499999995,3780.1953047031334,13711.0226524221,14790.952338095238,2,LP,0.005744800000684336
q0.9,2025-05-12,0.9,6705.52890040741,7216.856450378308,66077.2976075691,0.0,120448.60361666663,40167.01523771933,0.0,40167.01523771933,3512.853283333333,7047.928726510884,16448.029312724862,12862.708948333327,0,LP,0.0060674999840557575
q0.9,2025-05-13,0.9,7216.856450378308,6908.619756198414,65001.555081904786,0.0,120269.63160000001,39666.738949028775,0.0,39666.738949028775,3019.1198332833724,5765.023350191075,17713.748192239847,14625.54906047619,0,LP,0.004892999975709245
q0.9,2025-05-14,0.9,6908.619756198414,6894.851446291008,65374.94997558791,0.0,120592.00526666673,39814.80542604711,0.0,39814.80542604711,3153.5951,5873.68044489125,17610.090138315703,14276.564490952376,0,LP,0.005703999981051311
q0.9,2025-05-15,0.9,6894.851446291008,7305.961915653436,64893.169716119926,0.0,119598.30981666666,39468.32301989592,0.0,39468.32301989592,2762.626727160492,5528.103653859495,18249.376996528517,14411.995944761906,0,LP,0.005848300002980977
q0.9,2025-05-16,0.9,7305.961915653436,10800.0,64065.644241275746,0.0,74681.34474999999,39079.744856014026,0.0,39079.744856014026,30782.339108230448,25259.804595811296,11386.103831519695,6078.109827619049,0,LP,0.004868100018939003
q0.9,2025-05-17,0.9,10800.0,10800.0,59259.928958109944,0.0,75274.53043333333,36938.140014664525,0.0,36938.140014664525,24071.76234156378,23259.626813271618,7788.1090523221665,6308.368332380951,0,LP,0.004772699991008267
q0.9,2025-05-18,0.9,10800.0,6975.844233965608,58939.28097985595,0.008804999999938445,120687.037,36792.46345133586,0.05938532249958485,36792.52283665836,2060.974014232809,4013.466914320988,13844.320767016468,14655.640010714287,1,LP,0.005072400002973154
q0.9,2025-05-19,0.9,6975.844233965608,6843.857421208993,63096.598179826586,58.15084380952396,120072.38798333333,38374.46546266475,392.1983660733344,38766.663828738085,5707.057757201647,6838.690411613766,16908.27598053498,13814.491675714286,1,LP,0.005293199996231124
q0.9,2025-05-20,0.9,6843.857421208993,6736.219590550265,62675.35149168723,0.0,120437.57771666667,38125.57445158059,0.0,38125.57445158059,1263.879091563787,3657.0541951234586,17494.197031190477,14267.173642857138,0,LP,0.004862000001594424
q0.9,2025-05-21,0.9,6736.219590550265,6801.159616999999,63143.10629157261,0.0,120283.05128333339,38378.92704212245,0.0,38378.92704212245,4524.741400000001,4032.8040444209364,16655.260736913577,13432.315173095238,0,LP,0.004837000014958903
q0.9,2025-05-22,0.9,6801.159616999999,7561.373882785716,63022.6248363492,0.0,119729.6800166667,38431.42844787337,0.0,38431.42844787337,3594.112,4563.028544973542,17708.740186851857,13659.886712142858,0,LP,0.005470500007504597
q0.9,2025-05-23,0.9,7561.373882785716,10800.0,61886.5643769518,0.0,74983.38438333334,37921.71730641025,0.0,37921.71730641025,26954.510105349797,23479.71151114346,11140.159850696642,6108.765973571425,0,LP,0.005194299999857321
q0.9,2025-05-24,0.9,10800.0,10800.0,58832.35629757496,0.0,74693.81781666666,36746.55839118633,0.0,36746.55839118633,29634.66463621398,24018.130042163437,7500.317030864196,6075.256794999999,0,LP,0.0050389000098221
q0.9,2025-05-25,0.9,10800.0,7001.721693587304,57898.956901078775,0.0,120319.87760000004,36197.54569946466,0.0,36197.54569946466,4692.606824691356,5796.484205646681,12017.400858835976,13152.545171428572,0,LP,0.00479149998864159
q0.9,2025-05-26,0.9,7001.721693587304,7225.915327015875,61221.69716642486,0.0,119407.96936666663,37554.38037752708,0.0,37554.38037752708,84.91868904762728,2894.2186323368596,18215.54013134038,14552.813236299997,0,LP,0.004887700022663921
q0.9,2025-05-27,0.9,7225.915327015875,6803.119505436509,61553.20246061437,0.0,120046.82735000004,37721.38488661365,0.0,37721.38488661365,3746.239216666666,5700.304771243405,16298.98637960905,13582.695206904764,0,LP,0.005180499982088804
q0.9,2025-05-28,0.9,6803.119505436509,6990.991738735452,61264.60363856263,0.0,119921.84721666662,37477.46784977632,0.0,37477.46784977632,2504.5163375308716,2890.3045543680164,18036.177035235156,14440.218388571428,0,LP,0.004420600016601384
q0.9,2025-05-29,0.9,6990.991738735452,7148.090996179896,61445.85084384482,17.817433333333497,120439.31426666665,37488.635023173345,119.77769558333443,37608.412718756685,1185.6755150000067,2463.960294958849,18750.103344838328,15046.194377619046,1,LP,0.004497699992498383
q0.9,2025-05-30,0.9,7148.090996179896,10800.0,61894.58517565844,0.0,74612.22448333331,37637.160791887516,0.0,37637.160791887516,26715.19712057613,23050.996549029976,11818.105978671367,6285.947739285714,0,LP,0.004803099989658222
q0.9,2025-05-31,0.9,10800.0,10696.377787301588,57903.43477811579,0.0,74778.33258333332,36003.17984697507,0.0,36003.17984697507,24850.267430452674,23238.839971469726,7991.609566431511,6566.463740238094,0,LP,0.005534199997782707
q0.9,2025-06-01,0.9,10696.377787301588,5162.236988460318,58709.08537177248,9550.90432610035,128248.56003333337,36396.48580152438,61529.791760421416,97926.27756194577,0.0,5.716213333333371,10579.862649982364,13550.41546544285,25,LP,0.00464040000224486
q0.9,2025-06-02,0.9,5162.236988460318,5324.6533061798955,69456.35202913282,5008.5907853251665,128080.53698333332,41734.34520573618,33453.991162721315,75188.33636845744,0.0,1618.747137663143,21364.281793932987,17158.893567138097,16,LP,0.004798800015123561
q0.9,2025-06-03,0.9,5324.6533061798955,5686.109196949735,72557.68311369781,1212.7779481642801,128076.84056666664,43979.74916620617,7614.6784972360465,51594.42766344224,123.04324563198549,801.0268473809533,22782.704388542046,18128.680253026196,13,LP,0.005611100001260638
q0.9,2025-06-04,0.9,5686.109196949735,5835.495692195771,76170.13861438505,68.32775285714285,128539.84358333335,46739.40708938323,467.9302947780952,47207.33738416133,44.978916666666464,2367.0276988183523,21298.689944047605,17117.49100895714,4,LP,0.005206500005442649
q0.9,2025-06-05,0.9,5835.495692195771,6608.500506531747,79710.03870708407,82.77574928571403,128455.92066666663,49363.64758562296,558.7889277521411,49922.43651337509,363.28761666666674,3330.5139205173537,22389.424050614332,17439.729148095244,4,LP,0.004867700015893206
q0.9,2025-06-06,0.9,6608.500506531747,10800.0,81665.42643934448,0.0,82747.41500000002,51063.743335998864,0.0,51063.743335998864,12682.488949894183,31926.536344882414,12784.50631813933,6583.100573571428,0,LP,0.005037199996877462
q0.9,2025-06-07,0.9,10800.0,10800.0,80567.68407052911,0.0,83156.75974999997,51727.93347737353,0.0,51727.93347737353,11387.145033333329,36561.73229386537,7854.176719282776,6361.883142619046,0,LP,0.006839000008767471
q0.9,2025-06-08,0.9,10800.0,7406.259939484125,84017.94085990592,0.0,128266.94665,54206.69667707306,0.0,54206.69667707306,1625.3386999999996,17971.991408771322,12052.913362801286,12817.225878333333,0,LP,0.004940999991958961
q0.9,2025-06-09,0.9,7406.259939484125,7477.7039718121705,86692.31282914462,0.0,128169.18798333328,55047.89311685096,0.0,55047.89311685096,863.7589666666668,11251.313854864786,18843.303395708408,15198.77612142857,0,LP,0.00476189999608323
q0.9,2025-06-10,0.9,7477.7039718121705,7510.770699960317,86934.42537311286,0.0,127414.49178333324,55244.75398663591,0.0,55244.75398663591,455.034265079364,11138.332802181085,19436.073774661963,15713.459702142854,0,LP,0.004803499992704019
q0.9,2025-06-11,0.9,7510.770699960317,7650.7218135582025,87413.727305241,0.0,128236.67731666668,55547.564492154845,0.0,55547.564492154845,0.0,6873.711738165799,22787.43814826572,18331.868897857137,0,LP,0.004703800019342452
q0.9,2025-06-12,0.9,7650.7218135582025,7967.508369007939,88773.38793972951,0.0,127721.81298333338,56641.477877220656,0.0,56641.477877220656,358.2286666666665,11887.092322913004,19950.355878483246,15874.680361666668,0,LP,0.004600199987180531
q0.9,2025-06-13,0.9,7967.508369007939,10800.0,88636.37811707525,0.0,81889.59039999997,56677.220365110086,0.0,56677.220365110086,13716.08029855967,41984.388810296885,10743.962317504403,6153.367009285713,0,LP,0.004950300004566088
q0.9,2025-06-14,0.9,10800.0,10800.0,85090.24749962964,0.0,82253.15711666664,55145.44253143417,0.0,55145.44253143417,15978.504666666662,41500.67580350678,7461.706733980012,6043.982454523809,0,LP,0.004745899990666658
q0.9,2025-06-15,0.9,10800.0,7769.88721527778,84310.75436089947,0.0,127368.8845166667,54546.88646274352,0.0,54546.88646274352,234.5126921634349,13145.855578359791,15950.069806804817,15646.658049761902,0,LP,0.004997700016247109
q0.9,2025-06-16,0.9,7769.88721527778,7689.082921296297,88422.69842680477,0.0,127618.63201666664,56476.17036218786,0.0,56476.17036218786,134.01041666666652,11814.353671796001,20278.975717151683,16498.694195476193,0,LP,0.00450549999368377
q0.9,2025-06-17,0.9,7689.082921296297,7297.36417584656,88789.57030857142,0.0,127311.7546,56684.08831086216,0.0,56684.08831086216,132.81069760728877,10632.453536337449,19683.37752034098,16296.082662380952,0,LP,0.005346299993107095
q0.9,2025-06-18,0.9,7297.36417584656,7707.07597415344,89863.87655620225,0.0,126909.07891666662,57377.84173470824,0.0,57377.84173470824,88.67290000000003,15069.918045296889,17937.653118048212,14160.758407142857,0,LP,0.005091500002890825
q0.9,2025-06-19,0.9,7707.07597415344,7673.392789761906,88548.84521082013,22.917418571428584,127349.06689999993,56462.085279616746,154.23021414666675,56616.31549376341,1575.8607923397983,15190.571425917113,18821.7951425632,15275.968931428573,2,LP,0.004481000010855496
q0.9,2025-06-20,0.9,7673.392789761906,10800.0,88025.13574801586,0.0,81137.07971666669,56087.22888849256,0.0,56087.22888849256,17971.086850000003,42822.01188066137,10618.471990211638,5787.015822857144,0,LP,0.004887699993560091
q0.9,2025-06-21,0.9,10800.0,10800.0,83611.28390840092,0.0,81408.06479999995,53939.45488398181,0.0,53939.45488398181,20959.28605,41879.263170970014,7568.390986478537,6130.396699047617,0,LP,0.0048633999831508845
q0.9,2025-06-22,0.9,10800.0,7518.274122037037,82649.48978500292,0.0,126539.46191666664,53286.64731636657,0.0,53286.64731636657,773.7668499999999,14641.08732253674,14372.883171751919,14595.588659285715,0,LP,0.0047781000030227005
q0.9,2025-06-23,0.9,7518.274122037037,7571.87173574074,85754.92401500589,0.0,126690.87308333331,54380.46409790163,0.0,54380.46409790163,1219.472998694885,13814.820767739573,19005.823138095235,15346.478889523805,0,LP,0.004485200013732538
q0.9,2025-06-24,0.9,7571.87173574074,7443.345745502646,84430.23604320103,819.7424056999997,127112.84501666667,53486.80645566142,3869.359998799506,57356.16645446092,0.0,4849.6586099706055,22353.68936918283,18222.161780252383,5,LP,0.004575800005113706
q0.9,2025-06-25,0.9,7443.345745502646,7647.615549867724,85659.53328067019,0.0,126310.40843333337,54274.29834716045,0.0,54274.29834716045,218.43108333333316,10979.00012611112,20214.936213844794,16190.25550928571,0,LP,0.004404500010423362
q0.9,2025-06-26,0.9,7647.615549867724,7498.705170476189,85440.71084367723,4.795507380952358,126697.44536666665,54187.58648634202,32.42482315630937,54220.01130949833,645.8574333333332,13745.73225601116,19160.800893856558,15654.268065476195,1,LP,0.004301600012695417
q0.9,2025-06-27,0.9,7498.705170476189,10800.0,85435.29234293647,0.0,79563.255,54165.257855402095,0.0,54165.257855402095,19899.676033333333,40657.467203565546,11238.62048841858,6132.117249047618,0,LP,0.004632099997252226
q0.9,2025-06-28,0.9,10800.0,10800.0,81386.70614960906,0.0,80661.57279999995,52425.250690967245,0.0,52425.250690967245,18427.001233333336,39802.00166676366,7267.248067607292,5886.470934761905,0,LP,0.004491100000450388
q0.9,2025-06-29,0.9,10800.0,7706.268456402117,81729.41290791593,0.0,126384.80871666662,52706.872849691485,0.0,52706.872849691485,57.480400000000145,12393.757612980598,14709.28816231628,14698.881800714282,0,LP,0.005237800010945648
q0.9,2025-06-30,0.9,7706.268456402117,7155.630627783069,83150.25083501173,2.993404047618924,125947.32058333333,52549.12739526739,20.19051030118964,52569.317905568576,154.73506666666628,10031.801776860671,18866.302410293938,15777.27899809524,1,LP,0.004506199999013916
q0.9,2025-07-01,0.9,7155.630627783069,5168.079853423282,82730.12466121984,1659.0148955690452,141546.85106666663,51917.199373122756,10297.095119405849,62214.294492528614,15.669066666666595,3218.2314363903606,21460.47745959142,19171.782439192855,17,LP,0.004461999982595444
q0.9,2025-07-02,0.9,5168.079853423282,5321.05204078307,84827.04940302763,1224.13243560714,141198.65821666675,52781.49607919387,7916.103872862078,60697.599952055956,1500.0133500000006,7680.464791031751,20148.749275329224,16182.81194439286,16,LP,0.004559900000458583
q0.9,2025-07-03,0.9,5321.05204078307,5854.903998047619,84954.78838230454,1272.4861245238094,141565.53863333337,52957.09473168415,8053.006813425719,61010.10154510988,277.28409999999985,1346.37772863316,22961.720964861845,18118.527220000007,16,LP,0.004294799990020692
q0.9,2025-07-04,0.9,5854.903998047619,10800.0,86796.37021434236,0.0,95795.06574999998,54394.902269531165,0.0,54394.902269531165,20377.33411666666,30379.32360167625,14253.992776713701,7095.147747380953,0,LP,0.004467799997655675
q0.9,2025-07-05,0.9,10800.0,10800.0,82617.02099562025,0.0,95872.83490000002,53104.35907425305,0.0,53104.35907425305,21030.356633333344,31182.160072777773,8496.970120223392,6882.545797380952,0,LP,0.004575800005113706
q0.9,2025-07-06,0.9,10800.0,6429.101578071427,83603.81197784762,699.4142931214298,141244.57465000002,53781.68935887074,4841.090274506094,58622.779633376835,342.1389666666664,5003.571901481487,16301.80227661375,17138.268423792855,4,LP,0.004857299994910136
q0.9,2025-07-07,0.9,6429.101578071427,7096.773129449739,90616.38697850092,0.0,141495.39414999998,57522.445096659234,0.0,57522.445096659234,1583.1244166666668,11638.202604855971,17814.06733721634,13828.490146904758,0,LP,0.004861599998548627
q0.9,2025-07-08,0.9,7096.773129449739,7474.199653132279,90325.93238923277,0.0,141285.22700000004,57491.40432511391,0.0,57491.40432511391,1768.6296333333335,8797.0136166843,20259.043427548502,16070.141305000001,0,LP,0.004591300006723031
q0.9,2025-07-09,0.9,7474.199653132279,7774.703706677251,89401.4513436297,3.148043333333362,140590.70496666664,57056.04185628232,21.222534131666862,57077.264390413984,1213.7752833333334,10234.08571890652,19092.41957824221,15194.406210185716,1,LP,0.004766600002767518
q0.9,2025-07-10,0.9,7774.703706677251,7743.774220592595,88749.48062198867,0.0,140463.54224999994,56685.37484648524,0.0,56685.37484648524,1554.5866666666664,10780.519808935927,18887.301581731335,15326.550818678568,0,LP,0.004690600006142631
q0.9,2025-07-11,0.9,7743.774220592595,10800.0,87649.24279966367,0.0,94741.08839999996,55951.61362179843,0.0,55951.61362179843,15295.829648020528,34819.435149609046,11918.935002986469,6903.734150952381,0,LP,0.004746399994473904
q0.9,2025-07-12,0.9,10800.0,10800.0,84722.44510517144,0.0,95318.37109999993,54783.64730367835,0.0,54783.64730367835,17711.87368798742,34394.66641643152,8061.377196942973,6529.715529523808,0,LP,0.005100000009406358
q0.9,2025-07-13,0.9,10800.0,7588.570938767195,85051.36027889767,0.0,139893.36648333335,55027.710122029435,0.0,55027.710122029435,3903.6541666666662,12007.560260852384,14540.587402569086,14668.161951190476,0,LP,0.004794699983904138
q0.9,2025-07-14,0.9,7588.570938767195,7497.541621597884,86876.60126555766,0.0,141062.42346666663,55311.75584045714,0.0,55311.75584045714,1508.475126577661,10291.791930823048,17634.638826014114,14365.983834523811,0,LP,0.005051099986303598
q0.9,2025-07-15,0.9,7497.541621597884,7898.466713674606,86661.10984479476,0.0,139545.1626666667,55227.466018622734,0.0,55227.466018622734,328.9828333333337,9735.594485920055,18350.786101784233,14503.304159576186,0,LP,0.004989600012777373
q0.9,2025-07-16,0.9,7898.466713674606,7847.39915406614,85982.81955577261,0.0,140365.26538333335,54723.10623391991,0.0,54723.10623391991,1405.8918666666664,9068.828383024229,17997.3511915579,14623.815268809522,0,LP,0.004811499995412305
q0.9,2025-07-17,0.9,7847.39915406614,7706.2841570132305,85925.55018844918,0.0,139569.1592833334,54634.368007040444,0.0,54634.368007040444,1480.8974304732521,8046.561639038806,20024.623945358602,16346.948893088096,0,LP,0.005063299991888925
q0.9,2025-07-18,0.9,7706.2841570132305,10800.0,86249.76710565851,0.0,93698.07319999997,54828.027384636785,0.0,54828.027384636785,15471.467404344592,34564.13790183422,11345.102319955908,6405.1886204761895,0,LP,0.005014299997128546
q0.9,2025-07-19,0.9,10800.0,10800.0,82677.14086685283,0.0,94564.52239999994,53321.58233433457,0.0,53321.58233433457,20575.587803543014,33472.97207182245,7609.273376249262,6163.511434761905,0,LP,0.005387300014263019
q0.9,2025-07-20,0.9,10800.0,7702.204825293652,82087.14937242799,0.0,138750.53876666672,52973.47487461178,0.0,52973.47487461178,1279.9959992769013,8565.203070317466,15473.61970211934,15321.64761595238,0,LP,0.004749399988213554
q0.9,2025-07-21,0.9,7702.204825293652,7704.1641743677255,85984.83018105516,0.0,138442.8198,54577.07797231519,0.0,54577.07797231519,701.6560666666669,7558.319434850094,19649.167975640794,15914.062646102375,0,LP,0.00467890000436455
q0.9,2025-07-22,0.9,7704.1641743677255,7650.59624349471,86433.16708099816,0.0,139514.85881666662,54847.363101680276,0.0,54847.363101680276,446.5615333333333,8514.14244948266,19608.050627901237,15930.732146385712,0,LP,0.004656300006899983
q0.9,2025-07-23,0.9,7650.59624349471,7655.27829301852,86308.49983766906,0.0,139450.03365000003,54793.11646899196,0.0,54793.11646899196,1133.4941933186399,7062.249773389188,20484.18373538507,16587.974981090476,0,LP,0.005158200016012415
q0.9,2025-07-24,0.9,7655.27829301852,8126.022111457673,86572.51509014617,0.0,138902.21751666671,55037.634017868426,0.0,55037.634017868426,655.3079666666663,8191.6559591034775,19396.89330410934,15287.814139733331,0,LP,0.0049023000174202025
q0.9,2025-07-25,0.9,8126.022111457673,10800.0,86294.82008107718,0.0,92354.83968333332,54887.66342774559,0.0,54887.66342774559,19756.926063766783,35568.02365955909,10831.424691560847,6366.87390047619,0,LP,0.0049094000132754445
q0.9,2025-07-26,0.9,10800.0,10800.0,82628.37593092007,0.0,93187.68993333334,53236.1801839494,0.0,53236.1801839494,17930.565350273373,34651.208297554396,8302.687981187535,6725.177264761904,0,LP,0.004667300003347918
q0.9,2025-07-27,0.9,10800.0,7764.607848521162,82813.8366177719,212.79679389761841,138110.19628333335,53309.76091481612,1055.894434464567,54365.65534928069,654.0590333333334,7997.994361475613,18006.542911534394,17317.152694673805,3,LP,0.0050820999895222485
q0.9,2025-07-28,0.9,7764.607848521162,7547.6657526481495,86351.20670668282,0.0,138228.99843333327,54870.644641124025,0.0,54870.644641124025,0.0,4589.358998242225,21064.307165226328,17257.33669011904,0,LP,0.004579800006467849
q0.9,2025-07-29,0.9,7547.6657526481495,7584.188160187834,87437.41911553718,13.507220238095329,138314.74511666666,55548.798861163836,90.94411386309585,55639.74297502693,204.36829999999964,7274.8952572869,20366.03506159318,16463.618233104768,1,LP,0.00489670000388287
q0.9,2025-07-30,0.9,7584.188160187834,7527.354413473546,86691.5911871415,0.0,138424.36443333334,55102.20527378419,0.0,55102.20527378419,1631.287883333333,7298.736420514401,19523.49055440329,15865.177721109521,0,LP,0.005209900002228096
q0.9,2025-07-31,0.9,7527.354413473546,7054.164715738095,85891.00926203022,0.3113745238094907,137423.31371666663,54470.98383661716,2.0932152363093013,54473.07705185347,566.4607333333333,7276.150317763077,19892.547614488547,16538.83429569762,1,LP,0.005325900012394413
q0.9,2025-08-01,0.9,7054.164715738095,10800.0,85998.3114319045,0.0,92719.4241,54451.501564552396,0.0,54451.501564552396,25739.887883333333,33356.823335863955,11994.677843183417,6344.437297142855,0,LP,0.00514549997751601
q0.9,2025-08-02,0.9,10800.0,10767.558523544974,81073.29847636686,0.0,91562.24421666664,52172.831812539785,0.0,52172.831812539785,25478.949022063494,33127.85692314227,8256.13119282775,6716.663594999998,0,LP,0.004836700012674555
q0.9,2025-08-03,0.9,10767.558523544974,6327.007655171957,80012.8069568067,79.27859166666644,138062.48614999998,51528.070073064526,534.2961132546413,52062.36618631916,6119.96855,12791.993946322757,12300.730791331564,13960.087722514278,5,LP,0.004538300010608509
q0.9,2025-08-04,0.9,6327.007655171957,6839.426360669314,82756.16386569971,0.0,138312.10694999996,52032.22611375524,0.0,52032.22611375524,3876.5891666666666,9551.384026122863,18165.046076995895,14252.510487419047,0,LP,0.004512499988777563
q0.9,2025-08-05,0.9,6839.426360669314,6776.004087015876,80149.57873958093,0.0,136458.4972833334,50564.77280275963,0.0,50564.77280275963,4109.386702066435,7481.286346734268,18229.873703868325,14823.277746421425,0,LP,0.004702200007159263
q0.9,2025-08-06,0.9,6776.004087015876,6519.963861269836,78458.7062950911,0.0,136716.0878,49556.443132284745,0.0,49556.443132284745,2319.9932849794277,4691.906361681373,18751.80834176366,15419.400959999999,0,LP,0.004840499983401969
q0.9,2025-08-07,0.9,6519.963861269836,6996.19414120635,78037.31134880365,15.846809047619104,136850.75446666667,49315.74784441954,107.06896533023847,49422.81680974978,4217.219486419752,6347.230529838336,19326.924419212235,15226.201527619045,1,LP,0.005036699993070215
q0.9,2025-08-08,0.9,6996.19414120635,10800.0,75763.20369501178,0.0,90703.2161166667,48043.27447595719,0.0,48043.27447595719,28375.164568930035,25737.712108612574,12903.844708183427,7028.688940714284,0,LP,0.004733400011900812
q0.9,2025-08-09,0.9,10800.0,10800.0,70762.74357976188,0.0,90303.83175,45855.835552201075,0.0,45855.835552201075,25642.997679629632,24549.149608136395,8677.196273662552,7028.528981666665,0,LP,0.004831700003705919
q0.9,2025-08-10,0.9,10800.0,6594.877316658732,70442.16762027337,60.60102285714265,136535.4447166666,45636.88045785313,418.1063927640462,46054.98685061717,1908.2901000000002,4547.664996922398,13298.973216922403,14556.778720714288,2,LP,0.005195400008233264
q0.9,2025-08-11,0.9,6594.877316658732,6527.754391084659,75747.71952967075,55.66606833333287,136422.26351666663,47893.92898445205,375.20937866690167,48269.13836311896,3307.8831,4324.720605235154,19315.46943395943,15705.940874523814,4,LP,0.005103400006191805
q0.9,2025-08-12,0.9,6527.754391084659,6674.672341386244,75961.64013721635,83.6121040476188,136637.59669999994,47974.262159423364,563.6326054630936,48537.89476488646,2066.4303,2562.5297017342878,18544.85491714873,14889.106327619047,6,LP,0.004883799992967397
q0.9,2025-08-13,0.9,6674.672341386244,6989.284398095238,76366.76165990005,9.93101333333334,136547.99718333327,48370.777704153326,69.27874901333338,48440.05645316666,1859.9984596178756,4608.588531981193,18441.97568734862,14654.849455714288,1,LP,0.0051364999962970614
q0.9,2025-08-14,0.9,6989.284398095238,6617.795445335981,75893.19156891532,39.6075921428569,135936.05536666667,48048.31061400901,275.61175460928405,48323.92236861828,2656.778320267489,3904.9931976161147,19889.87745960317,16445.1407997619,2,LP,0.005320700001902878
q0.9,2025-08-15,0.9,6617.795445335981,10800.0,76864.48408692828,0.0,89968.05776666665,48553.4881000603,0.0,48553.4881000603,27405.317320576138,25967.716912395656,13514.41511276602,7182.692142142856,0,LP,0.006014299986418337
q0.9,2025-08-16,0.9,10800.0,10800.0,72400.97947586713,0.0,90183.53035000002,46723.63978989858,0.0,46723.63978989858,27801.283511522633,26024.480939409183,8662.813990887707,7016.879332619045,0,LP,0.005827999993925914
q0.9,2025-08-17,0.9,10800.0,6663.572598896824,72086.55879977072,64.6791299999993,135369.11649999995,46605.20569268747,435.5763546355906,47040.78204732306,4032.3827460875964,5984.644418427398,14166.325313589066,15197.508165000001,4,LP,0.0048940000124275684
q0.9,2025-08-18,0.9,6663.572598896824,6736.281459529102,76294.14989488246,67.66204047619055,135710.1747166666,48334.04283946511,458.94275496071475,48792.98559442582,2650.42093106996,5545.5185803174645,19506.94122492358,15735.184417619052,4,LP,0.00508200001786463
q0.9,2025-08-19,0.9,6736.281459529102,6640.307544312169,76052.8636086214,129.15455880952345,135364.48288333326,48266.62975441482,871.3445895373785,49137.9743439522,3660.6751333333327,4879.095683195181,17952.441182092894,14627.853881190475,4,LP,0.0053626000008080155
q0.9,2025-08-20,0.9,6640.307544312169,6453.653351174615,75547.6699877925,451.8940878571413,135048.05366666662,47981.3485551966,2300.7242749067777,50282.07283010338,0.0,1501.0585671898912,21135.80639798353,17287.991956190475,4,LP,0.0052035000117029995
q0.9,2025-08-21,0.9,6453.653351174615,7016.390597537043,77288.94976544974,0.0,134971.79889999994,48884.09229615694,0.0,48884.09229615694,2214.8494089476817,5166.430120761323,18719.938056216914,14656.686303809518,0,LP,0.005236299999523908
q0.9,2025-08-22,0.9,7016.390597537043,10800.0,76627.31220498237,0.0,90531.73040000003,48566.82817978218,0.0,48566.82817978218,24411.137456995886,25124.408652475016,12926.043333130505,7064.846637619047,0,LP,0.0047975999768823385
q0.9,2025-08-23,0.9,10800.0,10800.0,73015.28758165783,0.0,89697.14623333332,47235.22048505495,0.0,47235.22048505495,22497.895220164613,26372.424216743093,8499.799972369192,6884.837977619048,0,LP,0.00527009999495931
q0.9,2025-08-24,0.9,10800.0,6946.601097121692,73883.48344117358,0.0,135068.0714,47696.04165697015,0.0,47696.04165697015,4469.475109394476,6304.910595608469,14966.143502251623,15590.635249414285,0,LP,0.005518499994650483
q0.9,2025-08-25,0.9,6946.601097121692,6755.189641936517,78219.01867665495,0.0,134511.61374999996,49598.28117417678,0.0,49598.28117417678,962.0525166666669,2755.607622604358,20529.16752833627,16800.896007619045,0,LP,0.005683600000338629
q0.9,2025-08-26,0.9,6755.189641936517,7018.717655775135,79303.86469167838,0.0,134368.9639333333,50206.66914425044,0.0,50206.66914425044,2495.1787833333337,7276.068038477379,19824.33828462962,15820.538798095238,0,LP,0.005204500019317493
q0.9,2025-08-27,0.9,7018.717655775135,6872.235818410052,78829.70355772768,0.0,133788.38209999996,50065.10503527241,0.0,50065.10503527241,2413.5014000000006,4773.088939041744,20319.989503409754,16591.025151390473,0,LP,0.004843599977903068
q0.9,2025-08-28,0.9,6872.235818410052,7006.823784571428,78543.81089156673,40.030321666666396,134543.81656666673,49956.063886455115,270.1423689230934,50226.206255378216,0.0,3713.6673449235786,20953.945870690768,16851.566985714286,2,LP,0.005476199992699549
q0.9,2025-08-29,0.9,7006.823784571428,10800.0,79501.27645201061,0.0,88328.33255000002,50537.68214379096,0.0,50537.68214379096,22013.8229905438,28847.933398918292,14054.95325611993,7970.653543571425,0,LP,0.004673199990065768
q0.9,2025-08-30,0.9,10800.0,10800.0,75471.87597761909,0.0,89025.08758333338,48915.9954061213,0.0,48915.9954061213,27586.661263336267,27723.405600182257,8679.417267195766,7030.327986428571,0,LP,0.004955599986715242
q0.9,2025-08-31,0.9,10800.0,6964.466125952383,74899.50152305703,12.398740952380876,133365.3598333333,48604.97980315142,86.493616883809,48691.47342003524,3022.1485833333336,5834.509926161089,15055.785041181656,15647.166369999997,1,LP,0.005485600006068125
q0.9,2025-09-01,0.9,6964.466125952383,9889.962068227516,79566.0030883657,0.0,121263.61926666668,50568.971934607245,0.0,50568.971934607245,5125.141433333333,14647.120233536161,18877.160737448554,12657.553849285714,0,LP,0.005717199994251132
q0.9,2025-09-02,0.9,9889.962068227516,9366.01571764021,73740.49685149032,0.0,121532.82415000007,47349.68631017117,0.0,47349.68631017117,4112.307898353905,12735.450730631988,17402.81098964727,14567.828617142855,0,LP,0.004733400011900812
q0.9,2025-09-03,0.9,9366.01571764021,8860.669542767198,72651.71538256026,0.0,121433.71643333333,46363.679860346485,0.0,46363.679860346485,4767.510412460314,9841.354602436799,15526.024605520292,13030.891487857143,0,LP,0.004665699991164729
q0.9,2025-09-04,0.9,8860.669542767198,8449.65089073016,71082.71372985009,0.0,121061.17303333328,45081.8159403934,0.0,45081.8159403934,4717.529949999999,9453.498197319223,17663.351680864198,14677.231648333327,0,LP,0.0045495000085793436
q0.9,2025-09-05,0.9,8449.65089073016,10800.0,68893.40838070837,0.0,75132.98044999999,43653.53936865195,0.0,43653.53936865195,28794.342104320993,29032.245842886536,11196.024044691352,6953.465277857142,0,LP,0.005479600018588826
q0.9,2025-09-06,0.9,10800.0,10800.0,63934.46238658434,0.0,75826.37416666665,41045.57251948386,0.0,41045.57251948386,28068.547495061724,26508.00558395943,8614.871618753674,6978.046011190474,0,LP,0.005527700006496161
q0.9,2025-09-07,0.9,10800.0,7143.705082222223,62457.10443601412,0.0,120781.00903333336,39885.73234497199,0.0,39885.73234497199,2626.8752649206317,5311.184071360967,14993.299521399178,15435.238038333333,0,LP,0.005121700000017881
q0.9,2025-09-08,0.9,7143.705082222223,6081.568211915343,64819.20354918282,280.4522942632553,121400.59243333335,40287.79461279704,1956.435204780469,42244.22981757751,1615.6372833333332,1506.3212782686737,18621.320693615526,16039.192945104758,1,LP,0.004565999988699332
q0.9,2025-09-09,0.9,6081.568211915343,6694.64258808995,67150.30722126101,0.0,121082.23558333333,41532.83316058252,0.0,41532.83316058252,5465.992146252206,4269.955337263366,19788.202802745458,15476.677331666666,0,LP,0.005200499988859519
q0.9,2025-09-10,0.9,6694.64258808995,6319.141609970895,65989.39597485596,296.37601666666484,121274.78848333338,41084.28067382723,1462.1306876416572,42546.41136146888,0.0,1276.9278035214504,21214.71799109641,17521.872453095235,4,LP,0.005225200002314523
q0.9,2025-09-11,0.9,6319.141609970895,6848.491601664023,67999.62586098762,6.071666666666715,120746.77835000001,42136.71951237044,40.929105000000334,42177.64861737044,5182.143049999999,5032.122957098774,20099.635498412703,15804.289761190475,1,LP,0.004962500010151416
q0.9,2025-09-12,0.9,6848.491601664023,10800.0,67136.57680732508,0.0,75687.22711666669,41730.679074628875,0.0,41730.679074628875,25102.787992645513,24267.400119603168,13991.447034600234,7776.71453952381,0,LP,0.005022400000598282
q0.9,2025-09-13,0.9,10800.0,10800.0,63427.743614935316,0.0,75063.58311666665,40362.60873089531,0.0,40362.60873089531,29002.729217360386,24627.10372248383,9425.311535567313,7634.502343809523,0,LP,0.00568790000397712
q0.9,2025-09-14,0.9,10800.0,6401.557907550268,63481.28306248092,0.0,121237.69566666667,40436.13773096482,0.0,40436.13773096482,1624.0080284185792,2781.775039156385,15446.174358477361,16469.999113571426,0,LP,0.004975600022589788
q0.9,2025-09-15,0.9,6401.557907550268,6554.082951489419,69424.33958321575,1.1717666666667128,120760.02988333338,43129.28204752072,7.89360615000031,43137.17565367072,4285.4024500000005,6070.444776552029,20344.00500237802,16341.371512380952,1,LP,0.0044898999913129956
q0.9,2025-09-16,0.9,6554.082951489419,6276.244888177251,68488.48791055554,8.238266666666732,121843.35746666664,42682.84578554411,55.38174766666711,42738.227533210775,2675.302966666666,2892.0628836508013,19408.65579238095,15971.065448809519,1,LP,0.004746699996758252
q0.9,2025-09-17,0.9,6276.244888177251,6415.8670504127,70017.64458890948,7.62916666666672,120924.79499999994,43481.13720273429,34.70889375000024,43515.846096484296,2034.4541307289883,3974.9210305202855,20684.843412184007,16629.063217857147,1,LP,0.005802300001960248
q0.9,2025-09-18,0.9,6415.8670504127,6346.649727851852,69203.76054422985,2.4633999999999787,120804.1163666667,43055.377021622255,17.18467839999985,43072.561700022256,2070.647133333333,4346.220900634925,20503.1599152616,16669.855121666664,1,LP,0.005506799992872402
q0.9,2025-09-19,0.9,6346.649727851852,10800.0,69963.47253742507,0.0,75287.12646666665,43553.3778849899,0.0,43553.3778849899,21754.383481978242,25372.717057210484,14352.654929664901,7617.635248095236,0,LP,0.005191700009163469
q0.9,2025-09-20,0.9,10800.0,10800.0,65675.48125508524,0.0,75330.72763333337,41918.58213622723,0.0,41918.58213622723,22242.678864958845,25936.095576934156,9743.542525573192,7892.269445714287,0,LP,0.005170999997062609
q0.9,2025-09-21,0.9,10800.0,6561.604585060845,66777.3410839271,0.0,120862.2829833333,42636.55578108599,0.0,42636.55578108599,3848.9268666666653,5865.7191904027095,13630.333773524399,14855.126230000002,0,LP,0.00544929999159649
q0.9,2025-09-22,0.9,6561.604585060845,6415.981704275135,71215.53901902703,19.555900000000065,121218.04173333335,44406.02408801981,131.78740035000044,44537.811488369814,2863.8806999999997,4191.74058108466,19455.338670085246,15889.884915476188,2,LP,0.004713200003607199
q0.9,2025-09-23,0.9,6415.981704275135,6485.96244212963,71737.4674392769,6.375,121182.28133333329,44691.12523895178,42.996187500000005,44734.121426451784,2409.072379159319,3265.956820899469,20469.55258850383,16517.354932619044,1,LP,0.007748099975287914
q0.9,2025-09-24,0.9,6485.96244212963,6736.728257304237,72132.74574377724,0.0,121014.19341666662,45122.10075083619,0.0,45122.10075083619,2710.174833941802,4261.929027857152,20377.513412216344,16280.096630238093,0,LP,0.005279799981508404
q0.9,2025-09-25,0.9,6736.728257304237,6520.450262793649,71958.1885754997,15.37166666666667,120546.34715000007,45038.38606470283,103.4974316666667,45141.88349636949,3019.014566666666,5164.509546593184,19206.51275771605,15751.925528809517,1,LP,0.004840900015551597
q0.9,2025-09-26,0.9,6520.450262793649,10800.0,72101.47191593179,0.0,74194.35371666666,45043.43765404385,0.0,45043.43765404385,20185.494803409754,27685.203337577892,14131.239533991773,7594.709259047618,0,LP,0.004593699995893985
q0.9,2025-09-27,0.9,10800.0,10800.0,67583.29007706053,0.0,75945.77174999997,43240.26284769808,0.0,43240.26284769808,21873.57554037626,26078.05073237508,9633.481864785415,7803.120310476189,0,LP,0.004946300003211945
q0.9,2025-09-28,0.9,10800.0,6610.664247791005,67907.99092065255,5.868333333333339,120389.61958333332,43393.432724924256,39.56136916666671,43432.99409409092,911.0049999999994,4183.9436258759615,16324.650728586124,16993.36926714285,1,LP,0.004631899995729327
q0.9,2025-09-29,0.9,6610.664247791005,6589.062211904764,73527.7510022281,26.015016666666725,121111.41479999997,45972.63977152859,134.7362566666671,46107.37602819526,1794.242394532626,5137.396579400359,20429.880406628454,16567.64496166666,2,LP,0.004841099987970665
q0.9,2025-09-30,0.9,6589.062211904764,6705.443963023809,73952.86106417405,31.411150000000134,120916.45506666665,46316.28186325967,212.2294349750009,46528.51129823467,1016.5336224544415,3350.368038018817,21528.695847510284,17333.500060476195,1,LP,0.004651700000977144
q0.9,2025-10-01,0.9,6705.443963023809,8415.465377193123,74615.07842723104,0.0,117218.45471666665,46795.51266786081,0.0,46795.51266786081,7626.67711790124,12288.794004747206,18416.139465773078,13378.05369452381,0,LP,0.004671299975598231
q0.9,2025-10-02,0.9,8415.465377193123,8447.567974812173,71087.3323761023,0.0,117231.7097833333,44812.31215542997,0.0,44812.31215542997,6025.306217936508,9904.99479534979,17880.820569958847,14454.572323809525,0,LP,0.005115900014061481
q0.9,2025-10-03,0.9,8447.567974812173,10800.0,69806.78702091122,0.0,71524.19113333334,43860.379429123954,0.0,43860.379429123954,27609.52377779542,30099.32738106996,11387.333365141085,7106.5512030952395,0,LP,0.004763499979162589
q0.9,2025-10-04,0.9,10800.0,10800.0,65772.08520682833,0.0,72397.41483333331,41799.27237620495,0.0,41799.27237620495,22960.864069517924,27966.175662522048,9205.594955026456,7456.531913571431,0,LP,0.005531400005565956
q0.9,2025-10-05,0.9,10800.0,7484.715941690476,65069.61690277189,0.0,117604.42090000003,41252.40961584009,0.0,41252.40961584009,4554.340716666667,5960.439292721937,14750.691995764255,14931.816169047619,0,LP,0.005175800004508346
q0.9,2025-10-06,0.9,7484.715941690476,7024.764183462963,67330.85968016167,0.0,117896.13613333333,41783.742518455416,0.0,41783.742518455416,2669.081680014708,3747.417047857146,18922.14886681363,15740.897164523813,0,LP,0.0058360999973956496
q0.9,2025-10-07,0.9,7024.764183462963,7013.171907021164,66427.15182701353,0.0,117357.17863333324,40976.74581662316,0.0,40976.74581662316,2002.879026710757,2793.188840270427,20368.178993841855,16508.658033809523,0,LP,0.005400699999881908
q0.9,2025-10-08,0.9,7013.171907021164,6748.6877012301575,65290.985379259255,0.0,117391.06235000005,40118.13548121876,0.0,40118.13548121876,2895.343579147561,2395.9904530775957,19785.21823989124,16264.062559523805,0,LP,0.004792899999301881
q0.9,2025-10-09,0.9,6748.6877012301575,6742.872352537039,66132.78749092008,0.0,117432.9897333333,40542.863609372165,0.0,40542.863609372165,3628.569859382716,2919.4701732363264,20157.892572586723,16333.126797619047,0,LP,0.0046215000038500875
q0.9,2025-10-10,0.9,6742.872352537039,10800.0,66664.42947401824,0.0,72371.53011666666,40938.40687828369,0.0,40938.40687828369,27178.13809598472,23869.279054553197,13799.929074194582,7526.52766738095,0,LP,0.005203499982599169
q0.9,2025-10-11,0.9,10800.0,10800.0,62369.056904938254,0.0,71790.96475,39275.594078331094,0.0,39275.594078331094,22423.844471587305,24002.340521719572,9666.096464726623,7829.53813642857,0,LP,0.0048251000116579235
q0.9,2025-10-12,0.9,10800.0,6496.499261021165,62512.50276599058,7.566100476190513,117709.38418333342,39412.25745541206,35.43961463047636,39447.69707004254,1860.3632333333335,3113.3182574691336,15287.273986378608,16255.842594047617,1,LP,0.004839400004129857
q0.9,2025-10-13,0.9,6496.499261021165,6516.072643391539,67693.25330082304,0.0,117677.75383333332,41640.211728173555,0.0,41640.211728173555,2865.0663833333333,3925.4827621281547,20303.64637488536,16428.337519523815,0,LP,0.0049712000181898475
q0.9,2025-10-14,0.9,6516.072643391539,6544.185563478837,67522.1936928924,0.0,118032.22918333327,41586.202282797545,0.0,41586.202282797545,706.0138556349228,1989.2742398794862,21198.814136663717,17145.737822619052,0,LP,0.004800900002010167
q0.9,2025-10-15,0.9,6544.185563478837,6686.82740654762,67862.5528549177,0.0,117342.48076666666,41889.28172041998,0.0,41889.28172041998,398.85251152850896,1442.0821516666701,20911.667805055848,16810.073263333335,0,LP,0.0046313999919220805
q0.9,2025-10-16,0.9,6686.82740654762,6485.053005272486,68615.4273687243,659.6047717809505,117733.27633333336,42363.986447687596,4601.402887943911,46965.389335631495,1048.9362605173421,1392.0293232363335,21311.52930473251,17443.935697980956,1,LP,0.004952899995259941
q0.9,2025-10-17,0.9,6485.053005272486,10800.0,70227.12137629041,0.0,71943.17253333335,43331.86765360646,0.0,43331.86765360646,21578.23844461199,26109.81354988537,13954.83036774545,7419.960302619048,0,LP,0.004873400001088157
q0.9,2025-10-18,0.9,10800.0,10800.0,66420.28051061726,0.0,71656.70145000001,41899.11056089856,0.0,41899.11056089856,21829.127953994706,26822.332107601425,8906.458854497352,7214.231672142857,0,LP,0.004631000017980114
q0.9,2025-10-19,0.9,10800.0,6207.1624516005295,66734.48249594944,149.36178444285417,117991.24738333332,42053.44797452858,1041.9478082733508,43095.395782801934,1204.8780333333339,2740.653786172848,16769.17747953851,17716.58755198571,1,LP,0.004576500010443851
q0.9,2025-10-20,0.9,6207.1624516005295,6343.961312629632,72789.4157724838,278.7643465380951,117903.31865000003,44884.60709864029,1342.4785436492991,46227.08564228959,483.2562683333381,3842.885668183423,21990.19389953851,17688.9380837,4,LP,0.005107399978442118
q0.9,2025-10-21,0.9,6343.961312629632,6544.391538267194,73798.63129062609,0.0,117800.84898333332,45585.47597597021,0.0,45585.47597597021,99.79477047619682,2873.3488121487226,22013.258710144022,17650.35235214286,0,LP,0.004854500002693385
q0.9,2025-10-22,0.9,6544.391538267194,6431.759239703704,74492.03826879188,377.99618996666715,117671.98653333336,45996.73132760159,1843.942283020519,47840.673610622114,991.9221223809527,4291.350031740157,21753.866701813633,17722.001097176188,4,LP,0.004951700015226379
q0.9,2025-10-23,0.9,6431.759239703704,6705.716188597886,75439.8710288879,0.0,117212.01551666661,46662.338839379496,0.0,46662.338839379496,1332.4472666666666,6332.082831428572,21838.32970239271,17442.48580493334,0,LP,0.004729000007500872
q0.9,2025-10-24,0.9,6705.716188597886,10800.0,75109.1414844709,0.0,72135.5185333333,46514.60644848521,0.0,46514.60644848521,21286.879340529104,29075.467405934745,13904.676795149911,7577.932773809524,0,LP,0.005413400009274483
q0.9,2025-10-25,0.9,10800.0,10800.0,70909.48633779246,0.0,72042.78699999997,44928.3172148423,0.0,44928.3172148423,20139.30913271604,29635.88826477659,9136.08529982363,7400.229092857143,0,LP,0.00466999999480322
q0.9,2025-10-26,0.9,10800.0,6714.340672195767,71377.67287213812,0.0,117422.34435000003,45355.203006080206,0.0,45355.203006080206,1630.4440499999992,5922.294064412115,15566.927032016461,16286.304290957143,0,LP,0.005964399984804913
q0.9,2025-10-27,0.9,6714.340672195767,6336.046206431216,75891.55288288092,17.511947619047532,117790.56431666661,47188.4563280625,82.02596264761864,47270.48229071012,2124.2016376719594,6709.458921998829,20333.092754476766,16810.27015031428,1,LP,0.00463450001552701
q0.9,2025-10-28,0.9,6336.046206431216,6506.536607433864,76306.86679007561,0.0,117514.14480000001,47409.228958626365,0.0,47409.228958626365,715.0696713991767,5408.494620340987,21354.94440754261,17144.063609207136,0,LP,0.00484040001174435
q0.9,2025-10-29,0.9,6506.536607433864,6329.80729749471,75798.12746538801,0.0,117721.61451666661,47122.545211029086,0.0,47122.545211029086,0.0,2281.519209917702,22965.304391660786,18760.952936190468,0,LP,0.004865700000664219
q0.9,2025-10-30,0.9,6329.80729749471,6626.07338270635,76834.87832363034,0.0,116916.07056666665,47839.7049800692,0.0,47839.7049800692,1962.1028999999996,5850.850340573204,20881.41029666666,16647.30286360952,0,LP,0.0047848999965935946
q0.9,2025-10-31,0.9,6626.07338270635,10800.0,76756.0031945958,0.0,71748.98903333335,47907.10547771744,0.0,47907.10547771744,16415.181265020576,30095.476257339793,13602.735000023516,7261.681394454761,0,LP,0.004752199980430305
q0.9,2025-11-01,0.9,10800.0,10800.0,72904.54037402436,0.0,71974.20948333332,46525.5413461246,0.0,46525.5413461246,17631.689577366255,31114.483640641058,8496.466961493232,6882.138238809522,0,LP,0.004694300005212426
q0.9,2025-11-02,0.9,10800.0,6305.148405949736,73357.65888869602,0.0,117843.23631666665,46827.32706395811,0.0,46827.32706395811,486.47326666666675,4908.5831261140465,16903.078932774843,17736.86037019286,0,LP,0.005503399996086955
q0.9,2025-11-03,0.9,6305.148405949736,6593.632266291005,79015.24905792442,0.0,117808.91503333332,49448.480017073714,0.0,49448.480017073714,755.9263166666666,4539.638006928286,20816.41566678423,16601.66121578809,0,LP,0.0049294999917037785
q0.9,2025-11-04,0.9,6593.632266291005,6223.48395981217,79688.3475120714,25.906197619047703,117396.61073333328,49910.506538013,119.78151548095278,50030.288053493954,1721.0834534303372,6929.522323677246,20087.94407937096,16604.36818012143,2,LP,0.005519300000742078
q0.9,2025-11-05,0.9,6223.48395981217,6714.305838251325,80359.03687920982,0.0,117764.4076166667,50298.20341583072,0.0,50298.20341583072,1106.9973999999995,5063.518421134631,21414.533162175183,16904.03217076666,0,LP,0.004826100019272417
q0.9,2025-11-06,0.9,6714.305838251325,6475.18784821164,79755.39004450674,0.0,117713.09413333329,50007.401278753954,0.0,50007.401278753954,17.663500000000113,4388.216900285125,22079.63834345972,18099.713249238095,0,LP,0.004608999995980412
q0.9,2025-11-07,0.9,6475.18784821164,10800.0,81108.16028141163,0.0,72212.37866666667,50926.9413672652,0.0,50926.9413672652,17294.55645823045,34045.52791115519,13459.385221490305,7009.771092797617,0,LP,0.004993099981220439
q0.9,2025-11-08,0.9,10800.0,10800.0,76201.26214491311,0.0,72034.86681666666,48907.85710491285,0.0,48907.85710491285,16544.619778600827,34366.43378167254,7889.481498104052,6390.480013464284,0,LP,0.005055099987657741
q0.9,2025-11-09,0.9,10800.0,6459.2063766825395,76363.71565907101,0.0,117877.6701666666,49055.47354736447,0.0,49055.47354736447,977.3487166666666,4892.251744409172,16073.748819197539,16926.450804535718,0,LP,0.004777099995408207
q0.9,2025-11-10,0.9,6459.2063766825395,6369.230194111114,81573.87350501433,0.0,118420.10276666663,51328.338142550514,0.0,51328.338142550514,287.3526499999998,3400.6129286948735,21623.38626649324,17595.92144017381,0,LP,0.004837599990423769
q0.9,2025-11-11,0.9,6369.230194111114,6409.289798923279,82440.20965279697,0.0,117957.86745000003,51968.24683554301,0.0,51968.24683554301,639.3925166666663,6281.374798918292,20654.57382218106,16694.151151635706,0,LP,0.005463100009365007
q0.9,2025-11-12,0.9,6409.289798923279,6521.09032578307,82911.96141477661,0.0,117416.71383333333,52292.194976388106,0.0,52292.194976388106,750.8736500000001,7074.294417034094,21211.50065036156,17080.69505261905,0,LP,0.005201699997996911
q0.9,2025-11-13,0.9,6521.09032578307,6526.326757304232,82802.11426556729,0.0,117780.10726666663,52323.006768551255,0.0,52323.006768551255,363.861633333333,6151.376024009401,20454.171069415053,16563.165777857135,0,LP,0.004979300021659583
q0.9,2025-11-14,0.9,6526.326757304232,10800.0,82605.55538948269,0.0,71737.89309999999,52181.6587839299,0.0,52181.6587839299,13522.607208641977,35254.071358418594,12547.976863136393,6317.555340714285,0,LP,0.005022900004405528
q0.9,2025-11-15,0.9,10800.0,10800.0,78485.15468875074,0.0,72466.97681666666,50622.4266394391,0.0,50622.4266394391,13069.319936625514,35655.08579045855,8151.905499999997,6603.043454999998,0,LP,0.006414799980120733
q0.9,2025-11-16,0.9,10800.0,6470.390239478837,79182.2541324309,0.0,118360.27023333324,51119.29577443166,0.0,51119.29577443166,478.07368333333307,4860.301078353912,17399.914588838925,17990.579601428573,0,LP,0.005046499980380759
q0.9,2025-11-17,0.9,6470.390239478837,6662.130680957669,84448.44769578188,0.0,117269.71064999998,53425.06008485345,0.0,53425.06008485345,406.7049887860109,7072.764923580246,21582.405540796582,17309.182090714286,0,LP,0.004582399997161701
q0.9,2025-11-18,0.9,6662.130680957669,6481.361212835977,83912.56078411522,0.0,117783.68649999997,53116.84825832348,0.0,53116.84825832348,71.139183333333,5046.782322142862,21404.10508744855,17500.017642142855,0,LP,0.004796100023668259
q0.9,2025-11-19,0.9,6481.361212835977,6313.19176717461,84334.27042408878,1.3850000000001046,118179.70134999994,53319.91727357577,6.301057500000476,53326.218331075775,105.0795333333333,4694.056745993532,22734.526557142854,18566.319012380955,1,LP,0.004748899984406307
q0.9,2025-11-20,0.9,6313.19176717461,6567.3725415317485,85014.28896079071,0.0,117846.45723333335,53701.87289444039,0.0,53701.87289444039,94.43773333333331,5680.999736193413,22194.804005311573,17749.028547380953,0,LP,0.004814299987629056
q0.9,2025-11-21,0.9,6567.3725415317485,10800.0,85197.03531172253,0.0,71999.17709999997,53913.2089578205,0.0,53913.2089578205,12891.778726543213,37234.573696599065,12615.442680485003,6409.143858571428,0,LP,0.004695400013588369
q0.9,2025-11-22,0.9,10800.0,10800.0,80690.89758808643,0.0,72549.91013333337,52066.13991955931,0.0,52066.13991955931,11832.103250205766,37050.17332910933,8362.060660199882,6773.269134761905,0,LP,0.004638099984731525
q0.9,2025-11-23,0.9,10800.0,6521.451443103176,81004.35806547027,0.0,117782.69220000003,52265.124735962425,0.0,52265.124735962425,504.34241930335503,5635.848272871843,18330.341006152255,18698.269916190482,0,LP,0.00524490000680089
q0.9,2025-11-24,0.9,6521.451443103176,6278.251230391536,85984.01088242502,18.83966666666663,117975.6878166666,54417.22545278813,88.2449986666665,54505.47045145479,463.0363,7572.619841278664,21179.636311860668,17374.38560404762,1,LP,0.004901000007521361
q0.9,2025-11-25,0.9,6278.251230391536,6565.390493568786,86413.67959330976,0.0,117682.39221666665,54632.09257028247,0.0,54632.09257028247,183.10095000000024,5454.499861119935,22889.436729808924,18282.018414285714,0,LP,0.004904999979771674
q0.9,2025-11-26,0.9,6565.390493568786,6782.359890341269,86253.18949204877,28.698810238095234,117686.43673333332,54649.40671907377,134.42522715523808,54783.83194622901,60.651583333333065,4878.729477304521,23102.988953791886,18518.148595476196,1,LP,0.00488779999432154
q0.9,2025-11-27,0.9,6782.359890341269,6829.159029780422,85928.66914070252,0.0,117198.14165,54454.27252187338,0.0,54454.27252187338,214.0128166666666,5670.331579153439,22217.435716072898,17954.00370452381,0,LP,0.004602000000886619
q0.9,2025-11-28,0.9,6829.159029780422,10800.0,86010.37828614646,0.0,72239.02128333332,54545.95601637495,0.0,54545.95601637495,10968.856673251032,38100.69862267197,12872.776668556735,6853.19222833333,0,LP,0.004851899982895702
q0.9,2025-11-29,0.9,10800.0,10800.0,81887.89709186948,0.0,72156.19988333333,52997.84759575122,0.0,52997.84759575122,7267.596713991764,38182.905045188134,7936.553856261023,6428.608623571428,0,LP,0.004598999978043139
q0.9,2025-11-30,0.9,10800.0,6474.032663285714,82589.10160515577,0.0,118008.83443333332,53456.789829188,0.0,53456.789829188,0.0,2585.477486687252,19221.929499182825,19463.133497380953,0,LP,0.004919099999824539
q0.9,2025-12-01,0.9,6474.032663285714,6202.919173894185,88208.45920555553,3417.735838666669,125291.39163333336,56025.251725870694,16658.143000227486,72683.39472609821,0.0,865.8966150000026,24765.12019126983,20303.749495380944,13,LP,0.004978299984941259
q0.9,2025-12-02,0.9,6202.919173894185,6095.715186433865,90748.61994936802,2737.1106168738024,125400.62360000004,57805.35810869769,13545.715023373006,71351.07313207067,0.0,240.71512952381022,24756.25829174896,20149.05280503096,15,LP,0.004349199996795505
q0.9,2025-12-03,0.9,6095.715186433865,6571.035127769841,93470.35937097296,54.2366609523807,124622.93113333329,59799.12284850402,315.03364514190326,60114.15649364593,0.0,1119.2735288741871,25340.97889043209,20098.404954047623,1,LP,0.004706899984739721
q0.9,2025-12-04,0.9,6571.035127769841,6589.457525626985,94854.87003047027,156.19709799046956,125336.25094999997,60820.18915422373,826.5266978424481,61646.715852066176,0.0,3443.704613530277,25155.65056241623,20359.49679748572,4,LP,0.004938500002026558
q0.9,2025-12-05,0.9,6589.457525626985,10800.0,96663.40039718103,0.0,78868.07108333331,62090.01928807924,0.0,62090.01928807924,6254.970215461492,42710.27938449734,13668.604668174601,7282.081554285713,0,LP,0.005205199995543808
q0.9,2025-12-06,0.9,10800.0,10800.0,93511.83258805993,0.0,79470.82115,61240.705509205065,0.0,61240.705509205065,4932.287266666666,43216.251829412104,8940.329870076424,7241.667194761904,0,LP,0.004716700001154095
q0.9,2025-12-07,0.9,10800.0,6436.592986396825,94769.11301962964,7.924813571428558,125067.46291666671,62163.847375279474,46.031279629642775,62209.87865490911,0.0,7562.244182980593,18364.098486649033,18801.986086428573,1,LP,0.004742399993119761
q0.9,2025-12-08,0.9,6436.592986396825,6678.780306682544,100642.91408936797,0.0,124410.3539333333,64919.02879217161,0.0,64919.02879217161,0.0,8193.293010676069,23076.007230358617,18473.597268333335,0,LP,0.004482500022277236
q0.9,2025-12-09,0.9,6678.780306682544,6517.897266584658,100433.8009320987,39.59262642857141,124694.68108333329,64809.70174615868,229.973770610357,65039.675516769035,0.0,8770.26813882422,23470.87310065549,19156.201947619047,1,LP,0.004808199999388307
q0.9,2025-12-10,0.9,6517.897266584658,6656.4978013571435,100453.60560077892,0.0,124378.76451666663,64806.72989520612,0.0,64806.72989520612,0.0,7594.793778309807,22876.06776056438,18404.87440476191,0,LP,0.004663800005801022
q0.9,2025-12-11,0.9,6656.4978013571435,6896.325007608468,100487.8244237301,0.0,123787.79896666658,64881.68991712208,0.0,64881.68991712208,0.0,9980.66747414167,22789.777705064673,18243.875455476187,0,LP,0.004762899974593893
q0.9,2025-12-12,0.9,6896.325007608468,10800.0,100061.23940868894,0.0,78661.70368333337,64627.6481405807,0.0,64627.6481405807,4158.675783333332,46233.16864744857,12850.915796954727,6895.934302380952,0,LP,0.005788799986476079
q0.9,2025-12-13,0.9,10800.0,10800.0,96067.07786476192,0.0,78840.15755000003,63018.762971442186,0.0,63018.762971442186,4576.275233333333,46026.91141369487,8765.041233686059,7099.683399285714,0,LP,0.00458109998726286
q0.9,2025-12-14,0.9,10800.0,6487.131815031747,96086.20680285714,0.0,124522.58585000002,63087.76792045431,0.0,63087.76792045431,0.0,7648.116200949436,18636.57983357437,18977.211031666666,0,LP,0.004564499977277592
q0.9,2025-12-15,0.9,6487.131815031747,6604.704510526455,100871.63104250438,0.0,124305.22548333331,65086.91443482664,0.0,65086.91443482664,0.0,6773.438883542024,23804.30929658143,19175.67510428572,0,LP,0.004756100010126829
q0.9,2025-12-16,0.9,6604.704510526455,6451.78499057672,101116.0466927484,0.0,124646.94338333338,65300.472371491625,0.0,65300.472371491625,0.0,7402.25463872134,23333.306782360378,19037.60606166667,0,LP,0.004466200014576316
q0.9,2025-12-17,0.9,6451.78499057672,6654.597175391536,101514.12369727812,0.0,124466.55465000003,65483.05367373521,0.0,65483.05367373521,0.0,8766.673848068789,23016.167453733084,18460.564671190474,0,LP,0.004657400015275925
q0.9,2025-12-18,0.9,6654.597175391536,6794.270169314819,101202.21925563781,0.0,124315.3592666666,65332.81914677014,0.0,65332.81914677014,0.0,9216.646348439155,23650.52761053204,19031.22167,0,LP,0.004592100012814626
q0.9,2025-12-19,0.9,6794.270169314819,10800.0,101267.84237203121,0.0,78593.32543333336,65445.464043502085,0.0,65445.464043502085,5427.549548506759,46779.44325029983,13406.849608462662,7254.391335238094,0,LP,0.004729499982204288
q0.9,2025-12-20,0.9,10800.0,10800.0,96701.88542285713,0.0,78668.52011666668,63545.81450804733,0.0,63545.81450804733,5737.959129535566,46378.67486552029,9099.469356848913,7370.570179047619,0,LP,0.005058799986727536
q0.9,2025-12-21,0.9,10800.0,6565.531377947094,96567.28811809517,0.0,124376.4409666666,63437.68000819923,0.0,63437.68000819923,0.0,7834.057019647267,18455.110482257496,18759.661250476187,0,LP,0.005068700003903359
q0.9,2025-12-22,0.9,6565.531377947094,6357.813680489417,101309.60929290412,0.0,124718.45381666665,65392.010673750185,0.0,65392.010673750185,0.0,8135.44297068489,23282.553508409754,19045.814269523806,0,LP,0.004856200015638024
q0.9,2025-12-23,0.9,6357.813680489417,6635.480502701061,101501.54185009115,0.0,123956.6545666666,65470.87154577416,0.0,65470.87154577416,0.0,9576.964870599644,23245.180558777196,18578.696112619047,0,LP,0.005049900006270036
q0.9,2025-12-24,0.9,6635.480502701061,6537.88849541799,100838.54153160201,2.5663895238094483,123954.37128333331,65077.55331364564,14.906873549047178,65092.46018719469,0.0,8665.134763239266,23206.561304077015,18885.14746285714,1,LP,0.005460300017148256
q0.9,2025-12-25,0.9,6537.88849541799,6703.7656724417975,100904.05137810697,0.0,123789.85790000002,65158.87024589752,0.0,65158.87024589752,0.0,8603.972497627865,22833.373093812468,18345.74274666667,0,LP,0.005056899972259998
q0.9,2025-12-26,0.9,6703.7656724417975,10800.0,100772.6655131599,0.0,78270.30764999997,65069.09881080999,0.0,65069.09881080999,5279.373713018809,46276.15448144033,13278.442055605525,7068.927170238095,0,LP,0.005358099995646626
q0.9,2025-12-27,0.9,10800.0,10800.0,96235.46991428571,0.0,78409.18393333335,63192.361558889286,0.0,63192.361558889286,4706.82059014991,46573.23066705175,8508.471528512642,6891.861938095237,0,LP,0.006276200001593679
q0.9,2025-12-28,0.9,10800.0,6712.147354656084,96304.39231666668,10.026931190476034,123511.26974999998,63241.72927994476,58.24142981988004,63299.97070976464,0.0,9805.228475584947,17784.228437272206,18084.292414999996,1,LP,0.005439300002763048
q0.9,2025-12-29,0.9,6712.147354656084,6394.128997555555,100215.11126375957,0.0,123677.30638333333,64686.38195749546,0.0,64686.38195749546,0.0,8747.051532945325,22265.842029147556,18321.54856500001,0,LP,0.004631299991160631
q0.9,2025-12-30,0.9,6394.128997555555,6537.116368642858,99108.87712765724,10.29582119047609,123526.50904999998,63722.777514661,59.80327738488037,63782.58079204588,0.0,8330.201614905935,23346.737368227514,18782.168634285717,1,LP,0.00470849999692291
q0.9,2025-12-31,0.9,6537.116368642858,6232.453546986771,97730.52550192236,7.465309523809424,123791.70508333332,62769.17808008044,43.36225036904703,62812.54033044949,0.0,4771.026395846555,24182.83169345678,19862.290211190484,1,LP,0.0056406000221613795
q0.95,2025-05-01,0.95,6590.970235276456,5796.975271391532,60585.18837070104,1245.088673571424,120364.58391666667,36102.825712678125,8116.821156634613,44219.646869312746,4474.94901807026,3531.6667751146465,18562.51536096854,15750.232909880951,9,LP,0.00518410000950098
q0.95,2025-05-02,0.95,5796.975271391532,10800.0,62530.363523553795,0.0,74761.02673333335,37360.85496736342,0.0,37360.85496736342,20438.57083148148,20518.34572921516,14633.708546190484,7350.581666666666,0,LP,0.004582699999446049
q0.95,2025-05-03,0.95,10800.0,10800.0,58794.0084147766,0.0,74894.84928333333,36219.53422248142,0.0,36219.53422248142,25409.953221399177,22819.858745023514,8931.709465020574,7234.684666666665,0,LP,0.0053662999998778105
q0.95,2025-05-04,0.95,10800.0,6088.793561998677,60085.19727486627,240.44608252499975,120670.08423333336,37028.68695002246,1464.4860419829697,38493.17299200542,4046.6518367636704,6518.656581140508,11925.017896604935,13899.350290451188,5,LP,0.004798000009031966
q0.95,2025-05-05,0.95,6088.793561998677,6548.766693416667,65983.8580014315,0.0,120612.16386666658,39771.206476238665,0.0,39771.206476238665,1677.776410105825,4899.267912242803,20614.90032003527,16284.093440952383,0,LP,0.0049328999884892255
q0.95,2025-05-06,0.95,6548.766693416667,6758.686498629631,65836.83465548207,0.0,121017.19009999998,40041.32984602039,0.0,40041.32984602039,3705.870797736628,5330.743024271018,19690.582326926808,15760.443860119047,0,LP,0.0047178999811876565
q0.95,2025-05-07,0.95,6758.686498629631,6848.084066402116,66960.596888495,0.0,121160.21501666667,40752.06647644623,0.0,40752.06647644623,3548.15607422399,4625.920974085835,19148.505679947084,15429.8317897619,0,LP,0.004883599991444498
q0.95,2025-05-08,0.95,6848.084066402116,7168.003882777779,67643.76651030715,35.999250000000075,120445.47738333329,41439.75060278885,243.2289326250005,41682.97953541385,2211.9293066343307,5782.789627921815,18792.66626848912,14934.131842738094,1,LP,0.004896500002359971
q0.95,2025-05-09,0.95,7168.003882777779,10800.0,68125.57327640332,0.0,74253.82544999999,41720.05793713353,0.0,41720.05793713353,25322.970624873313,28704.320087298645,12263.685309112288,6664.788594880953,0,LP,0.004547899996396154
q0.95,2025-05-10,0.95,10800.0,10800.0,63272.653984529694,0.0,74647.98705,39545.61359503136,0.0,39545.61359503136,21925.41843641975,27741.247222943857,7815.489693856558,6330.54665202381,0,LP,0.004910599993309006
q0.95,2025-05-11,0.95,10800.0,7166.912532964286,63732.953771741624,38.79763976190486,120743.09041666662,39805.19367478715,261.29552650488165,40066.48920129204,3191.3641666666654,5758.862382986477,13722.23420446943,14384.78842595238,2,LP,0.006062399974325672
q0.95,2025-05-12,0.95,7166.912532964286,7617.198410579366,68496.59472465754,0.0,120448.60361666663,41932.6905508555,0.0,41932.6905508555,3692.3435666666664,9435.893252561724,15957.396748643449,12520.234076547615,0,LP,0.004408299981150776
q0.95,2025-05-13,0.95,7617.198410579366,7307.5074367698435,67709.57880158628,0.0,120269.63160000001,41457.092273597336,0.0,41457.092273597336,3645.6627999999996,7921.991374147566,17323.335458950616,14310.623598178565,0,LP,0.004766600002767518
q0.95,2025-05-14,0.95,7307.5074367698435,7298.05719338757,68109.11687690286,0.0,120592.00526666673,41611.99623538454,0.0,41611.99623538454,3921.9921499999996,7912.200230467367,17206.74174813786,13945.966035035714,0,LP,0.004933100019115955
q0.95,2025-05-15,0.95,7298.05719338757,7706.277006531745,67756.98132772192,0.0,119598.30981666666,41310.126398727814,0.0,41310.126398727814,3424.006027160492,7798.872045583483,17903.40599902557,14134.361027380954,0,LP,0.005522799998288974
q0.95,2025-05-16,0.95,7706.277006531745,10800.0,66898.6494263286,0.0,74681.34474999999,40892.80312725278,0.0,40892.80312725278,30782.339108230448,28585.30682288947,10690.243514494416,5874.746552619047,0,LP,0.005519600003026426
q0.95,2025-05-17,0.95,10800.0,10800.0,62531.4312360685,0.0,75274.53043333333,38922.874782766994,0.0,38922.874782766994,24071.76234156378,26578.8315878351,7537.0432807172265,6105.00505738095,0,LP,0.005706900003133342
q0.95,2025-05-18,0.95,10800.0,7363.204571981482,62207.05154586418,0.0,120687.037,38763.03470578155,0.0,38763.03470578155,2340.316994241619,6636.788713625809,13931.019069544387,14377.241331547619,0,LP,0.005243699997663498
q0.95,2025-05-19,0.95,7363.204571981482,7202.358764494713,65993.4595176455,36.47251678571445,120072.38798333333,40194.88073674907,245.9888894612511,40440.869626210326,6419.4615,9077.438502921817,16645.14056972369,13627.325088214284,1,LP,0.005095500004244968
q0.95,2025-05-20,0.95,7202.358764494713,7091.659590677253,65547.83545463847,0.0,120437.57771666667,39915.27776554667,0.0,39915.27776554667,1583.450440389473,6265.495136912108,17216.44377424162,14044.948713571423,0,LP,0.00526109998463653
q0.95,2025-05-21,0.95,7091.659590677253,7175.216214169315,66013.00933179747,0.0,120283.05128333339,40181.65279383989,0.0,40181.65279383989,5327.047579406233,6145.518952699875,16329.613448500888,13151.785932142857,0,LP,0.0067918999993707985
q0.95,2025-05-22,0.95,7175.216214169315,7884.351950174609,65917.97457394916,0.0,119729.6800166667,40213.03677924837,0.0,40213.03677924837,4253.224919876542,6904.913254636974,17394.6495808642,13451.443998095234,0,LP,0.005309500003932044
q0.95,2025-05-23,0.95,7884.351950174609,10800.0,64822.20202736182,0.0,74983.38438333334,39700.00041929126,0.0,39700.00041929126,26954.510105349797,26812.10688381246,10581.857421175777,5947.221266309522,0,LP,0.005015000002458692
q0.95,2025-05-24,0.95,10800.0,10800.0,62143.421570589366,0.0,74693.81781666666,38698.77942338923,0.0,38698.77942338923,29634.66463621398,27368.237868606706,7294.829907554378,5908.812225119047,0,LP,0.004685199994128197
q0.95,2025-05-25,0.95,10800.0,7329.991016186514,61201.34820621399,0.0,120319.87760000004,38130.898811749634,0.0,38130.898811749634,5617.3258361067,7862.906441587298,12100.59910851999,12924.493363333331,0,LP,0.004729800013592467
q0.95,2025-05-26,0.95,7329.991016186514,7551.023134082015,64240.71378729864,0.0,119407.96936666663,39370.132034623464,0.0,39370.132034623464,1999.9518539285725,4072.6650552939427,17838.605378790417,14250.341450714282,0,LP,0.004574999999022111
q0.95,2025-05-27,0.95,7551.023134082015,7152.667160346565,64359.108672791,0.0,120046.82735000004,39436.31679840942,0.0,39436.31679840942,4321.563851707821,7950.926072370666,16077.746447760133,13381.494999047614,0,LP,0.0044061999942641705
q0.95,2025-05-28,0.95,7152.667160346565,7326.896918246032,63877.32836433422,0.0,119921.84721666662,39063.91710383799,0.0,39063.91710383799,4161.190518830106,3915.7459954438555,17735.584041845967,14209.016291785712,0,LP,0.005485999980010092
q0.95,2025-05-29,0.95,7326.896918246032,7470.920454952385,64154.28249589356,17.26235642857148,120439.31426666665,39115.19891844779,116.04619109107178,39231.24510953887,2829.3219023339216,3594.228694197527,18464.47143555262,14826.600679761903,1,LP,0.004870200005825609
q0.95,2025-05-30,0.95,7470.920454952385,10800.0,64417.84289178277,0.0,74612.22448333331,39122.83867974763,0.0,39122.83867974763,26715.19712057613,25959.421094054975,11320.104315485,6173.112905,0,LP,0.004810100013855845
q0.95,2025-05-31,0.95,10800.0,10703.010023412699,60783.316895169,0.0,74778.33258333332,37645.29296418588,0.0,37645.29296418588,24850.267430452674,26139.27551771018,7852.017768077596,6447.425371071426,0,LP,0.004819000023417175
q0.95,2025-06-01,0.95,10703.010023412699,5243.9095734722205,61597.92208130218,7106.902313207139,128248.56003333337,38057.02550374096,46620.139338787885,84677.16484252883,0.0,37.89629071428544,12396.274782849796,14954.172979054763,21,LP,0.004676799988374114
q0.95,2025-06-02,0.95,5243.9095734722205,5530.238120869048,73670.58042316684,3402.468078424995,128080.53698333332,44626.84559234032,22837.39665295483,67464.24224529517,229.60386666666682,3957.163213168722,20988.306732101708,16742.832760345245,12,LP,0.00532639998709783
q0.95,2025-06-03,0.95,5530.238120869048,6299.838807132277,78807.40965704719,125.76225761904709,128076.84056666664,48600.24224278925,847.6899083998178,49447.932151189074,983.320733333333,4936.184145290854,21729.787289851563,16908.487087142857,4,LP,0.004604599991580471
q0.95,2025-06-04,0.95,6299.838807132277,6741.223408976193,81420.36110695898,0.0,128539.84358333335,50962.63451398699,0.0,50962.63451398699,186.21663333333322,7540.430668652268,19216.87814024839,15168.425151941663,0,LP,0.004838599998038262
q0.95,2025-06-05,0.95,6741.223408976193,7244.316930702384,84021.32219622722,9.63310452380938,128455.92066666663,52983.61857857083,65.13423623773711,53048.75281480856,543.4751166666667,8012.7044868886,20382.492163029096,16057.034482499997,1,LP,0.004812500003026798
q0.95,2025-06-06,0.95,7244.316930702384,10800.0,86366.31824900207,0.0,82747.41500000002,54851.66086560428,0.0,54851.66086560428,12833.086,37287.373751743085,11530.254394163727,6139.391296904762,0,LP,0.004685299994889647
q0.95,2025-06-07,0.95,10800.0,10800.0,86054.95513273367,0.0,83156.75974999997,55828.83589279639,0.0,55828.83589279639,11387.145033333329,42117.84053601704,7491.875772192827,6068.419375476191,0,LP,0.005328400002326816
q0.95,2025-06-08,0.95,10800.0,8106.728694924602,89366.0889825573,0.0,128266.94665,58313.391703151596,0.0,58313.391703151596,1846.0099666666663,22551.00365602586,11621.55930403146,11837.407210833335,0,LP,0.0048279000038746744
q0.95,2025-06-09,0.95,8106.728694924602,8199.188645242066,91491.64626106556,0.0,128169.18798333328,58908.50283620992,0.0,58908.50283620992,1166.377460898002,15889.818681690185,17997.49173609641,14494.754350952377,0,LP,0.004602599976351485
q0.95,2025-06-10,0.95,8199.188645242066,8232.255373390213,91742.63230254114,0.0,127414.49178333324,59089.767897117075,0.0,59089.767897117075,593.9374999999995,15966.967599272482,18597.48902422105,15034.20605428571,0,LP,0.004772000014781952
q0.95,2025-06-11,0.95,8232.255373390213,8372.206486988096,92208.31809702677,0.0,128236.67731666668,59390.35342322923,0.0,59390.35342322923,0.0,11839.528914979433,21886.24664811874,17601.9037827381,0,LP,0.005682600021827966
q0.95,2025-06-12,0.95,8372.206486988096,8688.993042437834,93228.50672541006,0.0,127721.81298333338,60375.35846510972,0.0,60375.35846510972,541.7576999999998,16465.76933904468,18334.10712172252,14565.51886869048,0,LP,0.004757000016979873
q0.95,2025-06-13,0.95,8688.993042437834,10800.0,93083.63315760875,0.0,81889.59039999997,60431.902726266075,0.0,60431.902726266075,13716.08029855967,47340.260558752205,9379.328097320693,5697.349497023813,0,LP,0.00498709999374114
q0.95,2025-06-14,0.95,10800.0,10800.0,90379.54391428574,0.0,82253.15711666664,59245.72765318411,0.0,59245.72765318411,15978.504666666662,46932.26615986772,6712.791251322749,5437.360913571429,0,LP,0.00483890000032261
q0.95,2025-06-15,0.95,10800.0,8493.057819527778,89674.80528333333,0.0,127368.8845166667,58640.96349344004,0.0,58640.96349344004,441.1485499999999,17734.1345633789,15519.977889716345,14647.430053095237,0,LP,0.0054979000124149024
q0.95,2025-06-16,0.95,8493.057819527778,8388.92963936905,92965.4476286993,0.0,127618.63201666664,60265.04928809919,0.0,60265.04928809919,374.67780000000016,16457.651493788948,18593.583580981776,15154.518062738101,0,LP,0.005592900008196011
q0.95,2025-06-17,0.95,8388.92963936905,8005.522282927248,93366.02463212967,0.0,127311.7546,60519.6197083802,0.0,60519.6197083802,292.39985,15448.590201384492,17542.578867768963,14554.555503690473,0,LP,0.004860099987126887
q0.95,2025-06-18,0.95,8005.522282927248,8422.814007424602,94288.71813928719,0.0,126909.07891666662,61120.09391255917,0.0,61120.09391255917,104.2180666666668,19772.018862545567,16360.672410670195,12876.582100595238,0,LP,0.0048605999909341335
q0.95,2025-06-19,0.95,8422.814007424602,8363.667024620374,93080.82416381389,0.0,127349.06689999993,60269.90387254443,0.0,60269.90387254443,1832.3721666666663,19749.758485007347,17328.534719282776,14089.345407142862,0,LP,0.004859500011662021
q0.95,2025-06-20,0.95,8363.667024620374,10800.0,92566.88875597733,0.0,81137.07971666669,59848.327105634664,0.0,59848.327105634664,17971.086850000003,48251.04366605823,9218.303747776306,5274.126357857146,0,LP,0.005173599987756461
q0.95,2025-06-21,0.95,10800.0,10800.0,89010.60456666669,0.0,81408.06479999995,58022.81718791055,0.0,58022.81718791055,20959.28605,47367.752072808646,7099.08444135802,5750.258397499999,0,LP,0.005410299985669553
q0.95,2025-06-22,0.95,10800.0,8207.444352662698,88030.80423095239,0.0,126539.46191666664,57370.93406719388,0.0,57370.93406719388,799.1637166666666,19457.176761374183,13949.593344816283,13632.470691904766,0,LP,0.004475299996556714
q0.95,2025-06-23,0.95,8207.444352662698,8292.111006419309,90452.46740212079,0.0,126690.87308333331,58169.706111276006,0.0,58169.706111276006,1603.1880666666673,18272.118126603484,18103.553791945906,14587.67858309524,0,LP,0.004228400008287281
q0.95,2025-06-24,0.95,8292.111006419309,8163.5850161812195,89292.25877883162,0.0,127112.84501666667,57373.967265058374,0.0,57373.967265058374,0.0,8908.191523568497,22268.14945514403,18152.874449880946,0,LP,0.0042569999932311475
q0.95,2025-06-25,0.95,8163.5850161812195,8367.854820546296,90291.43120344944,0.0,126310.40843333337,58085.4933065809,0.0,58085.4933065809,532.7261499999998,15563.851999526756,18808.362438565542,15050.930751309514,0,LP,0.0046697000216227025
q0.95,2025-06-26,0.95,8367.854820546296,8213.616099620369,89982.01560082159,0.0,126697.44536666665,57932.680754512076,0.0,57932.680754512076,835.1091499999998,18341.57874822458,17877.67746366843,14619.733594404765,0,LP,0.004661400016630068
q0.95,2025-06-27,0.95,8213.616099620369,10800.0,90001.26046502501,0.0,79563.255,57921.5465762947,0.0,57921.5465762947,19899.676033333333,46153.24750951056,9731.292343014398,5554.601287499998,0,LP,0.005292599991662428
q0.95,2025-06-28,0.95,10800.0,10800.0,86751.93843523812,0.0,80661.57279999995,56521.13172924486,0.0,56521.13172924486,18427.001233333336,45303.605090027915,6549.505237948264,5305.099242738095,0,LP,0.004588299983879551
q0.95,2025-06-29,0.95,10800.0,8430.245143152115,87090.78862476198,0.0,126384.80871666662,56806.52386333473,0.0,56806.52386333473,170.22221666666678,17100.59751490006,14131.472268552325,13579.271908690474,0,LP,0.004727899999124929
q0.95,2025-06-30,0.95,8430.245143152115,7699.698350507938,87217.0130937963,0.0,125947.32058333333,55923.85445008609,0.0,55923.85445008609,271.04076666666606,14492.108944631102,17019.323750236625,14443.144351071429,0,LP,0.004878599982475862
q0.95,2025-07-01,0.95,7699.698350507938,5340.4948418624335,86217.7500006261,1184.3921476190449,141546.85106666663,54823.337379364835,7233.084557064147,62056.42193642898,564.7078833333333,6455.080712573489,19153.119351504996,17637.309832500006,17,LP,0.00505530001828447
q0.95,2025-07-02,0.95,5340.4948418624335,5842.1872821626985,89624.15572091563,681.893348983334,141198.65821666675,56275.709277979724,4390.058320954868,60665.7675989346,2104.264543910942,11250.754829883892,18919.684911406523,14873.421581969047,14,LP,0.0046196999901439995
q0.95,2025-07-03,0.95,5842.1872821626985,6289.925967410052,90065.76783679453,353.14710384285274,141565.53863333337,56704.91116747377,2033.7296257958683,58738.64079326965,1023.6948833333333,5193.123417669016,21256.38362936361,16814.70592306191,7,LP,0.0048467000015079975
q0.95,2025-07-04,0.95,6289.925967410052,10800.0,92086.35074643741,0.0,95795.06574999998,58205.91260641025,0.0,58205.91260641025,20410.34345762786,36229.51168324809,13192.428997704294,6626.8008588095245,0,LP,0.004941699997289106
q0.95,2025-07-05,0.95,10800.0,10800.0,88393.49553474132,0.0,95872.83490000002,57124.209601649694,0.0,57124.209601649694,21030.356633333344,37077.16327695033,7873.135041005288,6377.239383214282,0,LP,0.004838299995753914
q0.95,2025-07-06,0.95,10800.0,7484.718415246038,89375.27013009693,0.0,141244.57465000002,57796.208095066184,0.0,57796.208095066184,745.4801398927111,8657.639867773369,16641.694730049974,16463.526157619046,0,LP,0.004658899997593835
q0.95,2025-07-07,0.95,7484.718415246038,7953.14563971561,94926.71582110816,0.0,141495.39414999998,60790.56648082461,0.0,60790.56648082461,2022.1912666666667,15908.091676366845,16659.818996765138,13072.868885357138,0,LP,0.004612499993527308
q0.95,2025-07-08,0.95,7953.14563971561,8273.035751183863,94769.49741473836,0.0,141285.22700000004,60821.61354868199,0.0,60821.61354868199,2603.537333333333,12727.224771562318,18839.195751866548,14971.847458690481,0,LP,0.005463700013933703
q0.95,2025-07-09,0.95,8273.035751183863,8570.041978802912,93868.96280394767,0.0,140590.70496666664,60421.07978081561,0.0,60421.07978081561,1654.8355,14546.111188342147,17589.3973372722,13980.106238333332,0,LP,0.004546900017885491
q0.95,2025-07-10,0.95,8570.041978802912,8538.24907631614,92594.68436059963,0.0,140463.54224999994,59589.668329912645,0.0,59589.668329912645,1955.2533533774315,14446.288621527041,17727.013761052316,14387.49475869047,0,LP,0.004759400006150827
q0.95,2025-07-11,0.95,8538.24907631614,10800.0,91581.37522416079,0.0,94741.08839999996,58912.857945989825,0.0,58912.857945989825,16421.173287645506,38671.53098415931,10180.620900213105,6210.727097857143,0,LP,0.005058899987488985
q0.95,2025-07-12,0.95,10800.0,10800.0,89563.42041621693,0.0,95318.37109999993,58151.486881950885,0.0,58151.486881950885,18682.914166666666,38388.91462503087,7407.096269400342,5999.747978214283,0,LP,0.004587200004607439
q0.95,2025-07-13,0.95,10800.0,8383.045794490741,89899.80272894472,0.0,139893.36648333335,58407.64333426937,0.0,58407.64333426937,4443.081899732508,15692.728182353028,14060.689641144916,13564.417394285709,0,LP,0.004762299999129027
q0.95,2025-07-14,0.95,8383.045794490741,8306.729199464287,91018.55307541102,0.0,141062.42346666663,58407.70217964061,0.0,58407.70217964061,2168.0557417695463,14012.469494872148,16310.702934876543,13280.354312773805,0,LP,0.004507200006628409
q0.95,2025-07-15,0.95,8306.729199464287,8710.92679332672,90791.72024356252,0.0,139545.1626666667,58316.68479042856,0.0,58316.68479042856,632.1819333333337,13848.887733740301,16830.642940417405,13269.042947261905,0,LP,0.004871999990427867
q0.95,2025-07-16,0.95,8710.92679332672,8698.253142003972,89988.72920501631,0.0,140365.26538333335,57698.50441471921,0.0,57698.50441471921,1842.8113833333327,12852.32375030277,16686.5103907231,13527.479702676186,0,LP,0.004915400000754744
q0.95,2025-07-17,0.95,8698.253142003972,8508.57931695106,89789.0140199397,0.0,139569.1592833334,57526.1906593558,0.0,57526.1906593558,1891.6423499999996,11826.220988977075,18533.90029917695,15183.165684880949,0,LP,0.004657499986933544
q0.95,2025-07-18,0.95,8508.57931695106,10800.0,90200.9425316857,0.0,93698.07319999997,57784.332542048855,0.0,57784.332542048855,16709.89419404027,38314.02265423867,9686.836677172243,5784.059093765474,0,LP,0.005158200016012415
q0.95,2025-07-19,0.95,10800.0,10800.0,87488.54229562978,0.0,94564.52239999994,56636.74723601247,0.0,56636.74723601247,21494.74760019473,37451.4308793886,7155.498768665488,5795.954002619048,0,LP,0.004605499998433515
q0.95,2025-07-20,0.95,10800.0,8500.089988723545,86908.8519937338,0.0,138750.53876666672,56257.892085054926,0.0,56257.892085054926,1656.032694354042,12435.057963374484,14724.748049933864,13996.964930595237,0,LP,0.004721200006315485
q0.95,2025-07-21,0.95,8500.089988723545,8501.862587797621,89871.40640627577,0.0,138442.8198,57486.148295369036,0.0,57486.148295369036,987.6135500000003,11446.10593751764,18138.643313639033,14690.705744880952,0,LP,0.004798399982973933
q0.95,2025-07-22,0.95,8501.862587797621,8448.294656924605,90230.43403137366,0.0,139514.85881666662,57702.73823297664,0.0,57702.73823297664,985.6724071502144,12044.673641175776,18174.49739035125,14769.554023970233,0,LP,0.00449230000958778
q0.95,2025-07-23,0.95,8448.294656924605,8452.976706448413,89548.30689924448,0.0,139450.03365000003,57243.48784384286,0.0,57243.48784384286,1530.926756400647,10126.720899057913,19315.254118672834,15641.14199155357,0,LP,0.004611100011970848
q0.95,2025-07-24,0.95,8452.976706448413,8924.76998917328,89551.03140892311,0.0,138902.21751666671,57349.1183749602,0.0,57349.1183749602,982.7718333333332,11053.423466181672,18282.895552398575,14384.531442990468,0,LP,0.00472479997552
q0.95,2025-07-25,0.95,8924.76998917328,10800.0,89280.00085708877,0.0,92354.83968333332,57250.32279782327,0.0,57250.32279782327,20339.339608683447,38932.86822844209,9551.402334487067,6048.928881190476,0,LP,0.004960799997206777
q0.95,2025-07-26,0.95,10800.0,10800.0,86508.18695896979,0.0,93187.68993333334,55957.47637865644,0.0,55957.47637865644,18432.39075616265,38103.77361559671,7910.163266019985,6407.232245476189,0,LP,0.005196500016609207
q0.95,2025-07-27,0.95,10800.0,8587.006156395506,86713.82938687784,0.0,138110.19628333335,56035.64314106093,0.0,56035.64314106093,654.0590333333334,10895.12149323633,18269.22905027484,16789.769989966662,0,LP,0.004690300003858283
q0.95,2025-07-28,0.95,8587.006156395506,8378.51317755952,89383.37546094353,0.0,138228.99843333327,57294.476336805754,0.0,57294.476336805754,137.77716666666674,7659.1057111816635,20101.363319548782,16469.7479697869,0,LP,0.004954000003635883
q0.95,2025-07-29,0.95,8378.51317755952,8353.31561093254,90646.74230984708,0.0,138314.74511666666,58128.06087926687,0.0,58128.06087926687,397.3654666666664,10579.250661247794,19071.35811524692,15470.477883314288,0,LP,0.005002899997634813
q0.95,2025-07-30,0.95,8353.31561093254,8182.901246920632,89964.17895420632,0.0,138424.36443333334,57596.64395434949,0.0,57596.64395434949,1880.9367999999997,10635.857878816867,18407.911331579955,15063.781106190476,0,LP,0.00452919999952428
q0.95,2025-07-31,0.95,8182.901246920632,7578.785088554234,88753.05344568632,0.0,137423.31371666663,56798.41350449913,0.0,56798.41350449913,843.0444833333333,10205.474498981475,18701.27757491918,15691.739378214286,0,LP,0.0045467999880202115
q0.95,2025-08-01,0.95,7578.785088554234,10800.0,88330.60035550995,0.0,92719.4241,56341.8609479651,0.0,56341.8609479651,25779.3508,36274.42653501912,11191.42070275279,6165.957348928569,0,LP,0.004384799976833165
q0.95,2025-08-02,0.95,10800.0,10780.462233201059,83975.56713215704,0.0,91562.24421666664,54282.3600325424,0.0,54282.3600325424,25782.883983333337,35781.32081459976,7904.84942636684,6420.51202547619,0,LP,0.005089399986900389
q0.95,2025-08-03,0.95,10780.462233201059,6598.255593097884,82928.99795293255,40.939937142856934,138062.48614999998,53613.91791878789,275.9368538907129,53889.8547726786,6522.144924056438,15148.90834334362,11702.055870709877,13242.651231367854,4,LP,0.004537100001471117
q0.95,2025-08-04,0.95,6598.255593097884,7157.891018082009,85413.84897398998,0.0,138312.10694999996,53999.51010026148,0.0,53999.51010026148,4594.358065136686,11652.882328872727,17090.955864007927,13340.002367360714,0,LP,0.004960499994922429
q0.95,2025-08-05,0.95,7157.891018082009,7108.854960908731,82859.16757920114,0.0,136458.4972833334,52424.17265459974,0.0,52424.17265459974,4375.699422151677,10007.182034606116,17726.888634557617,14402.912245447615,0,LP,0.004677699995227158
q0.95,2025-08-06,0.95,7108.854960908731,7237.063001671959,81288.27460080392,0.0,136716.0878,51376.70180184462,0.0,51376.70180184462,2836.5534605731946,6692.622116372722,18575.32905528659,14930.629298095238,0,LP,0.005297800002153963
q0.95,2025-08-07,0.95,7237.063001671959,7369.16696733201,80336.19878633447,0.0,136850.75446666667,50833.14404992758,0.0,50833.14404992758,4869.00760308642,8403.945493521454,18717.720371750438,15042.459932023807,0,LP,0.004709000000730157
q0.95,2025-08-08,0.95,7369.16696733201,10800.0,78514.57697933272,0.0,90703.2161166667,49777.77797192404,0.0,49777.77797192404,28375.164568930035,28929.723504529687,12351.410139325399,6916.892483452381,0,LP,0.004921599989756942
q0.95,2025-08-09,0.95,10800.0,10800.0,73923.0907755776,0.0,90303.83175,47755.08798782379,0.0,47755.08798782379,25642.997679629632,27732.044495066144,8558.524215167547,6932.404614285712,0,LP,0.005345199984731153
q0.95,2025-08-10,0.95,10800.0,6908.866946304235,73602.18248430778,29.256843095237855,136535.4447166666,47529.64894930472,203.0774835524388,47732.72643285716,2334.6420730923,6951.881593245151,13380.612417851265,14340.315806785717,2,LP,0.004774899978656322
q0.95,2025-08-11,0.95,6908.866946304235,6856.8273726944435,78511.9870550485,38.69002166666655,136422.26351666663,49600.83071001532,260.8287810658326,49861.65949108115,3694.7655999999997,6700.80559861847,19161.516636906224,15567.664092142857,1,LP,0.004933899996103719
q0.95,2025-08-12,0.95,6856.8273726944435,6976.821357526457,78596.52879290268,39.7507672619048,136637.59669999994,49621.84518879811,267.9490218498812,49889.794210648004,2479.954883333333,4825.588476900364,18222.094545169013,14651.901995238093,5,LP,0.004718200012575835
q0.95,2025-08-13,0.95,6976.821357526457,7347.924520330689,79231.80725135216,0.0,136547.99718333327,50139.94507885965,0.0,50139.94507885965,2521.2331352719057,6790.774773434745,18235.931821693128,14437.111929047616,0,LP,0.004538199980743229
q0.95,2025-08-14,0.95,7347.924520330689,6954.845030734128,78644.2281816667,21.904511309523627,135936.05536666667,49786.311004918585,152.80587089523684,49939.11687581382,3103.9947999999995,6265.990198805121,19598.043428813937,16228.18671797619,1,LP,0.004834899998968467
q0.95,2025-08-15,0.95,6954.845030734128,10800.0,79495.36523793284,0.0,89968.05776666665,50251.42732096567,0.0,50251.42732096567,27666.338189113045,28742.527679326875,12979.647441159615,7052.874954999999,0,LP,0.004791899991687387
q0.95,2025-08-16,0.95,10800.0,10800.0,75417.60397626733,0.0,90183.53035000002,48587.43948959506,0.0,48587.43948959506,28040.271951940485,28832.5679445238,8502.545858612582,6887.062145476188,0,LP,0.004706699983216822
q0.95,2025-08-17,0.95,10800.0,6987.460393669313,75147.01369410101,39.66357071428547,135369.11649999995,48457.44730445366,267.0640940830341,48724.5113985367,4404.110581027337,8339.959628713996,14255.25833739418,14978.044898986902,2,LP,0.00573679999797605
q0.95,2025-08-18,0.95,6987.460393669313,7024.179999800264,78994.3665724559,27.110843809524,135710.1747166666,50024.07220091302,182.81629403166795,50206.88849494469,2981.381831069959,7957.445575679021,19239.403933325983,15550.86954047619,2,LP,0.004746399994473904
q0.95,2025-08-19,0.95,7024.179999800264,6936.1279764272485,79014.74434698785,86.5113835714285,135364.48288333326,50120.70133237278,583.6388957086305,50704.34022808141,4457.315000050723,7055.939562608763,17629.410204923584,14359.069087023809,3,LP,0.004503799980739132
q0.95,2025-08-20,0.95,6936.1279764272485,7184.479585370373,78563.31993067605,435.4851488095223,135048.05366666662,49850.110195133035,2189.8572782315396,52039.96747336459,466.4768176410953,3597.893878318643,21369.61509900205,17085.871782142858,4,LP,0.0046984000073280185
q0.95,2025-08-21,0.95,7184.479585370373,7408.170483194443,79518.3032920341,0.0,134971.79889999994,50522.37365890484,0.0,50522.37365890484,2735.7659941269876,7368.261653608173,17729.1334364418,14159.276275476186,0,LP,0.004620499996235594
q0.95,2025-08-22,0.95,7408.170483194443,10800.0,79171.27161147563,0.0,90531.73040000003,50290.10623725868,0.0,50290.10623725868,24713.353117948263,27831.584843615532,12332.198340983248,6936.434091071428,0,LP,0.004868999996688217
q0.95,2025-08-23,0.95,10800.0,10800.0,76011.44978113902,0.0,89697.14623333332,49154.01541112355,0.0,49154.01541112355,22745.928050640807,29153.793956875346,8324.85065064668,6743.1290270238105,0,LP,0.004744900012155995
q0.95,2025-08-24,0.95,10800.0,7327.570761025131,76817.85518559229,0.0,135068.0714,49676.40376485209,0.0,49676.40376485209,4946.878750000001,8491.35418864344,14585.363572067903,14939.330808452383,0,LP,0.004668799985665828
q0.95,2025-08-25,0.95,7327.570761025131,7267.046279199735,80671.44395956495,0.0,134511.61374999996,51330.94507717445,0.0,51330.94507717445,1273.3291833333335,4947.767134800119,19640.69820214579,15963.437577380952,0,LP,0.004867199982982129
q0.95,2025-08-26,0.95,7267.046279199735,7389.813301355823,81740.30638925631,0.0,134368.9639333333,51973.645302995545,0.0,51973.645302995545,2965.0269500000013,9554.77498723544,18848.39867761611,15156.71260892857,0,LP,0.005088900012196973
q0.95,2025-08-27,0.95,7389.813301355823,7227.508969509261,81574.9120672031,0.0,133788.38209999996,51977.000016439284,0.0,51977.000016439284,2843.295566666667,7209.364980148442,19758.823959911813,16150.721306190475,0,LP,0.005135000013979152
q0.95,2025-08-28,0.95,7227.508969509261,7349.995374948416,81363.45746075836,9.513310595238067,134543.81656666673,51868.908835435104,64.15057311952363,51933.05940855463,1197.7751574970648,5465.134817589648,20168.568673885944,16226.302860952383,2,LP,0.005148299998836592
q0.95,2025-08-29,0.95,7349.995374948416,10800.0,82537.33793219815,0.0,88328.33255000002,52733.00960564547,0.0,52733.00960564547,23042.36566871399,31367.315687400056,12986.484544935327,7414.04831885119,0,LP,0.004811399994650856
q0.95,2025-08-30,0.95,10800.0,10800.0,78862.59244512065,0.0,89025.08758333338,51299.80776459401,0.0,51299.80776459401,28681.63713168002,30085.712979816293,8329.06579100529,6746.543290714286,0,LP,0.004629800008842722
q0.95,2025-08-31,0.95,10800.0,7342.946790100533,78339.50327212375,0.0,133365.3598333333,50931.970869846606,0.0,50931.970869846606,3395.7450666666673,8673.703688312764,14393.575382739564,14770.143948928568,0,LP,0.004360899998573586
q0.95,2025-09-01,0.95,7342.946790100533,10255.467662681216,82479.55802921856,0.0,121263.61926666668,52691.23315728407,0.0,52691.23315728407,5519.156890858324,17332.741855435044,18064.5050751014,12010.980325509523,0,LP,0.004937999998219311
q0.95,2025-09-02,0.95,10255.467662681216,9740.199789343915,76709.20173674749,0.0,121532.82415000007,49458.9598611385,0.0,49458.9598611385,4674.1679043680215,15299.404086869488,16534.815692176657,13856.941796666666,0,LP,0.004564500006381422
q0.95,2025-09-03,0.95,9740.199789343915,9197.435252078045,75508.89211219136,0.0,121433.71643333333,48385.18043164868,0.0,48385.18043164868,5348.448292955615,12310.66391995297,14687.109120116116,12385.046470833331,0,LP,0.005366099998354912
q0.95,2025-09-04,0.95,9197.435252078045,8783.204464723545,74020.71773236185,0.0,121061.17303333328,47084.052337031135,0.0,47084.052337031135,5294.285137319229,11965.669045799525,16884.240567695466,14049.042568452378,0,LP,0.004694600007496774
q0.95,2025-09-05,0.95,8783.204464723545,10800.0,71997.99605006611,0.0,75132.98044999999,45629.16523509574,0.0,45629.16523509574,29150.506748011467,32189.687204490005,10623.286574469428,6789.746143571428,0,LP,0.00493520000600256
q0.95,2025-09-06,0.95,10800.0,10800.0,67489.27828854349,0.0,75826.37416666665,43129.47471704029,0.0,43129.47471704029,28068.547495061724,30101.224739639918,8412.749230746622,6814.326876904761,0,LP,0.004798599984496832
q0.95,2025-09-07,0.95,10800.0,7481.014527355819,65918.36849892855,0.0,120781.00903333336,42007.06924263358,0.0,42007.06924263358,3200.528016666666,7925.585649075548,14833.46390473398,15002.192688214285,0,LP,0.004940900020301342
q0.95,2025-09-08,0.95,7481.014527355819,6573.186314562168,67608.84716090978,0.0,121400.59243333335,42077.497722917986,0.0,42077.497722917986,2296.0185632525026,3276.2015174941207,18200.54178075838,15559.484233928564,0,LP,0.004790500010130927
q0.95,2025-09-09,0.95,6573.186314562168,6978.94926506614,69935.73261151234,0.0,121082.23558333333,43402.80215008034,0.0,43402.80215008034,6386.7658,6543.278029845686,18619.30452392857,14716.450008928567,0,LP,0.004638699989300221
q0.95,2025-09-10,0.95,6978.94926506614,6841.094312121695,69053.70837903881,0.0,121274.78848333338,42992.09075870672,0.0,42992.09075870672,0.0,3847.2382360479223,21129.162898109927,17238.691405119047,0,LP,0.004769999999552965
q0.95,2025-09-11,0.95,6841.094312121695,7105.279697119051,70352.73024176512,3.8912283333334017,120746.77835000001,43782.756418900004,26.230770195000463,43808.98718909501,5809.88039679601,7182.941295912693,19104.984987151667,15237.270993095233,1,LP,0.005898999981582165
q0.95,2025-09-12,0.95,7105.279697119051,10800.0,69871.72574966637,0.0,75687.22711666669,43610.6539061267,0.0,43610.6539061267,25764.341541328642,26690.44362371841,13368.611115928858,7503.32673130952,0,LP,0.004757299990160391
q0.95,2025-09-13,0.95,10800.0,10800.0,66448.32132021608,0.0,75063.58311666665,42376.73161576687,0.0,42376.73161576687,29687.193317951213,27039.295823953566,9024.898394620808,7310.167699642856,0,LP,0.0047651999921072274
q0.95,2025-09-14,0.95,10800.0,6695.5283653902125,66509.2023657231,0.0,121237.69566666667,42449.65690275458,0.0,42449.65690275458,2058.3044333333346,5213.215266613762,14907.275720656962,15768.917804880948,0,LP,0.005165100010344759
q0.95,2025-09-15,0.95,6695.5283653902125,6810.942546354498,71993.03868625661,1.1717666666667128,120760.02988333338,44950.60305691832,7.89360615000031,44958.49666306832,4815.788239241626,8315.709953621397,19430.572967679305,15634.891340952376,1,LP,0.00577829999383539
q0.95,2025-09-16,0.95,6810.942546354498,6539.662111391534,71203.73699850382,8.238266666666732,121843.35746666664,44580.1586884373,55.38174766666711,44635.54043610396,3433.9245833333325,5014.849833681662,18503.06976994121,15231.638905119044,1,LP,0.004665399988880381
q0.95,2025-09-17,0.95,6539.662111391534,6688.300710982804,72620.02146286888,7.62916666666672,120924.79499999994,45323.9003615707,34.70889375000024,45358.6092553207,2742.880900000001,6020.39926778219,19844.61748484862,15940.365423095238,1,LP,0.005118100001709536
q0.95,2025-09-18,0.95,6688.300710982804,6570.789424648147,71835.05628541889,0.0,120804.1163666667,44850.73690517091,0.0,44850.73690517091,2562.031185001474,6666.331838478845,19770.538436700463,16119.896291428571,0,LP,0.004802000010386109
q0.95,2025-09-19,0.95,6570.789424648147,10800.0,72777.00651042475,0.0,75287.12646666665,45455.88098767209,0.0,45455.88098767209,22333.287008348027,27906.94855668871,13837.521636340385,7402.103007619047,0,LP,0.004760300013003871
q0.95,2025-09-20,0.95,10800.0,10800.0,68752.90743111848,0.0,75330.72763333337,43956.523964397624,0.0,43956.523964397624,22865.991580690763,28484.41502427543,9247.721541152265,7490.654448333335,0,LP,0.004647199995815754
q0.95,2025-09-21,0.95,10800.0,6806.489808575396,69868.7424040168,0.0,120862.2829833333,44710.18461325266,0.0,44710.18461325266,4126.79931770135,8553.911564006476,13130.016901356561,14229.472862380951,0,LP,0.005135299987159669
q0.95,2025-09-22,0.95,6806.489808575396,6655.6360213571415,74029.64912812752,14.225873333333539,121218.04173333335,46377.73573977857,95.88167571000139,46473.617415488574,3237.9126499999993,6791.746431281609,18610.33918601264,15210.143149166666,2,LP,0.004487099999096245
q0.95,2025-09-23,0.95,6655.6360213571415,6767.495620275133,74641.0468362654,6.375,121182.28133333329,46709.93806517252,42.996187500000005,46752.93425267252,2691.065301015581,6009.754846713706,19627.960348298064,15797.974243095237,1,LP,0.0044501000083982944
q0.95,2025-09-24,0.95,6767.495620275133,6988.002228720897,74954.81418374483,0.0,121014.19341666662,47112.93385289094,0.0,47112.93385289094,2895.5010933054073,7093.186995534989,19497.07919633304,15594.178201428573,0,LP,0.004433099995367229
q0.95,2025-09-25,0.95,6988.002228720897,6838.682317648148,74719.9844684112,8.596528690476362,120546.34715000007,46978.56681464992,57.88042767297735,47036.4472423229,3368.4020999999993,7643.803889057916,18501.652778996184,15120.726670952385,1,LP,0.004731900000479072
q0.95,2025-09-26,0.95,6838.682317648148,10800.0,74733.90420450909,0.0,74194.35371666666,46897.19938778627,0.0,46897.19938778627,20716.05732247502,30197.765478109948,13477.11573582892,7351.277831904763,0,LP,0.004591799981426448
q0.95,2025-09-27,0.95,10800.0,10800.0,70572.73104010879,0.0,75945.77174999997,45250.66115647319,0.0,45250.66115647319,22401.335940893594,28594.03037531746,9347.697231040562,7571.634757142858,0,LP,0.004639699996914715
q0.95,2025-09-28,0.95,10800.0,6888.909173650794,70901.410626117,5.868333333333339,120389.61958333332,45406.29234557961,39.56136916666671,45445.85371474628,1108.8938999999993,6810.170639298947,15897.721037889482,16397.13578440476,1,LP,0.004789300000993535
q0.95,2025-09-29,0.95,6888.909173650794,6883.374034160055,76072.72218039687,25.61999238095234,121111.41479999997,47817.97357695651,132.8859629123809,47950.85953986889,1950.6548666666663,7628.988779345984,19809.413433193702,16050.606506428574,2,LP,0.004843100003199652
q0.95,2025-09-30,0.95,6883.374034160055,6975.448274787035,76484.07653027188,31.411150000000134,120916.45506666665,48146.05553520047,212.2294349750009,48358.28497017547,1352.3313166666665,5715.003068528808,20753.21953602881,16727.24100761905,1,LP,0.0047469999990426
q0.95,2025-10-01,0.95,6975.448274787035,8700.459775884921,76983.57977747645,0.0,117218.45471666665,48537.63500401548,0.0,48537.63500401548,8021.521133333333,14344.59612455174,17912.792817210466,12956.851830952382,0,LP,0.005043300014222041
q0.95,2025-10-02,0.95,8700.459775884921,8732.56237350397,73490.6544119474,0.0,117231.7097833333,46548.32175805735,0.0,46548.32175805735,6272.079196090535,12163.844325022046,17342.397033215755,14018.449259047622,0,LP,0.004669699992518872
q0.95,2025-10-03,0.95,8732.56237350397,10800.0,72210.37736155643,0.0,71524.19113333334,45574.04844575563,0.0,45574.04844575563,28065.44944921223,32435.33595245884,10693.391558099647,6800.953298214286,0,LP,0.004460099997231737
q0.95,2025-10-04,0.95,10800.0,10800.0,68492.20177573782,0.0,72397.41483333331,43639.50257619494,0.0,43639.50257619494,23383.72607733245,30307.67619537478,8972.721419459138,7267.904349761906,0,LP,0.004825899988645688
q0.95,2025-10-05,0.95,10800.0,7723.599128742063,67788.88072576722,0.0,117604.42090000003,43087.59574057133,0.0,43087.59574057133,4791.655926343331,8260.480667863025,14576.546573822752,14575.763508928572,0,LP,0.004943599982652813
q0.95,2025-10-06,0.95,7723.599128742063,7277.004888768521,69785.98467632275,0.0,117896.13613333333,43471.89632160856,0.0,43471.89632160856,3178.935250088182,5784.220740380662,18377.127641211053,15287.408205357147,0,LP,0.004871700017247349
q0.95,2025-10-07,0.95,7277.004888768521,7316.281212637567,68803.27463173133,0.0,117357.17863333324,42630.353511212576,0.0,42630.353511212576,2687.2765166666672,4542.329041690178,19825.038852064958,16022.932778690478,0,LP,0.004937500023515895
q0.95,2025-10-08,0.95,7316.281212637567,7071.082637902118,67591.66671888447,0.0,117391.06235000005,41719.8405195232,0.0,41719.8405195232,3459.9803500000003,4216.918951922398,19247.107723985897,15810.835973690471,0,LP,0.005171600001631305
q0.95,2025-10-09,0.95,7071.082637902118,7068.003541929895,68051.9940101205,0.0,117432.9897333333,41975.10462016355,0.0,41975.10462016355,4180.183718093767,4400.55670316873,19547.595220524694,15836.323314999998,0,LP,0.005201399995712563
q0.95,2025-10-10,0.95,7068.003541929895,10800.0,68567.11950170339,0.0,72371.53011666666,42325.6747442826,0.0,42325.6747442826,27629.93121985891,25728.014389373893,13193.506123899178,7327.943148095238,0,LP,0.005161200009752065
q0.95,2025-10-11,0.95,10800.0,10800.0,64633.00380972662,0.0,71790.96475,40817.63456340351,0.0,40817.63456340351,22872.686878371547,25864.902824588473,9416.318544385656,7627.218020952381,0,LP,0.005320900003425777
q0.95,2025-10-12,0.95,10800.0,6818.512138887568,64776.449670778966,0.0,117709.38418333342,40953.84754648332,0.0,40953.84754648332,2231.1460666666662,4751.081851271313,15066.341286888597,15787.075517380952,0,LP,0.00505229999544099
q0.95,2025-10-13,0.95,6818.512138887568,6795.172437732809,69539.25498258522,0.0,117677.75383333332,42988.20964270395,0.0,42988.20964270395,3253.690133333333,5537.8429447427925,19691.222818675782,15970.896214166669,0,LP,0.004699899989645928
q0.95,2025-10-14,0.95,6795.172437732809,6825.796456224868,69374.61141558933,0.0,118032.22918333327,42935.15349630303,0.0,42935.15349630303,1606.9819115726132,3073.9903573471365,20485.517087860077,16565.70722452381,0,LP,0.004595100006554276
q0.95,2025-10-15,0.95,6825.796456224868,6965.520433927248,69638.0699522663,0.0,117342.48076666666,43177.93729771049,0.0,43177.93729771049,1086.5902166666665,2655.820483531742,20262.547484925046,16286.911882857143,0,LP,0.004709900007583201
q0.95,2025-10-16,0.95,6965.520433927248,6636.296845607143,70449.2893005717,72.30085657857433,117733.27633333336,43709.659915643366,504.3707754921345,44214.0306911355,1446.127809168139,2398.6161178924126,21087.760576725457,17377.38729663571,1,LP,0.004977999982656911
q0.95,2025-10-17,0.95,6636.296845607143,10800.0,72174.1051295341,0.0,71943.17253333335,44751.45258773813,0.0,44751.45258773813,21996.75061463404,27857.64647450765,13516.715183011467,7201.206459285713,0,LP,0.005059999995864928
q0.95,2025-10-18,0.95,10800.0,10800.0,68541.44732039826,0.0,71656.70145000001,43414.95822983421,0.0,43414.95822983421,22229.547025069074,28566.91094028513,8781.03204409171,7112.635955714285,0,LP,0.004720900004031137
q0.95,2025-10-19,0.95,10800.0,6754.219282255293,68857.32134021749,0.0,117991.24738333332,43571.76421893859,0.0,43571.76421893859,1471.2137869723738,3960.346115387997,16743.37658154762,17203.33767702381,0,LP,0.005215599987423047
q0.95,2025-10-20,0.95,6754.219282255293,6686.022057160055,74366.49225189595,0.0,117903.31865000003,46212.790824453696,0.0,46212.790824453696,754.9292680746626,5142.8067395928865,21522.902000776012,17494.928123214286,0,LP,0.005337200011126697
q0.95,2025-10-21,0.95,6686.022057160055,6820.364014621692,75636.73289388888,0.0,117800.84898333332,47008.55442794403,0.0,47008.55442794403,581.6028833333335,4349.000332166367,21698.10824565108,17454.559917261904,0,LP,0.004795100016053766
q0.95,2025-10-22,0.95,6820.364014621692,6758.623342810845,76390.95172107978,0.0,117671.98653333336,47460.902784354366,0.0,47460.902784354366,1301.8974666666668,5452.47654013522,21774.987467935032,17693.306453657144,0,LP,0.004832700011320412
q0.95,2025-10-23,0.95,6758.623342810845,6978.634655148148,77191.152416507,0.0,117212.01551666661,48122.721712184146,0.0,48122.721712184146,1670.405183333333,7986.165306594659,20826.709011274244,16671.624118028572,0,LP,0.004881099972408265
q0.95,2025-10-24,0.95,6978.634655148148,10800.0,76939.27089374256,0.0,72135.5185333333,47992.02473055093,0.0,47992.02473055093,21468.117706584366,31137.958103771314,13020.608191334513,7107.463824614286,0,LP,0.005026300001190975
q0.95,2025-10-25,0.95,10800.0,10800.0,73049.03275843746,0.0,72042.78699999997,46535.48625198629,0.0,46535.48625198629,20139.30913271604,31904.6216972014,8456.15365887713,6849.484463690476,0,LP,0.004463100020075217
q0.95,2025-10-26,0.95,10800.0,6934.631666017195,73520.51607993213,0.0,117422.34435000003,46964.54807521445,0.0,46964.54807521445,1859.877249999999,7768.185162426283,14878.806060124925,15530.664409285711,0,LP,0.00497229999746196
q0.95,2025-10-27,0.95,6934.631666017195,6542.058414017194,77780.0926230293,9.741217499999948,117790.56431666661,48704.40564285078,45.62786276999976,48750.03350562078,2739.1058187727867,8209.813187181066,19166.574182677836,15878.241014769046,1,LP,0.004648100002668798
q0.95,2025-10-28,0.95,6542.058414017194,6685.567132076721,78171.40427716715,0.0,117514.14480000001,48877.06676378586,0.0,48877.06676378586,1064.8859213991766,7131.959211757809,20384.103146087582,16381.965702077383,0,LP,0.005211099982261658
q0.95,2025-10-29,0.95,6685.567132076721,6497.669609296297,77871.01817036944,0.0,117721.61451666661,48737.27140151439,0.0,48737.27140151439,392.5096666666668,4178.549553497943,21877.946951090526,17890.24480088571,0,LP,0.005008800013456494
q0.95,2025-10-30,0.95,6497.669609296297,6805.290971486771,79000.2406178731,0.0,116916.07056666665,49468.85673156443,0.0,49468.85673156443,2289.8329666666664,7845.933815414473,19998.931367476485,15922.275181684521,0,LP,0.005105299991555512
q0.95,2025-10-31,0.95,6805.290971486771,10800.0,78852.55608144739,0.0,71748.98903333335,49500.68735524429,0.0,49500.68735524429,16415.181265020576,32456.329707447094,13060.60482447972,6983.851782166664,0,LP,0.004881499975454062
q0.95,2025-11-01,0.95,10800.0,10800.0,75206.0638007669,0.0,71974.20948333332,48212.87573439275,0.0,48212.87573439275,17631.689577366255,33509.39269113315,8004.96367860082,6484.020579666667,0,LP,0.004577500018058345
q0.95,2025-11-02,0.95,10800.0,6455.83888625,75661.88430080167,0.0,117843.23631666665,48518.60177216786,0.0,48518.60177216786,688.12635,6993.242018299528,16283.563166019987,17099.431166851187,0,LP,0.00449809999554418
q0.95,2025-11-03,0.95,6455.83888625,6753.394985406083,81160.62753488093,0.0,117808.91503333332,51085.153253130804,0.0,51085.153253130804,916.9075666666666,6662.077681277197,20046.90270717518,15970.190703571423,0,LP,0.004499200003920123
q0.95,2025-11-04,0.95,6753.394985406083,6404.755962563494,81720.8642115055,17.581944166666858,117396.61073333328,51486.83820562757,80.7907123100009,51567.628917937574,1948.0712662345684,8840.116510679021,19389.270873597878,16019.084528172623,2,LP,0.004917599988402799
q0.95,2025-11-05,0.95,6404.755962563494,6925.270785496032,82416.14825572507,0.0,117764.4076166667,51911.26172826094,0.0,51911.26172826094,1333.0932333333328,7004.310131820989,20696.113069814808,16295.388245910714,0,LP,0.004877700004726648
q0.95,2025-11-06,0.95,6925.270785496032,6695.369601974869,81868.7418191238,0.0,117713.09413333329,51661.18042663815,0.0,51661.18042663815,238.87039857878005,6429.106378736036,21253.11345777925,17421.932965970234,0,LP,0.004611700016539544
q0.95,2025-11-07,0.95,6695.369601974869,10800.0,83195.5664340518,0.0,72212.37866666667,52559.73956270099,0.0,52559.73956270099,17294.55645823045,36481.77709635633,12666.335462679308,6565.564366547619,0,LP,0.0048636999854352325
q0.95,2025-11-08,0.95,10800.0,10800.0,78529.87554224259,0.0,72034.86681666666,50642.467234709504,0.0,50642.467234709504,16544.619778600827,36740.469504821944,7650.41662536743,6196.8374665476185,0,LP,0.0050685000023804605
q0.95,2025-11-09,0.95,10800.0,6689.687581141537,78719.77128967516,0.0,117877.6701666666,50792.4468874026,0.0,50792.4468874026,1142.4560141887146,6935.737216882719,15758.116064437098,16463.35518916667,0,LP,0.004594099998939782
q0.95,2025-11-10,0.95,6689.687581141537,6612.342464126986,83619.5964155952,0.0,118420.10276666663,52906.88033551023,0.0,52906.88033551023,397.8376833333332,5434.279829738375,21045.507409666377,17116.47160714286,0,LP,0.004696400021202862
q0.95,2025-11-11,0.95,6612.342464126986,6625.133761164023,84476.56832455022,0.0,117957.86745000003,53514.76057073745,0.0,53514.76057073745,844.5566833333328,8182.2557696649,20416.96861869488,16526.23241380952,0,LP,0.005178699997486547
q0.95,2025-11-12,0.95,6625.133761164023,6711.9605949285715,85022.7867160714,0.0,117416.71383333333,53891.44833564611,0.0,53891.44833564611,963.7441408568467,9043.362396984121,20955.517251801884,16895.82482357143,0,LP,0.004525099997408688
q0.95,2025-11-13,0.95,6711.9605949285715,6714.562974187831,84793.77869541886,0.0,117780.10726666663,53838.38083225405,0.0,53838.38083225405,363.861633333333,8228.425350865671,20017.253964315103,16211.633569761898,0,LP,0.005468399991514161
q0.95,2025-11-14,0.95,6714.562974187831,10800.0,84638.53559935038,0.0,71737.89309999999,53681.25573975567,0.0,53681.25573975567,13522.607208641977,37521.58160627131,12205.253480032332,6209.361995595237,0,LP,0.005428500007838011
q0.95,2025-11-15,0.95,10800.0,10800.0,80733.48240362579,0.0,72466.97681666666,52212.851446181405,0.0,52212.851446181405,13069.319936625514,37922.59603831128,8050.944800117577,6521.265288095238,0,LP,0.004667300003347918
q0.95,2025-11-16,0.95,10800.0,6672.820454152117,81402.51776614349,0.0,118360.27023333324,52713.7798006296,0.0,52713.7798006296,478.07368333333307,6921.899202502944,17276.116253878597,17708.11575690476,0,LP,0.00474109998322092
q0.95,2025-11-17,0.95,6672.820454152117,6881.176398955027,86119.41464971045,0.0,117269.71064999998,54743.69309229895,0.0,54743.69309229895,469.19386666666674,8774.125146330101,21014.84712135655,16834.50581797619,0,LP,0.005743300018366426
q0.95,2025-11-18,0.95,6881.176398955027,6725.512985322749,85562.69643082592,0.0,117783.68649999997,54411.958480018526,0.0,54411.958480018526,98.83001666666621,6735.867827101702,20934.441189438567,17096.99443571429,0,LP,0.005480599997099489
q0.95,2025-11-19,0.95,6725.512985322749,6550.433741398148,86244.98263607147,0.0,118179.70134999994,54800.7762453517,0.0,54800.7762453517,243.10676666666654,6575.1424550587835,22189.43754672693,18131.015732380954,0,LP,0.005165399983525276
q0.95,2025-11-20,0.95,6550.433741398148,6815.946677738099,86833.43722146096,0.0,117846.45723333335,55087.67067159981,0.0,55087.67067159981,185.32356666666658,7487.151467596991,21731.181637673435,17363.295483809517,0,LP,0.004583400004776195
q0.95,2025-11-21,0.95,6815.946677738099,10800.0,86913.3201771943,0.0,71999.17709999997,55244.697565813214,0.0,55244.697565813214,12891.778726543213,39318.73729836716,11856.695239902992,6018.275154285715,0,LP,0.004627400019671768
q0.95,2025-11-22,0.95,10800.0,10800.0,82669.9167995488,0.0,72549.91013333337,53516.163715986004,0.0,53516.163715986004,11832.103250205766,39134.3369308774,7808.669132275133,6325.02199714286,0,LP,0.005266300024231896
q0.95,2025-11-23,0.95,10800.0,6733.883112716927,82960.84226527481,0.0,117782.69220000003,53716.00090566431,0.0,53716.00090566431,623.1589672472074,7383.495914767785,17797.875255164603,18075.7841552381,0,LP,0.004882800014456734
q0.95,2025-11-24,0.95,6733.883112716927,6460.255590095241,87629.71166167401,12.064737738095118,117975.6878166666,55699.37864262981,56.51123156523754,55755.88987419505,463.0363,9367.796508233387,20501.392955464435,16852.393064285716,1,LP,0.004544399998849258
q0.95,2025-11-25,0.95,6460.255590095241,6752.292467126987,88026.82232822748,0.0,117682.39221666665,55874.05326434609,0.0,55874.05326434609,183.10095000000024,7190.4241022251745,22220.019052669,17735.38224333333,0,LP,0.004921999992802739
q0.95,2025-11-26,0.95,6752.292467126987,6953.788132517197,87820.87456495002,19.39711809523783,117686.43673333332,55851.50367992226,90.85610115809399,55942.359781080355,60.651583333333065,6574.042093824221,22455.605387911517,18007.694265357146,1,LP,0.004827500000828877
q0.95,2025-11-27,0.95,6953.788132517197,7000.79409730291,87463.18521970166,0.0,117198.14165,55644.886277701415,0.0,55644.886277701415,298.93291905349776,7235.935406688708,21605.8883806261,17458.464219999998,0,LP,0.004534200008492917
q0.95,2025-11-28,0.95,7000.79409730291,10800.0,87624.99602563347,0.0,72239.02128333332,55789.76115982637,0.0,55789.76115982637,10968.856673251032,39991.596941651966,12231.676570016169,6488.372709285715,0,LP,0.004482200019992888
q0.95,2025-11-29,0.95,10800.0,10800.0,83693.22046193712,0.0,72156.19988333333,54323.12218458667,0.0,54323.12218458667,7267.596713991764,40012.82878365668,7807.078233098179,6323.733368809524,0,LP,0.005316599999787286
q0.95,2025-11-30,0.95,10800.0,6645.695451998679,84372.75774595239,0.0,118008.83443333332,54783.96611871944,0.0,54783.96611871944,0.0,4319.228719432687,18671.44738449589,18862.746474642856,0,LP,0.005141500005265698
q0.95,2025-12-01,0.95,6645.695451998679,6549.887795645502,89704.50485511024,2599.9708825333364,125291.39163333336,57198.15741306944,12687.624636169965,69885.78204923944,0.0,1401.5221333524414,24685.540850924455,20081.514979966658,11,LP,0.004591000004438683
q0.95,2025-12-02,0.95,6549.887795645502,6395.522577145501,92384.44974961343,1561.1207783535742,125400.62360000004,59150.536934171316,7701.854268334664,66852.39120250597,0.0,735.7900668165764,24794.2063568445,20222.235845694053,9,LP,0.004611499985912815
q0.95,2025-12-03,0.95,6395.522577145501,6735.002088554234,95627.82210312162,35.23273833333326,124622.93113333329,61412.69247300353,204.64936060916622,61617.3418336127,0.0,3660.3069843533212,23865.619632458838,19025.62034202381,1,LP,0.004789300000993535
q0.95,2025-12-04,0.95,6735.002088554234,6762.057598588624,97144.15753809376,36.100937619047386,125336.25094999997,62487.021699528734,197.76363258166532,62684.7853321104,0.0,5794.457081687248,24159.172026287455,19544.5793822619,2,LP,0.005116600019391626
q0.95,2025-12-05,0.95,6762.057598588624,10800.0,98857.77372872572,0.0,78868.07108333331,63733.06185695241,0.0,63733.06185695241,6400.973867977657,44998.86270674752,13221.901628405352,7075.592157738096,0,LP,0.004670800000894815
q0.95,2025-12-06,0.95,10800.0,10800.0,95897.98377845093,0.0,79470.82115,62969.82208143685,0.0,62969.82208143685,5172.948266666666,45428.29953998529,8590.027132275134,6957.921977142857,0,LP,0.005085200013127178
q0.95,2025-12-07,0.95,10800.0,6634.609903661379,97146.47000785712,0.0,125067.46291666671,63894.81079580837,0.0,63894.81079580837,0.0,9852.606019084365,17842.283291987067,18201.10055321429,0,LP,0.004562000016449019
q0.95,2025-12-08,0.95,6634.609903661379,6877.72432121429,102819.55014005881,0.0,124410.3539333333,66589.50401214698,0.0,66589.50401214698,0.0,10498.525361825388,22394.793082995297,17920.97942142857,0,LP,0.004732700006570667
q0.95,2025-12-09,0.95,6877.72432121429,6759.664644542329,102736.91582063494,24.782017023809544,124694.68108333329,66584.61529134933,143.94634588279771,66728.56163723211,0.0,11154.08660363757,22765.319349259247,18546.16238190476,1,LP,0.005086899996967986
q0.95,2025-12-10,0.95,6759.664644542329,6906.236041291006,102711.0227001117,0.0,124378.76451666663,66567.31069029275,0.0,66567.31069029275,0.0,9991.554217479417,22104.92504679894,17773.075030833334,0,LP,0.004861800000071526
q0.95,2025-12-11,0.95,6906.236041291006,7138.799906190479,102726.048334756,0.0,123787.79896666658,66637.41127211518,0.0,66637.41127211518,0.0,12370.986566219872,22023.682053298056,17629.874984761904,0,LP,0.004772200016304851
q0.95,2025-12-12,0.95,7138.799906190479,10800.0,102253.038339709,0.0,78661.70368333337,66348.77609627829,0.0,66348.77609627829,4302.352033333333,48606.40902789976,12288.33531954732,6658.471524404759,0,LP,0.00468039998668246
q0.95,2025-12-13,0.95,10800.0,10800.0,98528.2933497619,0.0,78840.15755000003,64854.9758123438,0.0,64854.9758123438,4673.022733333333,48451.902283220144,8446.49973618459,6841.664786309524,0,LP,0.004994599992642179
q0.95,2025-12-14,0.95,10800.0,6719.845940592593,98547.42228785712,0.0,124522.58585000002,64923.98076135594,0.0,64923.98076135594,0.0,9996.890595655508,18126.04497720164,18354.235085,0,LP,0.004974299983587116
q0.95,2025-12-15,0.95,6719.845940592593,6855.2079416243405,103187.24707545266,0.0,124305.22548333331,66912.00859874938,0.0,66912.00859874938,0.0,9233.468557269252,22959.97237151676,18475.751819999998,0,LP,0.004659199999878183
q0.95,2025-12-16,0.95,6855.2079416243405,6689.1342506666715,103328.98951351261,0.0,124646.94338333338,67050.63996374163,0.0,67050.63996374163,0.0,9770.562463509712,22577.905465955315,18437.56974928571,0,LP,0.004829000012250617
q0.95,2025-12-17,0.95,6689.1342506666715,6890.466847248678,103683.50425560847,0.0,124466.55465000003,67193.77870025803,0.0,67193.77870025803,0.0,11060.808766825392,22366.57413259259,17935.72571047619,0,LP,0.005300800024997443
q0.95,2025-12-18,0.95,6890.466847248678,7001.174123002648,103420.62610480304,0.0,124315.3592666666,67067.10581747886,0.0,67067.10581747886,0.0,11598.44604651823,22927.77128126102,18471.858189642862,0,LP,0.004504700016696006
q0.95,2025-12-19,0.95,7001.174123002648,10800.0,103467.49509872722,0.0,78593.32543333336,67177.94475607318,0.0,67177.94475607318,5846.0644333303935,48849.66479499558,12865.427795282181,7002.053224880951,0,LP,0.004550800018478185
q0.95,2025-12-20,0.95,10800.0,10800.0,99131.43143142859,0.0,78668.52011666668,65376.031664924645,0.0,65376.031664924645,5960.023683333333,48640.836714481185,8811.677808495,7137.459024880952,0,LP,0.005368199985241517
q0.95,2025-12-21,0.95,10800.0,6753.688407841271,98996.83412666671,0.0,124376.4409666666,65268.32500037822,0.0,65268.32500037822,0.0,10175.674840073487,18026.62027825985,18243.24285833333,0,LP,0.004777299996931106
q0.95,2025-12-22,0.95,6753.688407841271,6546.828509759261,103516.23806811286,0.0,124718.45381666665,67135.34254942575,0.0,67135.34254942575,0.0,10456.255876287485,22677.521140873007,18554.966032380944,0,LP,0.004956500022672117
q0.95,2025-12-23,0.95,6546.828509759261,6815.74023859392,103643.31762669602,0.0,123956.6545666666,67186.63136970681,0.0,67186.63136970681,0.0,11833.127018139334,22684.618522485307,18132.520447261908,0,LP,0.004673500021453947
q0.95,2025-12-24,0.95,6815.74023859392,6728.467875681221,103039.47057259412,0.0,123954.37128333331,66843.87239928458,0.0,66843.87239928458,0.0,10997.334608375957,22453.272495646666,18265.69584809523,0,LP,0.004660999984480441
q0.95,2025-12-25,0.95,6728.467875681221,6893.469437579367,103104.01444186209,0.0,123789.85790000002,66926.41705215984,0.0,66926.41705215984,0.0,10940.663826693117,22117.89829540711,17766.996213571427,0,LP,0.0046313999919220805
q0.95,2025-12-26,0.95,6893.469437579367,10800.0,102972.34240689591,0.0,78270.30764999997,66828.05634315494,0.0,66828.05634315494,5401.286748988827,48628.210329084344,12733.396785846558,6798.173890357142,0,LP,0.0045442999980878085
q0.95,2025-12-27,0.95,10800.0,10800.0,98645.92876928569,0.0,78409.18393333335,65041.3500388695,0.0,65041.3500388695,4826.725911099351,48922.54675511902,8199.19492842446,6641.3478920238085,0,LP,0.004752100008772686
q0.95,2025-12-28,0.95,10800.0,6917.96645470635,98714.85117166665,0.0,123511.26974999998,65089.969892025016,0.0,65089.969892025016,0.0,12112.285391926804,17300.743265811285,17507.43223607143,0,LP,0.005172400007722899
q0.95,2025-12-29,0.95,6917.96645470635,6590.608237793654,102598.38430802464,0.0,123677.30638333333,66561.8062959816,0.0,66561.8062959816,0.0,11270.20462591565,21573.872687704275,17769.459272261905,0,LP,0.0046830000064801425
q0.95,2025-12-30,0.95,6590.608237793654,6715.142113838625,101607.06103848324,0.0,123526.50904999998,65663.04717990781,0.0,65663.04717990781,0.0,10970.264413544966,22633.229139462077,18220.835114523812,0,LP,0.004710700013674796
q0.95,2025-12-31,0.95,6715.142113838625,6421.875812993388,99931.49680112429,0.0,123791.70508333332,64419.982908240556,0.0,64419.982908240556,0.0,7093.590207667551,23449.59647833774,19258.112818214293,0,LP,0.0048451999900862575
operational,2025-02-01,0.8,10800.0,10800.0,86974.12187833508,0.0,76305.2062833333,56023.323440625005,0.0,56023.323440625005,9402.709983744848,41718.84783721379,7759.937494963746,6285.549370920635,0,LP,0.005544799991184846
operational,2025-02-02,0.8,10800.0,6786.523534773542,86392.78073561903,0.0,121705.97265000001,55609.19109920504,0.0,55609.19109920504,49.9313425044107,8262.261950328433,17560.201639421128,17835.892146634924,0,LP,0.004688000015448779
operational,2025-02-03,0.8,6786.523534773542,6479.320807349205,88848.82578506407,0.0,122603.76899999996,56028.461795085575,0.0,56028.461795085575,0.0,4667.119706564383,22322.484385166375,18357.69480666666,0,LP,0.004730200016638264
operational,2025-02-04,0.8,6479.320807349205,6518.763534042329,88280.86571272778,0.0,121578.09884999998,55511.249943188406,0.0,55511.249943188406,0.0,2415.796945490899,24393.191385332135,19722.986568095235,0,LP,0.0048349999997299165
operational,2025-02-05,0.8,6518.763534042329,6370.807255888887,87157.53529637858,60.641502942853435,121991.08443333334,54750.99272099099,319.46520964355784,55070.45793063453,0.0,2025.3317279717808,24092.519675549673,19648.10158753334,3,LP,0.005084200005512685
operational,2025-02-06,0.8,6370.807255888887,6405.565453253974,87232.90806410345,58.910591428571706,122252.16269999999,54797.486342265714,338.2174838347635,55135.70382610048,0.0,2486.8625647854187,23697.981560270422,19164.082686190475,3,LP,0.004469300009077415
operational,2025-02-07,0.8,6405.565453253974,10800.0,86676.12702800709,0.0,76168.59693333329,54365.52029834732,0.0,54365.52029834732,10777.892583333334,37491.155274126955,13928.465325308644,7327.065821428574,0,LP,0.004862200003117323
operational,2025-02-08,0.8,10800.0,10800.0,80779.41515552024,0.0,75746.78751666665,51669.90243957656,0.0,51669.90243957656,10893.545247325104,36750.85712621399,8199.21087007643,6641.360804761908,0,LP,0.004903699998976663
operational,2025-02-09,0.8,10800.0,6242.616883592591,80380.08629186946,0.0,121547.90356666666,51386.32680162892,0.0,51386.32680162892,0.0,1267.909737189892,19254.765225155792,19698.004637142854,0,LP,0.004676700016716495
operational,2025-02-10,0.8,6242.616883592591,6016.427758947088,85687.79693612577,0.0,121477.56451666665,53631.07182761972,0.0,53631.07182761972,443.37197025279494,7110.554351922401,21109.49075156966,17302.257720952384,0,LP,0.004376800003228709
operational,2025-02-11,0.8,6016.427758947088,6103.285073571428,85033.98663924754,49.08824533809734,121441.28161666669,53069.32820084638,231.46050799652883,53300.78870884291,166.04902603174085,5315.105357613171,22648.167286554977,18266.843918947623,5,LP,0.0052491999813355505
operational,2025-02-12,0.8,6103.285073571428,6097.750595317461,83927.26694294535,6.12250333333327,121363.85288333334,52333.18911015172,28.67780561333304,52361.86691576505,163.38428333333331,4206.073441975313,22643.03483192239,18345.839244285708,1,LP,0.0044587000156752765
operational,2025-02-13,0.8,6097.750595317461,6278.388666555553,82949.08469750146,12.513333333333321,121310.28371666669,51715.959007038306,56.92940999999995,51772.88841703832,558.6377833333336,7027.632151146383,20438.288503021748,16392.439423333333,1,LP,0.004960599995683879
operational,2025-02-14,0.8,6278.388666555553,10800.0,81265.75219358612,0.0,75872.63795000003,50548.04287629426,0.0,50548.04287629426,12277.905954526745,32528.42923751909,13621.92097249266,6964.305787619049,0,LP,0.004562399990390986
operational,2025-02-15,0.8,10800.0,10800.0,75949.93920342738,0.0,76054.55224999998,48174.06277374719,0.0,48174.06277374719,12968.524755555556,32005.129025555554,8927.338538506758,7231.144216190475,0,LP,0.004760300013003871
operational,2025-02-16,0.8,10800.0,6220.4347202486815,75586.18591142933,63.25114619047622,121276.97728333334,47879.40136488353,286.1611947411906,48165.56255962473,0.0,897.7692399706054,18399.460365396826,19025.17164774762,2,LP,0.0050589000165928155
operational,2025-02-17,0.8,6220.4347202486815,6020.716174978837,80095.95106991415,44.54333333333341,120960.37281666667,49558.4985562513,202.64989500000036,49761.148451251305,794.4812,4371.218748054087,20898.30515405055,17107.3738655238,1,LP,0.0046446999767795205
operational,2025-02-18,0.8,6020.716174978837,6312.7928879047595,79753.85541451085,37.641919523809634,121331.27123333327,49188.073744339024,171.71395438285765,49359.78769872188,95.83631069958746,3075.5991316049385,22451.605614544376,17922.931506147623,2,LP,0.00479450001148507
operational,2025-02-19,0.8,6312.7928879047595,5882.761505338624,79012.87246399152,111.85618238095242,121866.79411666667,48731.04249153084,496.4770215133335,49227.51951304418,0.0,2143.9374450499636,23623.6424331511,19522.178615161905,6,LP,0.004394099989440292
operational,2025-02-20,0.8,5882.761505338624,6428.245464460317,79108.3852349539,39.87716047619017,121105.25703333328,48666.0353984454,183.48455902142717,48849.51995746682,0.0,3273.863199541442,23106.999470241033,18225.734007685718,3,LP,0.004594900005031377
operational,2025-02-21,0.8,6428.245464460317,10800.0,78192.79093024692,0.0,75802.0020333333,48197.45619683491,0.0,48197.45619683491,15593.675337448558,30473.84235464432,13844.37959386831,7279.368389047617,0,LP,0.0045335000031627715
operational,2025-02-22,0.8,10800.0,10786.923935449735,72719.68187250443,0.0,75682.2422666667,45732.952173581056,0.0,45732.952173581056,13452.034244650209,29652.481418007053,9379.851497942387,7609.44817142857,0,LP,0.004813999985344708
operational,2025-02-23,0.8,10786.923935449735,6194.9209586031775,72539.96517770135,52.21295952380956,121142.14093333337,45596.926896208024,239.55492907619063,45836.481825284216,0.0,1749.556548036449,18124.05571061729,18813.2878047619,2,LP,0.005489500006660819
operational,2025-02-24,0.8,6194.9209586031775,6116.31709765079,76959.81288550266,39.0894428571429,120628.98855,47251.82090503737,178.06746771190498,47429.888372749265,967.5018999999999,3817.400024538503,21482.685589535577,17471.718802380958,3,LP,0.005339099996490404
operational,2025-02-25,0.8,6116.31709765079,6138.63470266667,76537.95127991767,71.12787857142848,121093.33288333328,46970.56752553963,320.06716087023773,47290.63468640987,1545.8397333333332,5285.9444155849405,20715.189114332756,16759.217338095244,2,LP,0.0049233000027015805
operational,2025-02-26,0.8,6138.63470266667,6126.199097830688,75270.26850965897,30.85013549999951,121060.73411666663,46140.64662118726,147.79411175156787,46288.440732938834,605.2267666666664,1666.4234154144542,22241.118284720746,18026.497854976198,3,LP,0.004881600005319342
operational,2025-02-27,0.8,6126.199097830688,6362.604572000002,74928.80110252202,417.5303494714285,120599.48893333331,45834.42172890133,2035.5036732079543,47869.92540210928,506.5635999999982,3228.608739470901,23377.947293527326,18723.372381004767,7,LP,0.005494899989571422
operational,2025-02-28,0.8,6362.604572000002,10800.0,74050.07784035862,0.0,75385.10794999998,45372.134315406365,0.0,45372.134315406365,16348.233119494416,27634.495446766596,14637.367573145213,7862.611849047618,0,LP,0.004970899986801669
operational,2025-03-01,0.8,10800.0,10800.0,68759.38769615517,0.0,72244.16015,43055.752267554504,0.0,43055.752267554504,15184.940572081126,28085.500882804245,9632.527936507931,7802.347628571428,0,LP,0.0049303999985568225
operational,2025-03-02,0.8,10800.0,6008.9356055291,68136.98965159318,3950.608326033325,117860.41708333329,42673.317817379284,26725.0446233297,69398.36244070897,0.0,1168.8905396061143,15117.675401987068,16557.275030633336,9,LP,0.004892900004051626
operational,2025-03-03,0.8,6008.9356055291,5999.2835638042325,74070.92351209877,3114.6623570047636,117958.74560000001,45293.00867143516,18785.0764397794,64078.08511121455,0.0,973.5336977660168,22124.17039766608,17929.264859661896,14,LP,0.004499500006204471
operational,2025-03-04,0.8,5999.2835638042325,6165.996600772489,75228.16660123455,0.0,118139.02498333335,46039.60446566443,0.0,46039.60446566443,0.0,1400.5179795061695,23569.20502696649,18941.014338571422,0,LP,0.004953700001351535
operational,2025-03-05,0.8,6165.996600772489,6207.556539719577,75545.9449842622,3.286666666666747,118073.44383333332,46255.54809901707,14.952690000000366,46270.50078901706,313.6497887830705,4959.660423151079,21621.291985661377,17475.84256333333,1,LP,0.004580999986501411
operational,2025-03-06,0.8,6207.556539719577,6465.014111777776,75003.14417884809,0.0,117673.59855000004,45921.399544742584,0.0,45921.399544742584,803.271483333333,3928.4223332863075,21574.128494961784,17243.332266066667,0,LP,0.005423099995823577
operational,2025-03-07,0.8,6465.014111777776,10800.0,74353.1762925103,0.0,71680.36145000004,45511.618911478654,0.0,45511.618911478654,16951.0668534568,29960.96694845972,13775.629778212822,7256.772820952381,0,LP,0.0055914999975357205
operational,2025-03-08,0.8,10800.0,10800.0,69204.39987755437,0.0,72344.71158333328,43323.79398957941,0.0,43323.79398957941,19055.387393139317,29350.855089259265,9131.673044679603,7396.655166190474,0,LP,0.004671400005463511
operational,2025-03-09,0.8,10800.0,6292.818889904767,68456.81412102879,0.0,117692.98650000004,42797.62928095767,0.0,42797.62928095767,1391.5053957201644,4699.282082357438,16257.708379141688,17225.206786190472,0,LP,0.004751200001919642
operational,2025-03-10,0.8,6292.818889904767,6124.655842730158,71761.50604122282,451.4920702857148,117943.06436666667,43775.94643131568,2933.190204721719,46709.13663603741,0.0,221.16577014109123,21584.77702012933,17635.016128761905,4,LP,0.004866600007517263
operational,2025-03-11,0.8,6124.655842730158,6368.889646365081,71748.98279725456,0.0,117499.55295,43624.85510531416,0.0,43624.85510531416,879.0601934273941,2693.20715933568,21147.295901158148,16909.499256666673,0,LP,0.00503739999840036
operational,2025-03-12,0.8,6368.889646365081,6157.937212169311,70888.5916502528,0.0,118112.23683333342,43086.92002107467,0.0,43086.92002107467,1352.0776064079976,3336.082256290412,20814.496289459148,17049.599185238098,0,LP,0.004724700003862381
operational,2025-03-13,0.8,6157.937212169311,6264.7677569206335,70493.49931600234,1658.6561199238083,118237.27704999999,42747.63552987319,10413.0568083427,53160.692338215886,0.0,504.4379629629636,21083.957715896526,16981.858259599994,8,LP,0.004991800000425428
operational,2025-03-14,0.8,6264.7677569206335,10800.0,71083.15843489124,0.0,72108.86895000002,43084.272567781976,0.0,43084.272567781976,19876.65542004703,28356.46344348618,14415.287206596127,7594.673618571428,0,LP,0.0050073000020347536
operational,2025-03-15,0.8,10800.0,10793.148004232804,65336.76819490301,0.0,72724.98178333335,40494.27347195545,0.0,40494.27347195545,15280.119727154612,27321.061262075236,9566.467641387419,7755.005585714284,0,LP,0.004999099997803569
operational,2025-03-16,0.8,10793.148004232804,6516.667534402118,65615.30766140507,1.6400000000001,117983.21598333328,40648.57275010159,7.461180000000455,40656.03393010159,180.25728333333336,2793.6060768371476,16530.893635520286,17238.85626761904,1,LP,0.005545299994992092
operational,2025-03-17,0.8,6516.667534402118,6386.960405285714,70193.5505507525,0.0,117693.62179999992,42487.29111634882,0.0,42487.29111634882,2213.092833333333,6572.647069811882,19296.92437094062,15747.245156666666,0,LP,0.005014900001697242
operational,2025-03-18,0.8,6386.960405285714,6456.933500095241,68793.49230880679,536.893734480948,117253.4235833333,41555.41521326098,2641.161971930756,44196.57718519174,1098.8390504761903,2923.335878201052,21680.405066396237,17498.152318452387,6,LP,0.0052115000144112855
operational,2025-03-19,0.8,6456.933500095241,6451.0010871904815,68344.46029094061,92.60199241904333,117281.55799999996,41273.76272298974,439.9009793656935,41713.663702355436,1517.5137,3339.142375949438,21685.65752118165,17570.72176377143,2,LP,0.009079500014195219
operational,2025-03-20,0.8,6451.0010871904815,6279.200642063492,67807.11060656673,96.79777487143053,117648.38173333334,40927.416301963494,675.2612775030994,41602.677579466595,825.1611995532037,911.8029108171701,21645.278184291587,17687.295729890477,1,LP,0.004788399994140491
operational,2025-03-21,0.8,6279.200642063492,10800.0,67233.80245827159,0.0,72593.53221666667,40565.590202898755,0.0,40565.590202898755,22858.098943333323,25436.180629976487,14933.362874485592,8027.304506190473,0,LP,0.005091400002129376
operational,2025-03-22,0.8,10800.0,10800.0,61626.29533084656,0.0,71936.92953333334,38077.51024830748,0.0,38077.51024830748,18923.27478818929,25041.310084356257,9371.109078777194,7590.598353809522,0,LP,0.005725099996197969
operational,2025-03-23,0.8,10800.0,6151.852837925924,60899.38421547323,0.0,117739.97726666664,37642.671062299996,0.0,37642.671062299996,1067.6562717048746,2145.700054562022,16313.895886349208,17397.588113809525,0,LP,0.00486270000692457
operational,2025-03-24,0.8,6151.852837925924,6278.197455486772,65481.51491544971,0.0,117425.17061666668,39430.19140320824,0.0,39430.19140320824,1929.6178978365665,1361.591879300403,21463.67315355085,17271.865098571427,0,LP,0.004761099989991635
operational,2025-03-25,0.8,6278.197455486772,6048.434148724867,65473.428721775446,24.74056828095138,118053.16781666665,39447.84524815122,116.1603216434552,39564.005569794674,0.0,613.2744569194481,21797.668908189306,17862.89879171905,2,LP,0.004958200006512925
operational,2025-03-26,0.8,6048.434148724867,6207.701352693121,65984.16316641975,0.0,117704.62780000006,39676.72307322218,0.0,39676.72307322218,2527.7386500000007,3805.1896875720104,20607.049887419173,16548.369925238097,0,LP,0.005249399982858449
operational,2025-03-27,0.8,6207.701352693121,6257.048361809525,65244.23872862434,0.0,117952.59836666663,39212.75343079375,0.0,39212.75343079375,628.715159776594,1808.6313367842442,21292.055388730165,17202.152556666664,0,LP,0.00491299998247996
operational,2025-03-28,0.8,6257.048361809525,10800.0,64817.839535232175,0.0,71891.76726666666,38896.83505042056,0.0,38896.83505042056,22960.56015115227,24166.914894179878,14630.66973085244,7762.186007619049,0,LP,0.006132300011813641
operational,2025-03-29,0.8,10800.0,10800.0,59591.607699353335,0.0,72118.27746666667,36681.2612058801,0.0,36681.2612058801,26739.033265449725,23350.199895972954,9448.23870840682,7653.073353809523,0,LP,0.004739800002425909
operational,2025-03-30,0.8,10800.0,6362.154036084656,58413.775512198685,0.0,117994.70585000007,35982.306335955815,0.0,35982.306335955815,2073.925965508525,1966.06692400353,15906.443632686654,16878.28071,0,LP,0.00546709998161532
operational,2025-03-31,0.8,6362.154036084656,6256.098534158728,62495.654441669576,217.60780747142664,117075.66561666674,37519.26480162793,1453.9152282026723,38973.1800298306,946.1190166666672,1168.3405073897643,19699.27996570841,16051.866723957139,2,LP,0.004778800008352846
operational,2025-04-01,0.8,6256.098534158728,6119.708431687831,62060.64553982952,1722.2116860571493,117967.14630000001,37162.74335657561,11761.294292880995,48924.03764945661,0.0,178.68323571428618,18516.176661734266,15120.854188228563,4,LP,0.00549670000327751
operational,2025-04-02,0.8,6119.708431687831,6101.290310084657,62431.97752409169,2215.949678861907,117986.62945,37288.29800007526,12127.313038438522,49415.61103851377,0.0,273.93953068782923,20816.992535308636,16878.340263042854,11,LP,0.004819199995836243
operational,2025-04-03,0.8,6101.290310084657,6206.054059640212,63694.662547342734,190.37720904761954,117884.45609999994,37893.000365771055,946.0862432280977,38839.086608999154,1726.3696061904766,2091.083756784256,21630.36185341563,17426.305726666662,3,LP,0.005010400025639683
operational,2025-04-04,0.8,6206.054059640212,10800.0,63267.92313179893,0.0,71735.75181666664,37659.96942032749,0.0,37659.96942032749,26007.336415561436,23917.29705352145,14620.716138906528,7708.228726190474,0,LP,0.005075099994428456
operational,2025-04-05,0.8,10800.0,10800.0,57519.99692040563,0.0,72602.74256666665,35118.24992346638,0.0,35118.24992346638,20996.808065843612,22741.623028107,9144.478121693124,7407.027278571429,0,LP,0.005106299999170005
operational,2025-04-06,0.8,10800.0,6149.687128666664,58152.98643271017,0.0,117205.4305833333,35436.616383526605,0.0,35436.616383526605,2679.216902263373,2229.405487084069,15892.470320505588,17058.182543809526,0,LP,0.004991099995095283
operational,2025-04-07,0.8,6149.687128666664,6386.351119280425,63217.35312908288,0.0,117015.14203333334,37537.83847571427,0.0,37537.83847571427,2305.458072486771,3650.001376402117,20032.50950162257,16013.335104761903,0,LP,0.005756500002462417
operational,2025-04-08,0.8,6386.351119280425,5995.73614773545,62138.20200860668,291.41540878571254,117713.29026666663,36920.42111325441,1709.4670841598286,38629.888197414235,1640.563400000001,2781.2252420811305,21085.203331763663,17430.56817311904,8,LP,0.005149300006451085
operational,2025-04-09,0.8,5995.73614773545,6077.782098428572,61873.301002428,1656.9614122666694,117677.52253333332,36774.25939436538,11327.960233706686,48102.21962807205,0.0,581.5254602351524,19687.28727457378,15872.861336780948,4,LP,0.004897599981632084
operational,2025-04-10,0.8,6077.782098428572,6333.6910596772495,62034.49091536156,169.85468193809137,117668.7006833333,36862.83480874519,1056.424510161348,37919.25931890654,1189.3081650205759,2243.419071798946,21477.17050187536,17166.190041395235,4,LP,0.005399500019848347
operational,2025-04-11,0.8,6333.6910596772495,10800.0,61186.47339790123,0.0,72091.99674999999,36464.60531220468,0.0,36464.60531220468,27129.259206584364,22027.129585667255,14177.66522469723,7464.230785714283,0,LP,0.004954100004397333
operational,2025-04-12,0.8,10800.0,10800.0,56038.5030614462,0.0,71957.17576666665,34284.7681561386,0.0,34284.7681561386,23386.342906378606,22005.942308447975,8531.880508524393,6910.823211904763,0,LP,0.004711199988378212
operational,2025-04-13,0.8,10800.0,6239.126714857146,55546.23667506762,0.0,117283.06220000007,33980.415400227655,0.0,33980.415400227655,644.2213826396274,1769.330227883595,15584.802830734867,16728.4762495238,0,LP,0.005254299991065636
operational,2025-04-14,0.8,6239.126714857146,6126.574848343912,60661.196849800115,0.0,117901.37268333332,36101.019275003615,0.0,36101.019275003615,1948.4196030393837,2464.6216589535616,20112.739303521445,16392.61551571429,0,LP,0.004835100000491366
operational,2025-04-15,0.8,6126.574848343912,6163.562927253966,60799.270031358,0.0,117056.90516666666,36120.07784674928,0.0,36120.07784674928,3175.8884499999995,3828.525360946508,19063.884821363903,15408.457434285718,0,LP,0.004884699999820441
operational,2025-04-16,0.8,6163.562927253966,6078.233136164021,60133.790864779534,0.0,117924.88506666668,35764.862978061254,0.0,35764.862978061254,0.0,628.0680102998276,20015.40903400352,16289.27812952381,0,LP,0.00517230000696145
operational,2025-04-17,0.8,6078.233136164021,6367.21327680423,59953.93735355672,0.0,117487.04263333339,35627.21297080778,0.0,35627.21297080778,1438.1786767548476,1554.3384705114634,20173.661735338035,16080.583879047621,0,LP,0.00460329998168163
operational,2025-04-18,0.8,6367.21327680423,10800.0,59464.06394522046,0.0,71490.16935000003,35373.093092065064,0.0,35373.093092065064,25430.12590411523,21138.008280082307,13433.181720070546,6891.369142380952,0,LP,0.005586799990851432
operational,2025-04-19,0.8,10800.0,10792.53491957672,54672.33522126984,0.0,71905.41535,33368.63400884199,0.0,33368.63400884199,24910.659565432088,21353.72025707818,8578.919584950032,6955.643436190478,0,LP,0.00535299998591654
operational,2025-04-20,0.8,10792.53491957672,6473.193418846565,54393.8527644209,0.0,117197.81635,33169.06896293313,0.0,33169.06896293313,1868.3926011934095,1559.0585353203955,15242.442606478542,16233.785861904762,0,LP,0.005000300006940961
operational,2025-04-21,0.8,6473.193418846565,6049.458270142859,58812.46962269251,0.0,118481.6378833333,34916.11294669478,0.0,34916.11294669478,4237.631396913583,2965.8976770370346,18281.00946969429,15188.979304285716,0,LP,0.004832299979170784
operational,2025-04-22,0.8,6049.458270142859,6078.583654904763,58686.16094320987,0.0,117811.00101666666,34811.19532078377,0.0,34811.19532078377,1658.7658818636066,1175.946486778362,19327.928482186944,15629.409224285715,0,LP,0.0045621999888680875
operational,2025-04-23,0.8,6078.583654904763,6275.292528798945,58962.38214463255,0.0,118030.5147666667,34864.06532328204,0.0,34864.06532328204,2032.3340166666667,1743.71663600234,18996.719941011164,15210.305165714288,0,LP,0.004782500007422641
operational,2025-04-24,0.8,6275.292528798945,6287.353812084652,58220.44110137831,0.0,117497.77966666665,34456.81488094314,0.0,34456.81488094314,4838.335233333333,2723.6965946266896,18723.407465584947,15155.104892166675,0,LP,0.00499010001658462
operational,2025-04-25,0.8,6287.353812084652,10800.0,57369.86216999747,0.0,71763.32119999999,33906.77669332948,0.0,33906.77669332948,28973.611116502056,19701.15646670193,13859.76509299825,7165.028156204766,0,LP,0.004828000004636124
operational,2025-04-26,0.8,10800.0,10800.0,51705.22598255143,0.0,72100.92436666666,31434.653255616337,0.0,31434.653255616337,31468.43462427982,18518.899573962357,8672.095531452092,7024.397380476191,0,LP,0.005092399980640039
operational,2025-04-27,0.8,10800.0,6167.482160280421,50675.03384011757,450.49429410476154,117032.5225333333,30986.304603179342,3142.6481956748166,34128.95279885415,2472.5914878600825,1368.3125430923,15160.099872022338,16448.94695208571,1,LP,0.005720199987990782
operational,2025-04-28,0.8,6167.482160280421,6218.461893074073,55401.095985273365,4682.404520223809,117537.30080000006,33001.233308613,31607.906502537684,64609.1398111507,0.0,439.78645681363594,15662.447223697829,12640.70049168095,10,LP,0.004921999992802739
operational,2025-04-29,0.8,6218.461893074073,6314.875301142857,56830.22665031746,569.3328384215165,117252.75871666662,33659.78910348183,3971.665880828499,37631.454984310345,4399.8109427983545,2009.3711322692502,18265.219103909472,14708.055406904765,1,LP,0.0046876999840606
operational,2025-04-30,0.8,6314.875301142857,6048.244373650792,55638.22518461493,0.0,117682.88071666668,33189.37588237132,0.0,33189.37588237132,2092.4723217989485,2047.6866644385696,18321.997893615517,15080.786128571426,0,LP,0.004918499995255843
operational,2025-05-01,0.8,6048.244373650792,5571.165448539682,55283.95277044091,1990.7226682904738,120364.58391666667,32995.2082561238,12884.879578152959,45880.08783427676,2419.8716484597317,501.5526650499684,19848.649251693118,16506.776926471426,9,LP,0.004610900010447949
operational,2025-05-02,0.8,5571.165448539682,10800.0,56558.28858300999,0.0,74761.02673333335,33877.610229177866,0.0,33877.610229177866,20009.24776563786,14586.70113684891,15610.886846713707,7938.86724952381,0,LP,0.004670499998610467
operational,2025-05-03,0.8,10800.0,10800.0,52547.23486675484,0.0,74894.84928333333,32568.10996840346,0.0,32568.10996840346,24948.436945679015,16906.735239882415,9604.689637860078,7779.7986066666635,0,LP,0.005190900003071874
operational,2025-05-04,0.8,10800.0,5821.438610783068,53827.6635053498,665.5930695238083,120670.08423333336,33352.891574439214,4198.6794947649905,37551.571069204205,2914.3496399706096,1907.5367786596075,12723.200385291007,14786.497562380953,7,LP,0.005294800008414313
operational,2025-05-05,0.8,5821.438610783068,5934.534483349207,60025.174453568485,440.58033696666786,120612.16386666658,36158.66858806757,3001.046878317418,39159.71546638499,0.0,1214.9700676307957,21436.798092604356,17262.0201697,3,LP,0.005492900003446266
operational,2025-05-06,0.8,5934.534483349207,5842.5150037989415,60042.94186874193,78.19865714285618,121017.19009999998,36385.80699836144,533.686853249041,36919.49385161049,1347.8024187183987,2020.0376712169327,20873.87158356849,16990.65351428572,2,LP,0.004520599992247298
operational,2025-05-07,0.8,5842.5150037989415,6127.071404798942,61096.31863160752,408.046018838093,121160.21501666667,37034.374005946236,2846.529027414537,39880.90303336077,1202.856554373901,1132.4771335155826,20237.285535032323,16136.100522476181,1,LP,0.004804600001079962
operational,2025-05-08,0.8,6127.071404798942,6425.7061413597885,61657.91006448502,35.999250000000075,120445.47738333329,37680.3232206582,243.2289326250005,37923.552153283206,252.69231007055575,1660.9330141446158,19394.738565079355,15440.966974809518,1,LP,0.005340099975001067
operational,2025-05-09,0.8,6425.7061413597885,10800.0,62153.81838624926,0.0,74253.82544999999,37877.25754211523,0.0,37877.25754211523,25187.15163641975,21963.33678782481,13510.945469623748,7007.001357619047,0,LP,0.004783299984410405
operational,2025-05-10,0.8,10800.0,10800.0,56453.61762212229,0.0,74647.98705,35383.44782932653,0.0,35383.44782932653,21925.41843641975,20838.466124685485,8256.25146149324,6687.563683809525,0,LP,0.004592399985995144
operational,2025-05-11,0.8,10800.0,6254.050051010582,56971.794319176945,41.18071666666674,120743.09041666662,35589.14026058946,277.36103945833383,35866.50130004779,1528.8656887125223,1497.0999805702563,13654.132827989411,15151.202544761903,2,LP,0.005367400008253753
operational,2025-05-12,0.8,6254.050051010582,6849.897250343918,62735.07490426804,0.0,120448.60361666663,38054.96717224079,0.0,38054.96717224079,3009.6822999999995,4025.4094650675984,17013.29171824809,13244.503812380948,0,LP,0.004917899990687147
operational,2025-05-13,0.8,6849.897250343918,6539.808539851853,61601.24265458551,0.0,120269.63160000001,37548.74414562223,0.0,37548.74414562223,2265.3509253145207,3072.799564338614,17962.94335636097,14829.063958095237,0,LP,0.004606899979989976
operational,2025-05-14,0.8,6539.808539851853,6487.240781328041,61896.03814161669,0.0,120592.00526666673,37647.38990763493,0.0,37647.38990763493,2414.61455,3097.385696366837,17985.263655726045,14615.374543809525,0,LP,0.005706299998564646
operational,2025-05-15,0.8,6487.240781328041,6886.856736534392,61248.143292204564,0.0,119598.30981666666,37189.731462064694,0.0,37189.731462064694,2325.3720666666654,2213.592776196363,18865.609506960605,14921.489340952385,0,LP,0.004646500019589439
operational,2025-05-16,0.8,6886.856736534392,10800.0,60398.30106801293,0.0,74681.34474999999,36797.660005681675,0.0,36797.660005681675,30782.339108230448,21084.503486743095,12074.331592563194,6258.379652857145,0,LP,0.004640899976948276
operational,2025-05-17,0.8,10800.0,10797.48438095238,55233.320316347155,0.0,75274.53043333333,34477.75906271946,0.0,34477.75906271946,23846.141542416222,19375.74956139917,8236.285191269846,6673.655062071428,0,LP,0.004816899978322908
operational,2025-05-18,0.8,10797.48438095238,6550.835711470899,54954.075541034676,5.236666666666679,120687.037,34342.427136937404,35.318698333333415,34377.74583527074,309.16585320399827,2042.8724600411497,14489.945247313353,15558.839452857144,1,LP,0.004726599989226088
operational,2025-05-19,0.8,6550.835711470899,6452.020852910053,59545.607597407405,67.00333333333344,120072.38798333333,36120.58521539836,451.90398166666745,36572.48919706503,4696.292183333334,4099.975994144626,17842.41882088184,14541.292617619049,1,LP,0.004675100004533306
operational,2025-05-20,0.8,6452.020852910053,6291.002260132274,59066.41495243385,0.0,120437.57771666667,35839.59302813224,0.0,35839.59302813224,101.33665326278492,1049.1781758604504,18596.958106020793,15208.452799376835,0,LP,0.004626400012057275
operational,2025-05-21,0.8,6291.002260132274,6104.032415206349,59693.45918569666,160.0718846101131,120283.05128333339,36153.84783805679,1005.2604313415775,37159.10826939837,3603.9745000000007,1704.96005342151,17632.91628413287,14450.93505058095,4,LP,0.004911399999400601
operational,2025-05-22,0.8,6104.032415206349,7067.281953746033,59748.056439376836,0.0,119729.6800166667,36255.26387984038,0.0,36255.26387984038,2741.2946152263403,1705.3003796178766,19041.61075358025,14556.780125714284,0,LP,0.005677900015143678
operational,2025-05-23,0.8,7067.281953746033,10800.0,58522.15559758965,0.0,74983.38438333334,35699.11701671423,0.0,35699.11701671423,26578.518891358024,19822.253758683124,12320.988539929453,6620.554475714285,0,LP,0.004962799983331934
operational,2025-05-24,0.8,10800.0,10800.0,54914.74309760728,0.0,74693.81781666666,34278.92232755821,0.0,34278.92232755821,29269.4782164609,20347.707018030564,8121.349893592005,6578.293413809525,0,LP,0.004622099979314953
operational,2025-05-25,0.8,10800.0,6510.670826031745,53978.45639878308,0.0,120319.87760000004,33739.396403023275,0.0,33739.396403023275,3807.9525366255143,3094.2818079541385,12587.411197060555,14056.199326190477,0,LP,0.004830699996091425
operational,2025-05-26,0.8,6510.670826031745,6355.385440222222,57811.718820458555,789.1527426380962,119407.96936666663,35342.5283452994,5505.129532643359,40847.657877942744,0.0,770.0210186890122,17846.181271769547,14595.16367736191,1,LP,0.004523899988271296
operational,2025-05-27,0.8,6355.385440222222,6336.8014213544975,58677.79771583185,0.0,120046.82735000004,35724.97695380387,0.0,35724.97695380387,2775.320715661379,3155.215066613751,17755.896055461497,14399.001421904764,0,LP,0.005004600010579452
operational,2025-05-28,0.8,6336.8014213544975,6537.629555312174,57973.28406834215,0.0,119921.84721666662,35295.28273628094,0.0,35295.28273628094,357.992785302759,1514.0453022633762,19193.03452744268,15365.612646666665,0,LP,0.004505999997491017
operational,2025-05-29,0.8,6537.629555312174,6525.128331000001,58119.41738575542,433.80672240475826,120439.31426666665,35323.42061909919,3021.718976145594,38345.13959524479,0.0,788.8620640505554,19292.050768371548,15637.812224261905,2,LP,0.005285799998091534
operational,2025-05-30,0.8,6525.128331000001,10800.0,58651.02038052318,0.0,74612.22448333331,35513.479913825584,0.0,35513.479913825584,26333.58121522634,19378.50332402704,13133.253013174604,6790.5504385714285,0,LP,0.005439699976705015
operational,2025-05-31,0.8,10800.0,10681.77929100529,53968.93224489122,0.0,74778.33258333332,33581.82187057086,0.0,33581.82187057086,24500.42553744856,19554.991444132855,8582.801849500296,7058.468136190476,0,LP,0.004788799997186288
operational,2025-06-01,0.8,10681.77929100529,4994.908211883598,54690.88223936554,12987.553912723812,128248.56003333337,33966.822113824455,80224.47993667675,114191.30205050124,0.0,0.0,8272.599069994121,11818.98921790476,43,LP,0.004849899996770546
operational,2025-06-02,0.8,4994.908211883598,5133.684317253968,65310.527279359194,7824.881650235045,128080.53698333332,39144.294622173205,51408.5664205994,90552.86104277258,0.0,623.520898095238,19716.747824556136,15845.667243057143,22,LP,0.005295400012983009
operational,2025-06-03,0.8,5133.684317253968,5459.599549941798,67707.70038856553,4863.858555976191,128076.84056666664,40859.57716757191,30560.048302621173,71419.62547019309,0.0,238.89912571428545,20247.206716184595,16106.913730690478,26,LP,0.004554099985398352
operational,2025-06-04,0.8,5459.599549941798,5519.7806469682555,70984.31102115224,2810.789351499998,128539.84358333335,43057.80606213335,18736.048116147795,61793.854178281144,0.0,179.27780378012767,20612.62507832452,16642.063326119045,14,LP,0.004858500004047528
operational,2025-06-05,0.8,5519.7806469682555,5910.521033973544,73916.12705506169,1939.566480414287,128455.92066666663,45073.748383695354,12759.13187554699,57832.880259242345,0.0,93.10458428571349,22429.497822204583,17816.226887680958,13,LP,0.004498599999351427
operational,2025-06-06,0.8,5910.521033973544,10800.0,76633.56815639797,0.0,82747.41500000002,47068.266087278535,0.0,47068.266087278535,11312.641773940626,27337.328979653143,14358.268070423273,7229.666067619046,0,LP,0.0045115000102669
operational,2025-06-07,0.8,10800.0,10800.0,74729.66972878305,0.0,83156.75974999997,47356.091693871786,0.0,47356.091693871786,10621.06222907113,31378.713492962957,8438.846526748972,6835.4656866666655,0,LP,0.004707000014605001
operational,2025-06-08,0.8,10800.0,6696.636092486772,78040.8035786067,4.743631904761628,128266.94665,49814.61172372078,31.889065479760045,49846.50078920054,1145.5783166666663,13078.832412551441,12259.161744150497,13622.948529523814,1,LP,0.004720100027043372
operational,2025-06-09,0.8,6696.636092486772,6784.820497116404,81576.38714493827,13.672040476190432,128169.18798333328,50993.29635899971,92.21107699166637,51085.50743599138,434.82258333333345,6198.54486914757,20761.12123912403,16737.142239523808,1,LP,0.0045307000109460205
operational,2025-06-10,0.8,6784.820497116404,6861.923864544973,81949.3122091358,0.0,127414.49178333324,51282.781527423336,0.0,51282.781527423336,291.20968333333303,6003.901793868308,20875.59719955321,16839.840700952376,0,LP,0.00457220000680536
operational,2025-06-11,0.8,6861.923864544973,6829.402427603175,82477.5883110876,842.0577157714289,128236.67731666668,51629.75139580498,4114.712814284107,55744.46421008909,0.0,2822.245063991771,23380.12599709582,18967.171350895238,5,LP,0.004439800017280504
operational,2025-06-12,0.8,6829.402427603175,7290.31722651852,83825.67209951206,0.0,127721.81298333338,52735.6406424431,0.0,52735.6406424431,245.79104999999993,6715.868550658437,21035.777613139333,16624.15654761905,0,LP,0.005236500001046807
operational,2025-06-13,0.8,7290.31722651852,10800.0,83512.01538828333,0.0,81889.59039999997,52696.14849152809,0.0,52696.14849152809,13716.08029855967,36033.87584365667,11884.373947019401,6467.628400952384,0,LP,0.004673600022215396
operational,2025-06-14,0.8,10800.0,10800.0,79213.45016807172,0.0,82253.15711666664,50840.09163928615,0.0,50840.09163928615,15978.504666666662,35560.256333086436,7796.560096413877,6315.213678095238,0,LP,0.004647700028726831
operational,2025-06-15,0.8,10800.0,7095.149764809524,78492.38182683126,0.0,127368.8845166667,50250.51693540859,0.0,50250.51693540859,9.379684138740231,8093.638626860674,16298.707337736629,16536.318155238096,0,LP,0.004916600009892136
operational,2025-06-16,0.8,7095.149764809524,6998.452282058203,83245.76892615516,0.0,127618.63201666664,52491.26353290681,0.0,52491.26353290681,0.0,6623.266375402705,21134.09193980012,17205.642205714288,0,LP,0.004556200001388788
operational,2025-06-17,0.8,6998.452282058203,6633.904629116403,83775.57438931805,43.61643571428556,127311.7546,52777.353284212135,294.0940218178561,53071.447306029986,11.849166666666747,5471.798911034682,21192.7600963786,17494.22856571428,2,LP,0.004662899998947978
operational,2025-06-18,0.8,6633.904629116403,7036.587398529105,84559.94158782478,0.0,126909.07891666662,53260.69220645603,0.0,53260.69220645603,87.41241666666656,9602.03885469725,18840.446968365668,14898.347551904759,0,LP,0.005454500002088025
operational,2025-06-19,0.8,7036.587398529105,6994.876081433865,83006.23356774842,79.56941047619011,127349.06689999993,52173.790881197536,535.6392180438071,52709.43009924135,1339.461283333333,9784.526235990601,19683.42865413874,15981.117395238096,3,LP,0.004584499984048307
operational,2025-06-20,0.8,6994.876081433865,10800.0,82454.71177239275,0.0,81137.07971666669,51775.43085079811,0.0,51775.43085079811,17928.947916666668,36472.991061322755,11724.107461546146,6071.9155171428565,0,LP,0.004557600012049079
operational,2025-06-21,0.8,10800.0,10800.0,77370.64182336861,0.0,81408.06479999995,49313.6224536627,0.0,49313.6224536627,20838.495577848324,35670.541330270426,8036.129027630804,6509.2645123809525,0,LP,0.005330999993020669
operational,2025-06-22,0.8,10800.0,6774.082079148148,76382.59043383307,0.7364761904761963,126539.46191666664,48659.20833077772,4.961271857142896,48664.169602634865,615.621433333333,9155.174663133448,14623.767591175785,15468.57787761905,1,LP,0.004698000004282221
operational,2025-06-23,0.8,6774.082079148148,6823.182479391534,80464.89007134827,0.0,126690.87308333331,50151.927822863596,0.0,50151.927822863596,813.7515278483231,8654.803796543207,20478.20203546149,16543.15328850476,0,LP,0.00439000001642853
operational,2025-06-24,0.8,6823.182479391534,6452.202393068778,79319.10442438124,1994.0203679761917,127112.84501666667,49404.670269774746,9562.220771951195,58966.891041725954,0.0,1080.1443364079935,22621.42254547324,18657.234339523813,9,LP,0.006152000016300008
operational,2025-06-25,0.8,6452.202393068778,6938.940942851853,80603.2595268125,4.0190071428572764,126310.40843333337,50173.48047404283,27.154421760715188,50200.634895803545,36.71136666666689,5522.643786725451,21960.19641627279,17349.694402376186,1,LP,0.004433599999174476
operational,2025-06-26,0.8,6938.940942851853,6859.637014417991,79866.32946218105,73.42555952380997,126697.44536666665,49814.02059792232,495.25999588452675,50309.28059380684,188.6194333333333,8360.781752057615,20601.808097742498,16758.838094761908,4,LP,0.00456029997440055
operational,2025-06-27,0.8,6859.637014417991,10800.0,79619.36690639623,0.0,79563.255,49633.27680615387,0.0,49633.27680615387,19844.029433333333,34095.78448893591,12429.370686507933,6521.463569047619,0,LP,0.004835400002775714
operational,2025-06-28,0.8,10800.0,10800.0,74860.70498411522,0.0,80661.57279999995,47589.21360659109,0.0,47589.21360659109,18418.481253909464,33188.0656076896,7774.905293944738,6297.673288095238,0,LP,0.004811299993889406
operational,2025-06-29,0.8,10800.0,6981.47293079894,75205.86197670782,0.0,126384.80871666662,47868.44112545539,0.0,47868.44112545539,57.37021272192798,6360.634147483826,15561.912870787773,16041.823787619049,0,LP,0.004470099986065179
operational,2025-06-30,0.8,6981.47293079894,6554.245813846562,78693.34918086762,50.43730571428546,125947.32058333333,49056.57429979803,339.9987761314269,49396.57307592945,97.35411666666664,5335.5489749911785,20093.17798340977,16659.97857181905,3,LP,0.004626200010534376
operational,2025-07-01,0.8,6554.245813846562,4866.893034746031,78931.03197212818,3844.0676776047612,141546.85106666663,49022.37017358408,22363.552042420004,71385.92221600408,0.0,1417.214713496642,21105.04423207068,18613.703329167725,26,LP,0.004509099991992116
operational,2025-07-02,0.8,4866.893034746031,5029.86107389418,80877.08052402343,2073.350131928574,141198.65821666675,49818.88694478955,13516.258933720837,63335.145878510375,857.9071370922428,4966.3763088124615,21445.84004288066,17224.459199500005,17,LP,0.004673199990065768
operational,2025-07-03,0.8,5029.86107389418,5517.446628301585,80701.99396724868,4248.704079014289,141565.53863333337,49802.82253772308,25867.993956340666,75670.81649406378,0.0,512.5589166666673,22309.964196296303,17632.244000033337,28,LP,0.004482899996219203
operational,2025-07-04,0.8,5517.446628301585,10752.119556179894,81882.10462825553,0.0,95795.06574999998,50791.98682836575,0.0,50791.98682836575,19754.20153720911,25597.057832557308,15467.221877536747,7817.2440857142865,0,LP,0.004984899976989254
operational,2025-07-05,0.8,10752.119556179894,10800.0,77388.0942847972,0.0,95872.83490000002,49354.53201230672,0.0,49354.53201230672,20325.90444717226,26464.299609570837,9287.988747101708,7480.178485714287,0,LP,0.0045943999721203
operational,2025-07-06,0.8,10800.0,6002.8987213809505,78314.25527187451,2327.7911821428515,141244.57465000002,50036.05746202264,15757.575561177582,65793.63302320024,76.60989999999993,1901.779322363308,16774.035960058794,17904.360278404773,11,LP,0.004948799993144348
operational,2025-07-07,0.8,6002.8987213809505,6199.9344917513245,85770.40881355542,38.992441904761904,141495.39414999998,53890.36796632173,262.90929307761905,54153.27725939935,1313.694416666667,7310.991667824804,18936.316899835394,15161.084495533338,3,LP,0.005313899979228154
operational,2025-07-08,0.8,6199.9344917513245,6471.768447873014,85960.64873055406,23.490526666666824,141285.22700000004,54059.5610310365,161.28548278238202,54220.84651381888,1106.6361500000003,4854.399208406814,22142.454324409166,17690.73744226191,2,LP,0.005028899991884828
operational,2025-07-09,0.8,6471.768447873014,6928.3944157830665,85167.2332270661,37.48612952380938,140590.70496666664,53727.52394896005,252.71274218476097,53980.23669114481,648.1357720164615,6123.7109473838955,20858.86447054674,16484.71685002381,1,LP,0.004565200011711568
operational,2025-07-10,0.8,6928.3944157830665,6874.288827052912,84557.93554136761,52.99848952380887,140463.54224999994,53456.558243004205,357.2930423221385,53813.85128532634,1312.9124999999997,6606.355176948858,20456.515791928276,16618.472821319046,5,LP,0.0044664000160992146
operational,2025-07-11,0.8,6874.288827052912,10800.0,83564.98884648438,0.0,94741.08839999996,52875.17627712818,0.0,52875.17627712818,14525.375008224579,30419.466710141096,13516.99959192828,7415.629613809526,0,LP,0.00480929997866042
operational,2025-07-12,0.8,10800.0,10800.0,79688.24723703851,0.0,95318.37109999993,51276.728040846334,0.0,51276.728040846334,16824.13178371105,30131.030562086988,8678.113462669024,7029.271904761905,0,LP,0.004954200005158782
operational,2025-07-13,0.8,10800.0,6785.633755317461,80011.4530577472,19.878210952381323,139893.36648333335,51503.9752601839,133.63127312738345,51637.606533311286,3189.011090574956,8344.817406772487,14961.642060875956,15731.85968952381,1,LP,0.004641000006813556
operational,2025-07-14,0.8,6785.633755317461,6709.6953750687835,82802.59379001177,0.0,141062.42346666663,52313.871982016455,0.0,52313.871982016455,1141.9879328042318,6336.015065020579,18869.76904075838,15352.857465238098,0,LP,0.004740800010040402
operational,2025-07-15,0.8,6709.6953750687835,7103.332386000001,82535.08139416223,0.0,139545.1626666667,52209.3754504346,0.0,52209.3754504346,259.14311666666686,5474.0262609700285,19466.253280811285,15413.391847619045,0,LP,0.00503900001058355
operational,2025-07-16,0.8,7103.332386000001,7039.199436433863,81497.08574741328,34.747084285714095,140365.26538333335,51534.71046445178,234.7686749764273,51769.47913942821,1240.877534509112,4550.82856316684,19280.436869996003,15674.873519306291,1,LP,0.004734400019515306
operational,2025-07-17,0.8,7039.199436433863,6887.958441047616,81474.51410692725,9.083892857142928,139569.1592833334,51531.378457258776,63.36923657142906,51594.74769383021,1167.5606166666664,3717.3516832569085,21128.350152851253,17250.080519657142,1,LP,0.00542999999015592
operational,2025-07-18,0.8,6887.958441047616,10800.0,81799.1875104028,0.0,93698.07319999997,51713.24016841382,0.0,51713.24016841382,15050.703160326342,29538.374441093478,12710.65476803057,6774.792959047618,0,LP,0.004756600013934076
operational,2025-07-19,0.8,10800.0,10768.913265079365,77312.30668325692,0.0,94564.52239999994,49833.14959031115,0.0,49833.14959031115,20192.803131893015,28434.079410881826,8055.700799529683,6553.095709047618,0,LP,0.004769699997268617
operational,2025-07-20,0.8,10768.913265079365,6872.327405703705,76735.88899958847,9.91923619047634,138750.53876666672,49528.316820554996,69.19659166476295,49597.513412219756,997.1403707583842,4244.104711205171,15376.380055720167,15961.795118571426,1,LP,0.0050448999973014
operational,2025-07-21,0.8,6872.327405703705,6918.7457047513235,81444.75269181073,10.16014428571441,138442.8198,51434.29178873179,70.87716653714372,51505.16895526893,701.6560666666669,2796.7713631158135,20657.6820377425,16690.94598142857,1,LP,0.004615100013324991
operational,2025-07-22,0.8,6918.7457047513235,6885.489731973544,81968.65751957899,18.126959999999713,139514.85881666662,51740.66942316179,122.1690921535695,51862.83851531535,249.3819333333331,4039.5177373486167,20698.266145949452,16795.52595371905,2,LP,0.004678499972214922
operational,2025-07-23,0.8,6885.489731973544,6848.119484634921,81785.31211607278,0.0,139450.03365000003,51619.98250509621,0.0,51619.98250509621,1054.3951862139927,2467.1254763021716,21478.302944709,17431.058607819057,0,LP,0.005040900025051087
operational,2025-07-24,0.8,6848.119484634921,7014.047261354499,82149.1050345326,0.0,138902.21751666671,51863.168348303705,0.0,51863.168348303705,432.2601490299816,4131.4842840917145,20102.91369664902,16134.025095238092,0,LP,0.00492490001488477
operational,2025-07-25,0.8,7014.047261354499,10800.0,82246.42569498827,0.0,92354.83968333332,51918.38263850111,0.0,51918.38263850111,19505.31447918583,30456.814481499125,12482.20896239859,6703.231794761903,0,LP,0.004661599989049137
operational,2025-07-26,0.8,10800.0,10800.0,77343.89890583772,0.0,93187.68993333334,49766.640259865126,0.0,49766.640259865126,17660.278770987654,29558.542901481484,8715.714035273366,7059.728368571428,0,LP,0.004839100001845509
operational,2025-07-27,0.8,10800.0,6945.248370666666,77545.55099689597,495.8826833333334,138110.19628333335,49821.83043878202,2496.4404211416672,52318.27085992369,22.250666666667108,4447.541957378009,17661.724855708413,17775.273599523807,4,LP,0.004958300007274374
operational,2025-07-28,0.8,6945.248370666666,6170.595874301586,81872.02624091362,1022.3991660504272,138228.99843333327,51676.08762865066,6479.611659204809,58155.699287855474,0.0,1794.3261461904763,20223.206706151723,17077.984678711473,10,LP,0.004833699989831075
operational,2025-07-29,0.8,6170.595874301586,6777.738673211639,83601.85986819516,42.85773380952389,138314.74511666666,52597.703838907,288.56112173952437,52886.26496064652,0.0,2817.423867025278,22166.41718926512,17408.369404285717,1,LP,0.004649000009521842
operational,2025-07-30,0.8,6777.738673211639,6866.901758629633,82721.61117091122,0.0,138424.36443333334,52031.000688918895,0.0,52031.000688918895,1144.662925649609,3308.3104281128676,21500.721001434456,17335.33723428571,0,LP,0.004695499985245988
operational,2025-07-31,0.8,6866.901758629633,6614.286936846563,82429.31377148414,21.91626761904729,137423.31371666663,51825.95893650125,147.48448305261684,51973.44341955386,346.70248333333325,3541.524719271012,21554.525839141672,17686.519269309527,3,LP,0.0048581000010017306
operational,2025-08-01,0.8,6614.286936846563,10800.0,82379.11923975077,0.0,92719.4241,51759.46167854766,0.0,51759.46167854766,25065.923170820755,29854.87702791887,12841.145355296881,6634.185980952379,0,LP,0.0047488000127486885
operational,2025-08-02,0.8,10800.0,10751.073103174604,77007.31973447735,0.0,91562.24421666664,49313.71797580276,0.0,49313.71797580276,24347.03420888066,30146.29536854203,8584.207530864194,6997.242307142857,0,LP,0.0048912000202108175
operational,2025-08-03,0.8,10751.073103174604,5967.193833169313,75935.44834889477,175.40602285714317,138062.48614999998,48699.61751865861,1182.2656417340497,49881.88316039267,5722.193216666667,9374.533221310994,13053.364702345678,14878.716751904767,7,LP,0.005097800021758303
operational,2025-08-04,0.8,5967.193833169313,6424.571769857141,79041.18186205761,0.0,138312.10694999996,49603.79864206254,0.0,49603.79864206254,3625.78634115814,6026.165064426794,18747.027526948867,14773.452153809523,0,LP,0.004637000005459413
operational,2025-08-05,0.8,6424.571769857141,6351.241868920638,76461.56885350382,1.4220766666669533,136458.4972833334,48220.46811071,9.61076766738289,48230.07887837738,3207.857733333334,4627.692519071128,18637.51502776602,15162.38408333333,2,LP,0.005446000024676323
operational,2025-08-06,0.8,6351.241868920638,6015.6099044444445,74617.63235343323,708.0597494952403,136716.0878,47173.500073270545,4712.070481545369,51885.570554815924,1486.8240640799538,2471.8692512757193,18708.780468077603,15456.18094717143,6,LP,0.009167099982732907
operational,2025-08-07,0.8,6015.6099044444445,6600.793014788362,73984.96763299825,40.1211285714287,136850.75446666667,46871.025065072376,270.8646806071437,47141.889745679524,3210.536613239267,3131.683925731927,19832.72722783656,15537.844255238097,2,LP,0.00803769999765791
operational,2025-08-08,0.8,6600.793014788362,10800.0,71821.52402547911,0.0,90703.2161166667,45667.013216195315,0.0,45667.013216195315,27903.245412551434,21699.456609576722,14022.970877160491,7579.320123809523,0,LP,0.004736799979582429
operational,2025-08-09,0.8,10800.0,10800.0,66384.95537687241,0.0,90303.83175,43301.55862537087,0.0,43301.55862537087,25199.306712551446,20493.607108336284,9316.381873603756,7546.269317619046,0,LP,0.004740600008517504
operational,2025-08-10,0.8,10800.0,6228.91454921164,66073.76060572603,96.66328523809455,136535.4447166666,43096.19085451719,663.4153821307095,43759.6062366479,723.1317299705986,1566.374756225743,14159.343476196365,15583.045121428577,5,LP,0.004363899992313236
operational,2025-08-11,0.8,6228.91454921164,6208.6121956772495,72106.27954135215,130.8169057142859,136422.26351666663,45657.4539869508,881.7358320816678,46539.189819032465,1944.6253109465038,1885.484197983543,20336.872226231626,16491.13862142858,6,LP,0.004815799999050796
operational,2025-08-12,0.8,6208.6121956772495,6265.150452608465,72228.03354469726,713.0635618523777,136637.59669999994,45711.32192088073,4925.3994051266145,50636.721326007355,509.75615182246133,1002.959058941798,19036.599023932977,15368.760778147627,9,LP,0.004717700008768588
operational,2025-08-13,0.8,6265.150452608465,6559.513917793651,72633.14443327404,31.615559999999846,136547.99718333327,46101.41827935578,218.42846620499898,46319.84674556077,146.03857114050265,2459.883666014108,19331.216776067027,15393.358469947618,3,LP,0.0046236999914981425
operational,2025-08-14,0.8,6559.513917793651,6237.0372969523805,72025.65186043658,88.18269952856966,135936.05536666667,45753.75504756172,597.4213773165886,46351.1764248783,810.8873044738399,1766.848859235744,20526.50721936507,16916.69980644286,5,LP,0.004737000010209158
operational,2025-08-15,0.8,6237.0372969523805,10800.0,72817.04115772485,0.0,89968.05776666665,46137.17655292228,0.0,46137.17655292228,27405.317320576138,21458.27452333333,14142.399988101117,7348.677557619048,0,LP,0.00480930000776425
operational,2025-08-16,0.8,10800.0,10800.0,67935.7285784362,0.0,90183.53035000002,44129.42633704488,0.0,44129.42633704488,27801.283511522633,21520.29519143445,8867.734256907705,7182.8647480952395,0,LP,0.0046048000222072005
operational,2025-08-17,0.8,10800.0,6324.848943238095,67619.70191161078,159.88085333333368,135369.11649999995,44013.490289110625,1077.2738914100023,45090.76418052064,3387.9847499999996,2558.0166917166275,14188.54556656085,15520.357860000006,6,LP,0.0046820999996270984
operational,2025-08-18,0.8,6324.848943238095,6427.944927740741,72303.82304389423,121.4869852380956,135710.1747166666,45969.36936558474,825.1274236616691,46794.496789246405,1970.9841489476787,2136.7961877542502,20161.198366901837,16237.784291138098,4,LP,0.004719699994893745
operational,2025-08-19,0.8,6427.944927740741,6330.065646301586,72089.27828671227,186.35381571428536,135364.48288333326,45912.11572271041,1257.114280749045,47169.23000345945,2712.4827261963533,1828.7362095590775,18446.54984192828,15029.796725257145,5,LP,0.006611399992834777
operational,2025-08-20,0.8,6330.065646301586,6173.4733014973535,71557.50300860581,3413.7977662523817,135048.05366666662,45575.24710707517,21478.21067650608,67053.45778358124,0.0,902.8208332098834,18730.115712134037,15312.326837152379,11,LP,0.0046925999922677875
operational,2025-08-21,0.8,6173.4733014973535,6572.363628132275,72892.66275454439,11.158915238094892,134971.79889999994,46292.21725273495,76.38346270261667,46368.60071543756,1269.0672333333332,1822.4199045914147,18994.288181857726,15026.372133333334,2,LP,0.004664599982788786
operational,2025-08-22,0.8,6572.363628132275,10800.0,72473.76622733097,0.0,90531.73040000003,46069.21106670018,0.0,46069.21106670018,24411.137456995886,20441.124314126984,13610.85432382716,7219.919267619048,0,LP,0.004713300004368648
operational,2025-08-23,0.8,10800.0,10800.0,68357.50114691358,0.0,89697.14623333332,44507.89766062709,0.0,44507.89766062709,22497.895220164613,21675.199759570845,8707.368511463843,7052.968494285715,0,LP,0.005754900019383058
operational,2025-08-24,0.8,10800.0,6205.752871582009,69221.7767153439,0.0,135068.0714,44931.1433057986,0.0,44931.1433057986,3773.952207742508,3002.2861989476764,14983.006531034685,16271.057705714287,0,LP,0.00464339999598451
operational,2025-08-25,0.8,6205.752871582009,6249.103510878306,74460.22886600235,1224.276812419038,134511.61374999996,47261.01928269794,8447.983544934727,55709.002827632656,0.0,1041.8112416578504,20161.009709106413,16291.402289009535,2,LP,0.004812800005311146
operational,2025-08-26,0.8,6249.103510878306,6659.638941216932,75339.66945216931,11.545638571428867,134368.9639333333,47773.637567175814,77.86854136024009,47851.50610853606,1938.7246730452691,3622.055935561428,20484.916902610235,16223.300803809529,2,LP,0.005320600001141429
operational,2025-08-27,0.8,6659.638941216932,6362.660094015869,74888.26760588477,1.6508690476190395,133788.38209999996,47608.746175652326,11.15409672023804,47619.90027237256,1250.0330451969437,2016.9389952439742,20926.729106872423,17217.93153904762,1,LP,0.00461809997796081
operational,2025-08-28,0.8,6362.660094015869,6383.732324227512,74787.39248385654,754.7805734047527,134543.81656666673,47631.75803597079,5248.50360440346,52880.26164037425,0.0,874.1667738977067,20427.612067577902,16527.400767547635,4,LP,0.004502399999182671
operational,2025-08-29,0.8,6383.732324227512,10800.0,75760.33367016459,0.0,88328.33255000002,48117.857670538,0.0,48117.857670538,21746.1501744856,24637.255979541456,14984.559252328045,8162.852086190475,0,LP,0.004796699999133125
operational,2025-08-30,0.8,10800.0,10800.0,71110.77756643739,0.0,89025.08758333338,46152.391675393286,0.0,46152.391675393286,27025.00427119341,23884.742952010583,8885.844788947676,7197.534279047619,0,LP,0.005432799982372671
operational,2025-08-31,0.8,10800.0,6611.976598010581,70492.63561951795,21.920979999999986,133365.3598333333,45906.69811051477,152.9207564799999,46059.618866994766,2121.550678295125,2581.4961171134696,15442.672539823627,16277.785819047618,1,LP,0.004914099990855902
operational,2025-09-01,0.8,6611.976598010581,9582.547133772485,75665.4246619753,0.0,121263.61926666668,48085.98028029579,0.0,48085.98028029579,4609.719049053506,11134.422767848322,19334.920155549677,12987.77184380952,0,LP,0.004643699998268858
operational,2025-09-02,0.8,9582.547133772485,9057.053483296293,69757.08852816578,0.0,121532.82415000007,44901.02109801919,0.0,44901.02109801919,3211.135983333334,9581.955094432684,17785.188872780724,14878.947272380956,0,LP,0.0049276000063400716
operational,2025-09-03,0.8,9057.053483296293,8535.625490095235,68620.21452078191,0.0,121433.71643333333,43877.71214296018,0.0,43877.71214296018,3514.8242999999993,7008.740690217519,15885.355128659623,13336.42284809524,0,LP,0.004891799995675683
operational,2025-09-04,0.8,8535.625490095235,8111.885439216934,66879.9770714991,0.0,121061.17303333328,42579.18845366265,0.0,42579.18845366265,3881.9569666666666,6050.415693680186,17912.657404961792,14890.618543809525,0,LP,0.004617400001734495
operational,2025-09-05,0.8,8111.885439216934,10800.0,64789.33526399752,0.0,75132.98044999999,41222.182860912915,0.0,41222.182860912915,28794.342104320993,24519.224830875835,11748.439775943561,7096.933113809523,0,LP,0.005180499982088804
operational,2025-09-06,0.8,10800.0,10800.0,59616.437882827755,0.0,75826.37416666665,38488.13322736873,0.0,38488.13322736873,27503.794532098764,22611.970053356854,9366.261038800709,7586.671441428572,0,LP,0.004720899974927306
operational,2025-09-07,0.8,10800.0,6773.785879857142,58078.0051528289,0.0,120781.00903333336,37317.74719646887,0.0,37317.74719646887,958.5940979365104,2838.2987555496766,15493.270477918872,16173.141795242856,0,LP,0.004769099992699921
operational,2025-09-08,0.8,6773.785879857142,5962.209675661374,60790.2744499857,1792.7403562888885,121400.59243333335,37869.376423556605,12096.477602111792,49965.8540256684,0.0,307.04990961198894,19004.283932134036,16123.888568804758,8,LP,0.00506409999798052
operational,2025-09-09,0.8,5962.209675661374,6174.06518064021,62956.067465385066,186.26969205714477,121082.23558333333,39069.336296682675,1298.8739173406418,40368.21021402332,4225.216744591421,1838.628000770138,19920.990478594944,15945.332333180952,2,LP,0.004669899994041771
operational,2025-09-10,0.8,6174.06518064021,6078.865709571427,62292.52506176533,2903.230431899997,121274.78848333338,38809.025093338554,18200.016630000267,57009.04172333882,0.0,256.5013776190484,19520.71047372722,15897.455007680957,14,LP,0.004853599995840341
operational,2025-09-11,0.8,6078.865709571427,6407.583655037037,63635.832377813065,6.071666666666715,120746.77835000001,39462.16257966174,40.929105000000334,39503.09168466173,3755.336890681954,2140.151592945328,20813.07171894768,16562.741941428565,1,LP,0.005415399995399639
operational,2025-09-12,0.8,6407.583655037037,10800.0,63027.34330919458,0.0,75687.22711666669,39141.22629530642,0.0,39141.22629530642,24571.618155967088,20118.50431513228,14907.31540857143,8121.750770476191,0,LP,0.004667700006393716
operational,2025-09-13,0.8,10800.0,10800.0,58889.13341443856,0.0,75063.58311666665,37503.00223220907,0.0,37503.00223220907,28206.43829753087,20810.507793644916,9816.2412627866,7951.155422857144,0,LP,0.004610300005879253
operational,2025-09-14,0.8,10800.0,5978.517552915343,58927.299108882995,252.59041159047524,121237.69566666667,37593.03744398156,1640.017494132298,39233.054938113855,0.0,390.7082845561408,15943.10888575545,17253.252399838093,3,LP,0.004842599999392405
operational,2025-09-15,0.8,5978.517552915343,6180.240223677249,65426.99988526749,16.077191428569904,120760.02988333338,40471.40892096436,111.87384928903697,40583.2827702534,3062.6913380305705,2991.4394422398523,21791.396102139915,17469.480439047613,2,LP,0.004807899997103959
operational,2025-09-16,0.8,6180.240223677249,5960.3212729788365,64466.738161163994,93.21782285714278,121843.35746666664,40047.1287509997,638.7638544338091,40685.89260543351,692.6143384479709,611.9131546266923,20850.45033285126,17086.791825238095,3,LP,0.004816000000573695
operational,2025-09-17,0.8,5960.3212729788365,6030.715905042328,65947.67609097589,7.62916666666672,120924.79499999994,40834.81273412865,34.70889375000024,40869.521627878654,0.0,1793.1831556848952,21782.360700529094,17580.35699857143,1,LP,0.005065799981821328
operational,2025-09-18,0.8,6030.715905042328,6163.347022608464,65328.24397910637,174.729962761904,120804.1163666667,40527.40022448786,1045.439177964709,41572.83940245256,368.8734315285104,1942.8657217695409,21662.187716284534,17427.004044380952,5,LP,0.005126199976075441
operational,2025-09-19,0.8,6163.347022608464,10800.0,66012.64376483834,0.0,75287.12646666665,40992.09460627214,0.0,40992.09460627214,20974.47246487948,21903.566373997644,15054.025945485011,8020.773336190477,0,LP,0.00542120001045987
operational,2025-09-20,0.8,10800.0,10800.0,61516.99435592003,0.0,75330.72763333337,39246.08255328424,0.0,39246.08255328424,21415.387672569075,22499.969725349787,10295.806445620223,8339.603220952382,0,LP,0.004862000001594424
operational,2025-09-21,0.8,10800.0,6164.117412857142,62614.298316843044,22.77890022857307,120862.2829833333,39932.57902648653,98.26804808459836,40030.84707457113,2668.96388542034,3106.2480418577325,14456.169130993534,15881.791324533338,2,LP,0.004695500014349818
operational,2025-09-22,0.8,6164.117412857142,6005.958599550267,67575.96007343913,19.555900000000065,121218.04173333335,41941.483751508844,131.78740035000044,42073.27115185884,2178.599033333333,1012.4051160787736,20699.130908788942,16908.638968095238,2,LP,0.0057551999925635755
operational,2025-09-23,0.8,6005.958599550267,6186.501180857142,68258.92060576133,586.6419428904734,121182.28133333329,42287.28229546617,3891.765458708234,46179.047754174404,1072.5979244738412,1438.242112298649,21345.361080893577,17127.25415234762,5,LP,0.005432600009953603
operational,2025-09-24,0.8,6186.501180857142,6323.952426973546,68609.70735032333,85.5844128999978,121014.19341666662,42681.99059230146,417.0262732302224,43099.01686553167,1591.1139971428565,1826.0186249323942,21532.77852443856,17317.84448329047,3,LP,0.0047790999815333635
operational,2025-09-25,0.8,6323.952426973546,6043.584133793653,68570.52181049972,15.37166666666667,120546.34715000007,42658.63504869148,103.4974316666667,42762.13248035815,2312.1534999999994,2300.2615655144127,20475.584081651963,16837.55457,1,LP,0.0049276000063400716
operational,2025-09-26,0.8,6043.584133793653,10800.0,68822.95854589062,0.0,74194.35371666666,42753.04147419925,0.0,42753.04147419925,19387.60372707231,24564.021157642568,15243.76779784244,8066.6776366666645,0,LP,0.0049297999939881265
operational,2025-09-27,0.8,10800.0,10796.865782539682,63772.16452303352,0.0,75945.77174999997,40702.21046267033,0.0,40702.21046267033,21027.274033568494,22993.493297184003,10278.503884185768,8328.40894190476,0,LP,0.004827999975532293
operational,2025-09-28,0.8,10796.865782539682,6176.084657190476,64097.366314950035,154.8650201666639,120389.61958333332,40859.38122132445,750.9217876749865,41610.30300899944,0.0,1715.0605617401584,16885.497997495586,17835.956390785723,4,LP,0.004510799975832924
operational,2025-09-29,0.8,6176.084657190476,6144.644870021164,70171.27006086419,71.08708428571447,121111.41479999997,43573.354083746795,432.0463420109537,44005.40042575775,1019.1265358024635,2392.0730459788315,21576.640904320997,17505.374940952384,3,LP,0.004785700002685189
operational,2025-09-30,0.8,6144.644870021164,6257.465201973546,70740.30948496769,269.4439584523788,120916.45506666665,44014.17337431475,1682.1454046258043,45696.31877894055,48.82875523809278,1162.9255872839506,22496.24229196943,18120.417957738096,6,LP,0.005093899992061779
operational,2025-10-01,0.8,6257.465201973546,8059.397763761904,71484.6462816108,0.0,117218.45471666665,44528.42280975864,0.0,44528.42280975864,7045.770030852446,9482.416495520283,19332.625875238093,14037.687653333332,0,LP,0.004772200016304851
operational,2025-10-02,0.8,8059.397763761904,8091.500361380956,67859.15117902408,0.0,117231.7097833333,42533.46835601173,0.0,42533.46835601173,5465.157732704289,7065.4522637977725,18783.50383156967,15185.745765714284,0,LP,0.004791799990925938
operational,2025-10-03,0.8,8091.500361380956,10800.0,66557.23073742504,0.0,71524.19113333334,41585.21611966862,0.0,41585.21611966862,26849.185665196947,27105.49827011757,12356.544354491469,7571.151252380951,0,LP,0.005092100007459521
operational,2025-10-04,0.8,10800.0,10800.0,62131.47821911816,0.0,72397.41483333331,39389.664064059085,0.0,39389.664064059085,22233.59736651969,24974.95022266313,9615.516824221048,7788.56862761905,0,LP,0.004700100020272657
operational,2025-10-05,0.8,10800.0,7145.447470047618,61438.08206332155,0.0,117604.42090000003,38849.422480840905,0.0,38849.422480840905,3600.264692345684,3493.0732871193386,15252.00154814227,15643.218530952383,0,LP,0.004753399989567697
operational,2025-10-06,0.8,7145.447470047618,6644.110953777778,64184.92987634334,0.0,117896.13613333333,39632.098418209695,0.0,39632.098418209695,1789.4775842680783,1366.91828516755,19719.09274500293,16423.66798809524,0,LP,0.004715799994301051
operational,2025-10-07,0.8,6644.110953777778,6622.780701164024,63681.93577864782,65.83738389523688,117357.17863333324,39080.6722988014,317.1869560876035,39397.859254889,540.6629028571389,1428.6627036507923,21189.9041230923,17183.01956705714,3,LP,0.004558599990559742
operational,2025-10-08,0.8,6622.780701164024,6355.809156910052,62597.797563151085,0.0,117391.06235000005,38230.44092534466,0.0,38230.44092534466,1090.7830990299892,1317.6032798882945,20795.73635470899,17084.82083714285,0,LP,0.004723599995486438
operational,2025-10-09,0.8,6355.809156910052,6329.7070057936535,63598.47066579072,0.0,117432.9897333333,38773.38309555126,0.0,38773.38309555126,2383.020387542618,1479.7279525808365,21048.592517572022,17072.85187523809,0,LP,0.004678500001318753
operational,2025-10-10,0.8,6329.7070057936535,10800.0,64255.37055924162,0.0,72371.53011666666,39225.5090459048,0.0,39225.5090459048,26589.87738089359,21479.513561793054,14837.394763697821,7995.026063809523,0,LP,0.004830199992284179
operational,2025-10-11,0.8,10800.0,10800.0,59502.97332967075,0.0,71790.96475,37367.642678567274,0.0,37367.642678567274,21805.484509641392,21618.555945008822,10382.206798353907,8409.587506666665,0,LP,0.004977600008714944
operational,2025-10-12,0.8,10800.0,6061.951067645498,59647.40797038214,20.929933333333338,117709.38418333342,37504.4678705034,98.03580773333336,37602.50367823674,933.227036990011,1495.413072945321,15731.504471399183,17006.762660952383,1,LP,0.004723499994724989
operational,2025-10-13,0.8,6061.951067645498,6154.638053497355,65207.61091542623,14.338278571426258,117677.75383333332,39888.35545727911,100.02383131426957,39988.37928859338,2278.819594726631,1782.8613480246934,21312.91928410347,17180.046332857142,1,LP,0.004943300009472296
operational,2025-10-14,0.8,6154.638053497355,6039.505753137564,64991.53156216934,540.9420672761876,118032.22918333327,39821.161225690936,3022.655309368367,42843.816535059304,0.0,759.4057060376283,21593.987949465023,17594.74930939049,5,LP,0.0045609999797306955
operational,2025-10-15,0.8,6039.505753137564,6161.712917142856,65714.31084018812,650.3288808714179,117342.48076666666,40330.272041055294,4481.985928353668,44812.25796940896,0.0,361.19188088182887,20912.830224068202,16829.406033890486,3,LP,0.005114900006446987
operational,2025-10-16,0.8,6161.712917142856,6348.410747619048,66317.1496336155,1510.721004089237,117733.27633333336,40690.25718621039,10228.538688674482,50918.79587488486,0.0,529.4556028571367,21915.337039047616,17583.394954200005,6,LP,0.005130199977429584
operational,2025-10-17,0.8,6348.410747619048,10800.0,67239.8253700529,0.0,71943.17253333335,41313.97666811533,0.0,41313.97666811533,20917.204470922985,23517.81801771898,14706.174934744267,7905.571369999998,0,LP,0.004625000001396984
operational,2025-10-18,0.8,10800.0,10800.0,63261.82849860082,0.0,71656.70145000001,39780.98878729487,0.0,39780.98878729487,21156.49015499118,24211.95146228688,9562.07165608465,7745.278041428571,0,LP,0.004539399989880621
operational,2025-10-19,0.8,10800.0,6083.1123966349205,63567.01812479714,1129.6870180190497,117991.24738333332,39921.124015697314,7736.721458581088,47657.845474278394,544.2716342445601,1334.4126019517971,16723.669559553204,17791.371186266664,5,LP,0.005115400010254234
operational,2025-10-20,0.8,6083.1123966349205,6040.81885015344,69857.26049994711,864.2549262047617,117903.31865000003,42866.1607317751,4266.8161397792,47132.976871554296,0.0,2164.777290464424,21863.26295186362,17747.30718284285,7,LP,0.00456490000942722
operational,2025-10-21,0.8,6040.81885015344,6165.104637772484,71112.29144184009,310.2685967285676,117800.84898333332,43676.47767324456,1488.882849588282,45165.36052283284,0.0,608.5729687771885,22313.41321544385,17962.00749565239,4,LP,0.004958400008035824
operational,2025-10-22,0.8,6165.104637772484,6119.47360978836,71844.87397781305,991.4089222238092,117671.98653333336,44105.191564450375,4793.06070166065,48898.25226611103,822.4087842857115,2378.41788547325,21692.77608138742,17612.216551109526,7,LP,0.0049678000214044005
operational,2025-10-23,0.8,6119.47360978836,6436.2593888994725,72538.85152044678,0.0,117212.01551666661,44625.08196400441,0.0,44625.08196400441,1049.53975,3591.324469124046,22280.963509417983,17762.47324142857,0,LP,0.004731499997433275
operational,2025-10-24,0.8,6436.2593888994725,10800.0,72309.65632901233,0.0,72135.5185333333,44536.79158565872,0.0,44536.79158565872,20737.134778900647,26459.591378265715,14555.33107994121,7862.451624761903,0,LP,0.004526899982010946
operational,2025-10-25,0.8,10800.0,10800.0,67848.3456847854,0.0,72042.78699999997,42824.85128961667,0.0,42824.85128961667,19931.412482727803,26730.851595778957,9408.67827865961,7621.029405714284,0,LP,0.004853500024182722
operational,2025-10-26,0.8,10800.0,6443.576736793648,68371.53677798357,0.0,117422.34435000003,43233.45749615599,0.0,43233.45749615599,1304.9157147501544,3356.1830149441435,16246.878781622576,17080.75275,0,LP,0.00456339999800548
operational,2025-10-27,0.8,6443.576736793648,6051.540504931216,73049.65651000585,276.6069525503892,117790.56431666661,45095.81787911512,1884.354713791515,46980.17259290664,1604.457496161079,4461.186479976488,21373.002254885352,17664.964435133326,2,LP,0.005112299986649305
operational,2025-10-28,0.8,6051.540504931216,6246.487471492064,73443.64072115815,0.0,117514.14480000001,45315.9340005461,0.0,45315.9340005461,435.38838368018935,2606.235321481488,22390.226558377424,17960.631242380954,0,LP,0.004826799995498732
operational,2025-10-29,0.8,6246.487471492064,6106.271662550265,72875.69245885947,1264.7720743761945,117721.61451666661,45041.40092532668,8015.195679584302,53056.59660491098,0.0,723.2778682304515,22269.074173962355,18164.14430895714,10,LP,0.004567999974824488
operational,2025-10-30,0.8,6106.271662550265,6343.246267783071,74224.73688735448,3.641833333333352,116916.07056666665,45879.06912201621,17.058347333333423,45896.12746934954,1472.529674850088,3551.3184742798344,22123.346193938858,17706.633272380946,1,LP,0.005242899991571903
operational,2025-10-31,0.8,6343.246267783071,10800.0,74211.84884041148,0.0,71748.98903333335,45965.29591749913,0.0,45965.29591749913,15849.056783315695,27675.931659006466,14586.789328565546,7804.220997142854,0,LP,0.0048186000203713775
operational,2025-11-01,0.8,10800.0,10800.0,70066.00657821281,0.0,71974.20948333332,44433.76923431388,0.0,44433.76923431388,17447.943511105233,28334.87437592005,9153.422409758965,7414.272151904762,0,LP,0.004586399998515844
operational,2025-11-02,0.8,10800.0,6174.930664486773,70526.28343594764,130.89438428571555,117843.23631666665,44726.693097946496,913.1192247771517,45639.81232272365,256.03645324514576,2315.7130008112827,18166.351762134043,18877.307329290477,1,LP,0.00450559999444522
operational,2025-11-03,0.8,6174.930664486773,6340.427901603173,76374.85792778133,0.0,117808.91503333332,47471.75734206092,0.0,47471.75734206092,530.70245,2029.9946589065164,21896.226432298638,17586.995896757147,0,LP,0.004804500000318512
operational,2025-11-04,0.8,6340.427901603173,6092.348471142857,77192.20131546316,123.22263708571495,117396.61073333328,48004.51459639529,727.7788481198814,48732.29344451517,1093.9183129806008,4829.909600264551,21235.76575465608,17424.24174868572,4,LP,0.004841000016313046
operational,2025-11-05,0.8,6092.348471142857,6456.851730201059,77534.87152369524,0.0,117764.4076166667,48213.35649257102,0.0,48213.35649257102,712.3265191769488,2531.770484638452,22551.06063189888,17938.306178685714,0,LP,0.004938400001265109
operational,2025-11-06,0.8,6456.851730201059,6196.862401111106,77122.88504861946,524.5507879809564,117713.09413333329,48021.35161960416,2571.090290261553,50592.44190986571,0.0,2189.348175208698,22749.96582932981,18661.462717938095,6,LP,0.004921100015053526
operational,2025-11-07,0.8,6196.862401111106,10800.0,78620.35672704161,0.0,72212.37866666667,49035.58257004121,0.0,49035.58257004121,17294.55645823045,31129.647055914153,14394.039950335113,7516.348520771429,0,LP,0.005398799985414371
operational,2025-11-08,0.8,10800.0,10800.0,73434.23473617142,0.0,72034.86681666666,46889.78312991318,0.0,46889.78312991318,16544.619778600827,31457.04307119929,8638.762033533218,6997.397247161908,0,LP,0.005180799984373152
operational,2025-11-09,0.8,10800.0,6218.241321465609,73609.68702283812,0.0,117877.6701666666,47037.94451041728,0.0,47037.94451041728,612.6961000000001,2489.0665918988857,17287.84188572016,18126.73473811429,0,LP,0.005223999993177131
operational,2025-11-10,0.8,6218.241321465609,6096.395661428571,79033.96738233503,7.605470876187837,118420.10276666663,49396.85711433033,29.52443794136118,49426.38155227169,137.33407223397893,774.820808495004,23055.97877113461,18785.00389865238,1,LP,0.005289599997922778
operational,2025-11-11,0.8,6096.395661428571,6167.657657767199,79988.99212771907,0.0,117957.86745000003,50111.30686700548,0.0,50111.30686700548,426.71609999999976,3788.4593279071087,21845.58545495003,17630.788421804762,0,LP,0.00473370001418516
operational,2025-11-12,0.8,6167.657657767199,6304.458250820105,80281.74178324433,0.0,117416.71383333333,50338.3993120162,0.0,50338.3993120162,463.5332000000002,4524.770092910055,22180.6852978248,17843.234557490476,0,LP,0.0045590999943669885
operational,2025-11-13,0.8,6304.458250820105,6313.004078111114,80115.76590357765,2.010533333333342,117780.10726666663,50355.061644108064,9.417338133333374,50364.478982241395,266.887333333333,3389.8892890123425,21354.932912298646,17289.804414399994,1,LP,0.00460179999936372
operational,2025-11-14,0.8,6313.004078111114,10800.0,80222.07743210574,0.0,71737.89309999999,50416.67433094554,0.0,50416.67433094554,13522.607208641977,32561.853510358607,13162.447807395647,6623.286394290476,0,LP,0.004622099979314953
operational,2025-11-15,0.8,10800.0,10800.0,75875.36491251884,0.0,72466.97681666666,48750.99669336967,0.0,48750.99669336967,13069.319936625514,32965.55067314521,8571.617821481477,6943.010435399999,0,LP,0.0045433999912347645
operational,2025-11-16,0.8,10800.0,6248.701933687832,76527.49548361673,0.0,118360.27023333324,49244.51353474922,0.0,49244.51353474922,270.2006666666666,2501.613847178135,17985.81497957671,18664.678393138092,0,LP,0.004829799989238381
operational,2025-11-17,0.8,6248.701933687832,6443.272305502646,81884.69619906205,0.0,117269.71064999998,51582.75588484885,0.0,51582.75588484885,269.16134999999986,4558.551695097008,22032.18676841269,17670.957947780957,0,LP,0.004719499993370846
operational,2025-11-18,0.8,6443.272305502646,6240.839031767193,81332.76880573024,0.0,117783.68649999997,51254.90666992122,0.0,51254.90666992122,23.95728333333318,2439.0020997824668,21902.355450752504,17923.097861471433,0,LP,0.004850299999816343
operational,2025-11-19,0.8,6240.839031767193,6080.136025417993,81875.223486167,1.3850000000001046,118179.70134999994,51509.492101216136,6.301057500000476,51515.79315871614,0.0,2183.0409236037626,23525.729833039393,19200.473870476195,1,LP,0.0044787999941036105
operational,2025-11-20,0.8,6080.136025417993,6313.997372185185,82613.1987642504,0.0,117846.45723333335,51948.07737947877,0.0,51948.07737947877,94.43773333333331,3185.1745507642395,22789.659130152857,18249.14868333333,0,LP,0.005122700007632375
operational,2025-11-21,0.8,6313.997372185185,10800.0,82750.14421787184,0.0,71999.17709999997,52138.35644297424,0.0,52138.35644297424,12891.778726543213,34480.255319947086,13033.28284042916,6519.556735714283,0,LP,0.004510600003413856
operational,2025-11-22,0.8,10800.0,10800.0,77949.01938961199,0.0,72549.91013333337,50169.38976304957,0.0,50169.38976304957,11832.103250205766,34282.395813774245,8498.37285420341,6883.682011904763,0,LP,0.004565200011711568
operational,2025-11-23,0.8,10800.0,6213.1169688042355,78240.78485952377,0.0,117782.69220000003,50365.632737391985,0.0,50365.632737391985,193.09595000000013,3448.568323403878,18395.889636119926,19028.86533333333,0,LP,0.004980400000931695
operational,2025-11-24,0.8,6213.1169688042355,5988.051633603173,83665.79598363904,43.211798152380176,117975.6878166666,52706.061091721385,255.36366517900464,52961.424756900386,310.70213333333345,5320.018322045853,21678.43383206936,17762.090205657147,3,LP,0.004717900010291487
operational,2025-11-25,0.8,5988.051633603173,6274.808444915347,84062.53470602586,0.0,117682.39221666665,52907.1043666414,0.0,52907.1043666414,100.00658333333354,3100.168767624924,23345.356622210467,18651.657733809527,0,LP,0.0048405000125057995
operational,2025-11-26,0.8,6274.808444915347,6494.587910761905,83911.38962229277,32.99316666666664,117686.43673333332,52897.92295636285,154.53999266666654,53052.46294902952,2.9483333333332666,2468.651073985879,23775.34199497354,19060.225496666666,1,LP,0.005149900011019781
operational,2025-11-27,0.8,6494.587910761905,6549.794191121697,83716.43855196353,0.0,117198.14165,52805.20997649248,0.0,52805.20997649248,77.08986666666658,3479.855405783591,22783.762599242862,18405.162053062904,0,LP,0.004404600011184812
operational,2025-11-28,0.8,6549.794191121697,10800.0,83824.4134614991,0.0,72239.02128333332,52907.85580904594,0.0,52907.85580904594,10968.856673251032,35530.24562857732,13573.091482527918,7169.018872857145,0,LP,0.0050737999845296144
operational,2025-11-29,0.8,10800.0,10800.0,79440.9294549853,0.0,72156.19988333333,51225.52518774679,0.0,51225.52518774679,7267.596713991764,35612.45205109347,8586.476788947683,6955.0461990476215,0,LP,0.004441999975824729
operational,2025-11-30,0.8,10800.0,6096.973814846561,80149.62368818339,126.94518950952545,118008.83443333332,51684.22227082497,880.543602532735,52564.76587335771,0.0,526.1329031040589,19675.428550317454,20169.820692395235,2,LP,0.004525099997408688
operational,2025-12-01,0.8,6096.973814846561,5943.486591370371,86193.18939078192,5086.11580348572,125291.39163333336,54411.841472029104,26150.69299154281,80562.53446357191,0.0,451.6070009523811,24562.678742686636,20033.908282704753,17,LP,0.004946900007780641
operational,2025-12-02,0.8,5943.486591370371,5992.662747513226,88434.76925006465,4955.728443614276,125400.62360000004,56000.97916595296,25941.14242266925,81942.1215886222,0.0,107.15765095238066,24217.21869577894,19571.688603052393,22,LP,0.005767000024206936
operational,2025-12-03,0.8,5992.662747513226,6000.210076608468,90703.44664583779,1481.9626260619043,124622.93113333329,57691.78941443624,7688.592216351629,65380.381630787866,0.0,300.9278766666655,24815.474907266307,20093.7420787,10,LP,0.004437600000528619
operational,2025-12-04,0.8,6000.210076608468,6307.778006354495,92677.64635637272,1584.0906532761956,125336.25094999997,59025.56913557103,7891.625954570205,66917.19509014123,0.0,2413.89049208113,25262.245425243957,20185.607657676184,8,LP,0.004759400006150827
operational,2025-12-05,0.8,6307.778006354495,10800.0,93921.64621061723,0.0,78868.07108333331,60012.46074387506,0.0,60012.46074387506,5863.244833333333,39994.99276843029,14256.742795996479,7504.961870476191,0,LP,0.004875200014794245
operational,2025-12-06,0.8,10800.0,10800.0,90457.10115786007,0.0,79470.82115,59029.03380552909,0.0,59029.03380552909,4782.9131,40258.6139978836,9215.490754262204,7464.547510952381,0,LP,0.005215499986661598
operational,2025-12-07,0.8,10800.0,6189.353888730157,91714.3815894297,66.94599751428484,125067.46291666671,59948.50938737835,414.3865329751271,60362.89592035349,0.0,4709.090045238092,18784.935746572603,19365.37945486667,2,LP,0.004545899981167167
operational,2025-12-08,0.8,6189.353888730157,6433.510638555554,97920.70736240449,0.0,124410.3539333333,62866.44001769402,0.0,62866.44001769402,0.0,5317.376202874775,23875.67877905349,19119.558736190473,0,LP,0.004702800011727959
operational,2025-12-09,0.8,6433.510638555554,6232.037002735452,97645.86749852439,85.1991680952384,124694.68108333329,62725.266651009115,495.0714946983351,63220.33814570744,0.0,5951.394908348028,24066.019809700174,19674.802318095237,2,LP,0.004700099991168827
operational,2025-12-10,0.8,6232.037002735452,6387.49704589418,97720.33950436213,0.0,124378.76451666663,62752.30248267844,0.0,62752.30248267844,0.0,4688.696085878896,23705.846910388005,19061.82195857143,0,LP,0.0048325000097975135
operational,2025-12-11,0.8,6387.49704589418,6633.4805782751355,97826.41524590824,0.0,123787.79896666658,62867.01967621621,0.0,62867.01967621621,0.0,7175.485034650198,23517.317537448565,18827.642026190475,0,LP,0.004672699986258522
operational,2025-12-12,0.8,6633.4805782751355,10800.0,97199.77537447974,0.0,78661.70368333337,62470.17420277155,0.0,62470.17420277155,3891.93838340388,43276.35874654321,13511.564640246912,7194.49987904762,0,LP,0.004611599986674264
operational,2025-12-13,0.8,10800.0,10800.0,92904.0390910817,0.0,78840.15755000003,60736.86153562165,0.0,60736.86153562165,4230.351466666666,43129.11017703705,9189.705600235153,7443.661536190476,0,LP,0.004544399998849258
operational,2025-12-14,0.8,10800.0,6217.034287513227,92937.99551301003,0.0,124522.58585000002,60805.538102306506,0.0,60805.538102306506,0.0,4617.751385743676,19295.744571075837,19754.222243809527,0,LP,0.005198800005018711
operational,2025-12-15,0.8,6217.034287513227,6352.507078724864,98083.92713594939,32.601880952381066,124305.22548333331,62978.48983842132,189.36802551190542,63167.85786393323,0.0,3829.260830188123,24714.656357666066,19896.946137619056,1,LP,0.004357800004072487
operational,2025-12-16,0.8,6352.507078724864,6194.733221851855,98254.87034927108,43.24730952380969,124646.94338333338,63134.965100112284,251.20199736904857,63386.16709748133,0.0,4432.452425614336,24155.63353175191,19708.059631904758,1,LP,0.005128499993588775
operational,2025-12-17,0.8,6194.733221851855,6389.530148698419,98605.06357901827,7.007309523809681,124466.55465000003,63295.10480922386,40.70195736904853,63335.80676659291,0.0,5712.756228689011,23853.42294223397,19145.955349047617,1,LP,0.004626700014341623
operational,2025-12-18,0.8,6389.530148698419,6540.62212766138,98223.3399224221,9.432071428571021,124315.3592666666,63075.35111915031,54.78618689285477,63130.137306043165,0.0,6060.963397907116,24576.625516895932,19771.083887619054,1,LP,0.004713200003607199
operational,2025-12-19,0.8,6540.62212766138,10800.0,98197.05243955909,0.0,78593.32543333336,63126.068990008345,0.0,63126.068990008345,5304.295702927686,43490.03020124043,14004.711317295705,7510.376081904759,0,LP,0.005438600026536733
operational,2025-12-20,0.8,10800.0,10800.0,93361.4542940153,0.0,78668.52011666668,61105.3820058437,0.0,61105.3820058437,5488.809465825983,43201.06094348031,9553.850708994709,7738.619074285715,0,LP,0.00565369997639209
operational,2025-12-21,0.8,10800.0,6323.471259566138,93220.42312067606,18.571357142856982,124376.4409666666,60996.932456251605,107.87172796428477,61104.80418421589,0.0,4590.413305361556,19156.185116743087,19545.38581095238,1,LP,0.004791300016222522
operational,2025-12-22,0.8,6323.471259566138,6167.808530931217,98180.80161318634,40.703653595237164,124718.45381666665,63021.468883493355,240.2080517750897,63261.67693526846,0.0,4804.834121669611,24312.318513421505,19833.07445164286,4,LP,0.005776000005425885
operational,2025-12-23,0.8,6167.808530931217,6386.252249095241,98254.4954269018,0.0,123956.6545666666,63036.97108985527,0.0,63036.97108985527,0.0,6222.454320799527,24091.31171800706,19317.363145238094,0,LP,0.00479300000006333
operational,2025-12-24,0.8,6386.252249095241,6309.309338529101,97593.07631957083,45.79201190476215,123954.37128333331,62613.27523399071,265.9829011488109,62879.25813513951,0.0,5287.7489907289855,24030.57180836566,19534.011784285714,1,LP,0.004737499984912574
operational,2025-12-25,0.8,6309.309338529101,6471.290051666667,97456.47192629626,10.42986904761915,123789.85790000002,62571.66146001729,60.58189436309583,62632.24335438038,0.0,4973.977023133448,23866.808405543794,19186.332166666663,1,LP,0.004676999989897013
operational,2025-12-26,0.8,6471.290051666667,10800.0,97362.37207793065,0.0,78270.30764999997,62489.471691863735,0.0,62489.471691863735,4859.651615196941,42932.78956915932,14034.050035479126,7471.741575238096,0,LP,0.004684699990320951
operational,2025-12-27,0.8,10800.0,10800.0,92572.24894833038,0.0,78409.18393333335,60501.44085175677,0.0,60501.44085175677,4417.614633333333,43099.89525528513,9031.210489711932,7315.280496666666,0,LP,0.004702399979578331
operational,2025-12-28,0.8,10800.0,6475.8078869735455,92639.83801649614,81.44221523809517,123511.26974999998,60551.47760130882,473.8836539204758,61025.3612552293,0.0,6305.255613862439,18413.382997871835,18806.613129999998,2,LP,0.005200699990382418
operational,2025-12-29,0.8,6475.8078869735455,6143.026664010581,96687.31509855376,0.0,123677.30638333333,62004.124308482475,0.0,62004.124308482475,0.0,5053.373394967661,23208.834408348026,19098.658971428573,0,LP,0.0043043000041507185
operational,2025-12-30,0.8,6143.026664010581,6244.134713063493,96120.85926245151,77.33166904761902,123526.50904999998,61400.664199987055,449.98711247452354,61850.65131246158,0.0,5307.109595661361,24082.534166790127,19415.85543095239,2,LP,0.004404700011946261
operational,2025-12-31,0.8,6244.134713063493,5947.426122333334,95239.76279569074,189.79496476190786,123791.70508333332,60806.13174281802,925.5671587340626,61731.69890155208,0.0,2289.8049754908848,25054.566227818923,20561.23637619048,3,LP,0.00454249998438172
