selector,target_date,history_start,history_end,candidate,score,chosen
rolling_cost_selector,2025-03-07,2025-02-07,2025-03-06,fixed,44099.8238837612,0
rolling_cost_selector,2025-03-07,2025-02-07,2025-03-06,blend25,44081.50453365575,0
rolling_cost_selector,2025-03-07,2025-02-07,2025-03-06,blend50,44072.79878551967,0
rolling_cost_selector,2025-03-07,2025-02-07,2025-03-06,blend75,44049.17257277962,0
rolling_cost_selector,2025-03-07,2025-02-07,2025-03-06,mean14,44024.67318254667,1
rolling_cost_selector,2025-03-07,2025-02-07,2025-03-06,mean7,44088.92815915771,0
rolling_cost_selector,2025-03-08,2025-02-08,2025-03-07,fixed,43948.729871412914,0
rolling_cost_selector,2025-03-08,2025-02-08,2025-03-07,blend25,43929.06341953517,0
rolling_cost_selector,2025-03-08,2025-02-08,2025-03-07,blend50,43920.35767139908,0
rolling_cost_selector,2025-03-08,2025-02-08,2025-03-07,blend75,43897.93232143358,0
rolling_cost_selector,2025-03-08,2025-02-08,2025-03-07,mean14,43873.82013698693,1
rolling_cost_selector,2025-03-08,2025-02-08,2025-03-07,mean7,43937.95663311709,0
rolling_cost_selector,2025-03-09,2025-02-09,2025-03-08,fixed,43805.068150670435,0
rolling_cost_selector,2025-03-09,2025-02-09,2025-03-08,blend25,43786.51330933145,0
rolling_cost_selector,2025-03-09,2025-02-09,2025-03-08,blend50,43777.090732086435,0
rolling_cost_selector,2025-03-09,2025-02-09,2025-03-08,blend75,43754.64735216447,0
rolling_cost_selector,2025-03-09,2025-02-09,2025-03-08,mean14,43730.53516771782,1
rolling_cost_selector,2025-03-09,2025-02-09,2025-03-08,mean7,43796.16364109858,0
rolling_cost_selector,2025-03-10,2025-02-10,2025-03-09,fixed,43332.73694608354,0
rolling_cost_selector,2025-03-10,2025-02-10,2025-03-09,blend25,43316.6196612657,0
rolling_cost_selector,2025-03-10,2025-02-10,2025-03-09,blend50,43307.575791913354,0
rolling_cost_selector,2025-03-10,2025-02-10,2025-03-09,blend75,43284.96681501183,0
rolling_cost_selector,2025-03-10,2025-02-10,2025-03-09,mean14,43255.85765049635,1
rolling_cost_selector,2025-03-10,2025-02-10,2025-03-09,mean7,43320.555558634966,0
rolling_cost_selector,2025-03-11,2025-02-11,2025-03-10,fixed,42936.38377640171,0
rolling_cost_selector,2025-03-11,2025-02-11,2025-03-10,blend25,42922.24320116827,0
rolling_cost_selector,2025-03-11,2025-02-11,2025-03-10,blend50,42913.76258289743,0
rolling_cost_selector,2025-03-11,2025-02-11,2025-03-10,blend75,42894.019209960716,0
rolling_cost_selector,2025-03-11,2025-02-11,2025-03-10,mean14,42863.28590016869,1
rolling_cost_selector,2025-03-11,2025-02-11,2025-03-10,mean7,42922.38117847026,0
rolling_cost_selector,2025-03-12,2025-02-12,2025-03-11,fixed,42502.28834203648,0
rolling_cost_selector,2025-03-12,2025-02-12,2025-03-11,blend25,42486.851079300344,0
rolling_cost_selector,2025-03-12,2025-02-12,2025-03-11,blend50,42476.79326356701,0
rolling_cost_selector,2025-03-12,2025-02-12,2025-03-11,blend75,42460.05201854019,0
rolling_cost_selector,2025-03-12,2025-02-12,2025-03-11,mean14,42426.92523149835,1
rolling_cost_selector,2025-03-12,2025-02-12,2025-03-11,mean7,42485.01203189931,0
rolling_cost_selector,2025-03-13,2025-02-13,2025-03-12,fixed,42085.31109384722,0
rolling_cost_selector,2025-03-13,2025-02-13,2025-03-12,blend25,42070.76350947188,0
rolling_cost_selector,2025-03-13,2025-02-13,2025-03-12,blend50,42059.33380511727,0
rolling_cost_selector,2025-03-13,2025-02-13,2025-03-12,blend75,42044.06941556411,0
rolling_cost_selector,2025-03-13,2025-02-13,2025-03-12,mean14,42010.02942972846,1
rolling_cost_selector,2025-03-13,2025-02-13,2025-03-12,mean7,42066.61926154676,0
rolling_cost_selector,2025-03-14,2025-02-14,2025-03-13,fixed,41734.91970814037,0
rolling_cost_selector,2025-03-14,2025-02-14,2025-03-13,blend25,41719.95822195111,0
rolling_cost_selector,2025-03-14,2025-02-14,2025-03-13,blend50,41707.77453401974,0
rolling_cost_selector,2025-03-14,2025-02-14,2025-03-13,blend75,41695.7978752069,0
rolling_cost_selector,2025-03-14,2025-02-14,2025-03-13,mean14,41652.26527842024,1
rolling_cost_selector,2025-03-14,2025-02-14,2025-03-13,mean7,41705.49606826903,0
rolling_cost_selector,2025-03-15,2025-02-15,2025-03-14,fixed,41619.25974806824,0
rolling_cost_selector,2025-03-15,2025-02-15,2025-03-14,blend25,41605.11639069548,0
rolling_cost_selector,2025-03-15,2025-02-15,2025-03-14,blend50,41593.86669138551,0
rolling_cost_selector,2025-03-15,2025-02-15,2025-03-14,blend75,41582.57790575125,0
rolling_cost_selector,2025-03-15,2025-02-15,2025-03-14,mean14,41539.04530896458,1
rolling_cost_selector,2025-03-15,2025-02-15,2025-03-14,mean7,41595.691661250086,0
rolling_cost_selector,2025-03-16,2025-02-16,2025-03-15,fixed,41519.93093281292,0
rolling_cost_selector,2025-03-16,2025-02-16,2025-03-15,blend25,41508.30291554023,0
rolling_cost_selector,2025-03-16,2025-02-16,2025-03-15,blend50,41496.34399213718,0
rolling_cost_selector,2025-03-16,2025-02-16,2025-03-15,blend75,41483.55397188816,0
rolling_cost_selector,2025-03-16,2025-02-16,2025-03-15,mean14,41439.758643264024,1
rolling_cost_selector,2025-03-16,2025-02-16,2025-03-15,mean7,41495.52068933324,0
rolling_cost_selector,2025-03-17,2025-02-17,2025-03-16,fixed,41147.769104112194,0
rolling_cost_selector,2025-03-17,2025-02-17,2025-03-16,blend25,41137.22693618043,0
rolling_cost_selector,2025-03-17,2025-02-17,2025-03-16,blend50,41127.187109459956,0
rolling_cost_selector,2025-03-17,2025-02-17,2025-03-16,blend75,41117.510354032434,0
rolling_cost_selector,2025-03-17,2025-02-17,2025-03-16,mean14,41073.74992618421,1
rolling_cost_selector,2025-03-17,2025-02-17,2025-03-16,mean7,41127.3304123127,0
rolling_cost_selector,2025-03-18,2025-02-18,2025-03-17,fixed,40737.9349894412,0
rolling_cost_selector,2025-03-18,2025-02-18,2025-03-17,blend25,40724.23558897981,0
rolling_cost_selector,2025-03-18,2025-02-18,2025-03-17,blend50,40713.50548350239,0
rolling_cost_selector,2025-03-18,2025-02-18,2025-03-17,blend75,40704.58696409196,0
rolling_cost_selector,2025-03-18,2025-02-18,2025-03-17,mean14,40660.468943713764,1
rolling_cost_selector,2025-03-18,2025-02-18,2025-03-17,mean7,40711.7155160457,0
rolling_cost_selector,2025-03-19,2025-02-19,2025-03-18,fixed,40354.41483997063,0
rolling_cost_selector,2025-03-19,2025-02-19,2025-03-18,blend25,40343.05401996266,0
rolling_cost_selector,2025-03-19,2025-02-19,2025-03-18,blend50,40332.31308619063,0
rolling_cost_selector,2025-03-19,2025-02-19,2025-03-18,blend75,40325.9504433694,0
rolling_cost_selector,2025-03-19,2025-02-19,2025-03-18,mean14,40281.41712750205,1
rolling_cost_selector,2025-03-19,2025-02-19,2025-03-18,mean7,40331.11435461422,0
rolling_cost_selector,2025-03-20,2025-02-20,2025-03-19,fixed,39947.53029073759,0
rolling_cost_selector,2025-03-20,2025-02-20,2025-03-19,blend25,39929.42474332937,0
rolling_cost_selector,2025-03-20,2025-02-20,2025-03-19,blend50,39920.03988215321,0
rolling_cost_selector,2025-03-20,2025-02-20,2025-03-19,blend75,39915.55343873524,0
rolling_cost_selector,2025-03-20,2025-02-20,2025-03-19,mean14,39866.518105035255,1
rolling_cost_selector,2025-03-20,2025-02-20,2025-03-19,mean7,39907.51766454627,0
rolling_cost_selector,2025-04-17,2025-03-20,2025-04-16,fixed,31919.12749652824,0
rolling_cost_selector,2025-04-17,2025-03-20,2025-04-16,blend25,31912.90910507568,1
rolling_cost_selector,2025-04-17,2025-03-20,2025-04-16,blend50,31914.704929789434,0
rolling_cost_selector,2025-04-17,2025-03-20,2025-04-16,blend75,31932.76897346386,0
rolling_cost_selector,2025-04-17,2025-03-20,2025-04-16,mean14,31915.895677687768,0
rolling_cost_selector,2025-04-17,2025-03-20,2025-04-16,mean7,31954.59633586373,0
rolling_cost_selector,2025-04-18,2025-03-21,2025-04-17,fixed,31626.645798093443,0
rolling_cost_selector,2025-04-18,2025-03-21,2025-04-17,blend25,31620.662252479622,1
rolling_cost_selector,2025-04-18,2025-03-21,2025-04-17,blend50,31622.974770134322,0
rolling_cost_selector,2025-04-18,2025-03-21,2025-04-17,blend75,31645.326177341813,0
rolling_cost_selector,2025-04-18,2025-03-21,2025-04-17,mean14,31629.088753939697,0
rolling_cost_selector,2025-04-18,2025-03-21,2025-04-17,mean7,31665.689807947518,0
rolling_cost_selector,2025-04-19,2025-03-22,2025-04-18,fixed,31563.16350859986,0
rolling_cost_selector,2025-04-19,2025-03-22,2025-04-18,blend25,31557.26778541187,1
rolling_cost_selector,2025-04-19,2025-03-22,2025-04-18,blend50,31559.665649009366,0
rolling_cost_selector,2025-04-19,2025-03-22,2025-04-18,blend75,31579.964385854775,0
rolling_cost_selector,2025-04-19,2025-03-22,2025-04-18,mean14,31565.228198424924,0
rolling_cost_selector,2025-04-19,2025-03-22,2025-04-18,mean7,31600.189099089108,0
rolling_cost_selector,2025-04-20,2025-03-23,2025-04-19,fixed,31511.355568719915,0
rolling_cost_selector,2025-04-20,2025-03-23,2025-04-19,blend25,31500.329671814696,1
rolling_cost_selector,2025-04-20,2025-03-23,2025-04-19,blend50,31502.6791509817,0
rolling_cost_selector,2025-04-20,2025-03-23,2025-04-19,blend75,31522.977887827114,0
rolling_cost_selector,2025-04-20,2025-03-23,2025-04-19,mean14,31508.24170039727,0
rolling_cost_selector,2025-04-20,2025-03-23,2025-04-19,mean7,31544.985702612907,0
rolling_cost_selector,2025-04-21,2025-03-24,2025-04-20,fixed,31303.75802026527,0
rolling_cost_selector,2025-04-21,2025-03-24,2025-04-20,blend25,31292.45595142686,1
rolling_cost_selector,2025-04-21,2025-03-24,2025-04-20,blend50,31298.541502469798,0
rolling_cost_selector,2025-04-21,2025-03-24,2025-04-20,blend75,31319.435842400042,0
rolling_cost_selector,2025-04-21,2025-03-24,2025-04-20,mean14,31308.195092033773,0
rolling_cost_selector,2025-04-21,2025-03-24,2025-04-20,mean7,31342.082955318558,0
rolling_cost_selector,2025-04-22,2025-03-25,2025-04-21,fixed,31106.774892368394,0
rolling_cost_selector,2025-04-22,2025-03-25,2025-04-21,blend25,31093.429973443162,1
rolling_cost_selector,2025-04-22,2025-03-25,2025-04-21,blend50,31100.24167488251,0
rolling_cost_selector,2025-04-22,2025-03-25,2025-04-21,blend75,31120.687441305603,0
rolling_cost_selector,2025-04-22,2025-03-25,2025-04-21,mean14,31107.48482484136,0
rolling_cost_selector,2025-04-22,2025-03-25,2025-04-21,mean7,31140.094189369865,0
rolling_cost_selector,2025-04-23,2025-03-26,2025-04-22,fixed,30907.306957462402,0
rolling_cost_selector,2025-04-23,2025-03-26,2025-04-22,blend25,30893.56600167594,1
rolling_cost_selector,2025-04-23,2025-03-26,2025-04-22,blend50,30900.527767678268,0
rolling_cost_selector,2025-04-23,2025-03-26,2025-04-22,blend75,30923.267832199348,0
rolling_cost_selector,2025-04-23,2025-03-26,2025-04-22,mean14,30908.27040953445,0
rolling_cost_selector,2025-04-23,2025-03-26,2025-04-22,mean7,30942.071612025076,0
rolling_cost_selector,2025-04-24,2025-03-27,2025-04-23,fixed,30741.55599050388,0
rolling_cost_selector,2025-04-24,2025-03-27,2025-04-23,blend25,30731.6734378952,1
rolling_cost_selector,2025-04-24,2025-03-27,2025-04-23,blend50,30739.050250396325,0
rolling_cost_selector,2025-04-24,2025-03-27,2025-04-23,blend75,30761.890417366518,0
rolling_cost_selector,2025-04-24,2025-03-27,2025-04-23,mean14,30745.931042103475,0
rolling_cost_selector,2025-04-24,2025-03-27,2025-04-23,mean7,30769.839073750678,0
rolling_cost_selector,2025-04-25,2025-03-28,2025-04-24,fixed,30545.004713767554,0
rolling_cost_selector,2025-04-25,2025-03-28,2025-04-24,blend25,30538.01224312008,1
rolling_cost_selector,2025-04-25,2025-03-28,2025-04-24,blend50,30544.762336210373,0
rolling_cost_selector,2025-04-25,2025-03-28,2025-04-24,blend75,30563.809090569142,0
rolling_cost_selector,2025-04-25,2025-03-28,2025-04-24,mean14,30548.44308673776,0
rolling_cost_selector,2025-04-25,2025-03-28,2025-04-24,mean7,30576.072401331698,0
rolling_cost_selector,2025-04-26,2025-03-29,2025-04-25,fixed,30479.452819872622,0
rolling_cost_selector,2025-04-26,2025-03-29,2025-04-25,blend25,30472.42034870481,1
rolling_cost_selector,2025-04-26,2025-03-29,2025-04-25,blend50,30479.31428386388,0
rolling_cost_selector,2025-04-26,2025-03-29,2025-04-25,blend75,30498.361038222647,0
rolling_cost_selector,2025-04-26,2025-03-29,2025-04-25,mean14,30482.995034391264,0
rolling_cost_selector,2025-04-26,2025-03-29,2025-04-25,mean7,30511.557887868803,0
rolling_cost_selector,2025-04-27,2025-03-30,2025-04-26,fixed,30423.401142193976,0
rolling_cost_selector,2025-04-27,2025-03-30,2025-04-26,blend25,30413.58992616881,1
rolling_cost_selector,2025-04-27,2025-03-30,2025-04-26,blend50,30420.31955292225,0
rolling_cost_selector,2025-04-27,2025-03-30,2025-04-26,blend75,30439.250533142178,0
rolling_cost_selector,2025-04-27,2025-03-30,2025-04-26,mean14,30422.875769643946,0
rolling_cost_selector,2025-04-27,2025-03-30,2025-04-26,mean7,30452.796034026804,0
rolling_cost_selector,2025-04-28,2025-03-31,2025-04-27,fixed,30344.51333769794,0
rolling_cost_selector,2025-04-28,2025-03-31,2025-04-27,blend25,30336.320346467983,1
rolling_cost_selector,2025-04-28,2025-03-31,2025-04-27,blend50,30341.76067630923,0
rolling_cost_selector,2025-04-28,2025-03-31,2025-04-27,blend75,30358.836433195607,0
rolling_cost_selector,2025-04-28,2025-03-31,2025-04-27,mean14,30345.297319440488,0
rolling_cost_selector,2025-04-28,2025-03-31,2025-04-27,mean7,30375.215028611678,0
rolling_cost_selector,2025-04-29,2025-04-01,2025-04-28,fixed,31227.53461442909,0
rolling_cost_selector,2025-04-29,2025-04-01,2025-04-28,blend25,31157.38722964125,1
rolling_cost_selector,2025-04-29,2025-04-01,2025-04-28,blend50,31157.44345525582,0
rolling_cost_selector,2025-04-29,2025-04-01,2025-04-28,blend75,31173.35157192135,0
rolling_cost_selector,2025-04-29,2025-04-01,2025-04-28,mean14,31161.759297119843,0
rolling_cost_selector,2025-04-29,2025-04-01,2025-04-28,mean7,31191.849728958743,0
rolling_cost_selector,2025-04-30,2025-04-02,2025-04-29,fixed,30823.99520226593,0
rolling_cost_selector,2025-04-30,2025-04-02,2025-04-29,blend25,30744.804087820226,0
rolling_cost_selector,2025-04-30,2025-04-02,2025-04-29,blend50,30743.826801127714,1
rolling_cost_selector,2025-04-30,2025-04-02,2025-04-29,blend75,30759.34915235452,0
rolling_cost_selector,2025-04-30,2025-04-02,2025-04-29,mean14,30748.905548207946,0
rolling_cost_selector,2025-04-30,2025-04-02,2025-04-29,mean7,30780.742348145443,0
rolling_cost_selector,2025-06-08,2025-05-11,2025-06-07,fixed,38157.90522074655,0
rolling_cost_selector,2025-06-08,2025-05-11,2025-06-07,blend25,38073.44925087666,0
rolling_cost_selector,2025-06-08,2025-05-11,2025-06-07,blend50,38037.39851656127,1
rolling_cost_selector,2025-06-08,2025-05-11,2025-06-07,blend75,38046.73743914474,0
rolling_cost_selector,2025-06-08,2025-05-11,2025-06-07,mean14,38121.09838699608,0
rolling_cost_selector,2025-06-08,2025-05-11,2025-06-07,mean7,38078.79190274458,0
rolling_cost_selector,2025-06-09,2025-05-12,2025-06-08,fixed,38830.45516515999,0
rolling_cost_selector,2025-06-09,2025-05-12,2025-06-08,blend25,38743.81083208924,0
rolling_cost_selector,2025-06-09,2025-05-12,2025-06-08,blend50,38711.140137259696,1
rolling_cost_selector,2025-06-09,2025-05-12,2025-06-08,blend75,38718.54727273789,0
rolling_cost_selector,2025-06-09,2025-05-12,2025-06-08,mean14,38785.950001831145,0
rolling_cost_selector,2025-06-09,2025-05-12,2025-06-08,mean7,38745.17344360076,0
rolling_cost_selector,2025-06-10,2025-05-13,2025-06-09,fixed,39525.80701144806,0
rolling_cost_selector,2025-06-10,2025-05-13,2025-06-09,blend25,39435.71360384284,0
rolling_cost_selector,2025-06-10,2025-05-13,2025-06-09,blend50,39395.93218877802,1
rolling_cost_selector,2025-06-10,2025-05-13,2025-06-09,blend75,39402.98396439889,0
rolling_cost_selector,2025-06-10,2025-05-13,2025-06-09,mean14,39470.781438581165,0
rolling_cost_selector,2025-06-10,2025-05-13,2025-06-09,mean7,39428.94813761199,0
rolling_cost_selector,2025-06-11,2025-05-14,2025-06-10,fixed,40239.33398501161,0
rolling_cost_selector,2025-06-11,2025-05-14,2025-06-10,blend25,40146.77751442075,0
rolling_cost_selector,2025-06-11,2025-05-14,2025-06-10,blend50,40103.870500737816,1
rolling_cost_selector,2025-06-11,2025-05-14,2025-06-10,blend75,40110.37517043966,0
rolling_cost_selector,2025-06-11,2025-05-14,2025-06-10,mean14,40178.76017298641,0
rolling_cost_selector,2025-06-11,2025-05-14,2025-06-10,mean7,40131.56063098781,0
rolling_cost_selector,2025-06-12,2025-05-15,2025-06-11,fixed,40981.819764674714,0
rolling_cost_selector,2025-06-12,2025-05-15,2025-06-11,blend25,40887.36670032912,0
rolling_cost_selector,2025-06-12,2025-05-15,2025-06-11,blend50,40841.51839702664,0
rolling_cost_selector,2025-06-12,2025-05-15,2025-06-11,blend75,40839.46702105971,1
rolling_cost_selector,2025-06-12,2025-05-15,2025-06-11,mean14,40910.572533258186,0
rolling_cost_selector,2025-06-12,2025-05-15,2025-06-11,mean7,40863.376531760674,0
rolling_cost_selector,2025-06-13,2025-05-16,2025-06-12,fixed,41750.566401767115,0
rolling_cost_selector,2025-06-13,2025-05-16,2025-06-12,blend25,41657.07134365358,0
rolling_cost_selector,2025-06-13,2025-05-16,2025-06-12,blend50,41608.63270756997,0
rolling_cost_selector,2025-06-13,2025-05-16,2025-06-12,blend75,41605.171000853785,1
rolling_cost_selector,2025-06-13,2025-05-16,2025-06-12,mean14,41678.63997914439,0
rolling_cost_selector,2025-06-13,2025-05-16,2025-06-12,mean7,41622.81718093863,0
rolling_cost_selector,2025-06-14,2025-05-17,2025-06-13,fixed,42024.85770868865,0
rolling_cost_selector,2025-06-14,2025-05-17,2025-06-13,blend25,41932.705472131216,0
rolling_cost_selector,2025-06-14,2025-05-17,2025-06-13,blend50,41885.21534357007,0
rolling_cost_selector,2025-06-14,2025-05-17,2025-06-13,blend75,41881.82578518614,1
rolling_cost_selector,2025-06-14,2025-05-17,2025-06-13,mean14,41955.230897221285,0
rolling_cost_selector,2025-06-14,2025-05-17,2025-06-13,mean7,41898.89704070058,0
rolling_cost_selector,2025-06-15,2025-05-18,2025-06-14,fixed,42328.10752447376,0
rolling_cost_selector,2025-06-15,2025-05-18,2025-06-14,blend25,42232.892968099004,0
rolling_cost_selector,2025-06-15,2025-05-18,2025-06-14,blend50,42185.42401189146,0
rolling_cost_selector,2025-06-15,2025-05-18,2025-06-14,blend75,42183.3734736888,1
rolling_cost_selector,2025-06-15,2025-05-18,2025-06-14,mean14,42255.518973483755,0
rolling_cost_selector,2025-06-15,2025-05-18,2025-06-14,mean7,42198.890871847376,0
rolling_cost_selector,2025-06-16,2025-05-19,2025-06-15,fixed,43161.18307902668,0
rolling_cost_selector,2025-06-16,2025-05-19,2025-06-15,blend25,43068.1915002481,0
rolling_cost_selector,2025-06-16,2025-05-19,2025-06-15,blend50,43013.22606622502,0
rolling_cost_selector,2025-06-16,2025-05-19,2025-06-15,blend75,43007.846066842765,1
rolling_cost_selector,2025-06-16,2025-05-19,2025-06-15,mean14,43078.22683091445,0
rolling_cost_selector,2025-06-16,2025-05-19,2025-06-15,mean7,43024.24361536248,0
rolling_cost_selector,2025-06-17,2025-05-20,2025-06-16,fixed,44005.349569294944,0
rolling_cost_selector,2025-06-17,2025-05-20,2025-06-16,blend25,43911.57588031358,0
rolling_cost_selector,2025-06-17,2025-05-20,2025-06-16,blend50,43852.242640796016,0
rolling_cost_selector,2025-06-17,2025-05-20,2025-06-16,blend75,43847.752541620415,1
rolling_cost_selector,2025-06-17,2025-05-20,2025-06-16,mean14,43916.3138679685,0
rolling_cost_selector,2025-06-17,2025-05-20,2025-06-16,mean7,43857.739586620635,0
rolling_cost_selector,2025-06-18,2025-05-21,2025-06-17,fixed,44865.680102994396,0
rolling_cost_selector,2025-06-18,2025-05-21,2025-06-17,blend25,44774.23620130021,0
rolling_cost_selector,2025-06-18,2025-05-21,2025-06-17,blend50,44705.203875007515,0
rolling_cost_selector,2025-06-18,2025-05-21,2025-06-17,blend75,44700.53087892407,0
rolling_cost_selector,2025-06-18,2025-05-21,2025-06-17,mean14,44756.919299947105,0
rolling_cost_selector,2025-06-18,2025-05-21,2025-06-17,mean7,44697.64286890074,1
rolling_cost_selector,2025-06-19,2025-05-22,2025-06-18,fixed,45694.56628737426,0
rolling_cost_selector,2025-06-19,2025-05-22,2025-06-18,blend25,45601.65875082328,0
rolling_cost_selector,2025-06-19,2025-05-22,2025-06-18,blend50,45532.65822698536,0
rolling_cost_selector,2025-06-19,2025-05-22,2025-06-18,blend75,45526.90122157077,0
rolling_cost_selector,2025-06-19,2025-05-22,2025-06-18,mean14,45581.36039886311,0
rolling_cost_selector,2025-06-19,2025-05-22,2025-06-18,mean7,45520.88370129471,1
rolling_cost_selector,2025-06-20,2025-05-23,2025-06-19,fixed,46494.9933189568,0
rolling_cost_selector,2025-06-20,2025-05-23,2025-06-19,blend25,46396.525242286225,0
rolling_cost_selector,2025-06-20,2025-05-23,2025-06-19,blend50,46322.73435753877,0
rolling_cost_selector,2025-06-20,2025-05-23,2025-06-19,blend75,46318.09939129563,0
rolling_cost_selector,2025-06-20,2025-05-23,2025-06-19,mean14,46367.94980250789,0
rolling_cost_selector,2025-06-20,2025-05-23,2025-06-19,mean7,46310.1449514741,1
rolling_cost_selector,2025-06-21,2025-05-24,2025-06-20,fixed,46738.747470891794,0
rolling_cost_selector,2025-06-21,2025-05-24,2025-06-20,blend25,46643.68748116009,0
rolling_cost_selector,2025-06-21,2025-05-24,2025-06-20,blend50,46571.48090628202,0
rolling_cost_selector,2025-06-21,2025-05-24,2025-06-20,blend75,46567.02947658302,0
rolling_cost_selector,2025-06-21,2025-05-24,2025-06-20,mean14,46616.203915799444,0
rolling_cost_selector,2025-06-21,2025-05-24,2025-06-20,mean7,46559.09479883751,1
rolling_cost_selector,2025-08-18,2025-07-21,2025-08-17,fixed,49809.06814872323,0
rolling_cost_selector,2025-08-18,2025-07-21,2025-08-17,blend25,49711.76048017112,0
rolling_cost_selector,2025-08-18,2025-07-21,2025-08-17,blend50,49672.03753784153,0
rolling_cost_selector,2025-08-18,2025-07-21,2025-08-17,blend75,49654.26995179783,0
rolling_cost_selector,2025-08-18,2025-07-21,2025-08-17,mean14,49648.85801409853,1
rolling_cost_selector,2025-08-18,2025-07-21,2025-08-17,mean7,49688.80760929872,0
rolling_cost_selector,2025-08-19,2025-07-22,2025-08-18,fixed,49520.021111131486,0
rolling_cost_selector,2025-08-19,2025-07-22,2025-08-18,blend25,49423.16527556185,0
rolling_cost_selector,2025-08-19,2025-07-22,2025-08-18,blend50,49374.03190995673,0
rolling_cost_selector,2025-08-19,2025-07-22,2025-08-18,blend75,49352.81247628779,0
rolling_cost_selector,2025-08-19,2025-07-22,2025-08-18,mean14,49347.70825150844,1
rolling_cost_selector,2025-08-19,2025-07-22,2025-08-18,mean7,49400.98731170383,0
rolling_cost_selector,2025-08-20,2025-07-23,2025-08-19,fixed,49163.7930732763,0
rolling_cost_selector,2025-08-20,2025-07-23,2025-08-19,blend25,49070.365588841305,0
rolling_cost_selector,2025-08-20,2025-07-23,2025-08-19,blend50,49018.025074818215,0
rolling_cost_selector,2025-08-20,2025-07-23,2025-08-19,blend75,48996.89984390303,0
rolling_cost_selector,2025-08-20,2025-07-23,2025-08-19,mean14,48992.04170661529,1
rolling_cost_selector,2025-08-20,2025-07-23,2025-08-19,mean7,49049.09480148366,0
rolling_cost_selector,2025-08-21,2025-07-24,2025-08-20,fixed,49397.63966943266,0
rolling_cost_selector,2025-08-21,2025-07-24,2025-08-20,blend25,49235.14459966745,0
rolling_cost_selector,2025-08-21,2025-07-24,2025-08-20,blend50,49078.65379301816,0
rolling_cost_selector,2025-08-21,2025-07-24,2025-08-20,blend75,49057.07027535486,0
rolling_cost_selector,2025-08-21,2025-07-24,2025-08-20,mean14,49038.61275148268,1
rolling_cost_selector,2025-08-21,2025-07-24,2025-08-20,mean7,49109.102263855355,0
rolling_cost_selector,2025-08-22,2025-07-25,2025-08-21,fixed,49019.122955691004,0
rolling_cost_selector,2025-08-22,2025-07-25,2025-08-21,blend25,48864.49144765486,0
rolling_cost_selector,2025-08-22,2025-07-25,2025-08-21,blend50,48707.92188391863,0
rolling_cost_selector,2025-08-22,2025-07-25,2025-08-21,blend75,48685.519694300565,0
rolling_cost_selector,2025-08-22,2025-07-25,2025-08-21,mean14,48668.090093593244,1
rolling_cost_selector,2025-08-22,2025-07-25,2025-08-21,mean7,48733.604547907125,0
rolling_cost_selector,2025-08-23,2025-07-26,2025-08-22,fixed,48943.90802685323,0
rolling_cost_selector,2025-08-23,2025-07-26,2025-08-22,blend25,48784.731444962694,0
rolling_cost_selector,2025-08-23,2025-07-26,2025-08-22,blend50,48628.21304160335,0
rolling_cost_selector,2025-08-23,2025-07-26,2025-08-22,blend75,48605.81085198529,0
rolling_cost_selector,2025-08-23,2025-07-26,2025-08-22,mean14,48588.26126591162,1
rolling_cost_selector,2025-08-23,2025-07-26,2025-08-22,mean7,48652.39856865931,0
rolling_cost_selector,2025-08-24,2025-07-27,2025-08-23,fixed,48837.83721390186,0
rolling_cost_selector,2025-08-24,2025-07-27,2025-08-23,blend25,48673.68008928567,0
rolling_cost_selector,2025-08-24,2025-07-27,2025-08-23,blend50,48517.91690313121,0
rolling_cost_selector,2025-08-24,2025-07-27,2025-08-23,blend75,48495.514713513156,0
rolling_cost_selector,2025-08-24,2025-07-27,2025-08-23,mean14,48478.10323490361,1
rolling_cost_selector,2025-08-24,2025-07-27,2025-08-23,mean7,48544.66790637765,0
rolling_cost_selector,2025-08-25,2025-07-28,2025-08-24,fixed,48577.91339109599,0
rolling_cost_selector,2025-08-25,2025-07-28,2025-08-24,blend25,48412.92347420129,0
rolling_cost_selector,2025-08-25,2025-07-28,2025-08-24,blend50,48252.26036146614,0
rolling_cost_selector,2025-08-25,2025-07-28,2025-08-24,blend75,48231.64106085232,0
rolling_cost_selector,2025-08-25,2025-07-28,2025-08-24,mean14,48215.05996722022,1
rolling_cost_selector,2025-08-25,2025-07-28,2025-08-24,mean7,48280.50934641106,0
rolling_cost_selector,2025-08-26,2025-07-29,2025-08-25,fixed,48376.9040714478,0
rolling_cost_selector,2025-08-26,2025-07-29,2025-08-25,blend25,48212.86905059601,0
rolling_cost_selector,2025-08-26,2025-07-29,2025-08-25,blend50,48046.435421732014,0
rolling_cost_selector,2025-08-26,2025-07-29,2025-08-25,blend75,48024.63049108882,0
rolling_cost_selector,2025-08-26,2025-07-29,2025-08-25,mean14,48010.44317055946,1
rolling_cost_selector,2025-08-26,2025-07-29,2025-08-25,mean7,48067.88338742452,0
rolling_cost_selector,2025-08-27,2025-07-30,2025-08-26,fixed,47998.92523130969,0
rolling_cost_selector,2025-08-27,2025-07-30,2025-08-26,blend25,47832.82610122739,0
rolling_cost_selector,2025-08-27,2025-07-30,2025-08-26,blend50,47675.54163845132,0
rolling_cost_selector,2025-08-27,2025-07-30,2025-08-26,blend75,47656.165525509925,0
rolling_cost_selector,2025-08-27,2025-07-30,2025-08-26,mean14,47640.67695065952,1
rolling_cost_selector,2025-08-27,2025-07-30,2025-08-26,mean7,47697.006880098954,0
rolling_cost_selector,2025-08-28,2025-07-31,2025-08-27,fixed,47642.61471892289,0
rolling_cost_selector,2025-08-28,2025-07-31,2025-08-27,blend25,47467.258652524986,0
rolling_cost_selector,2025-08-28,2025-07-31,2025-08-27,blend50,47312.99537551789,0
rolling_cost_selector,2025-08-28,2025-07-31,2025-08-27,blend75,47299.37168946698,0
rolling_cost_selector,2025-08-28,2025-07-31,2025-08-27,mean14,47284.27078308722,1
rolling_cost_selector,2025-08-28,2025-07-31,2025-08-27,mean7,47335.04255094806,0
rolling_cost_selector,2025-08-29,2025-08-01,2025-08-28,fixed,47310.865804416986,0
rolling_cost_selector,2025-08-29,2025-08-01,2025-08-28,blend25,47143.08130604295,0
rolling_cost_selector,2025-08-29,2025-08-01,2025-08-28,blend50,46988.355022898446,0
rolling_cost_selector,2025-08-29,2025-08-01,2025-08-28,blend75,46973.66574146608,0
rolling_cost_selector,2025-08-29,2025-08-01,2025-08-28,mean14,46959.19776195147,1
rolling_cost_selector,2025-08-29,2025-08-01,2025-08-28,mean7,47012.3622304622,0
rolling_cost_selector,2025-08-30,2025-08-02,2025-08-29,fixed,47241.60725592212,0
rolling_cost_selector,2025-08-30,2025-08-02,2025-08-29,blend25,47075.51642766091,0
rolling_cost_selector,2025-08-30,2025-08-02,2025-08-29,blend50,46922.46380831116,0
rolling_cost_selector,2025-08-30,2025-08-02,2025-08-29,blend75,46907.7745268788,0
rolling_cost_selector,2025-08-30,2025-08-02,2025-08-29,mean14,46893.62808906875,1
rolling_cost_selector,2025-08-30,2025-08-02,2025-08-29,mean7,46949.420155184394,0
rolling_cost_selector,2025-08-31,2025-08-03,2025-08-30,fixed,47207.01202974015,0
rolling_cost_selector,2025-08-31,2025-08-03,2025-08-30,blend25,47040.866431872695,0
rolling_cost_selector,2025-08-31,2025-08-03,2025-08-30,blend50,46885.61234574412,0
rolling_cost_selector,2025-08-31,2025-08-03,2025-08-30,blend75,46870.92306431177,0
rolling_cost_selector,2025-08-31,2025-08-03,2025-08-30,mean14,46856.866361812296,1
rolling_cost_selector,2025-08-31,2025-08-03,2025-08-30,mean7,46914.29148525512,0
rolling_cost_selector,2025-09-10,2025-08-13,2025-09-09,fixed,44160.3808017469,0
rolling_cost_selector,2025-09-10,2025-08-13,2025-09-09,blend25,44033.07758242431,0
rolling_cost_selector,2025-09-10,2025-08-13,2025-09-09,blend50,43899.11766235426,0
rolling_cost_selector,2025-09-10,2025-08-13,2025-09-09,blend75,43900.89323052091,0
rolling_cost_selector,2025-09-10,2025-08-13,2025-09-09,mean14,43895.94951057824,1
rolling_cost_selector,2025-09-10,2025-08-13,2025-09-09,mean7,43898.27970971584,0
rolling_cost_selector,2025-09-11,2025-08-14,2025-09-10,fixed,43927.48247228497,0
rolling_cost_selector,2025-09-11,2025-08-14,2025-09-10,blend25,43921.137343240734,0
rolling_cost_selector,2025-09-11,2025-08-14,2025-09-10,blend50,43802.89392846958,0
rolling_cost_selector,2025-09-11,2025-08-14,2025-09-10,blend75,43804.761125191864,0
rolling_cost_selector,2025-09-11,2025-08-14,2025-09-10,mean14,43799.81104361182,0
rolling_cost_selector,2025-09-11,2025-08-14,2025-09-10,mean7,43785.711649665514,1
rolling_cost_selector,2025-09-12,2025-08-15,2025-09-11,fixed,43628.64932262785,0
rolling_cost_selector,2025-09-12,2025-08-15,2025-09-11,blend25,43627.48886954618,0
rolling_cost_selector,2025-09-12,2025-08-15,2025-09-11,blend50,43475.27063046894,0
rolling_cost_selector,2025-09-12,2025-08-15,2025-09-11,blend75,43472.73512839764,0
rolling_cost_selector,2025-09-12,2025-08-15,2025-09-11,mean14,43466.95952451679,0
rolling_cost_selector,2025-09-12,2025-08-15,2025-09-11,mean7,43435.0201888495,1
rolling_cost_selector,2025-09-13,2025-08-16,2025-09-12,fixed,43441.47146028974,0
rolling_cost_selector,2025-09-13,2025-08-16,2025-09-12,blend25,43438.02202715063,0
rolling_cost_selector,2025-09-13,2025-08-16,2025-09-12,blend50,43284.82889970868,0
rolling_cost_selector,2025-09-13,2025-08-16,2025-09-12,blend75,43282.07861573542,0
rolling_cost_selector,2025-09-13,2025-08-16,2025-09-12,mean14,43276.30301185457,0
rolling_cost_selector,2025-09-13,2025-08-16,2025-09-12,mean7,43244.53350634895,1
rolling_cost_selector,2025-09-14,2025-08-17,2025-09-13,fixed,43242.61428754117,0
rolling_cost_selector,2025-09-14,2025-08-17,2025-09-13,blend25,43240.37960781293,0
rolling_cost_selector,2025-09-14,2025-08-17,2025-09-13,blend50,43087.10675089577,0
rolling_cost_selector,2025-09-14,2025-08-17,2025-09-13,blend75,43084.6662967127,0
rolling_cost_selector,2025-09-14,2025-08-17,2025-09-13,mean14,43078.89069283185,0
rolling_cost_selector,2025-09-14,2025-08-17,2025-09-13,mean7,43044.44823603522,1
rolling_cost_selector,2025-09-15,2025-08-18,2025-09-14,fixed,42983.10842622124,0
rolling_cost_selector,2025-09-15,2025-08-18,2025-09-14,blend25,42992.56266502914,0
rolling_cost_selector,2025-09-15,2025-08-18,2025-09-14,blend50,42848.50980441945,0
rolling_cost_selector,2025-09-15,2025-08-18,2025-09-14,blend75,42849.275801009375,0
rolling_cost_selector,2025-09-15,2025-08-18,2025-09-14,mean14,42831.90803402558,0
rolling_cost_selector,2025-09-15,2025-08-18,2025-09-14,mean7,42791.20887463916,1
rolling_cost_selector,2025-09-16,2025-08-19,2025-09-15,fixed,42645.55653833283,0
rolling_cost_selector,2025-09-16,2025-08-19,2025-09-15,blend25,42661.228624162126,0
rolling_cost_selector,2025-09-16,2025-08-19,2025-09-15,blend50,42528.72599116956,0
rolling_cost_selector,2025-09-16,2025-08-19,2025-09-15,blend75,42533.61921600846,0
rolling_cost_selector,2025-09-16,2025-08-19,2025-09-15,mean14,42508.085131531734,0
rolling_cost_selector,2025-09-16,2025-08-19,2025-09-15,mean7,42456.62056964156,1
rolling_cost_selector,2025-09-17,2025-08-20,2025-09-16,fixed,42334.28071662799,0
rolling_cost_selector,2025-09-17,2025-08-20,2025-09-16,blend25,42358.94991549069,0
rolling_cost_selector,2025-09-17,2025-08-20,2025-09-16,blend50,42224.15293675924,0
rolling_cost_selector,2025-09-17,2025-08-20,2025-09-16,blend75,42228.63464485831,0
rolling_cost_selector,2025-09-17,2025-08-20,2025-09-16,mean14,42193.31528458344,0
rolling_cost_selector,2025-09-17,2025-08-20,2025-09-16,mean7,42144.190650397395,1
rolling_cost_selector,2025-09-18,2025-08-21,2025-09-17,fixed,41451.42079212341,0
rolling_cost_selector,2025-09-18,2025-08-21,2025-09-17,blend25,41549.19560614591,0
rolling_cost_selector,2025-09-18,2025-08-21,2025-09-17,blend50,41521.90308670733,0
rolling_cost_selector,2025-09-18,2025-08-21,2025-09-17,blend75,41526.15914202528,0
rolling_cost_selector,2025-09-18,2025-08-21,2025-09-17,mean14,41493.86875493677,0
rolling_cost_selector,2025-09-18,2025-08-21,2025-09-17,mean7,41426.44819769356,1
rolling_cost_selector,2025-09-19,2025-08-22,2025-09-18,fixed,41143.03132423935,0
rolling_cost_selector,2025-09-19,2025-08-22,2025-09-18,blend25,41246.45033434236,0
rolling_cost_selector,2025-09-19,2025-08-22,2025-09-18,blend50,41218.45894807422,0
rolling_cost_selector,2025-09-19,2025-08-22,2025-09-18,blend75,41225.33368536951,0
rolling_cost_selector,2025-09-19,2025-08-22,2025-09-18,mean14,41183.0381653757,0
rolling_cost_selector,2025-09-19,2025-08-22,2025-09-18,mean7,41115.82980823627,1
rolling_cost_selector,2025-09-20,2025-08-23,2025-09-19,fixed,40919.09351260775,0
rolling_cost_selector,2025-09-20,2025-08-23,2025-09-19,blend25,41026.257419186215,0
rolling_cost_selector,2025-09-20,2025-08-23,2025-09-19,blend50,40998.433810893395,0
rolling_cost_selector,2025-09-20,2025-08-23,2025-09-19,blend75,41005.30854818869,0
rolling_cost_selector,2025-09-20,2025-08-23,2025-09-19,mean14,40960.375848525335,0
rolling_cost_selector,2025-09-20,2025-08-23,2025-09-19,mean7,40894.55483034466,1
rolling_cost_selector,2025-09-21,2025-08-24,2025-09-20,fixed,40706.79678059507,0
rolling_cost_selector,2025-09-21,2025-08-24,2025-09-20,blend25,40818.96743099805,0
rolling_cost_selector,2025-09-21,2025-08-24,2025-09-20,blend50,40791.067493530965,0
rolling_cost_selector,2025-09-21,2025-08-24,2025-09-20,blend75,40797.94223082625,0
rolling_cost_selector,2025-09-21,2025-08-24,2025-09-20,mean14,40754.332141993225,0
rolling_cost_selector,2025-09-21,2025-08-24,2025-09-20,mean7,40683.68923276876,1
rolling_cost_selector,2025-09-22,2025-08-25,2025-09-21,fixed,40457.4979211812,0
rolling_cost_selector,2025-09-22,2025-08-25,2025-09-21,blend25,40577.86150592025,0
rolling_cost_selector,2025-09-22,2025-08-25,2025-09-21,blend50,40558.396664456515,0
rolling_cost_selector,2025-09-22,2025-08-25,2025-09-21,blend75,40557.789595342685,0
rolling_cost_selector,2025-09-22,2025-08-25,2025-09-21,mean14,40509.101034617095,0
rolling_cost_selector,2025-09-22,2025-08-25,2025-09-21,mean7,40443.10722611208,1
rolling_cost_selector,2025-09-23,2025-08-26,2025-09-22,fixed,40063.708180095695,0
rolling_cost_selector,2025-09-23,2025-08-26,2025-09-22,blend25,40189.32306924243,0
rolling_cost_selector,2025-09-23,2025-08-26,2025-09-22,blend50,40177.549239476524,0
rolling_cost_selector,2025-09-23,2025-08-26,2025-09-22,blend75,40174.49872027856,0
rolling_cost_selector,2025-09-23,2025-08-26,2025-09-22,mean14,40123.78033800447,0
rolling_cost_selector,2025-09-23,2025-08-26,2025-09-22,mean7,40057.05573186958,1
rolling_cost_selector,2025-12-08,2025-11-10,2025-12-07,fixed,50652.44325454248,0
rolling_cost_selector,2025-12-08,2025-11-10,2025-12-07,blend25,50667.948001978686,0
rolling_cost_selector,2025-12-08,2025-11-10,2025-12-07,blend50,50678.948755464495,0
rolling_cost_selector,2025-12-08,2025-11-10,2025-12-07,blend75,50669.98239986294,0
rolling_cost_selector,2025-12-08,2025-11-10,2025-12-07,mean14,50639.63759530048,1
rolling_cost_selector,2025-12-08,2025-11-10,2025-12-07,mean7,50725.527676113576,0
rolling_cost_selector,2025-12-09,2025-11-11,2025-12-08,fixed,51304.28897710482,0
rolling_cost_selector,2025-12-09,2025-11-11,2025-12-08,blend25,51316.4710702701,0
rolling_cost_selector,2025-12-09,2025-11-11,2025-12-08,blend50,51324.75918634082,0
rolling_cost_selector,2025-12-09,2025-11-11,2025-12-08,blend75,51313.11725307511,0
rolling_cost_selector,2025-12-09,2025-11-11,2025-12-08,mean14,51279.88366447057,1
rolling_cost_selector,2025-12-09,2025-11-11,2025-12-08,mean7,51366.59127163439,0
rolling_cost_selector,2025-12-10,2025-11-12,2025-12-09,fixed,52002.88555163505,0
rolling_cost_selector,2025-12-10,2025-11-12,2025-12-09,blend25,52010.90573662436,0
rolling_cost_selector,2025-12-10,2025-11-12,2025-12-09,blend50,52018.40954134672,0
rolling_cost_selector,2025-12-10,2025-11-12,2025-12-09,blend75,52004.223493786885,0
rolling_cost_selector,2025-12-10,2025-11-12,2025-12-09,mean14,51969.25620402863,1
rolling_cost_selector,2025-12-10,2025-11-12,2025-12-09,mean7,52050.875089670364,0
rolling_cost_selector,2025-12-11,2025-11-13,2025-12-10,fixed,52708.23388230462,0
rolling_cost_selector,2025-12-11,2025-11-13,2025-12-10,blend25,52716.89322143198,0
rolling_cost_selector,2025-12-11,2025-11-13,2025-12-10,blend50,52722.18241413339,0
rolling_cost_selector,2025-12-11,2025-11-13,2025-12-10,blend75,52709.63501112872,0
rolling_cost_selector,2025-12-11,2025-11-13,2025-12-10,mean14,52679.10386460483,1
rolling_cost_selector,2025-12-11,2025-11-13,2025-12-10,mean7,52760.74357745202,0
rolling_cost_selector,2025-12-12,2025-11-14,2025-12-11,fixed,53331.54921674926,0
rolling_cost_selector,2025-12-12,2025-11-14,2025-12-11,blend25,53332.58059810569,0
rolling_cost_selector,2025-12-12,2025-11-14,2025-12-11,blend50,53337.35435641803,0
rolling_cost_selector,2025-12-12,2025-11-14,2025-12-11,blend75,53331.35925540694,0
rolling_cost_selector,2025-12-12,2025-11-14,2025-12-11,mean14,53304.264566503116,1
rolling_cost_selector,2025-12-12,2025-11-14,2025-12-11,mean7,53390.586387394564,0
rolling_cost_selector,2025-12-13,2025-11-15,2025-12-12,fixed,53630.090010238644,0
rolling_cost_selector,2025-12-13,2025-11-15,2025-12-12,blend25,53630.01404902296,0
rolling_cost_selector,2025-12-13,2025-11-15,2025-12-12,blend50,53637.19673082702,0
rolling_cost_selector,2025-12-13,2025-11-15,2025-12-12,blend75,53631.205409636736,0
rolling_cost_selector,2025-12-13,2025-11-15,2025-12-12,mean14,53604.11272868873,1
rolling_cost_selector,2025-12-13,2025-11-15,2025-12-12,mean7,53688.16766051367,0
rolling_cost_selector,2025-12-14,2025-11-16,2025-12-13,fixed,53937.116443836014,0
rolling_cost_selector,2025-12-14,2025-11-16,2025-12-13,blend25,53938.47683910282,0
rolling_cost_selector,2025-12-14,2025-11-16,2025-12-13,blend50,53946.05237770029,0
rolling_cost_selector,2025-12-14,2025-11-16,2025-12-13,blend75,53939.20742532526,0
rolling_cost_selector,2025-12-14,2025-11-16,2025-12-13,mean14,53911.56149132037,1
rolling_cost_selector,2025-12-14,2025-11-16,2025-12-13,mean7,53996.314836180674,0
rolling_cost_selector,2025-12-15,2025-11-17,2025-12-14,fixed,54620.22385432195,0
rolling_cost_selector,2025-12-15,2025-11-17,2025-12-14,blend25,54619.92501494837,0
rolling_cost_selector,2025-12-15,2025-11-17,2025-12-14,blend50,54626.68432585878,0
rolling_cost_selector,2025-12-15,2025-11-17,2025-12-14,blend75,54623.3272632803,0
rolling_cost_selector,2025-12-15,2025-11-17,2025-12-14,mean14,54594.34083918219,1
rolling_cost_selector,2025-12-15,2025-11-17,2025-12-14,mean7,54676.57908622646,0
rolling_cost_selector,2025-12-16,2025-11-18,2025-12-15,fixed,55338.62575053999,0
rolling_cost_selector,2025-12-16,2025-11-18,2025-12-15,blend25,55336.52599680224,0
rolling_cost_selector,2025-12-16,2025-11-18,2025-12-15,blend50,55342.49753689429,0
rolling_cost_selector,2025-12-16,2025-11-18,2025-12-15,blend75,55341.37330231687,0
rolling_cost_selector,2025-12-16,2025-11-18,2025-12-15,mean14,55317.92627760302,1
rolling_cost_selector,2025-12-16,2025-11-18,2025-12-15,mean7,55397.57865054835,0
rolling_cost_selector,2025-12-17,2025-11-19,2025-12-16,fixed,56041.071776187055,0
rolling_cost_selector,2025-12-17,2025-11-19,2025-12-16,blend25,56032.51734510893,0
rolling_cost_selector,2025-12-17,2025-11-19,2025-12-16,blend50,56034.442728758855,0
rolling_cost_selector,2025-12-17,2025-11-19,2025-12-16,blend75,56031.014137056954,0
rolling_cost_selector,2025-12-17,2025-11-19,2025-12-16,mean14,56007.74042751135,1
rolling_cost_selector,2025-12-17,2025-11-19,2025-12-16,mean7,56091.895766606416,0
rolling_cost_selector,2025-12-18,2025-11-20,2025-12-17,fixed,56672.49881992388,0
rolling_cost_selector,2025-12-18,2025-11-20,2025-12-17,blend25,56665.05611499494,0
rolling_cost_selector,2025-12-18,2025-11-20,2025-12-17,blend50,56669.41536564509,0
rolling_cost_selector,2025-12-18,2025-11-20,2025-12-17,blend75,56668.43551498807,0
rolling_cost_selector,2025-12-18,2025-11-20,2025-12-17,mean14,56650.77924161857,1
rolling_cost_selector,2025-12-18,2025-11-20,2025-12-17,mean7,56733.234863788784,0
rolling_cost_selector,2025-12-19,2025-11-21,2025-12-18,fixed,57302.086337811124,0
rolling_cost_selector,2025-12-19,2025-11-21,2025-12-18,blend25,57290.43937607732,0
rolling_cost_selector,2025-12-19,2025-11-21,2025-12-18,blend50,57293.57415682551,0
rolling_cost_selector,2025-12-19,2025-11-21,2025-12-18,blend75,57288.52428724479,0
rolling_cost_selector,2025-12-19,2025-11-21,2025-12-18,mean14,57270.503918537455,1
rolling_cost_selector,2025-12-19,2025-11-21,2025-12-18,mean7,57355.889415237136,0
rolling_cost_selector,2025-12-20,2025-11-22,2025-12-19,fixed,57612.02294889955,0
rolling_cost_selector,2025-12-20,2025-11-22,2025-12-19,blend25,57590.24912867728,0
rolling_cost_selector,2025-12-20,2025-11-22,2025-12-19,blend50,57593.57385781711,0
rolling_cost_selector,2025-12-20,2025-11-22,2025-12-19,blend75,57587.607876945935,0
rolling_cost_selector,2025-12-20,2025-11-22,2025-12-19,mean14,57569.4507963512,1
rolling_cost_selector,2025-12-20,2025-11-22,2025-12-19,mean7,57654.99735483473,0
rolling_cost_selector,2025-12-21,2025-11-23,2025-12-20,fixed,57896.28392850156,0
rolling_cost_selector,2025-12-21,2025-11-23,2025-12-20,blend25,57871.49853859799,0
rolling_cost_selector,2025-12-21,2025-11-23,2025-12-20,blend50,57876.74015159817,0
rolling_cost_selector,2025-12-21,2025-11-23,2025-12-20,blend75,57872.74928844684,0
rolling_cost_selector,2025-12-21,2025-11-23,2025-12-20,mean14,57856.47901686023,1
rolling_cost_selector,2025-12-21,2025-11-23,2025-12-20,mean7,57943.201832153645,0
load_scenario_selector,2025-03-07,2025-02-07,2025-03-06,fixed,16872.310936026093,0
load_scenario_selector,2025-03-07,2025-02-07,2025-03-06,blend25,16861.037126502288,0
load_scenario_selector,2025-03-07,2025-02-07,2025-03-06,blend50,16861.037126502288,0
load_scenario_selector,2025-03-07,2025-02-07,2025-03-06,blend75,16858.89709727375,0
load_scenario_selector,2025-03-07,2025-02-07,2025-03-06,mean14,16858.590494266526,1
load_scenario_selector,2025-03-07,2025-02-07,2025-03-06,mean7,16864.399958255217,0
load_scenario_selector,2025-03-08,2025-02-08,2025-03-07,fixed,16467.816966260718,0
load_scenario_selector,2025-03-08,2025-02-08,2025-03-07,blend25,16460.267226842618,0
load_scenario_selector,2025-03-08,2025-02-08,2025-03-07,blend50,16459.035791736107,0
load_scenario_selector,2025-03-08,2025-02-08,2025-03-07,blend75,16458.851628609274,1
load_scenario_selector,2025-03-08,2025-02-08,2025-03-07,mean14,16458.851628609274,0
load_scenario_selector,2025-03-08,2025-02-08,2025-03-07,mean7,16461.85398921875,0
load_scenario_selector,2025-03-09,2025-02-09,2025-03-08,fixed,47023.087220074165,0
load_scenario_selector,2025-03-09,2025-02-09,2025-03-08,blend25,46977.357433718884,0
load_scenario_selector,2025-03-09,2025-02-09,2025-03-08,blend50,46935.69618794189,0
load_scenario_selector,2025-03-09,2025-02-09,2025-03-08,blend75,46910.589530688536,0
load_scenario_selector,2025-03-09,2025-02-09,2025-03-08,mean14,46876.872069482364,1
load_scenario_selector,2025-03-09,2025-02-09,2025-03-08,mean7,46884.9810508213,0
load_scenario_selector,2025-03-10,2025-02-10,2025-03-09,fixed,45786.213595971894,0
load_scenario_selector,2025-03-10,2025-02-10,2025-03-09,blend25,45768.32073882904,0
load_scenario_selector,2025-03-10,2025-02-10,2025-03-09,blend50,45768.32073882904,0
load_scenario_selector,2025-03-10,2025-02-10,2025-03-09,blend75,45743.96783195909,0
load_scenario_selector,2025-03-10,2025-02-10,2025-03-09,mean14,45706.061470514345,1
load_scenario_selector,2025-03-10,2025-02-10,2025-03-09,mean7,45751.125415683455,0
load_scenario_selector,2025-03-11,2025-02-11,2025-03-10,fixed,45314.77198293637,0
load_scenario_selector,2025-03-11,2025-02-11,2025-03-10,blend25,45298.057697222066,0
load_scenario_selector,2025-03-11,2025-02-11,2025-03-10,blend50,45295.806749975774,0
load_scenario_selector,2025-03-11,2025-02-11,2025-03-10,blend75,45270.93693673397,0
load_scenario_selector,2025-03-11,2025-02-11,2025-03-10,mean14,45247.36050219839,1
load_scenario_selector,2025-03-11,2025-02-11,2025-03-10,mean7,45292.13737215561,0
load_scenario_selector,2025-03-12,2025-02-12,2025-03-11,fixed,45026.895028333856,0
load_scenario_selector,2025-03-12,2025-02-12,2025-03-11,blend25,45013.912615175715,0
load_scenario_selector,2025-03-12,2025-02-12,2025-03-11,blend50,45030.813375773534,0
load_scenario_selector,2025-03-12,2025-02-12,2025-03-11,blend75,45026.749760702325,0
load_scenario_selector,2025-03-12,2025-02-12,2025-03-11,mean14,44963.587871408454,1
load_scenario_selector,2025-03-12,2025-02-12,2025-03-11,mean7,45002.219223796645,0
load_scenario_selector,2025-03-13,2025-02-13,2025-03-12,fixed,44303.78662094299,0
load_scenario_selector,2025-03-13,2025-02-13,2025-03-12,blend25,44293.46950127716,0
load_scenario_selector,2025-03-13,2025-02-13,2025-03-12,blend50,44296.842239158126,0
load_scenario_selector,2025-03-13,2025-02-13,2025-03-12,blend75,44291.55194025189,0
load_scenario_selector,2025-03-13,2025-02-13,2025-03-12,mean14,44218.14877112751,1
load_scenario_selector,2025-03-13,2025-02-13,2025-03-12,mean7,44258.7930999719,0
load_scenario_selector,2025-03-14,2025-02-14,2025-03-13,fixed,15682.75707430963,0
load_scenario_selector,2025-03-14,2025-02-14,2025-03-13,blend25,15680.192098463962,0
load_scenario_selector,2025-03-14,2025-02-14,2025-03-13,blend50,15677.730219826708,0
load_scenario_selector,2025-03-14,2025-02-14,2025-03-13,blend75,15676.884172601722,1
load_scenario_selector,2025-03-14,2025-02-14,2025-03-13,mean14,15676.884172601722,0
load_scenario_selector,2025-03-14,2025-02-14,2025-03-13,mean7,15707.711799566445,0
load_scenario_selector,2025-03-15,2025-02-15,2025-03-14,fixed,15635.051585328081,0
load_scenario_selector,2025-03-15,2025-02-15,2025-03-14,blend25,15623.68058021122,0
load_scenario_selector,2025-03-15,2025-02-15,2025-03-14,blend50,15622.016105680159,0
load_scenario_selector,2025-03-15,2025-02-15,2025-03-14,blend75,15620.727667428273,0
load_scenario_selector,2025-03-15,2025-02-15,2025-03-14,mean14,15620.290287259526,1
load_scenario_selector,2025-03-15,2025-02-15,2025-03-14,mean7,15640.029014314556,0
load_scenario_selector,2025-03-16,2025-02-16,2025-03-15,fixed,43627.808309697444,0
load_scenario_selector,2025-03-16,2025-02-16,2025-03-15,blend25,43618.79045255458,0
load_scenario_selector,2025-03-16,2025-02-16,2025-03-15,blend50,43602.67081675895,0
load_scenario_selector,2025-03-16,2025-02-16,2025-03-15,blend75,43600.503162861336,0
load_scenario_selector,2025-03-16,2025-02-16,2025-03-15,mean14,43531.0407877094,1
load_scenario_selector,2025-03-16,2025-02-16,2025-03-15,mean7,43617.33401964704,0
load_scenario_selector,2025-03-17,2025-02-17,2025-03-16,fixed,43199.28759914274,0
load_scenario_selector,2025-03-17,2025-02-17,2025-03-16,blend25,43181.30043423762,0
load_scenario_selector,2025-03-17,2025-02-17,2025-03-16,blend50,43177.16053361937,0
load_scenario_selector,2025-03-17,2025-02-17,2025-03-16,blend75,43169.76522858716,0
load_scenario_selector,2025-03-17,2025-02-17,2025-03-16,mean14,43125.95710959528,1
load_scenario_selector,2025-03-17,2025-02-17,2025-03-16,mean7,43181.45626402118,0
load_scenario_selector,2025-03-18,2025-02-18,2025-03-17,fixed,42027.81582566844,0
load_scenario_selector,2025-03-18,2025-02-18,2025-03-17,blend25,42005.74402991571,0
load_scenario_selector,2025-03-18,2025-02-18,2025-03-17,blend50,42004.977325179854,0
load_scenario_selector,2025-03-18,2025-02-18,2025-03-17,blend75,41993.45664587312,0
load_scenario_selector,2025-03-18,2025-02-18,2025-03-17,mean14,41919.78549455753,1
load_scenario_selector,2025-03-18,2025-02-18,2025-03-17,mean7,41977.128462530265,0
load_scenario_selector,2025-03-19,2025-02-19,2025-03-18,fixed,41779.847269721846,0
load_scenario_selector,2025-03-19,2025-02-19,2025-03-18,blend25,41764.27818175718,0
load_scenario_selector,2025-03-19,2025-02-19,2025-03-18,blend50,41758.97186122467,0
load_scenario_selector,2025-03-19,2025-02-19,2025-03-18,blend75,41749.343596661245,0
load_scenario_selector,2025-03-19,2025-02-19,2025-03-18,mean14,41671.05097001742,1
load_scenario_selector,2025-03-19,2025-02-19,2025-03-18,mean7,41701.49967230773,0
load_scenario_selector,2025-03-20,2025-02-20,2025-03-19,fixed,41423.64918610694,0
load_scenario_selector,2025-03-20,2025-02-20,2025-03-19,blend25,41393.29150166606,0
load_scenario_selector,2025-03-20,2025-02-20,2025-03-19,blend50,41387.54363184276,0
load_scenario_selector,2025-03-20,2025-02-20,2025-03-19,blend75,41355.936068000425,0
load_scenario_selector,2025-03-20,2025-02-20,2025-03-19,mean14,41286.775859281755,1
load_scenario_selector,2025-03-20,2025-02-20,2025-03-19,mean7,41309.36431261037,0
load_scenario_selector,2025-04-17,2025-03-20,2025-04-16,fixed,34094.65909991068,0
load_scenario_selector,2025-04-17,2025-03-20,2025-04-16,blend25,34035.20146539227,0
load_scenario_selector,2025-04-17,2025-03-20,2025-04-16,blend50,34007.523753434936,0
load_scenario_selector,2025-04-17,2025-03-20,2025-04-16,blend75,34003.772745915645,0
load_scenario_selector,2025-04-17,2025-03-20,2025-04-16,mean14,33958.9995909496,1
load_scenario_selector,2025-04-17,2025-03-20,2025-04-16,mean7,34001.41394502595,0
load_scenario_selector,2025-04-18,2025-03-21,2025-04-17,fixed,12852.264411461854,0
load_scenario_selector,2025-04-18,2025-03-21,2025-04-17,blend25,12844.756357622926,0
load_scenario_selector,2025-04-18,2025-03-21,2025-04-17,blend50,12844.756357622928,0
load_scenario_selector,2025-04-18,2025-03-21,2025-04-17,blend75,12843.830774970398,0
load_scenario_selector,2025-04-18,2025-03-21,2025-04-17,mean14,12842.577678456206,1
load_scenario_selector,2025-04-18,2025-03-21,2025-04-17,mean7,12843.830774970396,0
load_scenario_selector,2025-04-19,2025-03-22,2025-04-18,fixed,12926.797311344999,0
load_scenario_selector,2025-04-19,2025-03-22,2025-04-18,blend25,12915.057492667058,1
load_scenario_selector,2025-04-19,2025-03-22,2025-04-18,blend50,12915.057492667058,0
load_scenario_selector,2025-04-19,2025-03-22,2025-04-18,blend75,12915.057492667058,0
load_scenario_selector,2025-04-19,2025-03-22,2025-04-18,mean14,12915.057492667058,0
load_scenario_selector,2025-04-19,2025-03-22,2025-04-18,mean7,12915.057492667058,0
load_scenario_selector,2025-04-20,2025-03-23,2025-04-19,fixed,33618.75959393711,0
load_scenario_selector,2025-04-20,2025-03-23,2025-04-19,blend25,33590.98671413579,0
load_scenario_selector,2025-04-20,2025-03-23,2025-04-19,blend50,33589.55130704284,0
load_scenario_selector,2025-04-20,2025-03-23,2025-04-19,blend75,33587.24465283324,0
load_scenario_selector,2025-04-20,2025-03-23,2025-04-19,mean14,33538.87628810898,1
load_scenario_selector,2025-04-20,2025-03-23,2025-04-19,mean7,33590.66548833863,0
load_scenario_selector,2025-04-21,2025-03-24,2025-04-20,fixed,33280.03450318198,0
load_scenario_selector,2025-04-21,2025-03-24,2025-04-20,blend25,33242.56156318655,0
load_scenario_selector,2025-04-21,2025-03-24,2025-04-20,blend50,33235.83802370722,0
load_scenario_selector,2025-04-21,2025-03-24,2025-04-20,blend75,33235.83802370722,0
load_scenario_selector,2025-04-21,2025-03-24,2025-04-20,mean14,33198.32176904542,1
load_scenario_selector,2025-04-21,2025-03-24,2025-04-20,mean7,33218.57600421855,0
load_scenario_selector,2025-04-22,2025-03-25,2025-04-21,fixed,33114.37187063776,0
load_scenario_selector,2025-04-22,2025-03-25,2025-04-21,blend25,33022.05613604583,0
load_scenario_selector,2025-04-22,2025-03-25,2025-04-21,blend50,33016.12141069129,0
load_scenario_selector,2025-04-22,2025-03-25,2025-04-21,blend75,33015.05586709084,0
load_scenario_selector,2025-04-22,2025-03-25,2025-04-21,mean14,32921.16585437883,1
load_scenario_selector,2025-04-22,2025-03-25,2025-04-21,mean7,33027.61775944815,0
load_scenario_selector,2025-04-23,2025-03-26,2025-04-22,fixed,33207.06024384911,0
load_scenario_selector,2025-04-23,2025-03-26,2025-04-22,blend25,33121.29092494126,0
load_scenario_selector,2025-04-23,2025-03-26,2025-04-22,blend50,33118.62590364536,0
load_scenario_selector,2025-04-23,2025-03-26,2025-04-22,blend75,33115.10200635196,0
load_scenario_selector,2025-04-23,2025-03-26,2025-04-22,mean14,33046.400712745024,1
load_scenario_selector,2025-04-23,2025-03-26,2025-04-22,mean7,33150.15384457061,0
load_scenario_selector,2025-04-24,2025-03-27,2025-04-23,fixed,33001.81658964707,0
load_scenario_selector,2025-04-24,2025-03-27,2025-04-23,blend25,32882.55489544896,0
load_scenario_selector,2025-04-24,2025-03-27,2025-04-23,blend50,32875.05888429055,0
load_scenario_selector,2025-04-24,2025-03-27,2025-04-23,blend75,32834.963151280645,0
load_scenario_selector,2025-04-24,2025-03-27,2025-04-23,mean14,32761.834648288157,1
load_scenario_selector,2025-04-24,2025-03-27,2025-04-23,mean7,32786.29845140919,0
load_scenario_selector,2025-04-25,2025-03-28,2025-04-24,fixed,12219.374573393463,0
load_scenario_selector,2025-04-25,2025-03-28,2025-04-24,blend25,12204.135213256304,1
load_scenario_selector,2025-04-25,2025-03-28,2025-04-24,blend50,12204.135213256304,0
load_scenario_selector,2025-04-25,2025-03-28,2025-04-24,blend75,12204.135213256304,0
load_scenario_selector,2025-04-25,2025-03-28,2025-04-24,mean14,12204.135213256304,0
load_scenario_selector,2025-04-25,2025-03-28,2025-04-24,mean7,12207.319737065829,0
load_scenario_selector,2025-04-26,2025-03-29,2025-04-25,fixed,12088.778154796246,0
load_scenario_selector,2025-04-26,2025-03-29,2025-04-25,blend25,12081.6028217298,0
load_scenario_selector,2025-04-26,2025-03-29,2025-04-25,blend50,12081.54005955815,0
load_scenario_selector,2025-04-26,2025-03-29,2025-04-25,blend75,12080.766767616073,1
load_scenario_selector,2025-04-26,2025-03-29,2025-04-25,mean14,12080.766767616073,0
load_scenario_selector,2025-04-26,2025-03-29,2025-04-25,mean7,12081.922399280067,0
load_scenario_selector,2025-04-27,2025-03-30,2025-04-26,fixed,31335.0068470751,0
load_scenario_selector,2025-04-27,2025-03-30,2025-04-26,blend25,31144.426793353807,0
load_scenario_selector,2025-04-27,2025-03-30,2025-04-26,blend50,31075.14609892437,0
load_scenario_selector,2025-04-27,2025-03-30,2025-04-26,blend75,31028.28836545085,0
load_scenario_selector,2025-04-27,2025-03-30,2025-04-26,mean14,31024.2272075082,1
load_scenario_selector,2025-04-27,2025-03-30,2025-04-26,mean7,31044.495460164784,0
load_scenario_selector,2025-04-28,2025-03-31,2025-04-27,fixed,31181.162507877318,0
load_scenario_selector,2025-04-28,2025-03-31,2025-04-27,blend25,30966.924624759846,0
load_scenario_selector,2025-04-28,2025-03-31,2025-04-27,blend50,30910.965618045484,0
load_scenario_selector,2025-04-28,2025-03-31,2025-04-27,blend75,30872.572555966002,0
load_scenario_selector,2025-04-28,2025-03-31,2025-04-27,mean14,30856.50404865886,1
load_scenario_selector,2025-04-28,2025-03-31,2025-04-27,mean7,30897.87732668384,0
load_scenario_selector,2025-04-29,2025-04-01,2025-04-28,fixed,32851.66085717514,0
load_scenario_selector,2025-04-29,2025-04-01,2025-04-28,blend25,32813.32617838028,0
load_scenario_selector,2025-04-29,2025-04-01,2025-04-28,blend50,32714.156551350723,0
load_scenario_selector,2025-04-29,2025-04-01,2025-04-28,blend75,32651.73319909692,0
load_scenario_selector,2025-04-29,2025-04-01,2025-04-28,mean14,32639.610449477837,1
load_scenario_selector,2025-04-29,2025-04-01,2025-04-28,mean7,32701.251006002592,0
load_scenario_selector,2025-04-30,2025-04-02,2025-04-29,fixed,32693.621331975377,0
load_scenario_selector,2025-04-30,2025-04-02,2025-04-29,blend25,32621.717814956577,0
load_scenario_selector,2025-04-30,2025-04-02,2025-04-29,blend50,32570.89654898764,0
load_scenario_selector,2025-04-30,2025-04-02,2025-04-29,blend75,32519.935182288664,0
load_scenario_selector,2025-04-30,2025-04-02,2025-04-29,mean14,32484.50889199896,1
load_scenario_selector,2025-04-30,2025-04-02,2025-04-29,mean7,32507.650831066978,0
load_scenario_selector,2025-06-08,2025-05-11,2025-06-07,fixed,54003.50648095471,0
load_scenario_selector,2025-06-08,2025-05-11,2025-06-07,blend25,53934.245168475274,0
load_scenario_selector,2025-06-08,2025-05-11,2025-06-07,blend50,53897.90597132448,0
load_scenario_selector,2025-06-08,2025-05-11,2025-06-07,blend75,53848.7169614476,0
load_scenario_selector,2025-06-08,2025-05-11,2025-06-07,mean14,53805.20882605882,1
load_scenario_selector,2025-06-08,2025-05-11,2025-06-07,mean7,53935.05729752958,0
load_scenario_selector,2025-06-09,2025-05-12,2025-06-08,fixed,53519.23564858333,0
load_scenario_selector,2025-06-09,2025-05-12,2025-06-08,blend25,53469.18659157756,0
load_scenario_selector,2025-06-09,2025-05-12,2025-06-08,blend50,53434.64682695359,0
load_scenario_selector,2025-06-09,2025-05-12,2025-06-08,blend75,53390.114404107524,0
load_scenario_selector,2025-06-09,2025-05-12,2025-06-08,mean14,53377.31046363934,0
load_scenario_selector,2025-06-09,2025-05-12,2025-06-08,mean7,53364.017615879544,1
load_scenario_selector,2025-06-10,2025-05-13,2025-06-09,fixed,54319.93201289115,0
load_scenario_selector,2025-06-10,2025-05-13,2025-06-09,blend25,54233.92932395863,0
load_scenario_selector,2025-06-10,2025-05-13,2025-06-09,blend50,54200.647943737895,0
load_scenario_selector,2025-06-10,2025-05-13,2025-06-09,blend75,54168.1915167585,0
load_scenario_selector,2025-06-10,2025-05-13,2025-06-09,mean14,54152.466067150606,1
load_scenario_selector,2025-06-10,2025-05-13,2025-06-09,mean7,54156.0691089816,0
load_scenario_selector,2025-06-11,2025-05-14,2025-06-10,fixed,55269.892147586506,0
load_scenario_selector,2025-06-11,2025-05-14,2025-06-10,blend25,55176.38945724885,0
load_scenario_selector,2025-06-11,2025-05-14,2025-06-10,blend50,55128.92153890631,0
load_scenario_selector,2025-06-11,2025-05-14,2025-06-10,blend75,55086.585485922464,0
load_scenario_selector,2025-06-11,2025-05-14,2025-06-10,mean14,55068.05389953488,1
load_scenario_selector,2025-06-11,2025-05-14,2025-06-10,mean7,55129.10076340627,0
load_scenario_selector,2025-06-12,2025-05-15,2025-06-11,fixed,56506.51282465351,0
load_scenario_selector,2025-06-12,2025-05-15,2025-06-11,blend25,56401.19185670929,0
load_scenario_selector,2025-06-12,2025-05-15,2025-06-11,blend50,56313.11376579457,0
load_scenario_selector,2025-06-12,2025-05-15,2025-06-11,blend75,56276.721134646294,0
load_scenario_selector,2025-06-12,2025-05-15,2025-06-11,mean14,56276.172829318515,1
load_scenario_selector,2025-06-12,2025-05-15,2025-06-11,mean7,56321.62314302431,0
load_scenario_selector,2025-06-13,2025-05-16,2025-06-12,fixed,23982.42398413876,0
load_scenario_selector,2025-06-13,2025-05-16,2025-06-12,blend25,23971.20120113396,0
load_scenario_selector,2025-06-13,2025-05-16,2025-06-12,blend50,23924.367430741262,0
load_scenario_selector,2025-06-13,2025-05-16,2025-06-12,blend75,23923.539089888724,1
load_scenario_selector,2025-06-13,2025-05-16,2025-06-12,mean14,23928.193755720367,0
load_scenario_selector,2025-06-13,2025-05-16,2025-06-12,mean7,23926.833460726728,0
load_scenario_selector,2025-06-14,2025-05-17,2025-06-13,fixed,24178.150793247798,0
load_scenario_selector,2025-06-14,2025-05-17,2025-06-13,blend25,24161.87266644206,0
load_scenario_selector,2025-06-14,2025-05-17,2025-06-13,blend50,24110.62873899702,0
load_scenario_selector,2025-06-14,2025-05-17,2025-06-13,blend75,24106.03301456924,1
load_scenario_selector,2025-06-14,2025-05-17,2025-06-13,mean14,24108.434631111213,0
load_scenario_selector,2025-06-14,2025-05-17,2025-06-13,mean7,24119.73922522476,0
load_scenario_selector,2025-06-15,2025-05-18,2025-06-14,fixed,59044.560830443304,0
load_scenario_selector,2025-06-15,2025-05-18,2025-06-14,blend25,58849.132727117554,0
load_scenario_selector,2025-06-15,2025-05-18,2025-06-14,blend50,58740.9833290615,0
load_scenario_selector,2025-06-15,2025-05-18,2025-06-14,blend75,58731.74857713638,0
load_scenario_selector,2025-06-15,2025-05-18,2025-06-14,mean14,58701.56527764389,1
load_scenario_selector,2025-06-15,2025-05-18,2025-06-14,mean7,58764.08710408313,0
load_scenario_selector,2025-06-16,2025-05-19,2025-06-15,fixed,59147.889643434544,0
load_scenario_selector,2025-06-16,2025-05-19,2025-06-15,blend25,59008.17320335094,0
load_scenario_selector,2025-06-16,2025-05-19,2025-06-15,blend50,58873.63705364623,0
load_scenario_selector,2025-06-16,2025-05-19,2025-06-15,blend75,58870.15458111623,0
load_scenario_selector,2025-06-16,2025-05-19,2025-06-15,mean14,58823.544066722854,1
load_scenario_selector,2025-06-16,2025-05-19,2025-06-15,mean7,58925.600945119935,0
load_scenario_selector,2025-06-17,2025-05-20,2025-06-16,fixed,59328.75133063819,0
load_scenario_selector,2025-06-17,2025-05-20,2025-06-16,blend25,59226.51206317104,0
load_scenario_selector,2025-06-17,2025-05-20,2025-06-16,blend50,59094.02443859482,0
load_scenario_selector,2025-06-17,2025-05-20,2025-06-16,blend75,59084.762178962184,0
load_scenario_selector,2025-06-17,2025-05-20,2025-06-16,mean14,59084.15752420044,1
load_scenario_selector,2025-06-17,2025-05-20,2025-06-16,mean7,59118.77682668423,0
load_scenario_selector,2025-06-18,2025-05-21,2025-06-17,fixed,59648.06691507215,0
load_scenario_selector,2025-06-18,2025-05-21,2025-06-17,blend25,59512.89810941566,0
load_scenario_selector,2025-06-18,2025-05-21,2025-06-17,blend50,59379.65515316645,0
load_scenario_selector,2025-06-18,2025-05-21,2025-06-17,blend75,59376.17098196562,1
load_scenario_selector,2025-06-18,2025-05-21,2025-06-17,mean14,59427.85953730583,0
load_scenario_selector,2025-06-18,2025-05-21,2025-06-17,mean7,59447.087046866574,0
load_scenario_selector,2025-06-19,2025-05-22,2025-06-18,fixed,59169.7060968565,0
load_scenario_selector,2025-06-19,2025-05-22,2025-06-18,blend25,59071.450638366936,0
load_scenario_selector,2025-06-19,2025-05-22,2025-06-18,blend50,58956.228264334444,0
load_scenario_selector,2025-06-19,2025-05-22,2025-06-18,blend75,58955.924080587814,1
load_scenario_selector,2025-06-19,2025-05-22,2025-06-18,mean14,58997.977167796125,0
load_scenario_selector,2025-06-19,2025-05-22,2025-06-18,mean7,59021.99629280918,0
load_scenario_selector,2025-06-20,2025-05-23,2025-06-19,fixed,25484.369352965736,0
load_scenario_selector,2025-06-20,2025-05-23,2025-06-19,blend25,25366.69118583063,0
load_scenario_selector,2025-06-20,2025-05-23,2025-06-19,blend50,25366.69118583063,0
load_scenario_selector,2025-06-20,2025-05-23,2025-06-19,blend75,25365.158115873706,1
load_scenario_selector,2025-06-20,2025-05-23,2025-06-19,mean14,25365.158115873706,0
load_scenario_selector,2025-06-20,2025-05-23,2025-06-19,mean7,25367.908498143915,0
load_scenario_selector,2025-06-21,2025-05-24,2025-06-20,fixed,25712.812197607134,1
load_scenario_selector,2025-06-21,2025-05-24,2025-06-20,blend25,25733.22163107877,0
load_scenario_selector,2025-06-21,2025-05-24,2025-06-20,blend50,25734.453031694316,0
load_scenario_selector,2025-06-21,2025-05-24,2025-06-20,blend75,25733.67810801621,0
load_scenario_selector,2025-06-21,2025-05-24,2025-06-20,mean14,25733.67810801621,0
load_scenario_selector,2025-06-21,2025-05-24,2025-06-20,mean7,25733.67810801621,0
load_scenario_selector,2025-08-18,2025-07-21,2025-08-17,fixed,57083.38187510582,0
load_scenario_selector,2025-08-18,2025-07-21,2025-08-17,blend25,56607.40961842572,0
load_scenario_selector,2025-08-18,2025-07-21,2025-08-17,blend50,56631.8556844186,0
load_scenario_selector,2025-08-18,2025-07-21,2025-08-17,blend75,56602.84298647878,0
load_scenario_selector,2025-08-18,2025-07-21,2025-08-17,mean14,56599.167749400294,1
load_scenario_selector,2025-08-18,2025-07-21,2025-08-17,mean7,56646.075452001394,0
load_scenario_selector,2025-08-19,2025-07-22,2025-08-18,fixed,55407.20787808823,0
load_scenario_selector,2025-08-19,2025-07-22,2025-08-18,blend25,55045.119483904804,1
load_scenario_selector,2025-08-19,2025-07-22,2025-08-18,blend50,55060.48251445623,0
load_scenario_selector,2025-08-19,2025-07-22,2025-08-18,blend75,55060.66226879483,0
load_scenario_selector,2025-08-19,2025-07-22,2025-08-18,mean14,55075.96767618074,0
load_scenario_selector,2025-08-19,2025-07-22,2025-08-18,mean7,55081.6378256962,0
load_scenario_selector,2025-08-20,2025-07-23,2025-08-19,fixed,54236.31010437737,0
load_scenario_selector,2025-08-20,2025-07-23,2025-08-19,blend25,53910.762735648,1
load_scenario_selector,2025-08-20,2025-07-23,2025-08-19,blend50,53941.647556717,0
load_scenario_selector,2025-08-20,2025-07-23,2025-08-19,blend75,53919.11382526755,0
load_scenario_selector,2025-08-20,2025-07-23,2025-08-19,mean14,53918.91458633579,0
load_scenario_selector,2025-08-20,2025-07-23,2025-08-19,mean7,53999.93945132325,0
load_scenario_selector,2025-08-21,2025-07-24,2025-08-20,fixed,54040.889970214244,0
load_scenario_selector,2025-08-21,2025-07-24,2025-08-20,blend25,53752.48596669891,0
load_scenario_selector,2025-08-21,2025-07-24,2025-08-20,blend50,53729.907872435404,0
load_scenario_selector,2025-08-21,2025-07-24,2025-08-20,blend75,53662.383795351874,0
load_scenario_selector,2025-08-21,2025-07-24,2025-08-20,mean14,53647.19676765572,1
load_scenario_selector,2025-08-21,2025-07-24,2025-08-20,mean7,53762.11211713188,0
load_scenario_selector,2025-08-22,2025-07-25,2025-08-21,fixed,27855.18407719116,0
load_scenario_selector,2025-08-22,2025-07-25,2025-08-21,blend25,27729.192703529254,0
load_scenario_selector,2025-08-22,2025-07-25,2025-08-21,blend50,27657.27332152802,0
load_scenario_selector,2025-08-22,2025-07-25,2025-08-21,blend75,27657.27332152802,0
load_scenario_selector,2025-08-22,2025-07-25,2025-08-21,mean14,27610.96271063283,1
load_scenario_selector,2025-08-22,2025-07-25,2025-08-21,mean7,27658.59919100608,0
load_scenario_selector,2025-08-23,2025-07-26,2025-08-22,fixed,27665.065508784402,0
load_scenario_selector,2025-08-23,2025-07-26,2025-08-22,blend25,27526.98218141385,0
load_scenario_selector,2025-08-23,2025-07-26,2025-08-22,blend50,27479.63611012781,0
load_scenario_selector,2025-08-23,2025-07-26,2025-08-22,blend75,27479.63611012781,0
load_scenario_selector,2025-08-23,2025-07-26,2025-08-22,mean14,27440.151771555717,1
load_scenario_selector,2025-08-23,2025-07-26,2025-08-22,mean7,27486.4380762661,0
load_scenario_selector,2025-08-24,2025-07-27,2025-08-23,fixed,53878.459275862086,0
load_scenario_selector,2025-08-24,2025-07-27,2025-08-23,blend25,53672.903556443904,0
load_scenario_selector,2025-08-24,2025-07-27,2025-08-23,blend50,53661.76223017856,1
load_scenario_selector,2025-08-24,2025-07-27,2025-08-23,blend75,53687.344716823834,0
load_scenario_selector,2025-08-24,2025-07-27,2025-08-23,mean14,53675.75852605105,0
load_scenario_selector,2025-08-24,2025-07-27,2025-08-23,mean7,53668.50505436032,0
load_scenario_selector,2025-08-25,2025-07-28,2025-08-24,fixed,53553.82353011562,0
load_scenario_selector,2025-08-25,2025-07-28,2025-08-24,blend25,53355.99723684355,0
load_scenario_selector,2025-08-25,2025-07-28,2025-08-24,blend50,53290.22488889205,0
load_scenario_selector,2025-08-25,2025-07-28,2025-08-24,blend75,53237.25870274485,0
load_scenario_selector,2025-08-25,2025-07-28,2025-08-24,mean14,53237.25870274485,0
load_scenario_selector,2025-08-25,2025-07-28,2025-08-24,mean7,53219.961444151995,1
load_scenario_selector,2025-08-26,2025-07-29,2025-08-25,fixed,53423.69426705934,0
load_scenario_selector,2025-08-26,2025-07-29,2025-08-25,blend25,53211.176899548234,0
load_scenario_selector,2025-08-26,2025-07-29,2025-08-25,blend50,53135.466843080634,0
load_scenario_selector,2025-08-26,2025-07-29,2025-08-25,blend75,53147.874509906214,0
load_scenario_selector,2025-08-26,2025-07-29,2025-08-25,mean14,53146.347299897985,0
load_scenario_selector,2025-08-26,2025-07-29,2025-08-25,mean7,53134.59646423536,1
load_scenario_selector,2025-08-27,2025-07-30,2025-08-26,fixed,53407.66027367446,0
load_scenario_selector,2025-08-27,2025-07-30,2025-08-26,blend25,53210.53984469314,0
load_scenario_selector,2025-08-27,2025-07-30,2025-08-26,blend50,53128.19699049273,0
load_scenario_selector,2025-08-27,2025-07-30,2025-08-26,blend75,53127.19690272952,0
load_scenario_selector,2025-08-27,2025-07-30,2025-08-26,mean14,53125.115011153284,1
load_scenario_selector,2025-08-27,2025-07-30,2025-08-26,mean7,53127.67866596994,0
load_scenario_selector,2025-08-28,2025-07-31,2025-08-27,fixed,53068.913964718275,0
load_scenario_selector,2025-08-28,2025-07-31,2025-08-27,blend25,52861.02980022486,0
load_scenario_selector,2025-08-28,2025-07-31,2025-08-27,blend50,52795.78236293669,0
load_scenario_selector,2025-08-28,2025-07-31,2025-08-27,blend75,52688.22301311463,0
load_scenario_selector,2025-08-28,2025-07-31,2025-08-27,mean14,52688.13517054152,1
load_scenario_selector,2025-08-28,2025-07-31,2025-08-27,mean7,52708.72823896133,0
load_scenario_selector,2025-08-29,2025-08-01,2025-08-28,fixed,27141.37559157093,0
load_scenario_selector,2025-08-29,2025-08-01,2025-08-28,blend25,27097.619143159816,1
load_scenario_selector,2025-08-29,2025-08-01,2025-08-28,blend50,27099.67400017918,0
load_scenario_selector,2025-08-29,2025-08-01,2025-08-28,blend75,27099.67400017918,0
load_scenario_selector,2025-08-29,2025-08-01,2025-08-28,mean14,27099.602648108186,0
load_scenario_selector,2025-08-29,2025-08-01,2025-08-28,mean7,27111.318502081318,0
load_scenario_selector,2025-08-30,2025-08-02,2025-08-29,fixed,27141.463126977735,0
load_scenario_selector,2025-08-30,2025-08-02,2025-08-29,blend25,27092.239456679872,1
load_scenario_selector,2025-08-30,2025-08-02,2025-08-29,blend50,27104.018742256176,0
load_scenario_selector,2025-08-30,2025-08-02,2025-08-29,blend75,27104.018742256176,0
load_scenario_selector,2025-08-30,2025-08-02,2025-08-29,mean14,27102.929165981775,0
load_scenario_selector,2025-08-30,2025-08-02,2025-08-29,mean7,27117.42403597892,0
load_scenario_selector,2025-08-31,2025-08-03,2025-08-30,fixed,53870.460638617085,0
load_scenario_selector,2025-08-31,2025-08-03,2025-08-30,blend25,53676.481314319826,0
load_scenario_selector,2025-08-31,2025-08-03,2025-08-30,blend50,53579.733406261934,0
load_scenario_selector,2025-08-31,2025-08-03,2025-08-30,blend75,53573.01140132772,1
load_scenario_selector,2025-08-31,2025-08-03,2025-08-30,mean14,53573.01140132772,0
load_scenario_selector,2025-08-31,2025-08-03,2025-08-30,mean7,53592.997043878924,0
load_scenario_selector,2025-09-10,2025-08-13,2025-09-09,fixed,47260.76166061151,0
load_scenario_selector,2025-09-10,2025-08-13,2025-09-09,blend25,47332.042847106546,0
load_scenario_selector,2025-09-10,2025-08-13,2025-09-09,blend50,47279.294057387866,0
load_scenario_selector,2025-09-10,2025-08-13,2025-09-09,blend75,47225.67025060052,0
load_scenario_selector,2025-09-10,2025-08-13,2025-09-09,mean14,47225.65461305615,1
load_scenario_selector,2025-09-10,2025-08-13,2025-09-09,mean7,47310.026940169984,0
load_scenario_selector,2025-09-11,2025-08-14,2025-09-10,fixed,47372.36135200308,0
load_scenario_selector,2025-09-11,2025-08-14,2025-09-10,blend25,47359.03772542612,0
load_scenario_selector,2025-09-11,2025-08-14,2025-09-10,blend50,47318.32329623454,0
load_scenario_selector,2025-09-11,2025-08-14,2025-09-10,blend75,47287.908445432804,0
load_scenario_selector,2025-09-11,2025-08-14,2025-09-10,mean14,47285.15205252685,1
load_scenario_selector,2025-09-11,2025-08-14,2025-09-10,mean7,47312.50656455254,0
load_scenario_selector,2025-09-12,2025-08-15,2025-09-11,fixed,22367.834270702664,0
load_scenario_selector,2025-09-12,2025-08-15,2025-09-11,blend25,22367.834270702664,0
load_scenario_selector,2025-09-12,2025-08-15,2025-09-11,blend50,22363.631851328926,0
load_scenario_selector,2025-09-12,2025-08-15,2025-09-11,blend75,22362.894598918105,1
load_scenario_selector,2025-09-12,2025-08-15,2025-09-11,mean14,22362.894598918105,0
load_scenario_selector,2025-09-12,2025-08-15,2025-09-11,mean7,22396.047088639396,0
load_scenario_selector,2025-09-13,2025-08-16,2025-09-12,fixed,22384.92076404324,0
load_scenario_selector,2025-09-13,2025-08-16,2025-09-12,blend25,22384.92076404324,0
load_scenario_selector,2025-09-13,2025-08-16,2025-09-12,blend50,22378.13284108716,0
load_scenario_selector,2025-09-13,2025-08-16,2025-09-12,blend75,22374.694216533266,1
load_scenario_selector,2025-09-13,2025-08-16,2025-09-12,mean14,22374.694216533266,0
load_scenario_selector,2025-09-13,2025-08-16,2025-09-12,mean7,22439.5966444019,0
load_scenario_selector,2025-09-14,2025-08-17,2025-09-13,fixed,46473.00670189669,0
load_scenario_selector,2025-09-14,2025-08-17,2025-09-13,blend25,46451.68424123834,0
load_scenario_selector,2025-09-14,2025-08-17,2025-09-13,blend50,46423.57217808716,0
load_scenario_selector,2025-09-14,2025-08-17,2025-09-13,blend75,46416.85081076954,0
load_scenario_selector,2025-09-14,2025-08-17,2025-09-13,mean14,46244.19677488574,1
load_scenario_selector,2025-09-14,2025-08-17,2025-09-13,mean7,46293.72836810473,0
load_scenario_selector,2025-09-15,2025-08-18,2025-09-14,fixed,44647.71186072128,0
load_scenario_selector,2025-09-15,2025-08-18,2025-09-14,blend25,44634.746559276704,0
load_scenario_selector,2025-09-15,2025-08-18,2025-09-14,blend50,44605.83989298599,0
load_scenario_selector,2025-09-15,2025-08-18,2025-09-14,blend75,44597.749458225866,0
load_scenario_selector,2025-09-15,2025-08-18,2025-09-14,mean14,44400.632243801156,1
load_scenario_selector,2025-09-15,2025-08-18,2025-09-14,mean7,44421.54869434894,0
load_scenario_selector,2025-09-16,2025-08-19,2025-09-15,fixed,44375.76470414711,0
load_scenario_selector,2025-09-16,2025-08-19,2025-09-15,blend25,44360.04496148844,0
load_scenario_selector,2025-09-16,2025-08-19,2025-09-15,blend50,44323.48723516269,0
load_scenario_selector,2025-09-16,2025-08-19,2025-09-15,blend75,44322.042657379236,0
load_scenario_selector,2025-09-16,2025-08-19,2025-09-15,mean14,44136.62006349203,0
load_scenario_selector,2025-09-16,2025-08-19,2025-09-15,mean7,44128.06612618197,1
load_scenario_selector,2025-09-17,2025-08-20,2025-09-16,fixed,44516.576988417735,0
load_scenario_selector,2025-09-17,2025-08-20,2025-09-16,blend25,44490.51509163338,0
load_scenario_selector,2025-09-17,2025-08-20,2025-09-16,blend50,44460.056758300045,0
load_scenario_selector,2025-09-17,2025-08-20,2025-09-16,blend75,44460.06145472694,0
load_scenario_selector,2025-09-17,2025-08-20,2025-09-16,mean14,44262.949853098085,0
load_scenario_selector,2025-09-17,2025-08-20,2025-09-16,mean7,44257.251235101125,1
load_scenario_selector,2025-09-18,2025-08-21,2025-09-17,fixed,43850.22766966185,0
load_scenario_selector,2025-09-18,2025-08-21,2025-09-17,blend25,43844.491417960475,0
load_scenario_selector,2025-09-18,2025-08-21,2025-09-17,blend50,43828.00066613062,0
load_scenario_selector,2025-09-18,2025-08-21,2025-09-17,blend75,43822.002617737104,0
load_scenario_selector,2025-09-18,2025-08-21,2025-09-17,mean14,43609.64214555486,0
load_scenario_selector,2025-09-18,2025-08-21,2025-09-17,mean7,43604.61397866152,1
load_scenario_selector,2025-09-19,2025-08-22,2025-09-18,fixed,20436.17787383719,0
load_scenario_selector,2025-09-19,2025-08-22,2025-09-18,blend25,20430.412985778257,0
load_scenario_selector,2025-09-19,2025-08-22,2025-09-18,blend50,20425.58735615324,0
load_scenario_selector,2025-09-19,2025-08-22,2025-09-18,blend75,20425.58735615324,0
load_scenario_selector,2025-09-19,2025-08-22,2025-09-18,mean14,20378.426597380807,1
load_scenario_selector,2025-09-19,2025-08-22,2025-09-18,mean7,20394.526038741016,0
load_scenario_selector,2025-09-20,2025-08-23,2025-09-19,fixed,20458.83556524872,0
load_scenario_selector,2025-09-20,2025-08-23,2025-09-19,blend25,20458.83556524872,0
load_scenario_selector,2025-09-20,2025-08-23,2025-09-19,blend50,20454.831759103756,0
load_scenario_selector,2025-09-20,2025-08-23,2025-09-19,blend75,20454.831759103756,0
load_scenario_selector,2025-09-20,2025-08-23,2025-09-19,mean14,20394.317796201743,1
load_scenario_selector,2025-09-20,2025-08-23,2025-09-19,mean7,20404.600533840625,0
load_scenario_selector,2025-09-21,2025-08-24,2025-09-20,fixed,44954.90324223067,0
load_scenario_selector,2025-09-21,2025-08-24,2025-09-20,blend25,44914.92098690312,0
load_scenario_selector,2025-09-21,2025-08-24,2025-09-20,blend50,44897.10237185548,0
load_scenario_selector,2025-09-21,2025-08-24,2025-09-20,blend75,44628.19312095594,0
load_scenario_selector,2025-09-21,2025-08-24,2025-09-20,mean14,44565.83215903576,1
load_scenario_selector,2025-09-21,2025-08-24,2025-09-20,mean7,44630.078672091775,0
load_scenario_selector,2025-09-22,2025-08-25,2025-09-21,fixed,42882.130056605805,0
load_scenario_selector,2025-09-22,2025-08-25,2025-09-21,blend25,42853.41160480622,0
load_scenario_selector,2025-09-22,2025-08-25,2025-09-21,blend50,42839.36388051354,0
load_scenario_selector,2025-09-22,2025-08-25,2025-09-21,blend75,42545.34258006787,0
load_scenario_selector,2025-09-22,2025-08-25,2025-09-21,mean14,42469.968604605594,1
load_scenario_selector,2025-09-22,2025-08-25,2025-09-21,mean7,42505.68006556127,0
load_scenario_selector,2025-09-23,2025-08-26,2025-09-22,fixed,42875.64120663867,0
load_scenario_selector,2025-09-23,2025-08-26,2025-09-22,blend25,42862.61305502138,0
load_scenario_selector,2025-09-23,2025-08-26,2025-09-22,blend50,42833.7423773212,0
load_scenario_selector,2025-09-23,2025-08-26,2025-09-22,blend75,42532.5653705742,0
load_scenario_selector,2025-09-23,2025-08-26,2025-09-22,mean14,42467.11073103118,1
load_scenario_selector,2025-09-23,2025-08-26,2025-09-22,mean7,42495.95568842934,0
load_scenario_selector,2025-12-08,2025-11-10,2025-12-07,fixed,66392.85096647697,0
load_scenario_selector,2025-12-08,2025-11-10,2025-12-07,blend25,66369.03452001538,0
load_scenario_selector,2025-12-08,2025-11-10,2025-12-07,blend50,66369.03452001538,0
load_scenario_selector,2025-12-08,2025-11-10,2025-12-07,blend75,66367.16868199741,0
load_scenario_selector,2025-12-08,2025-11-10,2025-12-07,mean14,66337.34515580082,1
load_scenario_selector,2025-12-08,2025-11-10,2025-12-07,mean7,66338.19530436909,0
load_scenario_selector,2025-12-09,2025-11-11,2025-12-08,fixed,67154.28496018825,0
load_scenario_selector,2025-12-09,2025-11-11,2025-12-08,blend25,67136.95535576403,0
load_scenario_selector,2025-12-09,2025-11-11,2025-12-08,blend50,67135.37989032596,0
load_scenario_selector,2025-12-09,2025-11-11,2025-12-08,blend75,67092.62143505027,0
load_scenario_selector,2025-12-09,2025-11-11,2025-12-08,mean14,67091.31012319801,1
load_scenario_selector,2025-12-09,2025-11-11,2025-12-08,mean7,67128.99889618205,0
load_scenario_selector,2025-12-10,2025-11-12,2025-12-09,fixed,67356.32685706271,0
load_scenario_selector,2025-12-10,2025-11-12,2025-12-09,blend25,67334.26830958812,0
load_scenario_selector,2025-12-10,2025-11-12,2025-12-09,blend50,67318.9931011678,0
load_scenario_selector,2025-12-10,2025-11-12,2025-12-09,blend75,67278.41872284799,0
load_scenario_selector,2025-12-10,2025-11-12,2025-12-09,mean14,67278.33775775997,1
load_scenario_selector,2025-12-10,2025-11-12,2025-12-09,mean7,67341.8434549379,0
load_scenario_selector,2025-12-11,2025-11-13,2025-12-10,fixed,68113.28320289681,0
load_scenario_selector,2025-12-11,2025-11-13,2025-12-10,blend25,68065.11984166372,0
load_scenario_selector,2025-12-11,2025-11-13,2025-12-10,blend50,68065.11984166372,0
load_scenario_selector,2025-12-11,2025-11-13,2025-12-10,blend75,68017.17948713615,0
load_scenario_selector,2025-12-11,2025-11-13,2025-12-10,mean14,68016.96079167968,1
load_scenario_selector,2025-12-11,2025-11-13,2025-12-10,mean7,68028.79896287103,0
load_scenario_selector,2025-12-12,2025-11-14,2025-12-11,fixed,28383.964337519963,0
load_scenario_selector,2025-12-12,2025-11-14,2025-12-11,blend25,28354.24405781336,0
load_scenario_selector,2025-12-12,2025-11-14,2025-12-11,blend50,28344.59837530405,0
load_scenario_selector,2025-12-12,2025-11-14,2025-12-11,blend75,28339.30746876503,0
load_scenario_selector,2025-12-12,2025-11-14,2025-12-11,mean14,28339.30746876503,0
load_scenario_selector,2025-12-12,2025-11-14,2025-12-11,mean7,28333.484329087194,1
load_scenario_selector,2025-12-13,2025-11-15,2025-12-12,fixed,29095.282671825164,0
load_scenario_selector,2025-12-13,2025-11-15,2025-12-12,blend25,29057.593396340264,0
load_scenario_selector,2025-12-13,2025-11-15,2025-12-12,blend50,29053.47310736492,0
load_scenario_selector,2025-12-13,2025-11-15,2025-12-12,blend75,29052.456042410286,0
load_scenario_selector,2025-12-13,2025-11-15,2025-12-12,mean14,29044.545895715004,0
load_scenario_selector,2025-12-13,2025-11-15,2025-12-12,mean7,29040.708876805387,1
load_scenario_selector,2025-12-14,2025-11-16,2025-12-13,fixed,69676.11740580895,0
load_scenario_selector,2025-12-14,2025-11-16,2025-12-13,blend25,69580.03328451233,0
load_scenario_selector,2025-12-14,2025-11-16,2025-12-13,blend50,69579.02113277279,0
load_scenario_selector,2025-12-14,2025-11-16,2025-12-13,blend75,69539.37808665432,0
load_scenario_selector,2025-12-14,2025-11-16,2025-12-13,mean14,69530.68087609521,1
load_scenario_selector,2025-12-14,2025-11-16,2025-12-13,mean7,69551.28619896209,0
load_scenario_selector,2025-12-15,2025-11-17,2025-12-14,fixed,71206.37528120898,0
load_scenario_selector,2025-12-15,2025-11-17,2025-12-14,blend25,71066.37948693665,0
load_scenario_selector,2025-12-15,2025-11-17,2025-12-14,blend50,71065.83077640749,0
load_scenario_selector,2025-12-15,2025-11-17,2025-12-14,blend75,71027.35778107958,0
load_scenario_selector,2025-12-15,2025-11-17,2025-12-14,mean14,71023.9646901134,1
load_scenario_selector,2025-12-15,2025-11-17,2025-12-14,mean7,71046.13364260012,0
load_scenario_selector,2025-12-16,2025-11-18,2025-12-15,fixed,71466.52869724247,0
load_scenario_selector,2025-12-16,2025-11-18,2025-12-15,blend25,71314.54613378907,0
load_scenario_selector,2025-12-16,2025-11-18,2025-12-15,blend50,71320.7023174696,0
load_scenario_selector,2025-12-16,2025-11-18,2025-12-15,blend75,71257.46238518669,1
load_scenario_selector,2025-12-16,2025-11-18,2025-12-15,mean14,71257.46238518669,0
load_scenario_selector,2025-12-16,2025-11-18,2025-12-15,mean7,71263.4935702186,0
load_scenario_selector,2025-12-17,2025-11-19,2025-12-16,fixed,71192.41532954742,0
load_scenario_selector,2025-12-17,2025-11-19,2025-12-16,blend25,71068.37394949268,0
load_scenario_selector,2025-12-17,2025-11-19,2025-12-16,blend50,71021.67917135991,0
load_scenario_selector,2025-12-17,2025-11-19,2025-12-16,blend75,70965.92075539536,0
load_scenario_selector,2025-12-17,2025-11-19,2025-12-16,mean14,70958.0504736077,0
load_scenario_selector,2025-12-17,2025-11-19,2025-12-16,mean7,70937.46693183397,1
load_scenario_selector,2025-12-18,2025-11-20,2025-12-17,fixed,71072.43350639242,0
load_scenario_selector,2025-12-18,2025-11-20,2025-12-17,blend25,70957.02725659723,0
load_scenario_selector,2025-12-18,2025-11-20,2025-12-17,blend50,70925.57783305786,0
load_scenario_selector,2025-12-18,2025-11-20,2025-12-17,blend75,70878.79144947413,0
load_scenario_selector,2025-12-18,2025-11-20,2025-12-17,mean14,70868.47582259201,0
load_scenario_selector,2025-12-18,2025-11-20,2025-12-17,mean7,70847.18260391493,1
load_scenario_selector,2025-12-19,2025-11-21,2025-12-18,fixed,30453.65861211554,0
load_scenario_selector,2025-12-19,2025-11-21,2025-12-18,blend25,30401.864211485,0
load_scenario_selector,2025-12-19,2025-11-21,2025-12-18,blend50,30396.717210573268,0
load_scenario_selector,2025-12-19,2025-11-21,2025-12-18,blend75,30391.4807959652,0
load_scenario_selector,2025-12-19,2025-11-21,2025-12-18,mean14,30370.902052163936,1
load_scenario_selector,2025-12-19,2025-11-21,2025-12-18,mean7,30373.399736990832,0
load_scenario_selector,2025-12-20,2025-11-22,2025-12-19,fixed,30617.196353785614,0
load_scenario_selector,2025-12-20,2025-11-22,2025-12-19,blend25,30573.113744995742,0
load_scenario_selector,2025-12-20,2025-11-22,2025-12-19,blend50,30543.57480540322,0
load_scenario_selector,2025-12-20,2025-11-22,2025-12-19,blend75,30539.007022798953,0
load_scenario_selector,2025-12-20,2025-11-22,2025-12-19,mean14,30513.550103974532,1
load_scenario_selector,2025-12-20,2025-11-22,2025-12-19,mean7,30517.061880016252,0
load_scenario_selector,2025-12-21,2025-11-23,2025-12-20,fixed,71202.53631846202,0
load_scenario_selector,2025-12-21,2025-11-23,2025-12-20,blend25,71070.5238140281,0
load_scenario_selector,2025-12-21,2025-11-23,2025-12-20,blend50,71035.69490235987,0
load_scenario_selector,2025-12-21,2025-11-23,2025-12-20,blend75,70991.70028723452,0
load_scenario_selector,2025-12-21,2025-11-23,2025-12-20,mean14,70966.95213850484,1
load_scenario_selector,2025-12-21,2025-11-23,2025-12-20,mean7,70991.01268473685,0
joint_scenario_selector,2025-03-07,2025-02-07,2025-03-06,fixed,16724.57837505284,0
joint_scenario_selector,2025-03-07,2025-02-07,2025-03-06,blend25,16709.159157365764,0
joint_scenario_selector,2025-03-07,2025-02-07,2025-03-06,blend50,16709.159157365764,0
joint_scenario_selector,2025-03-07,2025-02-07,2025-03-06,blend75,16699.03376099182,0
joint_scenario_selector,2025-03-07,2025-02-07,2025-03-06,mean14,16698.813412290277,0
joint_scenario_selector,2025-03-07,2025-02-07,2025-03-06,mean7,16690.22835100219,1
joint_scenario_selector,2025-03-08,2025-02-08,2025-03-07,fixed,16330.279022431901,0
joint_scenario_selector,2025-03-08,2025-02-08,2025-03-07,blend25,16321.049123146193,0
joint_scenario_selector,2025-03-08,2025-02-08,2025-03-07,blend50,16317.175463870988,0
joint_scenario_selector,2025-03-08,2025-02-08,2025-03-07,blend75,16315.964685485564,0
joint_scenario_selector,2025-03-08,2025-02-08,2025-03-07,mean14,16315.964685485564,0
joint_scenario_selector,2025-03-08,2025-02-08,2025-03-07,mean7,16310.784256573508,1
joint_scenario_selector,2025-03-09,2025-02-09,2025-03-08,fixed,46311.19553800097,0
joint_scenario_selector,2025-03-09,2025-02-09,2025-03-08,blend25,46262.31842591437,0
joint_scenario_selector,2025-03-09,2025-02-09,2025-03-08,blend50,46211.65364182777,0
joint_scenario_selector,2025-03-09,2025-02-09,2025-03-08,blend75,46180.96468692192,0
joint_scenario_selector,2025-03-09,2025-02-09,2025-03-08,mean14,46124.74458358304,0
joint_scenario_selector,2025-03-09,2025-02-09,2025-03-08,mean7,46113.775892158854,1
joint_scenario_selector,2025-03-10,2025-02-10,2025-03-09,fixed,45085.010502514895,0
joint_scenario_selector,2025-03-10,2025-02-10,2025-03-09,blend25,45064.188223603334,0
joint_scenario_selector,2025-03-10,2025-02-10,2025-03-09,blend50,45064.188223603334,0
joint_scenario_selector,2025-03-10,2025-02-10,2025-03-09,blend75,45034.5422438782,0
joint_scenario_selector,2025-03-10,2025-02-10,2025-03-09,mean14,44965.196770401926,1
joint_scenario_selector,2025-03-10,2025-02-10,2025-03-09,mean7,45009.0192513275,0
joint_scenario_selector,2025-03-11,2025-02-11,2025-03-10,fixed,44704.18619720676,0
joint_scenario_selector,2025-03-11,2025-02-11,2025-03-10,blend25,44687.02441999588,0
joint_scenario_selector,2025-03-11,2025-02-11,2025-03-10,blend50,44682.02516636688,0
joint_scenario_selector,2025-03-11,2025-02-11,2025-03-10,blend75,44654.4812750952,0
joint_scenario_selector,2025-03-11,2025-02-11,2025-03-10,mean14,44602.407928091525,1
joint_scenario_selector,2025-03-11,2025-02-11,2025-03-10,mean7,44632.85329572648,0
joint_scenario_selector,2025-03-12,2025-02-12,2025-03-11,fixed,44462.49407154586,0
joint_scenario_selector,2025-03-12,2025-02-12,2025-03-11,blend25,44451.047896189964,0
joint_scenario_selector,2025-03-12,2025-02-12,2025-03-11,blend50,44456.55290875528,0
joint_scenario_selector,2025-03-12,2025-02-12,2025-03-11,blend75,44449.24714553174,0
joint_scenario_selector,2025-03-12,2025-02-12,2025-03-11,mean14,44363.84706221316,1
joint_scenario_selector,2025-03-12,2025-02-12,2025-03-11,mean7,44378.32530340454,0
joint_scenario_selector,2025-03-13,2025-02-13,2025-03-12,fixed,43767.82874188809,0
joint_scenario_selector,2025-03-13,2025-02-13,2025-03-12,blend25,43759.99462367559,0
joint_scenario_selector,2025-03-13,2025-02-13,2025-03-12,blend50,43736.920409617785,0
joint_scenario_selector,2025-03-13,2025-02-13,2025-03-12,blend75,43723.01582916593,0
joint_scenario_selector,2025-03-13,2025-02-13,2025-03-12,mean14,43626.74481789592,1
joint_scenario_selector,2025-03-13,2025-02-13,2025-03-12,mean7,43660.99689443289,0
joint_scenario_selector,2025-03-14,2025-02-14,2025-03-13,fixed,15578.771637958534,0
joint_scenario_selector,2025-03-14,2025-02-14,2025-03-13,blend25,15574.607775193866,0
joint_scenario_selector,2025-03-14,2025-02-14,2025-03-13,blend50,15574.759004142474,0
joint_scenario_selector,2025-03-14,2025-02-14,2025-03-13,blend75,15571.98622887376,0
joint_scenario_selector,2025-03-14,2025-02-14,2025-03-13,mean14,15571.986228873759,1
joint_scenario_selector,2025-03-14,2025-02-14,2025-03-13,mean7,15584.441980969463,0
joint_scenario_selector,2025-03-15,2025-02-15,2025-03-14,fixed,15528.176016399328,0
joint_scenario_selector,2025-03-15,2025-02-15,2025-03-14,blend25,15511.092046208161,0
joint_scenario_selector,2025-03-15,2025-02-15,2025-03-14,blend50,15511.116562060872,0
joint_scenario_selector,2025-03-15,2025-02-15,2025-03-14,blend75,15511.271474481591,0
joint_scenario_selector,2025-03-15,2025-02-15,2025-03-14,mean14,15510.261226090835,1
joint_scenario_selector,2025-03-15,2025-02-15,2025-03-14,mean7,15519.875235833128,0
joint_scenario_selector,2025-03-16,2025-02-16,2025-03-15,fixed,43162.18556937685,0
joint_scenario_selector,2025-03-16,2025-02-16,2025-03-15,blend25,43156.3046169959,0
joint_scenario_selector,2025-03-16,2025-02-16,2025-03-15,blend50,43120.54695976244,0
joint_scenario_selector,2025-03-16,2025-02-16,2025-03-15,blend75,43103.28968689404,0
joint_scenario_selector,2025-03-16,2025-02-16,2025-03-15,mean14,43014.26149256727,1
joint_scenario_selector,2025-03-16,2025-02-16,2025-03-15,mean7,43085.94814956227,0
joint_scenario_selector,2025-03-17,2025-02-17,2025-03-16,fixed,42732.80975580094,0
joint_scenario_selector,2025-03-17,2025-02-17,2025-03-16,blend25,42710.44068927913,0
joint_scenario_selector,2025-03-17,2025-02-17,2025-03-16,blend50,42701.45829143235,0
joint_scenario_selector,2025-03-17,2025-02-17,2025-03-16,blend75,42687.58972980791,0
joint_scenario_selector,2025-03-17,2025-02-17,2025-03-16,mean14,42612.845631201715,1
joint_scenario_selector,2025-03-17,2025-02-17,2025-03-16,mean7,42650.63805992882,0
joint_scenario_selector,2025-03-18,2025-02-18,2025-03-17,fixed,41555.78987250104,0
joint_scenario_selector,2025-03-18,2025-02-18,2025-03-17,blend25,41527.506622048524,0
joint_scenario_selector,2025-03-18,2025-02-18,2025-03-17,blend50,41525.72101173559,0
joint_scenario_selector,2025-03-18,2025-02-18,2025-03-17,blend75,41497.40935052587,0
joint_scenario_selector,2025-03-18,2025-02-18,2025-03-17,mean14,41387.81930380662,1
joint_scenario_selector,2025-03-18,2025-02-18,2025-03-17,mean7,41447.39178968348,0
joint_scenario_selector,2025-03-19,2025-02-19,2025-03-18,fixed,41324.84932914689,0
joint_scenario_selector,2025-03-19,2025-02-19,2025-03-18,blend25,41310.46982095428,0
joint_scenario_selector,2025-03-19,2025-02-19,2025-03-18,blend50,41296.40272036403,0
joint_scenario_selector,2025-03-19,2025-02-19,2025-03-18,blend75,41276.60971314363,0
joint_scenario_selector,2025-03-19,2025-02-19,2025-03-18,mean14,41177.57861901609,1
joint_scenario_selector,2025-03-19,2025-02-19,2025-03-18,mean7,41199.30365106389,0
joint_scenario_selector,2025-03-20,2025-02-20,2025-03-19,fixed,40974.67963700624,0
joint_scenario_selector,2025-03-20,2025-02-20,2025-03-19,blend25,40940.77323370999,0
joint_scenario_selector,2025-03-20,2025-02-20,2025-03-19,blend50,40928.49393304984,0
joint_scenario_selector,2025-03-20,2025-02-20,2025-03-19,blend75,40887.83047994329,0
joint_scenario_selector,2025-03-20,2025-02-20,2025-03-19,mean14,40794.00556352426,1
joint_scenario_selector,2025-03-20,2025-02-20,2025-03-19,mean7,40803.79920609698,0
joint_scenario_selector,2025-04-17,2025-03-20,2025-04-16,fixed,33887.1777673307,0
joint_scenario_selector,2025-04-17,2025-03-20,2025-04-16,blend25,33820.615350701744,0
joint_scenario_selector,2025-04-17,2025-03-20,2025-04-16,blend50,33799.10931986575,0
joint_scenario_selector,2025-04-17,2025-03-20,2025-04-16,blend75,33788.801149600455,0
joint_scenario_selector,2025-04-17,2025-03-20,2025-04-16,mean14,33741.429354049375,1
joint_scenario_selector,2025-04-17,2025-03-20,2025-04-16,mean7,33774.10394487619,0
joint_scenario_selector,2025-04-18,2025-03-21,2025-04-17,fixed,12828.323409432227,0
joint_scenario_selector,2025-04-18,2025-03-21,2025-04-17,blend25,12820.329261885057,0
joint_scenario_selector,2025-04-18,2025-03-21,2025-04-17,blend50,12820.329261885057,0
joint_scenario_selector,2025-04-18,2025-03-21,2025-04-17,blend75,12820.36104700362,0
joint_scenario_selector,2025-04-18,2025-03-21,2025-04-17,mean14,12818.680249934057,1
joint_scenario_selector,2025-04-18,2025-03-21,2025-04-17,mean7,12820.361047003618,0
joint_scenario_selector,2025-04-19,2025-03-22,2025-04-18,fixed,12915.190370983257,0
joint_scenario_selector,2025-04-19,2025-03-22,2025-04-18,blend25,12901.621286201183,1
joint_scenario_selector,2025-04-19,2025-03-22,2025-04-18,blend50,12901.621286201183,0
joint_scenario_selector,2025-04-19,2025-03-22,2025-04-18,blend75,12901.621286201183,0
joint_scenario_selector,2025-04-19,2025-03-22,2025-04-18,mean14,12901.621286201183,0
joint_scenario_selector,2025-04-19,2025-03-22,2025-04-18,mean7,12901.621286201183,0
joint_scenario_selector,2025-04-20,2025-03-23,2025-04-19,fixed,33444.55035593988,0
joint_scenario_selector,2025-04-20,2025-03-23,2025-04-19,blend25,33409.018855819784,0
joint_scenario_selector,2025-04-20,2025-03-23,2025-04-19,blend50,33415.94066842113,0
joint_scenario_selector,2025-04-20,2025-03-23,2025-04-19,blend75,33413.361652478496,0
joint_scenario_selector,2025-04-20,2025-03-23,2025-04-19,mean14,33366.53651899664,1
joint_scenario_selector,2025-04-20,2025-03-23,2025-04-19,mean7,33412.153627683634,0
joint_scenario_selector,2025-04-21,2025-03-24,2025-04-20,fixed,33118.52638458066,0
joint_scenario_selector,2025-04-21,2025-03-24,2025-04-20,blend25,33068.89161236153,0
joint_scenario_selector,2025-04-21,2025-03-24,2025-04-20,blend50,33065.399988609155,0
joint_scenario_selector,2025-04-21,2025-03-24,2025-04-20,blend75,33065.399988609155,0
joint_scenario_selector,2025-04-21,2025-03-24,2025-04-20,mean14,33020.47485464118,1
joint_scenario_selector,2025-04-21,2025-03-24,2025-04-20,mean7,33051.69698367683,0
joint_scenario_selector,2025-04-22,2025-03-25,2025-04-21,fixed,32966.280350254136,0
joint_scenario_selector,2025-04-22,2025-03-25,2025-04-21,blend25,32855.204561959305,0
joint_scenario_selector,2025-04-22,2025-03-25,2025-04-21,blend50,32850.106236854605,0
joint_scenario_selector,2025-04-22,2025-03-25,2025-04-21,blend75,32849.49893444405,0
joint_scenario_selector,2025-04-22,2025-03-25,2025-04-21,mean14,32745.607809571928,1
joint_scenario_selector,2025-04-22,2025-03-25,2025-04-21,mean7,32858.75035414437,0
joint_scenario_selector,2025-04-23,2025-03-26,2025-04-22,fixed,33068.66320330761,0
joint_scenario_selector,2025-04-23,2025-03-26,2025-04-22,blend25,32965.40621033684,0
joint_scenario_selector,2025-04-23,2025-03-26,2025-04-22,blend50,32962.81238670174,0
joint_scenario_selector,2025-04-23,2025-03-26,2025-04-22,blend75,32958.833787571195,0
joint_scenario_selector,2025-04-23,2025-03-26,2025-04-22,mean14,32885.423282363845,1
joint_scenario_selector,2025-04-23,2025-03-26,2025-04-22,mean7,32980.71891186096,0
joint_scenario_selector,2025-04-24,2025-03-27,2025-04-23,fixed,32908.909207363446,0
joint_scenario_selector,2025-04-24,2025-03-27,2025-04-23,blend25,32777.298063963586,0
joint_scenario_selector,2025-04-24,2025-03-27,2025-04-23,blend50,32765.043899547312,0
joint_scenario_selector,2025-04-24,2025-03-27,2025-04-23,blend75,32717.200482154247,0
joint_scenario_selector,2025-04-24,2025-03-27,2025-04-23,mean14,32634.4010806178,1
joint_scenario_selector,2025-04-24,2025-03-27,2025-04-23,mean7,32653.41658212648,0
joint_scenario_selector,2025-04-25,2025-03-28,2025-04-24,fixed,12244.865494817712,0
joint_scenario_selector,2025-04-25,2025-03-28,2025-04-24,blend25,12229.761285104352,0
joint_scenario_selector,2025-04-25,2025-03-28,2025-04-24,blend50,12229.761285104352,0
joint_scenario_selector,2025-04-25,2025-03-28,2025-04-24,blend75,12229.761285104352,0
joint_scenario_selector,2025-04-25,2025-03-28,2025-04-24,mean14,12229.761285104352,0
joint_scenario_selector,2025-04-25,2025-03-28,2025-04-24,mean7,12221.937518097548,1
joint_scenario_selector,2025-04-26,2025-03-29,2025-04-25,fixed,12101.820365355237,0
joint_scenario_selector,2025-04-26,2025-03-29,2025-04-25,blend25,12096.050623718056,0
joint_scenario_selector,2025-04-26,2025-03-29,2025-04-25,blend50,12095.807185083131,0
joint_scenario_selector,2025-04-26,2025-03-29,2025-04-25,blend75,12093.86183449108,0
joint_scenario_selector,2025-04-26,2025-03-29,2025-04-25,mean14,12093.86183449108,0
joint_scenario_selector,2025-04-26,2025-03-29,2025-04-25,mean7,12083.62142079713,1
joint_scenario_selector,2025-04-27,2025-03-30,2025-04-26,fixed,31253.370228732238,0
joint_scenario_selector,2025-04-27,2025-03-30,2025-04-26,blend25,31052.131659383107,0
joint_scenario_selector,2025-04-27,2025-03-30,2025-04-26,blend50,30970.00278255408,0
joint_scenario_selector,2025-04-27,2025-03-30,2025-04-26,blend75,30910.38105141534,0
joint_scenario_selector,2025-04-27,2025-03-30,2025-04-26,mean14,30896.33480268178,1
joint_scenario_selector,2025-04-27,2025-03-30,2025-04-26,mean7,30909.49447159043,0
joint_scenario_selector,2025-04-28,2025-03-31,2025-04-27,fixed,31112.25868871212,0
joint_scenario_selector,2025-04-28,2025-03-31,2025-04-27,blend25,30888.50073549931,0
joint_scenario_selector,2025-04-28,2025-03-31,2025-04-27,blend50,30822.27077723246,0
joint_scenario_selector,2025-04-28,2025-03-31,2025-04-27,blend75,30773.635976423626,0
joint_scenario_selector,2025-04-28,2025-03-31,2025-04-27,mean14,30744.652800558913,1
joint_scenario_selector,2025-04-28,2025-03-31,2025-04-27,mean7,30772.84742010297,0
joint_scenario_selector,2025-04-29,2025-04-01,2025-04-28,fixed,32799.634208588854,0
joint_scenario_selector,2025-04-29,2025-04-01,2025-04-28,blend25,32754.511896863965,0
joint_scenario_selector,2025-04-29,2025-04-01,2025-04-28,blend50,32641.46525211404,0
joint_scenario_selector,2025-04-29,2025-04-01,2025-04-28,blend75,32573.387750985443,0
joint_scenario_selector,2025-04-29,2025-04-01,2025-04-28,mean14,32563.868689701776,1
joint_scenario_selector,2025-04-29,2025-04-01,2025-04-28,mean7,32602.71506374434,0
joint_scenario_selector,2025-04-30,2025-04-02,2025-04-29,fixed,32603.26823267088,0
joint_scenario_selector,2025-04-30,2025-04-02,2025-04-29,blend25,32526.93595420759,0
joint_scenario_selector,2025-04-30,2025-04-02,2025-04-29,blend50,32461.35960454123,0
joint_scenario_selector,2025-04-30,2025-04-02,2025-04-29,blend75,32388.510895801614,0
joint_scenario_selector,2025-04-30,2025-04-02,2025-04-29,mean14,32352.36455887886,1
joint_scenario_selector,2025-04-30,2025-04-02,2025-04-29,mean7,32367.33038178857,0
joint_scenario_selector,2025-06-08,2025-05-11,2025-06-07,fixed,55071.113247456415,0
joint_scenario_selector,2025-06-08,2025-05-11,2025-06-07,blend25,54970.23957552594,0
joint_scenario_selector,2025-06-08,2025-05-11,2025-06-07,blend50,54908.75834728922,0
joint_scenario_selector,2025-06-08,2025-05-11,2025-06-07,blend75,54847.850727445424,0
joint_scenario_selector,2025-06-08,2025-05-11,2025-06-07,mean14,54789.179477600796,1
joint_scenario_selector,2025-06-08,2025-05-11,2025-06-07,mean7,54888.177648639525,0
joint_scenario_selector,2025-06-09,2025-05-12,2025-06-08,fixed,54623.18408774304,0
joint_scenario_selector,2025-06-09,2025-05-12,2025-06-08,blend25,54546.634425136355,0
joint_scenario_selector,2025-06-09,2025-05-12,2025-06-08,blend50,54492.321568983556,0
joint_scenario_selector,2025-06-09,2025-05-12,2025-06-08,blend75,54432.16202555079,0
joint_scenario_selector,2025-06-09,2025-05-12,2025-06-08,mean14,54401.60546030956,0
joint_scenario_selector,2025-06-09,2025-05-12,2025-06-08,mean7,54379.17925423498,1
joint_scenario_selector,2025-06-10,2025-05-13,2025-06-09,fixed,55522.74208829135,0
joint_scenario_selector,2025-06-10,2025-05-13,2025-06-09,blend25,55401.32179803065,0
joint_scenario_selector,2025-06-10,2025-05-13,2025-06-09,blend50,55346.20359789646,0
joint_scenario_selector,2025-06-10,2025-05-13,2025-06-09,blend75,55289.87241709745,0
joint_scenario_selector,2025-06-10,2025-05-13,2025-06-09,mean14,55277.07590208344,0
joint_scenario_selector,2025-06-10,2025-05-13,2025-06-09,mean7,55258.74157326275,1
joint_scenario_selector,2025-06-11,2025-05-14,2025-06-10,fixed,56581.453688647445,0
joint_scenario_selector,2025-06-11,2025-05-14,2025-06-10,blend25,56449.479115231596,0
joint_scenario_selector,2025-06-11,2025-05-14,2025-06-10,blend50,56379.6886018053,0
joint_scenario_selector,2025-06-11,2025-05-14,2025-06-10,blend75,56305.19715057283,0
joint_scenario_selector,2025-06-11,2025-05-14,2025-06-10,mean14,56288.16096162774,1
joint_scenario_selector,2025-06-11,2025-05-14,2025-06-10,mean7,56306.49688506131,0
joint_scenario_selector,2025-06-12,2025-05-15,2025-06-11,fixed,57918.63390152443,0
joint_scenario_selector,2025-06-12,2025-05-15,2025-06-11,blend25,57772.53650634994,0
joint_scenario_selector,2025-06-12,2025-05-15,2025-06-11,blend50,57638.316519082175,0
joint_scenario_selector,2025-06-12,2025-05-15,2025-06-11,blend75,57581.94549253834,1
joint_scenario_selector,2025-06-12,2025-05-15,2025-06-11,mean14,57582.563835580135,0
joint_scenario_selector,2025-06-12,2025-05-15,2025-06-11,mean7,57589.595748316555,0
joint_scenario_selector,2025-06-13,2025-05-16,2025-06-12,fixed,24499.716815855798,0
joint_scenario_selector,2025-06-13,2025-05-16,2025-06-12,blend25,24461.996437105932,0
joint_scenario_selector,2025-06-13,2025-05-16,2025-06-12,blend50,24378.910844081292,0
joint_scenario_selector,2025-06-13,2025-05-16,2025-06-12,blend75,24376.849017455595,0
joint_scenario_selector,2025-06-13,2025-05-16,2025-06-12,mean14,24376.722615874463,0
joint_scenario_selector,2025-06-13,2025-05-16,2025-06-12,mean7,24376.551504967192,1
joint_scenario_selector,2025-06-14,2025-05-17,2025-06-13,fixed,24705.426821359073,0
joint_scenario_selector,2025-06-14,2025-05-17,2025-06-13,blend25,24664.41167744827,0
joint_scenario_selector,2025-06-14,2025-05-17,2025-06-13,blend50,24579.762928757962,0
joint_scenario_selector,2025-06-14,2025-05-17,2025-06-13,blend75,24572.49650677793,0
joint_scenario_selector,2025-06-14,2025-05-17,2025-06-13,mean14,24570.392962557795,1
joint_scenario_selector,2025-06-14,2025-05-17,2025-06-13,mean7,24579.815018956462,0
joint_scenario_selector,2025-06-15,2025-05-18,2025-06-14,fixed,60639.49173160266,0
joint_scenario_selector,2025-06-15,2025-05-18,2025-06-14,blend25,60390.12328838189,0
joint_scenario_selector,2025-06-15,2025-05-18,2025-06-14,blend50,60244.21137739724,0
joint_scenario_selector,2025-06-15,2025-05-18,2025-06-14,blend75,60223.17131587907,0
joint_scenario_selector,2025-06-15,2025-05-18,2025-06-14,mean14,60177.12198718503,1
joint_scenario_selector,2025-06-15,2025-05-18,2025-06-14,mean7,60262.96946881585,0
joint_scenario_selector,2025-06-16,2025-05-19,2025-06-15,fixed,60743.7692778007,0
joint_scenario_selector,2025-06-16,2025-05-19,2025-06-15,blend25,60570.23076490821,0
joint_scenario_selector,2025-06-16,2025-05-19,2025-06-15,blend50,60380.86448042271,0
joint_scenario_selector,2025-06-16,2025-05-19,2025-06-15,blend75,60373.39290905724,0
joint_scenario_selector,2025-06-16,2025-05-19,2025-06-15,mean14,60321.49780647885,1
joint_scenario_selector,2025-06-16,2025-05-19,2025-06-15,mean7,60403.53100038977,0
joint_scenario_selector,2025-06-17,2025-05-20,2025-06-16,fixed,60985.75078264193,0
joint_scenario_selector,2025-06-17,2025-05-20,2025-06-16,blend25,60856.581168725614,0
joint_scenario_selector,2025-06-17,2025-05-20,2025-06-16,blend50,60673.36580075685,0
joint_scenario_selector,2025-06-17,2025-05-20,2025-06-16,blend75,60656.46348259214,0
joint_scenario_selector,2025-06-17,2025-05-20,2025-06-16,mean14,60620.18399467965,1
joint_scenario_selector,2025-06-17,2025-05-20,2025-06-16,mean7,60657.731529640616,0
joint_scenario_selector,2025-06-18,2025-05-21,2025-06-17,fixed,61339.040838903304,0
joint_scenario_selector,2025-06-18,2025-05-21,2025-06-17,blend25,61166.0284718878,0
joint_scenario_selector,2025-06-18,2025-05-21,2025-06-17,blend50,60975.53399184712,0
joint_scenario_selector,2025-06-18,2025-05-21,2025-06-17,blend75,60971.14682344741,1
joint_scenario_selector,2025-06-18,2025-05-21,2025-06-17,mean14,60982.50654695092,0
joint_scenario_selector,2025-06-18,2025-05-21,2025-06-17,mean7,61004.05226682812,0
joint_scenario_selector,2025-06-19,2025-05-22,2025-06-18,fixed,60852.46102255861,0
joint_scenario_selector,2025-06-19,2025-05-22,2025-06-18,blend25,60723.450315565475,0
joint_scenario_selector,2025-06-19,2025-05-22,2025-06-18,blend50,60560.13109401148,0
joint_scenario_selector,2025-06-19,2025-05-22,2025-06-18,blend75,60557.81061673922,0
joint_scenario_selector,2025-06-19,2025-05-22,2025-06-18,mean14,60557.14732703822,1
joint_scenario_selector,2025-06-19,2025-05-22,2025-06-18,mean7,60579.40082015976,0
joint_scenario_selector,2025-06-20,2025-05-23,2025-06-19,fixed,26088.25681426425,0
joint_scenario_selector,2025-06-20,2025-05-23,2025-06-19,blend25,25931.112282323575,0
joint_scenario_selector,2025-06-20,2025-05-23,2025-06-19,blend50,25931.112282323575,0
joint_scenario_selector,2025-06-20,2025-05-23,2025-06-19,blend75,25929.488669346603,1
joint_scenario_selector,2025-06-20,2025-05-23,2025-06-19,mean14,25929.488669346603,0
joint_scenario_selector,2025-06-20,2025-05-23,2025-06-19,mean7,25930.674595175868,0
joint_scenario_selector,2025-06-21,2025-05-24,2025-06-20,fixed,26319.69533425621,1
joint_scenario_selector,2025-06-21,2025-05-24,2025-06-20,blend25,26337.600361762976,0
joint_scenario_selector,2025-06-21,2025-05-24,2025-06-20,blend50,26339.44521035752,0
joint_scenario_selector,2025-06-21,2025-05-24,2025-06-20,blend75,26338.003779275696,0
joint_scenario_selector,2025-06-21,2025-05-24,2025-06-20,mean14,26338.003779275696,0
joint_scenario_selector,2025-06-21,2025-05-24,2025-06-20,mean7,26338.003779275696,0
joint_scenario_selector,2025-08-18,2025-07-21,2025-08-17,fixed,56998.47199888707,0
joint_scenario_selector,2025-08-18,2025-07-21,2025-08-17,blend25,56531.169738299024,1
joint_scenario_selector,2025-08-18,2025-07-21,2025-08-17,blend50,56568.78068318741,0
joint_scenario_selector,2025-08-18,2025-07-21,2025-08-17,blend75,56555.35128872849,0
joint_scenario_selector,2025-08-18,2025-07-21,2025-08-17,mean14,56552.22639610013,0
joint_scenario_selector,2025-08-18,2025-07-21,2025-08-17,mean7,56587.00464279304,0
joint_scenario_selector,2025-08-19,2025-07-22,2025-08-18,fixed,55252.0823711077,0
joint_scenario_selector,2025-08-19,2025-07-22,2025-08-18,blend25,54890.42093921534,1
joint_scenario_selector,2025-08-19,2025-07-22,2025-08-18,blend50,54923.65750424755,0
joint_scenario_selector,2025-08-19,2025-07-22,2025-08-18,blend75,54930.22233702253,0
joint_scenario_selector,2025-08-19,2025-07-22,2025-08-18,mean14,54948.12372836891,0
joint_scenario_selector,2025-08-19,2025-07-22,2025-08-18,mean7,54945.67074364736,0
joint_scenario_selector,2025-08-20,2025-07-23,2025-08-19,fixed,54054.839818543514,0
joint_scenario_selector,2025-08-20,2025-07-23,2025-08-19,blend25,53741.34455051577,1
joint_scenario_selector,2025-08-20,2025-07-23,2025-08-19,blend50,53784.621335953125,0
joint_scenario_selector,2025-08-20,2025-07-23,2025-08-19,blend75,53766.21951633123,0
joint_scenario_selector,2025-08-20,2025-07-23,2025-08-19,mean14,53767.77688462899,0
joint_scenario_selector,2025-08-20,2025-07-23,2025-08-19,mean7,53838.80427522109,0
joint_scenario_selector,2025-08-21,2025-07-24,2025-08-20,fixed,53904.29852673665,0
joint_scenario_selector,2025-08-21,2025-07-24,2025-08-20,blend25,53608.54727983108,0
joint_scenario_selector,2025-08-21,2025-07-24,2025-08-20,blend50,53605.5095423824,0
joint_scenario_selector,2025-08-21,2025-07-24,2025-08-20,blend75,53529.91586975539,0
joint_scenario_selector,2025-08-21,2025-07-24,2025-08-20,mean14,53516.949934424774,1
joint_scenario_selector,2025-08-21,2025-07-24,2025-08-20,mean7,53614.03948758818,0
joint_scenario_selector,2025-08-22,2025-07-25,2025-08-21,fixed,27761.566501848592,0
joint_scenario_selector,2025-08-22,2025-07-25,2025-08-21,blend25,27639.94929265476,0
joint_scenario_selector,2025-08-22,2025-07-25,2025-08-21,blend50,27563.513280240728,0
joint_scenario_selector,2025-08-22,2025-07-25,2025-08-21,blend75,27563.513280240728,0
joint_scenario_selector,2025-08-22,2025-07-25,2025-08-21,mean14,27516.590499681257,1
joint_scenario_selector,2025-08-22,2025-07-25,2025-08-21,mean7,27563.947043229386,0
joint_scenario_selector,2025-08-23,2025-07-26,2025-08-22,fixed,27624.469626136466,0
joint_scenario_selector,2025-08-23,2025-07-26,2025-08-22,blend25,27484.8898000962,0
joint_scenario_selector,2025-08-23,2025-07-26,2025-08-22,blend50,27436.196402764774,0
joint_scenario_selector,2025-08-23,2025-07-26,2025-08-22,blend75,27436.196402764774,0
joint_scenario_selector,2025-08-23,2025-07-26,2025-08-22,mean14,27390.716507833695,1
joint_scenario_selector,2025-08-23,2025-07-26,2025-08-22,mean7,27432.25430378081,0
joint_scenario_selector,2025-08-24,2025-07-27,2025-08-23,fixed,53705.43951246657,0
joint_scenario_selector,2025-08-24,2025-07-27,2025-08-23,blend25,53490.42345923874,0
joint_scenario_selector,2025-08-24,2025-07-27,2025-08-23,blend50,53486.14237483816,1
joint_scenario_selector,2025-08-24,2025-07-27,2025-08-23,blend75,53527.92117105021,0
joint_scenario_selector,2025-08-24,2025-07-27,2025-08-23,mean14,53512.359540489604,0
joint_scenario_selector,2025-08-24,2025-07-27,2025-08-23,mean7,53509.18621026403,0
joint_scenario_selector,2025-08-25,2025-07-28,2025-08-24,fixed,53334.774965503304,0
joint_scenario_selector,2025-08-25,2025-07-28,2025-08-24,blend25,53121.11612018483,0
joint_scenario_selector,2025-08-25,2025-07-28,2025-08-24,blend50,53051.460612972456,0
joint_scenario_selector,2025-08-25,2025-07-28,2025-08-24,blend75,53002.12583500198,0
joint_scenario_selector,2025-08-25,2025-07-28,2025-08-24,mean14,53002.12583500198,0
joint_scenario_selector,2025-08-25,2025-07-28,2025-08-24,mean7,52984.50501668671,1
joint_scenario_selector,2025-08-26,2025-07-29,2025-08-25,fixed,53148.68946607231,0
joint_scenario_selector,2025-08-26,2025-07-29,2025-08-25,blend25,52928.75233162945,0
joint_scenario_selector,2025-08-26,2025-07-29,2025-08-25,blend50,52845.79810447622,0
joint_scenario_selector,2025-08-26,2025-07-29,2025-08-25,blend75,52847.901495965045,0
joint_scenario_selector,2025-08-26,2025-07-29,2025-08-25,mean14,52844.584925468705,0
joint_scenario_selector,2025-08-26,2025-07-29,2025-08-25,mean7,52832.13948708638,1
joint_scenario_selector,2025-08-27,2025-07-30,2025-08-26,fixed,53106.36195851322,0
joint_scenario_selector,2025-08-27,2025-07-30,2025-08-26,blend25,52905.539380863775,0
joint_scenario_selector,2025-08-27,2025-07-30,2025-08-26,blend50,52825.793203373505,0
joint_scenario_selector,2025-08-27,2025-07-30,2025-08-26,blend75,52814.201605901195,0
joint_scenario_selector,2025-08-27,2025-07-30,2025-08-26,mean14,52811.6149905853,0
joint_scenario_selector,2025-08-27,2025-07-30,2025-08-26,mean7,52808.18688873512,1
joint_scenario_selector,2025-08-28,2025-07-31,2025-08-27,fixed,52752.90099935547,0
joint_scenario_selector,2025-08-28,2025-07-31,2025-08-27,blend25,52538.204197636354,0
joint_scenario_selector,2025-08-28,2025-07-31,2025-08-27,blend50,52465.21001343031,0
joint_scenario_selector,2025-08-28,2025-07-31,2025-08-27,blend75,52349.51881427314,0
joint_scenario_selector,2025-08-28,2025-07-31,2025-08-27,mean14,52337.43872031964,1
joint_scenario_selector,2025-08-28,2025-07-31,2025-08-27,mean7,52357.12264682398,0
joint_scenario_selector,2025-08-29,2025-08-01,2025-08-28,fixed,27017.510593346688,0
joint_scenario_selector,2025-08-29,2025-08-01,2025-08-28,blend25,26962.93443678759,1
joint_scenario_selector,2025-08-29,2025-08-01,2025-08-28,blend50,26966.737492814606,0
joint_scenario_selector,2025-08-29,2025-08-01,2025-08-28,blend75,26966.737492814606,0
joint_scenario_selector,2025-08-29,2025-08-01,2025-08-28,mean14,26966.038543086168,0
joint_scenario_selector,2025-08-29,2025-08-01,2025-08-28,mean7,26980.40803154773,0
joint_scenario_selector,2025-08-30,2025-08-02,2025-08-29,fixed,27021.02010289379,0
joint_scenario_selector,2025-08-30,2025-08-02,2025-08-29,blend25,26974.643363418338,0
joint_scenario_selector,2025-08-30,2025-08-02,2025-08-29,blend50,26974.526429025424,1
joint_scenario_selector,2025-08-30,2025-08-02,2025-08-29,blend75,26974.526429025424,0
joint_scenario_selector,2025-08-30,2025-08-02,2025-08-29,mean14,26978.262505361014,0
joint_scenario_selector,2025-08-30,2025-08-02,2025-08-29,mean7,26988.67017476838,0
joint_scenario_selector,2025-08-31,2025-08-03,2025-08-30,fixed,53607.55162327535,0
joint_scenario_selector,2025-08-31,2025-08-03,2025-08-30,blend25,53391.53869870544,0
joint_scenario_selector,2025-08-31,2025-08-03,2025-08-30,blend50,53305.683699945126,0
joint_scenario_selector,2025-08-31,2025-08-03,2025-08-30,blend75,53304.77461126563,0
joint_scenario_selector,2025-08-31,2025-08-03,2025-08-30,mean14,53304.77461126563,0
joint_scenario_selector,2025-08-31,2025-08-03,2025-08-30,mean7,53292.300056934524,1
joint_scenario_selector,2025-09-10,2025-08-13,2025-09-09,fixed,46123.54419734772,0
joint_scenario_selector,2025-09-10,2025-08-13,2025-09-09,blend25,46187.05321661387,0
joint_scenario_selector,2025-09-10,2025-08-13,2025-09-09,blend50,46158.95783735149,0
joint_scenario_selector,2025-09-10,2025-08-13,2025-09-09,blend75,46124.790028897536,0
joint_scenario_selector,2025-09-10,2025-08-13,2025-09-09,mean14,46124.88027986793,0
joint_scenario_selector,2025-09-10,2025-08-13,2025-09-09,mean7,46081.22116154009,1
joint_scenario_selector,2025-09-11,2025-08-14,2025-09-10,fixed,46319.67656079545,0
joint_scenario_selector,2025-09-11,2025-08-14,2025-09-10,blend25,46310.16460662607,0
joint_scenario_selector,2025-09-11,2025-08-14,2025-09-10,blend50,46293.75096891126,0
joint_scenario_selector,2025-09-11,2025-08-14,2025-09-10,blend75,46268.766153950586,0
joint_scenario_selector,2025-09-11,2025-08-14,2025-09-10,mean14,46279.80718286215,0
joint_scenario_selector,2025-09-11,2025-08-14,2025-09-10,mean7,46150.08335983708,1
joint_scenario_selector,2025-09-12,2025-08-15,2025-09-11,fixed,21797.5749789864,0
joint_scenario_selector,2025-09-12,2025-08-15,2025-09-11,blend25,21795.44751115668,0
joint_scenario_selector,2025-09-12,2025-08-15,2025-09-11,blend50,21782.40582478465,0
joint_scenario_selector,2025-09-12,2025-08-15,2025-09-11,blend75,21781.66655262333,0
joint_scenario_selector,2025-09-12,2025-08-15,2025-09-11,mean14,21781.66655262333,0
joint_scenario_selector,2025-09-12,2025-08-15,2025-09-11,mean7,21769.36918197909,1
joint_scenario_selector,2025-09-13,2025-08-16,2025-09-12,fixed,21691.156277682257,0
joint_scenario_selector,2025-09-13,2025-08-16,2025-09-12,blend25,21691.156277682257,0
joint_scenario_selector,2025-09-13,2025-08-16,2025-09-12,blend50,21682.05647528556,0
joint_scenario_selector,2025-09-13,2025-08-16,2025-09-12,blend75,21676.65057041591,0
joint_scenario_selector,2025-09-13,2025-08-16,2025-09-12,mean14,21676.65057041591,0
joint_scenario_selector,2025-09-13,2025-08-16,2025-09-12,mean7,21583.34251935999,1
joint_scenario_selector,2025-09-14,2025-08-17,2025-09-13,fixed,45246.89691748365,0
joint_scenario_selector,2025-09-14,2025-08-17,2025-09-13,blend25,45211.79639278209,0
joint_scenario_selector,2025-09-14,2025-08-17,2025-09-13,blend50,45194.63926442242,0
joint_scenario_selector,2025-09-14,2025-08-17,2025-09-13,blend75,45200.81031523155,0
joint_scenario_selector,2025-09-14,2025-08-17,2025-09-13,mean14,44979.962411296074,0
joint_scenario_selector,2025-09-14,2025-08-17,2025-09-13,mean7,44787.8250980121,1
joint_scenario_selector,2025-09-15,2025-08-18,2025-09-14,fixed,43489.750069983165,0
joint_scenario_selector,2025-09-15,2025-08-18,2025-09-14,blend25,43468.43867243309,0
joint_scenario_selector,2025-09-15,2025-08-18,2025-09-14,blend50,43446.474694685494,0
joint_scenario_selector,2025-09-15,2025-08-18,2025-09-14,blend75,43451.55776760629,0
joint_scenario_selector,2025-09-15,2025-08-18,2025-09-14,mean14,43156.87130294618,0
joint_scenario_selector,2025-09-15,2025-08-18,2025-09-14,mean7,43002.259408450416,1
joint_scenario_selector,2025-09-16,2025-08-19,2025-09-15,fixed,43195.18440665297,0
joint_scenario_selector,2025-09-16,2025-08-19,2025-09-15,blend25,43174.09082782449,0
joint_scenario_selector,2025-09-16,2025-08-19,2025-09-15,blend50,43145.78823056745,0
joint_scenario_selector,2025-09-16,2025-08-19,2025-09-15,blend75,43146.58458382008,0
joint_scenario_selector,2025-09-16,2025-08-19,2025-09-15,mean14,42864.97673654669,0
joint_scenario_selector,2025-09-16,2025-08-19,2025-09-15,mean7,42747.986571712885,1
joint_scenario_selector,2025-09-17,2025-08-20,2025-09-16,fixed,43354.983853721795,0
joint_scenario_selector,2025-09-17,2025-08-20,2025-09-16,blend25,43325.22044459461,0
joint_scenario_selector,2025-09-17,2025-08-20,2025-09-16,blend50,43298.35862486671,0
joint_scenario_selector,2025-09-17,2025-08-20,2025-09-16,blend75,43296.55903797845,0
joint_scenario_selector,2025-09-17,2025-08-20,2025-09-16,mean14,42970.86607564347,0
joint_scenario_selector,2025-09-17,2025-08-20,2025-09-16,mean7,42898.96974305918,1
joint_scenario_selector,2025-09-18,2025-08-21,2025-09-17,fixed,42610.81510441616,0
joint_scenario_selector,2025-09-18,2025-08-21,2025-09-17,blend25,42605.462079557634,0
joint_scenario_selector,2025-09-18,2025-08-21,2025-09-17,blend50,42588.11037209193,0
joint_scenario_selector,2025-09-18,2025-08-21,2025-09-17,blend75,42587.16441985411,0
joint_scenario_selector,2025-09-18,2025-08-21,2025-09-17,mean14,42206.43220612318,0
joint_scenario_selector,2025-09-18,2025-08-21,2025-09-17,mean7,42119.488777749975,1
joint_scenario_selector,2025-09-19,2025-08-22,2025-09-18,fixed,19787.302157824157,0
joint_scenario_selector,2025-09-19,2025-08-22,2025-09-18,blend25,19779.16302833829,0
joint_scenario_selector,2025-09-19,2025-08-22,2025-09-18,blend50,19771.18605897083,0
joint_scenario_selector,2025-09-19,2025-08-22,2025-09-18,blend75,19771.18605897083,0
joint_scenario_selector,2025-09-19,2025-08-22,2025-09-18,mean14,19676.902851063012,0
joint_scenario_selector,2025-09-19,2025-08-22,2025-09-18,mean7,19654.11813381232,1
joint_scenario_selector,2025-09-20,2025-08-23,2025-09-19,fixed,19835.66507106383,0
joint_scenario_selector,2025-09-20,2025-08-23,2025-09-19,blend25,19835.66507106383,0
joint_scenario_selector,2025-09-20,2025-08-23,2025-09-19,blend50,19827.854781596918,0
joint_scenario_selector,2025-09-20,2025-08-23,2025-09-19,blend75,19827.854781596918,0
joint_scenario_selector,2025-09-20,2025-08-23,2025-09-19,mean14,19640.521166002156,1
joint_scenario_selector,2025-09-20,2025-08-23,2025-09-19,mean7,19684.194796062435,0
joint_scenario_selector,2025-09-21,2025-08-24,2025-09-20,fixed,43791.95809106495,0
joint_scenario_selector,2025-09-21,2025-08-24,2025-09-20,blend25,43750.07301735164,0
joint_scenario_selector,2025-09-21,2025-08-24,2025-09-20,blend50,43731.61919450368,0
joint_scenario_selector,2025-09-21,2025-08-24,2025-09-20,blend75,43408.48978565721,0
joint_scenario_selector,2025-09-21,2025-08-24,2025-09-20,mean14,43175.502810885315,1
joint_scenario_selector,2025-09-21,2025-08-24,2025-09-20,mean7,43287.86306866178,0
joint_scenario_selector,2025-09-22,2025-08-25,2025-09-21,fixed,41800.31766664894,0
joint_scenario_selector,2025-09-22,2025-08-25,2025-09-21,blend25,41768.193312407864,0
joint_scenario_selector,2025-09-22,2025-08-25,2025-09-21,blend50,41763.04969877187,0
joint_scenario_selector,2025-09-22,2025-08-25,2025-09-21,blend75,41414.58239538826,0
joint_scenario_selector,2025-09-22,2025-08-25,2025-09-21,mean14,41088.27117012954,1
joint_scenario_selector,2025-09-22,2025-08-25,2025-09-21,mean7,41215.360656991084,0
joint_scenario_selector,2025-09-23,2025-08-26,2025-09-22,fixed,41787.68455879643,0
joint_scenario_selector,2025-09-23,2025-08-26,2025-09-22,blend25,41763.48962462292,0
joint_scenario_selector,2025-09-23,2025-08-26,2025-09-22,blend50,41744.25385366727,0
joint_scenario_selector,2025-09-23,2025-08-26,2025-09-22,blend75,41384.07849487143,0
joint_scenario_selector,2025-09-23,2025-08-26,2025-09-22,mean14,41110.533557499606,1
joint_scenario_selector,2025-09-23,2025-08-26,2025-09-22,mean7,41205.394622554006,0
joint_scenario_selector,2025-12-08,2025-11-10,2025-12-07,fixed,67906.07093155551,0
joint_scenario_selector,2025-12-08,2025-11-10,2025-12-07,blend25,67887.50895807605,0
joint_scenario_selector,2025-12-08,2025-11-10,2025-12-07,blend50,67887.50895807605,0
joint_scenario_selector,2025-12-08,2025-11-10,2025-12-07,blend75,67877.2636774977,0
joint_scenario_selector,2025-12-08,2025-11-10,2025-12-07,mean14,67808.99827427472,0
joint_scenario_selector,2025-12-08,2025-11-10,2025-12-07,mean7,67808.24329422571,1
joint_scenario_selector,2025-12-09,2025-11-11,2025-12-08,fixed,68686.01712981141,0
joint_scenario_selector,2025-12-09,2025-11-11,2025-12-08,blend25,68672.19110548,0
joint_scenario_selector,2025-12-09,2025-11-11,2025-12-08,blend50,68667.41170096825,0
joint_scenario_selector,2025-12-09,2025-11-11,2025-12-08,blend75,68587.26012356093,0
joint_scenario_selector,2025-12-09,2025-11-11,2025-12-08,mean14,68579.13853443337,1
joint_scenario_selector,2025-12-09,2025-11-11,2025-12-08,mean7,68607.5060451397,0
joint_scenario_selector,2025-12-10,2025-11-12,2025-12-09,fixed,68893.37613051043,0
joint_scenario_selector,2025-12-10,2025-11-12,2025-12-09,blend25,68868.0532069017,0
joint_scenario_selector,2025-12-10,2025-11-12,2025-12-09,blend50,68828.47062415998,0
joint_scenario_selector,2025-12-10,2025-11-12,2025-12-09,blend75,68766.17558856099,0
joint_scenario_selector,2025-12-10,2025-11-12,2025-12-09,mean14,68765.84563730736,1
joint_scenario_selector,2025-12-10,2025-11-12,2025-12-09,mean7,68796.82215522196,0
joint_scenario_selector,2025-12-11,2025-11-13,2025-12-10,fixed,69712.96860967156,0
joint_scenario_selector,2025-12-11,2025-11-13,2025-12-10,blend25,69633.19269835837,0
joint_scenario_selector,2025-12-11,2025-11-13,2025-12-10,blend50,69633.19269835837,0
joint_scenario_selector,2025-12-11,2025-11-13,2025-12-10,blend75,69564.91147409582,0
joint_scenario_selector,2025-12-11,2025-11-13,2025-12-10,mean14,69564.26956004063,1
joint_scenario_selector,2025-12-11,2025-11-13,2025-12-10,mean7,69576.78205097905,0
joint_scenario_selector,2025-12-12,2025-11-14,2025-12-11,fixed,28978.781637914963,0
joint_scenario_selector,2025-12-12,2025-11-14,2025-12-11,blend25,28938.55447751653,0
joint_scenario_selector,2025-12-12,2025-11-14,2025-12-11,blend50,28924.736610433967,0
joint_scenario_selector,2025-12-12,2025-11-14,2025-12-11,blend75,28918.53953392086,0
joint_scenario_selector,2025-12-12,2025-11-14,2025-12-11,mean14,28918.53953392086,0
joint_scenario_selector,2025-12-12,2025-11-14,2025-12-11,mean7,28912.99762596408,1
joint_scenario_selector,2025-12-13,2025-11-15,2025-12-12,fixed,29718.545477782463,0
joint_scenario_selector,2025-12-13,2025-11-15,2025-12-12,blend25,29671.78768887722,0
joint_scenario_selector,2025-12-13,2025-11-15,2025-12-12,blend50,29669.130916817907,0
joint_scenario_selector,2025-12-13,2025-11-15,2025-12-12,blend75,29665.696468483864,0
joint_scenario_selector,2025-12-13,2025-11-15,2025-12-12,mean14,29656.667049651376,0
joint_scenario_selector,2025-12-13,2025-11-15,2025-12-12,mean7,29656.013063881437,1
joint_scenario_selector,2025-12-14,2025-11-16,2025-12-13,fixed,71254.65530615285,0
joint_scenario_selector,2025-12-14,2025-11-16,2025-12-13,blend25,71115.01739510393,0
joint_scenario_selector,2025-12-14,2025-11-16,2025-12-13,blend50,71112.67251704594,0
joint_scenario_selector,2025-12-14,2025-11-16,2025-12-13,blend75,71056.8098607014,0
joint_scenario_selector,2025-12-14,2025-11-16,2025-12-13,mean14,71037.64165568046,1
joint_scenario_selector,2025-12-14,2025-11-16,2025-12-13,mean7,71060.5115396379,0
joint_scenario_selector,2025-12-15,2025-11-17,2025-12-14,fixed,72835.73815126164,0
joint_scenario_selector,2025-12-15,2025-11-17,2025-12-14,blend25,72633.67809267597,0
joint_scenario_selector,2025-12-15,2025-11-17,2025-12-14,blend50,72632.97974479692,0
joint_scenario_selector,2025-12-15,2025-11-17,2025-12-14,blend75,72576.49948550986,0
joint_scenario_selector,2025-12-15,2025-11-17,2025-12-14,mean14,72565.54654630665,1
joint_scenario_selector,2025-12-15,2025-11-17,2025-12-14,mean7,72582.41676413387,0
joint_scenario_selector,2025-12-16,2025-11-18,2025-12-15,fixed,73141.28177595508,0
joint_scenario_selector,2025-12-16,2025-11-18,2025-12-15,blend25,72924.6555674498,0
joint_scenario_selector,2025-12-16,2025-11-18,2025-12-15,blend50,72930.3953625605,0
joint_scenario_selector,2025-12-16,2025-11-18,2025-12-15,blend75,72844.54526647832,0
joint_scenario_selector,2025-12-16,2025-11-18,2025-12-15,mean14,72844.54526647832,0
joint_scenario_selector,2025-12-16,2025-11-18,2025-12-15,mean7,72836.64156265488,1
joint_scenario_selector,2025-12-17,2025-11-19,2025-12-16,fixed,72883.26697184959,0
joint_scenario_selector,2025-12-17,2025-11-19,2025-12-16,blend25,72713.47146176617,0
joint_scenario_selector,2025-12-17,2025-11-19,2025-12-16,blend50,72642.54990510376,0
joint_scenario_selector,2025-12-17,2025-11-19,2025-12-16,blend75,72565.51232311163,0
joint_scenario_selector,2025-12-17,2025-11-19,2025-12-16,mean14,72543.96624953221,0
joint_scenario_selector,2025-12-17,2025-11-19,2025-12-16,mean7,72511.4542970832,1
joint_scenario_selector,2025-12-18,2025-11-20,2025-12-17,fixed,72718.55111028194,0
joint_scenario_selector,2025-12-18,2025-11-20,2025-12-17,blend25,72559.13118270585,0
joint_scenario_selector,2025-12-18,2025-11-20,2025-12-17,blend50,72509.35934212814,0
joint_scenario_selector,2025-12-18,2025-11-20,2025-12-17,blend75,72445.90098298874,0
joint_scenario_selector,2025-12-18,2025-11-20,2025-12-17,mean14,72422.86605974894,0
joint_scenario_selector,2025-12-18,2025-11-20,2025-12-17,mean7,72386.06880261998,1
joint_scenario_selector,2025-12-19,2025-11-21,2025-12-18,fixed,31172.519671623544,0
joint_scenario_selector,2025-12-19,2025-11-21,2025-12-18,blend25,31100.34485990772,0
joint_scenario_selector,2025-12-19,2025-11-21,2025-12-18,blend50,31090.433546079254,0
joint_scenario_selector,2025-12-19,2025-11-21,2025-12-18,blend75,31080.052215176354,0
joint_scenario_selector,2025-12-19,2025-11-21,2025-12-18,mean14,31057.13494342233,1
joint_scenario_selector,2025-12-19,2025-11-21,2025-12-18,mean7,31057.286415931758,0
joint_scenario_selector,2025-12-20,2025-11-22,2025-12-19,fixed,31337.741499293592,0
joint_scenario_selector,2025-12-20,2025-11-22,2025-12-19,blend25,31269.189210438843,0
joint_scenario_selector,2025-12-20,2025-11-22,2025-12-19,blend50,31229.914750084517,0
joint_scenario_selector,2025-12-20,2025-11-22,2025-12-19,blend75,31224.589348827598,0
joint_scenario_selector,2025-12-20,2025-11-22,2025-12-19,mean14,31194.268317184942,1
joint_scenario_selector,2025-12-20,2025-11-22,2025-12-19,mean7,31202.00597895903,0
joint_scenario_selector,2025-12-21,2025-11-23,2025-12-20,fixed,72885.56221496621,0
joint_scenario_selector,2025-12-21,2025-11-23,2025-12-20,blend25,72700.80784999722,0
joint_scenario_selector,2025-12-21,2025-11-23,2025-12-20,blend50,72648.71487227443,0
joint_scenario_selector,2025-12-21,2025-11-23,2025-12-20,blend75,72584.7461731088,0
joint_scenario_selector,2025-12-21,2025-11-23,2025-12-20,mean14,72554.50109022626,1
joint_scenario_selector,2025-12-21,2025-11-23,2025-12-20,mean7,72572.90153160074,0
shuffled_scenario_selector,2025-03-07,2025-02-07,2025-03-06,fixed,16721.366949449606,0
shuffled_scenario_selector,2025-03-07,2025-02-07,2025-03-06,blend25,16705.94773176253,0
shuffled_scenario_selector,2025-03-07,2025-02-07,2025-03-06,blend50,16705.947731762535,0
shuffled_scenario_selector,2025-03-07,2025-02-07,2025-03-06,blend75,16695.822335388588,0
shuffled_scenario_selector,2025-03-07,2025-02-07,2025-03-06,mean14,16695.601986687045,0
shuffled_scenario_selector,2025-03-07,2025-02-07,2025-03-06,mean7,16686.991989530026,1
shuffled_scenario_selector,2025-03-08,2025-02-08,2025-03-07,fixed,16327.187966069343,0
shuffled_scenario_selector,2025-03-08,2025-02-08,2025-03-07,blend25,16317.958066783636,0
shuffled_scenario_selector,2025-03-08,2025-02-08,2025-03-07,blend50,16314.084407508435,0
shuffled_scenario_selector,2025-03-08,2025-02-08,2025-03-07,blend75,16312.873629123003,0
shuffled_scenario_selector,2025-03-08,2025-02-08,2025-03-07,mean14,16312.873629123003,0
shuffled_scenario_selector,2025-03-08,2025-02-08,2025-03-07,mean7,16307.693200210952,1
shuffled_scenario_selector,2025-03-09,2025-02-09,2025-03-08,fixed,46277.26902681797,0
shuffled_scenario_selector,2025-03-09,2025-02-09,2025-03-08,blend25,46228.6434926215,0
shuffled_scenario_selector,2025-03-09,2025-02-09,2025-03-08,blend50,46169.11536154983,0
shuffled_scenario_selector,2025-03-09,2025-02-09,2025-03-08,blend75,46138.18239338177,0
shuffled_scenario_selector,2025-03-09,2025-02-09,2025-03-08,mean14,46081.80750535736,0
shuffled_scenario_selector,2025-03-09,2025-02-09,2025-03-08,mean7,46072.7501862789,1
shuffled_scenario_selector,2025-03-10,2025-02-10,2025-03-09,fixed,45072.15665155832,0
shuffled_scenario_selector,2025-03-10,2025-02-10,2025-03-09,blend25,45051.33437264676,0
shuffled_scenario_selector,2025-03-10,2025-02-10,2025-03-09,blend50,45051.33437264676,0
shuffled_scenario_selector,2025-03-10,2025-02-10,2025-03-09,blend75,45021.528401219875,0
shuffled_scenario_selector,2025-03-10,2025-02-10,2025-03-09,mean14,44950.74409020638,1
shuffled_scenario_selector,2025-03-10,2025-02-10,2025-03-09,mean7,44995.82327054006,0
shuffled_scenario_selector,2025-03-11,2025-02-11,2025-03-10,fixed,44709.290102500316,0
shuffled_scenario_selector,2025-03-11,2025-02-11,2025-03-10,blend25,44692.12832528943,0
shuffled_scenario_selector,2025-03-11,2025-02-11,2025-03-10,blend50,44687.12907166042,0
shuffled_scenario_selector,2025-03-11,2025-02-11,2025-03-10,blend75,44659.515625857275,0
shuffled_scenario_selector,2025-03-11,2025-02-11,2025-03-10,mean14,44607.41961152834,1
shuffled_scenario_selector,2025-03-11,2025-02-11,2025-03-10,mean7,44637.86497916332,0
shuffled_scenario_selector,2025-03-12,2025-02-12,2025-03-11,fixed,44467.03623007617,0
shuffled_scenario_selector,2025-03-12,2025-02-12,2025-03-11,blend25,44455.59005472028,0
shuffled_scenario_selector,2025-03-12,2025-02-12,2025-03-11,blend50,44461.98609460918,0
shuffled_scenario_selector,2025-03-12,2025-02-12,2025-03-11,blend75,44454.68033138564,0
shuffled_scenario_selector,2025-03-12,2025-02-12,2025-03-11,mean14,44369.05225724452,1
shuffled_scenario_selector,2025-03-12,2025-02-12,2025-03-11,mean7,44383.59931230419,0
shuffled_scenario_selector,2025-03-13,2025-02-13,2025-03-12,fixed,43772.80307846127,0
shuffled_scenario_selector,2025-03-13,2025-02-13,2025-03-12,blend25,43764.968960248785,0
shuffled_scenario_selector,2025-03-13,2025-02-13,2025-03-12,blend50,43742.697274697,0
shuffled_scenario_selector,2025-03-13,2025-02-13,2025-03-12,blend75,43728.79269424515,0
shuffled_scenario_selector,2025-03-13,2025-02-13,2025-03-12,mean14,43632.30035798459,1
shuffled_scenario_selector,2025-03-13,2025-02-13,2025-03-12,mean7,43667.085645564184,0
shuffled_scenario_selector,2025-03-14,2025-02-14,2025-03-13,fixed,15578.612858164825,0
shuffled_scenario_selector,2025-03-14,2025-02-14,2025-03-13,blend25,15574.448995400162,0
shuffled_scenario_selector,2025-03-14,2025-02-14,2025-03-13,blend50,15574.60022434877,0
shuffled_scenario_selector,2025-03-14,2025-02-14,2025-03-13,blend75,15571.827449080056,1
shuffled_scenario_selector,2025-03-14,2025-02-14,2025-03-13,mean14,15571.827449080056,0
shuffled_scenario_selector,2025-03-14,2025-02-14,2025-03-13,mean7,15584.283201175756,0
shuffled_scenario_selector,2025-03-15,2025-02-15,2025-03-14,fixed,15528.073280787268,0
shuffled_scenario_selector,2025-03-15,2025-02-15,2025-03-14,blend25,15510.989310596104,0
shuffled_scenario_selector,2025-03-15,2025-02-15,2025-03-14,blend50,15511.013826448814,0
shuffled_scenario_selector,2025-03-15,2025-02-15,2025-03-14,blend75,15511.16873886953,0
shuffled_scenario_selector,2025-03-15,2025-02-15,2025-03-14,mean14,15510.158490478776,1
shuffled_scenario_selector,2025-03-15,2025-02-15,2025-03-14,mean7,15519.772500221065,0
shuffled_scenario_selector,2025-03-16,2025-02-16,2025-03-15,fixed,43165.68436357954,0
shuffled_scenario_selector,2025-03-16,2025-02-16,2025-03-15,blend25,43159.80341119858,0
shuffled_scenario_selector,2025-03-16,2025-02-16,2025-03-15,blend50,43124.176302704975,0
shuffled_scenario_selector,2025-03-16,2025-02-16,2025-03-15,blend75,43106.54099444887,0
shuffled_scenario_selector,2025-03-16,2025-02-16,2025-03-15,mean14,43017.20388578815,1
shuffled_scenario_selector,2025-03-16,2025-02-16,2025-03-15,mean7,43096.39136867062,0
shuffled_scenario_selector,2025-03-17,2025-02-17,2025-03-16,fixed,42737.58585484752,0
shuffled_scenario_selector,2025-03-17,2025-02-17,2025-03-16,blend25,42715.21678832571,0
shuffled_scenario_selector,2025-03-17,2025-02-17,2025-03-16,blend50,42706.23439047893,0
shuffled_scenario_selector,2025-03-17,2025-02-17,2025-03-16,blend75,42692.3658288545,0
shuffled_scenario_selector,2025-03-17,2025-02-17,2025-03-16,mean14,42618.318934052666,1
shuffled_scenario_selector,2025-03-17,2025-02-17,2025-03-16,mean7,42652.778752469756,0
shuffled_scenario_selector,2025-03-18,2025-02-18,2025-03-17,fixed,41561.56365455042,0
shuffled_scenario_selector,2025-03-18,2025-02-18,2025-03-17,blend25,41533.2804040979,0
shuffled_scenario_selector,2025-03-18,2025-02-18,2025-03-17,blend50,41531.49479378497,0
shuffled_scenario_selector,2025-03-18,2025-02-18,2025-03-17,blend75,41503.18313257524,0
shuffled_scenario_selector,2025-03-18,2025-02-18,2025-03-17,mean14,41393.46363548125,1
shuffled_scenario_selector,2025-03-18,2025-02-18,2025-03-17,mean7,41438.10511064755,0
shuffled_scenario_selector,2025-03-19,2025-02-19,2025-03-18,fixed,41330.542005738935,0
shuffled_scenario_selector,2025-03-19,2025-02-19,2025-03-18,blend25,41316.16249754631,0
shuffled_scenario_selector,2025-03-19,2025-02-19,2025-03-18,blend50,41302.09539695608,0
shuffled_scenario_selector,2025-03-19,2025-02-19,2025-03-18,blend75,41281.23028998974,0
shuffled_scenario_selector,2025-03-19,2025-02-19,2025-03-18,mean14,41166.067354998035,1
shuffled_scenario_selector,2025-03-19,2025-02-19,2025-03-18,mean7,41184.75683924232,0
shuffled_scenario_selector,2025-03-20,2025-02-20,2025-03-19,fixed,40981.35347679008,0
shuffled_scenario_selector,2025-03-20,2025-02-20,2025-03-19,blend25,40947.44707349383,0
shuffled_scenario_selector,2025-03-20,2025-02-20,2025-03-19,blend50,40935.16777283367,0
shuffled_scenario_selector,2025-03-20,2025-02-20,2025-03-19,blend75,40885.9750411318,0
shuffled_scenario_selector,2025-03-20,2025-02-20,2025-03-19,mean14,40783.90829899934,1
shuffled_scenario_selector,2025-03-20,2025-02-20,2025-03-19,mean7,40791.54399474095,0
shuffled_scenario_selector,2025-04-17,2025-03-20,2025-04-16,fixed,33889.15985701081,0
shuffled_scenario_selector,2025-04-17,2025-03-20,2025-04-16,blend25,33822.59744038184,0
shuffled_scenario_selector,2025-04-17,2025-03-20,2025-04-16,blend50,33794.518702497306,0
shuffled_scenario_selector,2025-04-17,2025-03-20,2025-04-16,blend75,33784.21053223202,0
shuffled_scenario_selector,2025-04-17,2025-03-20,2025-04-16,mean14,33736.57618227912,1
shuffled_scenario_selector,2025-04-17,2025-03-20,2025-04-16,mean7,33769.2345022527,0
shuffled_scenario_selector,2025-04-18,2025-03-21,2025-04-17,fixed,12828.288021998573,0
shuffled_scenario_selector,2025-04-18,2025-03-21,2025-04-17,blend25,12820.293874451407,0
shuffled_scenario_selector,2025-04-18,2025-03-21,2025-04-17,blend50,12820.293874451409,0
shuffled_scenario_selector,2025-04-18,2025-03-21,2025-04-17,blend75,12820.32565956997,0
shuffled_scenario_selector,2025-04-18,2025-03-21,2025-04-17,mean14,12818.644862500407,1
shuffled_scenario_selector,2025-04-18,2025-03-21,2025-04-17,mean7,12820.325659569968,0
shuffled_scenario_selector,2025-04-19,2025-03-22,2025-04-18,fixed,12915.144654018357,0
shuffled_scenario_selector,2025-04-19,2025-03-22,2025-04-18,blend25,12901.575569236285,1
shuffled_scenario_selector,2025-04-19,2025-03-22,2025-04-18,blend50,12901.575569236285,0
shuffled_scenario_selector,2025-04-19,2025-03-22,2025-04-18,blend75,12901.575569236285,0
shuffled_scenario_selector,2025-04-19,2025-03-22,2025-04-18,mean14,12901.575569236285,0
shuffled_scenario_selector,2025-04-19,2025-03-22,2025-04-18,mean7,12901.575569236285,0
shuffled_scenario_selector,2025-04-20,2025-03-23,2025-04-19,fixed,33445.564657554765,0
shuffled_scenario_selector,2025-04-20,2025-03-23,2025-04-19,blend25,33410.03315743466,0
shuffled_scenario_selector,2025-04-20,2025-03-23,2025-04-19,blend50,33410.6893574969,0
shuffled_scenario_selector,2025-04-20,2025-03-23,2025-04-19,blend75,33408.11034155427,0
shuffled_scenario_selector,2025-04-20,2025-03-23,2025-04-19,mean14,33361.176400031785,1
shuffled_scenario_selector,2025-04-20,2025-03-23,2025-04-19,mean7,33406.73880455115,0
shuffled_scenario_selector,2025-04-21,2025-03-24,2025-04-20,fixed,33119.19351167739,0
shuffled_scenario_selector,2025-04-21,2025-03-24,2025-04-20,blend25,33069.55873945826,0
shuffled_scenario_selector,2025-04-21,2025-03-24,2025-04-20,blend50,33061.50310154211,0
shuffled_scenario_selector,2025-04-21,2025-03-24,2025-04-20,blend75,33061.50310154211,0
shuffled_scenario_selector,2025-04-21,2025-03-24,2025-04-20,mean14,33016.51153296767,1
shuffled_scenario_selector,2025-04-21,2025-03-24,2025-04-20,mean7,33047.733662003324,0
shuffled_scenario_selector,2025-04-22,2025-03-25,2025-04-21,fixed,32967.507144974414,0
shuffled_scenario_selector,2025-04-22,2025-03-25,2025-04-21,blend25,32855.94903571459,0
shuffled_scenario_selector,2025-04-22,2025-03-25,2025-04-21,blend50,32850.14201444292,0
shuffled_scenario_selector,2025-04-22,2025-03-25,2025-04-21,blend75,32849.53471203237,0
shuffled_scenario_selector,2025-04-22,2025-03-25,2025-04-21,mean14,32743.861641772943,1
shuffled_scenario_selector,2025-04-22,2025-03-25,2025-04-21,mean7,32853.65482795542,0
shuffled_scenario_selector,2025-04-23,2025-03-26,2025-04-22,fixed,33067.93043660691,0
shuffled_scenario_selector,2025-04-23,2025-03-26,2025-04-22,blend25,32964.17881574171,0
shuffled_scenario_selector,2025-04-23,2025-03-26,2025-04-22,blend50,32960.26507420223,0
shuffled_scenario_selector,2025-04-23,2025-03-26,2025-04-22,blend75,32956.28647507169,0
shuffled_scenario_selector,2025-04-23,2025-03-26,2025-04-22,mean14,32882.334915529806,1
shuffled_scenario_selector,2025-04-23,2025-03-26,2025-04-22,mean7,32973.293967282574,0
shuffled_scenario_selector,2025-04-24,2025-03-27,2025-04-23,fixed,32909.28089347951,0
shuffled_scenario_selector,2025-04-24,2025-03-27,2025-04-23,blend25,32777.243869582606,0
shuffled_scenario_selector,2025-04-24,2025-03-27,2025-04-23,blend50,32764.98970516634,0
shuffled_scenario_selector,2025-04-24,2025-03-27,2025-04-23,blend75,32717.090463748875,0
shuffled_scenario_selector,2025-04-24,2025-03-27,2025-04-23,mean14,32628.533373988288,1
shuffled_scenario_selector,2025-04-24,2025-03-27,2025-04-23,mean7,32647.689461869068,0
shuffled_scenario_selector,2025-04-25,2025-03-28,2025-04-24,fixed,12245.120004288461,0
shuffled_scenario_selector,2025-04-25,2025-03-28,2025-04-24,blend25,12230.0157945751,0
shuffled_scenario_selector,2025-04-25,2025-03-28,2025-04-24,blend50,12230.0157945751,0
shuffled_scenario_selector,2025-04-25,2025-03-28,2025-04-24,blend75,12230.0157945751,0
shuffled_scenario_selector,2025-04-25,2025-03-28,2025-04-24,mean14,12230.0157945751,0
shuffled_scenario_selector,2025-04-25,2025-03-28,2025-04-24,mean7,12222.192027568297,1
shuffled_scenario_selector,2025-04-26,2025-03-29,2025-04-25,fixed,12102.103027093273,0
shuffled_scenario_selector,2025-04-26,2025-03-29,2025-04-25,blend25,12096.333285456096,0
shuffled_scenario_selector,2025-04-26,2025-03-29,2025-04-25,blend50,12096.089846821167,0
shuffled_scenario_selector,2025-04-26,2025-03-29,2025-04-25,blend75,12094.144496229113,0
shuffled_scenario_selector,2025-04-26,2025-03-29,2025-04-25,mean14,12094.144496229113,0
shuffled_scenario_selector,2025-04-26,2025-03-29,2025-04-25,mean7,12083.904082535164,1
shuffled_scenario_selector,2025-04-27,2025-03-30,2025-04-26,fixed,31255.412452668414,0
shuffled_scenario_selector,2025-04-27,2025-03-30,2025-04-26,blend25,31052.3163472752,0
shuffled_scenario_selector,2025-04-27,2025-03-30,2025-04-26,blend50,30968.50083457267,0
shuffled_scenario_selector,2025-04-27,2025-03-30,2025-04-26,blend75,30908.95334968686,0
shuffled_scenario_selector,2025-04-27,2025-03-30,2025-04-26,mean14,30894.932625645397,1
shuffled_scenario_selector,2025-04-27,2025-03-30,2025-04-26,mean7,30908.517617277765,0
shuffled_scenario_selector,2025-04-28,2025-03-31,2025-04-27,fixed,31115.171995401157,0
shuffled_scenario_selector,2025-04-28,2025-03-31,2025-04-27,blend25,30889.574158105916,0
shuffled_scenario_selector,2025-04-28,2025-03-31,2025-04-27,blend50,30822.00559153369,0
shuffled_scenario_selector,2025-04-28,2025-03-31,2025-04-27,blend75,30773.422706248148,0
shuffled_scenario_selector,2025-04-28,2025-03-31,2025-04-27,mean14,30744.260457361226,1
shuffled_scenario_selector,2025-04-28,2025-03-31,2025-04-27,mean7,30772.67678729753,0
shuffled_scenario_selector,2025-04-29,2025-04-01,2025-04-28,fixed,32803.34767016005,0
shuffled_scenario_selector,2025-04-29,2025-04-01,2025-04-28,blend25,32758.22535843515,0
shuffled_scenario_selector,2025-04-29,2025-04-01,2025-04-28,blend50,32646.31638337319,0
shuffled_scenario_selector,2025-04-29,2025-04-01,2025-04-28,blend75,32569.620134212415,0
shuffled_scenario_selector,2025-04-29,2025-04-01,2025-04-28,mean14,32552.75403857042,1
shuffled_scenario_selector,2025-04-29,2025-04-01,2025-04-28,mean7,32596.233100810165,0
shuffled_scenario_selector,2025-04-30,2025-04-02,2025-04-29,fixed,32607.686671865165,0
shuffled_scenario_selector,2025-04-30,2025-04-02,2025-04-29,blend25,32532.02440825508,0
shuffled_scenario_selector,2025-04-30,2025-04-02,2025-04-29,blend50,32466.579020404326,0
shuffled_scenario_selector,2025-04-30,2025-04-02,2025-04-29,blend75,32389.280366354214,0
shuffled_scenario_selector,2025-04-30,2025-04-02,2025-04-29,mean14,32341.588159985746,1
shuffled_scenario_selector,2025-04-30,2025-04-02,2025-04-29,mean7,32362.27829915992,0
shuffled_scenario_selector,2025-06-08,2025-05-11,2025-06-07,fixed,55008.898495211615,0
shuffled_scenario_selector,2025-06-08,2025-05-11,2025-06-07,blend25,54908.06928293059,0
shuffled_scenario_selector,2025-06-08,2025-05-11,2025-06-07,blend50,54846.45981451087,0
shuffled_scenario_selector,2025-06-08,2025-05-11,2025-06-07,blend75,54786.69522191502,0
shuffled_scenario_selector,2025-06-08,2025-05-11,2025-06-07,mean14,54726.6658414292,1
shuffled_scenario_selector,2025-06-08,2025-05-11,2025-06-07,mean7,54823.7043818718,0
shuffled_scenario_selector,2025-06-09,2025-05-12,2025-06-08,fixed,54562.02379468324,0
shuffled_scenario_selector,2025-06-09,2025-05-12,2025-06-08,blend25,54485.47413207655,0
shuffled_scenario_selector,2025-06-09,2025-05-12,2025-06-08,blend50,54431.22773102201,0
shuffled_scenario_selector,2025-06-09,2025-05-12,2025-06-08,blend75,54371.664078678106,0
shuffled_scenario_selector,2025-06-09,2025-05-12,2025-06-08,mean14,54341.16526792922,0
shuffled_scenario_selector,2025-06-09,2025-05-12,2025-06-08,mean7,54317.0571051928,1
shuffled_scenario_selector,2025-06-10,2025-05-13,2025-06-09,fixed,55469.53377308456,0
shuffled_scenario_selector,2025-06-10,2025-05-13,2025-06-09,blend25,55348.113482823865,0
shuffled_scenario_selector,2025-06-10,2025-05-13,2025-06-09,blend50,55293.139516370065,0
shuffled_scenario_selector,2025-06-10,2025-05-13,2025-06-09,blend75,55237.2942481753,0
shuffled_scenario_selector,2025-06-10,2025-05-13,2025-06-09,mean14,55224.64111670227,0
shuffled_scenario_selector,2025-06-10,2025-05-13,2025-06-09,mean7,55204.702299466,1
shuffled_scenario_selector,2025-06-11,2025-05-14,2025-06-10,fixed,56530.051467247096,0
shuffled_scenario_selector,2025-06-11,2025-05-14,2025-06-10,blend25,56398.07689383125,0
shuffled_scenario_selector,2025-06-11,2025-05-14,2025-06-10,blend50,56328.286380404934,0
shuffled_scenario_selector,2025-06-11,2025-05-14,2025-06-10,blend75,56254.06427544727,0
shuffled_scenario_selector,2025-06-11,2025-05-14,2025-06-10,mean14,56237.50271462684,1
shuffled_scenario_selector,2025-06-11,2025-05-14,2025-06-10,mean7,56253.877314546764,0
shuffled_scenario_selector,2025-06-12,2025-05-15,2025-06-11,fixed,57869.84061133431,0
shuffled_scenario_selector,2025-06-12,2025-05-15,2025-06-11,blend25,57723.745025636126,0
shuffled_scenario_selector,2025-06-12,2025-05-15,2025-06-11,blend50,57589.3579200816,0
shuffled_scenario_selector,2025-06-12,2025-05-15,2025-06-11,blend75,57533.333360360295,1
shuffled_scenario_selector,2025-06-12,2025-05-15,2025-06-11,mean14,57533.95170340209,0
shuffled_scenario_selector,2025-06-12,2025-05-15,2025-06-11,mean7,57539.02499147401,0
shuffled_scenario_selector,2025-06-13,2025-05-16,2025-06-12,fixed,24453.35414177811,0
shuffled_scenario_selector,2025-06-13,2025-05-16,2025-06-12,blend25,24417.651342487785,0
shuffled_scenario_selector,2025-06-13,2025-05-16,2025-06-12,blend50,24334.484983247454,0
shuffled_scenario_selector,2025-06-13,2025-05-16,2025-06-12,blend75,24332.423156621757,0
shuffled_scenario_selector,2025-06-13,2025-05-16,2025-06-12,mean14,24332.202918485717,0
shuffled_scenario_selector,2025-06-13,2025-05-16,2025-06-12,mean7,24332.057585918308,1
shuffled_scenario_selector,2025-06-14,2025-05-17,2025-06-13,fixed,24668.774034618924,0
shuffled_scenario_selector,2025-06-14,2025-05-17,2025-06-13,blend25,24629.635583365354,0
shuffled_scenario_selector,2025-06-14,2025-05-17,2025-06-13,blend50,24544.906031548664,0
shuffled_scenario_selector,2025-06-14,2025-05-17,2025-06-13,blend75,24537.639646479318,0
shuffled_scenario_selector,2025-06-14,2025-05-17,2025-06-13,mean14,24535.468044044137,1
shuffled_scenario_selector,2025-06-14,2025-05-17,2025-06-13,mean7,24544.808339041083,0
shuffled_scenario_selector,2025-06-15,2025-05-18,2025-06-14,fixed,60600.18203810656,0
shuffled_scenario_selector,2025-06-15,2025-05-18,2025-06-14,blend25,60350.850786170224,0
shuffled_scenario_selector,2025-06-15,2025-05-18,2025-06-14,blend50,60204.48244065853,0
shuffled_scenario_selector,2025-06-15,2025-05-18,2025-06-14,blend75,60183.74036627805,0
shuffled_scenario_selector,2025-06-15,2025-05-18,2025-06-14,mean14,60135.82717068756,1
shuffled_scenario_selector,2025-06-15,2025-05-18,2025-06-14,mean7,60223.68440520639,0
shuffled_scenario_selector,2025-06-16,2025-05-19,2025-06-15,fixed,60695.67354467818,0
shuffled_scenario_selector,2025-06-16,2025-05-19,2025-06-15,blend25,60522.135031785685,0
shuffled_scenario_selector,2025-06-16,2025-05-19,2025-06-15,blend50,60333.73022180885,0
shuffled_scenario_selector,2025-06-16,2025-05-19,2025-06-15,blend75,60326.258650443386,0
shuffled_scenario_selector,2025-06-16,2025-05-19,2025-06-15,mean14,60272.945887495945,1
shuffled_scenario_selector,2025-06-16,2025-05-19,2025-06-15,mean7,60351.947771620515,0
shuffled_scenario_selector,2025-06-17,2025-05-20,2025-06-16,fixed,60913.525391093346,0
shuffled_scenario_selector,2025-06-17,2025-05-20,2025-06-16,blend25,60784.49482095096,0
shuffled_scenario_selector,2025-06-17,2025-05-20,2025-06-16,blend50,60601.59516970561,0
shuffled_scenario_selector,2025-06-17,2025-05-20,2025-06-16,blend75,60581.9744792799,0
shuffled_scenario_selector,2025-06-17,2025-05-20,2025-06-16,mean14,60545.49095059001,1
shuffled_scenario_selector,2025-06-17,2025-05-20,2025-06-16,mean7,60588.530198975124,0
shuffled_scenario_selector,2025-06-18,2025-05-21,2025-06-17,fixed,61246.636943980775,0
shuffled_scenario_selector,2025-06-18,2025-05-21,2025-06-17,blend25,61073.62457696529,0
shuffled_scenario_selector,2025-06-18,2025-05-21,2025-06-17,blend50,60883.69073201241,0
shuffled_scenario_selector,2025-06-18,2025-05-21,2025-06-17,blend75,60876.587307699265,1
shuffled_scenario_selector,2025-06-18,2025-05-21,2025-06-17,mean14,60897.61779750829,0
shuffled_scenario_selector,2025-06-18,2025-05-21,2025-06-17,mean7,60925.27555231937,0
shuffled_scenario_selector,2025-06-19,2025-05-22,2025-06-18,fixed,60745.72154159444,0
shuffled_scenario_selector,2025-06-19,2025-05-22,2025-06-18,blend25,60616.710834601305,0
shuffled_scenario_selector,2025-06-19,2025-05-22,2025-06-18,blend50,60453.302158040395,0
shuffled_scenario_selector,2025-06-19,2025-05-22,2025-06-18,blend75,60450.89693885376,1
shuffled_scenario_selector,2025-06-19,2025-05-22,2025-06-18,mean14,60461.6688620564,0
shuffled_scenario_selector,2025-06-19,2025-05-22,2025-06-18,mean7,60488.72898024041,0
shuffled_scenario_selector,2025-06-20,2025-05-23,2025-06-19,fixed,25971.80978896327,0
shuffled_scenario_selector,2025-06-20,2025-05-23,2025-06-19,blend25,25816.512408391784,0
shuffled_scenario_selector,2025-06-20,2025-05-23,2025-06-19,blend50,25816.512408391784,0
shuffled_scenario_selector,2025-06-20,2025-05-23,2025-06-19,blend75,25814.446979635268,1
shuffled_scenario_selector,2025-06-20,2025-05-23,2025-06-19,mean14,25814.446979635268,0
shuffled_scenario_selector,2025-06-20,2025-05-23,2025-06-19,mean7,25816.133947196573,0
shuffled_scenario_selector,2025-06-21,2025-05-24,2025-06-20,fixed,26186.96934490582,1
shuffled_scenario_selector,2025-06-21,2025-05-24,2025-06-20,blend25,26206.45567667492,0
shuffled_scenario_selector,2025-06-21,2025-05-24,2025-06-20,blend50,26208.206052251127,0
shuffled_scenario_selector,2025-06-21,2025-05-24,2025-06-20,blend75,26206.765051134746,0
shuffled_scenario_selector,2025-06-21,2025-05-24,2025-06-20,mean14,26206.765051134746,0
shuffled_scenario_selector,2025-06-21,2025-05-24,2025-06-20,mean7,26206.765051134746,0
shuffled_scenario_selector,2025-08-18,2025-07-21,2025-08-17,fixed,56929.03341305186,0
shuffled_scenario_selector,2025-08-18,2025-07-21,2025-08-17,blend25,56435.780346360545,0
shuffled_scenario_selector,2025-08-18,2025-07-21,2025-08-17,blend50,56442.69570651895,0
shuffled_scenario_selector,2025-08-18,2025-07-21,2025-08-17,blend75,56426.220902204375,0
shuffled_scenario_selector,2025-08-18,2025-07-21,2025-08-17,mean14,56423.785568793595,1
shuffled_scenario_selector,2025-08-18,2025-07-21,2025-08-17,mean7,56458.63681405082,0
shuffled_scenario_selector,2025-08-19,2025-07-22,2025-08-18,fixed,55171.67776550177,0
shuffled_scenario_selector,2025-08-19,2025-07-22,2025-08-18,blend25,54779.20796877541,0
shuffled_scenario_selector,2025-08-19,2025-07-22,2025-08-18,blend50,54776.00938616153,1
shuffled_scenario_selector,2025-08-19,2025-07-22,2025-08-18,blend75,54783.07259022528,0
shuffled_scenario_selector,2025-08-19,2025-07-22,2025-08-18,mean14,54799.89865273846,0
shuffled_scenario_selector,2025-08-19,2025-07-22,2025-08-18,mean7,54798.095165847786,0
shuffled_scenario_selector,2025-08-20,2025-07-23,2025-08-19,fixed,53974.927261282144,0
shuffled_scenario_selector,2025-08-20,2025-07-23,2025-08-19,blend25,53629.428110064946,0
shuffled_scenario_selector,2025-08-20,2025-07-23,2025-08-19,blend50,53641.88547868794,0
shuffled_scenario_selector,2025-08-20,2025-07-23,2025-08-19,blend75,53624.68077234613,1
shuffled_scenario_selector,2025-08-20,2025-07-23,2025-08-19,mean14,53626.48782673592,0
shuffled_scenario_selector,2025-08-20,2025-07-23,2025-08-19,mean7,53692.48457007604,0
shuffled_scenario_selector,2025-08-21,2025-07-24,2025-08-20,fixed,53800.979355221425,0
shuffled_scenario_selector,2025-08-21,2025-07-24,2025-08-20,blend25,53505.76857642421,0
shuffled_scenario_selector,2025-08-21,2025-07-24,2025-08-20,blend50,53489.014734261495,0
shuffled_scenario_selector,2025-08-21,2025-07-24,2025-08-20,blend75,53416.134984237746,0
shuffled_scenario_selector,2025-08-21,2025-07-24,2025-08-20,mean14,53402.24072400941,1
shuffled_scenario_selector,2025-08-21,2025-07-24,2025-08-20,mean7,53487.88187804218,0
shuffled_scenario_selector,2025-08-22,2025-07-25,2025-08-21,fixed,27707.081569294613,0
shuffled_scenario_selector,2025-08-22,2025-07-25,2025-08-21,blend25,27590.191611238002,0
shuffled_scenario_selector,2025-08-22,2025-07-25,2025-08-21,blend50,27522.679821646565,0
shuffled_scenario_selector,2025-08-22,2025-07-25,2025-08-21,blend75,27522.679821646565,0
shuffled_scenario_selector,2025-08-22,2025-07-25,2025-08-21,mean14,27481.91635864423,1
shuffled_scenario_selector,2025-08-22,2025-07-25,2025-08-21,mean7,27520.08953303031,0
shuffled_scenario_selector,2025-08-23,2025-07-26,2025-08-22,fixed,27568.155239619406,0
shuffled_scenario_selector,2025-08-23,2025-07-26,2025-08-22,blend25,27432.987339062325,0
shuffled_scenario_selector,2025-08-23,2025-07-26,2025-08-22,blend50,27390.557657839538,0
shuffled_scenario_selector,2025-08-23,2025-07-26,2025-08-22,blend75,27390.557657839538,0
shuffled_scenario_selector,2025-08-23,2025-07-26,2025-08-22,mean14,27356.669641846845,1
shuffled_scenario_selector,2025-08-23,2025-07-26,2025-08-22,mean7,27386.623355421394,0
shuffled_scenario_selector,2025-08-24,2025-07-27,2025-08-23,fixed,53618.512647382435,0
shuffled_scenario_selector,2025-08-24,2025-07-27,2025-08-23,blend25,53402.6925587264,0
shuffled_scenario_selector,2025-08-24,2025-07-27,2025-08-23,blend50,53391.60779476421,1
shuffled_scenario_selector,2025-08-24,2025-07-27,2025-08-23,blend75,53418.80738179197,0
shuffled_scenario_selector,2025-08-24,2025-07-27,2025-08-23,mean14,53403.4289855508,0
shuffled_scenario_selector,2025-08-24,2025-07-27,2025-08-23,mean7,53403.09792545777,0
shuffled_scenario_selector,2025-08-25,2025-07-28,2025-08-24,fixed,53284.89969858354,0
shuffled_scenario_selector,2025-08-25,2025-07-28,2025-08-24,blend25,53071.85530042802,0
shuffled_scenario_selector,2025-08-25,2025-07-28,2025-08-24,blend50,53000.280853695454,0
shuffled_scenario_selector,2025-08-25,2025-07-28,2025-08-24,blend75,52947.92178045738,0
shuffled_scenario_selector,2025-08-25,2025-07-28,2025-08-24,mean14,52947.92178045738,0
shuffled_scenario_selector,2025-08-25,2025-07-28,2025-08-24,mean7,52931.028168229735,1
shuffled_scenario_selector,2025-08-26,2025-07-29,2025-08-25,fixed,53135.513299936814,0
shuffled_scenario_selector,2025-08-26,2025-07-29,2025-08-25,blend25,52915.57616549396,0
shuffled_scenario_selector,2025-08-26,2025-07-29,2025-08-25,blend50,52832.62193834072,0
shuffled_scenario_selector,2025-08-26,2025-07-29,2025-08-25,blend75,52831.49369747152,0
shuffled_scenario_selector,2025-08-26,2025-07-29,2025-08-25,mean14,52828.42129302484,0
shuffled_scenario_selector,2025-08-26,2025-07-29,2025-08-25,mean7,52817.195769919235,1
shuffled_scenario_selector,2025-08-27,2025-07-30,2025-08-26,fixed,53093.26528191852,0
shuffled_scenario_selector,2025-08-27,2025-07-30,2025-08-26,blend25,52892.44270426907,0
shuffled_scenario_selector,2025-08-27,2025-07-30,2025-08-26,blend50,52812.69652677878,0
shuffled_scenario_selector,2025-08-27,2025-07-30,2025-08-26,blend75,52797.260239295734,0
shuffled_scenario_selector,2025-08-27,2025-07-30,2025-08-26,mean14,52794.92690279247,0
shuffled_scenario_selector,2025-08-27,2025-07-30,2025-08-26,mean7,52793.42999817561,1
shuffled_scenario_selector,2025-08-28,2025-07-31,2025-08-27,fixed,52742.38151632478,0
shuffled_scenario_selector,2025-08-28,2025-07-31,2025-08-27,blend25,52527.684714605675,0
shuffled_scenario_selector,2025-08-28,2025-07-31,2025-08-27,blend50,52451.91115895931,0
shuffled_scenario_selector,2025-08-28,2025-07-31,2025-08-27,blend75,52339.93713981006,0
shuffled_scenario_selector,2025-08-28,2025-07-31,2025-08-27,mean14,52327.826375727855,1
shuffled_scenario_selector,2025-08-28,2025-07-31,2025-08-27,mean7,52347.5409723609,0
shuffled_scenario_selector,2025-08-29,2025-08-01,2025-08-28,fixed,27018.52456189878,0
shuffled_scenario_selector,2025-08-29,2025-08-01,2025-08-28,blend25,26964.3165067123,1
shuffled_scenario_selector,2025-08-29,2025-08-01,2025-08-28,blend50,26969.97116245078,0
shuffled_scenario_selector,2025-08-29,2025-08-01,2025-08-28,blend75,26969.97116245078,0
shuffled_scenario_selector,2025-08-29,2025-08-01,2025-08-28,mean14,26969.272212722342,0
shuffled_scenario_selector,2025-08-29,2025-08-01,2025-08-28,mean7,26983.64170118391,0
shuffled_scenario_selector,2025-08-30,2025-08-02,2025-08-29,fixed,27022.758640959295,0
shuffled_scenario_selector,2025-08-30,2025-08-02,2025-08-29,blend25,26976.76457605953,1
shuffled_scenario_selector,2025-08-30,2025-08-02,2025-08-29,blend50,26977.848526426096,0
shuffled_scenario_selector,2025-08-30,2025-08-02,2025-08-29,blend75,26977.848526426096,0
shuffled_scenario_selector,2025-08-30,2025-08-02,2025-08-29,mean14,26981.584602761686,0
shuffled_scenario_selector,2025-08-30,2025-08-02,2025-08-29,mean7,26991.992272169045,0
shuffled_scenario_selector,2025-08-31,2025-08-03,2025-08-30,fixed,53618.70205389465,0
shuffled_scenario_selector,2025-08-31,2025-08-03,2025-08-30,blend25,53407.33283314904,0
shuffled_scenario_selector,2025-08-31,2025-08-03,2025-08-30,blend50,53320.41572720662,0
shuffled_scenario_selector,2025-08-31,2025-08-03,2025-08-30,blend75,53319.30603066483,0
shuffled_scenario_selector,2025-08-31,2025-08-03,2025-08-30,mean14,53319.30603066483,0
shuffled_scenario_selector,2025-08-31,2025-08-03,2025-08-30,mean7,53306.125874235,1
shuffled_scenario_selector,2025-09-10,2025-08-13,2025-09-09,fixed,45869.4861648198,0
shuffled_scenario_selector,2025-09-10,2025-08-13,2025-09-09,blend25,45906.56379126368,0
shuffled_scenario_selector,2025-09-10,2025-08-13,2025-09-09,blend50,45875.62523256767,0
shuffled_scenario_selector,2025-09-10,2025-08-13,2025-09-09,blend75,45838.92914415494,0
shuffled_scenario_selector,2025-09-10,2025-08-13,2025-09-09,mean14,45839.01939512534,0
shuffled_scenario_selector,2025-09-10,2025-08-13,2025-09-09,mean7,45792.49302763557,1
shuffled_scenario_selector,2025-09-11,2025-08-14,2025-09-10,fixed,46078.97944803326,0
shuffled_scenario_selector,2025-09-11,2025-08-14,2025-09-10,blend25,46069.82060988825,0
shuffled_scenario_selector,2025-09-11,2025-08-14,2025-09-10,blend50,46053.406972173434,0
shuffled_scenario_selector,2025-09-11,2025-08-14,2025-09-10,blend75,46025.87016853936,0
shuffled_scenario_selector,2025-09-11,2025-08-14,2025-09-10,mean14,46036.91119745093,0
shuffled_scenario_selector,2025-09-11,2025-08-14,2025-09-10,mean7,45910.5068392392,1
shuffled_scenario_selector,2025-09-12,2025-08-15,2025-09-11,fixed,21690.945671395188,0
shuffled_scenario_selector,2025-09-12,2025-08-15,2025-09-11,blend25,21688.818203565468,0
shuffled_scenario_selector,2025-09-12,2025-08-15,2025-09-11,blend50,21676.080633481266,0
shuffled_scenario_selector,2025-09-12,2025-08-15,2025-09-11,blend75,21675.81021741695,0
shuffled_scenario_selector,2025-09-12,2025-08-15,2025-09-11,mean14,21675.81021741695,0
shuffled_scenario_selector,2025-09-12,2025-08-15,2025-09-11,mean7,21663.49236595516,1
shuffled_scenario_selector,2025-09-13,2025-08-16,2025-09-12,fixed,21581.703108803657,0
shuffled_scenario_selector,2025-09-13,2025-08-16,2025-09-12,blend25,21581.703108803657,0
shuffled_scenario_selector,2025-09-13,2025-08-16,2025-09-12,blend50,21572.60330640696,0
shuffled_scenario_selector,2025-09-13,2025-08-16,2025-09-12,blend75,21567.96650268757,0
shuffled_scenario_selector,2025-09-13,2025-08-16,2025-09-12,mean14,21567.96650268757,0
shuffled_scenario_selector,2025-09-13,2025-08-16,2025-09-12,mean7,21472.02179217546,1
shuffled_scenario_selector,2025-09-14,2025-08-17,2025-09-13,fixed,44948.18895497815,0
shuffled_scenario_selector,2025-09-14,2025-08-17,2025-09-13,blend25,44913.08843027659,0
shuffled_scenario_selector,2025-09-14,2025-08-17,2025-09-13,blend50,44895.931301916935,0
shuffled_scenario_selector,2025-09-14,2025-08-17,2025-09-13,blend75,44901.74015271139,0
shuffled_scenario_selector,2025-09-14,2025-08-17,2025-09-13,mean14,44672.289326314174,0
shuffled_scenario_selector,2025-09-14,2025-08-17,2025-09-13,mean7,44499.99604905675,1
shuffled_scenario_selector,2025-09-15,2025-08-18,2025-09-14,fixed,43188.40568986638,0
shuffled_scenario_selector,2025-09-15,2025-08-18,2025-09-14,blend25,43167.0942923163,0
shuffled_scenario_selector,2025-09-15,2025-08-18,2025-09-14,blend50,43145.130314568705,0
shuffled_scenario_selector,2025-09-15,2025-08-18,2025-09-14,blend75,43149.851187474866,0
shuffled_scenario_selector,2025-09-15,2025-08-18,2025-09-14,mean14,42851.63244973478,0
shuffled_scenario_selector,2025-09-15,2025-08-18,2025-09-14,mean7,42700.20510989694,1
shuffled_scenario_selector,2025-09-16,2025-08-19,2025-09-15,fixed,42916.35788171365,0
shuffled_scenario_selector,2025-09-16,2025-08-19,2025-09-15,blend25,42895.264302885174,0
shuffled_scenario_selector,2025-09-16,2025-08-19,2025-09-15,blend50,42866.96170562814,0
shuffled_scenario_selector,2025-09-16,2025-08-19,2025-09-15,blend75,42867.39585886615,0
shuffled_scenario_selector,2025-09-16,2025-08-19,2025-09-15,mean14,42579.0387099759,0
shuffled_scenario_selector,2025-09-16,2025-08-19,2025-09-15,mean7,42460.884671200896,1
shuffled_scenario_selector,2025-09-17,2025-08-20,2025-09-16,fixed,43089.83436372465,0
shuffled_scenario_selector,2025-09-17,2025-08-20,2025-09-16,blend25,43060.07095459749,0
shuffled_scenario_selector,2025-09-17,2025-08-20,2025-09-16,blend50,43033.20913486958,0
shuffled_scenario_selector,2025-09-17,2025-08-20,2025-09-16,blend75,43031.07355056093,0
shuffled_scenario_selector,2025-09-17,2025-08-20,2025-09-16,mean14,42699.36032850018,0
shuffled_scenario_selector,2025-09-17,2025-08-20,2025-09-16,mean7,42624.172905140505,1
shuffled_scenario_selector,2025-09-18,2025-08-21,2025-09-17,fixed,42399.93894516291,0
shuffled_scenario_selector,2025-09-18,2025-08-21,2025-09-17,blend25,42394.585920304395,0
shuffled_scenario_selector,2025-09-18,2025-08-21,2025-09-17,blend50,42377.23421283868,0
shuffled_scenario_selector,2025-09-18,2025-08-21,2025-09-17,blend75,42375.90544319705,0
shuffled_scenario_selector,2025-09-18,2025-08-21,2025-09-17,mean14,41997.46025172207,0
shuffled_scenario_selector,2025-09-18,2025-08-21,2025-09-17,mean7,41907.10834076796,1
shuffled_scenario_selector,2025-09-19,2025-08-22,2025-09-18,fixed,19674.46290736252,0
shuffled_scenario_selector,2025-09-19,2025-08-22,2025-09-18,blend25,19666.323777876652,0
shuffled_scenario_selector,2025-09-19,2025-08-22,2025-09-18,blend50,19658.645288552147,0
shuffled_scenario_selector,2025-09-19,2025-08-22,2025-09-18,blend75,19658.645288552147,0
shuffled_scenario_selector,2025-09-19,2025-08-22,2025-09-18,mean14,19562.813377810668,0
shuffled_scenario_selector,2025-09-19,2025-08-22,2025-09-18,mean7,19539.951098233374,1
shuffled_scenario_selector,2025-09-20,2025-08-23,2025-09-19,fixed,19729.09879149344,0
shuffled_scenario_selector,2025-09-20,2025-08-23,2025-09-19,blend25,19729.09879149344,0
shuffled_scenario_selector,2025-09-20,2025-08-23,2025-09-19,blend50,19721.37686601433,0
shuffled_scenario_selector,2025-09-20,2025-08-23,2025-09-19,blend75,19721.37686601433,0
shuffled_scenario_selector,2025-09-20,2025-08-23,2025-09-19,mean14,19532.311248054317,1
shuffled_scenario_selector,2025-09-20,2025-08-23,2025-09-19,mean7,19576.78407825088,0
shuffled_scenario_selector,2025-09-21,2025-08-24,2025-09-20,fixed,43601.951292412305,0
shuffled_scenario_selector,2025-09-21,2025-08-24,2025-09-20,blend25,43560.06621869902,0
shuffled_scenario_selector,2025-09-21,2025-08-24,2025-09-20,blend50,43541.61239585104,0
shuffled_scenario_selector,2025-09-21,2025-08-24,2025-09-20,blend75,43210.02837342566,0
shuffled_scenario_selector,2025-09-21,2025-08-24,2025-09-20,mean14,42977.31307396522,1
shuffled_scenario_selector,2025-09-21,2025-08-24,2025-09-20,mean7,43084.2694855659,0
shuffled_scenario_selector,2025-09-22,2025-08-25,2025-09-21,fixed,41608.110214726476,0
shuffled_scenario_selector,2025-09-22,2025-08-25,2025-09-21,blend25,41577.50009165834,0
shuffled_scenario_selector,2025-09-22,2025-08-25,2025-09-21,blend50,41572.35647802236,0
shuffled_scenario_selector,2025-09-22,2025-08-25,2025-09-21,blend75,41214.70036801219,0
shuffled_scenario_selector,2025-09-22,2025-08-25,2025-09-21,mean14,40889.085007399895,1
shuffled_scenario_selector,2025-09-22,2025-08-25,2025-09-21,mean7,41015.74419559351,0
shuffled_scenario_selector,2025-09-23,2025-08-26,2025-09-22,fixed,41676.52435304579,0
shuffled_scenario_selector,2025-09-23,2025-08-26,2025-09-22,blend25,41652.329418872265,0
shuffled_scenario_selector,2025-09-23,2025-08-26,2025-09-22,blend50,41633.22666631186,0
shuffled_scenario_selector,2025-09-23,2025-08-26,2025-09-22,blend75,41266.06394209776,0
shuffled_scenario_selector,2025-09-23,2025-08-26,2025-09-22,mean14,40993.00014429906,1
shuffled_scenario_selector,2025-09-23,2025-08-26,2025-09-22,mean7,41086.33704581466,0
shuffled_scenario_selector,2025-12-08,2025-11-10,2025-12-07,fixed,67821.79921649751,0
shuffled_scenario_selector,2025-12-08,2025-11-10,2025-12-07,blend25,67802.14915285907,0
shuffled_scenario_selector,2025-12-08,2025-11-10,2025-12-07,blend50,67802.14915285907,0
shuffled_scenario_selector,2025-12-08,2025-11-10,2025-12-07,blend75,67791.9038722807,0
shuffled_scenario_selector,2025-12-08,2025-11-10,2025-12-07,mean14,67723.22112242543,0
shuffled_scenario_selector,2025-12-08,2025-11-10,2025-12-07,mean7,67722.33075979268,1
shuffled_scenario_selector,2025-12-09,2025-11-11,2025-12-08,fixed,68611.81400950633,0
shuffled_scenario_selector,2025-12-09,2025-11-11,2025-12-08,blend25,68596.74153055764,0
shuffled_scenario_selector,2025-12-09,2025-11-11,2025-12-08,blend50,68591.9621260459,0
shuffled_scenario_selector,2025-12-09,2025-11-11,2025-12-08,blend75,68511.38864807287,0
shuffled_scenario_selector,2025-12-09,2025-11-11,2025-12-08,mean14,68503.39744580764,1
shuffled_scenario_selector,2025-12-09,2025-11-11,2025-12-08,mean7,68531.86353779135,0
shuffled_scenario_selector,2025-12-10,2025-11-12,2025-12-09,fixed,68835.420383658,0
shuffled_scenario_selector,2025-12-10,2025-11-12,2025-12-09,blend25,68809.51381848736,0
shuffled_scenario_selector,2025-12-10,2025-11-12,2025-12-09,blend50,68776.22164690947,0
shuffled_scenario_selector,2025-12-10,2025-11-12,2025-12-09,blend75,68715.29602915102,0
shuffled_scenario_selector,2025-12-10,2025-11-12,2025-12-09,mean14,68714.96607789738,1
shuffled_scenario_selector,2025-12-10,2025-11-12,2025-12-09,mean7,68747.81666500079,0
shuffled_scenario_selector,2025-12-11,2025-11-13,2025-12-10,fixed,69657.25442635435,0
shuffled_scenario_selector,2025-12-11,2025-11-13,2025-12-10,blend25,69582.82609989801,0
shuffled_scenario_selector,2025-12-11,2025-11-13,2025-12-10,blend50,69582.82609989801,0
shuffled_scenario_selector,2025-12-11,2025-11-13,2025-12-10,blend75,69515.85569657451,0
shuffled_scenario_selector,2025-12-11,2025-11-13,2025-12-10,mean14,69515.2137825193,1
shuffled_scenario_selector,2025-12-11,2025-11-13,2025-12-10,mean7,69529.38281479283,0
shuffled_scenario_selector,2025-12-12,2025-11-14,2025-12-11,fixed,28959.859984341765,0
shuffled_scenario_selector,2025-12-12,2025-11-14,2025-12-11,blend25,28919.57237315413,0
shuffled_scenario_selector,2025-12-12,2025-11-14,2025-12-11,blend50,28905.75450607157,0
shuffled_scenario_selector,2025-12-12,2025-11-14,2025-12-11,blend75,28899.791934454555,0
shuffled_scenario_selector,2025-12-12,2025-11-14,2025-12-11,mean14,28899.791934454555,0
shuffled_scenario_selector,2025-12-12,2025-11-14,2025-12-11,mean7,28894.703290474416,1
shuffled_scenario_selector,2025-12-13,2025-11-15,2025-12-12,fixed,29698.58454785626,0
shuffled_scenario_selector,2025-12-13,2025-11-15,2025-12-12,blend25,29651.730734203014,0
shuffled_scenario_selector,2025-12-13,2025-11-15,2025-12-12,blend50,29649.085313796677,0
shuffled_scenario_selector,2025-12-13,2025-11-15,2025-12-12,blend75,29645.63951380966,0
shuffled_scenario_selector,2025-12-13,2025-11-15,2025-12-12,mean14,29636.95687886436,0
shuffled_scenario_selector,2025-12-13,2025-11-15,2025-12-12,mean7,29636.838190613074,1
shuffled_scenario_selector,2025-12-14,2025-11-16,2025-12-13,fixed,71215.0628094255,0
shuffled_scenario_selector,2025-12-14,2025-11-16,2025-12-13,blend25,71079.11129414367,0
shuffled_scenario_selector,2025-12-14,2025-11-16,2025-12-13,blend50,71076.63199036846,0
shuffled_scenario_selector,2025-12-14,2025-11-16,2025-12-13,blend75,71021.6099024117,0
shuffled_scenario_selector,2025-12-14,2025-11-16,2025-12-13,mean14,71003.06238664773,1
shuffled_scenario_selector,2025-12-14,2025-11-16,2025-12-13,mean7,71025.93227060516,0
shuffled_scenario_selector,2025-12-15,2025-11-17,2025-12-14,fixed,72804.74797561155,0
shuffled_scenario_selector,2025-12-15,2025-11-17,2025-12-14,blend25,72603.27333673676,0
shuffled_scenario_selector,2025-12-15,2025-11-17,2025-12-14,blend50,72602.5809206042,0
shuffled_scenario_selector,2025-12-15,2025-11-17,2025-12-14,blend75,72546.49314757125,0
shuffled_scenario_selector,2025-12-15,2025-11-17,2025-12-14,mean14,72535.75509029259,1
shuffled_scenario_selector,2025-12-15,2025-11-17,2025-12-14,mean7,72552.62530811982,0
shuffled_scenario_selector,2025-12-16,2025-11-18,2025-12-15,fixed,73089.60300142664,0
shuffled_scenario_selector,2025-12-16,2025-11-18,2025-12-15,blend25,72878.49421808602,0
shuffled_scenario_selector,2025-12-16,2025-11-18,2025-12-15,blend50,72882.99408632224,0
shuffled_scenario_selector,2025-12-16,2025-11-18,2025-12-15,blend75,72800.16313045761,0
shuffled_scenario_selector,2025-12-16,2025-11-18,2025-12-15,mean14,72800.16313045761,0
shuffled_scenario_selector,2025-12-16,2025-11-18,2025-12-15,mean7,72794.35604389264,1
shuffled_scenario_selector,2025-12-17,2025-11-19,2025-12-16,fixed,72795.87273960168,0
shuffled_scenario_selector,2025-12-17,2025-11-19,2025-12-16,blend25,72631.45835600617,0
shuffled_scenario_selector,2025-12-17,2025-11-19,2025-12-16,blend50,72567.2549647403,0
shuffled_scenario_selector,2025-12-17,2025-11-19,2025-12-16,blend75,72493.0426341598,0
shuffled_scenario_selector,2025-12-17,2025-11-19,2025-12-16,mean14,72472.42262844523,0
shuffled_scenario_selector,2025-12-17,2025-11-19,2025-12-16,mean7,72443.8980710696,1
shuffled_scenario_selector,2025-12-18,2025-11-20,2025-12-17,fixed,72616.86890238567,0
shuffled_scenario_selector,2025-12-18,2025-11-20,2025-12-17,blend25,72462.60017635999,0
shuffled_scenario_selector,2025-12-18,2025-11-20,2025-12-17,blend50,72420.40497801785,0
shuffled_scenario_selector,2025-12-18,2025-11-20,2025-12-17,blend75,72357.36977170427,0
shuffled_scenario_selector,2025-12-18,2025-11-20,2025-12-17,mean14,72335.5256381765,0
shuffled_scenario_selector,2025-12-18,2025-11-20,2025-12-17,mean7,72307.36096900883,1
shuffled_scenario_selector,2025-12-19,2025-11-21,2025-12-18,fixed,31099.32350050592,0
shuffled_scenario_selector,2025-12-19,2025-11-21,2025-12-18,blend25,31027.738842119063,0
shuffled_scenario_selector,2025-12-19,2025-11-21,2025-12-18,blend50,31017.8354578501,0
shuffled_scenario_selector,2025-12-19,2025-11-21,2025-12-18,blend75,31007.52432170356,0
shuffled_scenario_selector,2025-12-19,2025-11-21,2025-12-18,mean14,30985.726640665864,1
shuffled_scenario_selector,2025-12-19,2025-11-21,2025-12-18,mean7,30986.940912706556,0
shuffled_scenario_selector,2025-12-20,2025-11-22,2025-12-19,fixed,31252.912171402946,0
shuffled_scenario_selector,2025-12-20,2025-11-22,2025-12-19,blend25,31184.02551511498,0
shuffled_scenario_selector,2025-12-20,2025-11-22,2025-12-19,blend50,31145.774410887654,0
shuffled_scenario_selector,2025-12-20,2025-11-22,2025-12-19,blend75,31140.616887757576,0
shuffled_scenario_selector,2025-12-20,2025-11-22,2025-12-19,mean14,31111.648792033877,1
shuffled_scenario_selector,2025-12-20,2025-11-22,2025-12-19,mean7,31120.10746577556,0
shuffled_scenario_selector,2025-12-21,2025-11-23,2025-12-20,fixed,72691.43393318268,0
shuffled_scenario_selector,2025-12-21,2025-11-23,2025-12-20,blend25,72494.31769207868,0
shuffled_scenario_selector,2025-12-21,2025-11-23,2025-12-20,blend50,72445.9214807372,0
shuffled_scenario_selector,2025-12-21,2025-11-23,2025-12-20,blend75,72381.35499253646,0
shuffled_scenario_selector,2025-12-21,2025-11-23,2025-12-20,mean14,72354.7159066558,1
shuffled_scenario_selector,2025-12-21,2025-11-23,2025-12-20,mean7,72371.7273979387,0
oracle_plan_daily,2025-03-07,2025-02-07,2025-03-06,fixed,13903.05055261488,1
oracle_plan_daily,2025-03-07,2025-02-07,2025-03-06,blend25,13938.217219281547,0
oracle_plan_daily,2025-03-07,2025-02-07,2025-03-06,blend50,13938.217219281549,0
oracle_plan_daily,2025-03-07,2025-02-07,2025-03-06,blend75,13966.862953820884,0
oracle_plan_daily,2025-03-07,2025-02-07,2025-03-06,mean14,13977.704715837763,0
oracle_plan_daily,2025-03-07,2025-02-07,2025-03-06,mean7,14012.775142940625,0
oracle_plan_daily,2025-03-08,2025-02-08,2025-03-07,fixed,13569.75113906397,1
oracle_plan_daily,2025-03-08,2025-02-08,2025-03-07,blend25,13598.114579136984,0
oracle_plan_daily,2025-03-08,2025-02-08,2025-03-07,blend50,13597.526848745238,0
oracle_plan_daily,2025-03-08,2025-02-08,2025-03-07,blend75,13597.022009963997,0
oracle_plan_daily,2025-03-08,2025-02-08,2025-03-07,mean14,13597.022009963997,0
oracle_plan_daily,2025-03-08,2025-02-08,2025-03-07,mean7,13621.858184240888,0
oracle_plan_daily,2025-03-09,2025-02-09,2025-03-08,fixed,48834.18607186491,0
oracle_plan_daily,2025-03-09,2025-02-09,2025-03-08,blend25,48868.86546343875,0
oracle_plan_daily,2025-03-09,2025-02-09,2025-03-08,blend50,48879.46928443357,0
oracle_plan_daily,2025-03-09,2025-02-09,2025-03-08,blend75,48874.83256900638,0
oracle_plan_daily,2025-03-09,2025-02-09,2025-03-08,mean14,48727.7367223778,0
oracle_plan_daily,2025-03-09,2025-02-09,2025-03-08,mean7,48719.47738473038,1
oracle_plan_daily,2025-03-10,2025-02-10,2025-03-09,fixed,49365.68581195335,0
oracle_plan_daily,2025-03-10,2025-02-10,2025-03-09,blend25,49376.102478620014,0
oracle_plan_daily,2025-03-10,2025-02-10,2025-03-09,blend50,49376.102478620014,0
oracle_plan_daily,2025-03-10,2025-02-10,2025-03-09,blend75,49381.70462699898,0
oracle_plan_daily,2025-03-10,2025-02-10,2025-03-09,mean14,49291.085679384676,0
oracle_plan_daily,2025-03-10,2025-02-10,2025-03-09,mean7,49235.11596352181,1
oracle_plan_daily,2025-03-11,2025-02-11,2025-03-10,fixed,48050.55694026994,0
oracle_plan_daily,2025-03-11,2025-02-11,2025-03-10,blend25,48070.05694026994,0
oracle_plan_daily,2025-03-11,2025-02-11,2025-03-10,blend50,48050.09080103374,0
oracle_plan_daily,2025-03-11,2025-02-11,2025-03-10,blend75,48106.186544367556,0
oracle_plan_daily,2025-03-11,2025-02-11,2025-03-10,mean14,47998.62356065809,0
oracle_plan_daily,2025-03-11,2025-02-11,2025-03-10,mean7,47994.296243217985,1
oracle_plan_daily,2025-03-12,2025-02-12,2025-03-11,fixed,47171.41262362586,0
oracle_plan_daily,2025-03-12,2025-02-12,2025-03-11,blend25,47163.678024356406,0
oracle_plan_daily,2025-03-12,2025-02-12,2025-03-11,blend50,47171.57080351128,0
oracle_plan_daily,2025-03-12,2025-02-12,2025-03-11,blend75,47169.78913454255,0
oracle_plan_daily,2025-03-12,2025-02-12,2025-03-11,mean14,47102.55174998604,1
oracle_plan_daily,2025-03-12,2025-02-12,2025-03-11,mean7,47133.340578325275,0
oracle_plan_daily,2025-03-13,2025-02-13,2025-03-12,fixed,48052.59645941859,0
oracle_plan_daily,2025-03-13,2025-02-13,2025-03-12,blend25,48002.414596517345,0
oracle_plan_daily,2025-03-13,2025-02-13,2025-03-12,blend50,48000.652711282106,0
oracle_plan_daily,2025-03-13,2025-02-13,2025-03-12,blend75,48003.60672509733,0
oracle_plan_daily,2025-03-13,2025-02-13,2025-03-12,mean14,47814.37847979235,1
oracle_plan_daily,2025-03-13,2025-02-13,2025-03-12,mean7,47867.405327648,0
oracle_plan_daily,2025-03-14,2025-02-14,2025-03-13,fixed,12798.004684670395,0
oracle_plan_daily,2025-03-14,2025-02-14,2025-03-13,blend25,12783.51984766959,1
oracle_plan_daily,2025-03-14,2025-02-14,2025-03-13,blend50,12809.671529068873,0
oracle_plan_daily,2025-03-14,2025-02-14,2025-03-13,blend75,12828.931978068944,0
oracle_plan_daily,2025-03-14,2025-02-14,2025-03-13,mean14,12828.931978068944,0
oracle_plan_daily,2025-03-14,2025-02-14,2025-03-13,mean7,12904.672585617058,0
oracle_plan_daily,2025-03-15,2025-02-15,2025-03-14,fixed,13486.657156756524,0
oracle_plan_daily,2025-03-15,2025-02-15,2025-03-14,blend25,13504.54038844368,0
oracle_plan_daily,2025-03-15,2025-02-15,2025-03-14,blend50,13484.682113837745,0
oracle_plan_daily,2025-03-15,2025-02-15,2025-03-14,blend75,13442.64754462457,0
oracle_plan_daily,2025-03-15,2025-02-15,2025-03-14,mean14,13435.29105317526,1
oracle_plan_daily,2025-03-15,2025-02-15,2025-03-14,mean7,13440.44714578562,0
oracle_plan_daily,2025-03-16,2025-02-16,2025-03-15,fixed,45821.47553482218,1
oracle_plan_daily,2025-03-16,2025-02-16,2025-03-15,blend25,45825.30886815551,0
oracle_plan_daily,2025-03-16,2025-02-16,2025-03-15,blend50,45831.11766739959,0
oracle_plan_daily,2025-03-16,2025-02-16,2025-03-15,blend75,45840.422404571436,0
oracle_plan_daily,2025-03-16,2025-02-16,2025-03-15,mean14,45840.5720232838,0
oracle_plan_daily,2025-03-16,2025-02-16,2025-03-15,mean7,45847.32315944469,0
oracle_plan_daily,2025-03-17,2025-02-17,2025-03-16,fixed,44210.39903595997,0
oracle_plan_daily,2025-03-17,2025-02-17,2025-03-16,blend25,44153.58284372356,0
oracle_plan_daily,2025-03-17,2025-02-17,2025-03-16,blend50,44155.48346728136,0
oracle_plan_daily,2025-03-17,2025-02-17,2025-03-16,blend75,44131.10494096766,1
oracle_plan_daily,2025-03-17,2025-02-17,2025-03-16,mean14,44134.61746970221,0
oracle_plan_daily,2025-03-17,2025-02-17,2025-03-16,mean7,44141.8285077862,0
oracle_plan_daily,2025-03-18,2025-02-18,2025-03-17,fixed,43517.15050284751,1
oracle_plan_daily,2025-03-18,2025-02-18,2025-03-17,blend25,43526.75695850836,0
oracle_plan_daily,2025-03-18,2025-02-18,2025-03-17,blend50,43531.62380438435,0
oracle_plan_daily,2025-03-18,2025-02-18,2025-03-17,blend75,43592.13878517754,0
oracle_plan_daily,2025-03-18,2025-02-18,2025-03-17,mean14,43552.771326213544,0
oracle_plan_daily,2025-03-18,2025-02-18,2025-03-17,mean7,43673.787585291844,0
oracle_plan_daily,2025-03-19,2025-02-19,2025-03-18,fixed,43020.041770988,0
oracle_plan_daily,2025-03-19,2025-02-19,2025-03-18,blend25,42841.95883691878,0
oracle_plan_daily,2025-03-19,2025-02-19,2025-03-18,blend50,42876.536316770726,0
oracle_plan_daily,2025-03-19,2025-02-19,2025-03-18,blend75,42829.43346105045,0
oracle_plan_daily,2025-03-19,2025-02-19,2025-03-18,mean14,42711.04751706774,1
oracle_plan_daily,2025-03-19,2025-02-19,2025-03-18,mean7,42733.59249858439,0
oracle_plan_daily,2025-03-20,2025-02-20,2025-03-19,fixed,44030.28332699677,0
oracle_plan_daily,2025-03-20,2025-02-20,2025-03-19,blend25,44028.47709642494,0
oracle_plan_daily,2025-03-20,2025-02-20,2025-03-19,blend50,43999.35352103402,0
oracle_plan_daily,2025-03-20,2025-02-20,2025-03-19,blend75,43946.639031144725,0
oracle_plan_daily,2025-03-20,2025-02-20,2025-03-19,mean14,43893.23876211877,1
oracle_plan_daily,2025-03-20,2025-02-20,2025-03-19,mean7,43969.74247174881,0
oracle_plan_daily,2025-04-17,2025-03-20,2025-04-16,fixed,35826.09827932272,0
oracle_plan_daily,2025-04-17,2025-03-20,2025-04-16,blend25,35829.73649653208,0
oracle_plan_daily,2025-04-17,2025-03-20,2025-04-16,blend50,35810.621923950326,1
oracle_plan_daily,2025-04-17,2025-03-20,2025-04-16,blend75,35883.1023990196,0
oracle_plan_daily,2025-04-17,2025-03-20,2025-04-16,mean14,35847.50655646526,0
oracle_plan_daily,2025-04-17,2025-03-20,2025-04-16,mean7,35866.54389701098,0
oracle_plan_daily,2025-04-18,2025-03-21,2025-04-17,fixed,10641.481275253647,0
oracle_plan_daily,2025-04-18,2025-03-21,2025-04-17,blend25,10623.329989575157,0
oracle_plan_daily,2025-04-18,2025-03-21,2025-04-17,blend50,10623.329989575157,0
oracle_plan_daily,2025-04-18,2025-03-21,2025-04-17,blend75,10565.855219437024,0
oracle_plan_daily,2025-04-18,2025-03-21,2025-04-17,mean14,10607.88982666042,0
oracle_plan_daily,2025-04-18,2025-03-21,2025-04-17,mean7,10565.855219437022,1
oracle_plan_daily,2025-04-19,2025-03-22,2025-04-18,fixed,10685.224824750674,0
oracle_plan_daily,2025-04-19,2025-03-22,2025-04-18,blend25,10666.058529947872,1
oracle_plan_daily,2025-04-19,2025-03-22,2025-04-18,blend50,10666.058529947872,0
oracle_plan_daily,2025-04-19,2025-03-22,2025-04-18,blend75,10666.058529947872,0
oracle_plan_daily,2025-04-19,2025-03-22,2025-04-18,mean14,10666.058529947872,0
oracle_plan_daily,2025-04-19,2025-03-22,2025-04-18,mean7,10666.058529947872,0
oracle_plan_daily,2025-04-20,2025-03-23,2025-04-19,fixed,35618.26079367003,0
oracle_plan_daily,2025-04-20,2025-03-23,2025-04-19,blend25,35557.32867455099,1
oracle_plan_daily,2025-04-20,2025-03-23,2025-04-19,blend50,35630.71616634657,0
oracle_plan_daily,2025-04-20,2025-03-23,2025-04-19,blend75,35653.368914617415,0
oracle_plan_daily,2025-04-20,2025-03-23,2025-04-19,mean14,35597.87037734511,0
oracle_plan_daily,2025-04-20,2025-03-23,2025-04-19,mean7,35633.51468328736,0
oracle_plan_daily,2025-04-21,2025-03-24,2025-04-20,fixed,35357.39048308913,0
oracle_plan_daily,2025-04-21,2025-03-24,2025-04-20,blend25,35264.814705822195,0
oracle_plan_daily,2025-04-21,2025-03-24,2025-04-20,blend50,35274.39955897847,0
oracle_plan_daily,2025-04-21,2025-03-24,2025-04-20,blend75,35274.39955897847,0
oracle_plan_daily,2025-04-21,2025-03-24,2025-04-20,mean14,35231.485049396,0
oracle_plan_daily,2025-04-21,2025-03-24,2025-04-20,mean7,35189.12374209015,1
oracle_plan_daily,2025-04-22,2025-03-25,2025-04-21,fixed,35531.23979671337,0
oracle_plan_daily,2025-04-22,2025-03-25,2025-04-21,blend25,35449.89478030392,0
oracle_plan_daily,2025-04-22,2025-03-25,2025-04-21,blend50,35441.263254734,0
oracle_plan_daily,2025-04-22,2025-03-25,2025-04-21,blend75,35448.862792110835,0
oracle_plan_daily,2025-04-22,2025-03-25,2025-04-21,mean14,35378.03417551268,1
oracle_plan_daily,2025-04-22,2025-03-25,2025-04-21,mean7,35487.90864700599,0
oracle_plan_daily,2025-04-23,2025-03-26,2025-04-22,fixed,36076.46833577673,0
oracle_plan_daily,2025-04-23,2025-03-26,2025-04-22,blend25,36156.409339510516,0
oracle_plan_daily,2025-04-23,2025-03-26,2025-04-22,blend50,36183.726702151755,0
oracle_plan_daily,2025-04-23,2025-03-26,2025-04-22,blend75,36184.103650318546,0
oracle_plan_daily,2025-04-23,2025-03-26,2025-04-22,mean14,36108.5949931459,0
oracle_plan_daily,2025-04-23,2025-03-26,2025-04-22,mean7,35941.472136877375,1
oracle_plan_daily,2025-04-24,2025-03-27,2025-04-23,fixed,35052.05922750452,0
oracle_plan_daily,2025-04-24,2025-03-27,2025-04-23,blend25,35118.60392112357,0
oracle_plan_daily,2025-04-24,2025-03-27,2025-04-23,blend50,35080.68698633465,0
oracle_plan_daily,2025-04-24,2025-03-27,2025-04-23,blend75,34975.18693270062,1
oracle_plan_daily,2025-04-24,2025-03-27,2025-04-23,mean14,34993.6736577453,0
oracle_plan_daily,2025-04-24,2025-03-27,2025-04-23,mean7,35015.81366054749,0
oracle_plan_daily,2025-04-25,2025-03-28,2025-04-24,fixed,9948.329844436346,1
oracle_plan_daily,2025-04-25,2025-03-28,2025-04-24,blend25,9976.147024183974,0
oracle_plan_daily,2025-04-25,2025-03-28,2025-04-24,blend50,9976.147024183974,0
oracle_plan_daily,2025-04-25,2025-03-28,2025-04-24,blend75,9976.147024183974,0
oracle_plan_daily,2025-04-25,2025-03-28,2025-04-24,mean14,9976.147024183974,0
oracle_plan_daily,2025-04-25,2025-03-28,2025-04-24,mean7,9961.230357517308,0
oracle_plan_daily,2025-04-26,2025-03-29,2025-04-25,fixed,10252.54020556498,0
oracle_plan_daily,2025-04-26,2025-03-29,2025-04-25,blend25,10200.068682892288,0
oracle_plan_daily,2025-04-26,2025-03-29,2025-04-25,blend50,10196.206872231645,1
oracle_plan_daily,2025-04-26,2025-03-29,2025-04-25,blend75,10199.233403620183,0
oracle_plan_daily,2025-04-26,2025-03-29,2025-04-25,mean14,10199.233403620183,0
oracle_plan_daily,2025-04-26,2025-03-29,2025-04-25,mean7,10252.078971630595,0
oracle_plan_daily,2025-04-27,2025-03-30,2025-04-26,fixed,35566.44507391581,0
oracle_plan_daily,2025-04-27,2025-03-30,2025-04-26,blend25,35516.07173650627,0
oracle_plan_daily,2025-04-27,2025-03-30,2025-04-26,blend50,35530.686058403946,0
oracle_plan_daily,2025-04-27,2025-03-30,2025-04-26,blend75,35473.25814352656,1
oracle_plan_daily,2025-04-27,2025-03-30,2025-04-26,mean14,35529.68313118654,0
oracle_plan_daily,2025-04-27,2025-03-30,2025-04-26,mean7,35625.32946580373,0
oracle_plan_daily,2025-04-28,2025-03-31,2025-04-27,fixed,63130.928069799236,0
oracle_plan_daily,2025-04-28,2025-03-31,2025-04-27,blend25,61348.29215394892,0
oracle_plan_daily,2025-04-28,2025-03-31,2025-04-27,blend50,61150.41694527604,1
oracle_plan_daily,2025-04-28,2025-03-31,2025-04-27,blend75,61162.10239630703,0
oracle_plan_daily,2025-04-28,2025-03-31,2025-04-27,mean14,61151.89728907749,0
oracle_plan_daily,2025-04-28,2025-03-31,2025-04-27,mean7,61283.03353625311,0
oracle_plan_daily,2025-04-29,2025-04-01,2025-04-28,fixed,34259.16804912937,0
oracle_plan_daily,2025-04-29,2025-04-01,2025-04-28,blend25,34229.94678522605,1
oracle_plan_daily,2025-04-29,2025-04-01,2025-04-28,blend50,34300.76157286629,0
oracle_plan_daily,2025-04-29,2025-04-01,2025-04-28,blend75,34301.291322313366,0
oracle_plan_daily,2025-04-29,2025-04-01,2025-04-28,mean14,34338.523157934804,0
oracle_plan_daily,2025-04-29,2025-04-01,2025-04-28,mean7,34439.19380821819,0
oracle_plan_daily,2025-04-30,2025-04-02,2025-04-29,fixed,33553.98114435619,1
oracle_plan_daily,2025-04-30,2025-04-02,2025-04-29,blend25,33585.53600931436,0
oracle_plan_daily,2025-04-30,2025-04-02,2025-04-29,blend50,33599.58989284615,0
oracle_plan_daily,2025-04-30,2025-04-02,2025-04-29,blend75,33653.27060462985,0
oracle_plan_daily,2025-04-30,2025-04-02,2025-04-29,mean14,33657.731004015965,0
oracle_plan_daily,2025-04-30,2025-04-02,2025-04-29,mean7,33682.389316032466,0
oracle_plan_daily,2025-06-08,2025-05-11,2025-06-07,fixed,59326.82761029573,0
oracle_plan_daily,2025-06-08,2025-05-11,2025-06-07,blend25,59282.73536671387,0
oracle_plan_daily,2025-06-08,2025-05-11,2025-06-07,blend50,59392.66966330721,0
oracle_plan_daily,2025-06-08,2025-05-11,2025-06-07,blend75,59338.57962435935,0
oracle_plan_daily,2025-06-08,2025-05-11,2025-06-07,mean14,59186.64691044532,0
oracle_plan_daily,2025-06-08,2025-05-11,2025-06-07,mean7,59183.22316408046,1
oracle_plan_daily,2025-06-09,2025-05-12,2025-06-08,fixed,60017.170007317945,0
oracle_plan_daily,2025-06-09,2025-05-12,2025-06-08,blend25,59908.256071571726,0
oracle_plan_daily,2025-06-09,2025-05-12,2025-06-08,blend50,59738.66971507757,1
oracle_plan_daily,2025-06-09,2025-05-12,2025-06-08,blend75,59785.297740324546,0
oracle_plan_daily,2025-06-09,2025-05-12,2025-06-08,mean14,59800.10935670085,0
oracle_plan_daily,2025-06-09,2025-05-12,2025-06-08,mean7,59764.72765685304,0
oracle_plan_daily,2025-06-10,2025-05-13,2025-06-09,fixed,59643.41376025465,0
oracle_plan_daily,2025-06-10,2025-05-13,2025-06-09,blend25,59565.99873237141,0
oracle_plan_daily,2025-06-10,2025-05-13,2025-06-09,blend50,59550.53829544153,0
oracle_plan_daily,2025-06-10,2025-05-13,2025-06-09,blend75,59552.71816699068,0
oracle_plan_daily,2025-06-10,2025-05-13,2025-06-09,mean14,59617.639108459276,0
oracle_plan_daily,2025-06-10,2025-05-13,2025-06-09,mean7,59504.58277520363,1
oracle_plan_daily,2025-06-11,2025-05-14,2025-06-10,fixed,60438.89766044637,0
oracle_plan_daily,2025-06-11,2025-05-14,2025-06-10,blend25,60384.912968554185,0
oracle_plan_daily,2025-06-11,2025-05-14,2025-06-10,blend50,60255.82133965525,0
oracle_plan_daily,2025-06-11,2025-05-14,2025-06-10,blend75,60026.24050655608,1
oracle_plan_daily,2025-06-11,2025-05-14,2025-06-10,mean14,60048.29038679589,0
oracle_plan_daily,2025-06-11,2025-05-14,2025-06-10,mean7,60030.969863083395,0
oracle_plan_daily,2025-06-12,2025-05-15,2025-06-11,fixed,61225.220463287755,0
oracle_plan_daily,2025-06-12,2025-05-15,2025-06-11,blend25,61123.296286837634,0
oracle_plan_daily,2025-06-12,2025-05-15,2025-06-11,blend50,61008.71934665251,0
oracle_plan_daily,2025-06-12,2025-05-15,2025-06-11,blend75,60957.78910795563,0
oracle_plan_daily,2025-06-12,2025-05-15,2025-06-11,mean14,60941.053446238955,1
oracle_plan_daily,2025-06-12,2025-05-15,2025-06-11,mean7,60988.0767568586,0
oracle_plan_daily,2025-06-13,2025-05-16,2025-06-12,fixed,20164.782622141516,1
oracle_plan_daily,2025-06-13,2025-05-16,2025-06-12,blend25,20202.38162571242,0
oracle_plan_daily,2025-06-13,2025-05-16,2025-06-12,blend50,20212.532398211257,0
oracle_plan_daily,2025-06-13,2025-05-16,2025-06-12,blend75,20214.55255151454,0
oracle_plan_daily,2025-06-13,2025-05-16,2025-06-12,mean14,20212.775081563046,0
oracle_plan_daily,2025-06-13,2025-05-16,2025-06-12,mean7,20198.46544874451,0
oracle_plan_daily,2025-06-14,2025-05-17,2025-06-13,fixed,20842.416283858453,0
oracle_plan_daily,2025-06-14,2025-05-17,2025-06-13,blend25,20756.67132897352,0
oracle_plan_daily,2025-06-14,2025-05-17,2025-06-13,blend50,20749.499706769802,0
oracle_plan_daily,2025-06-14,2025-05-17,2025-06-13,blend75,20786.99227184552,0
oracle_plan_daily,2025-06-14,2025-05-17,2025-06-13,mean14,20751.723129119906,0
oracle_plan_daily,2025-06-14,2025-05-17,2025-06-13,mean7,20734.658483902036,1
oracle_plan_daily,2025-06-15,2025-05-18,2025-06-14,fixed,61319.583980193696,0
oracle_plan_daily,2025-06-15,2025-05-18,2025-06-14,blend25,61372.28128207935,0
oracle_plan_daily,2025-06-15,2025-05-18,2025-06-14,blend50,61229.74618627849,0
oracle_plan_daily,2025-06-15,2025-05-18,2025-06-14,blend75,61134.62034368954,0
oracle_plan_daily,2025-06-15,2025-05-18,2025-06-14,mean14,61082.37307022076,1
oracle_plan_daily,2025-06-15,2025-05-18,2025-06-14,mean7,61205.08052619861,0
oracle_plan_daily,2025-06-16,2025-05-19,2025-06-15,fixed,61792.41296686777,0
oracle_plan_daily,2025-06-16,2025-05-19,2025-06-15,blend25,61790.67962328812,0
oracle_plan_daily,2025-06-16,2025-05-19,2025-06-15,blend50,61713.63029443673,0
oracle_plan_daily,2025-06-16,2025-05-19,2025-06-15,blend75,61739.4789893983,0
oracle_plan_daily,2025-06-16,2025-05-19,2025-06-15,mean14,61671.98245995073,0
oracle_plan_daily,2025-06-16,2025-05-19,2025-06-15,mean7,61490.489273846775,1
oracle_plan_daily,2025-06-17,2025-05-20,2025-06-16,fixed,61345.57649965593,0
oracle_plan_daily,2025-06-17,2025-05-20,2025-06-16,blend25,61293.21474957607,0
oracle_plan_daily,2025-06-17,2025-05-20,2025-06-16,blend50,61015.65394926683,0
oracle_plan_daily,2025-06-17,2025-05-20,2025-06-16,blend75,61010.51429273874,0
oracle_plan_daily,2025-06-17,2025-05-20,2025-06-16,mean14,60810.5664549436,1
oracle_plan_daily,2025-06-17,2025-05-20,2025-06-16,mean7,60887.37099133872,0
oracle_plan_daily,2025-06-18,2025-05-21,2025-06-17,fixed,60930.55700097423,0
oracle_plan_daily,2025-06-18,2025-05-21,2025-06-17,blend25,60900.95511658815,0
oracle_plan_daily,2025-06-18,2025-05-21,2025-06-17,blend50,60879.02119644084,0
oracle_plan_daily,2025-06-18,2025-05-21,2025-06-17,blend75,60926.37902581689,0
oracle_plan_daily,2025-06-18,2025-05-21,2025-06-17,mean14,60843.62727552785,0
oracle_plan_daily,2025-06-18,2025-05-21,2025-06-17,mean7,60817.66053992054,1
oracle_plan_daily,2025-06-19,2025-05-22,2025-06-18,fixed,59365.58340174198,0
oracle_plan_daily,2025-06-19,2025-05-22,2025-06-18,blend25,59236.93977001861,0
oracle_plan_daily,2025-06-19,2025-05-22,2025-06-18,blend50,59115.261718213085,0
oracle_plan_daily,2025-06-19,2025-05-22,2025-06-18,blend75,59134.54267490779,0
oracle_plan_daily,2025-06-19,2025-05-22,2025-06-18,mean14,59067.27996030192,1
oracle_plan_daily,2025-06-19,2025-05-22,2025-06-18,mean7,59112.170150635044,0
oracle_plan_daily,2025-06-20,2025-05-23,2025-06-19,fixed,18625.341732230634,1
oracle_plan_daily,2025-06-20,2025-05-23,2025-06-19,blend25,18697.451186051203,0
oracle_plan_daily,2025-06-20,2025-05-23,2025-06-19,blend50,18697.451186051203,0
oracle_plan_daily,2025-06-20,2025-05-23,2025-06-19,blend75,18701.49092104007,0
oracle_plan_daily,2025-06-20,2025-05-23,2025-06-19,mean14,18701.49092104007,0
oracle_plan_daily,2025-06-20,2025-05-23,2025-06-19,mean7,18704.26328818929,0
oracle_plan_daily,2025-06-21,2025-05-24,2025-06-20,fixed,17924.530953410045,1
oracle_plan_daily,2025-06-21,2025-05-24,2025-06-20,blend25,18019.2878901447,0
oracle_plan_daily,2025-06-21,2025-05-24,2025-06-20,blend50,18015.85549735398,0
oracle_plan_daily,2025-06-21,2025-05-24,2025-06-20,blend75,18016.06191418753,0
oracle_plan_daily,2025-06-21,2025-05-24,2025-06-20,mean14,18016.06191418753,0
oracle_plan_daily,2025-06-21,2025-05-24,2025-06-20,mean7,18016.06191418753,0
oracle_plan_daily,2025-08-18,2025-07-21,2025-08-17,fixed,54518.18319845576,0
oracle_plan_daily,2025-08-18,2025-07-21,2025-08-17,blend25,54334.31872528672,0
oracle_plan_daily,2025-08-18,2025-07-21,2025-08-17,blend50,53964.4569845089,0
oracle_plan_daily,2025-08-18,2025-07-21,2025-08-17,blend75,53846.17140488742,0
oracle_plan_daily,2025-08-18,2025-07-21,2025-08-17,mean14,53837.102466610326,1
oracle_plan_daily,2025-08-18,2025-07-21,2025-08-17,mean7,54210.327486475784,0
oracle_plan_daily,2025-08-19,2025-07-22,2025-08-18,fixed,54415.40677079825,0
oracle_plan_daily,2025-08-19,2025-07-22,2025-08-18,blend25,54194.672711890045,0
oracle_plan_daily,2025-08-19,2025-07-22,2025-08-18,blend50,54089.949265469026,1
oracle_plan_daily,2025-08-19,2025-07-22,2025-08-18,blend75,54096.48427590766,0
oracle_plan_daily,2025-08-19,2025-07-22,2025-08-18,mean14,54110.229478747075,0
oracle_plan_daily,2025-08-19,2025-07-22,2025-08-18,mean7,54208.21211941318,0
oracle_plan_daily,2025-08-20,2025-07-23,2025-08-19,fixed,70432.41239032579,0
oracle_plan_daily,2025-08-20,2025-07-23,2025-08-19,blend25,68391.10742832224,0
oracle_plan_daily,2025-08-20,2025-07-23,2025-08-19,blend50,65452.39923478883,0
oracle_plan_daily,2025-08-20,2025-07-23,2025-08-19,blend75,65450.8074496864,0
oracle_plan_daily,2025-08-20,2025-07-23,2025-08-19,mean14,65063.072625321925,1
oracle_plan_daily,2025-08-20,2025-07-23,2025-08-19,mean7,65409.71791900481,0
oracle_plan_daily,2025-08-21,2025-07-24,2025-08-20,fixed,53808.84045674491,0
oracle_plan_daily,2025-08-21,2025-07-24,2025-08-20,blend25,53646.00373908008,0
oracle_plan_daily,2025-08-21,2025-07-24,2025-08-20,blend50,53703.43835049076,0
oracle_plan_daily,2025-08-21,2025-07-24,2025-08-20,blend75,53683.46336237158,0
oracle_plan_daily,2025-08-21,2025-07-24,2025-08-20,mean14,53712.430029038245,0
oracle_plan_daily,2025-08-21,2025-07-24,2025-08-20,mean7,53605.73126276346,1
oracle_plan_daily,2025-08-22,2025-07-25,2025-08-21,fixed,23183.283190149043,0
oracle_plan_daily,2025-08-22,2025-07-25,2025-08-21,blend25,23039.592979293826,0
oracle_plan_daily,2025-08-22,2025-07-25,2025-08-21,blend50,23041.025469846412,0
oracle_plan_daily,2025-08-22,2025-07-25,2025-08-21,blend75,23041.025469846412,0
oracle_plan_daily,2025-08-22,2025-07-25,2025-08-21,mean14,23037.665879588687,1
oracle_plan_daily,2025-08-22,2025-07-25,2025-08-21,mean7,23048.254627512575,0
oracle_plan_daily,2025-08-23,2025-07-26,2025-08-22,fixed,22581.724250941155,0
oracle_plan_daily,2025-08-23,2025-07-26,2025-08-22,blend25,22441.535423854148,1
oracle_plan_daily,2025-08-23,2025-07-26,2025-08-22,blend50,22462.681505591052,0
oracle_plan_daily,2025-08-23,2025-07-26,2025-08-22,blend75,22462.681505591052,0
oracle_plan_daily,2025-08-23,2025-07-26,2025-08-22,mean14,22466.548514586484,0
oracle_plan_daily,2025-08-23,2025-07-26,2025-08-22,mean7,22534.514838924384,0
oracle_plan_daily,2025-08-24,2025-07-27,2025-08-23,fixed,55108.94695320185,0
oracle_plan_daily,2025-08-24,2025-07-27,2025-08-23,blend25,54939.07385430911,0
oracle_plan_daily,2025-08-24,2025-07-27,2025-08-23,blend50,54757.2652354781,0
oracle_plan_daily,2025-08-24,2025-07-27,2025-08-23,blend75,54685.85275317242,0
oracle_plan_daily,2025-08-24,2025-07-27,2025-08-23,mean14,54699.53744999542,0
oracle_plan_daily,2025-08-24,2025-07-27,2025-08-23,mean7,54684.28811666209,1
oracle_plan_daily,2025-08-25,2025-07-28,2025-08-24,fixed,57686.86346393614,0
oracle_plan_daily,2025-08-25,2025-07-28,2025-08-24,blend25,57597.15276632908,0
oracle_plan_daily,2025-08-25,2025-07-28,2025-08-24,blend50,57381.949937773155,0
oracle_plan_daily,2025-08-25,2025-07-28,2025-08-24,blend75,57316.89286378153,0
oracle_plan_daily,2025-08-25,2025-07-28,2025-08-24,mean14,57316.89286378153,0
oracle_plan_daily,2025-08-25,2025-07-28,2025-08-24,mean7,57274.052450694406,1
oracle_plan_daily,2025-08-26,2025-07-29,2025-08-25,fixed,55158.236208261726,0
oracle_plan_daily,2025-08-26,2025-07-29,2025-08-25,blend25,55128.97307676285,1
oracle_plan_daily,2025-08-26,2025-07-29,2025-08-25,blend50,55206.43620694689,0
oracle_plan_daily,2025-08-26,2025-07-29,2025-08-25,blend75,55185.10172496326,0
oracle_plan_daily,2025-08-26,2025-07-29,2025-08-25,mean14,55158.14656129526,0
oracle_plan_daily,2025-08-26,2025-07-29,2025-08-25,mean7,55149.310345313475,0
oracle_plan_daily,2025-08-27,2025-07-30,2025-08-26,fixed,56200.548850022176,0
oracle_plan_daily,2025-08-27,2025-07-30,2025-08-26,blend25,55853.96310266976,0
oracle_plan_daily,2025-08-27,2025-07-30,2025-08-26,blend50,55777.6758140345,1
oracle_plan_daily,2025-08-27,2025-07-30,2025-08-26,blend75,55874.95672941042,0
oracle_plan_daily,2025-08-27,2025-07-30,2025-08-26,mean14,55885.81144658826,0
oracle_plan_daily,2025-08-27,2025-07-30,2025-08-26,mean7,55865.747561529744,0
oracle_plan_daily,2025-08-28,2025-07-31,2025-08-27,fixed,55871.1471497353,0
oracle_plan_daily,2025-08-28,2025-07-31,2025-08-27,blend25,55912.23932809542,0
oracle_plan_daily,2025-08-28,2025-07-31,2025-08-27,blend50,55861.22882557244,0
oracle_plan_daily,2025-08-28,2025-07-31,2025-08-27,blend75,55831.39215489172,1
oracle_plan_daily,2025-08-28,2025-07-31,2025-08-27,mean14,55847.811777843344,0
oracle_plan_daily,2025-08-28,2025-07-31,2025-08-27,mean7,55941.73473729813,0
oracle_plan_daily,2025-08-29,2025-08-01,2025-08-28,fixed,23161.505712433875,0
oracle_plan_daily,2025-08-29,2025-08-01,2025-08-28,blend25,23157.77646634647,1
oracle_plan_daily,2025-08-29,2025-08-01,2025-08-28,blend50,23204.639052599912,0
oracle_plan_daily,2025-08-29,2025-08-01,2025-08-28,blend75,23204.639052599912,0
oracle_plan_daily,2025-08-29,2025-08-01,2025-08-28,mean14,23213.642220327478,0
oracle_plan_daily,2025-08-29,2025-08-01,2025-08-28,mean7,23287.491440250484,0
oracle_plan_daily,2025-08-30,2025-08-02,2025-08-29,fixed,23740.447915692654,0
oracle_plan_daily,2025-08-30,2025-08-02,2025-08-29,blend25,23707.366684393004,0
oracle_plan_daily,2025-08-30,2025-08-02,2025-08-29,blend50,23642.979011805233,0
oracle_plan_daily,2025-08-30,2025-08-02,2025-08-29,blend75,23642.979011805233,0
oracle_plan_daily,2025-08-30,2025-08-02,2025-08-29,mean14,23641.642965740928,1
oracle_plan_daily,2025-08-30,2025-08-02,2025-08-29,mean7,23690.996799266613,0
oracle_plan_daily,2025-08-31,2025-08-03,2025-08-30,fixed,55674.19893324678,0
oracle_plan_daily,2025-08-31,2025-08-03,2025-08-30,blend25,55655.25522489135,0
oracle_plan_daily,2025-08-31,2025-08-03,2025-08-30,blend50,55629.458792536636,0
oracle_plan_daily,2025-08-31,2025-08-03,2025-08-30,blend75,55607.15700528447,1
oracle_plan_daily,2025-08-31,2025-08-03,2025-08-30,mean14,55607.15700528447,0
oracle_plan_daily,2025-08-31,2025-08-03,2025-08-30,mean7,55765.55304172112,0
oracle_plan_daily,2025-09-10,2025-08-13,2025-09-09,fixed,47510.85025577729,1
oracle_plan_daily,2025-09-10,2025-08-13,2025-09-09,blend25,50837.90365725827,0
oracle_plan_daily,2025-09-10,2025-08-13,2025-09-09,blend50,50959.50652186696,0
oracle_plan_daily,2025-09-10,2025-08-13,2025-09-09,blend75,50962.536679538964,0
oracle_plan_daily,2025-09-10,2025-08-13,2025-09-09,mean14,50962.35855369256,0
oracle_plan_daily,2025-09-10,2025-08-13,2025-09-09,mean7,50591.370976542516,0
oracle_plan_daily,2025-09-11,2025-08-14,2025-09-10,fixed,45481.46737043639,0
oracle_plan_daily,2025-09-11,2025-08-14,2025-09-10,blend25,45561.36201847165,0
oracle_plan_daily,2025-09-11,2025-08-14,2025-09-10,blend50,45534.660715525475,0
oracle_plan_daily,2025-09-11,2025-08-14,2025-09-10,blend75,45429.50248263842,0
oracle_plan_daily,2025-09-11,2025-08-14,2025-09-10,mean14,45406.387858216054,0
oracle_plan_daily,2025-09-11,2025-08-14,2025-09-10,mean7,45051.86610150253,1
oracle_plan_daily,2025-09-12,2025-08-15,2025-09-11,fixed,17535.475561862157,0
oracle_plan_daily,2025-09-12,2025-08-15,2025-09-11,blend25,17533.273189508378,0
oracle_plan_daily,2025-09-12,2025-08-15,2025-09-11,blend50,17507.74984611261,0
oracle_plan_daily,2025-09-12,2025-08-15,2025-09-11,blend75,17504.922132250398,0
oracle_plan_daily,2025-09-12,2025-08-15,2025-09-11,mean14,17504.922132250398,0
oracle_plan_daily,2025-09-12,2025-08-15,2025-09-11,mean7,17501.868443989046,1
oracle_plan_daily,2025-09-13,2025-08-16,2025-09-12,fixed,17390.38023697126,0
oracle_plan_daily,2025-09-13,2025-08-16,2025-09-12,blend25,17390.38023697126,0
oracle_plan_daily,2025-09-13,2025-08-16,2025-09-12,blend50,17376.51445056959,0
oracle_plan_daily,2025-09-13,2025-08-16,2025-09-12,blend75,17385.189684695008,0
oracle_plan_daily,2025-09-13,2025-08-16,2025-09-12,mean14,17385.189684695008,0
oracle_plan_daily,2025-09-13,2025-08-16,2025-09-12,mean7,17354.08402892431,1
oracle_plan_daily,2025-09-14,2025-08-17,2025-09-13,fixed,46565.40733316028,0
oracle_plan_daily,2025-09-14,2025-08-17,2025-09-13,blend25,46561.06483214414,0
oracle_plan_daily,2025-09-14,2025-08-17,2025-09-13,blend50,46569.82399982694,0
oracle_plan_daily,2025-09-14,2025-08-17,2025-09-13,blend75,46549.50986836553,0
oracle_plan_daily,2025-09-14,2025-08-17,2025-09-13,mean14,46200.53080206749,1
oracle_plan_daily,2025-09-14,2025-08-17,2025-09-13,mean7,46292.259237460436,0
oracle_plan_daily,2025-09-15,2025-08-18,2025-09-14,fixed,45151.934286461066,0
oracle_plan_daily,2025-09-15,2025-08-18,2025-09-14,blend25,45130.02471796163,0
oracle_plan_daily,2025-09-15,2025-08-18,2025-09-14,blend50,45106.629769661246,0
oracle_plan_daily,2025-09-15,2025-08-18,2025-09-14,blend75,45095.736417677996,0
oracle_plan_daily,2025-09-15,2025-08-18,2025-09-14,mean14,44841.78119317119,1
oracle_plan_daily,2025-09-15,2025-08-18,2025-09-14,mean7,44930.98925926236,0
oracle_plan_daily,2025-09-16,2025-08-19,2025-09-15,fixed,45784.40186685617,0
oracle_plan_daily,2025-09-16,2025-08-19,2025-09-15,blend25,45818.716858665364,0
oracle_plan_daily,2025-09-16,2025-08-19,2025-09-15,blend50,45660.22898316552,0
oracle_plan_daily,2025-09-16,2025-08-19,2025-09-15,blend75,45646.57463249658,0
oracle_plan_daily,2025-09-16,2025-08-19,2025-09-15,mean14,45390.36747225373,1
oracle_plan_daily,2025-09-16,2025-08-19,2025-09-15,mean7,45541.503483439636,0
oracle_plan_daily,2025-09-17,2025-08-20,2025-09-16,fixed,45780.7422242809,0
oracle_plan_daily,2025-09-17,2025-08-20,2025-09-16,blend25,45805.31311246831,0
oracle_plan_daily,2025-09-17,2025-08-20,2025-09-16,blend50,45876.72977913498,0
oracle_plan_daily,2025-09-17,2025-08-20,2025-09-16,blend75,45868.8197161612,0
oracle_plan_daily,2025-09-17,2025-08-20,2025-09-16,mean14,45565.89614101457,0
oracle_plan_daily,2025-09-17,2025-08-20,2025-09-16,mean7,45390.06863678805,1
oracle_plan_daily,2025-09-18,2025-08-21,2025-09-17,fixed,45272.365224789675,0
oracle_plan_daily,2025-09-18,2025-08-21,2025-09-17,blend25,45287.46915981653,0
oracle_plan_daily,2025-09-18,2025-08-21,2025-09-17,blend50,45341.27295136866,0
oracle_plan_daily,2025-09-18,2025-08-21,2025-09-17,blend75,45394.62105861475,0
oracle_plan_daily,2025-09-18,2025-08-21,2025-09-17,mean14,45138.48793668648,0
oracle_plan_daily,2025-09-18,2025-08-21,2025-09-17,mean7,45017.00756380098,1
oracle_plan_daily,2025-09-19,2025-08-22,2025-09-18,fixed,16971.604059946767,0
oracle_plan_daily,2025-09-19,2025-08-22,2025-09-18,blend25,16956.648705310687,0
oracle_plan_daily,2025-09-19,2025-08-22,2025-09-18,blend50,16962.778979172555,0
oracle_plan_daily,2025-09-19,2025-08-22,2025-09-18,blend75,16962.778979172555,0
oracle_plan_daily,2025-09-19,2025-08-22,2025-09-18,mean14,16885.578358167637,1
oracle_plan_daily,2025-09-19,2025-08-22,2025-09-18,mean7,16910.645929590642,0
oracle_plan_daily,2025-09-20,2025-08-23,2025-09-19,fixed,16653.52385422545,0
oracle_plan_daily,2025-09-20,2025-08-23,2025-09-19,blend25,16653.52385422545,0
oracle_plan_daily,2025-09-20,2025-08-23,2025-09-19,blend50,16672.53271908266,0
oracle_plan_daily,2025-09-20,2025-08-23,2025-09-19,blend75,16672.53271908266,0
oracle_plan_daily,2025-09-20,2025-08-23,2025-09-19,mean14,16713.432831326885,0
oracle_plan_daily,2025-09-20,2025-08-23,2025-09-19,mean7,16646.38620643888,1
oracle_plan_daily,2025-09-21,2025-08-24,2025-09-20,fixed,48139.8687316091,0
oracle_plan_daily,2025-09-21,2025-08-24,2025-09-20,blend25,48199.84846036396,0
oracle_plan_daily,2025-09-21,2025-08-24,2025-09-20,blend50,48255.97565272502,0
oracle_plan_daily,2025-09-21,2025-08-24,2025-09-20,blend75,47975.07259096365,0
oracle_plan_daily,2025-09-21,2025-08-24,2025-09-20,mean14,47846.4371678522,1
oracle_plan_daily,2025-09-21,2025-08-24,2025-09-20,mean7,47961.25754928518,0
oracle_plan_daily,2025-09-22,2025-08-25,2025-09-21,fixed,46738.989636245824,0
oracle_plan_daily,2025-09-22,2025-08-25,2025-09-21,blend25,46802.20472940484,0
oracle_plan_daily,2025-09-22,2025-08-25,2025-09-21,blend50,46808.29619838406,0
oracle_plan_daily,2025-09-22,2025-08-25,2025-09-21,blend75,46655.50669560046,0
oracle_plan_daily,2025-09-22,2025-08-25,2025-09-21,mean14,46598.27942718989,0
oracle_plan_daily,2025-09-22,2025-08-25,2025-09-21,mean7,46532.81758543606,1
oracle_plan_daily,2025-09-23,2025-08-26,2025-09-22,fixed,46607.651099989285,1
oracle_plan_daily,2025-09-23,2025-08-26,2025-09-22,blend25,46637.18577971537,0
oracle_plan_daily,2025-09-23,2025-08-26,2025-09-22,blend50,46675.62515355005,0
oracle_plan_daily,2025-09-23,2025-08-26,2025-09-22,blend75,46683.58080738587,0
oracle_plan_daily,2025-09-23,2025-08-26,2025-09-22,mean14,46706.87032584979,0
oracle_plan_daily,2025-09-23,2025-08-26,2025-09-22,mean7,46677.688608553115,0
oracle_plan_daily,2025-12-08,2025-11-10,2025-12-07,fixed,73235.9205425033,0
oracle_plan_daily,2025-12-08,2025-11-10,2025-12-07,blend25,73212.79688023697,0
oracle_plan_daily,2025-12-08,2025-11-10,2025-12-07,blend50,73212.79688023697,0
oracle_plan_daily,2025-12-08,2025-11-10,2025-12-07,blend75,73193.17714665197,0
oracle_plan_daily,2025-12-08,2025-11-10,2025-12-07,mean14,73092.82836129196,1
oracle_plan_daily,2025-12-08,2025-11-10,2025-12-07,mean7,73111.28665907933,0
oracle_plan_daily,2025-12-09,2025-11-11,2025-12-08,fixed,73129.85945074532,0
oracle_plan_daily,2025-12-09,2025-11-11,2025-12-08,blend25,73076.7265595451,0
oracle_plan_daily,2025-12-09,2025-11-11,2025-12-08,blend50,73073.26994134509,0
oracle_plan_daily,2025-12-09,2025-11-11,2025-12-08,blend75,72955.44880699989,1
oracle_plan_daily,2025-12-09,2025-11-11,2025-12-08,mean14,72962.76684605089,0
oracle_plan_daily,2025-12-09,2025-11-11,2025-12-08,mean7,72970.68522164943,0
oracle_plan_daily,2025-12-10,2025-11-12,2025-12-09,fixed,73986.62503167953,0
oracle_plan_daily,2025-12-10,2025-11-12,2025-12-09,blend25,73943.70669916543,0
oracle_plan_daily,2025-12-10,2025-11-12,2025-12-09,blend50,73872.51481064498,0
oracle_plan_daily,2025-12-10,2025-11-12,2025-12-09,blend75,73837.3020152158,0
oracle_plan_daily,2025-12-10,2025-11-12,2025-12-09,mean14,73833.13721661389,1
oracle_plan_daily,2025-12-10,2025-11-12,2025-12-09,mean7,73971.18309352333,0
oracle_plan_daily,2025-12-11,2025-11-13,2025-12-10,fixed,72610.6889158494,0
oracle_plan_daily,2025-12-11,2025-11-13,2025-12-10,blend25,72475.13331740891,0
oracle_plan_daily,2025-12-11,2025-11-13,2025-12-10,blend50,72475.13331740891,0
oracle_plan_daily,2025-12-11,2025-11-13,2025-12-10,blend75,72384.75581740892,0
oracle_plan_daily,2025-12-11,2025-11-13,2025-12-10,mean14,72376.3585797028,1
oracle_plan_daily,2025-12-11,2025-11-13,2025-12-10,mean7,72517.30367445883,0
oracle_plan_daily,2025-12-12,2025-11-14,2025-12-11,fixed,23462.46307536736,0
oracle_plan_daily,2025-12-12,2025-11-14,2025-12-11,blend25,23395.98760172039,1
oracle_plan_daily,2025-12-12,2025-11-14,2025-12-11,blend50,23463.468462987268,0
oracle_plan_daily,2025-12-12,2025-11-14,2025-12-11,blend75,23466.48286670786,0
oracle_plan_daily,2025-12-12,2025-11-14,2025-12-11,mean14,23466.48286670786,0
oracle_plan_daily,2025-12-12,2025-11-14,2025-12-11,mean7,23471.278828966562,0
oracle_plan_daily,2025-12-13,2025-11-15,2025-12-12,fixed,24227.974506608774,0
oracle_plan_daily,2025-12-13,2025-11-15,2025-12-12,blend25,24269.367360555454,0
oracle_plan_daily,2025-12-13,2025-11-15,2025-12-12,blend50,24246.625475651075,0
oracle_plan_daily,2025-12-13,2025-11-15,2025-12-12,blend75,24227.232089137524,0
oracle_plan_daily,2025-12-13,2025-11-15,2025-12-12,mean14,24213.29214231774,1
oracle_plan_daily,2025-12-13,2025-11-15,2025-12-12,mean7,24233.28281312259,0
oracle_plan_daily,2025-12-14,2025-11-16,2025-12-13,fixed,75306.42744599238,0
oracle_plan_daily,2025-12-14,2025-11-16,2025-12-13,blend25,75259.23652139776,0
oracle_plan_daily,2025-12-14,2025-11-16,2025-12-13,blend50,75254.73436737871,1
oracle_plan_daily,2025-12-14,2025-11-16,2025-12-13,blend75,75303.11622163733,0
oracle_plan_daily,2025-12-14,2025-11-16,2025-12-13,mean14,75298.08006313,0
oracle_plan_daily,2025-12-14,2025-11-16,2025-12-13,mean7,75273.91704286823,0
oracle_plan_daily,2025-12-15,2025-11-17,2025-12-14,fixed,76568.29170367276,0
oracle_plan_daily,2025-12-15,2025-11-17,2025-12-14,blend25,76435.66383138158,0
oracle_plan_daily,2025-12-15,2025-11-17,2025-12-14,blend50,76439.58802414365,0
oracle_plan_daily,2025-12-15,2025-11-17,2025-12-14,blend75,76394.21347652932,1
oracle_plan_daily,2025-12-15,2025-11-17,2025-12-14,mean14,76424.23416077504,0
oracle_plan_daily,2025-12-15,2025-11-17,2025-12-14,mean7,76482.90289519915,0
oracle_plan_daily,2025-12-16,2025-11-18,2025-12-15,fixed,76233.83218227423,0
oracle_plan_daily,2025-12-16,2025-11-18,2025-12-15,blend25,76005.4517748574,0
oracle_plan_daily,2025-12-16,2025-11-18,2025-12-15,blend50,76002.03785184535,0
oracle_plan_daily,2025-12-16,2025-11-18,2025-12-15,blend75,75951.18411154559,1
oracle_plan_daily,2025-12-16,2025-11-18,2025-12-15,mean14,75951.18411154559,0
oracle_plan_daily,2025-12-16,2025-11-18,2025-12-15,mean7,75992.77834755859,0
oracle_plan_daily,2025-12-17,2025-11-19,2025-12-16,fixed,75681.92048678479,1
oracle_plan_daily,2025-12-17,2025-11-19,2025-12-16,blend25,75692.43286444918,0
oracle_plan_daily,2025-12-17,2025-11-19,2025-12-16,blend50,75781.16447378836,0
oracle_plan_daily,2025-12-17,2025-11-19,2025-12-16,blend75,75732.03414768934,0
oracle_plan_daily,2025-12-17,2025-11-19,2025-12-16,mean14,75761.31893649412,0
oracle_plan_daily,2025-12-17,2025-11-19,2025-12-16,mean7,75800.32881557006,0
oracle_plan_daily,2025-12-18,2025-11-20,2025-12-17,fixed,74876.29045383671,0
oracle_plan_daily,2025-12-18,2025-11-20,2025-12-17,blend25,74739.09307044228,0
oracle_plan_daily,2025-12-18,2025-11-20,2025-12-17,blend50,74706.36646020765,0
oracle_plan_daily,2025-12-18,2025-11-20,2025-12-17,blend75,74524.79519740261,1
oracle_plan_daily,2025-12-18,2025-11-20,2025-12-17,mean14,74624.36850627384,0
oracle_plan_daily,2025-12-18,2025-11-20,2025-12-17,mean7,74656.6578760956,0
oracle_plan_daily,2025-12-19,2025-11-21,2025-12-18,fixed,24430.66120022676,0
oracle_plan_daily,2025-12-19,2025-11-21,2025-12-18,blend25,24247.254425419138,0
oracle_plan_daily,2025-12-19,2025-11-21,2025-12-18,blend50,24252.004425419138,0
oracle_plan_daily,2025-12-19,2025-11-21,2025-12-18,blend75,24233.64773411624,1
oracle_plan_daily,2025-12-19,2025-11-21,2025-12-18,mean14,24235.073125573846,0
oracle_plan_daily,2025-12-19,2025-11-21,2025-12-18,mean7,24234.89484881769,0
oracle_plan_daily,2025-12-20,2025-11-22,2025-12-19,fixed,24026.35619090875,0
oracle_plan_daily,2025-12-20,2025-11-22,2025-12-19,blend25,23966.78223983218,1
oracle_plan_daily,2025-12-20,2025-11-22,2025-12-19,blend50,24022.75275331631,0
oracle_plan_daily,2025-12-20,2025-11-22,2025-12-19,blend75,24032.972716138018,0
oracle_plan_daily,2025-12-20,2025-11-22,2025-12-19,mean14,24085.80336836512,0
oracle_plan_daily,2025-12-20,2025-11-22,2025-12-19,mean7,24104.365809163693,0
oracle_plan_daily,2025-12-21,2025-11-23,2025-12-20,fixed,74394.4919249329,0
oracle_plan_daily,2025-12-21,2025-11-23,2025-12-20,blend25,74306.60424276844,0
oracle_plan_daily,2025-12-21,2025-11-23,2025-12-20,blend50,74300.56297246103,0
oracle_plan_daily,2025-12-21,2025-11-23,2025-12-20,blend75,74284.63476296815,1
oracle_plan_daily,2025-12-21,2025-11-23,2025-12-20,mean14,74290.10233058085,0
oracle_plan_daily,2025-12-21,2025-11-23,2025-12-20,mean7,74285.82536538942,0
