method,window,period,date,selected_plan,e_start,e_end,plan_kwh,emergency_kwh,plan_cost,emergency_cost,total_cost,paid_grid_spill_kwh,pv_spill_kwh,charge_kwh,discharge_kwh,inventory_adjusted_day_cost,emergency_slots,solver,solve_seconds,max_plan_audit,plan_mutual_count
fixed,dev_march,development,2025-03-07,fixed,1607.6682326867735,1799.9208019068776,34105.28322439623,0.0,14008.337912463983,0.0,14008.337912463983,531.8709466337457,9508.771124961786,15628.04372194356,12485.688102476191,13903.05055261488,0,MILP,0.10423190001165494,1.6484591469634324e-12,0
fixed,dev_march,development,2025-03-08,fixed,1799.9208019068776,1746.895154250794,32969.960558318635,0.0,13541.247898128067,0.0,13541.247898128067,563.4289694779532,10443.300079954146,15514.816184791298,12614.724192571426,13569.75113906397,0,MILP,0.07879619998857379,1.8189894035458565e-12,0
fixed,dev_march,development,2025-03-09,fixed,1746.895154250794,1497.0878818254,76750.47358346674,0.0,48657.964996066505,0.0,48657.964996066505,7712.446859951786,2236.0208166666666,19438.460010690185,15969.979153841905,48834.18607186491,0,LP,0.004233499988913536,9.094947017729282e-13,0
fixed,dev_march,development,2025-03-10,fixed,1497.0878818254,1447.0377217671992,75521.66717870542,0.0,49316.9414253954,0.0,49316.9414253954,3105.2445878812405,360.69671666666625,21361.576674788947,17347.92225063143,49353.08796380294,0,LP,0.004850499972235411,6.821210263296962e-13,0
fixed,dev_march,development,2025-03-11,fixed,1447.0377217671992,1662.895132055023,75262.66522095354,0.0,48203.483376119584,0.0,48203.483376119584,5802.47982500058,1440.661016666667,20454.389000143445,16373.783420857146,48050.12666951531,0,LP,0.005430400022305548,7.736034035588091e-13,0
fixed,dev_march,development,2025-03-12,fixed,1662.895132055023,1466.3308394402127,74693.54267349676,0.0,47034.04083337411,0.0,47034.04083337411,6507.771753599041,2172.9285666666665,19759.029122373908,16181.721452476191,47172.058697138964,0,LP,0.00411890001851134,9.094947017729282e-13,0
fixed,dev_march,development,2025-03-13,fixed,1466.3308394402127,1411.4148678222232,73995.93129645854,73.52254619047426,47548.45323696022,465.8430567662733,48014.29629372649,2437.0919926325582,0.0,21769.306356873603,17682.562523523808,48053.8178769557,2,LP,0.004339699982665479,1.0231815394945443e-12,0
fixed,dev_march,development,2025-03-14,fixed,1411.4148678222232,1920.35807457037,32440.35028776249,0.0,13068.888752193583,0.0,13068.888752193583,386.3359957801317,12578.228842984125,15727.950418902996,12281.590953238094,12798.004684670395,0,MILP,0.09833670000080019,1.5347723092418164e-12,0
fixed,dev_march,development,2025-03-15,fixed,1920.35807457037,1370.7079328285708,31490.085345136977,0.0,13187.485332857172,0.0,13187.485332857172,542.0217663809522,7684.6754266843045,14915.516471786006,12576.253469714286,13486.657156756524,0,MILP,0.08366709999972954,3.069544618483633e-12,0
fixed,dev_march,development,2025-03-16,fixed,1370.7079328285708,1822.317553566139,73654.39127774484,0.0,46140.495111215314,0.0,46140.495111215314,5546.367084458555,488.8266500000001,20324.747112048204,16056.59650209524,45821.47553482218,0,LP,0.004413600021507591,9.094947017729282e-13,0
fixed,dev_march,development,2025-03-17,fixed,1822.317553566139,1941.2955254317476,72292.89841194473,0.0,44291.79878210785,0.0,44291.79878210785,8171.39584364609,2635.277233333333,18531.65119448912,14903.557292857142,44210.39903595997,0,LP,0.004352799995103851,9.094947017729282e-13,0
fixed,dev_march,development,2025-03-18,fixed,1941.2955254317476,1796.3681319396808,70198.11963049616,0.0,43415.931037321745,0.0,43415.931037321745,3916.050307040562,1253.98175,21224.020320693704,17321.89111390476,43517.15050284751,0,LP,0.005372500017983839,9.094947017729282e-13,0
fixed,dev_march,development,2025-03-19,fixed,1796.3681319396808,1986.1235553100555,70013.77680179071,0.0,43151.856206012206,0.0,43151.856206012206,4492.030850397409,1902.2185999999997,20964.615896631396,16810.558995238094,43020.041770988,0,LP,0.004188899998553097,1.0231815394945443e-12,0
fixed,dev_march,development,2025-03-20,fixed,1986.1235553100555,1550.5062194888894,69110.50468185419,50.64200556857077,43375.3701444172,334.94622483052706,43710.316369247725,2437.336416600817,1014.3316833333329,20487.22301611052,16986.706245288573,44015.58583549697,1,LP,0.0045547999907284975,9.601208716958354e-13,0
fixed,dev_april,development,2025-04-17,fixed,1618.0719069862432,1945.3748361206358,60586.326353179305,0.0,36046.37008216521,0.0,36046.37008216521,1816.2643498542097,1838.5459606502077,19834.742402389176,15771.568709714284,35826.09827932272,0,LP,0.004659100028220564,9.094947017729282e-13,0
fixed,dev_april,development,2025-04-18,fixed,1945.3748361206358,2146.0427089597865,26954.930240705464,0.0,10742.513159618442,0.0,10742.513159618442,425.43538914285807,17502.61197581893,13116.655825553202,10443.890133142859,10641.481275253647,0,MILP,0.06619169999612495,1.8189894035458565e-12,0
fixed,dev_april,development,2025-04-19,fixed,2146.0427089597865,2102.49358338201,26817.021450395066,0.0,10663.355379304434,0.0,10663.355379304434,460.78709580952443,17185.327325582595,12765.378905383895,10379.15112638095,10685.224824750674,0,MILP,0.08858659997349605,5.002220859751105e-12,0
fixed,dev_april,development,2025-04-20,fixed,2102.49358338201,1969.5795107566153,59747.4441886408,0.0,35529.08940691601,0.0,35529.08940691601,1745.2272619870696,2416.319024331574,19725.135180798352,16096.982161809523,35618.26079367003,0,LP,0.004511400009505451,9.094947017729282e-13,0
fixed,dev_april,development,2025-04-21,fixed,1969.5795107566153,1477.9647709417982,59458.541821912986,0.0,35032.65098685312,0.0,35032.65098685312,3323.12891760024,4615.290849020582,18135.078619958833,15131.866947999999,35357.39048308913,0,LP,0.004327700007706881,9.094947017729282e-13,0
fixed,dev_april,development,2025-04-22,fixed,1477.9647709417982,1705.933222255025,59504.85570919106,0.0,35669.2333402151,0.0,35669.2333402151,1367.2054475097,2114.6451166666666,19288.96959034803,15418.893762,35515.15801278941,0,LP,0.004481499985558912,7.602807272633072e-13,0
fixed,dev_april,development,2025-04-23,fixed,1705.933222255025,1854.0215778994727,59679.406479073485,0.0,36165.28066013353,0.0,36165.28066013353,2269.3696329582617,2345.5203256754867,18585.89622996355,14921.296426190474,36065.59924107169,0,LP,0.0043141999922227114,1.0231815394945443e-12,0
fixed,dev_april,development,2025-04-24,fixed,1854.0215778994727,1815.1178250148155,58569.88284902175,0.0,35028.95903495897,0.0,35028.95903495897,2881.8494467113474,5185.066208582019,18146.704585918866,14733.844092190477,35054.735348618684,0,LP,0.004941799998050556,9.094947017729282e-13,0
fixed,dev_april,development,2025-04-25,fixed,1815.1178250148155,1757.9912371132332,26130.68592015638,0.0,9921.243356010873,0.0,9921.243356010873,275.16554114285805,21542.94785706643,12440.151584518519,10127.936712571427,9949.042439032011,0,MILP,0.09215099998982623,2.021099337273174e-12,0
fixed,dev_april,development,2025-04-26,fixed,1757.9912371132332,1528.5528376656105,26058.808989927096,0.0,10141.486427671343,0.0,10141.486427671343,55.844195619047696,23790.702848652552,12360.857220131682,10218.788907809521,10252.54020556498,0,MILP,0.08335000000079162,7.16227077646181e-11,0
fixed,dev_april,development,2025-04-27,fixed,1528.5528376656105,1485.078089274073,55806.05916888888,421.9215317190496,32769.71795103319,2768.016208842825,35537.73415987602,1395.4226033274592,2472.5914878600825,20134.85631389182,16348.360887804758,35566.44507391581,1,LP,0.005001700017601252,9.094947017729282e-13,0
fixed,dev_april,development,2025-04-28,fixed,1485.078089274073,1504.9808207925923,55359.6419113933,4712.870446783804,33268.75329225127,29875.89665359737,63144.64994584864,526.7388490487943,0.0,15294.177547868314,12370.371355406669,63130.928069799236,9,LP,0.006154099974082783,8.810729923425242e-13,0
fixed,dev_april,development,2025-04-29,fixed,1504.9808207925923,1708.2381589777765,57695.52719732746,91.64631719332829,33786.26278987742,606.5153271854466,34392.77811706287,2280.3068751122846,4399.810942798355,18373.212503035862,14699.370523092384,34259.16804912937,1,LP,0.004258600005414337,9.094947017729282e-13,0
fixed,dev_april,development,2025-04-30,fixed,1708.2381589777765,1574.2241074687856,57021.52832893709,0.0,33466.00117081689,0.0,33466.00117081689,2684.427912333919,2737.51952542975,18228.100548411523,14885.374090571428,33553.98114435619,0,LP,0.0043528999958653,8.86402062860725e-13,0
fixed,val_june,validation,2025-06-08,fixed,1781.3549957153423,2091.7393678433887,87212.15475059376,19.011776857142877,59417.901733807645,131.58670150204773,59549.48843530969,17048.347067354498,1625.3386999999998,16280.060834286889,12907.503340857142,59326.82761029573,3,LP,0.004242700000759214,9.094947017729282e-13,0
fixed,val_june,validation,2025-06-09,fixed,2091.7393678433887,2138.257540046561,85600.55768052791,26.182083523809524,59853.91208420841,184.1079778854762,60038.020062093885,9990.273379124048,964.5978262504459,19459.41826505819,15720.262439714284,60003.72078910946,2,LP,0.004364199994597584,7.958078640513122e-13,0
fixed,val_june,validation,2025-06-10,fixed,2138.257540046561,2282.374572296298,86109.13882866432,0.0,59749.35941490385,0.0,59749.35941490385,10115.54059810465,458.2999333333329,19932.36176246443,16015.507698571428,59643.41376025465,0,LP,0.00406700000166893,9.094947017729282e-13,0
fixed,val_june,validation,2025-06-11,fixed,2282.374572296298,2422.400642355555,86739.14585020929,2.011921428571327,60517.83627938927,13.950663185713582,60531.78694257498,6125.3137054615,0.0,23186.180455033504,18654.78270552381,60426.973665934995,1,LP,0.004574499995214865,8.526512829121202e-13,0
fixed,val_june,validation,2025-06-12,fixed,2422.400642355555,2566.0141590010576,87550.81384353674,0.0,61331.46358869936,0.0,61331.46358869936,10744.046098071723,448.5068666666666,19876.933055179306,15971.063609714285,61225.22046328776,0,LP,0.003928699996322393,9.094947017729282e-13,0
fixed,val_june,validation,2025-06-13,fixed,2566.0141590010576,2734.6829980497337,39993.47707032922,0.0,20261.94030099058,0.0,20261.94030099058,2186.1517375637877,6867.050122007057,12858.73450323457,10263.77299247619,20164.782622141516,0,LP,0.004527500015683472,8.526512829121202e-13,0
fixed,val_june,validation,2025-06-14,fixed,2734.6829980497337,2707.518913704762,39995.372729863615,0.0,20826.84635701605,0.0,20826.84635701605,2086.145180571431,9432.85866846561,12144.59898282658,9861.572852,20842.416283858453,0,LP,0.0049146999954245985,9.094947017729282e-13,0
fixed,val_june,validation,2025-06-15,fixed,2707.518913704762,3274.0756011640224,88662.27846445503,0.0,61756.662950542974,0.0,61756.662950542974,13451.292645938858,298.84709999999995,19869.80719194474,15584.642806761904,61339.65208761995,0,LP,0.0036487999896053225,8.526512829121202e-13,0
fixed,val_june,validation,2025-06-16,fixed,3274.0756011640224,3108.256751350266,87373.6088789171,0.0,61654.1592923644,0.0,61654.1592923644,10850.552538245738,134.01041666666652,20232.789853528517,16537.796746190477,61777.01738002128,0,LP,0.003822700004093349,9.094947017729282e-13,0
fixed,val_june,validation,2025-06-17,fixed,3108.256751350266,2638.249502263491,86624.1233323539,3.081040857142966,60960.273915664635,21.046590095143603,60981.32050575977,8598.900744894763,82.02935000000014,19643.52413593533,16334.261074285714,61331.83487436591,1,LP,0.0036752999876625836,9.094947017729282e-13,0
fixed,val_june,validation,2025-06-18,fixed,2638.249502263491,2937.999764022223,87422.56425730394,0.0,61136.70289757007,0.0,61136.70289757007,12640.244880777194,88.67290000000003,18397.26495233627,14632.009375809523,60915.473715630345,0,LP,0.004230899998219684,9.094947017729282e-13,0
fixed,val_june,validation,2025-06-19,fixed,2937.999764022223,2684.164723368255,85270.74818475603,48.66240171428569,58838.403693467786,334.32397563485705,59172.72766910264,12153.630595467377,1556.9697499999997,18830.30303995532,15480.996998952378,59357.296045216055,2,LP,0.0043021000165026635,9.094947017729282e-13,0
fixed,val_june,validation,2025-06-20,fixed,2684.164723368255,2910.1708693925957,36665.507066768965,0.0,18738.365262744195,0.0,18738.365262744195,1894.275361809525,9942.38456893827,11709.793445259262,9281.527159238092,18611.987993533352,0,LP,0.004234600026393309,9.094947017729282e-13,0
fixed,val_june,validation,2025-06-21,fixed,2910.1708693925957,3273.515645382012,35206.86527686772,0.0,18123.852132626984,0.0,18123.852132626984,1657.1340441904772,11555.502995288654,12276.197573674306,9616.709736285711,17924.530953410045,0,MILP,0.13061890000244603,2.5579538487363607e-12,0
fixed,val_august,validation,2025-08-18,fixed,2178.160729337569,2168.930028625398,72442.89799171193,132.611270952381,53395.62923482186,1115.5127389771433,54511.14197379901,2431.3564427783695,2044.6419833333339,19545.804476457368,15840.409256571427,54518.18319845576,5,LP,0.006406000000424683,8.668621376273222e-13,0
fixed,val_august,validation,2025-08-19,fixed,2168.930028625398,1852.4128791502637,72283.00706105233,115.82866466666655,53193.5115401163,987.5119954816656,54181.02353559797,2148.776426036449,2802.007333333332,17975.0386888254,14844.64677247619,54421.140962472105,4,LP,0.005872899986570701,8.526512829121202e-13,0
fixed,val_august,validation,2025-08-20,fixed,1852.4128791502637,1630.2109173555552,72871.02814889594,2099.437016692373,54088.80807922131,16170.35038621617,70259.15846543747,816.5785796907725,0.0,19490.406762348033,15987.211243117148,70432.41239032579,11,LP,0.006292100006248802,8.810729923425242e-13,0
fixed,val_august,validation,2025-08-21,fixed,1630.2109173555552,1854.9618214603195,74223.70503470546,0.0,53980.209930799865,0.0,53980.209930799865,2773.6052160975864,1838.26615,18763.89142936978,14996.476244095238,53808.84045674491,0,LP,0.0069377000036183745,9.094947017729282e-13,0
fixed,val_august,validation,2025-08-22,fixed,1854.9618214603195,1486.6533281999998,40303.6915216214,36.176268870474175,22890.479933394883,73.87194103350826,22964.351874428394,74.96739666666656,16787.300608947677,13571.094888483243,11324.064503605714,23183.283190149043,1,MILP,0.13435670000035316,1.0231815394945443e-12,0
fixed,val_august,validation,2025-08-23,fixed,1486.6533281999998,2018.5248978264526,40956.32355367901,0.0,22897.271353670483,0.0,22897.271353670483,293.5958798600827,15060.614300124631,13649.593742265726,10577.486518571428,22581.724250941155,0,MILP,0.14079859998309985,1.1368683772161603e-12,0
fixed,val_august,validation,2025-08-24,fixed,2018.5248978264526,2100.0782866380923,76078.14630069723,0.0,55178.69278616475,0.0,55178.69278616475,4252.593057452084,4261.4937493356865,19774.062950766613,15943.592940190476,55116.96344607631,0,LP,0.008567399985622615,1.0231815394945443e-12,0
fixed,val_august,validation,2025-08-25,fixed,2100.0782866380923,1707.2043083703695,76204.94830689124,194.44487727809246,55730.98425194171,1651.7392593657878,57382.72351130749,1420.112332058792,671.1679166666668,20466.38157483245,16931.35565605524,57686.86346393614,3,LP,0.008467899984680116,9.094947017729282e-13,0
fixed,val_august,validation,2025-08-26,fixed,1707.2043083703695,2289.724857334393,77810.48083583773,0.0,55600.937990611346,0.0,55600.937990611346,5546.897169327447,2347.2462063786024,20332.897803845968,15945.378727047619,55158.236208261726,0,LP,0.006207800004631281,9.094947017729282e-13,0
fixed,val_august,validation,2025-08-27,fixed,2289.724857334393,1885.1668969915347,76984.80180751321,16.225255619048085,55755.491352859244,134.3372614190515,55889.828614278296,3521.03750377895,2044.1890781892992,20451.335677925927,16929.684063428573,56200.548850022176,2,LP,0.007794000004651025,7.673861546209082e-13,0
fixed,val_august,validation,2025-08-28,fixed,1885.1668969915347,1928.8909241407414,76463.18450198119,46.880709523809514,55516.81030758883,388.3171611380952,55905.127468726925,1669.2331361222814,0.0,21229.923513763664,17156.886421714284,55871.1471497353,3,LP,0.005414399987785146,8.242295734817162e-13,0
fixed,val_august,validation,2025-08-29,fixed,1928.8909241407414,1942.5849956095235,41237.63937088066,0.0,23169.69554602252,0.0,23169.69554602252,743.8070314285724,15221.776714796004,14234.26637017989,11517.431095523809,23161.505712433875,0,MILP,0.120548000006238,1.3642420526593924e-12,0
fixed,val_august,validation,2025-08-30,fixed,1942.5849956095235,1681.5598685100535,41316.22081616931,0.0,23595.195894540757,0.0,23595.195894540757,620.7335938142277,19944.003730018812,13019.4014389077,10780.637779904762,23748.99092058354,0,MILP,0.1347716999880504,3.9449332689400766e-12,0
fixed,val_august,validation,2025-08-31,fixed,1681.5598685100535,2386.5437421291017,78295.30179552968,18.217386666666698,56085.99529330196,151.93133572333358,56237.92662902529,4536.673750079955,2629.044000000001,20351.015065925923,15849.836717142858,55700.80999047304,2,LP,0.007187699986388907,9.348077867343818e-13,0
fixed,eval_september,evaluation,2025-09-10,fixed,4786.2408636984155,4596.088809841269,67698.08154233157,296.37601666666484,45826.57312729453,1550.4782996166568,47377.05142691118,3030.138715517931,0.0,20102.405483956492,16454.085290476192,47510.85025577729,4,LP,0.00828650000039488,9.094947017729282e-13,0
fixed,eval_september,evaluation,2025-09-11,fixed,4596.088809841269,4802.587337518519,69292.72779655732,0.0,45621.4232963086,0.0,45621.4232963086,7376.391981236923,4680.02805,18707.22793198706,14967.005949999997,45481.46737043639,0,LP,0.009069799998542294,8.952838470577262e-13,0
fixed,eval_september,evaluation,2025-09-12,fixed,4802.587337518519,5081.5353283544955,35096.85593575714,0.0,17573.089670070796,0.0,17573.089670070796,1114.4127548571428,19754.775256190474,12762.939647142855,10086.927922433333,17428.712640686383,0,MILP,0.10957450000569224,2.595470505184494e-10,0
fixed,eval_september,evaluation,2025-09-13,fixed,5081.5353283544955,5445.944860185186,35163.44751505238,0.0,17574.14102364605,0.0,17574.14102364605,725.114016449148,23648.584592557316,12919.362337184011,10136.714914471428,17388.341585455153,0,MILP,0.10527780000120401,3.637978807091713e-12,0
fixed,eval_september,evaluation,2025-09-14,fixed,5445.944860185186,4487.227906111115,68054.8780643198,0.0,45883.59070573429,0.0,45883.59070573429,5239.808548095237,146.7241269077006,18062.4520946502,15493.431455333332,46553.07773471662,0,LP,0.005975800013402477,1.0231815394945443e-12,0
fixed,eval_september,evaluation,2025-09-15,fixed,4487.227906111115,3986.774659746033,67434.65243069135,0.0,44723.64273783499,0.0,44723.64273783499,5790.8465656507915,3405.924111568486,19059.25811509112,15888.40699495238,45066.730337580244,0,LP,0.0062772000092081726,7.105427357601002e-13,0
fixed,eval_september,evaluation,2025-09-16,fixed,3986.774659746033,3583.5142666084644,67472.52043429276,0.0,45423.07443436827,0.0,45423.07443436827,3415.045558430334,1430.3384217530897,18412.10960315696,15276.74313238095,45705.417954736775,0,LP,0.006467899976996705,7.673861546209082e-13,0
fixed,eval_september,evaluation,2025-09-17,fixed,3583.5142666084644,3671.113625460318,68723.97640009523,7.62916666666672,45735.48047756736,38.19542291666694,45773.67590048403,4892.949583912992,0.0,19998.41136780129,16119.87378495238,45712.33450419761,1,LP,0.006379700003890321,9.094947017729282e-13,0
fixed,eval_september,evaluation,2025-09-18,fixed,3671.113625460318,3584.4259127671953,68750.67448494297,0.0,45113.874370229845,0.0,45113.874370229845,4748.000187830686,1438.4827399271005,19400.83885232804,15792.698411809522,45173.93535599125,0,LP,0.00809849999495782,9.094947017729282e-13,0
fixed,eval_september,evaluation,2025-09-19,fixed,3584.4259127671953,4496.983348915345,35408.8122466549,0.0,17400.263404604873,0.0,17400.263404604873,656.0110295943559,15192.384391969425,13882.962188900648,10423.89768047619,16913.02446446428,0,MILP,0.09969410000485368,2.362159850438022e-12,0
fixed,eval_september,evaluation,2025-09-20,fixed,4496.983348915345,4610.873304386246,34562.68968055261,0.0,16697.63108239267,0.0,16697.63108239267,643.1293042857142,15593.405164015287,13569.581678918279,10888.8602,16637.415754585872,0,MILP,0.10484650000580586,3.637978807091713e-12,0
fixed,eval_september,evaluation,2025-09-21,fixed,4610.873304386246,3822.106488999998,70831.37160496414,0.0,47587.24739538965,0.0,47587.24739538965,6657.11060067372,3438.259664204584,16623.178897895355,14174.66504114286,48136.59538248837,0,LP,0.00862139998935163,9.094947017729282e-13,0
fixed,eval_september,evaluation,2025-09-22,fixed,3822.106488999998,2889.0253054285704,68842.22145939565,0.0,46003.90879754232,0.0,46003.90879754232,3110.8421889512074,2524.7006999999994,18065.430275396826,15472.771588285717,46660.75071354168,0,LP,0.008210600004531443,8.881784197001252e-13,0
fixed,eval_september,evaluation,2025-09-23,fixed,2889.0253054285704,2974.0764144920645,70776.06237700881,6.375,46548.66393116708,44.0799375,46592.74386866709,2958.7159434132855,1785.7420661846013,20235.883083791887,16314.519299714284,46532.90387513691,1,LP,0.008444100007181987,9.094947017729282e-13,0
fixed,eval_december,evaluation,2025-12-08,fixed,1451.3861965089911,1823.0339727153448,97047.73554554262,0.0,73539.80345687535,0.0,73539.80345687535,4296.472355580245,0.0,24050.363551105234,19146.311477809526,73235.9205425033,0,LP,0.009554399992339313,9.663381206337363e-13,0
fixed,eval_december,evaluation,2025-12-09,fixed,1823.0339727153448,1681.167125725927,97025.4308092275,28.02018466666675,72807.03663373034,207.1730520160006,73014.20968574633,5190.994365547322,0.0,24219.381705108757,19745.379343428573,73129.85945074532,2,LP,0.009723399998620152,6.821210263296962e-13,0
fixed,eval_december,evaluation,2025-12-10,fixed,1681.167125725927,1640.7699979100528,97156.0579509171,0.0,73953.31585766921,0.0,73953.31585766921,4351.228607746026,0.0,23439.833113361554,19022.622236857147,73986.62503167953,0,LP,0.008324700000230223,9.094947017729282e-13,0
fixed,eval_december,evaluation,2025-12-11,fixed,1640.7699979100528,1849.5066304476222,97611.2482016355,0.0,72779.32110963792,0.0,72779.32110963792,7002.810531696645,0.0,23470.105266605526,18822.922296666664,72610.6889158494,0,LP,0.007688400015467778,9.094947017729282e-13,0
fixed,eval_december,evaluation,2025-12-12,fixed,1849.5066304476222,1922.1565517195847,50946.63655140623,0.0,23509.787370302518,0.0,23509.787370302518,2013.7868539047677,1328.8133463915274,20127.56809806231,16237.945230285712,23462.46307536736,0,LP,0.009290499991038814,1.0231815394945443e-12,0
fixed,eval_december,evaluation,2025-12-13,fixed,1922.1565517195847,2001.8885422253966,51821.586006790116,0.0,24280.336647571185,0.0,24280.336647571185,2989.16600656555,1132.38245,20156.5546075579,16255.050440666666,24227.974506608774,0,LP,0.009140899986959994,7.958078640513122e-13,0
fixed,eval_december,evaluation,2025-12-14,fixed,2001.8885422253966,1739.627803660316,98139.69736302528,0.0,75089.10147889526,0.0,75089.10147889526,5065.773709824811,0.0,23848.613252152845,19553.41139895238,75306.42744599238,0,LP,0.007316800008993596,6.821210263296962e-13,0
fixed,eval_december,evaluation,2025-12-15,fixed,1739.627803660316,1911.330116133336,100030.52489955556,0.0,76709.60206295438,0.0,76709.60206295438,5856.427744505584,0.0,23947.405827145212,19242.8666387619,76568.29170367276,0,LP,0.007623700017575175,9.094947017729282e-13,0
fixed,eval_december,evaluation,2025-12-16,fixed,1911.330116133336,1830.002305755558,99834.15257543915,0.0,76167.15781345079,0.0,76167.15781345079,5982.549789894176,0.0,23719.50779764021,19285.99634542857,76233.83218227423,0,LP,0.008821700001135468,7.958078640513122e-13,0
fixed,eval_december,evaluation,2025-12-17,fixed,1830.002305755558,1875.848881186245,99460.17511320517,0.0,75719.4197189186,0.0,75719.4197189186,6785.611360997062,0.0,23376.077724493818,18893.36103895238,75681.92048678479,0,LP,0.005646799982059747,1.0231815394945443e-12,0
fixed,eval_december,evaluation,2025-12-18,fixed,1875.848881186245,1865.7872980433888,98902.3976058154,0.0,74868.0547461868,0.0,74868.0547461868,7016.272324981762,0.0,23836.38809997649,19316.529785809525,74876.29045383671,0,LP,0.007366699981503189,9.094947017729282e-13,0
fixed,eval_december,evaluation,2025-12-19,fixed,1865.7872980433888,1694.2762466719578,52224.09750531099,0.0,24318.735660767536,0.0,24318.735660767536,3939.551142121111,1810.65698271605,19578.200140569068,16012.702060095236,24430.66120022676,0,LP,0.008714399999007583,1.0231815394945443e-12,0
fixed,eval_december,evaluation,2025-12-20,fixed,1694.2762466719578,1872.7814958687843,52488.170953038214,0.0,24141.862251901228,0.0,24141.862251901228,3787.406857936509,1821.318116666667,20328.62633767313,16305.532609238091,24026.35619090875,0,LP,0.00849839998409152,9.094947017729282e-13,0
fixed,eval_december,evaluation,2025-12-21,fixed,1872.7814958687843,1866.898438401062,98124.13097516519,0.0,74389.67329640663,0.0,74389.67329640663,4552.921012656077,0.0,23888.014987175782,19354.58689133333,74394.4919249329,0,LP,0.007532299990998581,9.094947017729282e-13,0
mean7,dev_march,development,2025-03-07,mean7,1607.6682326867735,1808.2773627661372,34204.04107473368,0.0,14122.63898379,0.0,14122.63898379,550.6903033004121,9489.951768295117,16108.23817228101,12867.124702476189,14012.775142940625,0,MILP,0.17398320001666434,3.467448550509289e-12,0
mean7,dev_march,development,2025-03-08,mean7,1808.2773627661372,1746.895154250794,32960.675490697235,0.0,13590.144166921504,0.0,13590.144166921504,530.8883921446202,10478.911097945915,15489.37090317813,12601.634419238095,13623.13936746744,0,MILP,0.14140030002454296,1.8189894035458565e-12,0
mean7,dev_march,development,2025-03-09,mean7,1746.895154250794,1557.369274065611,76853.87114620223,0.0,48585.780498432374,0.0,48585.780498432374,7742.26806506878,2093.227828646677,20291.702603439157,16606.85240095238,48719.47738473038,0,LP,0.008249799982877448,9.094947017729282e-13,0
mean7,dev_march,development,2025-03-10,mean7,1557.369274065611,1449.0327087386274,75454.68785399408,0.0,49156.874618939124,0.0,49156.874618939124,3092.2254829653084,360.69671666666625,21353.66901661258,17393.974812250475,49235.11596352181,0,LP,0.008221900003263727,6.821210263296962e-13,0
mean7,dev_march,development,2025-03-11,mean7,1449.0327087386274,1660.3619091830622,75260.44856876307,0.0,48144.43586615824,0.0,48144.43586615824,5778.812809918864,1440.661016666667,20588.735061987063,16486.679119809527,47994.296243217985,0,LP,0.008658700011437759,7.736034035588091e-13,0
mean7,dev_march,development,2025-03-12,mean7,1660.3619091830622,1460.346006057144,74725.50240643973,0.0,46992.89916192553,0.0,46992.89916192553,6603.468989044076,2063.319184865368,20016.809800054107,16393.630250857146,47133.340578325275,0,LP,0.005287100007990375,9.094947017729282e-13,0
mean7,dev_march,development,2025-03-13,mean7,1460.346006057144,1411.4148678222232,74106.71190236801,31.119295977142656,47638.703742939855,193.14775464433777,47831.8514975842,2422.8855252674803,0.0,22175.608846433865,18006.28119002286,47867.06595332949,2,LP,0.006192200002260506,8.588685318500211e-13,0
mean7,dev_march,development,2025-03-14,mean7,1411.4148678222232,1920.35807457037,32440.350287762492,0.0,13175.556653140246,0.0,13175.556653140246,318.9471004467981,12651.787994572604,15695.475385981183,12255.286176571426,12904.672585617058,0,MILP,0.17099150002468377,2.2737367544323206e-12,0
mean7,dev_march,development,2025-03-15,mean7,1920.35807457037,1370.7079328285708,31490.085345136977,0.0,13141.275321886267,0.0,13141.275321886267,582.2605277142854,7639.142219647267,14943.38197548971,12598.824527714285,13440.44714578562,0,MILP,0.15778140001930296,1.5158245029548803e-12,0
mean7,dev_march,development,2025-03-16,mean7,1370.7079328285708,1823.10229712487,73741.59287931057,0.0,46166.897083101896,0.0,46166.897083101896,5513.327351874188,488.8266500000001,20953.87903282305,16565.487088720005,45847.32315944469,0,LP,0.0066568999900482595,1.0231815394945443e-12,0
mean7,dev_march,development,2025-03-17,mean7,1823.10229712487,1958.8960840984132,72388.69416444951,0.0,44234.89671718511,0.0,44234.89671718511,7979.77333126632,2805.418361700175,19069.245420386826,15323.874382237145,44141.99229450264,0,LP,0.005775700003141537,9.094947017729282e-13,0
mean7,dev_march,development,2025-03-18,mean7,1958.8960840984132,1827.9724392825412,70178.56345419987,0.0,43585.5298195425,0.0,43585.5298195425,3869.8011703057036,1253.98175,21298.176039798935,17369.353872571428,43676.968856936575,0,LP,0.005805699998745695,1.0231815394945443e-12,0
mean7,dev_march,development,2025-03-19,mean7,1827.9724392825412,2060.98474157037,69978.66090474308,0.0,42903.13474362353,0.0,42903.13474362353,4383.967977348614,1902.2185999999997,21143.646343870663,16916.64246647619,42741.271728410466,0,LP,0.005542900005821139,8.952838470577262e-13,0
mean7,dev_march,development,2025-03-20,mean7,2060.98474157037,1550.5062194888894,69027.32558600939,35.58052725809455,43376.682597201194,235.32960728503733,43612.01220448624,2436.8978742386776,1014.3316833333329,20327.08109948501,16924.36636045619,43969.74247174881,1,LP,0.006646599998930469,9.601208716958354e-13,0
mean7,dev_april,development,2025-04-17,mean7,1618.0719069862432,1997.2523229619082,60737.177014785426,0.0,36121.7287621462,0.0,36121.7287621462,1850.4821544585582,1752.042219107586,20658.14693074309,16391.836639523808,35866.54389701098,0,LP,0.008139700017636642,9.094947017729282e-13,0
mean7,dev_april,development,2025-04-18,mean7,1997.2523229619082,2146.0427089597865,26897.288588659605,0.0,10650.91460201991,0.0,10650.91460201991,432.5333284761913,17492.553124650207,13074.597920009403,10456.512967809525,10576.001897459671,0,MILP,0.10972000000765547,2.6147972675971687e-11,0
mean7,dev_april,development,2025-04-19,mean7,2146.0427089597865,2102.49358338201,26817.021450395066,0.0,10644.189084501631,0.0,10644.189084501631,502.6140351428577,17138.474211944736,12791.83245435509,10400.578501047616,10666.058529947872,0,MILP,0.14398870000150055,7.044320682325633e-11,0
mean7,dev_april,development,2025-04-20,mean7,2102.49358338201,2004.9647056825395,59893.79465677366,0.0,35568.08304688317,0.0,35568.08304688317,1824.0274476566751,2296.7300092592614,20542.464770810107,16727.172454285716,35633.51468328736,0,LP,0.005698499997379258,9.094947017729282e-13,0
mean7,dev_april,development,2025-04-21,mean7,2004.9647056825395,1556.635825121692,59565.82752857378,0.0,34899.397511498326,0.0,34899.397511498326,3333.080796787777,4531.779607807178,18881.856490264538,15697.799749619046,35195.544235813846,0,LP,0.008176100003765896,9.094947017729282e-13,0
mean7,dev_april,development,2025-04-22,mean7,1556.635825121692,1700.3999453449717,59562.37393252675,0.0,35585.0734247104,0.0,35585.0734247104,1375.9065380117645,2114.6451166666666,19944.76448937213,16025.871528190475,35487.90864700599,0,LP,0.007280699996044859,9.094947017729282e-13,0
mean7,dev_april,development,2025-04-23,mean7,1700.3999453449717,1839.7115881841248,59834.213665941206,0.0,36024.71298042296,0.0,36024.71298042296,2282.318415319226,2317.434086154025,19521.915627610815,15687.371179809523,35930.93935325552,0,LP,0.005668900004820898,9.094947017729282e-13,0
mean7,dev_april,development,2025-04-24,mean7,1839.7115881841248,1811.7563899714291,58730.270002601996,0.0,34997.291489699695,0.0,34997.291489699695,2763.623562070548,5304.634016666667,18931.923169769547,15360.017445904761,35015.81366054749,0,LP,0.008203200006391853,9.094947017729282e-13,0
mean7,dev_april,development,2025-04-25,mean7,1811.7563899714291,1757.9912371132332,26134.420847982365,0.0,9935.18181410262,0.0,9935.18181410262,276.4841164761913,21542.75187632569,12437.97811975191,10123.150914571426,9961.345147199358,0,MILP,0.1483742000127677,2.7853275241795927e-11,0
mean7,dev_april,development,2025-04-26,mean7,1757.9912371132332,1528.5528376656105,26058.808989927096,0.0,10141.02519373696,0.0,10141.02519373696,38.131557619047726,23809.58066188712,12354.724718897114,10213.821581809521,10252.078971630595,0,MILP,0.15446039999369532,8.08597633294994e-12,0
mean7,dev_april,development,2025-04-27,mean7,1528.5528376656105,1485.078089274073,55806.05916888888,411.3873713276225,32897.711702169065,2698.9068495948673,35596.61855176393,1556.6705794285708,2312.4665545326293,20073.502613022923,16298.66439010095,35625.32946580373,1,LP,0.006581900001037866,8.810729923425242e-13,0
mean7,dev_april,development,2025-04-28,mean7,1485.078089274073,1504.9808207925923,55359.6419113933,4435.1321416571345,33261.08059926922,28035.6748130333,61296.75541230252,182.88320895238041,0.0,15642.1635213933,12652.23999396191,61283.03353625311,12,LP,0.005799499980639666,9.094947017729282e-13,0
mean7,dev_april,development,2025-04-29,mean7,1504.9808207925923,1708.2381589777765,57695.52719732746,96.27080951237485,33935.6836587988,637.1202173528968,34572.803876151695,2043.62815207995,4646.779830463265,18343.393175069956,14675.216867440004,34439.19380821819,1,LP,0.006479800009401515,8.952838470577262e-13,0
mean7,dev_april,development,2025-04-30,mean7,1708.2381589777765,1638.3538020497374,57021.5283289371,0.0,33636.510366742375,0.0,33636.510366742375,2016.4083002222221,3357.443145504997,18177.46511111464,14786.642661238093,33682.389316032466,0,LP,0.00685239999438636,8.86402062860725e-13,0
mean7,val_june,validation,2025-06-08,mean7,1781.3549957153423,2168.5444668285722,86851.65452567783,19.011776857142877,59329.39505745775,131.58670150204773,59460.981758959795,16754.182441733097,1846.0099666666665,14405.684755087603,11320.134127619047,59183.22316408046,3,LP,0.00612639999599196,9.094947017729282e-13,0
mean7,val_june,validation,2025-06-09,mean7,2168.5444668285722,2158.59677504762,85337.00364660905,26.182083523809524,59573.28494116941,184.1079778854762,59757.39291905489,9959.425201823638,981.6363156096456,18412.444220890055,14923.032741523808,59764.72765685304,2,LP,0.0077631000021938235,6.821210263296962e-13,0
mean7,val_june,validation,2025-06-10,mean7,2158.59677504762,2333.217336100531,85896.75485483598,0.0,59637.62217532497,0.0,59637.62217532497,10041.68915973428,458.2999333333329,19058.75275519694,15280.431226761904,59509.25227089964,0,LP,0.007773499994073063,9.094947017729282e-13,0
mean7,val_june,validation,2025-06-11,mean7,2333.217336100531,2446.1562815566153,86497.30005293591,2.011921428571327,60101.55703580572,13.950663185713582,60115.50769899143,6068.136095403885,0.0,22342.55005991299,17995.820497619046,60030.969863083395,1,LP,0.005048300023190677,8.526512829121202e-13,0
mean7,val_june,validation,2025-06-12,mean7,2446.1562815566153,2602.310028023281,87227.27237338154,0.0,61109.40406178388,0.0,61109.40406178388,10616.774849328634,541.7576999999998,18293.736941576713,14677.388550857142,60993.88386245404,0,LP,0.005017299990868196,9.094947017729282e-13,0
mean7,val_june,validation,2025-06-13,mean7,2602.310028023281,2575.636351815873,39870.784257312174,0.0,20188.263742981435,0.0,20188.263742981435,1700.8743562304544,7516.404527204,12274.726223496767,9966.534549619048,20203.628480660904,0,LP,0.008925700007239357,8.526512829121202e-13,0
mean7,val_june,validation,2025-06-14,mean7,2575.636351815873,2621.9770834973533,40161.01455702763,0.0,20731.87915139123,0.0,20731.87915139123,1845.078009523812,9772.498067656676,12149.416164914754,9799.320435067613,20705.31754184308,0,LP,0.008164300001226366,9.094947017729282e-13,0
mean7,val_june,validation,2025-06-15,mean7,2621.9770834973533,3274.0756011640224,88655.19257128982,0.0,61685.053972073,0.0,61685.053972073,13393.37323958025,298.84709999999995,19732.15385513815,15396.155956761902,61205.08052619861,0,LP,0.0068208999873604625,8.526512829121202e-13,0
mean7,val_june,validation,2025-06-16,mean7,3274.0756011640224,3169.124030929103,87193.37376454085,0.0,61398.598300270256,0.0,61398.598300270256,10706.065882563205,271.4355833333334,19033.03102731099,15511.211545333332,61476.35875530979,0,LP,0.00540779999573715,9.094947017729282e-13,0
mean7,val_june,validation,2025-06-17,mean7,3169.124030929103,2703.398861549207,86364.67990742621,0.0,60540.05004255258,0.0,60540.05004255258,8366.83674970018,194.24276666666685,18872.325404392697,15705.736229999999,60887.37099133872,0,LP,0.006558199995197356,9.094947017729282e-13,0
mean7,val_june,validation,2025-06-18,mean7,2703.398861549207,2982.7942848275147,87152.17912865608,0.0,61021.27475371561,0.0,61021.27475371561,12644.475697422693,88.67290000000003,17048.33552780482,13557.695896571428,60815.06835854217,0,LP,0.005047300015576184,9.094947017729282e-13,0
mean7,val_june,validation,2025-06-19,mean7,2982.7942848275147,2739.674852192594,85047.43832933922,48.66240171428569,58601.06932509233,334.32397563485705,58935.393300727184,12027.547591402708,1736.3104999999996,17323.92594222222,14251.187502571427,59112.170150635044,2,LP,0.005579999997280538,9.094947017729282e-13,0
mean7,val_june,validation,2025-06-20,mean7,2739.674852192594,2884.6010395206395,36603.82914585303,0.0,18783.545444915133,0.0,18783.545444915133,1407.5243536190487,10477.99097560494,11512.102094914755,9194.36912828571,18702.506162958238,0,LP,0.0056714999955147505,9.094947017729282e-13,0
mean7,val_june,validation,2025-06-21,mean7,2884.6010395206395,3117.437340286773,35252.93467776476,0.0,18137.9645084634,0.0,18137.9645084634,1836.381907809525,11560.886014392712,12165.124657226337,9644.198301663811,18010.23677133868,0,MILP,0.19702290001441725,8.736833478906192e-11,0
mean7,val_august,validation,2025-08-18,mean7,2178.160729337569,2168.930028625399,72442.89799171193,132.611270952381,53087.77352284189,1115.5127389771433,54203.286261819034,2418.8424443174636,2044.6419833333339,19611.667626251612,15893.758407904761,54210.327486475784,5,LP,0.005690200021490455,8.668621376273222e-13,0
mean7,val_august,validation,2025-08-19,mean7,2168.930028625399,1852.4128791502637,72283.00706105233,115.82866466666655,52987.918941473385,987.5119954816656,53975.430936955054,1825.8608945855372,3133.5257974661963,17929.760095762493,14807.971112095238,54215.54836382919,4,LP,0.005344400007743388,8.526512829121202e-13,0
mean7,val_august,validation,2025-08-20,mean7,1852.4128791502637,1630.2109173555552,72871.02814889594,1780.3983999723646,53870.87987228345,11365.584121833052,65236.4639941165,414.5755492380955,0.0,19927.06157146738,16340.901638503823,65409.71791900481,12,LP,0.005439400003524497,8.810729923425242e-13,0
mean7,val_august,validation,2025-08-21,mean7,1630.2109173555552,1854.96182146032,74223.70503470546,0.0,53777.100736818415,0.0,53777.100736818415,2614.69657430923,2001.7503555696594,18739.809514731336,14976.969893238094,53605.73126276346,0,LP,0.005769199982751161,9.094947017729282e-13,0
mean7,val_august,validation,2025-08-22,mean7,1854.96182146032,1486.6533281999998,40303.6915216214,33.57257334380747,22760.768117023872,68.55519476805485,22829.323311791926,113.67007933333377,16748.59792628101,13557.391227816577,11312.964538465714,23048.254627512575,1,MILP,0.1090682000212837,1.9326762412674725e-12,0
mean7,val_august,validation,2025-08-23,mean7,1486.6533281999998,1916.1332087280416,40956.32355367901,0.0,22789.315320319434,0.0,22789.315320319434,396.99316747913,15072.660064663138,13527.011995060553,10570.347823523809,22534.514838924384,0,MILP,0.12688920000800863,1.8189894035458565e-12,0
mean7,val_august,validation,2025-08-24,mean7,1916.1332087280416,2100.0782866380923,76191.91484413992,0.0,54807.279259693736,0.0,54807.279259693736,4229.894518825398,4279.161608546739,19914.30875429159,15965.039520857143,54668.04766628773,0,LP,0.007272699993336573,1.0231815394945443e-12,0
mean7,val_august,validation,2025-08-25,mean7,2100.0782866380923,1707.2043083703695,76191.10289141079,194.44487727809246,55318.17323869997,1651.7392593657878,56969.91249806576,1195.8901647724842,920.9743325373406,20258.85702712286,16763.26077241047,57274.052450694406,3,LP,0.005377900000894442,9.094947017729282e-13,0
mean7,val_august,validation,2025-08-26,mean7,1707.2043083703695,2289.7248573343904,77758.3581165138,0.0,55592.012127663096,0.0,55592.012127663096,5241.180835753079,2647.3793983303935,20087.952658049377,15746.97315895238,55149.310345313475,0,LP,0.006700700003420934,9.094947017729282e-13,0
mean7,val_august,validation,2025-08-27,mean7,2289.7248573343904,1868.6339772031754,76984.80180751323,1.3456278095239895,55530.97953964914,11.34969775943009,55542.329237408565,3149.673414190475,2413.5014,20462.134455703705,16953.310701238093,55865.747561529744,1,LP,0.00816810000105761,7.673861546209082e-13,0
mean7,val_august,validation,2025-08-28,mean7,1868.6339772031754,1928.8909241407414,76481.55441285713,46.880709523809514,55595.5082108034,388.3171611380952,55983.82537194149,1685.4176598259883,0.0,21163.111720935914,17087.889241714285,55936.99642200482,3,LP,0.007456999999703839,8.242295734817162e-13,0
mean7,val_august,validation,2025-08-29,mean7,1928.8909241407414,1784.4022373777775,41237.63937088066,0.0,23201.078987772173,0.0,23201.078987772173,880.3741773333343,15249.610070510289,14118.287321703701,11565.852548666666,23287.491440250484,0,MILP,0.11438460001954809,7.958078640513122e-13,0
mean7,val_august,validation,2025-08-30,mean7,1784.4022373777775,1574.0628858211626,41491.9794364268,0.0,23554.56616480929,0.0,23554.56616480929,762.0543517860101,19914.160596291593,13117.631954825394,10814.587299809524,23678.49732197388,0,MILP,0.11806380000780337,8.021237994802909e-12,0
mean7,val_august,validation,2025-08-31,mean7,1574.0628858211626,2395.7523527111116,78414.74288740623,26.50513619047615,56173.26556791876,218.3203532838092,56391.58592120257,4536.673750079958,2629.044000000001,20470.45615780247,15841.548967619048,55765.55304172112,3,LP,0.005692699982319027,9.348077867343818e-13,0
mean7,eval_september,evaluation,2025-09-10,mean7,4786.2408636984155,5238.316696867728,67860.3791468054,968.5033833333317,45742.04806146357,5167.422119424991,50909.47018088856,3143.402825229861,0.0,20855.856868718398,16486.375813809525,50591.370976542516,7,LP,0.006783400021959096,9.094947017729282e-13,0
mean7,eval_september,evaluation,2025-09-11,mean7,5238.316696867728,5267.832231968257,68579.1412554168,0.0,45187.745414369485,0.0,45187.745414369485,6862.961672665488,4680.02805,18492.11456751322,14952.048818095234,45167.741039088585,0,LP,0.005743599991546944,9.094947017729282e-13,0
mean7,eval_september,evaluation,2025-09-12,mean7,5267.832231968257,5091.8495524444415,34678.13553075238,0.0,17410.78387866698,0.0,17410.78387866698,1114.4127548571428,19771.312085201527,12627.046854027038,10386.292363333332,17501.868443989046,0,MILP,0.08459660000517033,1.9326762412674725e-12,0
mean7,eval_september,evaluation,2025-09-13,mean7,5091.8495524444415,5503.060397386243,35154.16471337143,0.0,17563.745789373785,0.0,17563.745789373785,650.3203497824813,23643.889300605522,13067.17799580247,10214.324416152378,17354.08402892431,0,MILP,0.11771920000319369,4.663595626671179e-12,0
mean7,eval_september,evaluation,2025-09-14,mean7,5503.060397386243,5017.729710634924,67991.41635631863,0.0,45953.34523561001,0.0,45953.34523561001,4629.763650476189,156.4725878600807,18645.542031887126,15539.68666390476,46292.259237460436,0,LP,0.006705999985570088,1.0231815394945443e-12,0
mean7,eval_september,evaluation,2025-09-15,mean7,5017.729710634924,4346.819261216931,66845.20598122045,0.0,44483.19185760012,0.0,44483.19185760012,5450.783866126983,3343.6896110922958,18881.690921810696,15897.989051142855,44943.13703211281,0,LP,0.006020600005285814,7.105427357601002e-13,0
mean7,eval_september,evaluation,2025-09-16,mean7,4346.819261216931,3962.9858893227524,67072.47087710288,0.0,45277.021555688676,0.0,45277.021555688676,2963.7135246208118,1430.3384217530897,18589.99464263374,15403.345695238095,45545.763210707955,0,LP,0.006835999985923991,7.673861546209082e-13,0
mean7,eval_september,evaluation,2025-09-17,mean7,3962.9858893227524,4272.116691571428,68302.34126374603,7.62916666666672,45573.89542539511,38.19542291666694,45612.090848311775,4246.706717246327,0.0,20131.197848118747,16028.05253495238,45395.62219724389,1,LP,0.0051725999801419675,9.094947017729282e-13,0
mean7,eval_september,evaluation,2025-09-18,mean7,4272.116691571428,4102.204983957672,68082.89330037507,0.0,44899.28540532378,0.0,44899.28540532378,4103.582394669018,1526.2655031651957,19210.078014350383,15713.08372847619,45017.00756380098,0,LP,0.005868000007467344,9.094947017729282e-13,0
mean7,eval_september,evaluation,2025-09-19,mean7,4102.204983957672,4563.487342973546,34833.502167554376,0.0,17156.936978032616,0.0,17156.936978032616,480.1960529276891,15281.194618636091,13450.552927419167,10479.793748095237,16910.645929590642,0,MILP,0.09678900000290014,2.589533525881254e-12,0
mean7,eval_september,evaluation,2025-09-20,mean7,4563.487342973546,4627.468890444444,34488.79635382128,0.0,16680.018558275347,0.0,16680.018558275347,605.289947142857,15593.405164015287,13616.232192663134,10971.564683333332,16646.19055440427,0,MILP,0.11435670001083054,2.0463630789890885e-12,0
mean7,eval_september,evaluation,2025-09-21,mean7,4627.468890444444,4219.9497584232795,70812.93206489946,0.0,47677.43499170152,0.0,47677.43499170152,6214.731542497354,3429.82725,17092.910567830688,14212.024778761906,47961.25754928518,0,LP,0.008652899996377528,9.094947017729282e-13,0
mean7,eval_september,evaluation,2025-09-22,mean7,4219.9497584232795,3230.9975513597915,68400.17338225867,0.0,45839.26835360398,0.0,45839.26835360398,2732.9273403151115,2524.7006999999994,17992.539184038797,15464.013725428573,46535.440641671186,0,LP,0.00812210000003688,8.881784197001252e-13,0
mean7,eval_september,evaluation,2025-09-23,mean7,3230.9975513597915,3015.186272931218,70396.09321486302,0.0,46525.84878368658,0.0,46525.84878368658,2917.0275938306877,1785.7420661846013,19847.042747895346,16270.33477638095,46677.688608553115,0,LP,0.009034500020788983,9.094947017729282e-13,0
mean7,eval_december,evaluation,2025-12-08,mean7,1451.3861965089911,1823.0339727153448,96889.40221220929,0.0,73415.16957345138,0.0,73415.16957345138,4303.361958872428,0.0,23180.76914781305,18441.940011142855,73111.28665907933,0,LP,0.007929799990961328,9.663381206337363e-13,0
mean7,eval_december,evaluation,2025-12-09,mean7,1823.0339727153448,1683.0517489354504,96886.96378117341,28.02018466666675,72649.39874829694,207.1730520160006,72856.57180031294,5216.630047634331,0.0,23346.756068110517,19036.85641657143,72970.68522164943,2,LP,0.007587500003864989,6.821210263296962e-13,0
mean7,eval_december,evaluation,2025-12-10,mean7,1683.0517489354504,1630.41333437037,97080.37761040211,0.0,73928.39251099381,0.0,73928.39251099381,4388.33247580011,0.0,22904.21705812581,18599.79039019048,73971.79515383435,0,LP,0.007121400005416945,9.094947017729282e-13,0
mean7,eval_december,evaluation,2025-12-11,mean7,1630.41333437037,1849.5066304476222,97468.24909619165,0.0,72690.50660908954,0.0,72690.50660908954,7011.706431443853,0.0,22621.59999093827,18126.312026190473,72513.5075710543,0,LP,0.008007299999007955,9.094947017729282e-13,0
mean7,eval_december,evaluation,2025-12-12,mean7,1849.5066304476222,1922.1565517195847,50946.63655140623,0.0,23518.60312390172,0.0,23518.60312390172,2015.804446546742,1328.8133463915274,20116.949189420335,16229.343914285711,23471.278828966562,0,LP,0.00876669998979196,1.0231815394945443e-12,0
mean7,eval_december,evaluation,2025-12-13,mean7,1922.1565517195847,2001.8885422253966,51821.586006790116,0.0,24285.644954085,0.0,24285.644954085,2986.9171102692585,1132.38245,20168.390903854193,16264.637840666666,24233.28281312259,0,LP,0.0088246000232175,7.958078640513122e-13,0
mean7,eval_december,evaluation,2025-12-14,mean7,2001.8885422253966,1739.627803660316,97981.36402969193,0.0,75056.59107577111,0.0,75056.59107577111,5070.020763092301,0.0,22992.927006885355,18860.305540285714,75273.91704286823,0,LP,0.008454499999061227,6.821210263296962e-13,0
mean7,eval_december,evaluation,2025-12-15,mean7,1739.627803660316,1911.330116133336,99872.19156622222,0.0,76624.21325448077,0.0,76624.21325448077,5856.4810384444445,0.0,23113.791999396828,18567.639438285714,76482.90289519915,0,LP,0.006466099992394447,9.094947017729282e-13,0
mean7,eval_december,evaluation,2025-12-16,mean7,1911.330116133336,1830.002305755558,99682.91976615167,0.0,75926.10397873515,0.0,75926.10397873515,6019.673972596122,0.0,22728.155208222215,18483.000748,75992.77834755859,0,LP,0.006406300002709031,9.094947017729282e-13,0
mean7,eval_december,evaluation,2025-12-17,mean7,1830.002305755558,1875.848881186245,99301.84177987183,0.0,75837.82804770386,0.0,75837.82804770386,6848.438154174018,0.0,22212.077058650197,17950.520499619044,75800.32881557006,0,LP,0.0065956999897025526,1.0231815394945443e-12,0
mean7,eval_december,evaluation,2025-12-18,mean7,1875.848881186245,1865.7872980433888,98744.06427248205,0.0,74648.42216844569,0.0,74648.42216844569,6997.454446426801,0.0,23102.096232721928,18721.753373333333,74656.6578760956,0,LP,0.007984800002304837,9.094947017729282e-13,0
mean7,eval_december,evaluation,2025-12-19,mean7,1865.7872980433888,1694.2762466719578,52224.09750531099,0.0,24122.969309358465,0.0,24122.969309358465,3934.6522071416844,1810.65698271605,19603.984008881827,16033.58699342857,24234.89484881769,0,LP,0.00667760000214912,1.0231815394945443e-12,0
mean7,eval_december,evaluation,2025-12-20,mean7,1694.2762466719578,1872.7814958687843,52488.170953038214,0.0,24219.87187015617,0.0,24219.87187015617,3795.8309026360967,1821.318116666667,20284.289260306876,16269.619576571426,24104.365809163693,0,LP,0.008667899994179606,9.094947017729282e-13,0
mean7,eval_december,evaluation,2025-12-21,mean7,1872.7814958687843,1866.898438401062,98002.88393659024,0.0,74281.00673686316,0.0,74281.00673686316,4562.700099780128,0.0,23198.4037992863,18796.001829142857,74285.82536538942,0,LP,0.005307500017806888,9.094947017729282e-13,0
mean14,dev_march,development,2025-03-07,mean14,1607.6682326867735,1799.9208019068776,34105.28322439623,0.0,14082.992075686865,0.0,14082.992075686865,565.2098166337454,9475.432254961785,15628.04372194356,12485.68810247619,13977.704715837763,0,MILP,0.06970180000644177,1.6484591469634324e-12,0
mean14,dev_march,development,2025-03-08,mean14,1799.9208019068776,1746.8951542507957,32969.96055831864,0.0,13568.518769028096,0.0,13568.518769028096,509.3328688112868,10500.46662127925,15498.65597079953,12601.634419238093,13597.022009963997,0,MILP,0.17709929999546148,1.4210854715202004e-12,0
mean14,dev_march,development,2025-03-09,mean14,1746.8951542507957,1561.1631377291037,76873.91025030451,0.0,48596.71613421043,0.0,48596.71613421043,7848.288972299819,2007.7979637895348,20270.826732024692,16586.528467809523,48727.7367223778,0,LP,0.005715299979783595,6.821210263296962e-13,0
mean14,dev_march,development,2025-03-10,mean14,1561.1631377291037,1492.0528197248711,75468.31508035742,0.0,49242.05094077318,0.0,49242.05094077318,3048.439095282771,360.69671666666625,21470.037392693706,17452.929574285714,49291.962844375324,0,LP,0.005746800015913323,6.821210263296962e-13,0
mean14,dev_march,development,2025-03-11,mean14,1492.0528197248711,1660.3619091830622,75212.64844544501,0.0,48126.316245688184,0.0,48126.316245688184,5785.330828725446,1440.661016666667,20506.629576529103,16458.891776476194,48006.740421923525,0,LP,0.005343800003174692,7.736034035588091e-13,0
mean14,dev_march,development,2025-03-12,mean14,1660.3619091830622,1461.79973104127,74725.50240643973,0.0,46963.13106840106,0.0,46963.13106840106,6599.761112459718,2063.319184865368,20029.43887425751,16402.551448476195,47102.55174998604,0,LP,0.0063615999824833125,9.094947017729282e-13,0
mean14,dev_march,development,2025-03-13,mean14,1461.79973104127,1411.4148678222232,74105.09665238565,31.119295977141405,47584.970061691936,193.14775464432972,47778.117816336264,2413.5683936213895,0.0,22223.031131430926,18046.00159335619,47814.37847979235,2,LP,0.005517100013094023,8.588685318500211e-13,0
mean14,dev_march,development,2025-03-14,mean14,1411.4148678222232,1920.35807457037,32440.35028776249,0.0,13099.816045592132,0.0,13099.816045592132,354.032023113465,12614.122854704287,15709.055476516165,12266.28604990476,12828.931978068944,0,MILP,0.16845650001778267,2.021099337273174e-12,0
mean14,dev_march,development,2025-03-15,mean14,1920.35807457037,1370.7079328285708,31490.085345136977,0.0,13136.119229275908,0.0,13136.119229275908,567.2663150476187,7657.394756388007,14926.232901415637,12584.933777714285,13435.29105317526,0,MILP,0.12474749999819323,8.526512829121202e-13,0
mean14,dev_march,development,2025-03-16,mean14,1370.7079328285708,1838.5584962412745,73812.72461107819,0.0,46171.064292937954,0.0,46171.064292937954,5512.903254158728,488.8266500000001,21257.27508691946,16797.327313333335,45840.5720232838,0,LP,0.005499999999301508,1.0231815394945443e-12,0
mean14,dev_march,development,2025-03-17,mean14,1838.5584962412745,1956.3184412920637,72433.1862534168,0.0,44218.728791059686,0.0,44218.728791059686,8161.870174297475,2635.277233333333,19325.912957405046,15548.00554495238,44138.162367853634,0,LP,0.005433299986179918,9.094947017729282e-13,0
mean14,dev_march,development,2025-03-18,mean14,1956.3184412920637,1825.798837915346,70256.2525740435,0.0,43465.343056638885,0.0,43465.343056638885,3874.0398293262765,1253.98175,21682.843532050556,17680.570904,43556.499905431236,0,LP,0.005134099978022277,9.094947017729282e-13,0
mean14,dev_march,development,2025-03-19,mean14,1825.798837915346,2060.98474157037,69981.0760173733,0.0,42880.75843055519,0.0,42880.75843055519,4383.967977348611,1902.2185999999997,21146.061456500884,16916.64246647619,42717.385513642905,0,LP,0.006774400011636317,8.952838470577262e-13,0
mean14,dev_march,development,2025-03-20,mean14,2060.98474157037,1550.5062194888894,69155.06826177072,35.58052725809614,43300.17888757115,235.32960728504787,43535.5084948562,2440.0422835390914,1014.3316833333329,20982.861449279248,17455.548443789525,43893.23876211877,1,LP,0.00553970001055859,9.601208716958354e-13,0
mean14,dev_april,development,2025-04-17,mean14,1618.0719069862432,1991.3480338359827,60737.177014785426,0.0,36098.717890371445,0.0,36098.717890371445,1872.0302529371004,1733.823486250443,20668.591639121692,16405.610713523805,35847.50655646526,0,LP,0.006790100014768541,9.094947017729282e-13,0
mean14,dev_april,development,2025-04-18,mean14,1991.3480338359827,2146.0427089597865,26903.848909910634,0.0,10690.859352456162,0.0,10690.859352456162,432.5333284761913,17494.84509199177,13069.0952552522,10446.741949142859,10612.973967477345,0,MILP,0.12123209997662343,2.6147972675971687e-11,0
mean14,dev_april,development,2025-04-19,mean14,2146.0427089597865,2102.49358338201,26817.021450395066,0.0,10644.189084501631,0.0,10644.189084501631,502.6140351428577,17138.474211944736,12791.83245435509,10400.578501047616,10666.058529947872,0,MILP,0.13045419999980368,7.747126397185235e-11,0
mean14,dev_april,development,2025-04-20,mean14,2102.49358338201,2063.3998629513258,59893.794656773665,0.0,35571.64259577677,0.0,35571.64259577677,1807.0209708018835,2248.6708425925954,20608.11741280776,16727.759452761904,35597.87037734511,0,LP,0.008485300000756979,9.094947017729282e-13,0
mean14,dev_april,development,2025-04-21,mean14,2063.3998629513258,1556.6358251216939,59500.89957605291,0.0,34912.55264558221,0.0,34912.55264558221,3333.855380968847,4531.779607807178,18812.85177889593,15694.497574952378,35247.299114773334,0,LP,0.009026700019603595,9.094947017729282e-13,0
mean14,dev_april,development,2025-04-22,mean14,1556.6358251216939,1770.9271901259242,59562.373932526745,0.0,35522.86567319285,0.0,35522.86567319285,1289.5315996331622,2114.6451166666666,20065.293005560256,16060.025106,35378.03417551268,0,LP,0.0076883000147063285,9.094947017729282e-13,0
mean14,dev_april,development,2025-04-23,mean14,1770.9271901259242,1924.687345986243,59755.85006062904,0.0,36212.0942214588,0.0,36212.0942214588,2156.239540919457,2377.420133333333,19388.892260185774,15566.61859047619,36108.5949931459,0,LP,0.008604200003901497,9.094947017729282e-13,0
mean14,dev_april,development,2025-04-24,mean14,1924.687345986243,1811.7563899714291,58635.85249393298,0.0,34933.74464091011,0.0,34933.74464091011,2764.374800646678,5304.634016666667,18833.551773857733,15356.814797238094,35008.56888094576,0,LP,0.007596000010380521,9.094947017729282e-13,0
mean14,dev_april,development,2025-04-25,mean14,1811.7563899714291,1757.9912371132332,26134.420847982365,0.0,9950.098480769286,0.0,9950.098480769286,277.03426780952486,21542.201724992356,12437.97811975191,10123.150914571426,9976.261813866024,0,MILP,0.1367379000002984,4.149569576838985e-12,0
mean14,dev_april,development,2025-04-26,mean14,1757.9912371132332,1528.5528376656105,26058.808989927096,0.0,10088.179625726547,0.0,10088.179625726547,62.003718952381064,23785.708500553792,12354.724718897112,10213.821581809521,10199.233403620183,0,MILP,0.11870590000762604,1.383426706524915e-11,0
mean14,dev_april,development,2025-04-27,mean14,1528.5528376656105,1485.078089274073,55806.05916888888,411.3873713276216,32802.06536755188,2698.906849594862,35500.972217146744,1454.7076585714296,2413.306432616107,20079.413364463253,16303.452098767617,35529.68313118654,1,LP,0.006168399995658547,8.810729923425242e-13,0
mean14,dev_april,development,2025-04-28,mean14,1485.078089274073,1504.9808207925923,55359.6419113933,4391.780812338089,33353.4638060626,27812.1553590643,61165.6191651269,122.72807180952339,0.0,15730.604615202825,12723.877279947623,61151.89728907749,12,LP,0.00607309999759309,9.094947017729282e-13,0
mean14,dev_april,development,2025-04-29,mean14,1504.9808207925923,1708.2381589777765,57695.52719732746,87.07197811047126,33895.89087473322,576.2423511350988,34472.13322586831,1961.6986724761887,4717.837225944742,18352.199768335096,14682.350207984764,34338.523157934804,1,LP,0.008103700005449355,8.952838470577262e-13,0
mean14,dev_april,development,2025-04-30,mean14,1708.2381589777765,1638.142711064552,57021.52832893709,0.0,33611.7134738899,0.0,33611.7134738899,2000.5749813650798,3373.2764643621376,18178.46501578131,14787.64256590476,33657.731004015965,0,LP,0.007147500000428408,8.86402062860725e-13,0
mean14,val_june,validation,2025-06-08,mean14,1781.3549957153423,2171.0779953894194,87309.43287990359,19.011776857142877,59334.63628437321,131.58670150204773,59466.22298587526,17139.885046746625,1625.3386999999998,15934.457598109344,12556.1599547619,59186.64691044532,3,LP,0.004796399996848777,9.094947017729282e-13,0
mean14,val_june,validation,2025-06-09,mean14,2171.0779953894194,2138.257540046561,85490.01496690299,26.182083523809524,59592.237893518635,184.1079778854762,59776.34587140411,10085.108831059384,964.5978262504459,18754.295103116976,15220.517443333332,59800.54539825484,2,LP,0.005278099997667596,9.094947017729282e-13,0
mean14,val_june,validation,2025-06-10,mean14,2138.257540046561,2282.374572296297,86198.97575727101,0.0,59723.584763108476,0.0,59723.584763108476,10252.144226726634,458.2999333333329,19686.22123606819,15816.133872190474,59617.639108459276,0,LP,0.005038000002969056,9.094947017729282e-13,0
mean14,val_june,validation,2025-06-11,mean14,2282.374572296297,2422.400642355556,86705.77607239976,2.011921428571327,60127.55665910553,13.950663185713582,60141.50732229125,6121.284084507943,0.0,23031.758576844204,18529.700984190473,60036.69404565126,1,LP,0.005077000008895993,8.526512829121202e-13,0
mean14,val_june,validation,2025-06-12,mean14,2422.400642355556,2566.014159001057,87405.72464227278,0.0,61047.29657165055,0.0,61047.29657165055,10741.502776256322,448.5068666666666,19126.691584397413,15363.368018380952,60941.053446238955,0,LP,0.005466300004627556,8.526512829121202e-13,0
mean14,val_june,validation,2025-06-13,mean14,2566.014159001057,2575.636351815873,39972.729549917145,0.0,20218.31771720694,0.0,20218.31771720694,1717.367784611407,7501.9548069594375,12628.596235857729,10220.502977511425,20212.775081563046,0,LP,0.005250399990472943,8.526512829121202e-13,0
mean14,val_june,validation,2025-06-14,mean14,2575.636351815873,2621.9770834973533,40085.375813774255,0.0,20755.636043403207,0.0,20755.636043403207,1773.2595711428594,9830.683988165787,11823.067610275137,9534.978105809523,20729.074433855058,0,LP,0.005610499996691942,9.094947017729282e-13,0
mean14,val_june,validation,2025-06-15,mean14,2621.9770834973533,3334.1899856793657,88525.13867581423,0.0,61606.59337067426,0.0,61606.59337067426,13313.132068965322,298.84709999999995,19185.229271325097,14899.044097809523,61082.37307022076,0,LP,0.005205699999351054,9.094947017729282e-13,0
mean14,val_june,validation,2025-06-16,mean14,3334.1899856793657,3177.1414284984144,87140.94532746737,0.0,61555.62243558561,0.0,61555.62243558561,10758.201807617877,134.01041666666652,19452.75783146855,15898.077544952379,61671.98245995073,0,LP,0.005645500001264736,9.663381206337363e-13,0
mean14,val_june,validation,2025-06-17,mean14,3177.1414284984144,2714.8833426867736,86297.67253812814,0.0,60468.10706902235,0.0,60468.10706902235,8369.884734480891,194.24276666666685,18487.189987075828,15390.656166761903,60812.842392565064,0,LP,0.006074800010537729,9.094947017729282e-13,0
mean14,val_june,validation,2025-06-18,mean14,2714.8833426867736,2982.7764268380965,87076.35592540976,0.0,61041.34442682031,0.0,61041.34442682031,12581.41302877367,88.67290000000003,17035.65958368371,13557.780487047617,60843.62727552785,0,LP,0.005152400000952184,9.094947017729282e-13,0
mean14,val_june,validation,2025-06-19,mean14,2982.7764268380965,2748.828737898414,85070.253296,48.66240171428569,58562.84454532041,334.32397563485705,58897.16852095527,11921.529725077016,1736.3104999999996,17958.54838254203,14756.97710990476,59067.27641831979,2,LP,0.005893699999433011,9.094947017729282e-13,0
mean14,val_june,validation,2025-06-20,mean14,2748.828737898414,2884.6010395206395,36593.65816173545,0.0,18777.411567515053,0.0,18777.411567515053,1407.5243536190487,10477.990975604942,11501.931110797175,9194.36912828571,18701.49092104007,0,LP,0.0051608999783638865,9.094947017729282e-13,0
mean14,val_june,validation,2025-06-21,mean14,2884.6010395206395,3117.437340286773,35252.93467776476,0.0,18137.9645084634,0.0,18137.9645084634,1836.381907809525,11560.886014392712,12165.124657226337,9644.198301663811,18010.23677133868,0,MILP,0.11944410001160577,1.1368683772161603e-12,0
mean14,val_august,validation,2025-08-18,mean14,2178.160729337569,2134.924192117462,72442.89799171193,102.00601809523812,52944.055423831145,860.0659960050001,53804.12141983614,2419.521094069376,2044.6419833333339,19608.09578545208,15921.470469714286,53837.102466610326,4,LP,0.009206600021570921,8.668621376273222e-13,0
mean14,val_august,validation,2025-08-19,mean14,2134.924192117462,1852.4128791502637,72320.79132383892,115.82866466666655,52908.39769160481,987.5119954816656,53895.909687086474,1875.1948886807752,3072.624321889476,18028.42584003057,14857.285112095238,54110.229478747075,4,LP,0.009124699980020523,8.526512829121202e-13,0
mean14,val_august,validation,2025-08-20,mean14,1852.4128791502637,1630.2109173555552,72871.02814889594,1717.1356129085539,53889.65918542745,11000.159515006164,64889.818700433614,335.32722333333334,0.0,20011.19598641976,16409.050514615254,65063.072625321925,11,LP,0.008271300001069903,8.810729923425242e-13,0
mean14,val_august,validation,2025-08-21,mean14,1630.2109173555552,1854.96182146032,74223.70503470546,0.0,53883.7995030932,0.0,53883.7995030932,2687.1381331663724,1929.3087967125177,18739.809514731336,14976.969893238094,53712.430029038245,0,LP,0.008060899999691173,9.094947017729282e-13,0
mean14,val_august,validation,2025-08-22,mean14,1854.96182146032,1486.6533281999998,40281.695549542856,33.57257334380829,22750.17936909998,68.55519476805651,22818.734563868038,84.03061076190511,16781.78014360964,13422.976907628456,11204.088939113335,23037.665879588687,1,MILP,0.1336738000100013,1.8758328224066645e-12,0
mean14,val_august,validation,2025-08-23,mean14,1486.6533281999998,1916.1332087280398,40891.314579572376,0.0,22721.348995981534,0.0,22721.348995981534,435.34812995532053,15031.781901650791,13198.139502584363,10303.961104618096,22466.548514586484,0,MILP,0.1418779999949038,1.0231815394945443e-12,0
mean14,val_august,validation,2025-08-24,mean14,1916.1332087280398,2100.0782866380923,76191.91484413992,0.0,54822.52859302708,0.0,54822.52859302708,4171.956141587306,4337.099985784833,19914.308754291593,15965.039520857143,54683.296999621074,0,LP,0.008498899987898767,1.0231815394945443e-12,0
mean14,val_august,validation,2025-08-25,mean14,2100.0782866380923,1707.2043083703695,76204.94830689124,194.44487727809246,55361.0136517871,1651.7392593657878,57012.752911152886,1268.760772564377,848.1037247454473,20331.727634914754,16822.285964721905,57316.89286378153,3,LP,0.006245700002182275,9.094947017729282e-13,0
mean14,val_august,validation,2025-08-26,mean14,1707.2043083703695,2289.724857334393,77810.48083583773,0.0,55600.84834364488,0.0,55600.84834364488,5399.989963283944,2495.178783333334,20327.5011148395,15941.00740895238,55158.14656129526,0,LP,0.008326899987878278,9.094947017729282e-13,0
mean14,val_august,validation,2025-08-27,mean14,2289.724857334393,1885.1668969915347,76984.80180751321,16.225255619048085,55440.75394942533,134.3372614190515,55575.09121084438,3149.673414190475,2413.5014,20462.1344557037,16938.431073428572,55885.81144658826,2,LP,0.008490900014294311,7.673861546209082e-13,0
mean14,val_august,validation,2025-08-28,mean14,1885.1668969915347,1928.8909241407414,76463.18450198119,46.880709523809514,55493.47493569688,388.3171611380952,55881.79209683497,1681.3897400482101,0.0,21165.941387837738,17105.060899714284,55847.811777843344,3,LP,0.006755300011718646,8.242295734817162e-13,0
mean14,val_august,validation,2025-08-29,mean14,1928.8909241407414,1784.4022373777775,41237.63937088066,0.0,23127.229767849167,0.0,23127.229767849167,935.0406792380963,15194.943568605528,14118.287321703701,11565.852548666666,23213.642220327478,0,MILP,0.10011430000304244,7.958078640513122e-13,0
mean14,val_august,validation,2025-08-30,mean14,1784.4022373777775,1574.0628858211644,41384.38355317107,0.0,23501.318090701345,0.0,23501.318090701345,775.7798762622007,19893.057324432688,12590.168081809521,10387.341562666667,23625.249247865933,0,MILP,0.14843109998037107,4.092726157978177e-12,0
mean14,val_august,validation,2025-08-31,mean14,1574.0628858211644,2395.7523527111116,78414.74288740623,26.50513619047615,56014.86953148211,218.3203532838092,56233.18988476592,4539.249831626106,2629.044000000001,20456.897833875366,15830.566725238095,55607.15700528447,3,LP,0.009587700013071299,9.348077867343818e-13,0
mean14,eval_september,evaluation,2025-09-10,mean14,4786.2408636984155,4596.088809841269,67860.3791468054,968.5033833333317,45661.13760540146,5167.422119424991,50828.55972482645,3864.563686658431,0.0,20102.405483956492,16454.085290476192,50962.35855369256,7,LP,0.008512000000337139,9.094947017729282e-13,0
mean14,eval_september,evaluation,2025-09-11,mean14,4596.088809841269,4802.58733751852,69292.72779655732,0.0,45546.34378408827,0.0,45546.34378408827,7376.39198123692,4680.02805,18707.227931987065,14967.005949999997,45406.387858216054,0,LP,0.008891900011803955,8.952838470577262e-13,0
mean14,eval_september,evaluation,2025-09-12,mean14,4802.58733751852,5090.179315724865,35096.855935757136,0.0,17572.68698908223,0.0,17572.68698908223,1114.4127548571428,19762.82313299236,12679.637197483831,10011.673349576191,17423.83603172712,0,MILP,0.1204483000037726,1.8189894035458565e-12,0
mean14,eval_september,evaluation,2025-09-13,mean14,5090.179315724865,5450.036683296296,35155.667926419046,0.0,17568.39046904141,0.0,17568.39046904141,725.114016449148,23653.009371646087,12876.691706190477,10106.248651199998,17384.912017235456,0,MILP,0.10868189999018796,3.637978807091713e-12,0
mean14,eval_september,evaluation,2025-09-14,mean14,5450.036683296296,4949.312271687833,68050.33159419635,0.0,45840.92316843022,0.0,45840.92316843022,4723.577254285706,146.7241269077006,18586.091755002944,15505.386292,46190.58684887534,0,LP,0.0058407999749761075,1.0231815394945443e-12,0
mean14,eval_september,evaluation,2025-09-15,mean14,4949.312271687833,4326.602948687832,66921.22535782833,0.0,44414.88048162858,0.0,44414.88048162858,5398.135520412695,3405.924111568486,19003.01833270429,15952.883240190476,44841.78119317119,0,LP,0.005885400023544207,7.105427357601002e-13,0
mean14,eval_september,evaluation,2025-09-16,mean14,4326.602948687832,3937.5010263756626,67094.93344657966,0.0,45117.93703178076,0.0,45117.93703178076,3022.2157150970006,1430.3384217530897,18425.268718300995,15274.659391904761,45390.36747225373,0,LP,0.006635099998675287,7.673861546209082e-13,0
mean14,eval_september,evaluation,2025-09-17,mean14,3937.5010263756626,4145.127008402115,68330.65777813167,7.62916666666672,45673.09068224569,38.19542291666694,45711.286105162355,4378.899014865371,0.0,20065.295505837737,16066.02597590476,45565.89614101457,1,LP,0.007810800016159192,9.094947017729282e-13,0
mean14,eval_september,evaluation,2025-09-18,mean14,4145.127008402115,4008.224868169312,68223.99294834097,0.0,45016.748448667844,0.0,45016.748448667844,4211.157454192826,1526.2655031651957,19230.16210803057,15699.643233714285,45111.60015532593,0,LP,0.00636800000211224,9.094947017729282e-13,0
mean14,eval_september,evaluation,2025-09-19,mean14,4008.224868169312,4564.305045068782,34937.924518430336,0.0,17167.130853751136,0.0,17167.130853751136,480.1960529276891,15281.194618636091,13551.101952580837,10475.92042238095,16870.224702649753,0,MILP,0.09935740000219084,4.042198674546348e-12,0
mean14,eval_september,evaluation,2025-09-20,mean14,4564.305045068782,4661.9370001481475,34487.887795937684,0.0,16765.05231045667,0.0,16765.05231045667,605.289947142857,15593.405164015287,13452.053641446206,10808.294689999999,16713.432831326885,0,MILP,0.10556249998626299,1.6200374375330284e-12,0
mean14,eval_september,evaluation,2025-09-21,mean14,4661.9370001481475,4208.748330640212,70788.86990714168,0.0,47537.38767051829,0.0,47537.38767051829,6213.7610405784835,3430.7977519188707,17182.59702035861,14325.773389047617,47853.01743398422,0,LP,0.0068601000239141285,7.815970093361102e-13,0
mean14,eval_september,evaluation,2025-09-22,mean14,4208.748330640212,3246.7626313650803,68412.61941312875,0.0,45921.09019542622,0.0,45921.09019542622,2734.205888627871,2524.7006999999994,17923.579318500877,15383.886377333334,46598.27942718989,0,LP,0.006097100005717948,8.881784197001252e-13,0
mean14,eval_september,evaluation,2025-09-23,mean14,3246.7626313650803,2999.5005294867733,70378.57645930159,0.0,46536.67237080389,0.0,46536.67237080389,2919.963198380948,1785.7420661846013,19888.37633206937,16332.120720666664,46710.64026774936,0,LP,0.007245899992994964,9.094947017729282e-13,0
mean14,eval_december,evaluation,2025-12-08,mean14,1451.3861965089911,1823.0339727153448,96889.40221220929,0.0,73396.71127566401,0.0,73396.71127566401,4305.996233497942,0.0,23166.90454452087,18430.70968247619,73092.82836129196,0,LP,0.006307300005573779,9.663381206337363e-13,0
mean14,eval_december,evaluation,2025-12-09,mean14,1823.0339727153448,1681.167125725927,96867.09747589417,28.02018466666675,72639.9440290359,207.1730520160006,72847.1170810519,5211.0980025185145,0.0,23280.239756137566,18984.674364761908,72962.76684605089,2,LP,0.008062300010351464,9.094947017729282e-13,0
mean14,eval_december,evaluation,2025-12-10,mean14,1681.167125725927,1640.7699979100528,96997.72461758376,0.0,73799.82804260356,0.0,73799.82804260356,4357.173235080536,0.0,22575.21226774133,18322.279351904766,73833.13721661389,0,LP,0.007979300018632784,9.094947017729282e-13,0
mean14,eval_december,evaluation,2025-12-11,mean14,1640.7699979100528,1849.5066304476222,97452.91486830216,0.0,72544.99077349133,0.0,72544.99077349133,7013.5284114791275,0.0,22580.362039680185,18102.23028285714,72376.3585797028,0,LP,0.009026899992022663,9.094947017729282e-13,0
mean14,eval_december,evaluation,2025-12-12,mean14,1849.5066304476222,1922.1565517195847,50946.63655140623,0.0,23513.807161643017,0.0,23513.807161643017,2015.8044465467424,1328.8133463915274,20116.949189420335,16229.343914285711,23466.48286670786,0,LP,0.008080200001131743,1.0231815394945443e-12,0
mean14,eval_december,evaluation,2025-12-13,mean14,1922.1565517195847,2001.8885422253966,51821.586006790116,0.0,24265.65428328015,0.0,24265.65428328015,2986.9171102692576,1132.38245,20168.390903854193,16264.637840666666,24213.29214231774,0,LP,0.00760660000378266,7.958078640513122e-13,0
mean14,eval_december,evaluation,2025-12-14,mean14,2001.8885422253966,1739.627803660316,97981.36402969193,0.0,75080.75409603288,0.0,75080.75409603288,5070.020763092304,0.0,22992.927006885355,18860.305540285714,75298.08006313,0,LP,0.005660499999066815,6.821210263296962e-13,0
mean14,eval_december,evaluation,2025-12-15,mean14,1739.627803660316,1911.330116133336,99872.19156622222,0.0,76565.54452005666,0.0,76565.54452005666,5856.481038444449,0.0,23113.791999396824,18567.639438285714,76424.23416077504,0,LP,0.0062873999995645136,9.094947017729282e-13,0
mean14,eval_december,evaluation,2025-12-16,mean14,1911.330116133336,1830.002305755558,99682.91976615167,0.0,75884.50974272215,0.0,75884.50974272215,6019.67397259612,0.0,22728.15520822222,18483.000748,75951.18411154559,0,LP,0.007591000001411885,9.094947017729282e-13,0
mean14,eval_december,evaluation,2025-12-17,mean14,1830.002305755558,1875.848881186245,99301.84177987183,0.0,75798.81816862793,0.0,75798.81816862793,6848.438154174015,0.0,22212.0770586502,17950.520499619044,75761.31893649412,0,LP,0.006313499994575977,1.0231815394945443e-12,0
mean14,eval_december,evaluation,2025-12-18,mean14,1875.848881186245,1865.7872980433888,98744.06427248206,0.0,74616.13279862392,0.0,74616.13279862392,7015.193275529683,0.0,23008.733974285715,18646.129944,74624.36850627384,0,LP,0.00632049998966977,9.094947017729282e-13,0
mean14,eval_december,evaluation,2025-12-19,mean14,1865.7872980433888,1694.2762466719578,52224.09750531099,0.0,24123.14758611462,0.0,24123.14758611462,3934.652207141687,1810.65698271605,19603.984008881824,16033.58699342857,24235.073125573846,0,LP,0.010335300001315773,1.0231815394945443e-12,0
mean14,eval_december,evaluation,2025-12-20,mean14,1694.2762466719578,1872.7814958687843,52488.170953038214,0.0,24201.309429357596,0.0,24201.309429357596,3795.830902636096,1821.318116666667,20284.289260306876,16269.619576571426,24085.80336836512,0,LP,0.009733799990499392,9.094947017729282e-13,0
mean14,eval_december,evaluation,2025-12-21,mean14,1872.7814958687843,1866.898438401062,97965.79764183186,0.0,74285.28370205458,0.0,74285.28370205458,4540.82290248089,0.0,23118.3559179224,18731.163045238092,74290.10233058085,0,LP,0.008198399998946115,9.094947017729282e-13,0
saa_load,dev_march,development,2025-03-07,saa_load,1607.6682326867735,2174.961861308251,34200.995468152694,0.0,14211.898105332177,0.0,14211.898105332177,258.1978266666665,9475.432254961785,15971.134670692534,12426.054817501625,13901.21904050059,0,SAA-MILP,1.2502662999904715,3.808509063674137e-12,0
saa_load,dev_march,development,2025-03-08,saa_load,2174.961861308251,2124.288616989549,32636.72980949225,0.0,13559.192691463637,0.0,13559.192691463637,198.25345742369305,10500.466621279247,15370.927021102529,12496.056806979883,13586.431428860824,0,SAA-MILP,0.7931255000003148,3.524291969370097e-12,0
saa_load,dev_march,development,2025-03-09,saa_load,2124.288616989549,4702.067511349832,75747.66683731879,0.0,49990.565153847856,0.0,49990.565153847856,4319.687372926983,2236.0208166666666,18623.329435794087,12764.895838068951,48172.12742173471,0,SAA-MILP,2.1903464999923017,2.1316282072803006e-12,0
saa_load,dev_march,development,2025-03-10,saa_load,4702.067511349832,4260.454361409945,71255.47043116172,0.0,49167.41296149941,0.0,49167.41296149941,455.8266058377483,0.0,16605.39058036779,13847.81820504381,49486.34873846818,0,SAA-MILP,1.3128094999992754,1.8189894035458565e-12,0
saa_load,dev_march,development,2025-03-11,saa_load,4260.454361409945,4112.233414668082,71457.18054013781,0.0,48342.92907791795,0.0,48342.92907791795,2983.37427987936,1668.422318181065,15788.757863921364,12922.29272184398,48448.233205359254,0,SAA-MILP,1.6943197999789845,2.1600499167107046e-12,0
saa_load,dev_march,development,2025-03-12,saa_load,4112.233414668082,3927.9348973520982,71409.56273520747,0.0,47294.351755390424,0.0,47294.351755390424,3854.632705508513,2172.9285666666665,16380.712869912282,13434.24609021333,47423.75718969699,0,SAA-MILP,1.4688348000054248,2.4158453015843406e-12,0
saa_load,dev_march,development,2025-03-13,saa_load,3927.9348973520982,3483.197831750122,70777.66079271366,0.0,47798.80747999933,0.0,47798.80747999933,168.94002257142847,0.0,18228.24269745976,15165.13994398418,48118.8730717651,0,SAA-MILP,2.1096050000051036,3.851141627819743e-12,0
saa_load,dev_march,development,2025-03-14,saa_load,3483.197831750122,2172.9836457322767,30217.93223543931,0.0,12405.883656515873,0.0,12405.883656515873,119.41990257142902,12646.668475650793,13692.687585788517,12270.26971190476,13103.242700372271,0,SAA-MILP,1.0269600999890827,4.774847184307873e-12,0
saa_load,dev_march,development,2025-03-15,saa_load,2172.9836457322767,1767.6357565975336,31290.74238216696,0.0,13142.742734443205,0.0,13142.742734443205,216.95175661452245,7657.394756388009,15037.283259924743,12545.012540760315,13363.3715637598,0,SAA-MILP,1.2287302000040654,3.183231456205249e-12,0
saa_load,dev_march,development,2025-03-16,saa_load,1767.6357565975336,4055.8947593874204,72969.83720798159,0.0,47050.68637019542,0.0,47050.68637019542,3144.601803493516,488.8266500000001,20662.782729704442,14677.4209085497,45434.247339167756,0,SAA-MILP,2.621199399989564,2.2026824808563106e-12,0
saa_load,dev_march,development,2025-03-17,saa_load,4055.8947593874204,4126.091803951854,69585.48564632577,0.0,44206.616012501545,0.0,44206.616012501545,5615.7971587888605,2935.5497382669137,16383.315662256193,13207.308346319529,44158.5901341118,0,SAA-MILP,1.498087999993004,3.410605131648481e-12,0
saa_load,dev_march,development,2025-03-18,saa_load,4126.091803951854,3901.1848593258,67544.36757837099,0.0,43417.68101582022,0.0,43417.68101582022,2899.802593069949,13.048024018825068,19515.65707778424,16010.098483168686,43574.75939955123,0,SAA-MILP,1.363573600014206,3.637978807091713e-12,0
saa_load,dev_march,development,2025-03-19,saa_load,3901.1848593258,4050.427015704157,67398.57012708145,0.0,42857.076610551085,0.0,42857.076610551085,2846.6019170041095,1366.619173400353,18871.37182071823,15151.49323404124,42753.40489368843,0,SAA-MILP,1.7177232000103686,4.547473508864641e-12,0
saa_load,dev_march,development,2025-03-20,saa_load,4050.427015704157,3205.838975387299,66664.30468080434,0.0,43120.816609892696,0.0,43120.816609892696,1298.65920495238,342.5545400141073,18811.886081349294,15997.7569621781,43712.68226597822,0,SAA-MILP,1.3705129000009038,2.2737367544323206e-12,0
saa_load,dev_april,development,2025-04-17,saa_load,1618.0719069862432,2384.815791853699,60773.294903268674,0.0,36357.65032596547,0.0,36357.65032596547,1333.2259619741446,1944.2248999999997,20723.32734165167,16095.825650357143,35841.63887967359,0,SAA-MILP,1.125473599997349,3.637978807091713e-12,0
saa_load,dev_april,development,2025-04-18,saa_load,2384.815791853699,2577.5152635905956,26538.874983775724,0.0,10629.908143833803,0.0,10629.908143833803,85.44790812222153,17494.84509199177,12794.92250402734,10190.457703698941,10532.88817511522,0,SAA-MILP,1.0727988999860827,2.8421709430404007e-12,0
saa_load,dev_april,development,2025-04-19,saa_load,2577.5152635905956,2497.7783946819823,26408.38389288758,0.0,10610.57169740259,0.0,10610.57169740259,134.4104450699464,17180.30115127807,12530.295939775326,10221.302893235761,10650.613858560033,0,SAA-MILP,0.5235934999946039,4.263256414560601e-12,0
saa_load,dev_april,development,2025-04-20,saa_load,2497.7783946819823,2431.507098008735,59512.14731327281,0.0,35610.3477982452,0.0,35610.3477982452,1311.1095243039458,2465.322636878312,20197.970714542942,16420.000445785718,35654.8088798268,0,SAA-MILP,1.3424299999896903,5.201172825763933e-12,0
saa_load,dev_april,development,2025-04-21,saa_load,2431.507098008735,2086.0794739082485,59144.333594437434,0.0,34942.49853843922,0.0,34942.49853843922,2815.123754976272,4576.718205121703,18665.611119455647,15430.029868449517,35170.67313035371,0,SAA-MILP,1.103432999982033,2.9558577807620168e-12,0
saa_load,dev_april,development,2025-04-22,saa_load,2086.0794739082485,2322.8277042994696,59023.04565461341,0.0,35478.20586584308,0.0,35478.20586584308,789.625861668806,2114.6451166666666,19751.43132767984,15785.58596806857,35318.1966149803,0,SAA-MILP,1.3139661999884993,5.286437954055145e-12,0
saa_load,dev_april,development,2025-04-23,saa_load,2322.8277042994696,2551.098604917117,59188.383239945906,0.0,36175.93625177843,0.0,36175.93625177843,1611.9704059729822,2377.420133333333,18913.85354430023,15114.777560327302,36022.282257816056,0,SAA-MILP,1.7089078999997582,4.405364961712621e-12,0
saa_load,dev_april,development,2025-04-24,saa_load,2551.098604917117,2254.0959642270536,57989.97398644718,0.0,34843.61553202619,0.0,34843.61553202619,2391.171607496463,5304.634016666667,18270.337046868986,15066.275384584937,35040.3994579083,0,SAA-MILP,1.9762123000109568,5.4569682106375694e-12,0
saa_load,dev_april,development,2025-04-25,saa_load,2254.0959642270536,2016.4312100878362,25711.92022943496,0.0,9865.384888743187,0.0,9865.384888743187,30.23885961904739,21585.98597239976,12153.8738217971,10058.53607438095,9981.037905564299,0,SAA-MILP,0.7378911999985576,2.7284841053187847e-12,0
saa_load,dev_april,development,2025-04-26,saa_load,2016.4312100878362,1546.990149569314,25844.790089807164,0.0,10057.082594805197,0.0,10057.082594805197,38.131557619047726,23808.415486652557,12371.296666678416,10443.24725447619,10284.303510722011,0,SAA-MILP,0.5607154999743216,2.3305801732931286e-12,0
saa_load,dev_april,development,2025-04-27,saa_load,1546.990149569314,1505.3069770825177,55863.97510682419,365.2819814133467,32936.63496591419,2396.4324390622614,35333.06740497646,1439.82538134668,2413.306432616107,20211.415506208086,16408.761415266665,35360.59515445062,1,SAA-MILP,0.8455146999913268,5.115907697472721e-12,0
saa_load,dev_april,development,2025-04-28,saa_load,1505.3069770825177,1550.27041737037,55348.749204923835,4358.063114146661,33687.85206255059,27594.022554170602,61281.874616721194,122.72807180952339,0.0,15377.104391238125,12414.987460643817,61250.87471332549,15,SAA-MILP,0.8312567999819294,3.382183422218077e-12,0
saa_load,dev_april,development,2025-04-29,saa_load,1550.27041737037,1755.5431651830406,57699.841007118994,0.0,34125.17086153595,0.0,34125.17086153595,1869.6566020952362,4732.593021986627,18313.853649152956,14649.475982782491,33990.2359754205,0,SAA-MILP,1.3744507000083104,3.069544618483633e-12,0
saa_load,dev_april,development,2025-04-30,saa_load,1755.5431651830406,2160.1483387837443,57041.511109637104,0.0,33771.60504874802,0.0,33771.60504874802,1507.2371810272919,3440.110002552622,18279.8149288591,14442.505436135241,33505.982510913855,0,SAA-MILP,1.7153014999930747,5.7980287238024175e-12,0
saa_load,val_june,validation,2025-06-08,saa_load,1781.3549957153423,5887.08498260254,87002.98325663242,0.0,60963.257503424866,0.0,60963.257503424866,13368.353769020585,1625.3386999999998,16469.529119719453,9645.161598774283,58017.924850569114,0,SAA-MILP,1.2261947999941185,1.7053025658242404e-12,0
saa_load,val_june,validation,2025-06-09,saa_load,5887.08498260254,5301.587691373962,81075.97494218536,0.0,59088.89050909879,0.0,59088.89050909879,6902.404806145744,863.7589666666668,15284.452621817643,12907.354185778018,59520.59559277616,0,SAA-MILP,1.1324041000043508,2.2168933355715126e-12,0
saa_load,val_june,validation,2025-06-10,saa_load,5301.587691373962,5987.871628896011,82326.5159498404,0.0,59425.81096645181,0.0,59425.81096645181,6486.595138968845,458.2999333333329,16555.374212815994,12792.197568611111,58921.29876618662,0,SAA-MILP,2.2380948000063654,1.1937117960769683e-12,0
saa_load,val_june,validation,2025-06-11,saa_load,5987.871628896011,5910.167049571787,82325.00339972146,0.0,59668.18112509062,0.0,59668.18112509062,2534.5156352721915,0.0,19873.555627233713,16167.514179451102,59726.34509102537,0,SAA-MILP,1.9847206000122242,4.092726157978177e-12,0
saa_load,val_june,validation,2025-06-12,saa_load,5910.167049571787,6341.267290707232,83296.16281015585,0.0,60809.61680591087,0.0,60809.61680591087,6952.505018406464,448.5068666666666,16077.733024881441,12634.97353313206,60490.69531402248,0,SAA-MILP,1.26528779999353,1.0231815394945443e-12,0
saa_load,val_june,validation,2025-06-13,saa_load,6341.267290707232,4490.243674444372,36063.126886507795,0.0,19866.067936311953,0.0,19866.067936311953,811.3763234783079,6656.928762505607,10081.207132423446,9831.699031899563,20932.30612864929,0,SAA-MILP,0.8390455000044312,2.7284841053187847e-12,0
saa_load,val_june,validation,2025-06-14,saa_load,4490.243674444372,4534.445787976811,37947.831185558214,0.0,21036.380671877283,0.0,21036.380671877283,764.332705835743,8993.206314487132,10300.881647663915,8303.932232428575,21011.04487681644,0,SAA-MILP,1.5564425000047777,4.263256414560601e-12,0
saa_load,val_june,validation,2025-06-15,saa_load,4534.445787976811,7402.546146386003,86142.6453421355,0.0,62296.02933196465,0.0,62296.02933196465,9266.680660422106,298.84709999999995,17730.804872693607,11780.661624313549,60184.98019622208,0,SAA-MILP,1.2410448000009637,1.8189894035458565e-12,0
saa_load,val_june,validation,2025-06-16,saa_load,7402.546146386003,6813.1871768976525,82353.18290710807,0.0,60726.51418134807,0.0,60726.51418134807,7196.404395717676,134.01041666666652,15048.096582087272,12719.381304030203,61163.180555623956,0,SAA-MILP,2.024930699990364,5.6843418860808015e-12,0
saa_load,val_june,validation,2025-06-17,saa_load,6813.1871768976525,6004.683422964019,81963.26427280314,0.0,60109.67841943008,0.0,60109.67841943008,5064.46408157672,82.02935000000014,15302.173700526419,13122.414075966668,60712.631210852705,0,SAA-MILP,2.7559062000073027,1.8189894035458565e-12,0
saa_load,val_june,validation,2025-06-18,saa_load,6004.683422964019,6940.247229564006,83100.09005009371,0.0,61031.5541962238,0.0,61031.5541962238,8636.444742655473,88.67290000000003,13708.284639464457,10261.70313202622,60341.066006581714,0,SAA-MILP,1.3375446999853011,7.503331289626658e-12,0
saa_load,val_june,validation,2025-06-19,saa_load,6940.247229564006,7093.873316688265,80261.52139235228,0.0,58518.22985749466,0.0,58518.22985749466,7687.753010182957,1556.9697499999997,13784.373440828937,11027.07900865961,58406.52535304117,0,SAA-MILP,1.5316030999820214,4.9116266609416925e-12,0
saa_load,val_june,validation,2025-06-20,saa_load,7093.873316688265,3899.3289660383607,32592.433206048947,0.0,17788.790783954337,0.0,17788.790783954337,652.808961948874,10497.475302126728,10087.67372399085,11046.105632017503,19575.104114409434,0,SAA-MILP,3.2987317999941297,3.865352482534945e-12,0
saa_load,val_june,validation,2025-06-21,saa_load,3899.3289660383607,4068.209250883297,34446.24101966013,0.0,18176.45752833847,0.0,18176.45752833847,1069.4324128942387,11584.608413882424,12134.039665910639,9676.579873027173,18083.81434273019,0,SAA-MILP,0.7772827000007965,2.5295321393059567e-12,0
saa_load,val_august,validation,2025-08-18,saa_load,2178.160729337569,2307.1322948244424,72490.2991047357,25.67224333333354,53123.86694510931,214.57856790833506,53338.44551301764,2225.377358094303,2044.6419833333339,19661.905163350333,15810.068773375584,53240.06535800643,3,SAA-MILP,0.7726688999973703,3.495870259939693e-12,0
saa_load,val_august,validation,2025-08-19,saa_load,2307.1322948244424,1962.4638029788357,72180.88570993404,14.570060000000012,52974.23006107855,124.4469157300001,53098.67697680855,1931.6099027161981,2846.0880133823307,17948.944455245033,14848.846651409522,53360.15068059931,2,SAA-MILP,0.7886954999994487,3.467448550509289e-12,0
saa_load,val_august,validation,2025-08-20,saa_load,1962.4638029788357,1645.988844443523,72777.92383698546,1690.30385309646,53918.628259095625,10773.62381280387,64692.2520718995,334.7933280952383,0.0,19829.319778956888,16346.576483636873,64939.011948600164,9,SAA-MILP,0.6906296999950428,3.467448550509289e-12,0
saa_load,val_august,validation,2025-08-21,saa_load,1645.988844443523,1987.9725758290326,74145.15389094072,0.0,53981.20956332823,0.0,53981.20956332823,2477.662089415635,2022.7030981340297,18382.02558847773,14581.655368420003,53720.451670423085,0,SAA-MILP,12.979823700006818,3.844036200462142e-12,0
saa_load,val_august,validation,2025-08-22,saa_load,1987.9725758290326,1506.1051070160406,40186.50014782076,0.0,22868.978437800113,0.0,22868.978437800113,52.00915778314402,16813.8015965884,13283.161659899546,11193.041666450325,23155.41190561494,0,SAA-MILP,0.7408820999844465,2.7284841053187847e-12,0
saa_load,val_august,validation,2025-08-23,saa_load,1506.1051070160406,2340.3683766010668,40906.81589664329,0.0,22900.120545414742,0.0,22900.120545414742,43.58510542857141,15031.781901650791,13424.24103651264,10122.798296948711,22405.171439908056,0,SAA-MILP,0.5908294999971986,4.547473508864641e-12,0
saa_load,val_august,validation,2025-08-24,saa_load,2340.3683766010668,2140.1029981845027,75631.3148526831,0.0,54841.46243764044,0.0,54841.46243764044,4128.795224986475,4385.26962307798,18757.365062422305,15373.704541136976,54993.047182705646,0,SAA-MILP,0.9493588000186719,5.4569682106375694e-12,0
saa_load,val_august,validation,2025-08-25,saa_load,2140.1029981845027,1728.846493651851,76030.11000038109,9.85127946951934,55579.868794790615,83.79498316773152,55663.66377795835,981.4968987406601,962.0525166666669,19439.24053608423,16115.915688307618,55982.03440244788,1,SAA-MILP,0.9711331999860704,2.8421709430404007e-12,0
saa_load,val_august,validation,2025-08-26,saa_load,1728.846493651851,2475.705219781084,77619.97913768639,0.0,55787.07739813214,0.0,55787.07739813214,4783.247753300399,2965.026950000001,19319.543144928146,14976.65709387549,55219.48250416867,0,SAA-MILP,1.239477800001623,2.0463630789890885e-12,0
saa_load,val_august,validation,2025-08-27,saa_load,2475.705219781084,2064.697407762905,76650.73308842293,0.0,55485.069072316655,0.0,55485.069072316655,2876.140137985365,2494.3677589227486,19663.070292971137,16296.993968122979,55800.74310857745,0,SAA-MILP,1.131696099997498,2.7284841053187847e-12,0
saa_load,val_august,validation,2025-08-28,saa_load,2064.697407762905,2014.578904502049,76192.83032813645,17.887666666666632,55542.40863405233,150.42633283333305,55692.83496688566,1615.6012948301097,0.0,20381.201945128698,16553.880228489023,55731.78478096329,1,SAA-MILP,1.6666717000189237,2.376054908381775e-11,0
saa_load,val_august,validation,2025-08-29,saa_load,2014.578904502049,2334.8485248358784,41190.4776661253,0.0,23267.08590634822,0.0,23267.08590634822,449.6697632818446,15194.943568605524,14223.16487335516,11232.520889117231,23075.546458053934,0,SAA-MILP,1.2672998000052758,7.275957614183426e-12,0
saa_load,val_august,validation,2025-08-30,saa_load,2334.8485248358784,1975.3619474940801,40814.51640685138,0.0,23467.022087748617,0.0,23467.022087748617,422.9787395029495,19893.057324432684,12154.20225889488,10168.441749312471,23678.83023104374,0,SAA-MILP,1.195036400022218,4.888534022029489e-12,0
saa_load,val_august,validation,2025-08-31,saa_load,1975.3619474940801,2629.4311375909456,77738.75437977842,0.0,56155.7607150687,0.0,56155.7607150687,3933.1397967357325,3029.279867132587,18637.101902576764,14507.39027,55657.43521017175,0,SAA-MILP,1.0644819999870379,3.325340003357269e-12,0
saa_load,eval_september,evaluation,2025-09-10,saa_load,4786.2408636984155,5920.567443390301,67865.48757120964,376.9229023333322,45898.123705244514,1968.4360893409942,47866.55979458551,2097.209364857141,0.0,20043.72914191123,15214.526683225398,47068.40082214289,4,SAA-MILP,0.8788345000066329,2.7284841053187847e-12,0
saa_load,eval_september,evaluation,2025-09-11,saa_load,5920.567443390301,6323.359169135087,67836.0777574123,0.0,45327.119957728835,0.0,45327.119957728835,5386.66977679365,5417.139610278659,16703.52649387556,13167.343906868899,45054.12484466736,0,SAA-MILP,2.163636800018139,2.6147972675971687e-12,0
saa_load,eval_september,evaluation,2025-09-12,saa_load,6323.359169135087,6277.100815302326,33969.55691985367,0.0,17492.79521756488,0.0,17492.79521756488,265.40998175204925,19805.7662349853,12570.300113504232,10223.575610387912,17516.737471784283,0,SAA-MILP,0.567533800000092,2.2737367544323206e-12,0
saa_load,eval_september,evaluation,2025-09-13,saa_load,6277.100815302326,6506.856848206718,34336.136504371345,0.0,17655.25406746836,0.0,17655.25406746836,5.829731393299131,23676.62604492651,12841.046395285539,10194.467150567334,17538.10965134908,0,SAA-MILP,7.935268500004895,4.092726157978177e-12,0
saa_load,eval_september,evaluation,2025-09-14,saa_load,6506.856848206718,6339.7336109126045,66941.16363545308,0.0,46012.419371366996,0.0,46012.419371366996,2595.4999195992873,1262.4573835802466,16496.276293885545,13512.394711611993,46129.124139270054,0,SAA-MILP,2.0271196000103373,6.30961949354969e-12,0
saa_load,eval_september,evaluation,2025-09-15,saa_load,6339.7336109126045,5722.588130676253,65467.585215897874,0.0,44461.45694306001,0.0,44461.45694306001,3486.929572519345,4285.40245,16756.071011883734,14127.84845183854,44884.54334133159,0,SAA-MILP,7.646777799993288,1.830358087318018e-11,0
saa_load,eval_september,evaluation,2025-09-16,saa_load,5722.588130676253,5257.504825827613,65647.33912587799,0.0,45310.41286330777,0.0,45310.41286330777,1095.3365272230922,2341.016966666666,16514.687489572014,13795.471840917107,45636.041811228744,0,SAA-MILP,13.520618400012609,5.6843418860808015e-11,0
saa_load,eval_september,evaluation,2025-09-17,saa_load,5257.504825827613,5645.631288652362,66896.56384800289,2.606964285714298,45619.93870541639,13.051766696428636,45632.99047211282,2162.6548310664334,1032.7374601893025,17864.980549950506,14121.320428917637,45361.20515909883,1,SAA-MILP,1.3419807000027504,6.366462912410498e-12,0
saa_load,eval_september,evaluation,2025-09-18,saa_load,5645.631288652362,5518.643711946237,66644.68623650954,0.0,44920.77388231155,0.0,44920.77388231155,2421.587107489653,2138.4278789206396,17067.941855095258,13939.32172166267,45008.7563517928,0,SAA-MILP,1.5684075999888591,3.183231456205249e-12,0
saa_load,eval_september,evaluation,2025-09-19,saa_load,5518.643711946237,5326.466561972434,33566.74340298736,0.0,17122.46282007884,0.0,17122.46282007884,0.0,15315.749548571424,12224.215645924693,10074.574108175422,17225.07136521076,0,SAA-MILP,3.868533800006844,2.5579538487363607e-12,0
saa_load,eval_september,evaluation,2025-09-20,saa_load,5326.466561972434,5551.468027223975,33915.899595652205,0.0,16969.810302825226,0.0,16969.810302825226,0.0,15606.19829952969,12956.6644424358,10292.396879646616,16850.848653124758,0,SAA-MILP,0.8491357000020798,4.206412995699793e-12,0
saa_load,eval_september,evaluation,2025-09-21,saa_load,5551.468027223975,5534.065923894179,69944.97431234844,0.0,47690.053144656966,0.0,47690.053144656966,4799.776527964729,3848.9268666666662,15918.133302002754,12909.349867619048,47702.17308967624,0,SAA-MILP,2.5146042999986093,5.4569682106375694e-12,0
saa_load,eval_september,evaluation,2025-09-22,saa_load,5534.065923894179,3821.8569915186117,67089.63257825757,0.0,45837.5540943793,0.0,45837.5540943793,2027.0352326666666,2863.8806999999993,16450.972638924122,14866.275876666548,47042.8625021945,0,SAA-MILP,16.78860580001492,8.901679393602535e-11,0
saa_load,eval_september,evaluation,2025-09-23,saa_load,3821.8569915186117,3261.9565980158736,69866.88517821624,0.0,46864.59032488236,0.0,46864.59032488236,2157.7801687438173,2544.28638147135,18695.333678001076,15647.130633333332,47258.523294054285,0,SAA-MILP,1.6464707000122871,2.7284841053187847e-12,0
saa_load,eval_december,evaluation,2025-12-08,saa_load,1451.3861965089911,3835.5694304925464,96594.54151564118,0.0,74228.83759877406,0.0,74228.83759877406,2210.16620743561,0.0,23112.627794493146,16575.463602954245,72279.37739498794,0,SAA-MILP,2.1487951000162866,1.0231815394945443e-12,0
saa_load,eval_december,evaluation,2025-12-09,saa_load,3835.5694304925464,3671.5625524678235,94327.9374181217,0.0,72691.95711712037,0.0,72691.95711712037,3115.8247590251003,0.0,20901.39254027471,17077.73414784477,72825.65542158183,0,SAA-MILP,1.6737384000152815,3.1583624604536453e-12,0
saa_load,eval_december,evaluation,2025-12-10,saa_load,3671.5625524678235,3877.5980230847745,94428.26835027822,0.0,73786.21913114059,0.0,73786.21913114059,1987.0587199623794,0.0,20358.732842599555,16305.141678950386,73616.33400033724,0,SAA-MILP,1.7950514999974985,1.3642420526593924e-12,0
saa_load,eval_december,evaluation,2025-12-11,saa_load,3877.5980230847745,4064.928281670387,94578.25171184728,0.0,72579.93849012833,0.0,72579.93849012833,4716.685720363785,0.0,19640.60030924445,15740.289017760955,72428.59987704337,0,SAA-MILP,1.9695218999986537,1.0231815394945443e-12,0
saa_load,eval_december,evaluation,2025-12-12,saa_load,4064.928281670387,4347.243216408919,48032.674652110254,0.0,23816.659294362387,0.0,23816.659294362387,753.720852505593,0.0,17423.457236877122,13858.916920605794,23632.758816533205,0,SAA-MILP,1.2113336000184063,3.581135388230905e-12,0
saa_load,eval_december,evaluation,2025-12-13,saa_load,4347.243216408919,4647.688020186416,48634.14963064207,0.0,24696.79314976054,0.0,24696.79314976054,1273.5282288836931,10.215843407407029,17270.904482199436,13719.032307181798,24499.482972665755,0,SAA-MILP,1.1515719999733847,4.092726157978177e-12,0
saa_load,eval_december,evaluation,2025-12-14,saa_load,4647.688020186416,3772.12722695594,94704.30356890388,0.0,74674.47287147716,0.0,74674.47287147716,2992.924720411526,0.0,19582.430328419974,16649.773279927613,75400.0183617485,0,SAA-MILP,1.8841670000110753,2.9558577807620168e-12,0
saa_load,eval_december,evaluation,2025-12-15,saa_load,3772.12722695594,4045.329333409586,97280.44421834614,0.0,76379.87242449184,0.0,76379.87242449184,3663.140222278082,0.0,20536.127018911102,16388.380989509715,76155.02811538838,0,SAA-MILP,1.8633599000168033,3.069544618483633e-12,0
saa_load,eval_december,evaluation,2025-12-16,saa_load,4045.329333409586,3748.0705839354555,97002.8545425719,0.0,75662.2568363616,0.0,75662.2568363616,4048.107633164014,0.0,20022.044476848838,16485.388900774276,75905.95624750236,0,SAA-MILP,1.9585068999731448,2.2737367544323206e-12,0
saa_load,eval_december,evaluation,2025-12-17,saa_load,3748.0705839354555,3437.9542942837825,96984.72677282308,0.0,75327.96182255735,0.0,75327.96182255735,5289.615695012798,0.0,19907.20353594809,16403.939524804464,75581.61485170678,0,SAA-MILP,1.496944300015457,1.6200374375330284e-12,0
saa_load,eval_december,evaluation,2025-12-18,saa_load,3437.9542942837825,3651.675389900221,96772.82532547797,0.0,74676.43857367685,0.0,74676.43857367685,5203.569349294118,0.0,21108.631702433664,16905.64269291647,74501.50144528192,0,SAA-MILP,1.4296092000149656,1.0231815394945443e-12,0
saa_load,eval_december,evaluation,2025-12-19,saa_load,3651.675389900221,4039.517063927471,49812.0738752561,0.0,24655.039504570646,0.0,24655.039504570646,1591.2825843162868,1599.2176160493834,17705.920359294287,13992.73798440385,24401.939845725574,0,SAA-MILP,1.2865070999832824,4.007461029686965e-12,0
saa_load,eval_december,evaluation,2025-12-20,saa_load,4039.517063927471,4168.96958908921,49460.65656739586,0.0,24439.034718070794,0.0,24439.034718070794,1657.885674529983,1511.7596491181648,17463.956426853423,14029.297433105708,24355.26938716742,0,SAA-MILP,1.874244800012093,3.637978807091713e-12,0
saa_load,eval_december,evaluation,2025-12-21,saa_load,4168.96958908921,3788.8355411294924,95216.38538619629,0.0,73823.56810884716,0.0,73823.56810884716,2546.735717766016,0.0,20915.728657512394,17283.860855748786,74134.92402834196,0,SAA-MILP,1.6697243000089657,9.663381206337363e-13,0
saa_joint,dev_march,development,2025-03-07,saa_joint,1607.6682326867735,2173.6244104480083,34200.80545135138,0.0,14227.978053187759,0.0,14227.978053187759,301.6191666666664,9432.010914961786,15976.469875813049,12431.580039423456,13918.031444991597,0,SAA-MILP,1.2536422999983188,3.637978807091713e-12,0
saa_joint,dev_march,development,2025-03-08,saa_joint,2173.6244104480083,2119.416975880479,32633.165149774413,0.0,13628.68332132943,0.0,13628.68332132943,239.31007251209505,10461.199309139327,15359.4891714058,12489.972919949474,13657.821816308628,0,SAA-MILP,0.8117030000139493,3.524291969370097e-12,0
saa_joint,dev_march,development,2025-03-09,saa_joint,2119.416975880479,4671.620227089164,75749.46250782357,0.0,49980.785413337704,0.0,49980.785413337704,4350.454914333397,2236.0208166666666,18591.99368808257,12762.531961259065,48180.389459218655,0,SAA-MILP,1.7553845999937039,2.1316282072803006e-12,0
saa_joint,dev_march,development,2025-03-10,saa_joint,4671.620227089164,4075.4264826890385,71322.68442513986,0.0,49158.70851939889,0.0,49158.70851939889,633.4529177594995,0.0,16756.496986002465,14109.3369286221,49589.283367815566,0,SAA-MILP,1.3096134000224993,2.5238700018803684e-12,0
saa_joint,dev_march,development,2025-03-11,saa_joint,4075.4264826890385,4105.810655172758,71689.83596735877,0.0,48354.15682603218,0.0,48354.15682603218,2996.1058281904743,1673.5125815931751,16073.436854419879,12992.138096844756,48332.57027675048,0,SAA-MILP,1.6753756999969482,6.139089236967266e-12,0
saa_joint,dev_march,development,2025-03-12,saa_joint,4105.810655172758,3929.021350805306,71407.07127708646,0.0,47299.056397038694,0.0,47299.056397038694,3852.7354681481193,2172.9285666666665,16342.015436152877,13396.142877214534,47423.18922808693,0,SAA-MILP,1.6421266999968793,2.4158453015843406e-12,0
saa_joint,dev_march,development,2025-03-13,saa_joint,3929.021350805306,3390.4701617079772,70762.98061677016,0.0,47765.12590624915,0.0,47765.12590624915,252.43071857142866,0.0,18155.936587998196,15191.004706466134,48152.707060073786,0,SAA-MILP,1.8981145000143442,3.851141627819743e-12,0
saa_joint,dev_march,development,2025-03-14,saa_joint,3390.4701617079772,2172.9271030991677,30318.296716346795,0.0,12452.709799876035,0.0,12452.709799876035,147.37980590476195,12621.288789519105,13768.373107039597,12248.170969450002,13100.744809927339,0,SAA-MILP,0.7863481999957003,3.0127011996228248e-12,0
saa_joint,dev_march,development,2025-03-15,saa_joint,2172.9271030991677,1756.1554654492584,31303.06504957823,0.0,13187.360277736312,0.0,13187.360277736312,229.60763226219336,7655.497885367431,15099.625557018557,12605.791175069951,13414.20699625097,0,SAA-MILP,1.2329500000050757,5.343281372915953e-12,0
saa_joint,dev_march,development,2025-03-16,saa_joint,1756.1554654492584,4381.716539564363,72842.08135212131,0.0,47452.780374273825,0.0,47452.780374273825,2764.3832781446336,488.8266500000001,20393.786968103996,14155.962477460644,45598.069262737874,0,SAA-MILP,1.8401530999981333,2.0037305148434825e-12,0
saa_joint,dev_march,development,2025-03-17,saa_joint,4381.716539564363,4009.4021318194295,69198.87306111521,0.0,44089.840183985674,0.0,44089.840183985674,5624.420788141918,3050.505983333333,15794.199069879334,13128.384213572703,44344.56211109893,0,SAA-MILP,1.6736564000020735,3.3075764349632664e-12,0
saa_joint,dev_march,development,2025-03-18,saa_joint,4009.4021318194295,3034.8519598699863,67849.40990100014,0.0,43027.053275254395,0.0,43027.053275254395,3103.9127927912955,767.3498870370428,19627.810575050717,16775.621720545583,43707.69373359647,0,SAA-MILP,1.9848272999806795,7.16227077646181e-12,0
saa_joint,dev_march,development,2025-03-19,saa_joint,3034.8519598699863,3190.6841596003546,68644.83606756547,0.0,42873.88855553163,0.0,42873.88855553163,3258.96175068665,1902.2185999999997,20410.19098484993,16392.00571797111,42765.63903622306,0,SAA-MILP,1.1940378000144847,2.7284841053187847e-12,0
saa_joint,dev_march,development,2025-03-20,saa_joint,3190.6841596003546,2257.0773387417935,67810.49112584435,0.0,43023.96296026195,0.0,43023.96296026195,1681.2360639435622,1014.3316833333329,19716.88263512365,16810.921073222864,43678.21069664485,0,SAA-MILP,1.5367019000113942,3.637978807091713e-12,0
saa_joint,dev_april,development,2025-04-17,saa_joint,1618.0719069862432,2409.613783456878,60769.98575981234,0.0,36372.31186045379,0.0,36372.31186045379,1307.6165066176375,1944.2248999999997,20723.23323353233,16073.431230337617,35839.61159829414,0,SAA-MILP,1.1824424999940675,3.0269120543380268e-12,0
saa_joint,dev_april,development,2025-04-18,saa_joint,2409.613783456878,2577.2768568036518,26511.034279689884,0.0,10621.12766964746,0.0,10621.12766964746,83.10464558612296,17494.84509199177,12779.318909297708,10200.351550519048,10536.712979847089,0,SAA-MILP,1.023376900004223,5.4569682106375694e-12,0
saa_joint,dev_april,development,2025-04-19,saa_joint,2577.2768568036518,2517.3817807894716,26403.519876930688,0.0,10625.763509627193,0.0,10625.763509627193,110.59074487948143,17180.30115127807,12536.075258873137,10208.126528099998,10655.84154403115,0,SAA-MILP,0.4921432000119239,4.263256414560601e-12,0
saa_joint,dev_april,development,2025-04-20,saa_joint,2517.3817807894716,2357.212171330214,59451.423549769606,0.0,35521.71193870069,0.0,35521.71193870069,1370.9370931307008,2469.614164814816,19985.684510547904,16332.557102057142,35629.16892883886,0,SAA-MILP,0.9681385000003502,3.637978807091713e-12,0
saa_joint,dev_april,development,2025-04-21,saa_joint,2357.212171330214,2010.2503900191036,59216.422892183364,0.0,34973.23458122256,0.0,34973.23458122256,2943.2207925084626,4519.141879129937,18681.133896798103,15443.98405958647,35202.422571229865,0,SAA-MILP,1.2656588999961969,3.637978807091713e-12,0
saa_joint,dev_april,development,2025-04-22,saa_joint,2010.2503900191036,2248.2771213135966,59100.51327185649,0.0,35541.93156646763,0.0,35541.93156646763,877.6960460533506,2114.6451166666666,19689.57228581457,15734.329493344761,35381.05822478811,0,SAA-MILP,0.9969360000104643,3.183231456205249e-12,0
saa_joint,dev_april,development,2025-04-23,saa_joint,2248.2771213135966,2405.8457973935942,59265.37183038289,0.0,36095.89173287641,0.0,36095.89173287641,1728.6909411308602,2377.420133333333,19039.643319894887,15280.299280642857,35989.82890867259,0,SAA-MILP,1.0452216000121552,3.637978807091713e-12,0
saa_joint,dev_april,development,2025-04-24,saa_joint,2405.8457973935942,2242.943565229174,58143.123163037104,0.0,34951.95769434267,0.0,34951.95769434267,2400.241107533242,5304.634016666667,18393.43867255356,15045.297333716362,35059.89121542448,0,SAA-MILP,1.6038336000056006,3.637978807091713e-12,0
saa_joint,dev_april,development,2025-04-25,saa_joint,2242.943565229174,2016.8935434211705,25730.26573099639,0.0,9860.2956742128,0.0,9860.2956742128,30.23885961904739,21585.98597239976,12195.411940025198,10081.728691047616,9970.296700950066,0,SAA-MILP,0.5333069000043906,2.7284841053187847e-12,0
saa_joint,dev_april,development,2025-04-26,saa_joint,2016.8935434211705,1550.8675844211648,25847.070363469713,0.0,10094.288626370873,0.0,10094.288626370873,38.131557619047726,23809.58066188712,12360.988809106402,10431.824298476191,10319.856549909628,0,SAA-MILP,0.5242018999997526,2.3305801732931286e-12,0
saa_joint,dev_april,development,2025-04-27,saa_joint,1550.8675844211648,1503.2522430084437,55866.298383038185,377.4409853047613,32956.82046421988,2476.2015840918866,35433.02204831177,1334.9234840952383,2540.842654005878,20196.60975884183,16402.10771193333,35464.46742809784,1,SAA-MILP,1.1637102999957278,3.751665644813329e-12,0
saa_joint,dev_april,development,2025-04-28,saa_joint,1503.2522430084437,1552.352033444443,55359.45663284466,4380.538411333691,33616.92852213766,27692.084380932898,61309.012903070565,153.11658447619004,0.0,15372.217534963715,12407.306391928212,61275.16120599131,15,SAA-MILP,1.3082272000028752,7.275957614183426e-12,0
saa_joint,dev_april,development,2025-04-29,saa_joint,1552.352033444443,1704.8039774309561,57580.493103149856,0.0,34157.9988640641,0.0,34157.9988640641,1920.6336502198765,4751.71615,17566.962298291888,14092.032712028571,34057.78543622675,0,SAA-MILP,1.3350314999988768,3.524291969370097e-12,0
saa_joint,dev_april,development,2025-04-30,saa_joint,1704.8039774309561,2108.563298561633,57098.979215122956,0.0,33797.4298550414,0.0,33797.4298550414,1521.4561062886605,3474.239316666666,18331.820893772056,14485.391534937757,33532.36261776784,0,SAA-MILP,1.3316969999868888,6.707523425575346e-12,0
saa_joint,val_june,validation,2025-06-08,saa_joint,1781.3549957153423,5975.67621494814,86821.4730729035,0.0,60982.521375663346,0.0,60982.521375663346,13263.040315654327,1625.3386999999998,15648.851017226336,8900.680226643817,57973.63591972079,0,SAA-MILP,1.2271058000042103,9.663381206337363e-13,0
saa_joint,val_june,validation,2025-06-09,saa_joint,5975.67621494814,5547.744309446224,80920.793330762,0.0,59288.30720231611,0.0,59288.30720231611,6662.61867522986,863.7589666666668,14983.377213073,12521.674257540859,59603.83450165728,0,SAA-MILP,1.3428482000017539,2.3874235921539366e-12,0
saa_joint,val_june,validation,2025-06-10,saa_joint,5547.744309446224,6066.571879869189,81913.09045833492,0.0,59446.158154251425,0.0,59446.158154251425,6418.080998094058,458.2999333333329,15533.265685229097,12115.0003916549,59064.74919973408,0,SAA-MILP,1.5978649999888148,2.1032064978498966e-12,0
saa_joint,val_june,validation,2025-06-11,saa_joint,6066.571879869189,5992.568817015174,82006.14589873837,0.0,59722.45149615724,0.0,59722.45149615724,2444.7190746278593,0.0,18650.438231644464,15173.457724200623,59777.844777535785,0,SAA-MILP,0.9837974999973085,1.0658141036401503e-12,0
saa_joint,val_june,validation,2025-06-12,saa_joint,5992.568817015174,6672.716699466663,82901.75164351071,0.0,60995.10678968767,0.0,60995.10678968767,6540.127139952736,448.5068666666666,14992.595312377029,11531.869108819048,60491.9435884683,0,SAA-MILP,1.548607799981255,3.637978807091713e-12,0
saa_joint,val_june,validation,2025-06-13,saa_joint,6672.716699466663,4854.391539675115,35764.845790932006,0.0,19970.63703259911,0.0,19970.63703259911,481.96226152372634,6628.867942445637,10237.865951447573,9929.164064484929,21018.040055674486,0,SAA-MILP,1.285825400002068,5.215383680479135e-12,0
saa_joint,val_june,validation,2025-06-14,saa_joint,4854.391539675115,4776.367962692276,37733.49285305618,0.0,21062.266141318993,0.0,21062.266141318993,554.9705133339205,9025.610600102655,10683.106362653476,8723.537373033869,21106.987743938753,0,SAA-MILP,0.7311770000087563,3.943512183468556e-12,0
saa_joint,val_june,validation,2025-06-15,saa_joint,4776.367962692276,7862.713784048781,85665.49635621287,0.0,62429.3637162729,0.0,62429.3637162729,8757.66495785068,298.84709999999995,16864.73013583162,10882.720170802759,60157.67623515869,0,SAA-MILP,1.3687158999964595,1.8189894035458565e-12,0
saa_joint,val_june,validation,2025-06-16,saa_joint,7862.713784048781,8124.357086905045,81555.57595708696,0.0,60965.13629922131,0.0,60965.13629922131,5788.147091893028,134.01041666666652,14230.982417315574,11291.61678545498,60771.2801973773,0,SAA-MILP,1.6728397000115365,2.6716406864579767e-11,0
saa_joint,val_june,validation,2025-06-17,saa_joint,8124.357086905045,6614.190379186239,80327.61329486065,0.0,59963.334850459454,0.0,59963.334850459454,4412.337364281006,82.02935000000014,13449.396846631085,12253.161482718098,61089.562437532986,0,SAA-MILP,1.2861051999789197,1.8189894035458565e-12,0
saa_joint,val_june,validation,2025-06-18,saa_joint,6614.190379186239,7795.6552202179755,82273.60121671988,0.0,61082.790992417235,0.0,61082.790992417235,7725.058722089358,88.67290000000003,12990.317566852444,9458.838872221913,60210.81677381797,0,SAA-MILP,1.5033692000142764,1.0231815394945443e-12,0
saa_joint,val_june,validation,2025-06-19,saa_joint,7795.6552202179755,8168.608779708368,79042.3282760618,0.0,58793.291791317606,0.0,58793.291791317606,6648.516621740139,1413.7795420747962,12551.945835292197,9831.417923045326,58522.110032236924,0,SAA-MILP,2.554090699995868,2.5224267119483557e-12,0
saa_joint,val_june,validation,2025-06-20,saa_joint,8168.608779708368,4094.3986542115254,31810.364145039282,0.0,17572.647237979872,0.0,17572.647237979872,507.9621709955888,10484.29728275798,10970.068180173046,12552.544338887328,19850.848777667226,0,SAA-MILP,0.8787967000098433,4.320099833421409e-12,0
saa_joint,val_june,validation,2025-06-21,saa_joint,4094.3986542115254,4096.7707294825395,34455.696236000316,0.0,18126.741955340807,0.0,18126.741955340807,1065.0973253704285,11582.11328770841,13008.475553566135,10534.730330644656,18125.440698596653,0,SAA-MILP,1.2294616999861319,3.296918293926865e-12,0
saa_joint,val_august,validation,2025-08-18,saa_joint,2178.160729337569,2300.6739034099546,72481.68567586444,25.67224333333354,53171.27339891444,214.57856790833506,53385.851966822775,2251.433498562428,2018.8177650335078,19645.943064579078,15802.952025643906,53292.39830507449,3,SAA-MILP,1.7028363000135869,3.495870259939693e-12,0
saa_joint,val_august,validation,2025-08-19,saa_joint,2300.6739034099546,1934.8970152998934,72330.54427563354,14.570060000000012,52988.5921286413,124.4469157300001,53113.039044371304,1585.1589886564943,3225.7664999999984,18661.726296189998,15445.197499212953,53390.52607889269,2,SAA-MILP,0.9822656000033021,3.467448550509289e-12,0
saa_joint,val_august,validation,2025-08-20,saa_joint,1934.8970152998934,1643.2466671015984,72806.36364008873,1672.6114760201729,53943.17217370714,10678.668094650455,64621.8402683576,309.4818180470371,0.0,19901.51339354569,16382.711162150488,64849.24405504009,9,SAA-MILP,0.921708400011994,3.183231456205249e-12,0
saa_joint,val_august,validation,2025-08-21,saa_joint,1643.2466671015984,1978.9715443200355,74151.3322959798,0.0,54005.25231005741,0.0,54005.25231005741,2390.347080400382,2122.0068,18381.09233026047,14586.53239801439,53749.266707395414,0,SAA-MILP,2.5612718999909703,4.120181882156342e-10,0
saa_joint,val_august,validation,2025-08-22,saa_joint,1978.9715443200355,1504.7887007620773,40191.5681980571,0.0,22920.80370411145,0.0,22920.80370411145,62.010303904251714,16817.592946216853,13200.842669148227,11119.447121212224,23202.669248164835,0,SAA-MILP,0.8054527999775019,2.7284841053187847e-12,0
saa_joint,val_august,validation,2025-08-23,saa_joint,1504.7887007620773,2338.486664147609,40965.10074074172,0.0,22935.416493611945,0.0,22935.416493611945,23.47110019047625,15054.419107425041,13720.401137259067,10363.196754132863,22440.802771200713,0,SAA-MILP,0.6759420000016689,3.637978807091713e-12,0
saa_joint,val_august,validation,2025-08-24,saa_joint,2338.486664147609,2146.260964685904,75597.33615778288,0.0,55065.52515608537,0.0,55065.52515608537,3788.9860230991426,4730.124220411526,18513.892423444253,15169.255992505381,55211.02451238086,0,SAA-MILP,0.9465875000169035,4.547473508864641e-12,0
saa_joint,val_august,validation,2025-08-25,saa_joint,2146.260964685904,1728.6181569479252,75991.07104612769,149.94671830952075,55629.17921729195,1275.4467859407835,56904.62600323273,1135.3236957613194,962.0525166666669,19191.75295950924,15921.198424166667,57227.94052846852,1,SAA-MILP,1.1153034000017215,2.7284841053187847e-12,0
saa_joint,val_august,validation,2025-08-26,saa_joint,1728.6181569479252,2477.8245836042192,77621.98907474685,0.0,55760.057345654095,0.0,55760.057345654095,4783.2477533004,2965.026950000001,19319.00107432873,14974.105086215612,55190.67825504795,0,SAA-MILP,1.211234999995213,2.0463630789890885e-12,0
saa_joint,val_august,validation,2025-08-27,saa_joint,2477.8245836042192,2070.5776990502472,76621.60262066052,0.0,55364.10519764592,0.0,55364.10519764592,2863.1928062709603,2491.941557780774,19572.850452845723,16220.531062903607,55676.890658268996,0,SAA-MILP,1.1022997999971267,2.0747847884194925e-12,0
saa_joint,val_august,validation,2025-08-28,saa_joint,2070.5776990502472,2010.3171011388445,76192.43506682952,17.887666666666632,55567.51097830289,150.42633283333305,55717.93731113622,1615.601294830104,0.0,20427.16312343698,16600.236668104222,55764.76909844318,1,SAA-MILP,1.3434706999978516,1.9610979506978765e-12,0
saa_joint,val_august,validation,2025-08-29,saa_joint,2010.3171011388445,2336.1005395996162,41196.41086093215,0.0,23273.29985219502,0.0,23273.29985219502,459.94950336791425,15184.631991462667,14228.441692036202,11231.832675934635,23078.462827062416,0,SAA-MILP,1.545724399999017,2.3305801732931286e-12,0
saa_joint,val_august,validation,2025-08-30,saa_joint,2336.1005395996162,2001.2932212019646,40924.28853660008,0.0,23465.2730636018,0.0,23465.2730636018,402.5094771552734,19900.66234945796,12682.755069533647,10574.35819288014,23662.540280074252,0,SAA-MILP,1.1098266000044532,3.637978807091713e-12,0
saa_joint,val_august,validation,2025-08-31,saa_joint,2001.2932212019646,2660.704116828883,77709.99548653478,0.0,56216.249936306405,0.0,56216.249936306405,3846.649850351167,3093.5439839127685,18577.414541438404,14454.235972500883,55713.85466609169,0,SAA-MILP,1.6491653000121005,3.325340003357269e-12,0
saa_joint,eval_september,evaluation,2025-09-10,saa_joint,4786.2408636984155,6077.7882416762795,67919.0278066793,386.93610183333186,46041.67895343446,2020.3945815464922,48062.07353498095,2060.830972276306,0.0,19824.95603187501,14895.821745638681,47153.287523506384,4,SAA-MILP,1.9584328999917489,3.552713678800501e-12,0
saa_joint,eval_september,evaluation,2025-09-11,saa_joint,6077.7882416762795,6444.068679055203,67768.58938420331,0.0,45400.002834768435,0.0,45400.002834768435,5247.320007316929,5464.840041770722,17003.637674427886,13443.29412264556,45151.75352123159,0,SAA-MILP,1.6651063000026625,2.6147972675971687e-12,0
saa_joint,eval_september,evaluation,2025-09-12,saa_joint,6444.068679055203,6417.381890761685,33874.21930030746,0.0,17407.492245839065,0.0,17407.492245839065,148.53502414226938,19810.147069298488,12567.890085951947,10204.009079085246,17421.30471032781,0,SAA-MILP,0.5454048999818042,2.481354280924743e-12,0
saa_joint,eval_september,evaluation,2025-09-13,saa_joint,6417.381890761685,6543.363012257091,34234.39551230154,0.0,17757.609834790936,0.0,17757.609834790936,0.0,23693.898358656388,12736.908741926109,10203.513071614287,17693.37654901788,0,SAA-MILP,0.5459169000096153,2.7853275241795927e-12,0
saa_joint,eval_september,evaluation,2025-09-14,saa_joint,6543.363012257091,6462.366155981972,66969.29734116413,0.0,46003.01612005499,0.0,46003.01612005499,2970.960462292765,781.4006267313358,16792.150909408665,13674.539407268627,46059.57749036779,0,SAA-MILP,15.300073099992005,2.6943780540023e-11,0
saa_joint,eval_september,evaluation,2025-09-15,saa_joint,6462.366155981972,5984.401080585999,65417.945696971234,0.0,44438.85530660813,0.0,44438.85530660813,3712.614686344093,3801.4411293274497,17194.883241172298,14358.023993205938,44766.52605641487,0,SAA-MILP,13.751665699994192,2.3874235921539366e-12,0
saa_joint,eval_september,evaluation,2025-09-16,saa_joint,5984.401080585999,5364.421759907112,65369.90573436593,0.0,45082.0227458517,0.0,45082.0227458517,1352.8298647309825,1971.910282306878,16375.668382135485,13822.272778140743,45516.102429686245,0,SAA-MILP,3.020391500002006,4.547473508864641e-12,0
saa_joint,eval_september,evaluation,2025-09-17,saa_joint,5364.421759907112,5785.3389016825395,66847.2347197724,2.606964285714298,45574.12158448167,13.051766696428636,45587.17335117809,2452.1382696143446,596.3931216472664,18222.98139578222,14381.789502985712,45292.42638572306,1,SAA-MILP,4.350230700016255,3.637978807091713e-12,0
saa_joint,eval_september,evaluation,2025-09-18,saa_joint,5785.3389016825395,5746.4370061052305,66484.75841383068,0.0,45014.48855567189,0.0,45014.48855567189,2261.031420235919,2070.647133333333,17010.73920849658,13813.71046490181,45041.44146657209,0,SAA-MILP,2.679980799992336,3.637978807091713e-12,0
saa_joint,eval_september,evaluation,2025-09-19,saa_joint,5746.4370061052305,5319.593572555924,33366.21252812081,0.0,17016.52530989966,0.0,17016.52530989966,0.0,15321.180733756608,12251.781936273195,10308.10245857566,17244.428490488914,0,SAA-MILP,1.1390772000013385,2.5011104298755527e-12,0
saa_joint,eval_september,evaluation,2025-09-20,saa_joint,5319.593572555924,5559.052651492064,33927.07177201184,0.0,17076.73197204621,0.0,17076.73197204621,0.0,15613.00034097002,12911.18171929453,10242.544021586044,16950.12636512649,0,SAA-MILP,1.5762382000102662,2.7284841053187847e-12,0
saa_joint,eval_september,evaluation,2025-09-21,saa_joint,5559.052651492064,5634.014143184267,69882.86181883897,0.0,47624.30423128201,0.0,47624.30423128201,4874.132615931099,3688.8947825773103,15604.639970917106,12572.293033919874,47572.096222821536,0,SAA-MILP,2.8642458000103943,3.637978807091713e-12,0
saa_joint,eval_september,evaluation,2025-09-22,saa_joint,5634.014143184267,3860.8719494407856,67007.47979962389,0.0,45941.9831167637,0.0,45941.9831167637,1998.745366258668,2863.8806999999993,16456.114865268577,14925.281015236678,47190.185455835555,0,SAA-MILP,5.357739700004458,1.2280452210688964e-09,0
saa_joint,eval_september,evaluation,2025-09-23,saa_joint,3860.8719494407856,3268.0690264920668,69824.85664994881,0.0,46583.088301057316,0.0,46583.088301057316,2481.508200209291,2220.558350005879,18629.98498449554,15623.810468095233,47000.17072907644,0,SAA-MILP,9.065726200002246,2.3874235921539366e-12,0
saa_joint,eval_december,evaluation,2025-12-08,saa_joint,1451.3861965089911,3705.6161908445165,96687.90486023668,0.0,74150.44074854156,0.0,74150.44074854156,2340.309327070753,0.0,23534.6180084068,17034.233591907534,72307.23859801069,0,SAA-MILP,2.2866937999788206,1.6200374375330284e-12,0
saa_joint,eval_december,evaluation,2025-12-09,saa_joint,3705.6161908445165,3689.7539987481364,94549.61680104339,0.0,72824.0172821511,0.0,72824.0172821511,3141.5019558647923,0.0,21231.245007361467,17211.584428849532,72836.9481312342,0,SAA-MILP,2.025493399996776,1.5916157281026244e-12,0
saa_joint,eval_december,evaluation,2025-12-10,saa_joint,3689.7539987481364,3846.8300166007366,94537.59353712914,0.0,73962.43898564983,0.0,73962.43898564983,2001.3483914531523,0.0,21090.83296285256,16942.206283843236,73832.9230350271,0,SAA-MILP,1.7291569999943022,1.3642420526593924e-12,0
saa_joint,eval_december,evaluation,2025-12-11,saa_joint,3846.8300166007366,4069.4864587931143,94672.43027526485,0.0,72580.73124432784,0.0,72580.73124432784,4752.92644057378,0.0,19778.20177219966,15819.95263750858,72400.8536452136,0,SAA-MILP,2.3722080000152346,2.0463630789890885e-12,0
saa_joint,eval_december,evaluation,2025-12-12,saa_joint,4069.4864587931143,4348.41329544853,48018.66723525995,0.0,23852.582790016102,0.0,23852.582790016102,756.7701692745472,0.0,17349.733840327397,13802.250257675321,23670.889325630946,0,SAA-MILP,2.5303719000075944,5.002220859751105e-12,0
saa_joint,eval_december,evaluation,2025-12-13,saa_joint,4348.41329544853,4668.722811556138,48627.00803299171,0.0,24711.066656843464,0.0,24711.066656843464,1263.3821229788687,0.0,17246.38927464563,13681.296747966118,24500.710789297354,0,SAA-MILP,1.1393456000078004,3.183231456205249e-12,0
saa_joint,eval_december,evaluation,2025-12-14,saa_joint,4668.722811556138,3761.03716498413,94745.86991870146,0.0,74678.04316628541,0.0,74678.04316628541,3012.0110535768326,0.0,19852.916563365492,16897.77949824086,75430.20935799494,0,SAA-MILP,2.630903399985982,2.9558577807620168e-12,0
saa_joint,eval_december,evaluation,2025-12-15,saa_joint,3761.03716498413,3944.1490684587984,97327.94465500097,0.0,76353.90384386608,0.0,76353.90384386608,3750.4361193077953,0.0,20753.420294206928,16645.469725180414,76203.20343397607,0,SAA-MILP,1.6261323999788146,3.183231456205249e-12,0
saa_joint,eval_december,evaluation,2025-12-16,saa_joint,3944.1490684587984,3791.5273581221886,97154.05620352221,0.0,75778.96857062828,0.0,75778.96857062828,4001.747809157555,0.0,20376.71894912777,16642.50188809645,75904.09128275071,0,SAA-MILP,2.558221400016919,3.865352482534945e-12,0
saa_joint,eval_december,evaluation,2025-12-17,saa_joint,3791.5273581221886,3432.1457910483336,96972.60910849203,0.0,75407.9132164574,0.0,75407.9132164574,5295.801750026102,0.0,20044.230011398624,16559.26971959936,75701.86173238716,0,SAA-MILP,2.1602509999938775,1.0231815394945443e-12,0
saa_joint,eval_december,evaluation,2025-12-18,saa_joint,3432.1457910483336,3601.74063123164,96777.94011925798,0.0,74625.40715353348,0.0,74625.40715353348,5236.273522707331,0.0,21172.443545889546,16997.043916005554,74486.58868899824,0,SAA-MILP,2.049170200014487,1.0231815394945443e-12,0
saa_joint,eval_december,evaluation,2025-12-19,saa_joint,3601.74063123164,4099.156409792068,49843.63341346172,0.0,24707.47737722081,0.0,24707.47737722081,1526.007864688938,1599.2176160493834,17696.539115889587,13886.522483166184,24382.871301368952,0,SAA-MILP,1.3377385000057984,9.592326932761343e-12,0
saa_joint,eval_december,evaluation,2025-12-20,saa_joint,4099.156409792068,4343.148906419774,49346.60391155745,0.0,24563.26998974189,0.0,24563.26998974189,1542.6285441357995,1422.9793001716314,17395.003001500463,13870.35918425044,24405.38884997714,0,SAA-MILP,1.1888466000091285,4.092726157978177e-12,0
saa_joint,eval_december,evaluation,2025-12-21,saa_joint,4343.148906419774,3700.2671280772443,95054.89205388667,0.0,73769.34345730853,0.0,73769.34345730853,2631.754989046444,0.0,20862.88841411492,17477.533215941363,74295.90783189332,0,SAA-MILP,1.8464946000021882,9.663381206337363e-13,0
saa_shuffled,dev_march,development,2025-03-07,saa_shuffled,1607.6682326867735,2173.62441044801,34200.80545135138,0.0,14228.166520664652,0.0,14228.166520664652,301.6191666666664,9432.010914961786,15976.469875813049,12431.580039423457,13918.219912468488,0,SAA-MILP,1.0457007999939378,2.8137492336099967e-12,0
saa_shuffled,dev_march,development,2025-03-08,saa_shuffled,2173.62441044801,2119.4651775203706,32633.165149774413,0.0,13628.7739213187,0.0,13628.7739213187,239.31007251209505,10461.199309139327,15359.26084784842,12489.744596392096,13657.88650613902,0,SAA-MILP,0.6569950999983121,3.524291969370097e-12,0
saa_shuffled,dev_march,development,2025-03-09,saa_shuffled,2119.4651775203706,4675.099205828567,75748.77579459405,0.0,49979.1316055509,0.0,49979.1316055509,4393.8360599762755,2189.5060775096995,18588.62095595106,12756.71234884298,48176.31548477525,0,SAA-MILP,1.4627595999918412,2.7284841053187847e-12,0
saa_shuffled,dev_march,development,2025-03-10,saa_shuffled,4675.099205828567,4067.7455405524515,71323.8769934732,0.0,49140.355016818496,0.0,49140.355016818496,640.0095758429209,0.0,16781.12771778308,14139.331750152796,49578.989629841315,0,SAA-MILP,1.2635689999733586,2.7284841053187847e-12,0
saa_shuffled,dev_march,development,2025-03-11,saa_shuffled,4067.7455405524515,4110.686154437939,71704.86099392308,0.0,48361.261672697074,0.0,48361.261672697074,3004.64502103603,1643.4713196096338,16206.206846213077,13088.38099293565,48330.75435253483,0,SAA-MILP,1.3611999000131618,2.9558577807620168e-12,0
saa_shuffled,dev_march,development,2025-03-12,saa_shuffled,4110.686154437939,3924.807352612062,71404.01584867248,0.0,47272.29361445398,0.0,47272.29361445398,3838.8292644550115,2172.9285666666665,16442.180294003996,13485.456959786523,47402.80864750452,0,SAA-MILP,1.1487907999835443,2.3590018827235326e-12,0
saa_shuffled,dev_march,development,2025-03-13,saa_shuffled,3924.807352612062,3378.2144287008487,70766.48291365872,0.0,47751.34931587567,0.0,47751.34931587567,252.43071857142866,0.0,18212.462157582762,15244.027979162127,48144.717895150316,0,SAA-MILP,1.2789536000054795,5.6274984672199935e-12,0
saa_shuffled,dev_march,development,2025-03-14,saa_shuffled,3378.2144287008487,2172.9271030991667,30331.914197465827,0.0,12458.162239316096,0.0,12458.162239316096,147.37980590476195,12621.288789519105,13781.99058815863,12248.170969450002,13099.674158453856,0,SAA-MILP,0.6269415999995545,3.467448550509289e-12,0
saa_shuffled,dev_march,development,2025-03-15,saa_shuffled,2172.9271030991667,1756.1554654492584,31303.065049578232,0.0,13187.360277736312,0.0,13187.360277736312,229.60763226219336,7655.497885367433,15099.625557018557,12605.791175069953,13414.206996250969,0,SAA-MILP,1.2378816999844275,1.801625515440719e-11,0
saa_shuffled,dev_march,development,2025-03-16,saa_shuffled,1756.1554654492584,4136.232048360146,72951.92446844759,0.0,47199.449277103085,0.0,47199.449277103085,3035.943654469889,488.8266500000001,20705.46476855037,14629.357537906004,45518.149791004056,0,SAA-MILP,2.047464300005231,3.609557097661309e-12,0
saa_shuffled,dev_march,development,2025-03-17,saa_shuffled,4136.232048360146,3994.7133015380527,69486.4416290778,0.0,44174.21808264633,0.0,44174.21808264633,5643.7665089770735,3050.505983333333,16112.65566091553,13178.617957481463,44271.03928312448,0,SAA-MILP,1.592770399991423,1.2621482806264934e-11,0
saa_shuffled,dev_march,development,2025-03-18,saa_shuffled,3994.7133015380527,3034.8519598699872,67858.21189601,0.0,43029.001955932574,0.0,43029.001955932574,3103.9127927912937,759.6038334450385,19645.326897938314,16776.589994831298,43699.383514873676,0,SAA-MILP,1.3864411000104155,2.2168933355715126e-12,0
saa_shuffled,dev_march,development,2025-03-19,saa_shuffled,3034.8519598699872,3190.6841596003546,68644.83606756547,0.0,42873.88855553163,0.0,42873.88855553163,3258.96175068665,1902.2185999999997,20410.190984849927,16392.00571797111,42765.63903622306,0,SAA-MILP,1.3944040999922436,2.7284841053187847e-12,0
saa_shuffled,dev_march,development,2025-03-20,saa_shuffled,3190.6841596003546,2257.077338741793,67810.58895826963,0.0,43023.88112704256,0.0,43023.88112704256,1681.2360639435622,1014.3316833333329,19717.39754262512,16811.338148299055,43678.12886342545,0,SAA-MILP,1.580559499998344,3.183231456205249e-12,0
saa_shuffled,dev_april,development,2025-04-17,saa_shuffled,1618.0719069862432,2409.613783456878,60769.98575981234,0.0,36372.31186045379,0.0,36372.31186045379,1307.6165066176375,1944.2248999999997,20723.23323353233,16073.431230337617,35839.61159829414,0,SAA-MILP,1.0179148000024725,3.0269120543380268e-12,0
saa_shuffled,dev_april,development,2025-04-18,saa_shuffled,2409.613783456878,2577.276856803654,26511.034279689888,0.0,10621.127669647462,0.0,10621.127669647462,83.10464558612296,17494.84509199177,12779.318909297708,10200.351550519048,10536.712979847089,0,SAA-MILP,1.307928099995479,2.2737367544323206e-12,0
saa_shuffled,dev_april,development,2025-04-19,saa_shuffled,2577.276856803654,2517.381780789471,26403.519876930684,0.0,10625.763509627192,0.0,10625.763509627192,110.59074487948143,17180.30115127807,12536.075258873132,10208.126528099998,10655.84154403115,0,SAA-MILP,0.5156592999992426,4.263256414560601e-12,0
saa_shuffled,dev_april,development,2025-04-20,saa_shuffled,2517.381780789471,2357.2523853831235,59451.423549769606,0.0,35521.91840002536,0.0,35521.91840002536,1370.9370931306967,2469.614164814816,19985.494022928855,16332.366614438091,35629.3484107565,0,SAA-MILP,1.0627625999914017,4.547473508864641e-12,0
saa_shuffled,dev_april,development,2025-04-21,saa_shuffled,2357.2523853831235,2010.2503900191061,59216.37820990235,0.0,34973.21479590853,0.0,34973.21479590853,2943.2207925084626,4519.141879129937,18681.0892145171,15443.984059586475,35202.42934958495,0,SAA-MILP,1.4605614000174683,3.637978807091713e-12,0
saa_shuffled,dev_april,development,2025-04-22,saa_shuffled,2010.2503900191061,2248.277121313597,59100.513271856486,0.0,35541.931566467625,0.0,35541.931566467625,877.6960460533506,2114.6451166666666,19689.572285814567,15734.329493344761,35381.0582247881,0,SAA-MILP,1.0482209000037983,2.7853275241795927e-12,0
saa_shuffled,dev_april,development,2025-04-23,saa_shuffled,2248.277121313597,2405.845797393599,59265.37183038289,0.0,36095.70928024053,0.0,36095.70928024053,1728.6909411308602,2377.420133333333,19039.643319894887,15280.299280642854,35989.64645603672,0,SAA-MILP,1.1399236000142992,4.092726157978177e-12,0
saa_shuffled,dev_april,development,2025-04-24,saa_shuffled,2405.845797393599,2242.5653781009187,58143.1231630371,0.0,34952.05844150794,0.0,34952.05844150794,2400.5814759486707,5304.634016666667,18393.43867255355,15045.637702131791,35060.24253661712,0,SAA-MILP,1.7003078999987338,4.234834705130197e-12,0
saa_shuffled,dev_april,development,2025-04-25,saa_shuffled,2242.5653781009187,2016.8935434211708,25730.685938916675,0.0,9860.423753586903,0.0,9860.423753586903,30.23885961904739,21585.98597239976,12195.83214794548,10081.728691047618,9970.240745958348,0,SAA-MILP,0.5064200999913737,2.7284841053187847e-12,0
saa_shuffled,dev_april,development,2025-04-26,saa_shuffled,2016.8935434211708,1550.8675844211646,25847.070363469713,0.0,10094.288626370873,0.0,10094.288626370873,38.131557619047726,23809.58066188712,12360.9888091064,10431.82429847619,10319.856549909628,0,SAA-MILP,0.598278699995717,3.183231456205249e-12,0
saa_shuffled,dev_april,development,2025-04-27,saa_shuffled,1550.8675844211646,1503.2522430084437,55866.298383038185,377.4409853047613,32956.82046421988,2476.2015840918866,35433.02204831177,1334.9234840952383,2540.842654005878,20196.60975884183,16402.10771193333,35464.46742809784,1,SAA-MILP,1.20365040001343,3.524291969370097e-12,0
saa_shuffled,dev_april,development,2025-04-28,saa_shuffled,1503.2522430084437,1553.0165014444426,55360.19493062244,4380.53841133369,33617.15645016962,27692.09839649624,61309.254846665855,153.11658447619004,0.0,15372.955832741494,12407.306391928212,61274.945034200464,15,SAA-MILP,1.2703467000101227,6.366462912410498e-12,0
saa_shuffled,dev_april,development,2025-04-29,saa_shuffled,1553.0165014444426,1710.433256862437,57710.597892153695,0.0,34199.18919155128,0.0,34199.18919155128,1843.3191956190462,4822.157082993543,18264.38324735921,14652.475350484767,34095.71217284651,0,SAA-MILP,1.195631200011121,2.2737367544323206e-12,0
saa_shuffled,dev_april,development,2025-04-30,saa_shuffled,1710.433256862437,2107.036812403647,57094.70648077522,0.0,33816.738685744735,0.0,33816.738685744735,1521.4561062886607,3474.239316666666,18343.228549997228,14501.071925510663,33556.3691951636,0,SAA-MILP,1.2201976999931503,3.126388037344441e-12,0
saa_shuffled,val_june,validation,2025-06-08,saa_shuffled,1781.3549957153423,6179.161932229626,86799.18514060041,0.0,61071.74687289852,0.0,61071.74687289852,13069.152314688994,1625.3386999999998,15588.129559904757,8668.358700660001,57916.88661359259,0,SAA-MILP,1.7503498999867588,7.219114195322618e-11,0
saa_shuffled,val_june,validation,2025-06-09,saa_shuffled,6179.161932229626,5580.078574863047,80702.01101165987,0.0,59209.2609998611,0.0,59209.2609998611,6628.337776278658,863.7589666666668,14823.034510584921,12545.832975203712,59650.9835061753,0,SAA-MILP,1.0887766999949235,1.8189894035458565e-12,0
saa_shuffled,val_june,validation,2025-06-10,saa_shuffled,5580.078574863047,6160.1936167633185,81884.5661517633,0.0,59484.546814557434,0.0,59484.546814557434,6323.795708317458,458.2999333333329,15589.06704773124,12105.040770952057,59058.08321808628,0,SAA-MILP,0.9413612999778707,1.3393730569077889e-12,0
saa_shuffled,val_june,validation,2025-06-11,saa_shuffled,6160.1936167633185,6068.768152611991,81871.2186837209,0.0,59857.94392638438,0.0,59857.94392638438,2395.1997191052315,0.0,18283.450345711542,14891.877697762537,59926.378343361,0,SAA-MILP,0.987632800010033,1.5205614545266144e-12,0
saa_shuffled,val_june,validation,2025-06-12,saa_shuffled,6068.768152611991,6698.161143256181,82789.39084798741,0.0,60970.99972071511,0.0,60970.99972071511,6525.382266560052,448.5068666666666,14719.245209724095,11356.13492829674,60505.3842271314,0,SAA-MILP,1.0942642000154592,1.3145040611561853e-12,0
saa_shuffled,val_june,validation,2025-06-13,saa_shuffled,6698.161143256181,4933.504013648688,35731.778707307894,0.0,20048.637979733277,0.0,20048.637979733277,411.01776539036905,6641.806270799546,10114.907304024864,9781.266332906884,21065.126808636847,0,SAA-MILP,0.7555575000005774,4.206412995699793e-12,0
saa_shuffled,val_june,validation,2025-06-14,saa_shuffled,4933.504013648688,4788.177566059822,37512.44339572124,0.0,21031.845084580906,0.0,21031.845084580906,538.0986203031285,9028.501187197307,9912.077058162,8159.576219941196,21115.14338863892,0,SAA-MILP,0.7815143000043463,3.0411229090532288e-12,0
saa_shuffled,val_june,validation,2025-06-15,saa_shuffled,4788.177566059822,8076.365220469961,85561.52817203762,0.0,62455.871649540895,0.0,62455.871649540895,8548.65908237562,298.84709999999995,16461.467196629215,10374.419540300545,60035.61962256787,0,SAA-MILP,1.777869199984707,1.0942358130705543e-12,0
saa_shuffled,val_june,validation,2025-06-16,saa_shuffled,8076.365220469961,8122.220518441284,81327.27273540127,0.0,60836.56857058732,0.0,60836.56857058732,5783.353900458556,134.01041666666652,14076.767544395785,11360.911942786399,60802.59357785265,0,SAA-MILP,1.4394887000089511,1.1368683772161603e-12,0
saa_shuffled,val_june,validation,2025-06-17,saa_shuffled,8122.220518441284,6489.53748620623,80342.81770789089,0.0,59894.18995259293,0.0,59894.18995259293,4526.213546604348,82.02935000000014,13510.412229639025,12412.848635019149,61111.78577327392,0,SAA-MILP,2.1403937000141013,9.094947017729282e-13,0
saa_shuffled,val_june,validation,2025-06-18,saa_shuffled,6489.53748620623,7887.501356504716,82352.86502480923,0.0,61159.97655840792,0.0,61159.97655840792,7585.6098392945305,88.67290000000003,13115.91527497927,9365.723889464572,60128.21631375347,0,SAA-MILP,1.6174850999959745,2.2737367544323206e-12,0
saa_shuffled,val_june,validation,2025-06-19,saa_shuffled,7887.501356504716,7926.682781250798,78959.52288854221,0.0,58570.6928461702,0.0,58570.6928461702,6744.606521638043,1556.9697499999997,12437.784919119513,10039.342502215335,58542.20327309721,0,SAA-MILP,1.4578997000062373,2.6147972675971687e-12,0
saa_shuffled,val_june,validation,2025-06-20,saa_shuffled,7926.682781250798,4094.1472200556,32028.097543651096,0.0,17616.40412582829,0.0,17616.40412582829,507.9621709955888,10505.551047432875,10859.397264727973,12245.393789505337,19759.466988929067,0,SAA-MILP,1.0308244999905583,4.121147867408581e-12,0
saa_shuffled,val_june,validation,2025-06-21,saa_shuffled,4094.1472200556,4099.122510075133,34458.67764167892,0.0,18118.51368640526,0.0,18118.51368640526,1065.0973253704285,11576.27787778013,13042.548829004114,10559.986790475752,18115.784376011463,0,SAA-MILP,1.1220509000122547,4.206412995699793e-12,0
saa_shuffled,val_august,validation,2025-08-18,saa_shuffled,2178.160729337569,2302.568161036566,72481.68567586444,25.67224333333354,53155.504649181996,214.57856790833506,53370.08321709033,2249.72866669848,2018.8177650335078,19645.943064579078,15801.247193779958,53275.184606153176,3,SAA-MILP,1.775598300009733,4.405364961712621e-12,0
saa_shuffled,val_august,validation,2025-08-19,saa_shuffled,2302.568161036566,1939.739020196552,72330.3897226001,14.570060000000012,52990.12478896857,124.4469157300001,53114.571704698574,1582.751361912297,3225.7664999999984,18659.621565493766,15440.839694805962,53389.8225081319,2,SAA-MILP,1.0620279000140727,3.467448550509289e-12,0
saa_shuffled,val_august,validation,2025-08-20,saa_shuffled,1939.739020196552,1643.246667101606,72800.983634648,1672.6114760201745,53940.46226496665,10678.668094650464,64619.13035961711,309.4818180470371,0.0,19896.13338810497,16382.711162150488,64850.3095240951,9,SAA-MILP,1.0639139999984764,8.86757334228605e-12,0
saa_shuffled,val_august,validation,2025-08-21,saa_shuffled,1643.246667101606,1960.973819369733,74151.39859649618,0.0,53993.60003744166,0.0,53993.60003744166,2405.2936321815328,2122.0068,18388.027599684232,14608.347918702913,53751.33745258556,0,SAA-MILP,1.5576989999972284,2.5920599000528455e-11,0
saa_shuffled,val_august,validation,2025-08-22,saa_shuffled,1960.973819369733,1504.7887007620773,40211.5656702241,0.0,22927.292883829643,0.0,22927.292883829643,82.00777607125451,16797.59547404985,13220.84014131523,11119.447121212224,23198.460152726602,0,SAA-MILP,0.6991298999928404,2.7284841053187847e-12,0
saa_shuffled,val_august,validation,2025-08-23,saa_shuffled,1504.7887007620773,2338.4866641476096,40965.10074074172,0.0,22935.416493611945,0.0,22935.416493611945,23.47110019047625,15054.419107425041,13720.401137259067,10363.196754132863,22440.802771200713,0,SAA-MILP,0.7716436000191607,3.637978807091713e-12,0
saa_shuffled,val_august,validation,2025-08-24,saa_shuffled,2338.4866641476096,2143.6148398026585,75597.33615778288,0.0,54996.098957470276,0.0,54996.098957470276,3781.2525495704904,4730.124220411526,18567.129191463064,15214.75928699554,55143.60121695857,0,SAA-MILP,1.1554006000224035,4.547473508864641e-12,0
saa_shuffled,val_august,validation,2025-08-25,saa_shuffled,2143.6148398026585,1728.6181569479254,75994.01118488685,149.94671830952075,55636.63847831708,1275.4467859407835,56912.08526425787,1135.3236957613176,962.0525166666669,19194.6930982684,15921.198424166667,57233.35131506888,1,SAA-MILP,1.1147281000157818,3.353761712787673e-12,0
saa_shuffled,val_august,validation,2025-08-26,saa_shuffled,1728.6181569479254,2477.8245836042192,77630.69894126066,0.0,55752.01094176162,0.0,55752.01094176162,4783.2477533004,2965.026950000001,19364.84247703302,15011.236622406088,55182.63185115547,0,SAA-MILP,1.2692408000002615,2.0463630789890885e-12,0
saa_shuffled,val_august,validation,2025-08-27,saa_shuffled,2477.8245836042192,2070.5776990502472,76701.1643746631,0.0,55347.13417420912,0.0,55347.13417420912,2937.677027985246,2432.5354969189275,19912.23778521491,16495.43480212265,55659.91963483219,0,SAA-MILP,1.0992277000041213,2.0747847884194925e-12,0
saa_shuffled,val_august,validation,2025-08-28,saa_shuffled,2070.5776990502472,2010.3171011388445,76192.43506682952,17.887666666666632,55563.57651664349,150.42633283333305,55714.00284947682,1615.6012948301063,0.0,20427.163123436978,16600.236668104222,55760.83463678378,1,SAA-MILP,1.2488193000026513,2.4158453015843406e-12,0
saa_shuffled,val_august,validation,2025-08-29,saa_shuffled,2010.3171011388445,2336.1190225784503,41196.41086093215,0.0,23276.368416528352,0.0,23276.368416528352,459.94950336791425,15184.631991462667,14228.35414108382,11231.745124982255,23081.520337523187,0,SAA-MILP,1.517844399990281,3.183231456205249e-12,0
saa_shuffled,val_august,validation,2025-08-30,saa_shuffled,2336.1190225784503,2001.639620254874,40923.22203588285,0.0,23465.751435904564,0.0,23465.751435904564,402.19771800765466,19900.66234945796,12677.229458816424,10569.587323732521,23662.825445455856,0,SAA-MILP,1.063512599997921,3.637978807091713e-12,0
saa_shuffled,val_august,validation,2025-08-31,saa_shuffled,2001.639620254874,2664.214501771739,77708.24165846394,0.0,56216.61911220803,0.0,56216.61911220803,3842.893666217289,3094.1408215980787,18569.824705000396,14445.240617685144,55711.813248603554,0,SAA-MILP,1.8192127000074834,5.087485988042317e-12,0
saa_shuffled,eval_september,evaluation,2025-09-10,saa_shuffled,4786.2408636984155,6080.751768810278,67933.6968527563,386.93610183333163,46081.581971024236,2020.394581546491,48101.976552570726,2088.8184892627864,0.0,19740.821056453566,14825.005241126717,47191.10528115919,4,SAA-MILP,1.0924594000098296,1.8189894035458565e-12,0
saa_shuffled,eval_september,evaluation,2025-09-11,saa_shuffled,6080.751768810278,6537.503120450126,67775.80912036716,0.0,45419.630707930366,0.0,45419.630707930366,5268.932850840681,5383.565996000003,16927.096177459476,13299.871687266317,45110.06405372132,0,SAA-MILP,2.0279908000084106,2.6147972675971687e-12,0
saa_shuffled,eval_september,evaluation,2025-09-12,saa_shuffled,6537.503120450126,6472.312822854754,33790.12830305203,0.0,17408.39061546495,0.0,17408.39061546495,99.22105128988898,19820.725664491474,12511.561342665784,10193.035955395122,17442.131605974682,0,SAA-MILP,0.9078146999818273,2.7284841053187847e-12,0
saa_shuffled,eval_september,evaluation,2025-09-13,saa_shuffled,6472.312822854754,6547.811509701533,34185.66626317087,0.0,17771.735557024367,0.0,17771.735557024367,0.0,23696.078526407993,12708.091764565492,10225.605511135947,17733.241466241914,0,SAA-MILP,0.615454899991164,2.7284841053187847e-12,0
saa_shuffled,eval_september,evaluation,2025-09-14,saa_shuffled,6547.811509701533,6469.189379137369,66939.77888516148,0.0,46013.905136470334,0.0,46013.905136470334,2950.2222456437376,794.9737642974751,16663.25285646327,13567.994731242996,46068.80819871408,0,SAA-MILP,8.979292000003625,2.3646862246096134e-11,0
saa_shuffled,eval_september,evaluation,2025-09-15,saa_shuffled,6469.189379137369,6144.692423160227,65394.64672786852,0.0,44518.365416591805,0.0,44518.365416591805,3558.5353784152894,3801.4411293274497,17156.246564062538,14188.606977270083,44740.82552162552,0,SAA-MILP,1.5802192000264768,7.23332505003782e-12,0
saa_shuffled,eval_september,evaluation,2025-09-16,saa_shuffled,6144.692423160227,5387.234236806303,65179.25096707887,0.0,45025.907098735726,0.0,45025.907098735726,1314.4649263388794,1974.9294272098755,16209.468410080637,13811.381779883852,45556.24286814553,0,SAA-MILP,2.274108999990858,3.637978807091713e-12,0
saa_shuffled,eval_september,evaluation,2025-09-17,saa_shuffled,5387.234236806303,5793.546495026453,66836.33591438177,2.606964285714298,45562.63862286999,13.051766696428636,45575.690389566415,2459.4043967395673,582.6533202363319,18268.872259439202,14432.105497747616,45291.17048469291,1,SAA-MILP,2.549141600000439,4.348521542851813e-12,0
saa_shuffled,eval_september,evaluation,2025-09-18,saa_shuffled,5793.546495026453,5710.449061677248,66476.90836357202,0.0,44997.50120710784,0.0,44997.50120710784,2293.0018022904706,2070.647133333333,17010.50526997806,13853.296958696514,45055.07469250898,0,SAA-MILP,8.865565800020704,4.547473508864641e-12,0
saa_shuffled,eval_september,evaluation,2025-09-19,saa_shuffled,5710.449061677248,5322.007381815184,33398.601678105995,0.0,17028.01547619551,0.0,17028.01547619551,0.0,15316.252894490472,12266.284099077428,10285.287632128571,17235.41492844401,0,SAA-MILP,1.5107847999897785,3.637978807091713e-12,0
saa_shuffled,eval_september,evaluation,2025-09-20,saa_shuffled,5322.007381815184,5559.6744834920655,33925.59026812295,0.0,17076.652579303758,0.0,17076.652579303758,0.0,15613.00034097002,12911.872643738972,10244.716449919379,16950.994417640664,0,SAA-MILP,0.9978968000214081,3.637978807091713e-12,0
saa_shuffled,eval_september,evaluation,2025-09-21,saa_shuffled,5559.6744834920655,5638.140657882682,69886.7840631188,0.0,47627.720591329744,0.0,47627.720591329744,4874.132615931102,3688.8947825773103,15608.682233292177,12572.413052015112,47573.07169622414,0,SAA-MILP,3.1352454000152647,5.4569682106375694e-12,0
saa_shuffled,eval_september,evaluation,2025-09-22,saa_shuffled,5638.140657882682,3857.7013340952385,67002.89478329085,0.0,45939.63362206717,0.0,45939.63362206717,2001.598920068192,2863.8806999999993,16451.52984893694,14928.13456904762,47192.97277127277,0,SAA-MILP,2.8456514999852516,5.229594535194337e-12,0
saa_shuffled,eval_september,evaluation,2025-09-23,saa_shuffled,3857.7013340952385,3268.0690264920613,69828.833913913,0.0,46583.51517793079,0.0,46583.51517793079,2481.508200209295,2220.558350005879,18635.899248459726,15625.747468095238,46998.366834313274,0,SAA-MILP,13.19490030000452,3.325340003357269e-12,0
saa_shuffled,eval_december,evaluation,2025-12-08,saa_shuffled,1451.3861965089911,3696.410825070975,96691.15377201496,0.0,74102.5510519991,0.0,74102.5510519991,2341.317418392332,0.0,23590.016164474637,17087.39092751867,72266.87579536674,0,SAA-MILP,2.040738900017459,1.0231815394945443e-12,0
saa_shuffled,eval_december,evaluation,2025-12-09,saa_shuffled,3696.410825070975,3733.362960299461,94569.15655029,0.0,72813.31585526961,0.0,72813.31585526961,3070.97091715932,0.0,21455.12865662308,17345.39729015906,72783.19249772643,0,SAA-MILP,1.9457823000266217,4.433786671143025e-12,0
saa_shuffled,eval_december,evaluation,2025-12-10,saa_shuffled,3733.362960299461,3780.2191678176514,94531.98903057862,0.0,73841.0716708632,0.0,73841.0716708632,2070.3802857600413,0.0,21220.10363887136,17146.11336071943,73802.4367070905,0,SAA-MILP,1.7734220999991521,1.0231815394945443e-12,0
saa_shuffled,eval_december,evaluation,2025-12-11,saa_shuffled,3780.2191678176514,3997.7481117496445,94785.75519271193,0.0,72523.3071449085,0.0,72523.3071449085,4818.767923907447,0.0,20052.402732977338,16046.670164172849,72347.57190101857,0,SAA-MILP,1.9583492999954615,2.3874235921539366e-12,0
saa_shuffled,eval_december,evaluation,2025-12-12,saa_shuffled,3997.7481117496445,4345.697035882282,48008.563171913105,0.0,24125.819673451493,0.0,24125.819673451493,756.7701692745495,0.0,16969.60782939926,13432.228310094035,23899.16509186726,0,SAA-MILP,1.7279777999792714,2.6432189770275727e-12,0
saa_shuffled,eval_december,evaluation,2025-12-13,saa_shuffled,4345.697035882282,4691.9989821645595,48627.86193126232,0.0,24722.518269975393,0.0,24722.518269975393,1239.4248838306912,0.0,17253.852170759248,13663.948506660947,24495.092474987014,0,SAA-MILP,1.2684250000165775,3.183231456205249e-12,0
saa_shuffled,eval_december,evaluation,2025-12-14,saa_shuffled,4691.9989821645595,3741.988882268884,94723.10301290377,0.0,74651.7746749153,0.0,74651.7746749153,3023.239663563791,0.0,19874.477048663684,16953.335499323697,75439.01360683273,0,SAA-MILP,1.9268435999983922,2.0179413695586845e-12,0
saa_shuffled,eval_december,evaluation,2025-12-15,saa_shuffled,3741.988882268884,3918.5649214503715,97357.53165742276,0.0,76337.76697800477,0.0,76337.76697800477,3774.735088249576,0.0,20812.211406543094,16698.972804036574,76192.44555991856,0,SAA-MILP,1.9799688000057358,1.2931877790833823e-12,0
saa_shuffled,eval_december,evaluation,2025-12-16,saa_shuffled,3918.5649214503715,3744.2028033980982,97204.83271765358,0.0,75736.7602988113,0.0,75736.7602988113,4053.6287431169894,0.0,20473.887091843775,16740.774450640507,75879.70628633822,0,SAA-MILP,2.013177499989979,3.865352482534945e-12,0
saa_shuffled,eval_december,evaluation,2025-12-17,saa_shuffled,3744.2028033980982,3483.130825203939,97020.8337390429,0.0,75458.2234777027,0.0,75458.2234777027,5240.236813692124,0.0,20124.813889783418,16536.06403109932,75671.76175448707,0,SAA-MILP,2.2164713999954984,9.663381206337363e-13,0
saa_shuffled,eval_december,evaluation,2025-12-18,saa_shuffled,3483.130825203939,3620.941124537566,96735.35129191188,0.0,74572.65749341362,0.0,74572.65749341362,5220.409044982691,0.0,21182.347425590848,17033.67214532832,74459.85562910006,0,SAA-MILP,1.658753700001398,1.0231815394945443e-12,0
saa_shuffled,eval_december,evaluation,2025-12-19,saa_shuffled,3620.941124537566,4105.693506649221,49820.59576191075,0.0,24704.915000137218,0.0,24704.915000137218,1517.040653636603,1599.2176160493834,17682.46867539095,13886.522483166184,24388.572866856885,0,SAA-MILP,1.3582458999881055,3.979039320256561e-12,0
saa_shuffled,eval_december,evaluation,2025-12-20,saa_shuffled,4105.693506649221,4352.15890943459,49341.156943790236,0.0,24572.469278979406,0.0,24572.469278979406,1542.6285441358002,1414.9105100481688,17397.088300523377,13869.822660917107,24412.987986553817,0,SAA-MILP,2.969991099991603,4.547473508864641e-12,0
saa_shuffled,eval_december,evaluation,2025-12-21,saa_shuffled,4352.15890943459,3765.2031598311733,95042.64771928641,0.0,73799.32167547136,0.0,73799.32167547136,2573.9697455941655,0.0,20837.66464036133,17406.76853333575,74280.07878760435,0,SAA-MILP,1.4968443000107072,9.663381206337363e-13,0
oracle_actual,dev_march,development,2025-03-07,oracle_actual,1607.6682326867735,1200.0000000000002,30506.483777878893,0.0,12100.935180657134,0.0,12100.935180657134,1.1368683772161603e-13,6553.271800000003,17883.304494545555,14852.37805,12324.195197873336,0,MILP,0.12549479998415336,1.3642420526593924e-12,0
oracle_actual,dev_march,development,2025-03-08,oracle_actual,1200.0000000000002,1200.0000000000023,31449.50033641975,2.27373675443232e-14,12299.866117911233,3.9312908484134816e-14,12299.866117911233,5.684341886080801e-13,8746.107483333333,19159.22808641975,15518.974750000001,12299.866117911231,0,MILP,0.08417010001721792,1.3642420526593924e-12,0
oracle_actual,dev_march,development,2025-03-09,oracle_actual,1200.0000000000023,1200.0000000000014,67663.44576193416,0.0,41778.84528250699,0.0,41778.84528250699,1.1368683772161603e-13,2.4868995751603507e-14,22789.056378600817,18459.135666666665,41778.84528250699,0,LP,0.005318400013493374,9.094947017729282e-13,0
oracle_actual,dev_march,development,2025-03-10,oracle_actual,1200.0000000000014,1200.0,72509.06756419752,0.0,46258.84863791753,0.0,46258.84863791753,2.2737367544323206e-12,0.0,23510.505864197527,19043.509749999997,46258.84863791753,0,LP,0.004718200012575835,9.094947017729282e-13,0
oracle_actual,dev_march,development,2025-03-11,oracle_actual,1200.0,1200.0000000000002,68291.05621584362,0.0,42627.991890030324,0.0,42627.991890030324,1.1368683772161603e-13,1.566746732351021e-12,22905.98639917695,18553.84898333333,42627.991890030324,0,LP,0.004893999983323738,9.094947017729282e-13,0
oracle_actual,dev_march,development,2025-03-12,oracle_actual,1200.0000000000002,1200.0,66741.39195390946,2.7000623958883807e-13,41143.911039616454,1.31182531504237e-12,41143.911039616454,2.2737367544323206e-13,0.0,22662.406687242794,18356.549416666665,41143.911039616454,0,LP,0.004740700009278953,8.810729923425242e-13,0
oracle_actual,dev_march,development,2025-03-13,oracle_actual,1200.0,1200.0000000000014,71655.01089116666,0.0,45498.536694516966,0.0,45498.536694516966,1.1368683772161603e-13,0.0,21628.38355,17518.990675499997,45498.536694516966,0,LP,0.004965400003129616,8.881784197001252e-13,0
oracle_actual,dev_march,development,2025-03-14,oracle_actual,1200.0000000000014,1200.0,30378.055029218103,1.3891110484109959e-12,11465.111292102467,5.6700724115898994e-12,11465.111292102472,3.410605131648481e-13,10728.543466666666,19053.081995884768,15432.996416666665,11465.111292102472,0,MILP,0.10982119999243878,1.6484591469634324e-12,0
oracle_actual,dev_march,development,2025-03-15,oracle_actual,1200.0,1200.000000000001,31025.063231893004,7.105427357601002e-15,12329.086695332984,2.3756996370138948e-14,12329.086695332984,1.1368683772161603e-13,6616.843649999997,18337.33911522634,14853.244683333332,12329.086695332984,0,MILP,0.08775299999979325,1.3642420526593924e-12,0
oracle_actual,dev_march,development,2025-03-16,oracle_actual,1200.000000000001,1200.0000000000011,67692.99971967489,2.0463630789890883e-13,41638.11881016498,4.745515980175696e-13,41638.11881016498,1.1368683772161603e-13,1.3429257705865894e-12,22852.383086008227,18510.430299666667,41638.11881016498,0,LP,0.0051562000007834285,1.010549668636587e-12,0
oracle_actual,dev_march,development,2025-03-17,oracle_actual,1200.0000000000011,1200.0,61920.60853230452,2.2737367544323206e-13,37364.2804452423,4.76688910566736e-13,37364.2804452423,2.2737367544323206e-13,7.593925488436071e-14,21381.45841563786,17318.98131666667,37364.2804452423,0,LP,0.004913900018436834,1.2631870857957336e-12,0
oracle_actual,dev_march,development,2025-03-18,oracle_actual,1200.0,1200.0,65377.23456399176,0.0,39802.58861564014,0.0,39802.58861564014,5.684341886080801e-13,8.313350008393172e-13,22375.137880658433,18123.861683333336,39802.58861564014,0,LP,0.004666299995733425,8.313350008393172e-13,0
oracle_actual,dev_march,development,2025-03-19,oracle_actual,1200.0,1200.0,63887.598095473244,0.0,38517.95073482553,0.0,38517.95073482553,1.1368683772161603e-13,2.0818902157770935e-12,23274.35602880658,18852.22838333333,38517.95073482553,0,LP,0.004783300013514236,1.0231815394945443e-12,0
oracle_actual,dev_march,development,2025-03-20,oracle_actual,1200.0,1200.0000000000014,66475.14479168312,0.0,40946.80648485121,0.0,40946.80648485121,0.0,0.0,22453.59460534979,18187.41163033333,40946.80648485121,0,LP,0.00487889998476021,9.094947017729282e-13,0
oracle_actual,dev_april,development,2025-04-17,oracle_actual,1618.0719069862432,1200.0000000000011,56281.450527216926,0.0,33340.66215512532,0.0,33340.66215512532,2.2737367544323206e-13,1.1368683772161603e-12,19944.06786055026,16530.959683333334,33622.02062910293,0,LP,0.005654700013110414,9.094947017729282e-13,0
oracle_actual,dev_april,development,2025-04-18,oracle_actual,1200.0000000000011,1200.0000000000002,26119.686749999997,1.2505552149377763e-12,9779.002931429997,4.512060058914358e-12,9779.002931430003,0.0,16788.902899999997,15666.666666666668,12690.0,9779.002931430003,0,MILP,0.11934750000364147,1.7053025658242404e-12,0
oracle_actual,dev_april,development,2025-04-19,oracle_actual,1200.0000000000002,1200.0,26050.889378600823,2.27373675443232e-14,9753.462192146957,3.954028215957804e-14,9753.462192146957,1.1368683772161603e-13,16305.162466666667,15584.461378600821,12623.413716666662,9753.462192146957,0,MILP,0.09324610000476241,5.1954884838778526e-11,0
oracle_actual,dev_april,development,2025-04-20,oracle_actual,1200.0,1200.0,55892.77895049999,0.0,32835.793348328676,0.0,32835.793348328676,2.2737367544323206e-13,3.2845948183535256e-13,20710.705616666666,16775.671549500003,32835.793348328676,0,LP,0.004699900018749759,7.744915819785092e-13,0
oracle_actual,dev_april,development,2025-04-21,oracle_actual,1200.0,1200.0000000000018,52187.45722592592,0.0,31041.882614488703,0.0,31041.882614488703,1.1368683772161603e-13,2.6787461138155777e-12,19318.667592592592,15648.120749999998,31041.882614488703,0,LP,0.004439800017280504,9.094947017729282e-13,0
oracle_actual,dev_april,development,2025-04-22,oracle_actual,1200.0000000000018,1200.0000000000005,55926.29128930041,0.0,32900.74403035586,0.0,32900.74403035586,3.410605131648481e-13,1.1866063687193673e-12,19859.799855967074,16086.43788333333,32900.74403035586,0,LP,0.004808700003195554,9.094947017729282e-13,0
oracle_actual,dev_april,development,2025-04-23,oracle_actual,1200.0000000000005,1200.0000000000023,55245.077664197524,4.54747350886464e-14,32580.245227880634,1.0718395060393956e-13,32580.245227880634,2.318145675417327e-13,8.588685318500211e-13,20237.68919753086,16392.52825,32580.245227880634,0,LP,0.0044852999853901565,8.588685318500211e-13,0
oracle_actual,dev_april,development,2025-04-24,oracle_actual,1200.0000000000023,1200.0000000000005,51175.61534259258,8.171241461241152e-13,30762.909055061293,2.8935431828358565e-12,30762.909055061296,1.1368683772161603e-13,281.7926999999976,20019.55759259259,16215.841649999998,30762.909055061296,0,MILP,0.06031199998687953,2.5263741715914672e-12,0
oracle_actual,dev_april,development,2025-04-25,oracle_actual,1200.0000000000005,1200.0,25471.11163204732,5.542233338928781e-13,9119.409335805183,2.145903010841721e-12,9119.409335805185,3.410605131648481e-13,20318.807783333334,16589.19051954732,13437.244320833333,9119.409335805185,0,MILP,0.0950035999994725,2.0463630789890885e-12,0
oracle_actual,dev_april,development,2025-04-26,oracle_actual,1200.0,1200.0000000000005,26056.155698148144,0.0,9463.012072920863,0.0,9463.012072920863,0.0,22748.87256666667,17037.313148148147,13800.22365,9463.012072920863,0,MILP,0.07430499998736195,6.063298011819521e-12,0
oracle_actual,dev_april,development,2025-04-27,oracle_actual,1200.0000000000005,1200.0000000000007,52697.78056213992,0.0,31322.624406922572,0.0,31322.624406922572,2.2737367544323206e-13,348.8980333333344,19870.58602880658,16095.17468333333,31322.624406922572,0,MILP,0.09039840000332333,1.3841372492606752e-11,0
oracle_actual,dev_april,development,2025-04-28,oracle_actual,1200.0000000000007,1200.0000000000007,60368.16348806584,1.818989403545856e-13,35554.89139443183,4.0190570871345695e-13,35554.89139443183,1.4210854715202004e-13,0.0,19716.82195473251,15970.625783333333,35554.89139443183,0,LP,0.004946900007780641,9.094947017729282e-13,0
oracle_actual,dev_april,development,2025-04-29,oracle_actual,1200.0000000000007,1200.000000000001,51278.926978189294,1.961097950697876e-13,30488.48232069572,4.89853846374899e-13,30488.48232069572,1.1368683772161603e-13,140.61913333333334,19500.495411522632,15795.401283333333,30488.48232069572,0,MILP,0.07680180002353154,9.663381206337363e-13,0
oracle_actual,dev_april,development,2025-04-30,oracle_actual,1200.000000000001,1200.0,51901.63920329217,0.0,30139.7783597344,0.0,30139.7783597344,2.2737367544323206e-13,1.0658141036401503e-12,19183.07773662551,15538.292966666666,30139.7783597344,0,LP,0.00505530001828447,8.597567102697212e-13,0
oracle_actual,val_june,validation,2025-06-08,oracle_actual,1781.3549957153423,1200.0,68150.81563027513,0.0,45447.38082751182,0.0,45447.38082751182,2.2737367544323206e-13,1.5702994460298214e-12,18363.746630275127,15397.854266666665,45864.42818748188,0,LP,0.0048551999789197,1.0231815394945443e-12,0
oracle_actual,val_june,validation,2025-06-09,oracle_actual,1200.0,1200.0000000000005,75088.63638475926,0.0,51029.440598462366,0.0,51029.440598462366,2.2737367544323206e-13,4.193978497823991e-12,21873.28237592592,17717.358724499998,51029.440598462366,0,LP,0.004317199985962361,9.094947017729282e-13,0
oracle_actual,val_june,validation,2025-06-10,oracle_actual,1200.0000000000005,1200.0000000000002,75858.11387798353,4.54747350886464e-14,50790.81289274961,1.1989413906121624e-13,50790.81289274961,5.684341886080801e-13,0.0,22314.05076131687,18074.381116666667,50790.81289274961,0,LP,0.004783000011229888,7.673861546209082e-13,0
oracle_actual,val_june,validation,2025-06-11,oracle_actual,1200.0000000000002,1200.0,80452.71145637859,2.27373675443232e-14,54691.9962394975,5.1784354582196084e-14,54691.9962394975,1.1368683772161603e-13,0.0,22990.869156378594,18622.604016666664,54691.9962394975,0,LP,0.004399800003739074,9.094947017729282e-13,0
oracle_actual,val_june,validation,2025-06-12,oracle_actual,1200.0,1200.0,76715.00016111111,0.0,52041.10846146343,0.0,52041.10846146343,1.1368683772161603e-13,0.0,22434.782777777775,18172.174049999998,52041.10846146343,0,LP,0.004276300023775548,9.094947017729282e-13,0
oracle_actual,val_june,validation,2025-06-13,oracle_actual,1200.0,1200.0,34134.58600514403,2.7267077484793845e-13,16790.698665235905,6.927201035011876e-13,16790.698665235905,1.1368683772161603e-13,3049.4136318930077,14420.308806584357,11680.450133333334,16790.698665235905,0,MILP,0.0939792999997735,3.069544618483633e-12,0
oracle_actual,val_june,validation,2025-06-14,oracle_actual,1200.0,1200.0000000000005,34656.51114835391,1.4210854715202004e-14,17131.496705782036,3.3281821743003094e-14,17131.496705782036,1.1368683772161603e-13,5311.8380000000025,16585.949465020574,13434.619066666666,17131.496705782036,0,MILP,0.09901299999910407,1.3642420526593924e-12,0
oracle_actual,val_june,validation,2025-06-15,oracle_actual,1200.0000000000005,1200.0000000000002,74649.95251995884,4.54747350886464e-14,49763.88658178446,1.0429630492581052e-13,49763.88658178446,4.206412995699793e-12,0.0,21173.569403292175,17150.591216666664,49763.88658178446,0,LP,0.004361200000857934,1.0231815394945443e-12,0
oracle_actual,val_june,validation,2025-06-16,oracle_actual,1200.0000000000002,1200.0000000000002,76989.21950130658,2.27373675443232e-14,52099.302007096,5.685478754458016e-14,52099.302007096,4.689582056016661e-13,0.0,22606.140445473247,18310.97376083333,52099.302007096,0,LP,0.004442099976586178,6.821210263296962e-13,0
oracle_actual,val_june,validation,2025-06-17,oracle_actual,1200.0000000000002,1200.0000000000002,78993.6572191358,2.27373675443232e-14,53678.79022877611,6.04586603003554e-14,53678.79022877611,2.5011104298755527e-12,0.0,22929.71580246913,18573.069799999997,53678.79022877611,0,LP,0.004713799979072064,7.958078640513122e-13,0
oracle_actual,val_june,validation,2025-06-18,oracle_actual,1200.0000000000002,1200.0000000000002,74853.14750890329,2.27373675443232e-14,50515.830747242726,5.61612978344783e-14,50515.830747242726,3.410605131648481e-13,0.0,20656.613731069956,16731.857122166664,50515.830747242726,0,LP,0.004256199987139553,8.242295734817162e-13,0
oracle_actual,val_june,validation,2025-06-19,oracle_actual,1200.0000000000002,1200.0000000000002,72258.71816090329,2.27373675443232e-14,48256.99839790297,5.808260539197362e-14,48256.99839790297,3.410605131648481e-13,1.8189894035458565e-12,21048.494531069955,17049.280570166666,48256.99839790297,0,LP,0.004536099993856624,8.242295734817162e-13,0
oracle_actual,val_june,validation,2025-06-20,oracle_actual,1200.0000000000002,1200.0000000000023,32551.076810082304,5.911715561524034e-13,15720.726258078004,9.94884885585634e-13,15720.726258078006,0.0,7304.420183333333,14979.346193415637,12133.270416666664,15720.726258078004,0,MILP,0.09507430001394823,5.059064278611913e-12,0
oracle_actual,val_june,validation,2025-06-21,oracle_actual,1200.0000000000023,1200.0000000000016,32516.29273024691,0.0,15300.565390119424,0.0,15300.565390119424,1.1368683772161603e-13,10292.619383333333,15204.91024691358,12315.977299999999,15300.565390119424,0,MILP,0.08133469999302179,7.958078640513122e-13,0
oracle_actual,val_august,validation,2025-08-18,oracle_actual,2178.160729337569,1200.0000000000002,67179.15404703232,0.0,49657.59617080512,0.0,49657.59617080512,4.618527782440651e-13,1.8189894035458565e-12,19291.48993036566,16506.4515,50403.74206594746,0,LP,0.00522859999909997,9.094947017729282e-13,0
oracle_actual,val_august,validation,2025-08-19,oracle_actual,1200.0000000000002,1200.0000000000002,67943.71743868313,1.3642420526593923e-13,49932.605637980065,6.131244845164475e-13,49932.605637980065,4.831690603168681e-13,0.0,19084.51257201646,15458.455183333332,49932.605637980065,0,LP,0.00486559999990277,8.668621376273222e-13,0
oracle_actual,val_august,validation,2025-08-20,oracle_actual,1200.0000000000002,1200.0000000000002,74779.07528353909,6.536993168992921e-14,53948.60673385284,2.6372362071924727e-13,53948.60673385284,2.8421709430404007e-13,0.0,21728.33798353909,17599.953766666666,53948.60673385284,0,LP,0.004650899994885549,9.094947017729282e-13,0
oracle_actual,val_august,validation,2025-08-21,oracle_actual,1200.0000000000002,1200.0000000000002,69316.78262798354,2.27373675443232e-14,50255.541195812446,6.091340765124186e-14,50255.541195812446,3.410605131648481e-13,0.0,18275.600761316873,14803.236616666667,50255.541195812446,0,LP,0.004742099990835413,7.958078640513122e-13,0
oracle_actual,val_august,validation,2025-08-22,oracle_actual,1200.0000000000002,1200.0,39702.17708333333,2.27373675443232e-14,22218.609462034998,4.84646989207249e-14,22218.609462034998,0.0,15811.60768333333,14000.0,11340.0,22218.609462034998,0,MILP,0.022308100014925003,1.7053025658242404e-12,0
oracle_actual,val_august,validation,2025-08-23,oracle_actual,1200.0,1200.0,39196.85089053497,6.750155989720952e-14,21203.77472551428,1.965645424206741e-13,21203.77472551428,0.0,13852.736166666666,14811.097757201645,11996.989183333333,21203.77472551428,0,MILP,0.06350839999504387,2.120259523508139e-11,0
oracle_actual,val_august,validation,2025-08-24,oracle_actual,1200.0,1200.0000000000002,67774.96503518519,0.0,50495.57404793759,0.0,50495.57404793759,0.0,263.53933333333555,19883.348518518516,16105.512299999999,50495.57404793759,0,MILP,0.05898860000888817,9.237055564881302e-13,0
oracle_actual,val_august,validation,2025-08-25,oracle_actual,1200.0000000000002,1200.0000000000002,74660.17503744856,2.27373675443232e-14,53900.37104515485,6.383515938068739e-14,53900.37104515485,4.547473508864641e-13,0.0,20458.35800411522,16571.26998333333,53900.37104515485,0,LP,0.004886200011242181,7.958078640513122e-13,0
oracle_actual,val_august,validation,2025-08-26,oracle_actual,1200.0000000000002,1200.0000000000002,69298.31203415638,2.27373675443232e-14,50173.13794808617,5.660467650159261e-14,50173.13794808617,2.4158453015843406e-13,2.2737367544323206e-13,19839.44026748971,16069.946616666666,50173.13794808617,0,LP,0.0046082000189926475,8.242295734817162e-13,0
oracle_actual,val_august,validation,2025-08-27,oracle_actual,1200.0000000000002,1200.0000000000002,72215.2655378642,0.0,51749.50711057123,0.0,51749.50711057123,4.547473508864641e-13,9.601208716958354e-13,22637.456164197527,18336.339492999996,51749.50711057123,0,LP,0.004598700004862621,9.601208716958354e-13,0
oracle_actual,val_august,validation,2025-08-28,oracle_actual,1200.0000000000002,1200.0000000000002,74556.0907036111,0.0,53309.101324862495,0.0,53309.101324862495,2.2737367544323206e-13,1.7976731214730535e-12,19938.398527777776,16150.102807500001,53309.101324862495,0,LP,0.00501680001616478,9.094947017729282e-13,0
oracle_actual,val_august,validation,2025-08-29,oracle_actual,1200.0000000000002,1200.000000000001,39906.403816666665,2.27373675443232e-14,21662.274780881664,4.863522917730733e-14,21662.274780881664,1.1368683772161603e-13,14374.5168,15666.666666666666,12690.0,21662.274780881664,0,MILP,0.05760430000373162,7.844391802791506e-12,0
oracle_actual,val_august,validation,2025-08-30,oracle_actual,1200.000000000001,1200.0000000000018,39932.27917798353,2.5082158572331535e-13,21878.575410701047,5.808509229154879e-13,21878.575410701047,2.2737367544323206e-13,18302.80363333333,16403.97742798354,13287.221716666667,21878.575410701047,0,MILP,0.017997999995714054,1.010549668636587e-12,0
oracle_actual,val_august,validation,2025-08-31,oracle_actual,1200.0000000000018,1200.0000000000002,70619.57074753086,4.0927261579781767e-13,50356.23134949963,1.106877789425198e-12,50356.23134949963,5.684341886080802e-14,2.3021584638627246e-12,20910.25086419753,16937.303200000002,50356.23134949963,0,LP,0.0052288000006228685,2.021099337273174e-12,0
oracle_actual,eval_september,evaluation,2025-09-10,oracle_actual,4786.2408636984155,1200.0000000000002,61776.2038450676,0.0,39716.674539032,0.0,39716.674539032,1.1368683772161603e-13,2.6787461138155777e-12,19409.589328400933,18949.384133333333,42240.10154316583,0,LP,0.00516490000882186,8.384404281969182e-13,0
oracle_actual,eval_september,evaluation,2025-09-11,oracle_actual,1200.0000000000002,1200.000000000001,58518.200271810696,1.340794142379309e-12,37487.72034211144,6.566281740560952e-12,37487.72034211145,1.1368683772161603e-13,868.5736500000007,21860.74125514403,17707.200416666663,37487.72034211145,0,MILP,0.09610600001178682,2.9558577807620168e-12,0
oracle_actual,eval_september,evaluation,2025-09-12,oracle_actual,1200.000000000001,1200.0,31878.548286419747,6.025402399245649e-13,13726.22818674471,1.2995144516025903e-12,13726.228186744711,2.2737367544323206e-13,17072.328299999997,17129.283086419753,13874.7193,13726.228186744711,0,MILP,0.05945509998127818,1.255102688446641e-11,0
oracle_actual,eval_september,evaluation,2025-09-13,oracle_actual,1200.0,1200.0000000000014,31673.536344650205,0.0,13744.871867952077,0.0,13744.871867952077,0.0,20554.8291,16376.872427983539,13265.266666666665,13744.871867952077,0,MILP,0.07341780001297593,1.8189894035458565e-12,0
oracle_actual,eval_september,evaluation,2025-09-14,oracle_actual,1200.0000000000014,1200.0,64154.301403497935,7.901235221652313e-13,40696.01660517586,3.893615030392539e-12,40696.016605175864,1.1368683772161603e-13,7.318590178329032e-13,21341.982386831274,17287.005733333335,40696.016605175864,0,LP,0.005047999991802499,1.5158245029548803e-12,0
oracle_actual,eval_september,evaluation,2025-09-15,oracle_actual,1200.0,1200.000000000001,60065.59292037036,5.45785638905727e-13,38952.953022737405,2.644331420498247e-12,38952.953022737405,3.410605131648481e-13,759.210650000001,22312.377037037033,18073.0254,38952.953022737405,0,MILP,0.06790019999607466,1.7621459846850485e-12,0
oracle_actual,eval_september,evaluation,2025-09-16,oracle_actual,1200.000000000001,1200.0000000000005,63618.12935534979,2.0463630789890883e-13,40761.652154402465,5.215156306803692e-13,40761.652154402465,6.821210263296962e-13,0.0,21717.680905349793,17591.321533333332,40761.652154402465,0,LP,0.004736800008686259,1.010549668636587e-12,0
oracle_actual,eval_september,evaluation,2025-09-17,oracle_actual,1200.0000000000005,1200.000000000001,64015.41320404114,4.54747350886464e-14,40616.49919036497,1.0431904229335485e-13,40616.49919036497,2.2737367544323206e-13,0.0,21343.656863374483,17288.362059333333,40616.49919036497,0,LP,0.005483899993123487,8.846257060213247e-13,0
oracle_actual,eval_september,evaluation,2025-09-18,oracle_actual,1200.000000000001,1200.0000000000014,63180.709060699584,1.5631940186722204e-13,39808.9408114422,7.81440689934243e-13,39808.9408114422,2.2737367544323206e-13,0.0,22235.041810699586,18010.383866666667,39808.9408114422,0,LP,0.004872699995758012,8.842371279627059e-13,0
oracle_actual,eval_september,evaluation,2025-09-19,oracle_actual,1200.0000000000014,1200.0,32265.324213168722,7.368328169832238e-13,14022.430997055739,2.0957511281949335e-12,14022.430997055742,2.2737367544323206e-13,12924.754816666667,17048.510946502054,13809.293866666667,14022.430997055742,0,MILP,0.08362429999397136,1.5158245029548803e-12,0
oracle_actual,eval_september,evaluation,2025-09-20,oracle_actual,1200.0,1200.0000000000002,32408.909906995883,5.684341886080801e-13,13782.625007798992,3.1937474886944976e-12,13782.625007798993,2.2737367544323206e-13,13550.560700000002,16910.081440329217,13697.165966666666,13782.625007798993,0,MILP,0.07158779999008402,6.0254023992456496e-12,0
oracle_actual,eval_september,evaluation,2025-09-21,oracle_actual,1200.0000000000002,1200.0000000000032,62396.12375308642,0.0,40219.3365217692,0.0,40219.3365217692,0.0,2.5792701308091637e-12,21624.40141975308,17515.76515,40219.3365217692,0,LP,0.004716499999631196,9.094947017729282e-13,0
oracle_actual,eval_september,evaluation,2025-09-22,oracle_actual,1200.0000000000032,1200.0,64684.909912551426,6.593836587853731e-13,42018.45791442084,1.4193233255355154e-12,42018.45791442084,4.547473508864641e-13,1.1368683772161603e-12,21425.736995884767,17354.846966666668,42018.45791442084,0,LP,0.00470560000394471,3.5369238402280542e-12,0
oracle_actual,eval_september,evaluation,2025-09-23,oracle_actual,1200.0,1200.0,66265.42130905349,1.1368683772161603e-13,42716.475182856804,7.881908459239639e-13,42716.475182856804,1.7053025658242404e-13,0.0,21835.819609053495,17687.013883333333,42716.475182856804,0,LP,0.004541799979051575,7.673861546209082e-13,0
oracle_actual,eval_december,evaluation,2025-12-08,oracle_actual,1451.3861965089911,1200.0,92376.01540675954,0.0,68813.84342650394,0.0,68813.84342650394,3.979039320256561e-13,0.0,25026.588773426218,20497.784483333333,69019.39280663972,0,LP,0.004668900015531108,9.094947017729282e-13,0
oracle_actual,eval_december,evaluation,2025-12-09,oracle_actual,1200.0,1200.0000000000005,92393.3640174897,5.968558980384842e-13,68111.0356904215,4.533617925517319e-12,68111.0356904215,6.821210263296962e-13,0.0,26341.63026748971,21336.720516666668,68111.0356904215,0,LP,0.004342900007031858,9.094947017729282e-13,0
oracle_actual,eval_december,evaluation,2025-12-10,oracle_actual,1200.0000000000005,1200.0,92984.22541872427,0.0,69469.07546644619,0.0,69469.07546644619,3.410605131648481e-13,0.0,24192.668168724274,19596.061216666665,69469.07546644619,0,LP,0.004307900002459064,9.094947017729282e-13,0
oracle_actual,eval_december,evaluation,2025-12-11,oracle_actual,1200.0,1200.0,90616.88886995884,0.0,65914.16040652692,0.0,65914.16040652692,1.1368683772161603e-13,0.0,24503.337736625515,19847.70356666667,65914.16040652692,0,LP,0.0045559999998658895,9.094947017729282e-13,0
oracle_actual,eval_december,evaluation,2025-12-12,oracle_actual,1200.0,1200.0000000000002,47866.718281893,5.684341886080802e-14,21129.32434276076,3.482512056507403e-13,21129.32434276076,1.1368683772161603e-13,2.0463630789890885e-12,21854.235781893003,17701.930983333332,21129.32434276076,0,LP,0.00508629999239929,9.094947017729282e-13,0
oracle_actual,eval_december,evaluation,2025-12-13,oracle_actual,1200.0000000000002,1200.0000000000007,47996.4624909465,0.0,21560.781396547653,0.0,21560.781396547653,3.410605131648481e-13,0.0,22094.363724279832,17896.434616666666,21560.781396547653,0,LP,0.004871699988143519,8.597567102697212e-13,0
oracle_actual,eval_december,evaluation,2025-12-14,oracle_actual,1200.0000000000007,1200.0000000000007,93715.32543271604,1.1368683772161603e-13,70312.83752006807,7.907487997727003e-13,70312.83752006807,2.8421709430404007e-13,0.0,25982.124382716047,21045.52075,70312.83752006807,0,LP,0.004098299978068098,9.094947017729282e-13,0
oracle_actual,eval_december,evaluation,2025-12-15,oracle_actual,1200.0000000000007,1200.0,94332.73249485595,1.7053025658242404e-13,70725.40489421455,6.70922872814117e-13,70725.40489421455,4.547473508864641e-13,0.0,25595.655411522628,20732.480883333334,70725.40489421455,0,LP,0.004559900000458583,7.958078640513122e-13,0
oracle_actual,eval_december,evaluation,2025-12-16,oracle_actual,1200.0,1200.0000000000036,94206.16790020575,0.0,70372.32177496748,0.0,70372.32177496748,3.410605131648481e-13,0.0,25200.40298353909,20412.326416666667,70372.32177496748,0,LP,0.004304400004912168,1.0231815394945443e-12,0
oracle_actual,eval_december,evaluation,2025-12-17,oracle_actual,1200.0000000000036,1200.0000000000014,92921.9699547325,1.9895196601282805e-13,69091.79156795533,1.3820198319081101e-12,69091.79156795533,5.044853423896711e-13,0.0,24895.38362139917,20165.260733333333,69091.79156795533,0,LP,0.0045227000082377344,6.821210263296962e-13,0
oracle_actual,eval_december,evaluation,2025-12-18,oracle_actual,1200.0000000000014,1200.000000000001,91950.89244444443,0.0,68210.69863465999,0.0,68210.69863465999,1.4210854715202004e-13,0.0,24129.607777777772,19544.9823,68210.69863465999,0,LP,0.0046165999956429005,6.821210263296962e-13,0
oracle_actual,eval_december,evaluation,2025-12-19,oracle_actual,1200.000000000001,1200.0000000000032,47284.46404403292,0.0,20847.214976950516,0.0,20847.214976950516,2.2737367544323206e-13,0.0,23031.961810699588,18655.889066666663,20847.214976950516,0,LP,0.005243199993856251,9.094947017729282e-13,0
oracle_actual,eval_december,evaluation,2025-12-20,oracle_actual,1200.0000000000032,1200.0000000000018,47273.62394506172,6.593836587853731e-13,20828.948640007282,1.3329440662346317e-12,20828.948640007286,2.4158453015843406e-13,1.4139800441625994e-12,23248.798395061724,18831.5267,20828.948640007286,0,LP,0.004478099988773465,3.5369238402280542e-12,0
oracle_actual,eval_december,evaluation,2025-12-21,oracle_actual,1200.0000000000018,1200.0,93611.88160637859,0.0,69880.09357737168,0.0,69880.09357737168,3.410605131648481e-13,0.0,24074.209156378598,19500.109416666666,69880.09357737168,0,LP,0.004431100009242073,7.958078640513122e-13,0
