method,window,period,date,issue_slot,issue_hour,e_start,ordinary_plan_sum,price_rho,observed_price_error,terminal_value,forecast_deficit_kwh,forecast_discharge_kwh,solve_seconds,max_reserve_audit
fixed_greedy,dev_march,development,2025-03-07,0,0.0,1607.6682326867735,34105.28322439623,,,0.0,0.0,0.0,0.0,0.0
fixed_greedy,dev_march,development,2025-03-08,0,0.0,1799.9208019068776,32969.960558318635,,,0.0,0.0,0.0,0.0,0.0
fixed_greedy,dev_march,development,2025-03-09,0,0.0,1746.895154250794,76750.47358346672,,,0.0,0.0,0.0,0.0,0.0
fixed_greedy,dev_march,development,2025-03-10,0,0.0,1497.0878818254,75521.66717870542,,,0.0,0.0,0.0,0.0,0.0
fixed_greedy,dev_march,development,2025-03-11,0,0.0,1447.0377217671992,75262.66522095355,,,0.0,0.0,0.0,0.0,0.0
fixed_greedy,dev_march,development,2025-03-12,0,0.0,1662.895132055023,74693.54267349676,,,0.0,0.0,0.0,0.0,0.0
fixed_greedy,dev_march,development,2025-03-13,0,0.0,1466.3308394402127,73995.93129645854,,,0.0,0.0,0.0,0.0,0.0
fixed_greedy,dev_march,development,2025-03-14,0,0.0,1411.4148678222232,32440.35028776249,,,0.0,0.0,0.0,0.0,0.0
fixed_greedy,dev_march,development,2025-03-15,0,0.0,1920.35807457037,31490.085345136977,,,0.0,0.0,0.0,0.0,0.0
fixed_greedy,dev_march,development,2025-03-16,0,0.0,1370.7079328285708,73654.39127774484,,,0.0,0.0,0.0,0.0,0.0
fixed_greedy,dev_march,development,2025-03-17,0,0.0,1822.317553566139,72292.89841194474,,,0.0,0.0,0.0,0.0,0.0
fixed_greedy,dev_march,development,2025-03-18,0,0.0,1941.2955254317476,70198.11963049616,,,0.0,0.0,0.0,0.0,0.0
fixed_greedy,dev_march,development,2025-03-19,0,0.0,1796.3681319396808,70013.77680179071,,,0.0,0.0,0.0,0.0,0.0
fixed_greedy,dev_march,development,2025-03-20,0,0.0,1986.1235553100555,69110.50468185419,,,0.0,0.0,0.0,0.0,0.0
fixed_greedy,dev_april,development,2025-04-17,0,0.0,1618.0719069862432,60586.326353179305,,,0.0,0.0,0.0,0.0,0.0
fixed_greedy,dev_april,development,2025-04-18,0,0.0,1945.3748361206358,26954.930240705467,,,0.0,0.0,0.0,0.0,0.0
fixed_greedy,dev_april,development,2025-04-19,0,0.0,2146.0427089597865,26817.021450395066,,,0.0,0.0,0.0,0.0,0.0
fixed_greedy,dev_april,development,2025-04-20,0,0.0,2102.49358338201,59747.4441886408,,,0.0,0.0,0.0,0.0,0.0
fixed_greedy,dev_april,development,2025-04-21,0,0.0,1969.5795107566153,59458.54182191299,,,0.0,0.0,0.0,0.0,0.0
fixed_greedy,dev_april,development,2025-04-22,0,0.0,1477.9647709417982,59504.85570919106,,,0.0,0.0,0.0,0.0,0.0
fixed_greedy,dev_april,development,2025-04-23,0,0.0,1705.933222255025,59679.406479073485,,,0.0,0.0,0.0,0.0,0.0
fixed_greedy,dev_april,development,2025-04-24,0,0.0,1854.0215778994727,58569.88284902176,,,0.0,0.0,0.0,0.0,0.0
fixed_greedy,dev_april,development,2025-04-25,0,0.0,1815.1178250148155,26130.68592015638,,,0.0,0.0,0.0,0.0,0.0
fixed_greedy,dev_april,development,2025-04-26,0,0.0,1757.9912371132332,26058.808989927093,,,0.0,0.0,0.0,0.0,0.0
fixed_greedy,dev_april,development,2025-04-27,0,0.0,1528.5528376656105,55806.05916888889,,,0.0,0.0,0.0,0.0,0.0
fixed_greedy,dev_april,development,2025-04-28,0,0.0,1485.078089274073,55359.64191139329,,,0.0,0.0,0.0,0.0,0.0
fixed_greedy,dev_april,development,2025-04-29,0,0.0,1504.9808207925923,57695.52719732746,,,0.0,0.0,0.0,0.0,0.0
fixed_greedy,dev_april,development,2025-04-30,0,0.0,1708.2381589777765,57021.5283289371,,,0.0,0.0,0.0,0.0,0.0
fixed_greedy,val_june,validation,2025-06-08,0,0.0,1781.3549957153423,87212.15475059376,,,0.0,0.0,0.0,0.0,0.0
fixed_greedy,val_june,validation,2025-06-09,0,0.0,2091.7393678433887,85600.55768052791,,,0.0,0.0,0.0,0.0,0.0
fixed_greedy,val_june,validation,2025-06-10,0,0.0,2138.257540046561,86109.13882866432,,,0.0,0.0,0.0,0.0,0.0
fixed_greedy,val_june,validation,2025-06-11,0,0.0,2282.374572296298,86739.14585020929,,,0.0,0.0,0.0,0.0,0.0
fixed_greedy,val_june,validation,2025-06-12,0,0.0,2422.400642355555,87550.81384353674,,,0.0,0.0,0.0,0.0,0.0
fixed_greedy,val_june,validation,2025-06-13,0,0.0,2566.0141590010576,39993.47707032922,,,0.0,0.0,0.0,0.0,0.0
fixed_greedy,val_june,validation,2025-06-14,0,0.0,2734.6829980497337,39995.37272986362,,,0.0,0.0,0.0,0.0,0.0
fixed_greedy,val_june,validation,2025-06-15,0,0.0,2707.518913704762,88662.27846445503,,,0.0,0.0,0.0,0.0,0.0
fixed_greedy,val_june,validation,2025-06-16,0,0.0,3274.0756011640224,87373.60887891712,,,0.0,0.0,0.0,0.0,0.0
fixed_greedy,val_june,validation,2025-06-17,0,0.0,3108.256751350266,86624.1233323539,,,0.0,0.0,0.0,0.0,0.0
fixed_greedy,val_june,validation,2025-06-18,0,0.0,2638.249502263491,87422.56425730394,,,0.0,0.0,0.0,0.0,0.0
fixed_greedy,val_june,validation,2025-06-19,0,0.0,2937.999764022223,85270.74818475603,,,0.0,0.0,0.0,0.0,0.0
fixed_greedy,val_june,validation,2025-06-20,0,0.0,2684.164723368255,36665.50706676896,,,0.0,0.0,0.0,0.0,0.0
fixed_greedy,val_june,validation,2025-06-21,0,0.0,2910.1708693925957,35206.86527686773,,,0.0,0.0,0.0,0.0,0.0
fixed_greedy,val_august,validation,2025-08-18,0,0.0,2178.160729337569,72442.89799171193,,,0.0,0.0,0.0,0.0,0.0
fixed_greedy,val_august,validation,2025-08-19,0,0.0,2168.930028625398,72283.00706105233,,,0.0,0.0,0.0,0.0,0.0
fixed_greedy,val_august,validation,2025-08-20,0,0.0,1852.4128791502637,72871.02814889594,,,0.0,0.0,0.0,0.0,0.0
fixed_greedy,val_august,validation,2025-08-21,0,0.0,1630.2109173555552,74223.70503470546,,,0.0,0.0,0.0,0.0,0.0
fixed_greedy,val_august,validation,2025-08-22,0,0.0,1854.9618214603195,40303.6915216214,,,0.0,0.0,0.0,0.0,0.0
fixed_greedy,val_august,validation,2025-08-23,0,0.0,1486.6533281999998,40956.323553679016,,,0.0,0.0,0.0,0.0,0.0
fixed_greedy,val_august,validation,2025-08-24,0,0.0,2018.5248978264526,76078.14630069723,,,0.0,0.0,0.0,0.0,0.0
fixed_greedy,val_august,validation,2025-08-25,0,0.0,2100.0782866380923,76204.94830689124,,,0.0,0.0,0.0,0.0,0.0
fixed_greedy,val_august,validation,2025-08-26,0,0.0,1707.2043083703695,77810.48083583772,,,0.0,0.0,0.0,0.0,0.0
fixed_greedy,val_august,validation,2025-08-27,0,0.0,2289.724857334393,76984.80180751321,,,0.0,0.0,0.0,0.0,0.0
fixed_greedy,val_august,validation,2025-08-28,0,0.0,1885.1668969915347,76463.18450198117,,,0.0,0.0,0.0,0.0,0.0
fixed_greedy,val_august,validation,2025-08-29,0,0.0,1928.8909241407414,41237.63937088066,,,0.0,0.0,0.0,0.0,0.0
fixed_greedy,val_august,validation,2025-08-30,0,0.0,1942.5849956095235,41316.22081616931,,,0.0,0.0,0.0,0.0,0.0
fixed_greedy,val_august,validation,2025-08-31,0,0.0,1681.5598685100535,78295.3017955297,,,0.0,0.0,0.0,0.0,0.0
fixed_greedy,eval_september,evaluation,2025-09-10,0,0.0,4786.2408636984155,67698.08154233157,,,0.0,0.0,0.0,0.0,0.0
fixed_greedy,eval_september,evaluation,2025-09-11,0,0.0,4596.088809841269,69292.72779655732,,,0.0,0.0,0.0,0.0,0.0
fixed_greedy,eval_september,evaluation,2025-09-12,0,0.0,4802.587337518519,35096.85593575714,,,0.0,0.0,0.0,0.0,0.0
fixed_greedy,eval_september,evaluation,2025-09-13,0,0.0,5081.5353283544955,35163.44751505238,,,0.0,0.0,0.0,0.0,0.0
fixed_greedy,eval_september,evaluation,2025-09-14,0,0.0,5445.944860185186,68054.8780643198,,,0.0,0.0,0.0,0.0,0.0
fixed_greedy,eval_september,evaluation,2025-09-15,0,0.0,4487.227906111115,67434.65243069135,,,0.0,0.0,0.0,0.0,0.0
fixed_greedy,eval_september,evaluation,2025-09-16,0,0.0,3986.774659746033,67472.52043429276,,,0.0,0.0,0.0,0.0,0.0
fixed_greedy,eval_september,evaluation,2025-09-17,0,0.0,3583.5142666084644,68723.97640009523,,,0.0,0.0,0.0,0.0,0.0
fixed_greedy,eval_september,evaluation,2025-09-18,0,0.0,3671.113625460318,68750.67448494297,,,0.0,0.0,0.0,0.0,0.0
fixed_greedy,eval_september,evaluation,2025-09-19,0,0.0,3584.4259127671953,35408.81224665491,,,0.0,0.0,0.0,0.0,0.0
fixed_greedy,eval_september,evaluation,2025-09-20,0,0.0,4496.983348915345,34562.68968055261,,,0.0,0.0,0.0,0.0,0.0
fixed_greedy,eval_september,evaluation,2025-09-21,0,0.0,4610.873304386246,70831.37160496414,,,0.0,0.0,0.0,0.0,0.0
fixed_greedy,eval_september,evaluation,2025-09-22,0,0.0,3822.106488999998,68842.22145939565,,,0.0,0.0,0.0,0.0,0.0
fixed_greedy,eval_september,evaluation,2025-09-23,0,0.0,2889.0253054285704,70776.06237700881,,,0.0,0.0,0.0,0.0,0.0
fixed_greedy,eval_december,evaluation,2025-12-08,0,0.0,1451.3861965089911,97047.73554554262,,,0.0,0.0,0.0,0.0,0.0
fixed_greedy,eval_december,evaluation,2025-12-09,0,0.0,1823.0339727153448,97025.4308092275,,,0.0,0.0,0.0,0.0,0.0
fixed_greedy,eval_december,evaluation,2025-12-10,0,0.0,1681.167125725927,97156.0579509171,,,0.0,0.0,0.0,0.0,0.0
fixed_greedy,eval_december,evaluation,2025-12-11,0,0.0,1640.7699979100528,97611.24820163549,,,0.0,0.0,0.0,0.0,0.0
fixed_greedy,eval_december,evaluation,2025-12-12,0,0.0,1849.5066304476222,50946.63655140623,,,0.0,0.0,0.0,0.0,0.0
fixed_greedy,eval_december,evaluation,2025-12-13,0,0.0,1922.1565517195847,51821.586006790116,,,0.0,0.0,0.0,0.0,0.0
fixed_greedy,eval_december,evaluation,2025-12-14,0,0.0,2001.8885422253966,98139.69736302528,,,0.0,0.0,0.0,0.0,0.0
fixed_greedy,eval_december,evaluation,2025-12-15,0,0.0,1739.627803660316,100030.52489955557,,,0.0,0.0,0.0,0.0,0.0
fixed_greedy,eval_december,evaluation,2025-12-16,0,0.0,1911.330116133336,99834.15257543913,,,0.0,0.0,0.0,0.0,0.0
fixed_greedy,eval_december,evaluation,2025-12-17,0,0.0,1830.002305755558,99460.17511320516,,,0.0,0.0,0.0,0.0,0.0
fixed_greedy,eval_december,evaluation,2025-12-18,0,0.0,1875.848881186245,98902.3976058154,,,0.0,0.0,0.0,0.0,0.0
fixed_greedy,eval_december,evaluation,2025-12-19,0,0.0,1865.7872980433888,52224.09750531099,,,0.0,0.0,0.0,0.0,0.0
fixed_greedy,eval_december,evaluation,2025-12-20,0,0.0,1694.2762466719578,52488.170953038214,,,0.0,0.0,0.0,0.0,0.0
fixed_greedy,eval_december,evaluation,2025-12-21,0,0.0,1872.7814958687843,98124.13097516519,,,0.0,0.0,0.0,0.0,0.0
mean7_greedy,dev_march,development,2025-03-07,0,0.0,1607.6682326867735,34204.04107473368,,,0.0,0.0,0.0,0.0,0.0
mean7_greedy,dev_march,development,2025-03-08,0,0.0,1808.2773627661372,32960.675490697235,,,0.0,0.0,0.0,0.0,0.0
mean7_greedy,dev_march,development,2025-03-09,0,0.0,1746.895154250794,76853.87114620223,,,0.0,0.0,0.0,0.0,0.0
mean7_greedy,dev_march,development,2025-03-10,0,0.0,1557.369274065611,75454.68785399408,,,0.0,0.0,0.0,0.0,0.0
mean7_greedy,dev_march,development,2025-03-11,0,0.0,1449.0327087386274,75260.44856876307,,,0.0,0.0,0.0,0.0,0.0
mean7_greedy,dev_march,development,2025-03-12,0,0.0,1660.3619091830622,74725.50240643973,,,0.0,0.0,0.0,0.0,0.0
mean7_greedy,dev_march,development,2025-03-13,0,0.0,1460.346006057144,74106.711902368,,,0.0,0.0,0.0,0.0,0.0
mean7_greedy,dev_march,development,2025-03-14,0,0.0,1411.4148678222232,32440.350287762492,,,0.0,0.0,0.0,0.0,0.0
mean7_greedy,dev_march,development,2025-03-15,0,0.0,1920.35807457037,31490.08534513697,,,0.0,0.0,0.0,0.0,0.0
mean7_greedy,dev_march,development,2025-03-16,0,0.0,1370.7079328285708,73741.59287931057,,,0.0,0.0,0.0,0.0,0.0
mean7_greedy,dev_march,development,2025-03-17,0,0.0,1823.10229712487,72388.69416444951,,,0.0,0.0,0.0,0.0,0.0
mean7_greedy,dev_march,development,2025-03-18,0,0.0,1958.8960840984132,70178.56345419987,,,0.0,0.0,0.0,0.0,0.0
mean7_greedy,dev_march,development,2025-03-19,0,0.0,1827.9724392825412,69978.66090474308,,,0.0,0.0,0.0,0.0,0.0
mean7_greedy,dev_march,development,2025-03-20,0,0.0,2060.98474157037,69027.3255860094,,,0.0,0.0,0.0,0.0,0.0
mean7_greedy,dev_april,development,2025-04-17,0,0.0,1618.0719069862432,60737.177014785426,,,0.0,0.0,0.0,0.0,0.0
mean7_greedy,dev_april,development,2025-04-18,0,0.0,1997.2523229619082,26897.288588659605,,,0.0,0.0,0.0,0.0,0.0
mean7_greedy,dev_april,development,2025-04-19,0,0.0,2146.0427089597865,26817.021450395066,,,0.0,0.0,0.0,0.0,0.0
mean7_greedy,dev_april,development,2025-04-20,0,0.0,2102.49358338201,59893.79465677366,,,0.0,0.0,0.0,0.0,0.0
mean7_greedy,dev_april,development,2025-04-21,0,0.0,2004.9647056825395,59565.827528573784,,,0.0,0.0,0.0,0.0,0.0
mean7_greedy,dev_april,development,2025-04-22,0,0.0,1556.635825121692,59562.373932526745,,,0.0,0.0,0.0,0.0,0.0
mean7_greedy,dev_april,development,2025-04-23,0,0.0,1700.3999453449717,59834.21366594121,,,0.0,0.0,0.0,0.0,0.0
mean7_greedy,dev_april,development,2025-04-24,0,0.0,1839.7115881841248,58730.270002602,,,0.0,0.0,0.0,0.0,0.0
mean7_greedy,dev_april,development,2025-04-25,0,0.0,1811.7563899714291,26134.420847982365,,,0.0,0.0,0.0,0.0,0.0
mean7_greedy,dev_april,development,2025-04-26,0,0.0,1757.9912371132332,26058.808989927093,,,0.0,0.0,0.0,0.0,0.0
mean7_greedy,dev_april,development,2025-04-27,0,0.0,1528.5528376656105,55806.05916888888,,,0.0,0.0,0.0,0.0,0.0
mean7_greedy,dev_april,development,2025-04-28,0,0.0,1485.078089274073,55359.6419113933,,,0.0,0.0,0.0,0.0,0.0
mean7_greedy,dev_april,development,2025-04-29,0,0.0,1504.9808207925923,57695.52719732746,,,0.0,0.0,0.0,0.0,0.0
mean7_greedy,dev_april,development,2025-04-30,0,0.0,1708.2381589777765,57021.5283289371,,,0.0,0.0,0.0,0.0,0.0
mean7_greedy,val_june,validation,2025-06-08,0,0.0,1781.3549957153423,86851.65452567782,,,0.0,0.0,0.0,0.0,0.0
mean7_greedy,val_june,validation,2025-06-09,0,0.0,2168.5444668285722,85337.00364660905,,,0.0,0.0,0.0,0.0,0.0
mean7_greedy,val_june,validation,2025-06-10,0,0.0,2158.59677504762,85896.75485483598,,,0.0,0.0,0.0,0.0,0.0
mean7_greedy,val_june,validation,2025-06-11,0,0.0,2333.217336100531,86497.30005293593,,,0.0,0.0,0.0,0.0,0.0
mean7_greedy,val_june,validation,2025-06-12,0,0.0,2446.1562815566153,87227.27237338154,,,0.0,0.0,0.0,0.0,0.0
mean7_greedy,val_june,validation,2025-06-13,0,0.0,2602.310028023281,39870.784257312174,,,0.0,0.0,0.0,0.0,0.0
mean7_greedy,val_june,validation,2025-06-14,0,0.0,2575.636351815873,40161.01455702763,,,0.0,0.0,0.0,0.0,0.0
mean7_greedy,val_june,validation,2025-06-15,0,0.0,2621.9770834973533,88655.19257128982,,,0.0,0.0,0.0,0.0,0.0
mean7_greedy,val_june,validation,2025-06-16,0,0.0,3274.0756011640224,87193.37376454085,,,0.0,0.0,0.0,0.0,0.0
mean7_greedy,val_june,validation,2025-06-17,0,0.0,3169.124030929103,86364.67990742621,,,0.0,0.0,0.0,0.0,0.0
mean7_greedy,val_june,validation,2025-06-18,0,0.0,2703.398861549207,87152.17912865608,,,0.0,0.0,0.0,0.0,0.0
mean7_greedy,val_june,validation,2025-06-19,0,0.0,2982.7942848275147,85047.4383293392,,,0.0,0.0,0.0,0.0,0.0
mean7_greedy,val_june,validation,2025-06-20,0,0.0,2739.674852192594,36603.82914585303,,,0.0,0.0,0.0,0.0,0.0
mean7_greedy,val_june,validation,2025-06-21,0,0.0,2884.6010395206395,35252.93467776476,,,0.0,0.0,0.0,0.0,0.0
mean7_greedy,val_august,validation,2025-08-18,0,0.0,2178.160729337569,72442.89799171191,,,0.0,0.0,0.0,0.0,0.0
mean7_greedy,val_august,validation,2025-08-19,0,0.0,2168.930028625399,72283.00706105231,,,0.0,0.0,0.0,0.0,0.0
mean7_greedy,val_august,validation,2025-08-20,0,0.0,1852.4128791502637,72871.02814889594,,,0.0,0.0,0.0,0.0,0.0
mean7_greedy,val_august,validation,2025-08-21,0,0.0,1630.2109173555552,74223.70503470546,,,0.0,0.0,0.0,0.0,0.0
mean7_greedy,val_august,validation,2025-08-22,0,0.0,1854.96182146032,40303.6915216214,,,0.0,0.0,0.0,0.0,0.0
mean7_greedy,val_august,validation,2025-08-23,0,0.0,1486.6533281999998,40956.323553679016,,,0.0,0.0,0.0,0.0,0.0
mean7_greedy,val_august,validation,2025-08-24,0,0.0,1916.1332087280416,76191.91484413992,,,0.0,0.0,0.0,0.0,0.0
mean7_greedy,val_august,validation,2025-08-25,0,0.0,2100.0782866380923,76191.10289141079,,,0.0,0.0,0.0,0.0,0.0
mean7_greedy,val_august,validation,2025-08-26,0,0.0,1707.2043083703695,77758.3581165138,,,0.0,0.0,0.0,0.0,0.0
mean7_greedy,val_august,validation,2025-08-27,0,0.0,2289.7248573343904,76984.80180751323,,,0.0,0.0,0.0,0.0,0.0
mean7_greedy,val_august,validation,2025-08-28,0,0.0,1868.6339772031754,76481.55441285713,,,0.0,0.0,0.0,0.0,0.0
mean7_greedy,val_august,validation,2025-08-29,0,0.0,1928.8909241407414,41237.63937088066,,,0.0,0.0,0.0,0.0,0.0
mean7_greedy,val_august,validation,2025-08-30,0,0.0,1784.4022373777775,41491.9794364268,,,0.0,0.0,0.0,0.0,0.0
mean7_greedy,val_august,validation,2025-08-31,0,0.0,1574.0628858211626,78414.74288740623,,,0.0,0.0,0.0,0.0,0.0
mean7_greedy,eval_september,evaluation,2025-09-10,0,0.0,4786.2408636984155,67860.3791468054,,,0.0,0.0,0.0,0.0,0.0
mean7_greedy,eval_september,evaluation,2025-09-11,0,0.0,5238.316696867728,68579.1412554168,,,0.0,0.0,0.0,0.0,0.0
mean7_greedy,eval_september,evaluation,2025-09-12,0,0.0,5267.832231968257,34678.13553075238,,,0.0,0.0,0.0,0.0,0.0
mean7_greedy,eval_september,evaluation,2025-09-13,0,0.0,5091.8495524444415,35154.16471337143,,,0.0,0.0,0.0,0.0,0.0
mean7_greedy,eval_september,evaluation,2025-09-14,0,0.0,5503.060397386243,67991.41635631863,,,0.0,0.0,0.0,0.0,0.0
mean7_greedy,eval_september,evaluation,2025-09-15,0,0.0,5017.729710634924,66845.20598122045,,,0.0,0.0,0.0,0.0,0.0
mean7_greedy,eval_september,evaluation,2025-09-16,0,0.0,4346.819261216931,67072.47087710288,,,0.0,0.0,0.0,0.0,0.0
mean7_greedy,eval_september,evaluation,2025-09-17,0,0.0,3962.9858893227524,68302.34126374603,,,0.0,0.0,0.0,0.0,0.0
mean7_greedy,eval_september,evaluation,2025-09-18,0,0.0,4272.116691571428,68082.89330037507,,,0.0,0.0,0.0,0.0,0.0
mean7_greedy,eval_september,evaluation,2025-09-19,0,0.0,4102.204983957672,34833.50216755438,,,0.0,0.0,0.0,0.0,0.0
mean7_greedy,eval_september,evaluation,2025-09-20,0,0.0,4563.487342973546,34488.79635382128,,,0.0,0.0,0.0,0.0,0.0
mean7_greedy,eval_september,evaluation,2025-09-21,0,0.0,4627.468890444444,70812.93206489948,,,0.0,0.0,0.0,0.0,0.0
mean7_greedy,eval_september,evaluation,2025-09-22,0,0.0,4219.9497584232795,68400.17338225867,,,0.0,0.0,0.0,0.0,0.0
mean7_greedy,eval_september,evaluation,2025-09-23,0,0.0,3230.9975513597915,70396.09321486301,,,0.0,0.0,0.0,0.0,0.0
mean7_greedy,eval_december,evaluation,2025-12-08,0,0.0,1451.3861965089911,96889.40221220929,,,0.0,0.0,0.0,0.0,0.0
mean7_greedy,eval_december,evaluation,2025-12-09,0,0.0,1823.0339727153448,96886.96378117343,,,0.0,0.0,0.0,0.0,0.0
mean7_greedy,eval_december,evaluation,2025-12-10,0,0.0,1683.0517489354504,97080.3776104021,,,0.0,0.0,0.0,0.0,0.0
mean7_greedy,eval_december,evaluation,2025-12-11,0,0.0,1630.41333437037,97468.24909619163,,,0.0,0.0,0.0,0.0,0.0
mean7_greedy,eval_december,evaluation,2025-12-12,0,0.0,1849.5066304476222,50946.63655140623,,,0.0,0.0,0.0,0.0,0.0
mean7_greedy,eval_december,evaluation,2025-12-13,0,0.0,1922.1565517195847,51821.58600679012,,,0.0,0.0,0.0,0.0,0.0
mean7_greedy,eval_december,evaluation,2025-12-14,0,0.0,2001.8885422253966,97981.36402969193,,,0.0,0.0,0.0,0.0,0.0
mean7_greedy,eval_december,evaluation,2025-12-15,0,0.0,1739.627803660316,99872.19156622223,,,0.0,0.0,0.0,0.0,0.0
mean7_greedy,eval_december,evaluation,2025-12-16,0,0.0,1911.330116133336,99682.91976615167,,,0.0,0.0,0.0,0.0,0.0
mean7_greedy,eval_december,evaluation,2025-12-17,0,0.0,1830.002305755558,99301.84177987183,,,0.0,0.0,0.0,0.0,0.0
mean7_greedy,eval_december,evaluation,2025-12-18,0,0.0,1875.848881186245,98744.06427248206,,,0.0,0.0,0.0,0.0,0.0
mean7_greedy,eval_december,evaluation,2025-12-19,0,0.0,1865.7872980433888,52224.09750531099,,,0.0,0.0,0.0,0.0,0.0
mean7_greedy,eval_december,evaluation,2025-12-20,0,0.0,1694.2762466719578,52488.170953038214,,,0.0,0.0,0.0,0.0,0.0
mean7_greedy,eval_december,evaluation,2025-12-21,0,0.0,1872.7814958687843,98002.88393659024,,,0.0,0.0,0.0,0.0,0.0
netload_shape_greedy,dev_march,development,2025-03-07,0,0.0,1607.6682326867735,34105.28322439623,,,0.0,0.0,0.0,0.0,0.0
netload_shape_greedy,dev_march,development,2025-03-08,0,0.0,1799.9208019068776,32969.960558318635,,,0.0,0.0,0.0,0.0,0.0
netload_shape_greedy,dev_march,development,2025-03-09,0,0.0,1746.895154250794,76873.91025030451,,,0.0,0.0,0.0,0.0,0.0
netload_shape_greedy,dev_march,development,2025-03-10,0,0.0,1570.0341082074087,75399.72275900646,,,0.0,0.0,0.0,0.0,0.0
netload_shape_greedy,dev_march,development,2025-03-11,0,0.0,1486.194519686774,75120.65335889005,,,0.0,0.0,0.0,0.0,0.0
netload_shape_greedy,dev_march,development,2025-03-12,0,0.0,1653.0726919417946,74588.20140163902,,,0.0,0.0,0.0,0.0,0.0
netload_shape_greedy,dev_march,development,2025-03-13,0,0.0,1462.2876026465617,73946.22123949087,,,0.0,0.0,0.0,0.0,0.0
netload_shape_greedy,dev_march,development,2025-03-14,0,0.0,1411.4148678222232,32440.350287762492,,,0.0,0.0,0.0,0.0,0.0
netload_shape_greedy,dev_march,development,2025-03-15,0,0.0,1920.35807457037,31490.085345136977,,,0.0,0.0,0.0,0.0,0.0
netload_shape_greedy,dev_march,development,2025-03-16,0,0.0,1370.7079328285708,73654.39127774484,,,0.0,0.0,0.0,0.0,0.0
netload_shape_greedy,dev_march,development,2025-03-17,0,0.0,1852.2519955904813,72259.63792080658,,,0.0,0.0,0.0,0.0,0.0
netload_shape_greedy,dev_march,development,2025-03-18,0,0.0,1975.5496418772482,70160.05950111228,,,0.0,0.0,0.0,0.0,0.0
netload_shape_greedy,dev_march,development,2025-03-19,0,0.0,1803.7901124941798,70005.53015673015,,,0.0,0.0,0.0,0.0,0.0
netload_shape_greedy,dev_march,development,2025-03-20,0,0.0,2064.729483820105,69023.16476128747,,,0.0,0.0,0.0,0.0,0.0
netload_shape_greedy,dev_april,development,2025-04-17,0,0.0,1618.0719069862432,60737.177014785426,,,0.0,0.0,0.0,0.0,0.0
netload_shape_greedy,dev_april,development,2025-04-18,0,0.0,1993.446970450796,26901.5167581164,,,0.0,0.0,0.0,0.0,0.0
netload_shape_greedy,dev_april,development,2025-04-19,0,0.0,2146.0427089597865,26817.021450395066,,,0.0,0.0,0.0,0.0,0.0
netload_shape_greedy,dev_april,development,2025-04-20,0,0.0,2102.49358338201,59893.794656773665,,,0.0,0.0,0.0,0.0,0.0
netload_shape_greedy,dev_april,development,2025-04-21,0,0.0,2063.3998629513258,59500.89957605291,,,0.0,0.0,0.0,0.0,0.0
netload_shape_greedy,dev_april,development,2025-04-22,0,0.0,1562.0540908603193,59556.35363726161,,,0.0,0.0,0.0,0.0,0.0
netload_shape_greedy,dev_april,development,2025-04-23,0,0.0,1776.271924446559,59749.91146693944,,,0.0,0.0,0.0,0.0,0.0
netload_shape_greedy,dev_april,development,2025-04-24,0,0.0,1927.1374025005305,58633.1302089171,,,0.0,0.0,0.0,0.0,0.0
netload_shape_greedy,dev_april,development,2025-04-25,0,0.0,1810.5011358306879,26135.815574805412,,,0.0,0.0,0.0,0.0,0.0
netload_shape_greedy,dev_april,development,2025-04-26,0,0.0,1757.9912371132332,26058.808989927093,,,0.0,0.0,0.0,0.0,0.0
netload_shape_greedy,dev_april,development,2025-04-27,0,0.0,1528.5528376656105,55806.05916888888,,,0.0,0.0,0.0,0.0,0.0
netload_shape_greedy,dev_april,development,2025-04-28,0,0.0,1485.078089274073,55359.6419113933,,,0.0,0.0,0.0,0.0,0.0
netload_shape_greedy,dev_april,development,2025-04-29,0,0.0,1504.9808207925923,57695.527197327465,,,0.0,0.0,0.0,0.0,0.0
netload_shape_greedy,dev_april,development,2025-04-30,0,0.0,1708.2381589777765,57021.52832893709,,,0.0,0.0,0.0,0.0,0.0
netload_shape_greedy,val_june,validation,2025-06-08,0,0.0,1781.3549957153423,87309.43287990359,,,0.0,0.0,0.0,0.0,0.0
netload_shape_greedy,val_june,validation,2025-06-09,0,0.0,2089.1162261502664,85745.16122700764,,,0.0,0.0,0.0,0.0,0.0
netload_shape_greedy,val_june,validation,2025-06-10,0,0.0,2138.257540046564,86236.02067150382,,,0.0,0.0,0.0,0.0,0.0
netload_shape_greedy,val_june,validation,2025-06-11,0,0.0,2282.374572296297,86870.45867938506,,,0.0,0.0,0.0,0.0,0.0
netload_shape_greedy,val_june,validation,2025-06-12,0,0.0,2420.165174101588,87572.81804833157,,,0.0,0.0,0.0,0.0,0.0
netload_shape_greedy,val_june,validation,2025-06-13,0,0.0,2566.014159001058,39993.47707032922,,,0.0,0.0,0.0,0.0,0.0
netload_shape_greedy,val_june,validation,2025-06-14,0,0.0,2575.636351815873,40145.63127638667,,,0.0,0.0,0.0,0.0,0.0
netload_shape_greedy,val_june,validation,2025-06-15,0,0.0,2621.9770834973533,88786.32215497119,,,0.0,0.0,0.0,0.0,0.0
netload_shape_greedy,val_june,validation,2025-06-16,0,0.0,3274.075601164023,87415.20647083363,,,0.0,0.0,0.0,0.0,0.0
netload_shape_greedy,val_june,validation,2025-06-17,0,0.0,3108.256751350265,86680.72414110287,,,0.0,0.0,0.0,0.0,0.0
netload_shape_greedy,val_june,validation,2025-06-18,0,0.0,2634.8261235333325,87440.5904355344,,,0.0,0.0,0.0,0.0,0.0
netload_shape_greedy,val_june,validation,2025-06-19,0,0.0,2937.999764022223,85400.24147784832,,,0.0,0.0,0.0,0.0,0.0
netload_shape_greedy,val_june,validation,2025-06-20,0,0.0,2684.1647233682556,36665.507066768965,,,0.0,0.0,0.0,0.0,0.0
netload_shape_greedy,val_june,validation,2025-06-21,0,0.0,2884.6010395206395,35252.93467776476,,,0.0,0.0,0.0,0.0,0.0
netload_shape_greedy,val_august,validation,2025-08-18,0,0.0,2178.160729337569,72442.89799171193,,,0.0,0.0,0.0,0.0,0.0
netload_shape_greedy,val_august,validation,2025-08-19,0,0.0,2134.924192117462,72320.79132383892,,,0.0,0.0,0.0,0.0,0.0
netload_shape_greedy,val_august,validation,2025-08-20,0,0.0,1852.4128791502637,72871.02814889594,,,0.0,0.0,0.0,0.0,0.0
netload_shape_greedy,val_august,validation,2025-08-21,0,0.0,1630.2109173555552,74223.70503470546,,,0.0,0.0,0.0,0.0,0.0
netload_shape_greedy,val_august,validation,2025-08-22,0,0.0,1854.96182146032,40199.23855096649,,,0.0,0.0,0.0,0.0,0.0
netload_shape_greedy,val_august,validation,2025-08-23,0,0.0,1486.6533281999998,40856.0864695003,,,0.0,0.0,0.0,0.0,0.0
netload_shape_greedy,val_august,validation,2025-08-24,0,0.0,1916.1332087280416,76191.91484413992,,,0.0,0.0,0.0,0.0,0.0
netload_shape_greedy,val_august,validation,2025-08-25,0,0.0,2100.0782866380923,76204.94830689125,,,0.0,0.0,0.0,0.0,0.0
netload_shape_greedy,val_august,validation,2025-08-26,0,0.0,1707.2043083703695,77810.48083583772,,,0.0,0.0,0.0,0.0,0.0
netload_shape_greedy,val_august,validation,2025-08-27,0,0.0,2289.7248573343923,76984.80180751321,,,0.0,0.0,0.0,0.0,0.0
netload_shape_greedy,val_august,validation,2025-08-28,0,0.0,1885.1668969915356,76463.18450198119,,,0.0,0.0,0.0,0.0,0.0
netload_shape_greedy,val_august,validation,2025-08-29,0,0.0,1928.8909241407405,41128.838747800124,,,0.0,0.0,0.0,0.0,0.0
netload_shape_greedy,val_august,validation,2025-08-30,0,0.0,1784.4022373777766,41384.38355317108,,,0.0,0.0,0.0,0.0,0.0
netload_shape_greedy,val_august,validation,2025-08-31,0,0.0,1574.0628858211644,78414.74288740623,,,0.0,0.0,0.0,0.0,0.0
netload_shape_greedy,eval_september,evaluation,2025-09-10,0,0.0,4786.2408636984155,67860.3791468054,,,0.0,0.0,0.0,0.0,0.0
netload_shape_greedy,eval_september,evaluation,2025-09-11,0,0.0,4596.088809841269,69292.72779655732,,,0.0,0.0,0.0,0.0,0.0
netload_shape_greedy,eval_september,evaluation,2025-09-12,0,0.0,4802.587337518519,35255.18926909047,,,0.0,0.0,0.0,0.0,0.0
netload_shape_greedy,eval_september,evaluation,2025-09-13,0,0.0,4872.584083026451,35509.83696918095,,,0.0,0.0,0.0,0.0,0.0
netload_shape_greedy,eval_september,evaluation,2025-09-14,0,0.0,5204.148125867726,68323.54110245031,,,0.0,0.0,0.0,0.0,0.0
netload_shape_greedy,eval_september,evaluation,2025-09-15,0,0.0,4487.227906111115,67434.65243069135,,,0.0,0.0,0.0,0.0,0.0
netload_shape_greedy,eval_september,evaluation,2025-09-16,0,0.0,3986.774659746033,67472.52043429276,,,0.0,0.0,0.0,0.0,0.0
netload_shape_greedy,eval_september,evaluation,2025-09-17,0,0.0,3583.5142666084644,68723.97640009523,,,0.0,0.0,0.0,0.0,0.0
netload_shape_greedy,eval_september,evaluation,2025-09-18,0,0.0,3671.113625460318,68750.67448494297,,,0.0,0.0,0.0,0.0,0.0
netload_shape_greedy,eval_september,evaluation,2025-09-19,0,0.0,3584.4259127671953,35408.81224665491,,,0.0,0.0,0.0,0.0,0.0
netload_shape_greedy,eval_september,evaluation,2025-09-20,0,0.0,4496.983348915345,34562.68968055261,,,0.0,0.0,0.0,0.0,0.0
netload_shape_greedy,eval_september,evaluation,2025-09-21,0,0.0,4610.873304386244,70845.60734687714,,,0.0,0.0,0.0,0.0,0.0
netload_shape_greedy,eval_september,evaluation,2025-09-22,0,0.0,3822.106488999998,68842.22145939565,,,0.0,0.0,0.0,0.0,0.0
netload_shape_greedy,eval_september,evaluation,2025-09-23,0,0.0,2889.0253054285704,70776.06237700881,,,0.0,0.0,0.0,0.0,0.0
netload_shape_greedy,eval_december,evaluation,2025-12-08,0,0.0,1451.3861965089911,96764.52389095355,,,0.0,0.0,0.0,0.0,0.0
netload_shape_greedy,eval_december,evaluation,2025-12-09,0,0.0,1928.8049120613766,96611.10718190004,,,0.0,0.0,0.0,0.0,0.0
netload_shape_greedy,eval_december,evaluation,2025-12-10,0,0.0,1683.501095979894,96861.426909291,,,0.0,0.0,0.0,0.0,0.0
netload_shape_greedy,eval_december,evaluation,2025-12-11,0,0.0,1752.1957227788373,97194.2822582328,,,0.0,0.0,0.0,0.0,0.0
netload_shape_greedy,eval_december,evaluation,2025-12-12,0,0.0,1888.4510293947114,50903.36499702057,,,0.0,0.0,0.0,0.0,0.0
netload_shape_greedy,eval_december,evaluation,2025-12-13,0,0.0,1922.1565517195847,51821.586006790116,,,0.0,0.0,0.0,0.0,0.0
netload_shape_greedy,eval_december,evaluation,2025-12-14,0,0.0,2001.8885422253966,97849.08415433273,,,0.0,0.0,0.0,0.0,0.0
netload_shape_greedy,eval_december,evaluation,2025-12-15,0,0.0,1739.627803660316,99742.16195113816,,,0.0,0.0,0.0,0.0,0.0
netload_shape_greedy,eval_december,evaluation,2025-12-16,0,0.0,1911.330116133336,99547.49207905112,,,0.0,0.0,0.0,0.0,0.0
netload_shape_greedy,eval_december,evaluation,2025-12-17,0,0.0,1830.002305755558,99301.84177987183,,,0.0,0.0,0.0,0.0,0.0
netload_shape_greedy,eval_december,evaluation,2025-12-18,0,0.0,1875.848881186245,98744.06427248206,,,0.0,0.0,0.0,0.0,0.0
netload_shape_greedy,eval_december,evaluation,2025-12-19,0,0.0,1865.7872980433888,52224.09750531099,,,0.0,0.0,0.0,0.0,0.0
netload_shape_greedy,eval_december,evaluation,2025-12-20,0,0.0,1694.2762466719578,52488.170953038214,,,0.0,0.0,0.0,0.0,0.0
netload_shape_greedy,eval_december,evaluation,2025-12-21,0,0.0,1872.7814958687843,97965.79764183186,,,0.0,0.0,0.0,0.0,0.0
mean7_value_update,dev_march,development,2025-03-07,0,0.0,1607.6682326867735,34204.04107473368,,,0.3858792857142857,14595.561296952379,14595.561296952379,0.002775500004645437,8.952838470577262e-13
mean7_value_update,dev_march,development,2025-03-07,36,6.0,7475.0885120582,34204.04107473368,0.940784375726851,-0.1355142857142858,0.3858792857142857,13554.07469647619,13554.07469647619,0.0028190000157337636,8.952838470577262e-13
mean7_value_update,dev_march,development,2025-03-07,72,12.0,10800.0,34204.04107473368,0.940784375726851,-0.20832857142857147,0.3858792857142857,9061.020309333333,9061.020309333333,0.001933799998369068,5.684341886080801e-13
mean7_value_update,dev_march,development,2025-03-07,108,18.0,10020.41967978836,34204.04107473368,0.940784375726851,-0.16191428571428612,0.3858792857142857,8320.370152190475,8320.370152190475,0.0010485000093467534,5.684341886080801e-13
mean7_value_update,dev_march,development,2025-03-08,0,0.0,1808.2773627661372,32960.675490697235,,,0.38514750000000003,13758.886074285714,13758.886074285714,0.0024157000007107854,9.094947017729282e-13
mean7_value_update,dev_march,development,2025-03-08,36,6.0,6445.178438336508,32960.675490697235,0.94050559418342,-0.1367571428571429,0.38514750000000003,12738.272238095238,12738.272238095238,0.00220610000542365,9.094947017729282e-13
mean7_value_update,dev_march,development,2025-03-08,72,12.0,10800.0,32960.675490697235,0.94050559418342,-0.17637142857142868,0.38514750000000003,8640.0,8640.0,0.0020678000000771135,6.821210263296962e-13
mean7_value_update,dev_march,development,2025-03-08,108,18.0,10020.467598095238,32960.675490697235,0.94050559418342,-0.10158571428571461,0.38514750000000003,7936.791811523808,7936.791811523808,0.0010452000133227557,6.821210263296962e-13
mean7_value_update,dev_march,development,2025-03-09,0,0.0,1746.895154250794,76853.87114620223,,,0.38567642857142864,19217.705054095237,19217.705054095237,0.0023901000095065683,9.094947017729282e-13
mean7_value_update,dev_march,development,2025-03-09,36,6.0,9952.83111111111,76853.87114620223,0.9385554908437139,0.024357142857142855,0.38567642857142864,18384.371720761905,18384.371720761905,0.002744199999142438,6.821210263296962e-13
mean7_value_update,dev_march,development,2025-03-09,72,12.0,9171.48631078201,76853.87114620223,0.9385554908437139,0.016314285714285726,0.38567642857142864,9988.134918952379,9988.134918952379,0.0018545000057201833,6.821210263296962e-13
mean7_value_update,dev_march,development,2025-03-09,108,18.0,10800.0,76853.87114620223,0.9385554908437139,0.05311428571428589,0.38567642857142864,8639.999999999998,8639.999999999998,0.0010227999882772565,6.821210263296962e-13
mean7_value_update,dev_march,development,2025-03-10,0,0.0,1557.369274065611,75454.68785399408,,,0.3858039285714286,18955.412271488574,18955.412271488574,0.002386300009675324,6.821210263296962e-13
mean7_value_update,dev_march,development,2025-03-10,36,6.0,9933.045185185185,75454.68785399408,0.9397070248376895,0.1259714285714285,0.3858039285714286,18122.07893815524,18122.07893815524,0.0021932999952696264,6.821210263296962e-13
mean7_value_update,dev_march,development,2025-03-10,72,12.0,7897.089285268779,75454.68785399408,0.9397070248376895,0.11992857142857138,0.3858039285714286,9716.478222285714,9716.478222285714,0.0018074999970849603,6.821210263296962e-13
mean7_value_update,dev_march,development,2025-03-10,108,18.0,10800.0,75454.68785399408,0.9397070248376895,0.051414285714285635,0.3858039285714286,8640.0,8640.0,0.0010238999966531992,6.821210263296962e-13
mean7_value_update,dev_march,development,2025-03-11,0,0.0,1552.6771873629648,75145.28803695824,,,0.3869178571428572,18918.23046657143,18918.23046657143,0.002365499996813014,7.736034035588091e-13
mean7_value_update,dev_march,development,2025-03-11,36,6.0,9944.732962962964,75145.28803695824,0.9404685924918511,0.08241428571428566,0.3869178571428572,18084.897133238097,18084.897133238097,0.002173199987737462,7.736034035588091e-13
mean7_value_update,dev_march,development,2025-03-11,72,12.0,9675.154969505817,75145.28803695824,0.9404685924918511,0.09129999999999999,0.3869178571428572,9603.23046657143,9603.23046657143,0.002129800006514415,7.736034035588091e-13
mean7_value_update,dev_march,development,2025-03-11,108,18.0,10800.0,75145.28803695824,0.9404685924918511,0.10027142857142857,0.3869178571428572,8640.000000000002,8640.000000000002,0.000976100011030212,6.821210263296962e-13
mean7_value_update,dev_march,development,2025-03-12,0,0.0,1796.9256293375636,74573.76493960139,,,0.3863764285714286,18890.647196380956,18890.647196380956,0.0022779999999329448,1.9326762412674725e-12
mean7_value_update,dev_march,development,2025-03-12,36,6.0,9926.714814814815,74573.76493960139,0.940978894268615,0.10550000000000004,0.3863764285714286,18057.31386304762,18057.31386304762,0.0025818000140134245,8.588685318500211e-13
mean7_value_update,dev_march,development,2025-03-12,72,12.0,9951.351556378831,74573.76493960139,0.940978894268615,0.017142857142857126,0.3863764285714286,9575.647196380953,9575.647196380953,0.0018282000091858208,8.588685318500211e-13
mean7_value_update,dev_march,development,2025-03-12,108,18.0,10800.0,74573.76493960139,0.940978894268615,0.06790000000000007,0.3863764285714286,8640.0,8640.0,0.0009941000025719404,5.684341886080801e-13
mean7_value_update,dev_march,development,2025-03-13,0,0.0,1488.215326268785,74075.74599102174,,,0.38684,18772.147794666667,18772.147794666667,0.0025538000045344234,8.588685318500211e-13
mean7_value_update,dev_march,development,2025-03-13,36,6.0,9883.15,74075.74599102174,0.9414199197369506,0.07940000000000003,0.38684,17938.814461333335,17938.814461333335,0.0023882999958004802,8.588685318500211e-13
mean7_value_update,dev_march,development,2025-03-13,72,12.0,7247.388033627505,74075.74599102174,0.9414199197369506,0.1119857142857143,0.38684,9457.147794666667,9457.147794666667,0.0020352999854367226,8.588685318500211e-13
mean7_value_update,dev_march,development,2025-03-13,108,18.0,10800.0,74075.74599102174,0.9414199197369506,0.005800000000000249,0.38684,8640.0,8640.0,0.001045000011799857,7.958078640513122e-13
mean7_value_update,dev_march,development,2025-03-14,0,0.0,1490.4945404148161,32352.48398488183,,,0.38700928571428567,13297.411447619046,13297.411447619046,0.0025673000200185925,1.8189894035458565e-12
mean7_value_update,dev_march,development,2025-03-14,36,6.0,6035.834149189415,32352.48398488183,0.9424283933761071,-0.11154285714285717,0.38700928571428567,12291.868139523809,12291.868139523809,0.002172800013795495,9.094947017729282e-13
mean7_value_update,dev_march,development,2025-03-14,72,12.0,10800.0,32352.48398488183,0.9424283933761071,-0.2462142857142858,0.38700928571428567,8640.0,8640.0,0.0015783000271767378,9.094947017729282e-13
mean7_value_update,dev_march,development,2025-03-14,108,18.0,9997.038702328042,32352.48398488183,0.9424283933761071,-0.0600857142857143,0.38700928571428567,7894.139697714286,7894.139697714286,0.000980499986326322,6.252776074688882e-13
mean7_value_update,dev_march,development,2025-03-15,0,0.0,1943.5351887502645,31464.3329960482,,,0.38635428571428576,13007.759149999998,13007.759149999998,0.0033497000113129616,8.526512829121202e-13
mean7_value_update,dev_march,development,2025-03-15,36,6.0,5517.401367497356,31464.3329960482,0.9409649501242747,-0.1599571428571429,0.38635428571428576,12021.815338571429,12021.815338571429,0.002427500003250316,8.526512829121202e-13
mean7_value_update,dev_march,development,2025-03-15,72,12.0,9221.10525546032,31464.3329960482,0.9409649501242747,-0.053800000000000014,0.38635428571428576,8640.0,8640.0,0.0020068000012543052,7.958078640513122e-13
mean7_value_update,dev_march,development,2025-03-15,108,18.0,10116.99830994709,31464.3329960482,0.9409649501242747,-0.057014285714285906,0.38635428571428576,7980.594158952381,7980.594158952381,0.0010170000023208559,3.979039320256561e-13
mean7_value_update,dev_march,development,2025-03-16,0,0.0,1439.5778334634933,73665.07076749399,,,0.3870585714285714,18414.532740624767,18414.532740624767,0.0023348999966401607,1.8189894035458565e-12
mean7_value_update,dev_march,development,2025-03-16,36,6.0,9876.073333333334,73665.07076749399,0.9398185446587013,0.059314285714285764,0.3870585714285714,17581.19940729143,17581.19940729143,0.0022327000042423606,1.0231815394945443e-12
mean7_value_update,dev_march,development,2025-03-16,72,12.0,8914.395807301586,73665.07076749399,0.9398185446587013,-0.0024285714285714466,0.3870585714285714,9402.77854447619,9402.77854447619,0.0021535000123549253,1.0231815394945443e-12
mean7_value_update,dev_march,development,2025-03-16,108,18.0,9995.182654179895,73665.07076749399,0.9398185446587013,0.03190000000000004,0.3870585714285714,7915.664388761905,7915.664388761905,0.001003899989882484,1.0231815394945443e-12
mean7_value_update,dev_march,development,2025-03-17,0,0.0,1838.3368031566156,72371.76693552535,,,0.3863735714285714,18287.69600795143,18287.69600795143,0.0024671000137459487,9.094947017729282e-13
mean7_value_update,dev_march,development,2025-03-17,36,6.0,9939.124444444444,72371.76693552535,0.9398297936840663,-0.008185714285714352,0.3863735714285714,17454.362674618096,17454.362674618096,0.002297200000612065,9.094947017729282e-13
mean7_value_update,dev_march,development,2025-03-17,72,12.0,10579.421140530158,72371.76693552535,0.9398297936840663,-0.03301428571428561,0.3863735714285714,9235.586383047617,9235.586383047617,0.0023206000041682273,9.094947017729282e-13
mean7_value_update,dev_march,development,2025-03-17,108,18.0,10030.203703703704,72371.76693552535,0.9398297936840663,0.042371428571428726,0.3863735714285714,7936.019302380953,7936.019302380953,0.0014161999861244112,9.094947017729282e-13
mean7_value_update,dev_march,development,2025-03-18,0,0.0,1958.8960840984132,70178.56345419987,,,0.3843225,17719.96820504762,17719.96820504762,0.0030291999864857644,9.094947017729282e-13
mean7_value_update,dev_march,development,2025-03-18,36,6.0,9927.711111111112,70178.56345419987,0.9398722130396648,0.0014857142857142014,0.3843225,16889.772871714285,16889.772871714285,0.0022047999955248088,9.094947017729282e-13
mean7_value_update,dev_march,development,2025-03-18,72,12.0,7107.635565100534,70178.56345419987,0.9398722130396648,0.043071428571428594,0.3843225,9079.968205047619,9079.968205047619,0.0015923000173643231,8.810729923425242e-13
mean7_value_update,dev_march,development,2025-03-18,108,18.0,10032.590740740741,70178.56345419987,0.9398722130396648,0.035599999999999854,0.3843225,7924.7349690476185,7924.7349690476185,0.0014828999992460012,5.684341886080801e-13
mean7_value_update,dev_march,development,2025-03-19,0,0.0,1835.1560712402136,69970.67909145678,,,0.38313428571428576,17653.584813333335,17653.584813333335,0.0030165000061970204,9.094947017729282e-13
mean7_value_update,dev_march,development,2025-03-19,36,6.0,9885.061111111112,69970.67909145678,0.9398018861073302,0.14571428571428569,0.38313428571428576,16820.769146666666,16820.769146666666,0.002211200015153736,9.094947017729282e-13
mean7_value_update,dev_march,development,2025-03-19,72,12.0,7914.4512077724885,69970.67909145678,0.9398018861073302,0.02581428571428568,0.38313428571428576,9013.584813333333,9013.584813333333,0.0015986000071279705,8.952838470577262e-13
mean7_value_update,dev_march,development,2025-03-19,108,18.0,10011.203703703704,69970.67909145678,0.9398018861073302,0.01924285714285734,0.38313428571428576,7929.2186357142855,7929.2186357142855,0.0014512999914586544,6.821210263296962e-13
mean7_value_update,dev_march,development,2025-03-20,0,0.0,2067.2525849566136,69020.36131558024,,,0.38387607142857144,17670.204405238095,17670.204405238095,0.002831799996783957,8.810729923425242e-13
mean7_value_update,dev_march,development,2025-03-20,36,6.0,9881.094444444445,69020.36131558024,0.9393717670630404,0.09582857142857137,0.38387607142857144,16840.770738571424,16840.770738571424,0.0021618000173475593,8.810729923425242e-13
mean7_value_update,dev_march,development,2025-03-20,72,12.0,8091.521783293122,69020.36131558024,0.9393717670630404,0.08374285714285717,0.38387607142857144,9030.204405238095,9030.204405238095,0.0018108000222127885,9.094947017729282e-13
mean7_value_update,dev_march,development,2025-03-20,108,18.0,10041.82962962963,69020.36131558024,0.9393717670630404,0.018528571428571228,0.38387607142857144,7919.293111428572,7919.293111428572,0.00132610002765432,5.684341886080801e-13
mean7_value_update,dev_april,development,2025-04-17,0,0.0,1618.0719069862432,60737.177014785426,,,0.3857321428571429,16954.171322380953,16954.171322380953,0.0032805000082589686,9.094947017729282e-13
mean7_value_update,dev_april,development,2025-04-17,36,6.0,9329.108333333334,60737.177014785426,0.9412388976225532,0.031028571428571405,0.3857321428571429,15565.585304476192,15565.585304476192,0.0026464000111445785,9.094947017729282e-13
mean7_value_update,dev_april,development,2025-04-17,72,12.0,7627.035587196829,60737.177014785426,0.9412388976225532,0.0413,0.3857321428571429,8720.30946047619,8720.30946047619,0.0016308999911416322,9.094947017729282e-13
mean7_value_update,dev_april,development,2025-04-17,108,18.0,10800.0,60737.177014785426,0.9412388976225532,0.039828571428571324,0.3857321428571429,8640.0,8640.0,0.001174200006062165,6.821210263296962e-13
mean7_value_update,dev_april,development,2025-04-18,0,0.0,2003.4094306867746,26890.4473578542,,,0.3859453571428571,11105.909664285717,11105.909664285717,0.0027732999878935516,8.455458555545192e-13
mean7_value_update,dev_april,development,2025-04-18,36,6.0,3260.3723703333344,26890.4473578542,0.9410118699509012,-0.1948428571428571,0.3859453571428571,10278.636333238097,10278.636333238097,0.002830399986123666,8.455458555545192e-13
mean7_value_update,dev_april,development,2025-04-18,72,12.0,10800.0,26890.4473578542,0.9410118699509012,-0.1662,0.3859453571428571,8640.000000000002,8640.000000000002,0.001421599998138845,7.389644451905042e-13
mean7_value_update,dev_april,development,2025-04-18,108,18.0,10106.018297989416,26890.4473578542,0.9410118699509012,-0.0780571428571426,0.3859453571428571,7922.708438857142,7922.708438857142,0.0012876999971922487,7.389644451905042e-13
mean7_value_update,dev_april,development,2025-04-19,0,0.0,2153.0591576370357,26809.225396309233,,,0.385835,10977.040857523807,10977.040857523807,0.002688899985514581,8.242295734817162e-13
mean7_value_update,dev_april,development,2025-04-19,36,6.0,3475.815912972486,26809.225396309233,0.9416183468418897,-0.24177142857142853,0.385835,10194.09051790476,10194.09051790476,0.0022624999983236194,8.242295734817162e-13
mean7_value_update,dev_april,development,2025-04-19,72,12.0,10800.0,26809.225396309233,0.9416183468418897,-0.20358571428571431,0.385835,8639.999999999998,8639.999999999998,0.0019386999774724245,5.684341886080801e-13
mean7_value_update,dev_april,development,2025-04-19,108,18.0,10091.06176666667,26809.225396309233,0.9416183468418897,-0.0769428571428572,0.385835,7939.380454476191,7939.380454476191,0.001050299993949011,5.684341886080801e-13
mean7_value_update,dev_april,development,2025-04-20,0,0.0,2102.49358338201,59893.79465677366,,,0.38781892857142863,17115.152123333333,17115.152123333333,0.002518599998438731,9.094947017729282e-13
mean7_value_update,dev_april,development,2025-04-20,36,6.0,9348.886814814816,59893.79465677366,0.9426006311388737,0.055399999999999894,0.38781892857142863,15761.004624190475,15761.004624190475,0.0027095999976154417,9.094947017729282e-13
mean7_value_update,dev_april,development,2025-04-20,72,12.0,7644.404260000001,59893.79465677366,0.9426006311388737,0.029614285714285593,0.38781892857142863,8708.021466380951,8708.021466380951,0.001785200001904741,8.881784197001252e-13
mean7_value_update,dev_april,development,2025-04-20,108,18.0,10800.0,59893.79465677366,0.9426006311388737,0.10345714285714291,0.38781892857142863,8640.0,8640.0,0.0011921999976038933,6.821210263296962e-13
mean7_value_update,dev_april,development,2025-04-21,0,0.0,2004.9647056825395,59565.827528573784,,,0.3858985714285714,17066.118295619046,17066.118295619046,0.002369000023463741,9.094947017729282e-13
mean7_value_update,dev_april,development,2025-04-21,36,6.0,9368.107370370371,59565.827528573784,0.9426030848702779,0.07950000000000013,0.3858985714285714,15716.040739904762,15716.040739904762,0.0021878999832551926,9.094947017729282e-13
mean7_value_update,dev_april,development,2025-04-21,72,12.0,8347.448124857146,59565.827528573784,0.9426030848702779,-0.03770000000000007,0.3858985714285714,8735.678474666667,8735.678474666667,0.0019536000036168844,9.094947017729282e-13
mean7_value_update,dev_april,development,2025-04-21,108,18.0,10800.0,59565.827528573784,0.9426030848702779,0.09097142857142848,0.3858985714285714,8639.999999999998,8639.999999999998,0.0009692999883554876,4.547473508864641e-13
mean7_value_update,dev_april,development,2025-04-22,0,0.0,1556.635825121692,59562.373932526745,,,0.3858446428571428,16883.326888761905,16883.326888761905,0.0024696000036783516,9.094947017729282e-13
mean7_value_update,dev_april,development,2025-04-22,36,6.0,9058.992546678308,59562.373932526745,0.9425816636190079,0.10291428571428574,0.3858446428571428,15557.154956285713,15557.154956285713,0.002151099994080141,9.094947017729282e-13
mean7_value_update,dev_april,development,2025-04-22,72,12.0,8104.342179665614,59562.373932526745,0.9425816636190079,0.15727142857142856,0.3858446428571428,8738.007176571427,8738.007176571427,0.0017834000173024833,9.094947017729282e-13
mean7_value_update,dev_april,development,2025-04-22,108,18.0,10800.0,59562.373932526745,0.9425816636190079,0.06521428571428567,0.3858446428571428,8639.999999999998,8639.999999999998,0.0010623999987728894,9.094947017729282e-13
mean7_value_update,dev_april,development,2025-04-23,0,0.0,1718.3639339164013,59814.25367863962,,,0.3872110714285714,16851.157506571424,16851.157506571424,0.002580100001068786,9.094947017729282e-13
mean7_value_update,dev_april,development,2025-04-23,36,6.0,8868.403829700526,59814.25367863962,0.9425015932073731,0.10028571428571431,0.3872110714285714,15494.796435809521,15494.796435809521,0.0026566000015009195,8.810729923425242e-13
mean7_value_update,dev_april,development,2025-04-23,72,12.0,8573.010896797881,59814.25367863962,0.9425015932073731,0.1218285714285714,0.3872110714285714,8760.333604476189,8760.333604476189,0.0019483000214677304,8.810729923425242e-13
mean7_value_update,dev_april,development,2025-04-23,108,18.0,10800.0,59814.25367863962,0.9425015932073731,0.012157142857142755,0.3872110714285714,8640.0,8640.0,0.0010160999954678118,6.821210263296962e-13
mean7_value_update,dev_april,development,2025-04-24,0,0.0,1864.8508124169305,58702.33753123222,,,0.38870642857142856,16773.020984761904,16773.020984761904,0.0024921000003814697,9.094947017729282e-13
mean7_value_update,dev_april,development,2025-04-24,36,6.0,9153.196065619046,58702.33753123222,0.9428997950684461,0.09457142857142875,0.38870642857142856,15440.967556,15440.967556,0.002581600012490526,9.094947017729282e-13
mean7_value_update,dev_april,development,2025-04-24,72,12.0,8781.25144148042,58702.33753123222,0.9428997950684461,0.06864285714285712,0.38870642857142856,8723.646494380953,8723.646494380953,0.001931900013005361,9.094947017729282e-13
mean7_value_update,dev_april,development,2025-04-24,108,18.0,10800.0,58702.33753123222,0.9428997950684461,0.06334285714285715,0.38870642857142856,8640.0,8640.0,0.001118200016207993,6.821210263296962e-13
mean7_value_update,dev_april,development,2025-04-25,0,0.0,1842.977187508995,26099.731072940624,,,0.389365,10716.963321714285,10716.963321714285,0.0029131000046618283,9.094947017729282e-13
mean7_value_update,dev_april,development,2025-04-25,36,6.0,3369.247197582011,26099.731072940624,0.9432325089424082,-0.18421428571428566,0.389365,9945.146572,9945.146572,0.0023400999780278653,9.094947017729282e-13
mean7_value_update,dev_april,development,2025-04-25,72,12.0,10800.0,26099.731072940624,0.9432325089424082,-0.188,0.389365,8640.0,8640.0,0.0012435000098776072,5.684341886080801e-13
mean7_value_update,dev_april,development,2025-04-25,108,18.0,10123.608907407408,26099.731072940624,0.9432325089424082,-0.19664285714285712,0.389365,7996.346230095237,7996.346230095237,0.0012177999888081104,3.979039320256561e-13
mean7_value_update,dev_april,development,2025-04-26,0,0.0,1757.9912371132332,26058.808989927093,,,0.38741607142857143,10580.059153714283,10580.059153714283,0.0024185999936889857,8.526512829121202e-13
mean7_value_update,dev_april,development,2025-04-26,36,6.0,3088.666248661374,26058.808989927093,0.9422563913762299,-0.19895714285714283,0.38741607142857143,9851.41744942857,9851.41744942857,0.0021946000051684678,8.526512829121202e-13
mean7_value_update,dev_april,development,2025-04-26,72,12.0,10800.0,26058.808989927093,0.9422563913762299,-0.34048571428571434,0.38741607142857143,8639.999999999998,8639.999999999998,0.0020416000043042004,5.684341886080801e-13
mean7_value_update,dev_april,development,2025-04-26,108,18.0,10148.362455555556,26058.808989927093,0.9422563913762299,-0.15305714285714278,0.38741607142857143,8009.782252857141,8009.782252857141,0.0010464999941177666,9.663381206337363e-13
mean7_value_update,dev_april,development,2025-04-27,0,0.0,1670.3568247555588,55648.49918323338,,,0.386185,16105.283398190475,16105.283398190475,0.002668899978743866,8.810729923425242e-13
mean7_value_update,dev_april,development,2025-04-27,36,6.0,8540.724079538622,55648.49918323338,0.9435560249748784,0.04614285714285715,0.386185,14809.650671619045,14809.650671619045,0.0024480999854858965,8.810729923425242e-13
mean7_value_update,dev_april,development,2025-04-27,72,12.0,7226.757191804234,55648.49918323338,0.9435560249748784,0.006614285714285739,0.386185,8640.0,8640.0,0.00197350000962615,8.810729923425242e-13
mean7_value_update,dev_april,development,2025-04-27,108,18.0,10800.0,55648.49918323338,0.9435560249748784,0.029928571428571527,0.386185,8640.0,8640.0,0.001027700025588274,4.547473508864641e-13
mean7_value_update,dev_april,development,2025-04-28,0,0.0,1781.1259972751307,55030.69979139212,,,0.38525321428571424,15996.19089552381,15996.19089552381,0.0024065000179689378,9.094947017729282e-13
mean7_value_update,dev_april,development,2025-04-28,36,6.0,8262.620385039158,55030.69979139212,0.9437723320764864,0.07078571428571434,0.38525321428571424,14681.962369714285,14681.962369714285,0.0022421999892685562,9.094947017729282e-13
mean7_value_update,dev_april,development,2025-04-28,72,12.0,3085.952542477252,55030.69979139212,0.9437723320764864,0.22188571428571435,0.38525321428571424,8640.0,6385.495248558097,0.0016373000107705593,7.531752999057062e-13
mean7_value_update,dev_april,development,2025-04-28,108,18.0,6981.372180448682,55030.69979139212,0.9437723320764864,0.05998571428571431,0.38525321428571424,8640.0,5203.234962403814,0.001280700002098456,3.410605131648481e-13
mean7_value_update,dev_april,development,2025-04-29,0,0.0,1504.9808207925923,57695.52719732746,,,0.3850032142857143,16216.055237714289,16216.055237714289,0.0026629000203683972,8.952838470577262e-13
mean7_value_update,dev_april,development,2025-04-29,36,6.0,8627.995864657147,57695.52719732746,0.9452741467674546,0.04394285714285728,0.3850032142857143,14926.224496285717,14926.224496285717,0.0025676999939605594,8.952838470577262e-13
mean7_value_update,dev_april,development,2025-04-29,72,12.0,9955.557312416939,57695.52719732746,0.9452741467674546,0.0752714285714286,0.3850032142857143,8668.542298761904,8668.542298761904,0.0017749000107869506,7.958078640513122e-13
mean7_value_update,dev_april,development,2025-04-29,108,18.0,10800.0,57695.52719732746,0.9452741467674546,0.04397142857142855,0.3850032142857143,8639.999999999998,8639.999999999998,0.0010652000200934708,7.958078640513122e-13
mean7_value_update,dev_april,development,2025-04-30,0,0.0,1919.8933887132298,56786.35585145326,,,0.38290857142857143,15910.73230990476,15910.73230990476,0.003310599975520745,9.947598300641403e-13
mean7_value_update,dev_april,development,2025-04-30,36,6.0,8487.823200304761,56786.35585145326,0.9447241726572181,0.008957142857142997,0.38290857142857143,14609.376605619049,14609.376605619049,0.0022295000089798123,8.86402062860725e-13
mean7_value_update,dev_april,development,2025-04-30,72,12.0,7928.237152670899,56786.35585145326,0.9447241726572181,0.08432857142857147,0.38290857142857143,8645.583170571426,8645.583170571426,0.0020052000181749463,1.1368683772161603e-12
mean7_value_update,dev_april,development,2025-04-30,108,18.0,10800.0,56786.35585145326,0.9447241726572181,0.06519999999999992,0.38290857142857143,8640.0,8640.0,0.0010359000007156283,6.821210263296962e-13
mean7_value_update,val_june,validation,2025-06-08,0,0.0,1781.3549957153423,86851.65452567782,,,0.4084357142857143,18163.41859514286,18163.41859514286,0.002541699999710545,9.094947017729282e-13
mean7_value_update,val_june,validation,2025-06-08,36,6.0,10110.948148148149,86851.65452567782,0.9409656648676011,0.037185714285714266,0.4084357142857143,17504.55583085714,17504.55583085714,0.002818399982061237,9.094947017729282e-13
mean7_value_update,val_june,validation,2025-06-08,72,12.0,10800.0,86851.65452567782,0.9409656648676011,0.045642857142857096,0.4084357142857143,10664.999999999998,10664.999999999998,0.001974799990421161,9.094947017729282e-13
mean7_value_update,val_june,validation,2025-06-08,108,18.0,10800.0,86851.65452567782,0.9409656648676011,0.025385714285714123,0.4084357142857143,8640.0,8640.0,0.0010093000018969178,6.821210263296962e-13
mean7_value_update,val_june,validation,2025-06-09,0,0.0,2168.5444668285722,85337.00364660905,,,0.4068592857142857,18751.19882361905,18751.19882361905,0.002306199981831014,6.821210263296962e-13
mean7_value_update,val_june,validation,2025-06-09,36,6.0,10087.099074074074,85337.00364660905,0.9407515962834643,0.02302857142857151,0.4068592857142857,18076.82121409524,18076.82121409524,0.002284299989696592,6.821210263296962e-13
mean7_value_update,val_june,validation,2025-06-09,72,12.0,10738.939664048681,85337.00364660905,0.9407515962834643,0.0070285714285713285,0.4068592857142857,10665.0,10665.0,0.001691900019068271,6.821210263296962e-13
mean7_value_update,val_june,validation,2025-06-09,108,18.0,10800.0,85337.00364660905,0.9407515962834643,0.02451428571428571,0.4068592857142857,8640.0,8640.0,0.0009979000024031848,6.821210263296962e-13
mean7_value_update,val_june,validation,2025-06-10,0,0.0,2158.59677504762,85896.75485483598,,,0.4083735714285714,18764.999999999996,18764.999999999996,0.002760100003797561,9.094947017729282e-13
mean7_value_update,val_june,validation,2025-06-10,36,6.0,10118.294444444444,85896.75485483598,0.9405755670013682,0.010242857142857109,0.4083735714285714,18080.86698571428,18080.86698571428,0.002740800002356991,9.094947017729282e-13
mean7_value_update,val_june,validation,2025-06-10,72,12.0,10431.951803152386,85896.75485483598,0.9405755670013682,0.09970000000000001,0.4083735714285714,10665.0,10665.0,0.00179720000596717,9.094947017729282e-13
mean7_value_update,val_june,validation,2025-06-10,108,18.0,10800.0,85896.75485483598,0.9405755670013682,-0.0007142857142856673,0.4083735714285714,8640.0,8640.0,0.0010532999876886606,6.821210263296962e-13
mean7_value_update,val_june,validation,2025-06-11,0,0.0,2333.217336100531,86497.30005293593,,,0.4081225,18765.0,18765.0,0.0025448999949730933,8.526512829121202e-13
mean7_value_update,val_june,validation,2025-06-11,36,6.0,10075.911574074074,86497.30005293593,0.9402541891185191,0.10857142857142843,0.4081225,18100.747045238095,18100.747045238095,0.003179300023475662,1.0231815394945443e-12
mean7_value_update,val_june,validation,2025-06-11,72,12.0,7905.591927071955,86497.30005293593,0.9402541891185191,-0.02657142857142858,0.4081225,10664.999999999998,10664.999999999998,0.0019112000009045005,8.526512829121202e-13
mean7_value_update,val_june,validation,2025-06-11,108,18.0,10800.0,86497.30005293593,0.9402541891185191,0.05140000000000011,0.4081225,8640.0,8640.0,0.0010693000222090632,6.821210263296962e-13
mean7_value_update,val_june,validation,2025-06-12,0,0.0,2446.1562815566153,87227.27237338154,,,0.4062478571428571,18765.0,18765.0,0.00505669999984093,2.2737367544323206e-12
mean7_value_update,val_june,validation,2025-06-12,36,6.0,10055.996544973545,87227.27237338154,0.9402311393703148,0.04402857142857142,0.4062478571428571,18095.39689047619,18095.39689047619,0.002017799997702241,2.2737367544323206e-12
mean7_value_update,val_june,validation,2025-06-12,72,12.0,10800.0,87227.27237338154,0.9402311393703148,0.025300000000000045,0.4062478571428571,10665.0,10665.0,0.0018449999915901572,8.526512829121202e-13
mean7_value_update,val_june,validation,2025-06-12,108,18.0,10800.0,87227.27237338154,0.9402311393703148,0.03310000000000013,0.4062478571428571,8640.0,8640.0,0.0010380999883636832,6.821210263296962e-13
mean7_value_update,val_june,validation,2025-06-13,0,0.0,2602.310028023281,39870.784257312174,,,0.4053153571428571,10809.681105809526,10809.681105809526,0.0023363000073004514,8.526512829121202e-13
mean7_value_update,val_june,validation,2025-06-13,36,6.0,6798.297102076194,39870.784257312174,0.940188020097452,-0.11994285714285713,0.4053153571428571,10489.074857714288,10489.074857714288,0.0021032000076957047,8.526512829121202e-13
mean7_value_update,val_june,validation,2025-06-13,72,12.0,10800.0,39870.784257312174,0.940188020097452,-0.1234142857142857,0.4053153571428571,8640.0,8640.0,0.001762899977620691,7.958078640513122e-13
mean7_value_update,val_june,validation,2025-06-13,108,18.0,10800.0,39870.784257312174,0.940188020097452,-0.15621428571428542,0.4053153571428571,8640.0,8640.0,0.0010030999837908894,7.958078640513122e-13
mean7_value_update,val_june,validation,2025-06-14,0,0.0,2575.636351815873,40161.01455702763,,,0.40415892857142854,11188.144503734282,11188.144503734282,0.002588800009107217,1.5774048733874224e-12
mean7_value_update,val_june,validation,2025-06-14,36,6.0,6504.314320150271,40161.01455702763,0.9398773145508833,-0.13127142857142848,0.40415892857142854,10542.213600190476,10542.213600190476,0.0027255000022705644,1.3642420526593924e-12
mean7_value_update,val_june,validation,2025-06-14,72,12.0,10800.0,40161.01455702763,0.9398773145508833,-0.10241428571428574,0.40415892857142854,8640.0,8640.0,0.001823099999455735,1.3642420526593924e-12
mean7_value_update,val_june,validation,2025-06-14,108,18.0,10800.0,40161.01455702763,0.9398773145508833,-0.0627714285714287,0.40415892857142854,8640.0,8640.0,0.0010415999859105796,1.3642420526593924e-12
mean7_value_update,val_june,validation,2025-06-15,0,0.0,2621.9770834973533,88655.19257128982,,,0.40349071428571426,19555.973880095236,19555.973880095236,0.002445199992507696,8.526512829121202e-13
mean7_value_update,val_june,validation,2025-06-15,36,6.0,10114.9,88655.19257128982,0.9393335163977027,-0.02334285714285711,0.40349071428571426,18897.35502485714,18897.35502485714,0.002308499999344349,8.526512829121202e-13
mean7_value_update,val_june,validation,2025-06-15,72,12.0,10184.160961028572,88655.19257128982,0.9393335163977027,0.027942857142857158,0.40349071428571426,10780.973880095236,10780.973880095236,0.0016152000171132386,8.526512829121202e-13
mean7_value_update,val_june,validation,2025-06-15,108,18.0,10800.0,88655.19257128982,0.9393335163977027,0.02437142857142849,0.40349071428571426,8640.0,8640.0,0.0012522999895736575,6.821210263296962e-13
mean7_value_update,val_june,validation,2025-06-16,0,0.0,3274.0756011640224,87193.37376454085,,,0.403365,19169.292146857144,19169.292146857144,0.0025200000090990216,1.5347723092418164e-12
mean7_value_update,val_june,validation,2025-06-16,36,6.0,10053.288361904762,87193.37376454085,0.9390286883819463,0.12075714285714267,0.403365,18497.251672571427,18497.251672571427,0.0023147999891079962,1.1937117960769683e-12
mean7_value_update,val_june,validation,2025-06-16,72,12.0,10503.568773603176,87193.37376454085,0.9390286883819463,0.10547142857142855,0.403365,11069.292146857144,11069.292146857144,0.002335900004254654,1.0231815394945443e-12
mean7_value_update,val_june,validation,2025-06-16,108,18.0,10800.0,87193.37376454085,0.9390286883819463,0.06424285714285705,0.403365,8640.0,8640.0,0.0010855000000447035,6.821210263296962e-13
mean7_value_update,val_june,validation,2025-06-17,0,0.0,3169.124030929103,86364.67990742621,,,0.40248321428571426,19055.97222285714,19055.97222285714,0.002387200016528368,9.094947017729282e-13
mean7_value_update,val_june,validation,2025-06-17,36,6.0,10105.70925925926,86364.67990742621,0.9389222707369602,0.04104285714285694,0.40248321428571426,18374.837478476187,18374.837478476187,0.003296399983810261,9.094947017729282e-13
mean7_value_update,val_june,validation,2025-06-17,72,12.0,10800.0,86364.67990742621,0.9389222707369602,0.03748571428571418,0.40248321428571426,10955.97222285714,10955.97222285714,0.002076899982057512,9.094947017729282e-13
mean7_value_update,val_june,validation,2025-06-17,108,18.0,10800.0,86364.67990742621,0.9389222707369602,0.027785714285714302,0.40248321428571426,8640.0,8640.0,0.0011159999994561076,6.821210263296962e-13
mean7_value_update,val_june,validation,2025-06-18,0,0.0,2703.398861549207,87152.17912865608,,,0.4026707142857143,19210.275292857143,19210.275292857143,0.002378300006967038,3.637978807091713e-12
mean7_value_update,val_june,validation,2025-06-18,36,6.0,10145.591203703703,87152.17912865608,0.9396142645286493,0.037385714285714244,0.4026707142857143,18541.931482,18541.931482,0.0022162000241223723,3.637978807091713e-12
mean7_value_update,val_june,validation,2025-06-18,72,12.0,10800.0,87152.17912865608,0.9396142645286493,0.09711428571428565,0.4026707142857143,11340.0,11340.0,0.0016503000224474818,3.296918293926865e-12
mean7_value_update,val_june,validation,2025-06-18,108,18.0,10800.0,87152.17912865608,0.9396142645286493,0.0936285714285714,0.4026707142857143,8640.0,8640.0,0.0011815000034403056,6.821210263296962e-13
mean7_value_update,val_june,validation,2025-06-19,0,0.0,2982.7942848275147,85047.4383293392,,,0.4021592857142857,18823.129044380952,18823.129044380952,0.003064399992581457,9.094947017729282e-13
mean7_value_update,val_june,validation,2025-06-19,36,6.0,10085.644907407408,85047.4383293392,0.9394469239351874,0.06499999999999995,0.4021592857142857,18156.348418761903,18156.348418761903,0.00284470000769943,8.526512829121202e-13
mean7_value_update,val_june,validation,2025-06-19,72,12.0,10800.0,85047.4383293392,0.9394469239351874,0.0016714285714286015,0.4021592857142857,11339.999999999998,11339.999999999998,0.0016132000018842518,8.526512829121202e-13
mean7_value_update,val_june,validation,2025-06-19,108,18.0,10800.0,85047.4383293392,0.9394469239351874,0.04414285714285704,0.4021592857142857,8640.0,8640.0,0.0011590999783948064,6.821210263296962e-13
mean7_value_update,val_june,validation,2025-06-20,0,0.0,2739.674852192594,36603.82914585303,,,0.4025360714285714,10935.556465142856,10935.556465142856,0.0027651000127661973,8.810729923425242e-13
mean7_value_update,val_june,validation,2025-06-20,36,6.0,5101.033046377779,36603.82914585303,0.939511334317627,-0.15669999999999984,0.4025360714285714,10297.614936571426,10297.614936571426,0.00300319999223575,8.810729923425242e-13
mean7_value_update,val_june,validation,2025-06-20,72,12.0,10800.0,36603.82914585303,0.939511334317627,-0.18064285714285722,0.4025360714285714,8639.999999999998,8639.999999999998,0.002057500008959323,5.684341886080801e-13
mean7_value_update,val_june,validation,2025-06-20,108,18.0,10800.0,36603.82914585303,0.939511334317627,-0.06305714285714292,0.4025360714285714,8639.999999999998,8639.999999999998,0.0010668000031728297,5.684341886080801e-13
mean7_value_update,val_june,validation,2025-06-21,0,0.0,2884.6010395206395,35252.93467776476,,,0.40221964285714285,10831.140935568576,10831.140935568576,0.0028655999922193587,8.952838470577262e-13
mean7_value_update,val_june,validation,2025-06-21,36,6.0,3535.250023508996,35252.93467776476,0.9388426100042568,-0.13174285714285716,0.40221964285714285,10119.014263047618,10119.014263047618,0.002426800027024001,8.952838470577262e-13
mean7_value_update,val_june,validation,2025-06-21,72,12.0,10800.0,35252.93467776476,0.9388426100042568,-0.21334285714285717,0.40221964285714285,8640.0,8640.0,0.0013152000028640032,6.821210263296962e-13
mean7_value_update,val_june,validation,2025-06-21,108,18.0,10800.0,35252.93467776476,0.9388426100042568,-0.12940000000000018,0.40221964285714285,8640.0,8640.0,0.0017754999862518162,6.821210263296962e-13
mean7_value_update,val_august,validation,2025-08-18,0,0.0,2178.160729337569,72442.89799171191,,,0.43690857142857153,16149.455800476186,16149.455800476186,0.002552499994635582,1.4495071809506044e-12
mean7_value_update,val_august,validation,2025-08-18,36,6.0,8996.097226087826,72442.89799171191,0.9334349738777603,0.07889999999999997,0.43690857142857153,15405.51714571428,15405.51714571428,0.0026476000202819705,8.668621376273222e-13
mean7_value_update,val_august,validation,2025-08-18,72,12.0,8035.370663518516,72442.89799171191,0.9334349738777603,-0.000385714285714267,0.43690857142857153,8704.612154285713,8704.612154285713,0.0020198000129312277,1.1368683772161603e-12
mean7_value_update,val_august,validation,2025-08-18,108,18.0,10800.0,72442.89799171191,0.9334349738777603,0.09351428571428566,0.43690857142857153,8640.0,8640.0,0.0011589000059757382,6.821210263296962e-13
mean7_value_update,val_august,validation,2025-08-19,0,0.0,2168.930028625399,72283.00706105231,,,0.44114107142857145,16251.989395809524,16251.989395809524,0.002725400001509115,8.526512829121202e-13
mean7_value_update,val_august,validation,2025-08-19,36,6.0,9124.259762604232,72283.00706105231,0.9334304637975536,-0.03720000000000001,0.44114107142857145,15509.48656247619,15509.48656247619,0.0021474000241141766,8.526512829121202e-13
mean7_value_update,val_august,validation,2025-08-19,72,12.0,9216.983367719578,72283.00706105231,0.9334304637975536,0.11984285714285714,0.44114107142857145,8764.804947809524,8764.804947809524,0.0018494999967515469,8.526512829121202e-13
mean7_value_update,val_august,validation,2025-08-19,108,18.0,10800.0,72283.00706105231,0.9334304637975536,0.04717142857142842,0.44114107142857145,8640.0,8640.0,0.0009150000114459544,6.821210263296962e-13
mean7_value_update,val_august,validation,2025-08-20,0,0.0,1852.4128791502637,72871.02814889594,,,0.4421378571428572,16360.527679238092,16360.527679238092,0.0026499999803490937,8.810729923425242e-13
mean7_value_update,val_august,validation,2025-08-20,36,6.0,9143.509683657145,72871.02814889594,0.933452703242669,0.06698571428571443,0.4421378571428572,15618.057014285712,15618.057014285712,0.002293199999257922,8.810729923425242e-13
mean7_value_update,val_august,validation,2025-08-20,72,12.0,5671.170437341805,72871.02814889594,0.933452703242669,0.14880000000000004,0.4421378571428572,8786.59522847619,8043.299676200958,0.002741799980867654,8.810729923425242e-13
mean7_value_update,val_august,validation,2025-08-20,108,18.0,10526.162654940754,72871.02814889594,0.933452703242669,0.13742857142857146,0.4421378571428572,8640.0,8393.546389446677,0.0015854999946895987,6.821210263296962e-13
mean7_value_update,val_august,validation,2025-08-21,0,0.0,1717.1493651111257,74127.10675942148,,,0.44166928571428576,17137.62348085714,17137.62348085714,0.003046999976504594,9.094947017729282e-13
mean7_value_update,val_august,validation,2025-08-21,36,6.0,10033.994907407407,74127.10675942148,0.9343259508153567,-0.04208571428571428,0.44166928571428576,16360.808970761902,16360.808970761902,0.0020560999982990324,8.08242361927114e-13
mean7_value_update,val_august,validation,2025-08-21,72,12.0,9953.789981379892,74127.10675942148,0.9343259508153567,0.09965714285714289,0.44166928571428576,8791.764415809525,8791.764415809525,0.001645200012717396,8.08242361927114e-13
mean7_value_update,val_august,validation,2025-08-21,108,18.0,10800.0,74127.10675942148,0.9343259508153567,0.028042857142857036,0.44166928571428576,8640.0,8640.0,0.001347799989162013,6.821210263296962e-13
mean7_value_update,val_august,validation,2025-08-22,0,0.0,1953.1484296931214,40194.595290251615,,,0.44062285714285715,11348.237941333331,11348.237941333331,0.0031749999907333404,7.673861546209082e-13
mean7_value_update,val_august,validation,2025-08-22,36,6.0,3480.1616445788363,40194.595290251615,0.9348714579117283,-0.11845714285714304,0.44062285714285715,10504.432053619046,10504.432053619046,0.0025372999953106046,7.673861546209082e-13
mean7_value_update,val_august,validation,2025-08-22,72,12.0,10800.0,40194.595290251615,0.9348714579117283,-0.1704571428571429,0.44062285714285715,8639.999999999998,8639.999999999998,0.0012305999989621341,6.821210263296962e-13
mean7_value_update,val_august,validation,2025-08-22,108,18.0,10800.0,40194.595290251615,0.9348714579117283,-0.1480571428571429,0.44062285714285715,8639.999999999998,8639.999999999998,0.0013085999817121774,6.821210263296962e-13
mean7_value_update,val_august,validation,2025-08-23,0,0.0,1604.7352693798935,40825.121396812465,,,0.4429432142857143,11200.13151657143,11200.13151657143,0.002813700004480779,1.0231815394945443e-12
mean7_value_update,val_august,validation,2025-08-23,36,6.0,3747.340287863494,40825.121396812465,0.9353216960115812,-0.18910000000000016,0.4429432142857143,10377.588442095237,10377.588442095237,0.0028326000028755516,1.0231815394945443e-12
mean7_value_update,val_august,validation,2025-08-23,72,12.0,10800.0,40825.121396812465,0.9353216960115812,-0.11744285714285718,0.4429432142857143,8640.0,8640.0,0.001218599994899705,1.0231815394945443e-12
mean7_value_update,val_august,validation,2025-08-23,108,18.0,10800.0,40825.121396812465,0.9353216960115812,-0.13518571428571424,0.4429432142857143,8640.0,8640.0,0.0014999000122770667,1.0231815394945443e-12
mean7_value_update,val_august,validation,2025-08-24,0,0.0,1916.1332087280416,76191.91484413992,,,0.44135107142857144,17160.464761428568,17160.464761428568,0.0030573000258300453,7.958078640513122e-13
mean7_value_update,val_august,validation,2025-08-24,36,6.0,9661.687749100529,76191.91484413992,0.9349356362757145,0.06872857142857147,0.44135107142857144,16410.601044952375,16410.601044952375,0.002541699999710545,7.958078640513122e-13
mean7_value_update,val_august,validation,2025-08-24,72,12.0,9989.53420166032,76191.91484413992,0.9349356362757145,0.011928571428571455,0.44135107142857144,9101.453138095238,9101.453138095238,0.001421599998138845,7.105427357601002e-13
mean7_value_update,val_august,validation,2025-08-24,108,18.0,10800.0,76191.91484413992,0.9349356362757145,0.017757142857143027,0.44135107142857144,8640.0,8640.0,0.0013543999812100083,6.821210263296962e-13
mean7_value_update,val_august,validation,2025-08-25,0,0.0,2196.4236855798945,76097.89786362258,,,0.44280785714285714,17495.08042647619,17495.08042647619,0.00245210001594387,1.1652900866465643e-12
mean7_value_update,val_august,validation,2025-08-25,36,6.0,9974.8125,76097.89786362258,0.9354803678415372,0.04600000000000004,0.44280785714285714,16734.91631714286,16734.91631714286,0.002295099984621629,8.526512829121202e-13
mean7_value_update,val_august,validation,2025-08-25,72,12.0,8762.129952725927,76097.89786362258,0.9354803678415372,0.16475714285714277,0.44280785714285714,9200.984776190475,9200.984776190475,0.001793200004613027,8.526512829121202e-13
mean7_value_update,val_august,validation,2025-08-25,108,18.0,10800.0,76097.89786362258,0.9354803678415372,0.030557142857142727,0.44280785714285714,8640.0,8640.0,0.0010093999735545367,6.821210263296962e-13
mean7_value_update,val_august,validation,2025-08-26,0,0.0,2019.1870635026455,77411.71061081126,,,0.44060607142857144,17247.171835238092,17247.171835238092,0.0026852000155486166,9.094947017729282e-13
mean7_value_update,val_august,validation,2025-08-26,36,6.0,9979.47592228042,77411.71061081126,0.9356339798202014,0.0366142857142856,0.44060607142857144,16495.137083047615,16495.137083047615,0.0029362999775912613,9.094947017729282e-13
mean7_value_update,val_august,validation,2025-08-26,72,12.0,9802.631755497354,77411.71061081126,0.9356339798202014,-0.047628571428571465,0.44060607142857144,9357.573192857142,9357.573192857142,0.001956599997356534,9.094947017729282e-13
mean7_value_update,val_august,validation,2025-08-26,108,18.0,10800.0,77411.71061081126,0.9356339798202014,0.08937142857142844,0.44060607142857144,8640.0,8640.0,0.0010212000051978976,6.821210263296962e-13
mean7_value_update,val_august,validation,2025-08-27,0,0.0,2289.7248573343904,76984.80180751323,,,0.43767321428571426,17632.547513238093,17632.547513238093,0.002361399994697422,7.673861546209082e-13
mean7_value_update,val_august,validation,2025-08-27,36,6.0,9963.419444444444,76984.80180751323,0.9358010035948113,0.1174142857142858,0.43767321428571426,16887.824194666668,16887.824194666668,0.002204899996286258,7.673861546209082e-13
mean7_value_update,val_august,validation,2025-08-27,72,12.0,8632.110463113226,76984.80180751323,0.9358010035948113,0.08425714285714286,0.43767321428571426,9394.267920952381,9394.267920952381,0.0018372999911662191,7.673861546209082e-13
mean7_value_update,val_august,validation,2025-08-27,108,18.0,10800.0,76984.80180751323,0.9358010035948113,-0.0003428571428574223,0.43767321428571426,8640.0,8640.0,0.0009611999848857522,6.821210263296962e-13
mean7_value_update,val_august,validation,2025-08-28,0,0.0,1868.6339772031754,76481.55441285713,,,0.4350446428571429,17573.33087257143,17573.33087257143,0.002813400002196431,8.242295734817162e-13
mean7_value_update,val_august,validation,2025-08-28,36,6.0,9932.465740740741,76481.55441285713,0.9355159306593163,0.12354285714285707,0.4350446428571429,16796.76499190476,16796.76499190476,0.0026174000231549144,8.242295734817162e-13
mean7_value_update,val_august,validation,2025-08-28,72,12.0,5645.033932122751,76481.55441285713,0.9355159306593163,0.11161428571428567,0.4350446428571429,9342.116838952381,8148.631554291428,0.0018792999908328056,8.242295734817162e-13
mean7_value_update,val_august,validation,2025-08-28,108,18.0,10800.0,76481.55441285713,0.9355159306593163,0.06265714285714297,0.4350446428571429,8640.0,8640.0,0.0010426999942865223,6.821210263296962e-13
mean7_value_update,val_august,validation,2025-08-29,0,0.0,1928.8909241407414,41237.63937088066,,,0.4341807142857143,11424.736765714286,11424.736765714286,0.00269950000802055,9.094947017729282e-13
mean7_value_update,val_august,validation,2025-08-29,36,6.0,4475.979184200001,41237.63937088066,0.9357652206854492,-0.11504285714285711,0.4341807142857143,10544.119233333335,10544.119233333335,0.0021929999929852784,9.094947017729282e-13
mean7_value_update,val_august,validation,2025-08-29,72,12.0,10800.0,41237.63937088066,0.9357652206854492,-0.10814285714285712,0.4341807142857143,8640.0,8640.0,0.0015565000066999346,6.821210263296962e-13
mean7_value_update,val_august,validation,2025-08-29,108,18.0,10800.0,41237.63937088066,0.9357652206854492,-0.06955714285714287,0.4341807142857143,8640.0,8640.0,0.001047800004016608,6.821210263296962e-13
mean7_value_update,val_august,validation,2025-08-30,0,0.0,1784.4022373777775,41491.9794364268,,,0.4322096428571428,11570.658409714288,11570.658409714288,0.00298990000737831,8.810729923425242e-13
mean7_value_update,val_august,validation,2025-08-30,36,6.0,4081.180298847619,41491.9794364268,0.9353597130064372,-0.1634714285714285,0.4322096428571428,10691.951294285715,10691.951294285715,0.002571899996837601,8.810729923425242e-13
mean7_value_update,val_august,validation,2025-08-30,72,12.0,10800.0,41491.9794364268,0.9353597130064372,-0.20801428571428568,0.4322096428571428,8640.000000000002,8640.000000000002,0.0012442999868653715,7.958078640513122e-13
mean7_value_update,val_august,validation,2025-08-30,108,18.0,10800.0,41491.9794364268,0.9353597130064372,-0.1138714285714284,0.4322096428571428,8640.000000000002,8640.000000000002,0.0015228000120259821,7.958078640513122e-13
mean7_value_update,val_august,validation,2025-08-31,0,0.0,1574.0628858211626,78414.74288740623,,,0.4334985714285714,17965.536956666663,17965.536956666663,0.0028188999858684838,8.415490526658687e-13
mean7_value_update,val_august,validation,2025-08-31,36,6.0,9940.621246243387,78414.74288740623,0.937463424422849,0.07952857142857139,0.4334985714285714,17192.096078285715,17192.096078285715,0.0024206000089179724,8.415490526658687e-13
mean7_value_update,val_august,validation,2025-08-31,72,12.0,8844.258785136512,78414.74288740623,0.937463424422849,0.12451428571428574,0.4334985714285714,9325.536956666665,9325.536956666665,0.001583700010087341,8.415490526658687e-13
mean7_value_update,val_august,validation,2025-08-31,108,18.0,10800.0,78414.74288740623,0.937463424422849,0.04141428571428585,0.4334985714285714,8640.0,8640.0,0.0013850000104866922,6.821210263296962e-13
mean7_value_update,eval_september,evaluation,2025-09-10,0,0.0,4786.2408636984155,67860.3791468054,,,0.38278678571428576,17496.01929895238,17496.01929895238,0.0028744000010192394,9.094947017729282e-13
mean7_value_update,eval_september,evaluation,2025-09-10,36,6.0,9155.083944444445,67860.3791468054,0.9358581048123236,0.1179285714285715,0.38278678571428576,16017.943389904762,16017.943389904762,0.0028363000019453466,9.094947017729282e-13
mean7_value_update,eval_september,evaluation,2025-09-10,72,12.0,5947.779541354499,67860.3791468054,0.9358581048123236,0.08924285714285707,0.38278678571428576,8876.462964952381,8715.971584845716,0.0018265000253450125,9.094947017729282e-13
mean7_value_update,eval_september,evaluation,2025-09-10,108,18.0,10800.0,67860.3791468054,0.9358581048123236,0.09632857142857154,0.38278678571428576,8640.0,8640.0,0.0013487999967765063,6.821210263296962e-13
mean7_value_update,eval_september,evaluation,2025-09-11,0,0.0,5238.316696867728,68579.1412554168,,,0.38361321428571427,17519.384674285713,17519.384674285713,0.003293299989309162,9.094947017729282e-13
mean7_value_update,eval_september,evaluation,2025-09-11,36,6.0,9977.1625,68579.1412554168,0.936677004862955,0.05658571428571424,0.38361321428571427,16727.922888571426,16727.922888571426,0.0023640999861527234,8.952838470577262e-13
mean7_value_update,eval_september,evaluation,2025-09-11,72,12.0,8742.92479151323,68579.1412554168,0.936677004862955,-0.01934285714285716,0.38361321428571427,8879.384674285713,8879.384674285713,0.0020006000122521073,8.952838470577262e-13
mean7_value_update,eval_september,evaluation,2025-09-11,108,18.0,10800.0,68579.1412554168,0.936677004862955,0.036457142857142966,0.38361321428571427,8640.0,8640.0,0.001035499997669831,6.821210263296962e-13
mean7_value_update,eval_september,evaluation,2025-09-12,0,0.0,5267.832231968257,34678.13553075238,,,0.38485107142857145,12301.049008771432,12301.049008771432,0.0024465999740641564,7.958078640513122e-13
mean7_value_update,eval_september,evaluation,2025-09-12,36,6.0,6014.403702977671,34678.13553075238,0.9366757060635748,-0.10049999999999992,0.38485107142857145,10849.363419428573,10849.363419428573,0.002743400022154674,7.958078640513122e-13
mean7_value_update,eval_september,evaluation,2025-09-12,72,12.0,10800.0,34678.13553075238,0.9366757060635748,-0.17890000000000003,0.38485107142857145,8640.0,8640.0,0.0016277999966405332,5.684341886080801e-13
mean7_value_update,eval_september,evaluation,2025-09-12,108,18.0,10800.0,34678.13553075238,0.9366757060635748,-0.06578571428571411,0.38485107142857145,8640.0,8640.0,0.0011733999999705702,5.684341886080801e-13
mean7_value_update,eval_september,evaluation,2025-09-13,0,0.0,5091.8495524444415,35154.16471337143,,,0.3843817857142857,12142.664597199997,12142.664597199997,0.0028464999923016876,8.739675649849232e-13
mean7_value_update,eval_september,evaluation,2025-09-13,36,6.0,6239.499421285714,35154.16471337143,0.9367454986837872,-0.16359999999999986,0.3843817857142857,10838.921475809522,10838.921475809522,0.0021724999824073166,8.739675649849232e-13
mean7_value_update,eval_september,evaluation,2025-09-13,72,12.0,10800.0,35154.16471337143,0.9367454986837872,-0.25987142857142864,0.3843817857142857,8640.0,8640.0,0.0016530999855604023,4.547473508864641e-13
mean7_value_update,eval_september,evaluation,2025-09-13,108,18.0,10223.11574074074,35154.16471337143,0.9367454986837872,-0.1192714285714287,0.3843817857142857,8046.0105,8046.0105,0.0009447000047657639,3.410605131648481e-13
mean7_value_update,eval_september,evaluation,2025-09-14,0,0.0,5503.060397386243,67991.41635631863,,,0.3842546428571429,17559.38502142857,17559.38502142857,0.002348200010601431,1.0231815394945443e-12
mean7_value_update,eval_september,evaluation,2025-09-14,36,6.0,9957.916203703704,67991.41635631863,0.9378625387832658,0.06305714285714292,0.3842546428571429,16769.26422380952,16769.26422380952,0.0024044999736361206,8.526512829121202e-13
mean7_value_update,eval_september,evaluation,2025-09-14,72,12.0,6686.473411588361,67991.41635631863,0.9378625387832658,0.15622857142857144,0.3842546428571429,8919.38502142857,8919.38502142857,0.002140500000678003,8.526512829121202e-13
mean7_value_update,eval_september,evaluation,2025-09-14,108,18.0,9967.47978835979,67991.41635631863,0.9378625387832658,0.06348571428571437,0.3842546428571429,7806.666666666666,7806.666666666666,0.001430899981642142,6.821210263296962e-13
mean7_value_update,eval_september,evaluation,2025-09-15,0,0.0,5017.729710634924,66845.20598122045,,,0.3863432142857144,17508.00514285714,17508.00514285714,0.002841199981048703,9.947598300641403e-13
mean7_value_update,eval_september,evaluation,2025-09-15,36,6.0,9917.838677248677,66845.20598122045,0.9380626403892137,0.07737142857142854,0.3863432142857144,16714.05995238095,16714.05995238095,0.002108500018948689,7.105427357601002e-13
mean7_value_update,eval_september,evaluation,2025-09-15,72,12.0,9137.899200644442,66845.20598122045,0.9380626403892137,-0.006799999999999917,0.3863432142857144,8868.00514285714,8868.00514285714,0.001578800001880154,6.821210263296962e-13
mean7_value_update,eval_september,evaluation,2025-09-15,108,18.0,9889.868055555555,66845.20598122045,0.9380626403892137,0.0803571428571428,0.3863432142857144,7811.295095238094,7811.295095238094,0.0012510000087786466,6.821210263296962e-13
mean7_value_update,eval_september,evaluation,2025-09-16,0,0.0,4346.819261216931,67072.47087710288,,,0.38790571428571424,17485.06808142857,17485.06808142857,0.0027108000067528337,2.2168933355715126e-12
mean7_value_update,eval_september,evaluation,2025-09-16,36,6.0,9945.393055555556,67072.47087710288,0.9387261071157801,0.1062428571428572,0.38790571428571424,16699.38998619048,16699.38998619048,0.002262000023620203,7.673861546209082e-13
mean7_value_update,eval_september,evaluation,2025-09-16,72,12.0,7155.24711577778,67072.47087710288,0.9387261071157801,0.18757142857142856,0.38790571428571424,8845.06808142857,8845.06808142857,0.0017462999967392534,7.673861546209082e-13
mean7_value_update,eval_september,evaluation,2025-09-16,108,18.0,9939.076507936508,67072.47087710288,0.9387261071157801,0.03524285714285713,0.38790571428571424,7806.666666666666,7806.666666666666,0.0011339000193402171,6.821210263296962e-13
mean7_value_update,eval_september,evaluation,2025-09-17,0,0.0,3962.9858893227524,68302.34126374603,,,0.38880750000000003,17504.02625904762,17504.02625904762,0.0025205000129062682,9.094947017729282e-13
mean7_value_update,eval_september,evaluation,2025-09-17,36,6.0,9894.684841269842,68302.34126374603,0.9389174795747196,0.0810714285714288,0.38880750000000003,16689.242616190473,16689.242616190473,0.0022038999886717647,9.094947017729282e-13
mean7_value_update,eval_september,evaluation,2025-09-17,72,12.0,5743.082986060315,68302.34126374603,0.9389174795747196,0.046271428571428574,0.38880750000000003,8864.026259047618,8378.525449579047,0.0018211999849881977,9.094947017729282e-13
mean7_value_update,eval_september,evaluation,2025-09-17,108,18.0,10020.954404761904,68302.34126374603,0.9389174795747196,-0.005285714285714116,0.38880750000000003,7806.666666666666,7806.666666666666,0.0010352999961469322,6.821210263296962e-13
mean7_value_update,eval_september,evaluation,2025-09-18,0,0.0,4272.116691571428,68082.89330037507,,,0.388595,17452.29762809524,17452.29762809524,0.002498099987860769,9.094947017729282e-13
mean7_value_update,eval_september,evaluation,2025-09-18,36,6.0,9911.150462962964,68082.89330037507,0.939055025152572,0.0762285714285712,0.388595,16651.946544761904,16651.946544761904,0.0022154999896883965,9.094947017729282e-13
mean7_value_update,eval_september,evaluation,2025-09-18,72,12.0,7326.552832954497,68082.89330037507,0.939055025152572,0.12329999999999997,0.388595,8812.297628095239,8812.297628095239,0.0018142999906558543,9.094947017729282e-13
mean7_value_update,eval_september,evaluation,2025-09-18,108,18.0,9993.601917989417,68082.89330037507,0.939055025152572,0.0520571428571428,0.388595,7806.666666666666,7806.666666666666,0.0011929999745916575,6.821210263296962e-13
mean7_value_update,eval_september,evaluation,2025-09-19,0,0.0,4102.204983957672,34833.50216755438,,,0.3877471428571428,12182.55067238095,12182.55067238095,0.002550300006987527,9.094947017729282e-13
mean7_value_update,eval_september,evaluation,2025-09-19,36,6.0,5818.351247698412,34833.50216755438,0.9392454518273974,-0.12291428571428575,0.3877471428571428,11259.662918571426,11259.662918571426,0.0021462999866344035,9.094947017729282e-13
mean7_value_update,eval_september,evaluation,2025-09-19,72,12.0,10800.0,34833.50216755438,0.9392454518273974,-0.12085714285714289,0.3877471428571428,8639.999999999998,8639.999999999998,0.0015375000075437129,9.094947017729282e-13
mean7_value_update,eval_september,evaluation,2025-09-19,108,18.0,10232.774074074074,34833.50216755438,0.9392454518273974,-0.11742857142857144,0.3877471428571428,8042.491916666666,8042.491916666666,0.0011029000161215663,9.094947017729282e-13
mean7_value_update,eval_september,evaluation,2025-09-20,0,0.0,4563.487342973546,34488.79635382128,,,0.3884707142857143,12118.863256571427,12118.863256571427,0.0032303000043611974,1.3642420526593924e-12
mean7_value_update,eval_september,evaluation,2025-09-20,36,6.0,5909.263128724869,34488.79635382128,0.9382206020084836,-0.13145714285714283,0.3884707142857143,11195.307415619045,11195.307415619045,0.002480800001649186,1.3642420526593924e-12
mean7_value_update,eval_september,evaluation,2025-09-20,72,12.0,10800.0,34488.79635382128,0.9382206020084836,-0.16399999999999998,0.3884707142857143,8639.999999999998,8639.999999999998,0.0018310000014025718,1.3642420526593924e-12
mean7_value_update,eval_september,evaluation,2025-09-20,108,18.0,10182.046296296296,34488.79635382128,0.9382206020084836,-0.11364285714285716,0.3884707142857143,8046.002309523808,8046.002309523808,0.0011497999948915094,4.547473508864641e-13
mean7_value_update,eval_september,evaluation,2025-09-21,0,0.0,4627.468890444444,70812.93206489948,,,0.38687392857142855,17577.306228571426,17577.306228571426,0.002510899998014793,1.0231815394945443e-12
mean7_value_update,eval_september,evaluation,2025-09-21,36,6.0,9915.97962962963,70812.93206489948,0.9376393200559747,0.014285714285714346,0.38687392857142855,16774.533454761906,16774.533454761906,0.002508500008843839,7.815970093361102e-13
mean7_value_update,eval_september,evaluation,2025-09-21,72,12.0,10418.846083212697,70812.93206489948,0.9376393200559747,0.13419999999999999,0.38687392857142855,8937.306228571428,8937.306228571428,0.0021569000091403723,6.821210263296962e-13
mean7_value_update,eval_september,evaluation,2025-09-21,108,18.0,9961.726031746031,70812.93206489948,0.9376393200559747,0.025085714285714378,0.38687392857142855,7806.666666666666,7806.666666666666,0.0012929999793414026,6.821210263296962e-13
mean7_value_update,eval_september,evaluation,2025-09-22,0,0.0,4219.9497584232795,68400.17338225867,,,0.3871971428571429,17456.431704761904,17456.431704761904,0.00253360002534464,8.881784197001252e-13
mean7_value_update,eval_september,evaluation,2025-09-22,36,6.0,9933.927777777779,68400.17338225867,0.9379809768958808,-0.0019571428571427685,0.3871971428571429,16635.03894285714,16635.03894285714,0.0022492999851237983,8.881784197001252e-13
mean7_value_update,eval_september,evaluation,2025-09-22,72,12.0,8853.450056340742,68400.17338225867,0.9379809768958808,0.053771428571428526,0.3871971428571429,8816.431704761902,8816.431704761902,0.0018698999774642289,8.881784197001252e-13
mean7_value_update,eval_september,evaluation,2025-09-22,108,18.0,9931.422222222222,68400.17338225867,0.9379809768958808,0.04447142857142827,0.3871971428571429,7809.939821428569,7809.939821428569,0.0011937999806832522,2.2737367544323206e-13
mean7_value_update,eval_september,evaluation,2025-09-23,0,0.0,3230.9975513597915,70396.09321486301,,,0.38655535714285716,17456.522458571424,17456.522458571424,0.0033493000082671642,9.094947017729282e-13
mean7_value_update,eval_september,evaluation,2025-09-23,36,6.0,9921.52962962963,70396.09321486301,0.9381961460817653,0.10525714285714283,0.38655535714285716,16659.83451809524,16659.83451809524,0.0026415999745950103,9.094947017729282e-13
mean7_value_update,eval_september,evaluation,2025-09-23,72,12.0,7524.24053956614,70396.09321486301,0.9381961460817653,-0.0005571428571429227,0.38655535714285716,8816.522458571426,8816.522458571426,0.0014417000056710094,9.094947017729282e-13
mean7_value_update,eval_september,evaluation,2025-09-23,108,18.0,9975.560026455027,70396.09321486301,0.9381961460817653,-0.011271428571428377,0.38655535714285716,7806.666666666665,7806.666666666665,0.0012249000137671828,6.821210263296962e-13
mean7_value_update,eval_december,evaluation,2025-12-08,0,0.0,1451.3861965089911,96889.40221220929,,,0.4214239285714286,19910.874229904763,19910.874229904763,0.0028995000175200403,9.663381206337363e-13
mean7_value_update,eval_december,evaluation,2025-12-08,36,6.0,10800.0,96889.40221220929,0.9417647441779691,0.024800000000000155,0.4214239285714286,19910.87422990476,19910.87422990476,0.004445300000952557,9.663381206337363e-13
mean7_value_update,eval_december,evaluation,2025-12-08,72,12.0,8088.569394933331,96889.40221220929,0.9417647441779691,0.12754285714285707,0.4214239285714286,11270.874229904763,11270.874229904763,0.002133100002538413,9.663381206337363e-13
mean7_value_update,eval_december,evaluation,2025-12-08,108,18.0,10800.0,96889.40221220929,0.9417647441779691,0.04572857142857134,0.4214239285714286,8640.0,8640.0,0.0009350000182166696,6.821210263296962e-13
mean7_value_update,eval_december,evaluation,2025-12-09,0,0.0,1823.0339727153448,96886.96378117343,,,0.4214460714285714,20115.0,20115.0,0.002432700013741851,9.094947017729282e-13
mean7_value_update,eval_december,evaluation,2025-12-09,36,6.0,10800.0,96886.96378117343,0.9418892904145204,0.04910000000000003,0.4214460714285714,20115.0,20115.0,0.002235299994936213,6.821210263296962e-13
mean7_value_update,eval_december,evaluation,2025-12-09,72,12.0,7736.2008309957655,96886.96378117343,0.9418892904145204,0.012285714285714233,0.4214460714285714,11475.0,11475.0,0.0018450999923516065,9.094947017729282e-13
mean7_value_update,eval_december,evaluation,2025-12-09,108,18.0,10800.0,96886.96378117343,0.9418892904145204,0.09089999999999998,0.4214460714285714,8640.0,8640.0,0.0010808000224642456,4.547473508864641e-13
mean7_value_update,eval_december,evaluation,2025-12-10,0,0.0,1731.1889224444446,97026.89186205876,,,0.4204746428571429,20464.07857476191,20464.07857476191,0.0026184000016655773,9.094947017729282e-13
mean7_value_update,eval_december,evaluation,2025-12-10,36,6.0,10800.0,97026.89186205876,0.9416331376388928,0.027385714285714235,0.4204746428571429,20464.07857476191,20464.07857476191,0.002748099999735132,7.389644451905042e-13
mean7_value_update,eval_december,evaluation,2025-12-10,72,12.0,7894.06067690793,97026.89186205876,0.9416331376388928,0.10259999999999991,0.4204746428571429,11824.078574761905,11824.078574761905,0.002209800004493445,9.094947017729282e-13
mean7_value_update,eval_december,evaluation,2025-12-10,108,18.0,10800.0,97026.89186205876,0.9416331376388928,0.008957142857142664,0.4204746428571429,8640.000000000002,8640.000000000002,0.0011512000055518001,6.821210263296962e-13
mean7_value_update,eval_december,evaluation,2025-12-11,0,0.0,1660.9956632592596,97434.26873075953,,,0.41909964285714285,20115.0,20115.0,0.0026870000001508743,9.094947017729282e-13
mean7_value_update,eval_december,evaluation,2025-12-11,36,6.0,10800.0,97434.26873075953,0.9410007789128351,0.04681428571428592,0.41909964285714285,20115.0,20115.0,0.002377199998591095,7.958078640513122e-13
mean7_value_update,eval_december,evaluation,2025-12-11,72,12.0,7692.318007807409,97434.26873075953,0.9410007789128351,0.14698571428571428,0.41909964285714285,11475.0,11475.0,0.001684399991063401,6.821210263296962e-13
mean7_value_update,eval_december,evaluation,2025-12-11,108,18.0,10800.0,97434.26873075953,0.9410007789128351,0.0403,0.41909964285714285,8639.999999999998,8639.999999999998,0.0013329999928828329,6.821210263296962e-13
mean7_value_update,eval_december,evaluation,2025-12-12,0,0.0,1849.5066304476222,50946.63655140623,,,0.4168025,17486.36041533333,17486.36041533333,0.002590699994470924,7.958078640513122e-13
mean7_value_update,eval_december,evaluation,2025-12-12,36,6.0,10205.366666666667,50946.63655140623,0.9404021612593036,-0.13111428571428574,0.4168025,16913.449977047618,16913.449977047618,0.0023418999917339534,6.821210263296962e-13
mean7_value_update,eval_december,evaluation,2025-12-12,72,12.0,7703.06960280952,50946.63655140623,0.9404021612593036,-0.07762857142857149,0.4168025,8846.360415333329,8846.360415333329,0.0019576000049710274,7.958078640513122e-13
mean7_value_update,eval_december,evaluation,2025-12-12,108,18.0,10299.672510793656,50946.63655140623,0.9404021612593036,-0.14371428571428568,0.4168025,8094.920580857142,8094.920580857142,0.0012838999973610044,6.821210263296962e-13
mean7_value_update,eval_december,evaluation,2025-12-13,0,0.0,1925.326520714292,51818.06381901822,,,0.41569035714285707,17468.813606761905,17468.813606761905,0.0024782000109553337,7.958078640513122e-13
mean7_value_update,eval_december,evaluation,2025-12-13,36,6.0,10164.778401904761,51818.06381901822,0.9406060120121675,-0.12512857142857148,0.41569035714285707,16897.11416847619,16897.11416847619,0.0024258000194095075,7.958078640513122e-13
mean7_value_update,eval_december,evaluation,2025-12-13,72,12.0,7863.13810202857,51818.06381901822,0.9406060120121675,-0.21440000000000003,0.41569035714285707,8828.813606761903,8828.813606761903,0.002090699999826029,7.958078640513122e-13
mean7_value_update,eval_december,evaluation,2025-12-13,108,18.0,10260.798365714287,51818.06381901822,0.9406060120121675,-0.0521285714285713,0.41569035714285707,8088.551674380953,8088.551674380953,0.0011607999913394451,7.958078640513122e-13
mean7_value_update,eval_december,evaluation,2025-12-14,0,0.0,2071.604548892064,97903.9018000623,,,0.4165414285714286,20092.63132247619,20092.63132247619,0.0023313999990932643,6.821210263296962e-13
mean7_value_update,eval_december,evaluation,2025-12-14,36,6.0,10800.0,97903.9018000623,0.9402806879710012,0.05758571428571435,0.4165414285714286,20092.63132247619,20092.63132247619,0.002209599973866716,6.821210263296962e-13
mean7_value_update,eval_december,evaluation,2025-12-14,72,12.0,7248.908910671958,97903.9018000623,0.9402806879710012,0.11838571428571432,0.4165414285714286,11452.63132247619,11452.63132247619,0.0021674000017810613,6.252776074688882e-13
mean7_value_update,eval_december,evaluation,2025-12-14,108,18.0,10800.0,97903.9018000623,0.9402806879710012,0.10012857142857157,0.4165414285714286,8640.0,8640.0,0.0013583000109065324,5.684341886080801e-13
mean7_value_update,eval_december,evaluation,2025-12-15,0,0.0,1739.627803660316,99872.19156622223,,,0.41662642857142856,20111.171847714286,20111.171847714286,0.002269700024044141,9.094947017729282e-13
mean7_value_update,eval_december,evaluation,2025-12-15,36,6.0,10800.0,99872.19156622223,0.9402128792403934,0.05692857142857133,0.41662642857142856,20111.171847714286,20111.171847714286,0.002188599988585338,9.094947017729282e-13
mean7_value_update,eval_december,evaluation,2025-12-15,72,12.0,7439.925102144971,99872.19156622223,0.9402128792403934,0.14425714285714275,0.41662642857142856,11471.171847714286,11471.171847714286,0.0019086000102106482,1.0231815394945443e-12
mean7_value_update,eval_december,evaluation,2025-12-15,108,18.0,10800.0,99872.19156622223,0.9402128792403934,-0.008099999999999774,0.41662642857142856,8640.0,8640.0,0.0010671000054571778,9.094947017729282e-13
mean7_value_update,eval_december,evaluation,2025-12-16,0,0.0,1911.330116133336,99682.91976615167,,,0.41443714285714284,20145.270655142856,20145.270655142856,0.002818999986629933,9.094947017729282e-13
mean7_value_update,eval_december,evaluation,2025-12-16,36,6.0,10800.0,99682.91976615167,0.9406648294413491,0.04562857142857146,0.41443714285714284,20145.27065514286,20145.27065514286,0.002282900008140132,9.094947017729282e-13
mean7_value_update,eval_december,evaluation,2025-12-16,72,12.0,7355.089732031746,99682.91976615167,0.9406648294413491,0.07215714285714292,0.41443714285714284,11505.270655142856,11505.270655142856,0.002220199996372685,9.094947017729282e-13
mean7_value_update,eval_december,evaluation,2025-12-16,108,18.0,10800.0,99682.91976615167,0.9406648294413491,0.09877142857142873,0.41443714285714284,8640.0,8640.0,0.0010930999997071922,9.094947017729282e-13
mean7_value_update,eval_december,evaluation,2025-12-17,0,0.0,1830.002305755558,99301.84177987183,,,0.4143671428571428,20039.9878647619,20039.9878647619,0.0030943999881856143,8.526512829121202e-13
mean7_value_update,eval_december,evaluation,2025-12-17,36,6.0,10800.0,99301.84177987183,0.941193542450592,0.07184285714285721,0.4143671428571428,20039.987864761904,20039.987864761904,0.0021286000264808536,8.526512829121202e-13
mean7_value_update,eval_december,evaluation,2025-12-17,72,12.0,8225.056651284656,99301.84177987183,0.941193542450592,-0.007714285714285785,0.4143671428571428,11399.9878647619,11399.9878647619,0.0017872999887913465,8.526512829121202e-13
mean7_value_update,eval_december,evaluation,2025-12-17,108,18.0,10800.0,99301.84177987183,0.941193542450592,-0.002571428571428669,0.4143671428571428,8639.999999999998,8639.999999999998,0.0012377999955788255,7.958078640513122e-13
mean7_value_update,eval_december,evaluation,2025-12-18,0,0.0,1887.2661172899504,98731.37845458905,,,0.4150053571428572,19926.894013809524,19926.894013809524,0.002532199985580519,3.637978807091713e-12
mean7_value_update,eval_december,evaluation,2025-12-18,36,6.0,10800.0,98731.37845458905,0.940882068650381,0.07781428571428572,0.4150053571428572,19926.894013809524,19926.894013809524,0.002140600001439452,3.637978807091713e-12
mean7_value_update,eval_december,evaluation,2025-12-18,72,12.0,7374.395254561905,98731.37845458905,0.940882068650381,-0.010371428571428476,0.4150053571428572,11286.894013809522,11286.894013809522,0.0017522999842185527,3.637978807091713e-12
mean7_value_update,eval_december,evaluation,2025-12-18,108,18.0,10800.0,98731.37845458905,0.940882068650381,0.058071428571428774,0.4150053571428572,8640.000000000002,8640.000000000002,0.0014675999991595745,3.637978807091713e-12
mean7_value_update,eval_december,evaluation,2025-12-19,0,0.0,1865.7872980433888,52224.09750531099,,,0.4169557142857143,17406.332776666666,17406.332776666666,0.0030780999804846942,9.094947017729282e-13
mean7_value_update,eval_december,evaluation,2025-12-19,36,6.0,10179.648148148148,52224.09750531099,0.9406459585106791,-0.11431428571428559,0.4169557142857143,16822.93430333333,16822.93430333333,0.002824499999405816,8.337219803422613e-13
mean7_value_update,eval_december,evaluation,2025-12-19,72,12.0,8894.997545550264,52224.09750531099,0.9406459585106791,-0.11245714285714292,0.4169557142857143,8766.332776666666,8766.332776666666,0.00173789999098517,8.337219803422613e-13
mean7_value_update,eval_december,evaluation,2025-12-19,108,18.0,10211.798525079364,52224.09750531099,0.9406459585106791,-0.10804285714285733,0.4169557142857143,8069.617588666666,8069.617588666666,0.0012765999999828637,4.547473508864641e-13
mean7_value_update,eval_december,evaluation,2025-12-20,0,0.0,1694.2762466719578,52488.170953038214,,,0.4181546428571428,17437.598157142853,17437.598157142853,0.0036850000033155084,1.0231815394945443e-12
mean7_value_update,eval_december,evaluation,2025-12-20,36,6.0,10256.435185185186,52488.170953038214,0.9409126006706863,-0.16835714285714276,0.4181546428571428,16843.251989047618,16843.251989047618,0.002871500008041039,7.958078640513122e-13
mean7_value_update,eval_december,evaluation,2025-12-20,72,12.0,8257.22040897884,52488.170953038214,0.9409126006706863,-0.2157,0.4181546428571428,8797.598157142857,8797.598157142857,0.0015512999962083995,7.958078640513122e-13
mean7_value_update,eval_december,evaluation,2025-12-20,108,18.0,10252.99251037037,52488.170953038214,0.9409126006706863,-0.1750571428571428,0.4181546428571428,8097.098367238096,8097.098367238096,0.0012562999909278005,1.0231815394945443e-12
mean7_value_update,eval_december,evaluation,2025-12-21,0,0.0,1884.8585616888897,97989.4649745679,,,0.41826964285714285,20115.0,20115.0,0.0029393000004347414,9.094947017729282e-13
mean7_value_update,eval_december,evaluation,2025-12-21,36,6.0,10800.0,97989.4649745679,0.9415084672505238,0.07765714285714287,0.41826964285714285,20115.0,20115.0,0.002419299999019131,9.094947017729282e-13
mean7_value_update,eval_december,evaluation,2025-12-21,72,12.0,7357.535729987304,97989.4649745679,0.9415084672505238,0.011700000000000044,0.41826964285714285,11475.0,11475.0,0.0014586000179406255,9.094947017729282e-13
mean7_value_update,eval_december,evaluation,2025-12-21,108,18.0,10800.0,97989.4649745679,0.9415084672505238,0.026571428571428468,0.41826964285714285,8639.999999999998,8639.999999999998,0.0018443000153638422,9.094947017729282e-13
netload_shape_value_update,dev_march,development,2025-03-07,0,0.0,1607.6682326867735,34105.28322439623,,,0.3215672195989675,14174.540987619046,14174.540987619046,0.002699800010304898,8.952838470577262e-13
netload_shape_value_update,dev_march,development,2025-03-07,36,6.0,7515.151412058199,34105.28322439623,0.8653733414420662,0.00043021269739129675,0.3215672195989675,13133.054387142856,13133.054387142856,0.003627900005085394,8.952838470577262e-13
netload_shape_value_update,dev_march,development,2025-03-07,72,12.0,10800.0,34105.28322439623,0.8653733414420662,-0.13235070816890554,0.3215672195989675,8640.0,8640.0,0.0013824000197928399,5.684341886080801e-13
netload_shape_value_update,dev_march,development,2025-03-07,108,18.0,10020.41967978836,34105.28322439623,0.8653733414420662,0.06265232035314805,0.3215672195989675,7899.349842857142,7899.349842857142,0.0014107000024523586,5.684341886080801e-13
netload_shape_value_update,dev_march,development,2025-03-08,0,0.0,1799.9208019068776,32969.960558318635,,,0.31673533313992863,13758.886074285714,13758.886074285714,0.0038816999876871705,9.663381206337363e-13
netload_shape_value_update,dev_march,development,2025-03-08,36,6.0,6433.120045736508,32969.960558318635,0.8667086395642575,0.008408079797503132,0.31673533313992863,12738.272238095236,12738.272238095236,0.002463399985572323,9.663381206337363e-13
netload_shape_value_update,dev_march,development,2025-03-08,72,12.0,10800.0,32969.960558318635,0.8667086395642575,-0.09166814809222879,0.31673533313992863,8640.0,8640.0,0.001476600009482354,9.663381206337363e-13
netload_shape_value_update,dev_march,development,2025-03-08,108,18.0,10020.467598095238,32969.960558318635,0.8667086395642575,0.12404795764613119,0.31673533313992863,7936.791811523808,7936.791811523808,0.001145999995060265,6.821210263296962e-13
netload_shape_value_update,dev_march,development,2025-03-09,0,0.0,1746.895154250794,76873.91025030451,,,0.41211776822567214,19303.134918952383,19303.134918952383,0.0024667000107001513,9.094947017729282e-13
netload_shape_value_update,dev_march,development,2025-03-09,36,6.0,9952.83111111111,76873.91025030451,0.8639732328326739,-0.056737819605133244,0.41211776822567214,18469.801585619047,18469.801585619047,0.0024425000010523945,6.821210263296962e-13
netload_shape_value_update,dev_march,development,2025-03-09,72,12.0,9094.599432410581,76873.91025030451,0.8639732328326739,-0.01650144508771645,0.41211776822567214,9988.134918952379,9988.134918952379,0.0027938999992329627,6.252776074688882e-13
netload_shape_value_update,dev_march,development,2025-03-09,108,18.0,10800.0,76873.91025030451,0.8639732328326739,-0.011599730749557002,0.41211776822567214,8640.0,8640.0,0.001255700015462935,5.684341886080801e-13
netload_shape_value_update,dev_march,development,2025-03-10,0,0.0,1570.0341082074087,75399.72275900646,,,0.41000732524932193,18781.078712476192,18781.078712476192,0.002531099977204576,6.821210263296962e-13
netload_shape_value_update,dev_march,development,2025-03-10,36,6.0,9933.045185185185,75399.72275900646,0.8606026886008279,0.04455516888036326,0.41000732524932193,17947.745379142856,17947.745379142856,0.002238000015495345,6.821210263296962e-13
netload_shape_value_update,dev_march,development,2025-03-10,72,12.0,7865.658934589415,75399.72275900646,0.8606026886008279,0.079637380326127,0.41000732524932193,9716.478222285714,9716.478222285714,0.002011600008700043,6.821210263296962e-13
netload_shape_value_update,dev_march,development,2025-03-10,108,18.0,10800.0,75399.72275900646,0.8606026886008279,-0.005879751891964213,0.41000732524932193,8640.0,8640.0,0.0011017999786417931,6.821210263296962e-13
netload_shape_value_update,dev_march,development,2025-03-11,0,0.0,1552.6771873629643,75046.78372813873,,,0.4094512347857071,18498.291044761903,18498.291044761903,0.002828099997714162,7.736034035588091e-13
netload_shape_value_update,dev_march,development,2025-03-11,36,6.0,9944.732962962964,75046.78372813873,0.8575850259540634,0.012433718344583178,0.4094512347857071,17664.95771142857,17664.95771142857,0.0023859000066295266,7.736034035588091e-13
netload_shape_value_update,dev_march,development,2025-03-11,72,12.0,9744.616839077245,75046.78372813873,0.8575850259540634,0.04907103881414915,0.4094512347857071,9603.23046657143,9603.23046657143,0.00211719999788329,7.736034035588091e-13
netload_shape_value_update,dev_march,development,2025-03-11,108,18.0,10800.0,75046.78372813873,0.8575850259540634,0.04864835845708315,0.4094512347857071,8640.0,8640.0,0.0011834999895654619,4.547473508864641e-13
netload_shape_value_update,dev_march,development,2025-03-12,0,0.0,1789.7727569291008,74436.31244054201,,,0.4089022706764234,18270.783462666663,18270.783462666663,0.0022981000074651092,1.9326762412674725e-12
netload_shape_value_update,dev_march,development,2025-03-12,36,6.0,9926.714814814815,74436.31244054201,0.855725967601546,0.039947255060667874,0.4089022706764234,17437.45012933333,17437.45012933333,0.0020964000141248107,8.588685318500211e-13
netload_shape_value_update,dev_march,development,2025-03-12,72,12.0,10024.909556564016,74436.31244054201,0.855725967601546,-0.019747430954222156,0.4089022706764234,9575.647196380949,9575.647196380949,0.0019277000101283193,8.588685318500211e-13
netload_shape_value_update,dev_march,development,2025-03-12,108,18.0,10800.0,74436.31244054201,0.855725967601546,0.02231208694888731,0.4089022706764234,8639.999999999998,8639.999999999998,0.0012282000097911805,5.684341886080801e-13
netload_shape_value_update,dev_march,development,2025-03-13,0,0.0,1490.1569228582027,73915.25532814462,,,0.4072324189203088,18097.147794666664,18097.147794666664,0.0025080000050365925,8.588685318500211e-13
netload_shape_value_update,dev_march,development,2025-03-13,36,6.0,9883.15,73915.25532814462,0.8548689138789931,0.022406809540248207,0.4072324189203088,17263.814461333335,17263.814461333335,0.002440299984300509,8.588685318500211e-13
netload_shape_value_update,dev_march,development,2025-03-13,72,12.0,7285.811453987293,73915.25532814462,0.8548689138789931,0.07745223183729882,0.4072324189203088,9457.147794666664,9457.147794666664,0.0017729999963194132,8.588685318500211e-13
netload_shape_value_update,dev_march,development,2025-03-13,108,18.0,10800.0,73915.25532814462,0.8548689138789931,-0.03885344370815269,0.4072324189203088,8640.0,8640.0,0.0015271000156644732,7.958078640513122e-13
netload_shape_value_update,dev_march,development,2025-03-14,0,0.0,1490.4945404148166,32352.48398488183,,,0.31032613196639697,13297.411447619046,13297.411447619046,0.0031956000020727515,9.094947017729282e-13
netload_shape_value_update,dev_march,development,2025-03-14,36,6.0,6030.162706907935,32352.48398488183,0.8535445904415917,0.07157825011937724,0.31032613196639697,12291.868139523809,12291.868139523809,0.0023194999957922846,9.094947017729282e-13
netload_shape_value_update,dev_march,development,2025-03-14,72,12.0,10800.0,32352.48398488183,0.8535445904415917,-0.16040111306557428,0.31032613196639697,8640.0,8640.0,0.0014746999950148165,9.094947017729282e-13
netload_shape_value_update,dev_march,development,2025-03-14,108,18.0,9997.038702328042,32352.48398488183,0.8535445904415917,0.19153642327763865,0.31032613196639697,7894.139697714286,7894.139697714286,0.0013968000130262226,6.252776074688882e-13
netload_shape_value_update,dev_march,development,2025-03-15,0,0.0,1943.5351887502645,31464.3329960482,,,0.30853145662350157,13007.759149999998,13007.759149999998,0.0026977999950759113,8.526512829121202e-13
netload_shape_value_update,dev_march,development,2025-03-15,36,6.0,5502.276978023281,31464.3329960482,0.8501410260180342,0.032785758331149606,0.30853145662350157,12021.815338571429,12021.815338571429,0.0021858999971300364,8.526512829121202e-13
netload_shape_value_update,dev_march,development,2025-03-15,72,12.0,9205.980865986245,31464.3329960482,0.8501410260180342,0.029603507103345195,0.30853145662350157,8640.0,8640.0,0.001943999988725409,7.958078640513122e-13
netload_shape_value_update,dev_march,development,2025-03-15,108,18.0,10116.99830994709,31464.3329960482,0.8501410260180342,0.21132214466217547,0.30853145662350157,7980.594158952381,7980.594158952381,0.0009970000246539712,3.979039320256561e-13
netload_shape_value_update,dev_march,development,2025-03-16,0,0.0,1439.5778334634933,73577.86916592828,,,0.4068906017824281,18042.77854447619,18042.77854447619,0.002376799995545298,1.0231815394945443e-12
netload_shape_value_update,dev_march,development,2025-03-16,36,6.0,9876.073333333334,73577.86916592828,0.8475182957804442,0.01997665557184991,0.4068906017824281,17209.445211142858,17209.445211142858,0.002163900004234165,1.0231815394945443e-12
netload_shape_value_update,dev_march,development,2025-03-16,72,12.0,8572.779870202117,73577.86916592828,0.8475182957804442,-0.021418164668918216,0.4068906017824281,9402.77854447619,9402.77854447619,0.0020072000043001026,1.0231815394945443e-12
netload_shape_value_update,dev_march,development,2025-03-16,108,18.0,10800.0,73577.86916592828,0.8475182957804442,0.002825443263984262,0.4068906017824281,8640.0,8640.0,0.001018500013742596,1.0231815394945443e-12
netload_shape_value_update,dev_march,development,2025-03-17,0,0.0,1867.486501622227,72242.71069188241,,,0.4069616712260212,17875.586383047616,17875.586383047616,0.002663299994310364,9.094947017729282e-13
netload_shape_value_update,dev_march,development,2025-03-17,36,6.0,9939.124444444444,72242.71069188241,0.8436964929626734,-0.03849121875335915,0.4069616712260212,17042.253049714287,17042.253049714287,0.0024593000125605613,9.094947017729282e-13
netload_shape_value_update,dev_march,development,2025-03-17,72,12.0,10351.686751232803,72242.71069188241,0.8436964929626734,-0.05005053029748657,0.4069616712260212,9235.586383047617,9235.586383047617,0.0017453999898862094,9.094947017729282e-13
netload_shape_value_update,dev_march,development,2025-03-17,108,18.0,10800.0,72242.71069188241,0.8436964929626734,0.012167535370985805,0.4069616712260212,8640.0,8640.0,0.0009561000042594969,9.094947017729282e-13
netload_shape_value_update,dev_march,development,2025-03-18,0,0.0,1975.5496418772482,70160.05950111228,,,0.40463462830887603,17719.96820504762,17719.96820504762,0.002454600005876273,1.0231815394945443e-12
netload_shape_value_update,dev_march,development,2025-03-18,36,6.0,9927.711111111112,70160.05950111228,0.8377440098421609,-0.03541658995295316,0.40463462830887603,16889.77287171428,16889.77287171428,0.0024364999844692647,1.0231815394945443e-12
netload_shape_value_update,dev_march,development,2025-03-18,72,12.0,7107.635565100534,70160.05950111228,0.8377440098421609,0.010800777276606888,0.40463462830887603,9079.968205047619,9079.968205047619,0.001829299988457933,1.0231815394945443e-12
netload_shape_value_update,dev_march,development,2025-03-18,108,18.0,10800.0,70160.05950111228,0.8377440098421609,0.012196468514350078,0.40463462830887603,8639.999999999998,8639.999999999998,0.0010746000043582171,1.0231815394945443e-12
netload_shape_value_update,dev_march,development,2025-03-19,0,0.0,1810.973744451852,69997.54834344384,,,0.4046107974987089,17653.584813333335,17653.584813333335,0.002462499978719279,9.094947017729282e-13
netload_shape_value_update,dev_march,development,2025-03-19,36,6.0,9885.061111111112,69997.54834344384,0.8317369189554135,0.10003085313385829,0.4046107974987089,16820.769146666666,16820.769146666666,0.0022299000120256096,9.094947017729282e-13
netload_shape_value_update,dev_march,development,2025-03-19,72,12.0,7914.4512077724885,69997.54834344384,0.8317369189554135,-0.01300962721440313,0.4046107974987089,9013.584813333333,9013.584813333333,0.002226399985374883,8.952838470577262e-13
netload_shape_value_update,dev_march,development,2025-03-19,108,18.0,10800.0,69997.54834344384,0.8317369189554135,-0.010233680452310434,0.4046107974987089,8640.0,8640.0,0.001044400007231161,6.821210263296962e-13
netload_shape_value_update,dev_march,development,2025-03-20,0,0.0,2070.219099349206,69017.06518847735,,,0.4039568313267145,17670.204405238095,17670.204405238095,0.0026261000020895153,9.094947017729282e-13
netload_shape_value_update,dev_march,development,2025-03-20,36,6.0,9881.094444444445,69017.06518847735,0.8271684294590745,0.05824936404231096,0.4039568313267145,16840.770738571428,16840.770738571428,0.002146399987395853,9.094947017729282e-13
netload_shape_value_update,dev_march,development,2025-03-20,72,12.0,8091.521783293122,69017.06518847735,0.8271684294590745,0.04604882669888133,0.4039568313267145,9030.204405238095,9030.204405238095,0.0018097999854944646,9.094947017729282e-13
netload_shape_value_update,dev_march,development,2025-03-20,108,18.0,10800.0,69017.06518847735,0.8271684294590745,-0.013566626215026023,0.4039568313267145,8640.000000000002,8640.000000000002,0.0010949999850708991,9.094947017729282e-13
netload_shape_value_update,dev_april,development,2025-04-17,0,0.0,1618.0719069862432,60737.177014785426,,,0.40044430944339754,16954.17132238095,16954.17132238095,0.002685799991013482,9.094947017729282e-13
netload_shape_value_update,dev_april,development,2025-04-17,36,6.0,9329.108333333334,60737.177014785426,0.8291600437433291,-0.014278670638105062,0.40044430944339754,15565.58530447619,15565.58530447619,0.002807400014717132,9.094947017729282e-13
netload_shape_value_update,dev_april,development,2025-04-17,72,12.0,7627.035587196829,60737.177014785426,0.8291600437433291,0.012929216510413843,0.40044430944339754,8720.309460476188,8720.309460476188,0.0014556999958585948,9.094947017729282e-13
netload_shape_value_update,dev_april,development,2025-04-17,108,18.0,10800.0,60737.177014785426,0.8291600437433291,-0.05542606958525931,0.40044430944339754,8639.999999999996,8639.999999999996,0.0011804999958258122,9.094947017729282e-13
netload_shape_value_update,dev_april,development,2025-04-18,0,0.0,1999.6040781756624,26894.675527310992,,,0.29684353574693756,11105.909664285717,11105.909664285717,0.0027388999878894538,8.455458555545192e-13
netload_shape_value_update,dev_april,development,2025-04-18,36,6.0,3260.3723703333344,26894.675527310992,0.8274359612253991,0.0033102123973148823,0.29684353574693756,10278.636333238097,10278.636333238097,0.002639599988469854,8.455458555545192e-13
netload_shape_value_update,dev_april,development,2025-04-18,72,12.0,10800.0,26894.675527310992,0.8274359612253991,-0.08432001798314112,0.29684353574693756,8640.000000000002,8640.000000000002,0.0017482000112067908,7.389644451905042e-13
netload_shape_value_update,dev_april,development,2025-04-18,108,18.0,10106.018297989416,26894.675527310992,0.8274359612253991,0.1448864143242764,0.29684353574693756,7922.708438857142,7922.708438857142,0.001020300027448684,7.389644451905042e-13
netload_shape_value_update,dev_april,development,2025-04-19,0,0.0,2153.0591576370357,26809.225396309233,,,0.30023986603215524,10977.040857523807,10977.040857523807,0.0026416000036988407,8.242295734817162e-13
netload_shape_value_update,dev_april,development,2025-04-19,36,6.0,3475.815912972486,26809.225396309233,0.8269081252129533,-0.0502925746000249,0.30023986603215524,10194.09051790476,10194.09051790476,0.00229060000856407,8.242295734817162e-13
netload_shape_value_update,dev_april,development,2025-04-19,72,12.0,10800.0,26809.225396309233,0.8269081252129533,-0.11934423287190399,0.30023986603215524,8639.999999999998,8639.999999999998,0.00159420000272803,5.684341886080801e-13
netload_shape_value_update,dev_april,development,2025-04-19,108,18.0,10091.06176666667,26809.225396309233,0.8269081252129533,0.13235158812387893,0.30023986603215524,7939.380454476191,7939.380454476191,0.0010199999960605055,5.684341886080801e-13
netload_shape_value_update,dev_april,development,2025-04-20,0,0.0,2102.49358338201,59893.794656773665,,,0.402235554505614,17115.152123333333,17115.152123333333,0.0029369999829214066,1.3855583347321954e-12
netload_shape_value_update,dev_april,development,2025-04-20,36,6.0,9348.886814814816,59893.794656773665,0.8312774463485393,-0.006108844201620389,0.402235554505614,15761.004624190475,15761.004624190475,0.0024016000097617507,9.094947017729282e-13
netload_shape_value_update,dev_april,development,2025-04-20,72,12.0,7601.151010000001,59893.794656773665,0.8312774463485393,0.016002730982549784,0.402235554505614,8708.021466380951,8708.021466380951,0.0018471999792382121,8.881784197001252e-13
netload_shape_value_update,dev_april,development,2025-04-20,108,18.0,10800.0,59893.794656773665,0.8312774463485393,0.0015038470308228469,0.402235554505614,8639.999999999998,8639.999999999998,0.0010765999904833734,5.684341886080801e-13
netload_shape_value_update,dev_april,development,2025-04-21,0,0.0,2068.0483270391555,59495.73461595532,,,0.40190049380685827,17066.118295619046,17066.118295619046,0.002593999990494922,9.094947017729282e-13
netload_shape_value_update,dev_april,development,2025-04-21,36,6.0,9095.713890125931,59495.73461595532,0.8317463365660502,0.01640518659116008,0.40190049380685827,15716.04073990476,15716.04073990476,0.002310600015334785,9.094947017729282e-13
netload_shape_value_update,dev_april,development,2025-04-21,72,12.0,8370.28419425292,59495.73461595532,0.8317463365660502,-0.05823745161057725,0.40190049380685827,8735.678474666665,8735.678474666665,0.0017080000252462924,9.094947017729282e-13
netload_shape_value_update,dev_april,development,2025-04-21,108,18.0,10800.0,59495.73461595532,0.8317463365660502,-0.003100796663148442,0.40190049380685827,8639.999999999998,8639.999999999998,0.0009290000016335398,4.547473508864641e-13
netload_shape_value_update,dev_april,development,2025-04-22,0,0.0,1567.7182997492068,59550.0600718295,,,0.4022095804631113,16883.326888761905,16883.326888761905,0.0024728999997023493,9.094947017729282e-13
netload_shape_value_update,dev_april,development,2025-04-22,36,6.0,8995.867253566135,59550.0600718295,0.830215256057103,0.03359052591030065,0.4022095804631113,15557.154956285714,15557.154956285714,0.0021958999859634787,9.094947017729282e-13
netload_shape_value_update,dev_april,development,2025-04-22,72,12.0,8041.216886553441,59550.0600718295,0.830215256057103,0.12212930071668321,0.4022095804631113,8738.007176571431,8738.007176571431,0.0019186999998055398,9.094947017729282e-13
netload_shape_value_update,dev_april,development,2025-04-22,108,18.0,10800.0,59550.0600718295,0.830215256057103,-0.017351333845253114,0.4022095804631113,8640.0,8640.0,0.0010381000174675137,9.094947017729282e-13
netload_shape_value_update,dev_april,development,2025-04-23,0,0.0,1776.271924446559,59749.91146693944,,,0.4040577291243327,16851.157506571424,16851.157506571424,0.0025313000078313053,1.5916157281026244e-12
netload_shape_value_update,dev_april,development,2025-04-23,36,6.0,8954.49728070053,59749.91146693944,0.8305652791525567,0.028789109090184173,0.4040577291243327,15494.796435809521,15494.796435809521,0.002411299996310845,1.5916157281026244e-12
netload_shape_value_update,dev_april,development,2025-04-23,72,12.0,8659.104347797886,59749.91146693944,0.8305652791525567,0.09988730880928937,0.4040577291243327,8760.333604476189,8760.333604476189,0.0017168000049423426,1.5916157281026244e-12
netload_shape_value_update,dev_april,development,2025-04-23,108,18.0,10800.0,59749.91146693944,0.8305652791525567,-0.06726380515904085,0.4040577291243327,8640.0,8640.0,0.0010289000056218356,1.5916157281026244e-12
netload_shape_value_update,dev_april,development,2025-04-24,0,0.0,1927.1374025005305,58633.1302089171,,,0.40391482219482766,16773.020984761904,16773.020984761904,0.0027491000073496252,2.2879476091475226e-12
netload_shape_value_update,dev_april,development,2025-04-24,36,6.0,9180.134325152378,58633.1302089171,0.8318429927634554,0.02819024790992719,0.40391482219482766,15440.967556,15440.967556,0.0022524000087287277,9.094947017729282e-13
netload_shape_value_update,dev_april,development,2025-04-24,72,12.0,8774.89973515661,58633.1302089171,0.8318429927634554,0.044654983948024474,0.40391482219482766,8723.646494380951,8723.646494380951,0.0017477000073995441,9.094947017729282e-13
netload_shape_value_update,dev_april,development,2025-04-24,108,18.0,10800.0,58633.1302089171,0.8318429927634554,-0.008409532497947403,0.40391482219482766,8639.999999999998,8639.999999999998,0.0010731999936979264,6.821210263296962e-13
netload_shape_value_update,dev_april,development,2025-04-25,0,0.0,1837.6991997460323,26105.59550378836,,,0.2961063083548593,10716.963321714285,10716.963321714285,0.002749600011156872,9.094947017729282e-13
netload_shape_value_update,dev_april,development,2025-04-25,36,6.0,3368.7520613820097,26105.59550378836,0.8326601596378318,0.00784155945406384,0.2961063083548593,9945.146572,9945.146572,0.0026636999973561615,9.094947017729282e-13
netload_shape_value_update,dev_april,development,2025-04-25,72,12.0,10800.0,26105.59550378836,0.8326601596378318,-0.1077077309484823,0.2961063083548593,8640.0,8640.0,0.0013291999930515885,5.684341886080801e-13
netload_shape_value_update,dev_april,development,2025-04-25,108,18.0,10123.608907407408,26105.59550378836,0.8326601596378318,0.07439469046166958,0.2961063083548593,7996.346230095237,7996.346230095237,0.0016479000041726977,3.979039320256561e-13
netload_shape_value_update,dev_april,development,2025-04-26,0,0.0,1757.9912371132332,26058.808989927093,,,0.29663108357779167,10580.059153714283,10580.059153714283,0.0029688999929931015,8.526512829121202e-13
netload_shape_value_update,dev_april,development,2025-04-26,36,6.0,3066.132645750263,26058.808989927093,0.8311310247901852,-0.007275311079521507,0.29663108357779167,9851.41744942857,9851.41744942857,0.00220610000542365,8.526512829121202e-13
netload_shape_value_update,dev_april,development,2025-04-26,72,12.0,10800.0,26058.808989927093,0.8311310247901852,-0.26539657430941344,0.29663108357779167,8639.999999999998,8639.999999999998,0.0016327000048477203,5.684341886080801e-13
netload_shape_value_update,dev_april,development,2025-04-26,108,18.0,10148.362455555556,26058.808989927093,0.8311310247901852,0.10670228586917618,0.29663108357779167,8009.782252857141,8009.782252857141,0.0009889999928418547,9.663381206337363e-13
netload_shape_value_update,dev_april,development,2025-04-27,0,0.0,1670.3568247555588,55648.49918323338,,,0.4003373178876976,16105.283398190475,16105.283398190475,0.0033393999910913408,9.094947017729282e-13
netload_shape_value_update,dev_april,development,2025-04-27,36,6.0,8618.767798013756,55648.49918323338,0.8350796326491643,0.0019810004923506153,0.4003373178876976,14809.650671619045,14809.650671619045,0.0020795000018551946,8.810729923425242e-13
netload_shape_value_update,dev_april,development,2025-04-27,72,12.0,7304.800910279368,55648.49918323338,0.8350796326491643,-0.02984844033053835,0.4003373178876976,8640.0,8640.0,0.002082000020891428,8.810729923425242e-13
netload_shape_value_update,dev_april,development,2025-04-27,108,18.0,10800.0,55648.49918323338,0.8350796326491643,-0.03763265282581818,0.4003373178876976,8640.0,8640.0,0.0013380999735090882,4.547473508864641e-13
netload_shape_value_update,dev_april,development,2025-04-28,0,0.0,1812.127062039155,54996.25416387654,,,0.40004392967386093,15996.19089552381,15996.19089552381,0.003002800018293783,8.810729923425242e-13
netload_shape_value_update,dev_april,development,2025-04-28,36,6.0,8267.647843067727,54996.25416387654,0.835798143521607,0.02844785902834812,0.40004392967386093,14681.962369714285,14681.962369714285,0.002184500015573576,8.810729923425242e-13
netload_shape_value_update,dev_april,development,2025-04-28,72,12.0,3090.9800005058214,54996.25416387654,0.835798143521607,0.1803843146921878,0.40004392967386093,8640.0,6390.019960783809,0.0017231999954674393,7.531752999057062e-13
netload_shape_value_update,dev_april,development,2025-04-28,108,18.0,6986.399638477252,54996.25416387654,0.835798143521607,-0.012423243929659877,0.40004392967386093,8640.0,5207.759674629528,0.001545800012536347,4.547473508864641e-13
netload_shape_value_update,dev_april,development,2025-04-29,0,0.0,1604.263910083599,57585.21265367079,,,0.4045654967758087,16216.055237714289,16216.055237714289,0.002926899993326515,8.952838470577262e-13
netload_shape_value_update,dev_april,development,2025-04-29,36,6.0,8674.379573531216,57585.21265367079,0.8423005329065757,-0.007372892607545589,0.4045654967758087,14926.224496285717,14926.224496285717,0.0023375000164378434,8.952838470577262e-13
netload_shape_value_update,dev_april,development,2025-04-29,72,12.0,10001.94102129101,57585.21265367079,0.8423005329065757,0.0594578961283555,0.4045654967758087,8668.542298761904,8668.542298761904,0.0016065000090748072,7.958078640513122e-13
netload_shape_value_update,dev_april,development,2025-04-29,108,18.0,10800.0,57585.21265367079,0.8423005329065757,-0.04495548007593242,0.4045654967758087,8639.999999999998,8639.999999999998,0.0018216000171378255,7.958078640513122e-13
netload_shape_value_update,dev_april,development,2025-04-30,0,0.0,1925.017630185188,56780.662249817746,,,0.40424344775384263,15910.732309904763,15910.732309904763,0.0030562999891117215,9.947598300641403e-13
netload_shape_value_update,dev_april,development,2025-04-30,36,6.0,8514.630402550265,56780.662249817746,0.8417716797676893,-0.04783014781695083,0.40424344775384263,14609.376605619047,14609.376605619047,0.0025476000155322254,8.86402062860725e-13
netload_shape_value_update,dev_april,development,2025-04-30,72,12.0,7955.044354916403,56780.662249817746,0.8417716797676893,0.05780317438355992,0.40424344775384263,8645.583170571428,8645.583170571428,0.0018042999727185816,9.094947017729282e-13
netload_shape_value_update,dev_april,development,2025-04-30,108,18.0,10800.0,56780.662249817746,0.8417716797676893,-0.027067521316447296,0.40424344775384263,8639.999999999998,8639.999999999998,0.0013184999988880008,6.821210263296962e-13
netload_shape_value_update,val_june,validation,2025-06-08,0,0.0,1781.3549957153423,87309.43287990359,,,0.44972047425137474,20114.999999999996,20114.999999999996,0.002987299987580627,9.094947017729282e-13
netload_shape_value_update,val_june,validation,2025-06-08,36,6.0,10110.948148148149,87309.43287990359,0.8470908933283232,-0.08254822021214436,0.44972047425137474,19456.137235714286,19456.137235714286,0.0021806000149808824,9.094947017729282e-13
netload_shape_value_update,val_june,validation,2025-06-08,72,12.0,10800.0,87309.43287990359,0.8470908933283232,0.1076651521252085,0.44972047425137474,11339.999999999996,11339.999999999996,0.0018878999981097877,9.094947017729282e-13
netload_shape_value_update,val_june,validation,2025-06-08,108,18.0,10800.0,87309.43287990359,0.8470908933283232,-0.13011313432444216,0.44972047425137474,8640.0,8640.0,0.0012231000000610948,6.821210263296962e-13
netload_shape_value_update,val_june,validation,2025-06-09,0,0.0,2089.1162261502664,85745.16122700764,,,0.44568488394117856,20115.0,20115.0,0.002351699979044497,1.8189894035458565e-12
netload_shape_value_update,val_june,validation,2025-06-09,36,6.0,10087.099074074074,85745.16122700764,0.8505029080193105,-0.08944504170651923,0.44568488394117856,19440.62239047619,19440.62239047619,0.002076899982057512,6.821210263296962e-13
netload_shape_value_update,val_june,validation,2025-06-09,72,12.0,10685.387524946036,85745.16122700764,0.8505029080193105,0.05450331152250543,0.44568488394117856,11340.0,11340.0,0.0016936000029090792,6.821210263296962e-13
netload_shape_value_update,val_june,validation,2025-06-09,108,18.0,10800.0,85745.16122700764,0.8505029080193105,-0.11733519128372127,0.44568488394117856,8640.0,8640.0,0.000954500021180138,6.821210263296962e-13
netload_shape_value_update,val_june,validation,2025-06-10,0,0.0,2138.257540046564,86236.02067150382,,,0.44699594984086416,20115.0,20115.0,0.0024667000107001513,9.094947017729282e-13
netload_shape_value_update,val_june,validation,2025-06-10,36,6.0,10118.294444444444,86236.02067150382,0.852633017230309,-0.10816420794771109,0.44699594984086416,19430.86698571429,19430.86698571429,0.002378900011535734,9.094947017729282e-13
netload_shape_value_update,val_june,validation,2025-06-10,72,12.0,10366.712990787304,86236.02067150382,0.852633017230309,0.15599649835097584,0.44699594984086416,11340.000000000002,11340.000000000002,0.0018233000009786338,9.094947017729282e-13
netload_shape_value_update,val_june,validation,2025-06-10,108,18.0,10800.0,86236.02067150382,0.852633017230309,-0.153413243401042,0.44699594984086416,8640.0,8640.0,0.0009988999809138477,6.821210263296962e-13
netload_shape_value_update,val_june,validation,2025-06-11,0,0.0,2282.374572296297,86870.45867938506,,,0.4480843936659306,20115.0,20115.0,0.0023717000149190426,8.526512829121202e-13
netload_shape_value_update,val_june,validation,2025-06-11,36,6.0,10075.911574074074,86870.45867938506,0.8548213106445068,-0.015896484164272362,0.4480843936659306,19450.747045238095,19450.747045238095,0.002274099999340251,1.0231815394945443e-12
netload_shape_value_update,val_june,validation,2025-06-11,72,12.0,7155.250731328042,86870.45867938506,0.8548213106445068,0.03128665122342417,0.4480843936659306,11339.999999999996,11339.999999999996,0.001880299998447299,8.526512829121202e-13
netload_shape_value_update,val_june,validation,2025-06-11,108,18.0,10800.0,86870.45867938506,0.8548213106445068,-0.11353314533083547,0.4480843936659306,8640.0,8640.0,0.001246999978320673,6.821210263296962e-13
netload_shape_value_update,val_june,validation,2025-06-12,0,0.0,2420.165174101588,87572.81804833157,,,0.44903916651154324,20115.0,20115.0,0.0026363999932073057,1.8189894035458565e-12
netload_shape_value_update,val_june,validation,2025-06-12,36,6.0,10055.996544973545,87572.81804833157,0.8588756600497742,-0.07939981325179857,0.44903916651154324,19445.39689047619,19445.39689047619,0.002684100007172674,1.8189894035458565e-12
netload_shape_value_update,val_june,validation,2025-06-12,72,12.0,10800.0,87572.81804833157,0.8588756600497742,0.06627251053661454,0.44903916651154324,11340.0,11340.0,0.0016462999919895083,8.526512829121202e-13
netload_shape_value_update,val_june,validation,2025-06-12,108,18.0,10800.0,87572.81804833157,0.8588756600497742,-0.130997915273382,0.44903916651154324,8640.0,8640.0,0.0011184000177308917,6.821210263296962e-13
netload_shape_value_update,val_june,validation,2025-06-13,0,0.0,2566.014159001058,39993.47707032922,,,0.3444254182972721,11160.812139619049,11160.812139619049,0.0030752000166103244,8.526512829121202e-13
netload_shape_value_update,val_june,validation,2025-06-13,36,6.0,4875.637509713231,39993.47707032922,0.8612165803303742,-0.0236143011129486,0.3444254182972721,10489.074857714288,10489.074857714288,0.0023317999730352312,8.526512829121202e-13
netload_shape_value_update,val_june,validation,2025-06-13,72,12.0,9561.47511712064,39993.47707032922,0.8612165803303742,0.014307878972387611,0.3444254182972721,8640.0,8640.0,0.0016112999874167144,7.958078640513122e-13
netload_shape_value_update,val_june,validation,2025-06-13,108,18.0,10800.0,39993.47707032922,0.8612165803303742,0.0035732768702150253,0.3444254182972721,8640.0,8640.0,0.0016465000226162374,7.958078640513122e-13
netload_shape_value_update,val_june,validation,2025-06-14,0,0.0,2575.636351815873,40145.63127638667,,,0.3439915805997836,11122.563149422855,11122.563149422855,0.0030906000174582005,1.3642420526593924e-12
netload_shape_value_update,val_june,validation,2025-06-14,36,6.0,5202.896495864555,40145.63127638667,0.8589793028798335,-0.029876809078563604,0.3439915805997836,10542.213600190476,10542.213600190476,0.002784700016491115,1.3642420526593924e-12
netload_shape_value_update,val_june,validation,2025-06-14,72,12.0,10800.0,40145.63127638667,0.8589793028798335,0.0345663246483956,0.3439915805997836,8640.0,8640.0,0.0013976999907754362,1.3642420526593924e-12
netload_shape_value_update,val_june,validation,2025-06-14,108,18.0,10800.0,40145.63127638667,0.8589793028798335,0.08602481400484407,0.3439915805997836,8640.0,8640.0,0.0012036999978590757,1.3642420526593924e-12
netload_shape_value_update,val_june,validation,2025-06-15,0,0.0,2621.9770834973533,88786.32215497119,,,0.4498417431509993,20115.0,20115.0,0.0026560999976936728,8.526512829121202e-13
netload_shape_value_update,val_june,validation,2025-06-15,36,6.0,10114.9,88786.32215497119,0.8560320255981504,-0.14994281657347197,0.4498417431509993,19456.381144761905,19456.381144761905,0.002520700014429167,8.526512829121202e-13
netload_shape_value_update,val_june,validation,2025-06-15,72,12.0,10184.160961028572,88786.32215497119,0.8560320255981504,0.04403976856163483,0.4498417431509993,11340.0,11340.0,0.0015399999974761158,8.526512829121202e-13
netload_shape_value_update,val_june,validation,2025-06-15,108,18.0,10800.0,88786.32215497119,0.8560320255981504,-0.1473701423654643,0.4498417431509993,8640.0,8640.0,0.001461099978769198,6.821210263296962e-13
netload_shape_value_update,val_june,validation,2025-06-16,0,0.0,3274.075601164023,87415.20647083363,,,0.45001933486965745,20114.999999999996,20114.999999999996,0.0029753999842796475,9.094947017729282e-13
netload_shape_value_update,val_june,validation,2025-06-16,36,6.0,10053.288361904762,87415.20647083363,0.8571209917622138,-0.014079097996032908,0.45001933486965745,19442.959525714283,19442.959525714283,0.0021019999985583127,9.094947017729282e-13
netload_shape_value_update,val_june,validation,2025-06-16,72,12.0,9730.604498055027,87415.20647083363,0.8571209917622138,0.11444200128417287,0.45001933486965745,11339.999999999996,11339.999999999996,0.0018314000044483691,9.094947017729282e-13
netload_shape_value_update,val_june,validation,2025-06-16,108,18.0,10800.0,87415.20647083363,0.8571209917622138,-0.11140311633885491,0.45001933486965745,8640.0,8640.0,0.001186200010124594,6.821210263296962e-13
netload_shape_value_update,val_june,validation,2025-06-17,0,0.0,3108.256751350265,86680.72414110287,,,0.4504409132826709,20115.0,20115.0,0.002322099986486137,9.094947017729282e-13
netload_shape_value_update,val_june,validation,2025-06-17,36,6.0,10105.70925925926,86680.72414110287,0.8583122679915023,-0.08442124215203495,0.4504409132826709,19433.86525561905,19433.86525561905,0.002155299996957183,9.094947017729282e-13
netload_shape_value_update,val_june,validation,2025-06-17,72,12.0,10670.99601713756,86680.72414110287,0.8583122679915023,0.056451733528122106,0.4504409132826709,11339.999999999998,11339.999999999998,0.002059699996607378,9.094947017729282e-13
netload_shape_value_update,val_june,validation,2025-06-17,108,18.0,10800.0,86680.72414110287,0.8583122679915023,-0.146633569982771,0.4504409132826709,8640.0,8640.0,0.00100449999445118,6.821210263296962e-13
netload_shape_value_update,val_june,validation,2025-06-18,0,0.0,2634.8261235333325,87440.5904355344,,,0.45178244179116034,20115.0,20115.0,0.002219899994088337,3.637978807091713e-12
netload_shape_value_update,val_june,validation,2025-06-18,36,6.0,10145.591203703703,87440.5904355344,0.8624937320053259,-0.08293246927651043,0.45178244179116034,19446.656189142857,19446.656189142857,0.0021776999928988516,3.637978807091713e-12
netload_shape_value_update,val_june,validation,2025-06-18,72,12.0,10712.91643093122,87440.5904355344,0.8624937320053259,0.10582344489027418,0.45178244179116034,11340.0,11340.0,0.001989599986700341,3.296918293926865e-12
netload_shape_value_update,val_june,validation,2025-06-18,108,18.0,10800.0,87440.5904355344,0.8624937320053259,-0.07990600018547633,0.45178244179116034,8640.0,8640.0,0.0009525000059511513,6.821210263296962e-13
netload_shape_value_update,val_june,validation,2025-06-19,0,0.0,2937.999764022223,85400.24147784832,,,0.44919777148372403,20115.0,20115.0,0.0023622000007890165,9.094947017729282e-13
netload_shape_value_update,val_june,validation,2025-06-19,36,6.0,10085.644907407408,85400.24147784832,0.8644493549223325,-0.05742205542067713,0.44919777148372403,19448.21937438095,19448.21937438095,0.002942599996458739,8.526512829121202e-13
netload_shape_value_update,val_june,validation,2025-06-19,72,12.0,10149.80434967725,85400.24147784832,0.8644493549223325,0.02235565610320822,0.44919777148372403,11339.999999999998,11339.999999999998,0.0019150000007357448,8.526512829121202e-13
netload_shape_value_update,val_june,validation,2025-06-19,108,18.0,10800.0,85400.24147784832,0.8644493549223325,-0.11623889324289349,0.44919777148372403,8640.0,8640.0,0.0009630999993532896,6.821210263296962e-13
netload_shape_value_update,val_june,validation,2025-06-20,0,0.0,2684.1647233682556,36665.507066768965,,,0.3456229365850258,10935.556465142856,10935.556465142856,0.002531500009354204,8.242295734817162e-13
netload_shape_value_update,val_june,validation,2025-06-20,36,6.0,4798.737561914288,36665.507066768965,0.8657610929177838,-0.0525686082928597,0.3456229365850258,10297.614936571426,10297.614936571426,0.002115600014803931,8.242295734817162e-13
netload_shape_value_update,val_june,validation,2025-06-20,72,12.0,10800.0,36665.507066768965,0.8657610929177838,-0.05484770097526864,0.3456229365850258,8639.999999999998,8639.999999999998,0.0014785999956075102,5.684341886080801e-13
netload_shape_value_update,val_june,validation,2025-06-20,108,18.0,10800.0,36665.507066768965,0.8657610929177838,0.09600803748523457,0.3456229365850258,8639.999999999998,8639.999999999998,0.0010751000081654638,5.684341886080801e-13
netload_shape_value_update,val_june,validation,2025-06-21,0,0.0,2884.6010395206395,35252.93467776476,,,0.34466071858913117,10831.140935568576,10831.140935568576,0.0023689000227022916,8.952838470577262e-13
netload_shape_value_update,val_june,validation,2025-06-21,36,6.0,3524.9600904867752,35252.93467776476,0.8619687819178001,-0.030195237175702383,0.34466071858913117,10119.014263047618,10119.014263047618,0.0024126000062096864,8.952838470577262e-13
netload_shape_value_update,val_june,validation,2025-06-21,72,12.0,10800.0,35252.93467776476,0.8619687819178001,-0.09921638167054186,0.34466071858913117,8640.0,8640.0,0.0014768000110052526,6.821210263296962e-13
netload_shape_value_update,val_june,validation,2025-06-21,108,18.0,10800.0,35252.93467776476,0.8619687819178001,0.044980633161182615,0.34466071858913117,8640.0,8640.0,0.001375799998641014,6.821210263296962e-13
netload_shape_value_update,val_august,validation,2025-08-18,0,0.0,2178.160729337569,72442.89799171193,,,0.4710559107288704,16149.455800476186,16149.455800476186,0.0024009000044316053,1.4495071809506044e-12
netload_shape_value_update,val_august,validation,2025-08-18,36,6.0,9061.140054778833,72442.89799171193,0.8498207254410806,0.053808829724189766,0.4710559107288704,15405.517145714282,15405.517145714282,0.0023354000004474074,8.668621376273222e-13
netload_shape_value_update,val_august,validation,2025-08-18,72,12.0,8100.413492209523,72442.89799171193,0.8498207254410806,-0.08133457932734123,0.4710559107288704,8704.612154285714,8704.612154285714,0.0017254999838769436,1.1368683772161603e-12
netload_shape_value_update,val_august,validation,2025-08-18,108,18.0,10800.0,72442.89799171193,0.8498207254410806,0.0119778538701798,0.4710559107288704,8640.0,8640.0,0.0011165000032633543,6.821210263296962e-13
netload_shape_value_update,val_august,validation,2025-08-19,0,0.0,2134.924192117462,72320.79132383892,,,0.4700242691093663,16251.989395809524,16251.989395809524,0.003914600005373359,8.526512829121202e-13
netload_shape_value_update,val_august,validation,2025-08-19,36,6.0,9090.547172728044,72320.79132383892,0.8476623879715338,-0.04932030494281947,0.4700242691093663,15509.48656247619,15509.48656247619,0.0021681000071112067,8.526512829121202e-13
netload_shape_value_update,val_august,validation,2025-08-19,72,12.0,9183.27077784339,72320.79132383892,0.8476623879715338,0.03566170548764447,0.4700242691093663,8764.804947809524,8764.804947809524,0.0017878000217024237,8.526512829121202e-13
netload_shape_value_update,val_august,validation,2025-08-19,108,18.0,10800.0,72320.79132383892,0.8476623879715338,-0.025614919018284832,0.4700242691093663,8640.0,8640.0,0.0010190999892074615,6.821210263296962e-13
netload_shape_value_update,val_august,validation,2025-08-20,0,0.0,1852.4128791502637,72871.02814889594,,,0.46977452908951506,16360.527679238092,16360.527679238092,0.002519999979995191,8.810729923425242e-13
netload_shape_value_update,val_august,validation,2025-08-20,36,6.0,9161.371942397886,72871.02814889594,0.8468508831373074,0.0413798343496975,0.46977452908951506,15618.057014285712,15618.057014285712,0.0021068000060040504,8.810729923425242e-13
netload_shape_value_update,val_august,validation,2025-08-20,72,12.0,5689.032696082546,72871.02814889594,0.8468508831373074,0.07050417526667657,0.46977452908951506,8786.59522847619,8059.3757090676245,0.002187600010074675,8.810729923425242e-13
netload_shape_value_update,val_august,validation,2025-08-20,108,18.0,10544.024913681495,72871.02814889594,0.8468508831373074,0.061594238263664725,0.46977452908951506,8640.0,8409.622422313343,0.0012624000082723796,6.821210263296962e-13
netload_shape_value_update,val_august,validation,2025-08-21,0,0.0,1717.2954869206503,74126.94440185535,,,0.47029121876017704,17137.62348085714,17137.62348085714,0.0025409999943803996,9.094947017729282e-13
netload_shape_value_update,val_august,validation,2025-08-21,36,6.0,9990.742086605289,74126.94440185535,0.8470511241248827,-0.06578256757572642,0.47029121876017704,16360.808970761902,16360.808970761902,0.0021704000246245414,8.08242361927114e-13
netload_shape_value_update,val_august,validation,2025-08-21,72,12.0,9852.070981377776,74126.94440185535,0.8470511241248827,0.026115431842082815,0.47029121876017704,8791.764415809525,8791.764415809525,0.0017527999880257994,8.08242361927114e-13
netload_shape_value_update,val_august,validation,2025-08-21,108,18.0,10800.0,74126.94440185535,0.8470511241248827,-0.03392064523137872,0.47029121876017704,8640.0,8640.0,0.000977399991825223,6.821210263296962e-13
netload_shape_value_update,val_august,validation,2025-08-22,0,0.0,1953.1484296931214,40090.14231959671,,,0.3639978004196782,10902.93843485714,10902.93843485714,0.002598999999463558,7.673861546209082e-13
netload_shape_value_update,val_august,validation,2025-08-22,36,6.0,3584.056435530159,40090.14231959671,0.847485806282291,0.046495087335119534,0.3639978004196782,10504.432053619046,10504.432053619046,0.0023585000017192215,7.673861546209082e-13
netload_shape_value_update,val_august,validation,2025-08-22,72,12.0,10800.0,40090.14231959671,0.847485806282291,-0.15855377921488925,0.3639978004196782,8639.999999999998,8639.999999999998,0.0018814999784808606,6.821210263296962e-13
netload_shape_value_update,val_august,validation,2025-08-22,108,18.0,10800.0,40090.14231959671,0.847485806282291,0.0985784836168353,0.3639978004196782,8639.999999999998,8639.999999999998,0.0009956000139936805,6.821210263296962e-13
netload_shape_value_update,val_august,validation,2025-08-23,0,0.0,1604.7352693798935,40724.884312633745,,,0.36377002819263465,10772.804999809523,10772.804999809523,0.003281299985246733,1.0231815394945443e-12
netload_shape_value_update,val_august,validation,2025-08-23,36,6.0,3715.236979048679,40724.884312633745,0.8450416733939666,-0.02585927103667396,0.36377002819263465,10377.588442095237,10377.588442095237,0.0025151000008918345,1.0231815394945443e-12
netload_shape_value_update,val_august,validation,2025-08-23,72,12.0,10800.0,40724.884312633745,0.8450416733939666,-0.09367804905760158,0.36377002819263465,8640.0,8640.0,0.0014568000042345375,1.0231815394945443e-12
netload_shape_value_update,val_august,validation,2025-08-23,108,18.0,10800.0,40724.884312633745,0.8450416733939666,0.11734795326826508,0.36377002819263465,8640.0,8640.0,0.00129640000523068,1.0231815394945443e-12
netload_shape_value_update,val_august,validation,2025-08-24,0,0.0,1916.1332087280416,76191.91484413992,,,0.47335855239417657,17160.464761428564,17160.464761428564,0.0028827000060118735,7.958078640513122e-13
netload_shape_value_update,val_august,validation,2025-08-24,36,6.0,9661.687749100529,76191.91484413992,0.8407504883575394,0.004964711654367848,0.47335855239417657,16410.601044952375,16410.601044952375,0.002772400010144338,7.958078640513122e-13
netload_shape_value_update,val_august,validation,2025-08-24,72,12.0,9989.53420166032,76191.91484413992,0.8407504883575394,-0.03812129587024787,0.47335855239417657,9101.453138095236,9101.453138095236,0.0015798000094946474,7.105427357601002e-13
netload_shape_value_update,val_august,validation,2025-08-24,108,18.0,10800.0,76191.91484413992,0.8407504883575394,-0.05951394211945682,0.47335855239417657,8640.0,8640.0,0.0011785999813582748,6.821210263296962e-13
netload_shape_value_update,val_august,validation,2025-08-25,0,0.0,2196.4236855798945,76097.89786362258,,,0.4731333772527767,17495.08042647619,17495.08042647619,0.002736099995672703,1.1652900866465643e-12
netload_shape_value_update,val_august,validation,2025-08-25,36,6.0,9974.8125,76097.89786362258,0.8418285822310322,-0.01714837234671629,0.4731333772527767,16734.91631714286,16734.91631714286,0.002702900004805997,8.526512829121202e-13
netload_shape_value_update,val_august,validation,2025-08-25,72,12.0,8762.129952725927,76097.89786362258,0.8418285822310322,0.10944284555709444,0.4731333772527767,9200.984776190475,9200.984776190475,0.0017152999935206026,8.526512829121202e-13
netload_shape_value_update,val_august,validation,2025-08-25,108,18.0,10800.0,76097.89786362258,0.8418285822310322,-0.04687882364902207,0.4731333772527767,8640.0,8640.0,0.0011415000190027058,6.821210263296962e-13
netload_shape_value_update,val_august,validation,2025-08-26,0,0.0,2019.1870635026464,77463.8333301352,,,0.47449434585250755,17469.379217619044,17469.379217619044,0.0033090999932028353,9.094947017729282e-13
netload_shape_value_update,val_august,validation,2025-08-26,36,6.0,10011.102777777778,77463.8333301352,0.8423483617541451,-0.039788792775669046,0.47449434585250755,16717.34446542857,16717.34446542857,0.002647299988893792,9.094947017729282e-13
netload_shape_value_update,val_august,validation,2025-08-26,72,12.0,9593.309180740744,77463.8333301352,0.8423483617541451,-0.07700804671718059,0.47449434585250755,9357.573192857142,9357.573192857142,0.0019037000020034611,9.094947017729282e-13
netload_shape_value_update,val_august,validation,2025-08-26,108,18.0,10800.0,77463.8333301352,0.8423483617541451,0.0019731983947057774,0.47449434585250755,8640.0,8640.0,0.0009450000070501119,6.821210263296962e-13
netload_shape_value_update,val_august,validation,2025-08-27,0,0.0,2289.7248573343923,76984.80180751321,,,0.4742721076214675,17632.547513238093,17632.547513238093,0.0026440999936312437,7.673861546209082e-13
netload_shape_value_update,val_august,validation,2025-08-27,36,6.0,9963.419444444444,76984.80180751321,0.8428840438924265,0.044947103348055406,0.4742721076214675,16887.824194666668,16887.824194666668,0.0023385999957099557,7.673861546209082e-13
netload_shape_value_update,val_august,validation,2025-08-27,72,12.0,8632.110463113226,76984.80180751321,0.8428840438924265,0.04126749985483702,0.4742721076214675,9394.267920952381,9394.267920952381,0.0017923999985214323,7.673861546209082e-13
netload_shape_value_update,val_august,validation,2025-08-27,108,18.0,10800.0,76984.80180751321,0.8428840438924265,-0.0839659416427927,0.4742721076214675,8640.0,8640.0,0.0011249999806750566,6.821210263296962e-13
netload_shape_value_update,val_august,validation,2025-08-28,0,0.0,1885.1668969915356,76463.18450198119,,,0.4720117197151206,17573.33087257143,17573.33087257143,0.002497100009350106,1.2505552149377763e-12
netload_shape_value_update,val_august,validation,2025-08-28,36,6.0,9932.465740740741,76463.18450198119,0.8436918393794632,0.05374505075737246,0.4720117197151206,16796.76499190476,16796.76499190476,0.0024314000038430095,8.242295734817162e-13
netload_shape_value_update,val_august,validation,2025-08-28,72,12.0,5645.033932122751,76463.18450198119,0.8436918393794632,0.06759400850680547,0.4720117197151206,9342.116838952381,8148.631554291428,0.001790100010111928,8.242295734817162e-13
netload_shape_value_update,val_august,validation,2025-08-28,108,18.0,10800.0,76463.18450198119,0.8436918393794632,-0.031875987738557265,0.4720117197151206,8640.0,8640.0,0.0011049999739043415,6.821210263296962e-13
netload_shape_value_update,val_august,validation,2025-08-29,0,0.0,1928.8909241407405,41128.838747800124,,,0.3663784432548899,10960.902530476193,10960.902530476193,0.0034157000191044062,9.094947017729282e-13
netload_shape_value_update,val_august,validation,2025-08-29,36,6.0,4482.613100321694,41128.838747800124,0.845519160489105,0.04058835310853992,0.3663784432548899,10544.119233333335,10544.119233333335,0.0025975000171456486,9.094947017729282e-13
netload_shape_value_update,val_august,validation,2025-08-29,72,12.0,10800.0,41128.838747800124,0.845519160489105,-0.05946333453058808,0.3663784432548899,8640.000000000002,8640.000000000002,0.001503700012108311,6.821210263296962e-13
netload_shape_value_update,val_august,validation,2025-08-29,108,18.0,10800.0,41128.838747800124,0.845519160489105,0.1489202253637758,0.3663784432548899,8640.000000000002,8640.000000000002,0.0010864000068977475,6.821210263296962e-13
netload_shape_value_update,val_august,validation,2025-08-30,0,0.0,1784.4022373777766,41384.38355317108,,,0.36633339079298255,11111.960170571429,11111.960170571429,0.003339199989568442,8.810729923425242e-13
netload_shape_value_update,val_august,validation,2025-08-30,36,6.0,4096.343997791535,41384.38355317108,0.8434986841895445,-0.010013057646423684,0.36633339079298255,10691.951294285715,10691.951294285715,0.0027132999966852367,8.810729923425242e-13
netload_shape_value_update,val_august,validation,2025-08-30,72,12.0,10800.0,41384.38355317108,0.8434986841895445,-0.14480427669995913,0.36633339079298255,8640.0,8640.0,0.0020317000162322074,7.958078640513122e-13
netload_shape_value_update,val_august,validation,2025-08-30,108,18.0,10800.0,41384.38355317108,0.8434986841895445,0.11170208497628908,0.36633339079298255,8640.0,8640.0,0.0009935999987646937,7.958078640513122e-13
netload_shape_value_update,val_august,validation,2025-08-31,0,0.0,1574.0628858211644,78414.74288740623,,,0.47343848965122093,17965.536956666663,17965.536956666663,0.00234840001212433,8.415490526658687e-13
netload_shape_value_update,val_august,validation,2025-08-31,36,6.0,9940.621246243387,78414.74288740623,0.8471103739393415,0.022077542025629726,0.47343848965122093,17192.096078285715,17192.096078285715,0.002418099989881739,8.415490526658687e-13
netload_shape_value_update,val_august,validation,2025-08-31,72,12.0,8844.258785136512,78414.74288740623,0.8471103739393415,0.09590120486198905,0.47343848965122093,9325.536956666665,9325.536956666665,0.0020976999949198216,8.415490526658687e-13
netload_shape_value_update,val_august,validation,2025-08-31,108,18.0,10800.0,78414.74288740623,0.8471103739393415,-0.04966076707414957,0.47343848965122093,8640.0,8640.0,0.0010922000219579786,6.821210263296962e-13
netload_shape_value_update,eval_september,evaluation,2025-09-10,0,0.0,4786.2408636984155,67860.3791468054,,,0.45009372034925826,17496.01929895238,17496.01929895238,0.00323729999945499,9.094947017729282e-13
netload_shape_value_update,eval_september,evaluation,2025-09-10,36,6.0,9155.083944444445,67860.3791468054,0.8956879076299304,0.059525260801851276,0.45009372034925826,16017.943389904762,16017.943389904762,0.0022566999832633883,9.094947017729282e-13
netload_shape_value_update,eval_september,evaluation,2025-09-10,72,12.0,5947.779541354499,67860.3791468054,0.8956879076299304,0.060991788989176676,0.45009372034925826,8876.462964952381,8715.971584845716,0.002297400002134964,9.094947017729282e-13
netload_shape_value_update,eval_september,evaluation,2025-09-10,108,18.0,10800.0,67860.3791468054,0.8956879076299304,-0.02997029325462708,0.45009372034925826,8640.0,8640.0,0.001139200001489371,6.821210263296962e-13
netload_shape_value_update,eval_september,evaluation,2025-09-11,0,0.0,4596.088809841269,69292.72779655732,,,0.45032445268908555,17519.384674285713,17519.384674285713,0.0023363000073004514,8.952838470577262e-13
netload_shape_value_update,eval_september,evaluation,2025-09-11,36,6.0,9977.1625,69292.72779655732,0.8971752701944078,0.0017681111698627516,0.45032445268908555,16727.92288857143,16727.92288857143,0.0023858000058680773,8.952838470577262e-13
netload_shape_value_update,eval_september,evaluation,2025-09-11,72,12.0,8710.46606291323,69292.72779655732,0.8971752701944078,-0.04645176540714985,0.45032445268908555,8879.384674285713,8879.384674285713,0.0019180999952368438,8.952838470577262e-13
netload_shape_value_update,eval_september,evaluation,2025-09-11,108,18.0,10800.0,69292.72779655732,0.8971752701944078,-0.0853335713928498,0.45032445268908555,8640.0,8640.0,0.0009572000126354396,6.821210263296962e-13
netload_shape_value_update,eval_september,evaluation,2025-09-12,0,0.0,4802.587337518519,35255.18926909047,,,0.34777019110925417,12557.32860376667,12557.32860376667,0.0028883999912068248,7.958078640513122e-13
netload_shape_value_update,eval_september,evaluation,2025-09-12,36,6.0,5972.70168458201,35255.18926909047,0.8990345726835804,0.054483890022253734,0.34777019110925417,10849.363419428573,10849.363419428573,0.002812399994581938,7.958078640513122e-13
netload_shape_value_update,eval_september,evaluation,2025-09-12,72,12.0,10800.0,35255.18926909047,0.8990345726835804,-0.13295419269572115,0.34777019110925417,8640.000000000002,8640.000000000002,0.0012769000022672117,7.958078640513122e-13
netload_shape_value_update,eval_september,evaluation,2025-09-12,108,18.0,10800.0,35255.18926909047,0.8990345726835804,0.12098440986060965,0.34777019110925417,8640.000000000002,8640.000000000002,0.0012849000049754977,7.958078640513122e-13
netload_shape_value_update,eval_september,evaluation,2025-09-13,0,0.0,4872.584083026451,35509.83696918095,,,0.34559702880716503,12620.325674723805,12620.325674723805,0.0029137000092305243,8.739675649849232e-13
netload_shape_value_update,eval_september,evaluation,2025-09-13,36,6.0,6266.871480259258,35509.83696918095,0.8985957710130861,-0.0034929850473292,0.34559702880716503,10838.921475809522,10838.921475809522,0.0028341000142972916,8.739675649849232e-13
netload_shape_value_update,eval_september,evaluation,2025-09-13,72,12.0,10800.0,35509.83696918095,0.8985957710130861,-0.2143459031556284,0.34559702880716503,8640.0,8640.0,0.0012979000166524202,7.958078640513122e-13
netload_shape_value_update,eval_september,evaluation,2025-09-13,108,18.0,10800.0,35509.83696918095,0.8985957710130861,0.08272099158531332,0.34559702880716503,8640.0,8640.0,0.00134529999922961,7.958078640513122e-13
netload_shape_value_update,eval_september,evaluation,2025-09-14,0,0.0,5204.148125867726,68323.54110245031,,,0.44870023828177746,17559.38502142857,17559.38502142857,0.002978999982587993,1.0231815394945443e-12
netload_shape_value_update,eval_september,evaluation,2025-09-14,36,6.0,9957.916203703704,68323.54110245031,0.8995511741624336,0.005054556195626003,0.44870023828177746,16769.264223809525,16769.264223809525,0.0028030000103171915,8.526512829121202e-13
netload_shape_value_update,eval_september,evaluation,2025-09-14,72,12.0,6677.699796731218,68323.54110245031,0.8995511741624336,0.12319656091047848,0.44870023828177746,8919.38502142857,8919.38502142857,0.0014818999916315079,8.526512829121202e-13
netload_shape_value_update,eval_september,evaluation,2025-09-14,108,18.0,10800.0,68323.54110245031,0.8995511741624336,-0.05266257244946604,0.44870023828177746,8640.0,8640.0,0.0012556999863591045,6.821210263296962e-13
netload_shape_value_update,eval_september,evaluation,2025-09-15,0,0.0,4487.227906111115,67434.65243069135,,,0.44255707650528625,17508.005142857142,17508.005142857142,0.002839199994923547,7.105427357601002e-13
netload_shape_value_update,eval_september,evaluation,2025-09-15,36,6.0,9917.838677248677,67434.65243069135,0.9015559926131179,0.02913079218032133,0.44255707650528625,16714.05995238095,16714.05995238095,0.0033780999947339296,7.105427357601002e-13
netload_shape_value_update,eval_september,evaluation,2025-09-15,72,12.0,9193.910251073014,67434.65243069135,0.9015559926131179,-0.03277295899311239,0.44255707650528625,8868.005142857142,8868.005142857142,0.0019746999896597117,6.821210263296962e-13
netload_shape_value_update,eval_september,evaluation,2025-09-15,108,18.0,10800.0,67434.65243069135,0.9015559926131179,-0.0190257728923926,0.44255707650528625,8640.0,8640.0,0.0010974000033456832,6.821210263296962e-13
netload_shape_value_update,eval_september,evaluation,2025-09-16,0,0.0,3986.774659746033,67472.52043429276,,,0.4402509249084645,17485.06808142857,17485.068081428566,0.002457399998093024,7.958078640513122e-13
netload_shape_value_update,eval_september,evaluation,2025-09-16,36,6.0,9945.393055555556,67472.52043429276,0.9029766391792965,0.06166613441640156,0.4402509249084645,16699.389986190472,16699.389986190472,0.002276299986988306,7.673861546209082e-13
netload_shape_value_update,eval_september,evaluation,2025-09-16,72,12.0,7155.24711577778,67472.52043429276,0.9029766391792965,0.14179045269330104,0.4402509249084645,8845.06808142857,8845.06808142857,0.0021286999981384724,7.673861546209082e-13
netload_shape_value_update,eval_september,evaluation,2025-09-16,108,18.0,10800.0,67472.52043429276,0.9029766391792965,-0.050954780437277414,0.4402509249084645,8640.0,8640.0,0.0009444000024814159,6.821210263296962e-13
netload_shape_value_update,eval_september,evaluation,2025-09-17,0,0.0,3583.5142666084644,68723.97640009523,,,0.44000456434545193,17504.02625904762,17504.02625904762,0.002498699992429465,9.094947017729282e-13
netload_shape_value_update,eval_september,evaluation,2025-09-17,36,6.0,9894.684841269842,68723.97640009523,0.9048234562938836,0.047359748389838474,0.44000456434545193,16689.242616190477,16689.242616190477,0.0021489000064320862,9.094947017729282e-13
netload_shape_value_update,eval_september,evaluation,2025-09-17,72,12.0,5743.082986060315,68723.97640009523,0.9048234562938836,0.015398115069472917,0.44000456434545193,8864.02625904762,8378.525449579047,0.002138400013791397,9.094947017729282e-13
netload_shape_value_update,eval_september,evaluation,2025-09-17,108,18.0,10800.0,68723.97640009523,0.9048234562938836,-0.0950690436201036,0.44000456434545193,8640.0,8640.0,0.0012276000052224845,6.821210263296962e-13
netload_shape_value_update,eval_september,evaluation,2025-09-18,0,0.0,3671.113625460318,68750.67448494297,,,0.43742352861863215,17452.29762809524,17452.29762809524,0.002463699987856671,9.094947017729282e-13
netload_shape_value_update,eval_september,evaluation,2025-09-18,36,6.0,9911.150462962964,68750.67448494297,0.9056417410432477,0.04274984873829657,0.43742352861863215,16651.946544761904,16651.946544761904,0.002447500010021031,9.094947017729282e-13
netload_shape_value_update,eval_september,evaluation,2025-09-18,72,12.0,7247.548346040212,68750.67448494297,0.9056417410432477,0.08754677751458828,0.43742352861863215,8812.297628095239,8812.297628095239,0.0015730999875813723,9.094947017729282e-13
netload_shape_value_update,eval_september,evaluation,2025-09-18,108,18.0,10800.0,68750.67448494297,0.9056417410432477,-0.043275406387706106,0.43742352861863215,8640.0,8640.0,0.0013250999909359962,6.821210263296962e-13
netload_shape_value_update,eval_september,evaluation,2025-09-19,0,0.0,3584.4259127671953,35408.81224665491,,,0.33622964336999395,12182.550672380952,12182.550672380952,0.0027592999977059662,6.821210263296962e-13
netload_shape_value_update,eval_september,evaluation,2025-09-19,36,6.0,5791.273236555555,35408.81224665491,0.9069133097069341,0.06792538341152232,0.33622964336999395,11259.662918571428,11259.662918571428,0.002251600002637133,6.821210263296962e-13
netload_shape_value_update,eval_september,evaluation,2025-09-19,72,12.0,10800.0,35408.81224665491,0.9069133097069341,-0.06099055698651612,0.33622964336999395,8640.0,8640.0,0.0017476000066380948,3.410605131648481e-13
netload_shape_value_update,eval_september,evaluation,2025-09-19,108,18.0,10800.0,35408.81224665491,0.9069133097069341,0.10592353107611485,0.33622964336999395,8640.0,8640.0,0.0011501999979373068,3.410605131648481e-13
netload_shape_value_update,eval_september,evaluation,2025-09-20,0,0.0,4496.983348915345,34562.68968055261,,,0.33441074142681326,12118.863256571427,12118.863256571427,0.0030067999905440956,8.526512829121202e-13
netload_shape_value_update,eval_september,evaluation,2025-09-20,36,6.0,5909.26312872487,34562.68968055261,0.9052422398850671,0.06163360478487978,0.33441074142681326,11195.307415619047,11195.307415619047,0.00247869998565875,8.526512829121202e-13
netload_shape_value_update,eval_september,evaluation,2025-09-20,72,12.0,10800.0,34562.68968055261,0.9052422398850671,-0.09751972728451802,0.33441074142681326,8639.999999999998,8639.999999999998,0.001285900012589991,4.547473508864641e-13
netload_shape_value_update,eval_september,evaluation,2025-09-20,108,18.0,10800.0,34562.68968055261,0.9052422398850671,0.10655378227556356,0.33441074142681326,8639.999999999998,8639.999999999998,0.001625500008231029,4.547473508864641e-13
netload_shape_value_update,eval_september,evaluation,2025-09-21,0,0.0,4610.873304386244,70845.60734687714,,,0.43864686638477873,17637.995444095235,17637.995444095235,0.0030756000196561217,9.094947017729282e-13
netload_shape_value_update,eval_september,evaluation,2025-09-21,36,6.0,9915.97962962963,70845.60734687714,0.9043133849797867,-0.019357890418837287,0.43864686638477873,16835.22267028571,16835.22267028571,0.002623800013680011,7.815970093361102e-13
netload_shape_value_update,eval_september,evaluation,2025-09-21,72,12.0,10423.683796726984,70845.60734687714,0.9043133849797867,0.12807099268392153,0.43864686638477873,8937.306228571428,8937.306228571428,0.0014718000020366162,6.821210263296962e-13
netload_shape_value_update,eval_september,evaluation,2025-09-21,108,18.0,10800.0,70845.60734687714,0.9043133849797867,-0.08878396936813915,0.43864686638477873,8640.0,8640.0,0.0011426999990362674,6.821210263296962e-13
netload_shape_value_update,eval_september,evaluation,2025-09-22,0,0.0,3822.106488999998,68842.22145939565,,,0.43102840278155596,17456.431704761904,17456.431704761904,0.003115500003332272,9.094947017729282e-13
netload_shape_value_update,eval_september,evaluation,2025-09-22,36,6.0,9933.927777777779,68842.22145939565,0.9054655982531451,-0.023457228431372212,0.43102840278155596,16635.038942857143,16635.038942857143,0.002665900014108047,8.881784197001252e-13
netload_shape_value_update,eval_september,evaluation,2025-09-22,72,12.0,8851.880500826457,68842.22145939565,0.9054655982531451,0.05213252857821138,0.43102840278155596,8816.431704761904,8816.431704761904,0.0019055000157095492,8.881784197001252e-13
netload_shape_value_update,eval_september,evaluation,2025-09-22,108,18.0,10800.0,68842.22145939565,0.9054655982531451,-0.05257697458469024,0.43102840278155596,8640.0,8640.0,0.0012108000228181481,6.821210263296962e-13
netload_shape_value_update,eval_september,evaluation,2025-09-23,0,0.0,2889.0253054285704,70776.06237700881,,,0.4311377527230884,17456.522458571428,17456.522458571428,0.0033257000031881034,9.094947017729282e-13
netload_shape_value_update,eval_september,evaluation,2025-09-23,36,6.0,9921.52962962963,70776.06237700881,0.9063859387704087,0.07454971647468067,0.4311377527230884,16659.83451809524,16659.83451809524,0.002456799993524328,9.094947017729282e-13
netload_shape_value_update,eval_september,evaluation,2025-09-23,72,12.0,7658.094881223283,70776.06237700881,0.9063859387704087,0.007136692465625594,0.4311377527230884,8816.522458571428,8816.522458571428,0.0016108000127132982,9.094947017729282e-13
netload_shape_value_update,eval_september,evaluation,2025-09-23,108,18.0,10800.0,70776.06237700881,0.9063859387704087,-0.11761370877344213,0.4311377527230884,8640.0,8640.0,0.0012519000156316906,6.821210263296962e-13
netload_shape_value_update,eval_december,evaluation,2025-12-08,0,0.0,1451.3861965089911,96764.52389095355,,,0.44121166795745875,19378.498228761906,19378.498228761906,0.0025147999986074865,9.663381206337363e-13
netload_shape_value_update,eval_december,evaluation,2025-12-08,36,6.0,10800.0,96764.52389095355,0.8705078825053477,-0.038046776119388115,0.44121166795745875,19378.498228761906,19378.498228761906,0.002289399999426678,9.663381206337363e-13
netload_shape_value_update,eval_december,evaluation,2025-12-08,72,12.0,8045.616964007405,96764.52389095355,0.8705078825053477,0.15192574213566323,0.44121166795745875,10738.498228761904,10738.498228761904,0.002371800015680492,9.663381206337363e-13
netload_shape_value_update,eval_december,evaluation,2025-12-08,108,18.0,10800.0,96764.52389095355,0.8705078825053477,-0.12789700089021383,0.44121166795745875,8640.0,8640.0,0.000974299997324124,6.821210263296962e-13
netload_shape_value_update,eval_december,evaluation,2025-12-09,0,0.0,1928.8049120613766,96611.10718190004,,,0.4424724857288576,19440.0,19439.999999999996,0.002445999998599291,7.958078640513122e-13
netload_shape_value_update,eval_december,evaluation,2025-12-09,36,6.0,10800.0,96611.10718190004,0.8711521057223189,-0.020680408724792043,0.4424724857288576,19439.999999999996,19439.999999999996,0.0022840000165160745,9.094947017729282e-13
netload_shape_value_update,eval_december,evaluation,2025-12-09,72,12.0,7682.090876541797,96611.10718190004,0.8711521057223189,0.04474372774587043,0.4424724857288576,10799.999999999998,10799.999999999998,0.0019400999881327152,9.094947017729282e-13
netload_shape_value_update,eval_december,evaluation,2025-12-09,108,18.0,10800.0,96611.10718190004,0.8711521057223189,-0.07774830734301408,0.4424724857288576,8640.0,8640.0,0.0010121999948751181,4.547473508864641e-13
netload_shape_value_update,eval_december,evaluation,2025-12-10,0,0.0,1731.3899889449742,96808.21702821869,,,0.44280779944407983,19532.785650761907,19532.785650761907,0.002709699998376891,9.094947017729282e-13
netload_shape_value_update,eval_december,evaluation,2025-12-10,36,6.0,10800.0,96808.21702821869,0.8714782602785756,-0.04786804076511819,0.44280779944407983,19532.785650761907,19532.785650761907,0.00217800002428703,7.389644451905042e-13
netload_shape_value_update,eval_december,evaluation,2025-12-10,72,12.0,7884.347296794705,96808.21702821869,0.8714782602785756,0.12764242944784576,0.44280779944407983,10892.785650761905,10892.785650761905,0.001989299984415993,9.094947017729282e-13
netload_shape_value_update,eval_december,evaluation,2025-12-10,108,18.0,10800.0,96808.21702821869,0.8714782602785756,-0.14943999323380686,0.44280779944407983,8640.0,8640.0,0.0009512999968137592,6.821210263296962e-13
netload_shape_value_update,eval_december,evaluation,2025-12-11,0,0.0,1752.1957227788373,97194.2822582328,,,0.4439541264398104,19523.900056952378,19523.900056952378,0.002538600005209446,6.821210263296962e-13
netload_shape_value_update,eval_december,evaluation,2025-12-11,36,6.0,10800.0,97194.2822582328,0.8707223408267744,-0.04089732251010725,0.4439541264398104,19523.900056952378,19523.900056952378,0.0027256000030320138,6.821210263296962e-13
netload_shape_value_update,eval_december,evaluation,2025-12-11,72,12.0,7675.350711829631,97194.2822582328,0.8707223408267744,0.1619603817877956,0.4439541264398104,10883.90005695238,10883.90005695238,0.0028834999829996377,6.821210263296962e-13
netload_shape_value_update,eval_december,evaluation,2025-12-11,108,18.0,10800.0,97194.2822582328,0.8707223408267744,-0.12196357425381232,0.4439541264398104,8639.999999999998,8639.999999999998,0.0011744000075850636,6.821210263296962e-13
netload_shape_value_update,eval_december,evaluation,2025-12-12,0,0.0,1888.8651182836002,50902.90489825514,,,0.3407937469179247,17486.36041533333,17486.36041533333,0.002574099984485656,7.958078640513122e-13
netload_shape_value_update,eval_december,evaluation,2025-12-12,36,6.0,10205.366666666667,50902.90489825514,0.8684480438453758,0.025795683486036114,0.3407937469179247,16913.449977047618,16913.449977047618,0.002264500013552606,6.821210263296962e-13
netload_shape_value_update,eval_december,evaluation,2025-12-12,72,12.0,7703.06960280952,50902.90489825514,0.8684480438453758,0.08184607182942139,0.3407937469179247,8846.360415333329,8846.360415333329,0.0018450000206939876,7.958078640513122e-13
netload_shape_value_update,eval_december,evaluation,2025-12-12,108,18.0,10299.672510793656,50902.90489825514,0.8684480438453758,0.020223025993588717,0.3407937469179247,8094.920580857142,8094.920580857142,0.0013849000097252429,6.821210263296962e-13
netload_shape_value_update,eval_december,evaluation,2025-12-13,0,0.0,1925.326520714292,51818.06381901822,,,0.3431943477496104,17468.813606761905,17468.813606761905,0.0033361999958287925,7.958078640513122e-13
netload_shape_value_update,eval_december,evaluation,2025-12-13,36,6.0,10164.778401904761,51818.06381901822,0.870844427293217,0.030564229445407043,0.3431943477496104,16897.11416847619,16897.11416847619,0.0024695000029169023,7.958078640513122e-13
netload_shape_value_update,eval_december,evaluation,2025-12-13,72,12.0,7863.13810202857,51818.06381901822,0.870844427293217,-0.05259201524154383,0.3431943477496104,8828.813606761903,8828.813606761903,0.0016054000006988645,7.958078640513122e-13
netload_shape_value_update,eval_december,evaluation,2025-12-13,108,18.0,10260.798365714287,51818.06381901822,0.870844427293217,0.1026227970351008,0.3431943477496104,8088.551674380953,8088.551674380953,0.001667400007136166,7.958078640513122e-13
netload_shape_value_update,eval_december,evaluation,2025-12-14,0,0.0,2071.604548892064,97771.6219247031,,,0.4434025649660252,19528.70132752381,19528.70132752381,0.0029069000156596303,2.0463630789890885e-12
netload_shape_value_update,eval_december,evaluation,2025-12-14,36,6.0,10800.0,97771.6219247031,0.8726127885548891,-0.019904355395719664,0.4434025649660252,19528.701327523806,19528.701327523806,0.002853000012692064,6.821210263296962e-13
netload_shape_value_update,eval_december,evaluation,2025-12-14,72,12.0,7257.933107343916,97771.6219247031,0.8726127885548891,0.1445828530297495,0.4434025649660252,10888.70132752381,10888.70132752381,0.0016598000074736774,6.252776074688882e-13
netload_shape_value_update,eval_december,evaluation,2025-12-14,108,18.0,10800.0,97771.6219247031,0.8726127885548891,-0.054319365733999314,0.4434025649660252,8640.0,8640.0,0.0012836999958381057,5.684341886080801e-13
netload_shape_value_update,eval_december,evaluation,2025-12-15,0,0.0,1739.627803660316,99742.16195113816,,,0.4473212992822136,19556.835067619046,19556.835067619046,0.002859800006262958,9.094947017729282e-13
netload_shape_value_update,eval_december,evaluation,2025-12-15,36,6.0,10800.0,99742.16195113816,0.8733599991115237,-0.03509579234093074,0.4473212992822136,19556.835067619046,19556.835067619046,0.0023898000072222203,9.094947017729282e-13
netload_shape_value_update,eval_december,evaluation,2025-12-15,72,12.0,7427.5431103873,99742.16195113816,0.8733599991115237,0.17658990055438906,0.4473212992822136,10916.835067619048,10916.835067619048,0.0014077999803703278,1.0231815394945443e-12
netload_shape_value_update,eval_december,evaluation,2025-12-15,108,18.0,10800.0,99742.16195113816,0.8733599991115237,-0.1601985809368225,0.4473212992822136,8640.0,8640.0,0.0013453999999910593,9.094947017729282e-13
netload_shape_value_update,eval_december,evaluation,2025-12-16,0,0.0,1911.330116133336,99547.49207905112,,,0.44792056836882727,19567.921041714286,19567.921041714286,0.002730399981373921,9.094947017729282e-13
netload_shape_value_update,eval_december,evaluation,2025-12-16,36,6.0,10800.0,99547.49207905112,0.8737289314283048,-0.04437962790942285,0.44792056836882727,19567.92104171429,19567.92104171429,0.0019668999884743243,9.094947017729282e-13
netload_shape_value_update,eval_december,evaluation,2025-12-16,72,12.0,7312.678858970368,99547.49207905112,0.8737289314283048,0.10818195170473943,0.44792056836882727,10927.921041714286,10927.921041714286,0.0019012000120710582,9.094947017729282e-13
netload_shape_value_update,eval_december,evaluation,2025-12-16,108,18.0,10800.0,99547.49207905112,0.8737289314283048,-0.05725127757827786,0.44792056836882727,8640.0,8640.0,0.0016290000057779253,9.094947017729282e-13
netload_shape_value_update,eval_december,evaluation,2025-12-17,0,0.0,1830.002305755558,99301.84177987183,,,0.44806515420918025,20039.9878647619,20039.9878647619,0.00245349999750033,8.526512829121202e-13
netload_shape_value_update,eval_december,evaluation,2025-12-17,36,6.0,10800.0,99301.84177987183,0.8738717243829036,-0.0177599088707856,0.44806515420918025,20039.987864761904,20039.987864761904,0.0021600000036414713,8.526512829121202e-13
netload_shape_value_update,eval_december,evaluation,2025-12-17,72,12.0,8160.004780738624,99301.84177987183,0.8738717243829036,0.03759456194526212,0.44806515420918025,11399.9878647619,11399.9878647619,0.0016157999925781041,8.526512829121202e-13
netload_shape_value_update,eval_december,evaluation,2025-12-17,108,18.0,10800.0,99301.84177987183,0.8738717243829036,-0.15543177810564845,0.44806515420918025,8639.999999999998,8639.999999999998,0.001037600013660267,7.958078640513122e-13
netload_shape_value_update,eval_december,evaluation,2025-12-18,0,0.0,1887.2661172899504,98731.37845458905,,,0.44795130016706164,19926.89401380952,19926.89401380952,0.0021792000043205917,3.637978807091713e-12
netload_shape_value_update,eval_december,evaluation,2025-12-18,36,6.0,10800.0,98731.37845458905,0.8732403891445477,-0.007112873498632766,0.44795130016706164,19926.894013809524,19926.894013809524,0.002102099999319762,3.637978807091713e-12
netload_shape_value_update,eval_december,evaluation,2025-12-18,72,12.0,7364.628364638094,98731.37845458905,0.8732403891445477,0.024318671336717945,0.44795130016706164,11286.894013809522,11286.894013809522,0.0017960999975912273,3.637978807091713e-12
netload_shape_value_update,eval_december,evaluation,2025-12-18,108,18.0,10800.0,98731.37845458905,0.8732403891445477,-0.0900342883507601,0.44795130016706164,8640.000000000002,8640.000000000002,0.0010420000180602074,3.637978807091713e-12
netload_shape_value_update,eval_december,evaluation,2025-12-19,0,0.0,1865.7872980433888,52224.09750531099,,,0.34754642099946215,17406.332776666666,17406.332776666666,0.002563899994129315,9.094947017729282e-13
netload_shape_value_update,eval_december,evaluation,2025-12-19,36,6.0,10179.648148148148,52224.09750531099,0.8726748448850481,0.0431838494898068,0.34754642099946215,16822.93430333333,16822.93430333333,0.0026476000202819705,8.337219803422613e-13
netload_shape_value_update,eval_december,evaluation,2025-12-19,72,12.0,8894.997545550264,52224.09750531099,0.8726748448850481,0.042740511769117084,0.34754642099946215,8766.332776666666,8766.332776666666,0.002058600017335266,8.337219803422613e-13
netload_shape_value_update,eval_december,evaluation,2025-12-19,108,18.0,10211.798525079364,52224.09750531099,0.8726748448850481,0.057194740086246254,0.34754642099946215,8069.617588666666,8069.617588666666,0.0012620000052265823,4.547473508864641e-13
netload_shape_value_update,eval_december,evaluation,2025-12-20,0,0.0,1694.2762466719578,52488.170953038214,,,0.348958127895764,17437.598157142853,17437.598157142853,0.002407200023299083,9.094947017729282e-13
netload_shape_value_update,eval_december,evaluation,2025-12-20,36,6.0,10256.435185185186,52488.170953038214,0.8738039575137285,-0.011776447583526917,0.348958127895764,16843.251989047618,16843.251989047618,0.0023290000099223107,7.958078640513122e-13
netload_shape_value_update,eval_december,evaluation,2025-12-20,72,12.0,8257.22040897884,52488.170953038214,0.8738039575137285,-0.06719134688876238,0.348958127895764,8797.598157142857,8797.598157142857,0.0019087999826297164,7.958078640513122e-13
netload_shape_value_update,eval_december,evaluation,2025-12-20,108,18.0,10252.99251037037,52488.170953038214,0.8738039575137285,-0.004471471052857057,0.348958127895764,8097.098367238096,8097.098367238096,0.0010777999996207654,1.0231815394945443e-12
netload_shape_value_update,eval_december,evaluation,2025-12-21,0,0.0,1884.8585616888897,97952.37867980951,,,0.4467976234025949,19956.89526971428,19956.89526971428,0.002390699984971434,1.1368683772161603e-12
netload_shape_value_update,eval_december,evaluation,2025-12-21,36,6.0,10800.0,97952.37867980951,0.8747793219949219,-0.0027414731854693564,0.4467976234025949,19956.89526971428,19956.89526971428,0.0022951000137254596,2.0463630789890885e-12
netload_shape_value_update,eval_december,evaluation,2025-12-21,72,12.0,7362.785102564022,97952.37867980951,0.8747793219949219,0.02521446156875151,0.4467976234025949,11316.895269714283,11316.895269714283,0.0015885999891906977,9.094947017729282e-13
netload_shape_value_update,eval_december,evaluation,2025-12-21,108,18.0,10800.0,97952.37867980951,0.8747793219949219,-0.11095275812738126,0.4467976234025949,8639.999999999998,8639.999999999998,0.0010724000167101622,9.094947017729282e-13
mean7_value_shift6h,dev_march,development,2025-03-07,0,0.0,1607.6682326867735,34204.04107473368,,,0.7776785714285714,14595.561296952379,14595.561296952379,0.002989300002809614,8.952838470577262e-13
mean7_value_shift6h,dev_march,development,2025-03-07,36,6.0,7475.0885120582,34204.04107473368,0.9742970392090197,0.3640285714285715,0.7776785714285714,13554.07469647619,13554.07469647619,0.0030660000047646463,8.952838470577262e-13
mean7_value_shift6h,dev_march,development,2025-03-07,72,12.0,10800.0,34204.04107473368,0.9742970392090197,-0.6322142857142858,0.7776785714285714,9061.020309333333,9061.020309333333,0.0013621999823953956,5.684341886080801e-13
mean7_value_shift6h,dev_march,development,2025-03-07,108,18.0,10020.41967978836,34204.04107473368,0.9742970392090197,0.5775714285714284,0.7776785714285714,8320.370152190475,8320.370152190475,0.0015180999762378633,5.684341886080801e-13
mean7_value_shift6h,dev_march,development,2025-03-08,0,0.0,1808.2773627661372,32960.675490697235,,,0.777897142857143,13758.886074285714,13758.886074285714,0.0031916000007186085,9.094947017729282e-13
mean7_value_shift6h,dev_march,development,2025-03-08,36,6.0,6445.178438336508,32960.675490697235,0.9742869509091964,0.35831428571428575,0.777897142857143,12738.272238095238,12738.272238095238,0.0027815999928861856,9.094947017729282e-13
mean7_value_shift6h,dev_march,development,2025-03-08,72,12.0,10800.0,32960.675490697235,0.9742869509091964,-0.600557142857143,0.777897142857143,8640.0,8640.0,0.0012615000014193356,6.821210263296962e-13
mean7_value_shift6h,dev_march,development,2025-03-08,108,18.0,10020.467598095238,32960.675490697235,0.9742869509091964,0.6257285714285713,0.777897142857143,7936.791811523808,7936.791811523808,0.001791099988622591,6.821210263296962e-13
mean7_value_shift6h,dev_march,development,2025-03-09,0,0.0,1746.895154250794,76853.87114620223,,,0.7762610714285715,19217.705054095237,19217.705054095237,0.0029129000031389296,9.094947017729282e-13
mean7_value_shift6h,dev_march,development,2025-03-09,36,6.0,9952.83111111111,76853.87114620223,0.9742636143677142,0.5173142857142858,0.7762610714285715,18384.371720761905,18384.371720761905,0.0025984999956563115,6.821210263296962e-13
mean7_value_shift6h,dev_march,development,2025-03-09,72,12.0,9171.48631078201,76853.87114620223,0.9742636143677142,-0.4078428571428572,0.7762610714285715,9988.134918952379,9988.134918952379,0.001706700015347451,6.821210263296962e-13
mean7_value_shift6h,dev_march,development,2025-03-09,108,18.0,10800.0,76853.87114620223,0.9742636143677142,0.7869142857142858,0.7762610714285715,8639.999999999998,8639.999999999998,0.0012983999913558364,6.821210263296962e-13
mean7_value_shift6h,dev_march,development,2025-03-10,0,0.0,1557.369274065611,75454.68785399408,,,0.7768671428571429,18955.412271488574,18955.412271488574,0.003334299981361255,6.821210263296962e-13
mean7_value_shift6h,dev_march,development,2025-03-10,36,6.0,9933.045185185185,75454.68785399408,0.9742531688085629,0.6187714285714285,0.7768671428571429,18122.07893815524,18122.07893815524,0.003649799997219816,6.821210263296962e-13
mean7_value_shift6h,dev_march,development,2025-03-10,72,12.0,7897.089285268779,75454.68785399408,0.9742531688085629,-0.30992857142857144,0.7768671428571429,9716.478222285714,9716.478222285714,0.0022453000128734857,6.821210263296962e-13
mean7_value_shift6h,dev_march,development,2025-03-10,108,18.0,10800.0,75454.68785399408,0.9742531688085629,0.7973285714285714,0.7768671428571429,8640.0,8640.0,0.0011800999927800149,6.821210263296962e-13
mean7_value_shift6h,dev_march,development,2025-03-11,0,0.0,1552.6771873629648,75145.28803695824,,,0.7785985714285714,18918.23046657143,18918.23046657143,0.002311899996129796,7.736034035588091e-13
mean7_value_shift6h,dev_march,development,2025-03-11,36,6.0,9944.732962962964,75145.28803695824,0.9741994964176539,0.5692142857142857,0.7785985714285714,18084.897133238097,18084.897133238097,0.002157299983082339,7.736034035588091e-13
mean7_value_shift6h,dev_march,development,2025-03-11,72,12.0,9675.154969505817,75145.28803695824,0.9741994964176539,-0.35098571428571435,0.7785985714285714,9603.23046657143,9603.23046657143,0.0020373000006657094,7.736034035588091e-13
mean7_value_shift6h,dev_march,development,2025-03-11,108,18.0,10800.0,75145.28803695824,0.9741994964176539,0.8518999999999999,0.7785985714285714,8640.000000000002,8640.000000000002,0.0015008000191301107,6.821210263296962e-13
mean7_value_shift6h,dev_march,development,2025-03-12,0,0.0,1796.9256293375636,74573.76493960139,,,0.7784535714285714,18890.647196380956,18890.647196380956,0.0027165999927092344,1.9326762412674725e-12
mean7_value_shift6h,dev_march,development,2025-03-12,36,6.0,9926.714814814815,74573.76493960139,0.974342195441499,0.6028142857142857,0.7784535714285714,18057.31386304762,18057.31386304762,0.0020232000097166747,8.588685318500211e-13
mean7_value_shift6h,dev_march,development,2025-03-12,72,12.0,9951.351556378831,74573.76493960139,0.974342195441499,-0.4257,0.7784535714285714,9575.647196380953,9575.647196380953,0.0016712000069674104,8.588685318500211e-13
mean7_value_shift6h,dev_march,development,2025-03-12,108,18.0,10800.0,74573.76493960139,0.974342195441499,0.8236428571428571,0.7784535714285714,8640.0,8640.0,0.0014309999824035913,5.684341886080801e-13
mean7_value_shift6h,dev_march,development,2025-03-13,0,0.0,1488.215326268785,74075.74599102174,,,0.7786689285714287,18772.147794666667,18772.147794666667,0.0032195000094361603,8.588685318500211e-13
mean7_value_shift6h,dev_march,development,2025-03-13,36,6.0,9883.15,74075.74599102174,0.9743638248129983,0.5915714285714285,0.7786689285714287,17938.814461333335,17938.814461333335,0.0026590999914333224,8.588685318500211e-13
mean7_value_shift6h,dev_march,development,2025-03-13,72,12.0,7247.388033627505,74075.74599102174,0.9743638248129983,-0.33919999999999995,0.7786689285714287,9457.147794666667,9457.147794666667,0.001559099997393787,8.588685318500211e-13
mean7_value_shift6h,dev_march,development,2025-03-13,108,18.0,10800.0,74075.74599102174,0.9743638248129983,0.7628857142857142,0.7786689285714287,8640.0,8640.0,0.0016092000005301088,7.958078640513122e-13
mean7_value_shift6h,dev_march,development,2025-03-14,0,0.0,1490.4945404148161,32352.48398488183,,,0.7789474999999999,13297.411447619046,13297.411447619046,0.0028477000014390796,1.8189894035458565e-12
mean7_value_shift6h,dev_march,development,2025-03-14,36,6.0,6035.834149189415,32352.48398488183,0.9744401586417197,0.4108857142857143,0.7789474999999999,12291.868139523809,12291.868139523809,0.0023709999804850668,9.094947017729282e-13
mean7_value_shift6h,dev_march,development,2025-03-14,72,12.0,10800.0,32352.48398488183,0.9744401586417197,-0.7050428571428572,0.7789474999999999,8640.0,7725.671106952381,0.001436999998986721,9.094947017729282e-13
mean7_value_shift6h,dev_march,development,2025-03-14,108,18.0,9997.038702328042,32352.48398488183,0.9744401586417197,0.6904857142857141,0.7789474999999999,7894.139697714286,7894.139697714286,0.0010797000140883029,6.252776074688882e-13
mean7_value_shift6h,dev_march,development,2025-03-15,0,0.0,1943.5351887502645,31464.3329960482,,,0.7784703571428573,13007.759149999998,13007.759149999998,0.0033029000042006373,8.526512829121202e-13
mean7_value_shift6h,dev_march,development,2025-03-15,36,6.0,5517.401367497356,31464.3329960482,0.9743721429414102,0.36545714285714287,0.7784703571428573,12021.815338571429,12021.815338571429,0.0030180000176187605,8.526512829121202e-13
mean7_value_shift6h,dev_march,development,2025-03-15,72,12.0,9221.10525546032,31464.3329960482,0.9743721429414102,-0.526457142857143,0.7784703571428573,8640.0,8640.0,0.0021664000232703984,7.958078640513122e-13
mean7_value_shift6h,dev_march,development,2025-03-15,108,18.0,10116.99830994709,31464.3329960482,0.9743721429414102,0.7151,0.7784703571428573,7980.594158952381,7980.594158952381,0.0011192999954801053,3.979039320256561e-13
mean7_value_shift6h,dev_march,development,2025-03-16,0,0.0,1439.5778334634933,73665.07076749399,,,0.7784571428571428,18414.532740624767,18414.532740624767,0.0027145000058226287,1.8189894035458565e-12
mean7_value_shift6h,dev_march,development,2025-03-16,36,6.0,9876.073333333334,73665.07076749399,0.9743330869771513,0.5774285714285715,0.7784571428571428,17581.19940729143,17581.19940729143,0.0023249000078067183,1.0231815394945443e-12
mean7_value_shift6h,dev_march,development,2025-03-16,72,12.0,8914.395807301586,73665.07076749399,0.9743330869771513,-0.46118571428571425,0.7784571428571428,9402.77854447619,9402.77854447619,0.0018964000046253204,1.0231815394945443e-12
mean7_value_shift6h,dev_march,development,2025-03-16,108,18.0,9995.182654179895,73665.07076749399,0.9743330869771513,0.7992714285714284,0.7784571428571428,7915.664388761905,7915.664388761905,0.0010458999895490706,1.0231815394945443e-12
mean7_value_shift6h,dev_march,development,2025-03-17,0,0.0,1838.3368031566156,72371.76693552535,,,0.779365,18287.69600795143,18287.69600795143,0.002626999979838729,9.094947017729282e-13
mean7_value_shift6h,dev_march,development,2025-03-17,36,6.0,9939.124444444444,72371.76693552535,0.9743919044662803,0.5146714285714286,0.779365,17454.362674618096,17454.362674618096,0.0020634999964386225,9.094947017729282e-13
mean7_value_shift6h,dev_march,development,2025-03-17,72,12.0,10579.421140530158,72371.76693552535,0.9743919044662803,-0.5043857142857143,0.779365,9235.586383047617,9235.586383047617,0.0017061999824363738,9.094947017729282e-13
mean7_value_shift6h,dev_march,development,2025-03-17,108,18.0,10030.203703703704,72371.76693552535,0.9743919044662803,0.8141857142857143,0.779365,7936.019302380953,7936.019302380953,0.0016714000084903091,9.094947017729282e-13
mean7_value_shift6h,dev_march,development,2025-03-18,0,0.0,1958.8960840984132,70178.56345419987,,,0.7773332142857143,17719.96820504762,17719.96820504762,0.0040357999969273806,9.094947017729282e-13
mean7_value_shift6h,dev_march,development,2025-03-18,36,6.0,9927.711111111112,70178.56345419987,0.9744681943004653,0.5250142857142857,0.7773332142857143,16889.772871714285,16889.772871714285,0.0025000000023283064,9.094947017729282e-13
mean7_value_shift6h,dev_march,development,2025-03-18,72,12.0,7107.635565100534,70178.56345419987,0.9744681943004653,-0.43691428571428576,0.7773332142857143,9079.968205047619,9079.968205047619,0.001523799990536645,8.810729923425242e-13
mean7_value_shift6h,dev_march,development,2025-03-18,108,18.0,10032.590740740741,70178.56345419987,0.9744681943004653,0.8316714285714285,0.7773332142857143,7924.7349690476185,7924.7349690476185,0.0011769999982789159,5.684341886080801e-13
mean7_value_shift6h,dev_march,development,2025-03-19,0,0.0,1835.1560712402136,69970.67909145678,,,0.7783428571428571,17653.584813333335,17653.584813333335,0.002816399995936081,9.094947017729282e-13
mean7_value_shift6h,dev_march,development,2025-03-19,36,6.0,9885.061111111112,69970.67909145678,0.9744175828192864,0.6588571428571428,0.7783428571428571,16820.769146666666,16820.769146666666,0.002572800003690645,9.094947017729282e-13
mean7_value_shift6h,dev_march,development,2025-03-19,72,12.0,7914.4512077724885,69970.67909145678,0.9744175828192864,-0.4548857142857143,0.7783428571428571,9013.584813333333,9013.584813333333,0.0027095999976154417,8.952838470577262e-13
mean7_value_shift6h,dev_march,development,2025-03-19,108,18.0,10011.203703703704,69970.67909145678,0.9744175828192864,0.8193142857142857,0.7783428571428571,7929.2186357142855,7929.2186357142855,0.0014748999965377152,6.821210263296962e-13
mean7_value_shift6h,dev_march,development,2025-03-20,0,0.0,2067.2525849566136,69020.36131558024,,,0.7769803571428571,17670.204405238095,17670.204405238095,0.0026968999882228673,8.810729923425242e-13
mean7_value_shift6h,dev_march,development,2025-03-20,36,6.0,9881.094444444445,69020.36131558024,0.9743028322529343,0.6098285714285714,0.7769803571428571,16840.770738571424,16840.770738571424,0.002270700002554804,8.810729923425242e-13
mean7_value_shift6h,dev_march,development,2025-03-20,72,12.0,8091.521783293122,69020.36131558024,0.9743028322529343,-0.40687142857142855,0.7769803571428571,9030.204405238095,9030.204405238095,0.0016814999980852008,9.094947017729282e-13
mean7_value_shift6h,dev_march,development,2025-03-20,108,18.0,10041.82962962963,69020.36131558024,0.9743028322529343,0.816742857142857,0.7769803571428571,7919.293111428572,7919.293111428572,0.0014213999966159463,5.684341886080801e-13
mean7_value_shift6h,dev_april,development,2025-04-17,0,0.0,1618.0719069862432,60737.177014785426,,,0.7736714285714286,16954.171322380953,16954.171322380953,0.003197999991243705,9.094947017729282e-13
mean7_value_shift6h,dev_april,development,2025-04-17,36,6.0,9329.108333333334,60737.177014785426,0.9729107245889953,0.5417571428571428,0.7736714285714286,15565.585304476192,15565.585304476192,0.0026135999942198396,9.094947017729282e-13
mean7_value_shift6h,dev_april,development,2025-04-17,72,12.0,7627.035587196829,60737.177014785426,0.9729107245889953,-0.5009714285714286,0.7736714285714286,8720.30946047619,7995.283791809524,0.0016744000022299588,9.094947017729282e-13
mean7_value_shift6h,dev_april,development,2025-04-17,108,18.0,10800.0,60737.177014785426,0.9729107245889953,0.8442999999999999,0.7736714285714286,8640.0,8640.0,0.0011974000080954283,6.821210263296962e-13
mean7_value_shift6h,dev_april,development,2025-04-18,0,0.0,2003.4094306867746,26890.4473578542,,,0.7729242857142857,11105.909664285717,11105.909664285717,0.0027064000023528934,8.455458555545192e-13
mean7_value_shift6h,dev_april,development,2025-04-18,36,6.0,3260.3723703333344,26890.4473578542,0.9728336129555917,0.3096857142857143,0.7729242857142857,10278.636333238097,10278.636333238097,0.0025034999998752028,8.455458555545192e-13
mean7_value_shift6h,dev_april,development,2025-04-18,72,12.0,10800.0,26890.4473578542,0.9728336129555917,-0.6992428571428572,0.7729242857142857,8640.000000000002,6149.9028365714275,0.0018291999876964837,7.958078640513122e-13
mean7_value_shift6h,dev_april,development,2025-04-18,108,18.0,10800.0,26890.4473578542,0.9728336129555917,0.7119000000000001,0.7729242857142857,7922.708438857142,7922.708438857142,0.0012413999938871711,7.389644451905042e-13
mean7_value_shift6h,dev_april,development,2025-04-19,0,0.0,2847.0408596476204,26038.134616297473,,,0.7730353571428572,10977.040857523807,10977.040857523807,0.002985600003739819,8.242295734817162e-13
mean7_value_shift6h,dev_april,development,2025-04-19,36,6.0,3513.4601583724857,26038.134616297473,0.9728727195112584,0.258,0.7730353571428572,10194.09051790476,10194.09051790476,0.0025323999871034175,8.242295734817162e-13
mean7_value_shift6h,dev_april,development,2025-04-19,72,12.0,10800.0,26038.134616297473,0.9728727195112584,-0.7296714285714285,0.7730353571428572,8639.999999999998,6121.818887904762,0.0018887000042013824,7.958078640513122e-13
mean7_value_shift6h,dev_april,development,2025-04-19,108,18.0,10800.0,26038.134616297473,0.9728727195112584,0.7025142857142856,0.7730353571428572,7939.380454476191,7939.380454476191,0.0013991000014357269,5.684341886080801e-13
mean7_value_shift6h,dev_april,development,2025-04-20,0,0.0,2811.4318167153424,59106.08550862551,,,0.7721071428571429,17115.152123333333,17115.152123333333,0.002911799994762987,9.094947017729282e-13
mean7_value_shift6h,dev_april,development,2025-04-20,36,6.0,9348.886814814816,59106.08550862551,0.972923769234361,0.5506142857142857,0.7721071428571429,15761.004624190475,15761.004624190475,0.00255430000834167,9.094947017729282e-13
mean7_value_shift6h,dev_april,development,2025-04-20,72,12.0,7644.404260000001,59106.08550862551,0.972923769234361,-0.4881000000000001,0.7721071428571429,8708.021466380951,8177.883481999999,0.0015186999808065593,8.881784197001252e-13
mean7_value_shift6h,dev_april,development,2025-04-20,108,18.0,10800.0,59106.08550862551,0.972923769234361,0.8974142857142856,0.7721071428571429,8640.0,8640.0,0.0012504000042099506,6.821210263296962e-13
mean7_value_shift6h,dev_april,development,2025-04-21,0,0.0,2004.9647056825395,59565.827528573784,,,0.7735725,17066.118295619046,17066.118295619046,0.00318840000545606,9.094947017729282e-13
mean7_value_shift6h,dev_april,development,2025-04-21,36,6.0,9368.107370370371,59565.827528573784,0.9727832074950024,0.5673714285714286,0.7735725,15716.040739904762,15716.040739904762,0.002433499990729615,9.094947017729282e-13
mean7_value_shift6h,dev_april,development,2025-04-21,72,12.0,8347.448124857146,59565.827528573784,0.9727832074950024,-0.5609,0.7735725,8735.678474666667,8115.839322000001,0.002179000002797693,9.094947017729282e-13
mean7_value_shift6h,dev_april,development,2025-04-21,108,18.0,10800.0,59565.827528573784,0.9727832074950024,0.9007999999999998,0.7735725,8639.999999999998,8639.999999999998,0.001341900002444163,4.547473508864641e-13
mean7_value_shift6h,dev_april,development,2025-04-22,0,0.0,1556.635825121692,59562.373932526745,,,0.7730742857142857,16883.326888761905,16883.326888761905,0.0024468000046908855,9.094947017729282e-13
mean7_value_shift6h,dev_april,development,2025-04-22,36,6.0,9058.992546678308,59562.373932526745,0.972803061976891,0.5924,0.7730742857142857,15557.154956285713,15557.154956285713,0.0026740000175777823,9.094947017729282e-13
mean7_value_shift6h,dev_april,development,2025-04-22,72,12.0,8104.342179665614,59562.373932526745,0.972803061976891,-0.3783857142857143,0.7730742857142857,8738.007176571427,8738.007176571427,0.0016377999854739755,9.094947017729282e-13
mean7_value_shift6h,dev_april,development,2025-04-22,108,18.0,10800.0,59562.373932526745,0.972803061976891,0.9037714285714287,0.7730742857142857,8639.999999999998,8639.999999999998,0.0009843000152613968,9.094947017729282e-13
mean7_value_shift6h,dev_april,development,2025-04-23,0,0.0,1718.3639339164013,59814.25367863962,,,0.7741899999999999,16851.157506571424,16851.157506571424,0.002521499991416931,9.094947017729282e-13
mean7_value_shift6h,dev_april,development,2025-04-23,36,6.0,8868.403829700526,59814.25367863962,0.9726390183937946,0.5884571428571428,0.7741899999999999,15494.796435809521,15494.796435809521,0.002074999996693805,8.810729923425242e-13
mean7_value_shift6h,dev_april,development,2025-04-23,72,12.0,8573.010896797881,59814.25367863962,0.9726390183937946,-0.4018142857142857,0.7741899999999999,8760.333604476189,8760.333604476189,0.002042100008111447,8.810729923425242e-13
mean7_value_shift6h,dev_april,development,2025-04-23,108,18.0,10800.0,59814.25367863962,0.9726390183937946,0.8429285714285714,0.7741899999999999,8640.0,8640.0,0.0009601999772712588,6.821210263296962e-13
mean7_value_shift6h,dev_april,development,2025-04-24,0,0.0,1864.8508124169305,58702.33753123222,,,0.7741874999999999,16773.020984761904,16773.020984761904,0.0026692999817896634,9.094947017729282e-13
mean7_value_shift6h,dev_april,development,2025-04-24,36,6.0,9153.196065619046,58702.33753123222,0.9727152309942688,0.5876,0.7741874999999999,15440.967556,15440.967556,0.002194100001361221,9.094947017729282e-13
mean7_value_shift6h,dev_april,development,2025-04-24,72,12.0,8781.25144148042,58702.33753123222,0.9727152309942688,-0.45872857142857126,0.7741874999999999,8723.646494380953,8002.295412761906,0.0018514999828767031,9.094947017729282e-13
mean7_value_shift6h,dev_april,development,2025-04-24,108,18.0,10800.0,58702.33753123222,0.9727152309942688,0.9006428571428572,0.7741874999999999,8640.0,8640.0,0.002210900012869388,6.821210263296962e-13
mean7_value_shift6h,dev_april,development,2025-04-25,0,0.0,1842.977187508995,26099.731072940624,,,0.773679642857143,10716.963321714285,10716.963321714285,0.0027894000231754035,9.094947017729282e-13
mean7_value_shift6h,dev_april,development,2025-04-25,36,6.0,3369.247197582011,26099.731072940624,0.9725886268695908,0.31418571428571423,0.773679642857143,9945.146572,9945.146572,0.003481299994746223,9.094947017729282e-13
mean7_value_shift6h,dev_april,development,2025-04-25,72,12.0,10800.0,26099.731072940624,0.9725886268695908,-0.7184142857142857,0.773679642857143,8640.0,6239.566847809523,0.0017097000090871006,9.094947017729282e-13
mean7_value_shift6h,dev_april,development,2025-04-25,108,18.0,10800.0,26099.731072940624,0.9725886268695908,0.6448,0.773679642857143,7996.346230095237,7996.346230095237,0.0010923999943770468,8.526512829121202e-13
mean7_value_shift6h,dev_april,development,2025-04-26,0,0.0,2434.3823297058266,25307.263331490878,,,0.773884642857143,10580.059153714283,10580.059153714283,0.002442600001813844,8.526512829121202e-13
mean7_value_shift6h,dev_april,development,2025-04-26,36,6.0,3088.6662486613736,25307.263331490878,0.9726281951675491,0.3091999999999999,0.773884642857143,9851.41744942857,9851.41744942857,0.0021351999894250184,8.526512829121202e-13
mean7_value_shift6h,dev_april,development,2025-04-26,72,12.0,10800.0,25307.263331490878,0.9726281951675491,-0.8751571428571427,0.773884642857143,8639.999999999998,6256.291345333331,0.0015525000053457916,7.958078640513122e-13
mean7_value_shift6h,dev_april,development,2025-04-26,108,18.0,10800.0,25307.263331490878,0.9726281951675491,0.6819142857142857,0.773884642857143,8009.782252857141,8009.782252857141,0.0009483999747317284,8.526512829121202e-13
mean7_value_shift6h,dev_april,development,2025-04-27,0,0.0,2321.9943692000024,54924.457467184,,,0.7760017857142857,16105.283398190475,16105.283398190475,0.002995499991811812,8.810729923425242e-13
mean7_value_shift6h,dev_april,development,2025-04-27,36,6.0,8554.863973538622,54924.457467184,0.9724277658466077,0.5516714285714286,0.7760017857142857,14809.650671619045,14809.650671619045,0.0022422999900300056,8.810729923425242e-13
mean7_value_shift6h,dev_april,development,2025-04-27,72,12.0,7240.897085804234,54924.457467184,0.9724277658466077,-0.5549571428571428,0.7760017857142857,8640.0,7179.17784047619,0.0014667999930679798,9.094947017729282e-13
mean7_value_shift6h,dev_april,development,2025-04-27,108,18.0,10800.0,54924.457467184,0.9724277658466077,0.8815142857142857,0.7760017857142857,8640.0,8640.0,0.0014137999969534576,4.547473508864641e-13
mean7_value_shift6h,dev_april,development,2025-04-28,0,0.0,1781.1259972751307,55030.69979139212,,,0.7759607142857143,15996.19089552381,15996.19089552381,0.0031570999999530613,9.094947017729282e-13
mean7_value_shift6h,dev_april,development,2025-04-28,36,6.0,8262.620385039158,55030.69979139212,0.9723637735201597,0.5769714285714286,0.7759607142857143,14681.962369714285,14681.962369714285,0.0024016000097617507,9.094947017729282e-13
mean7_value_shift6h,dev_april,development,2025-04-28,72,12.0,3085.952542477252,55030.69979139212,0.9723637735201597,-0.3479142857142856,0.7759607142857143,8640.0,6385.495248558097,0.0015894999960437417,7.531752999057062e-13
mean7_value_shift6h,dev_april,development,2025-04-28,108,18.0,6981.372180448682,55030.69979139212,0.9723637735201597,0.9125857142857142,0.7759607142857143,8640.0,5203.234962403813,0.0015898000274319202,4.547473508864641e-13
mean7_value_shift6h,dev_april,development,2025-04-29,0,0.0,1543.0469002423283,57653.231553494414,,,0.7767510714285714,16216.055237714289,16216.055237714289,0.003224999993108213,8.952838470577262e-13
mean7_value_shift6h,dev_april,development,2025-04-29,36,6.0,8627.995864657145,57653.231553494414,0.9723648988631755,0.5420142857142858,0.7767510714285714,14926.224496285717,14926.224496285717,0.0024936000118032098,8.952838470577262e-13
mean7_value_shift6h,dev_april,development,2025-04-29,72,12.0,9955.557312416939,57653.231553494414,0.9723648988631755,-0.4628571428571427,0.7767510714285714,8668.542298761904,7942.051404857142,0.0014128999901004136,7.958078640513122e-13
mean7_value_shift6h,dev_april,development,2025-04-29,108,18.0,10800.0,57653.231553494414,0.9723648988631755,0.8611714285714285,0.7767510714285714,8639.999999999998,8639.999999999998,0.001611499988939613,7.958078640513122e-13
mean7_value_shift6h,dev_april,development,2025-04-30,0,0.0,1919.8933887132298,56786.35585145326,,,0.7750896428571429,15910.73230990476,15910.73230990476,0.0029243000026326627,9.947598300641403e-13
mean7_value_shift6h,dev_april,development,2025-04-30,36,6.0,8487.823200304761,56786.35585145326,0.9722573014364824,0.5085285714285714,0.7750896428571429,14609.376605619049,14609.376605619049,0.002399899996817112,8.86402062860725e-13
mean7_value_shift6h,dev_april,development,2025-04-30,72,12.0,7928.237152670899,56786.35585145326,0.9722573014364824,-0.45744285714285704,0.7750896428571429,8645.583170571426,7177.919554666665,0.0018327999860048294,1.3642420526593924e-12
mean7_value_shift6h,dev_april,development,2025-04-30,108,18.0,10800.0,56786.35585145326,0.9722573014364824,0.8880285714285716,0.7750896428571429,8640.0,8640.0,0.001267799991182983,6.821210263296962e-13
mean7_value_shift6h,val_june,validation,2025-06-08,0,0.0,1781.3549957153423,86851.65452567782,,,0.8538171428571429,18163.41859514286,18163.41859514286,0.0033713000011630356,9.094947017729282e-13
mean7_value_shift6h,val_june,validation,2025-06-08,36,6.0,10110.948148148149,86851.65452567782,0.9720526728801059,0.4454714285714285,0.8538171428571429,17504.55583085714,17504.55583085714,0.002236800006357953,9.094947017729282e-13
mean7_value_shift6h,val_june,validation,2025-06-08,72,12.0,10800.0,86851.65452567782,0.9720526728801059,-0.3150142857142857,0.8538171428571429,10664.999999999998,10664.999999999998,0.0017272999975830317,9.094947017729282e-13
mean7_value_shift6h,val_june,validation,2025-06-08,108,18.0,10800.0,86851.65452567782,0.9720526728801059,0.755742857142857,0.8538171428571429,8640.0,8640.0,0.0009947000071406364,6.821210263296962e-13
mean7_value_shift6h,val_june,validation,2025-06-09,0,0.0,2168.5444668285722,85337.00364660905,,,0.8538499999999999,18751.19882361905,18751.19882361905,0.002571800025179982,6.821210263296962e-13
mean7_value_shift6h,val_june,validation,2025-06-09,36,6.0,10087.099074074074,85337.00364660905,0.9720699789059566,0.4240428571428572,0.8538499999999999,18076.82121409524,18076.82121409524,0.002507900004275143,6.821210263296962e-13
mean7_value_shift6h,val_june,validation,2025-06-09,72,12.0,10738.939664048681,85337.00364660905,0.9720699789059566,-0.36557142857142855,0.8538499999999999,10665.0,10665.0,0.0021644000080414116,6.821210263296962e-13
mean7_value_shift6h,val_june,validation,2025-06-09,108,18.0,10800.0,85337.00364660905,0.9720699789059566,0.7707285714285714,0.8538499999999999,8640.0,8640.0,0.0011681999894790351,6.821210263296962e-13
mean7_value_shift6h,val_june,validation,2025-06-10,0,0.0,2158.59677504762,85896.75485483598,,,0.8538389285714288,18764.999999999996,18764.999999999996,0.00254100002348423,9.094947017729282e-13
mean7_value_shift6h,val_june,validation,2025-06-10,36,6.0,10118.294444444444,85896.75485483598,0.971980931489628,0.40004285714285714,0.8538389285714288,18080.86698571428,18080.86698571428,0.0022917999885976315,9.094947017729282e-13
mean7_value_shift6h,val_june,validation,2025-06-10,72,12.0,10431.951803152386,85896.75485483598,0.971980931489628,-0.2548571428571429,0.8538389285714288,10665.0,10665.0,0.001644000003580004,9.094947017729282e-13
mean7_value_shift6h,val_june,validation,2025-06-10,108,18.0,10800.0,85896.75485483598,0.971980931489628,0.727,0.8538389285714288,8640.0,8640.0,0.0009797000093385577,6.821210263296962e-13
mean7_value_shift6h,val_june,validation,2025-06-11,0,0.0,2333.217336100531,86497.30005293593,,,0.8531128571428571,18765.0,18765.0,0.0027255000022705644,1.5916157281026244e-12
mean7_value_shift6h,val_june,validation,2025-06-11,36,6.0,10075.911574074074,86497.30005293593,0.97204025945823,0.49377142857142853,0.8531128571428571,18100.747045238095,18100.747045238095,0.0023674999829381704,1.0231815394945443e-12
mean7_value_shift6h,val_june,validation,2025-06-11,72,12.0,7905.591927071955,86497.30005293593,0.97204025945823,-0.3667285714285715,0.8531128571428571,10664.999999999998,10664.999999999998,0.0016491000133100897,8.526512829121202e-13
mean7_value_shift6h,val_june,validation,2025-06-11,108,18.0,10800.0,86497.30005293593,0.97204025945823,0.7607285714285714,0.8531128571428571,8640.0,8640.0,0.0010866000084206462,6.821210263296962e-13
mean7_value_shift6h,val_june,validation,2025-06-12,0,0.0,2446.1562815566153,87227.27237338154,,,0.8520903571428573,18765.0,18765.0,0.002636199991684407,2.2737367544323206e-12
mean7_value_shift6h,val_june,validation,2025-06-12,36,6.0,10055.996544973545,87227.27237338154,0.9719237115408228,0.43034285714285714,0.8520903571428573,18095.39689047619,18095.39689047619,0.002403599995886907,2.2737367544323206e-12
mean7_value_shift6h,val_june,validation,2025-06-12,72,12.0,10800.0,87227.27237338154,0.9719237115408228,-0.3308714285714286,0.8520903571428573,10665.0,10665.0,0.0015665999962948263,8.526512829121202e-13
mean7_value_shift6h,val_june,validation,2025-06-12,108,18.0,10800.0,87227.27237338154,0.9719237115408228,0.7597,0.8520903571428573,8640.0,8640.0,0.0011602999875321984,6.821210263296962e-13
mean7_value_shift6h,val_june,validation,2025-06-13,0,0.0,2602.310028023281,39870.784257312174,,,0.8520982142857143,10809.681105809526,10809.681105809526,0.0029525999852921814,8.526512829121202e-13
mean7_value_shift6h,val_june,validation,2025-06-13,36,6.0,6798.297102076194,39870.784257312174,0.9718719985214064,0.2714571428571428,0.8520982142857143,10489.074857714288,10489.074857714288,0.0027713000017683953,8.526512829121202e-13
mean7_value_shift6h,val_june,validation,2025-06-13,72,12.0,10800.0,39870.784257312174,0.9718719985214064,-0.4802428571428571,0.8520982142857143,8640.0,8640.0,0.0014153000083751976,7.958078640513122e-13
mean7_value_shift6h,val_june,validation,2025-06-13,108,18.0,10800.0,39870.784257312174,0.9718719985214064,0.5782857142857144,0.8520982142857143,8640.0,8640.0,0.0011169000063091516,7.958078640513122e-13
mean7_value_shift6h,val_june,validation,2025-06-14,0,0.0,2575.636351815873,40161.01455702763,,,0.8520625000000002,11188.144503734282,11188.144503734282,0.004275799990864471,1.5774048733874224e-12
mean7_value_shift6h,val_june,validation,2025-06-14,36,6.0,6504.314320150271,40161.01455702763,0.9718535918765783,0.26362857142857143,0.8520625000000002,10542.213600190476,10542.213600190476,0.002382000006036833,1.3642420526593924e-12
mean7_value_shift6h,val_june,validation,2025-06-14,72,12.0,10800.0,40161.01455702763,0.9718535918765783,-0.4613714285714285,0.8520625000000002,8640.0,8640.0,0.0014063999988138676,1.3642420526593924e-12
mean7_value_shift6h,val_june,validation,2025-06-14,108,18.0,10800.0,40161.01455702763,0.9718535918765783,0.6548857142857143,0.8520625000000002,8640.0,8640.0,0.0013488999975379556,1.3642420526593924e-12
mean7_value_shift6h,val_june,validation,2025-06-15,0,0.0,2621.9770834973533,88655.19257128982,,,0.8532392857142858,19555.973880095236,19555.973880095236,0.0030494999955408275,8.526512829121202e-13
mean7_value_shift6h,val_june,validation,2025-06-15,36,6.0,10114.9,88655.19257128982,0.9718259853863578,0.3712285714285714,0.8532392857142858,18897.35502485714,18897.35502485714,0.0026474999904166907,8.526512829121202e-13
mean7_value_shift6h,val_june,validation,2025-06-15,72,12.0,10184.160961028572,88655.19257128982,0.9718259853863578,-0.3358428571428571,0.8532392857142858,10780.973880095236,10780.973880095236,0.001452099997550249,8.526512829121202e-13
mean7_value_shift6h,val_june,validation,2025-06-15,108,18.0,10800.0,88655.19257128982,0.9718259853863578,0.7503428571428571,0.8532392857142858,8640.0,8640.0,0.0011827000125776976,6.821210263296962e-13
mean7_value_shift6h,val_june,validation,2025-06-16,0,0.0,3274.0756011640224,87193.37376454085,,,0.8528121428571429,19169.292146857144,19169.292146857144,0.0028128999983891845,1.5347723092418164e-12
mean7_value_shift6h,val_june,validation,2025-06-16,36,6.0,10053.288361904762,87193.37376454085,0.9718484716776231,0.5070285714285714,0.8528121428571429,18497.251672571427,18497.251672571427,0.0025619999796617776,1.1937117960769683e-12
mean7_value_shift6h,val_june,validation,2025-06-16,72,12.0,10503.568773603176,87193.37376454085,0.9718484716776231,-0.2526428571428573,0.8528121428571429,11069.292146857144,11069.292146857144,0.0014757999742869288,1.0231815394945443e-12
mean7_value_shift6h,val_june,validation,2025-06-16,108,18.0,10800.0,87193.37376454085,0.9718484716776231,0.7919714285714284,0.8528121428571429,8640.0,8640.0,0.0011421999952290207,6.821210263296962e-13
mean7_value_shift6h,val_june,validation,2025-06-17,0,0.0,3169.124030929103,86364.67990742621,,,0.8530382142857142,19055.97222285714,19055.97222285714,0.003121299989288673,9.094947017729282e-13
mean7_value_shift6h,val_june,validation,2025-06-17,36,6.0,10105.70925925926,86364.67990742621,0.9718800486187233,0.42744285714285724,0.8530382142857142,18374.837478476187,18374.837478476187,0.002633700001752004,9.094947017729282e-13
mean7_value_shift6h,val_june,validation,2025-06-17,72,12.0,10800.0,86364.67990742621,0.9718800486187233,-0.3184571428571431,0.8530382142857142,10955.97222285714,10955.97222285714,0.0014407999988179654,9.094947017729282e-13
mean7_value_shift6h,val_june,validation,2025-06-17,108,18.0,10800.0,86364.67990742621,0.9718800486187233,0.7444857142857142,0.8530382142857142,8640.0,8640.0,0.0013013000134378672,6.821210263296962e-13
mean7_value_shift6h,val_june,validation,2025-06-18,0,0.0,2703.398861549207,87152.17912865608,,,0.8533010714285714,19210.275292857143,19210.275292857143,0.0032470999867655337,3.637978807091713e-12
mean7_value_shift6h,val_june,validation,2025-06-18,36,6.0,10145.591203703703,87152.17912865608,0.9718073173334635,0.4199142857142858,0.8533010714285714,18541.931482,18541.931482,0.002419299999019131,3.637978807091713e-12
mean7_value_shift6h,val_june,validation,2025-06-18,72,12.0,10800.0,87152.17912865608,0.9718073173334635,-0.27231428571428584,0.8533010714285714,11340.0,11340.0,0.0015842000138945878,3.296918293926865e-12
mean7_value_shift6h,val_june,validation,2025-06-18,108,18.0,10800.0,87152.17912865608,0.9718073173334635,0.8217142857142858,0.8533010714285714,8640.0,8640.0,0.0015095000271685421,6.821210263296962e-13
mean7_value_shift6h,val_june,validation,2025-06-19,0,0.0,2982.7942848275147,85047.4383293392,,,0.8531485714285717,18823.129044380952,18823.129044380952,0.002663299994310364,9.094947017729282e-13
mean7_value_shift6h,val_june,validation,2025-06-19,36,6.0,10085.644907407408,85047.4383293392,0.9717592502215666,0.44244285714285714,0.8531485714285717,18156.348418761903,18156.348418761903,0.0030904999875929207,8.526512829121202e-13
mean7_value_shift6h,val_june,validation,2025-06-19,72,12.0,10800.0,85047.4383293392,0.9717592502215666,-0.3441,0.8531485714285717,11339.999999999998,11339.999999999998,0.0014458000077866018,8.526512829121202e-13
mean7_value_shift6h,val_june,validation,2025-06-19,108,18.0,10800.0,85047.4383293392,0.9717592502215666,0.7632714285714287,0.8531485714285717,8640.0,8640.0,0.0013799000007566065,6.821210263296962e-13
mean7_value_shift6h,val_june,validation,2025-06-20,0,0.0,2739.674852192594,36603.82914585303,,,0.8519796428571431,10935.556465142856,10935.556465142856,0.0030679999908898026,8.810729923425242e-13
mean7_value_shift6h,val_june,validation,2025-06-20,36,6.0,5101.033046377779,36603.82914585303,0.9718958316818963,0.20532857142857136,0.8519796428571431,10297.614936571426,10297.614936571426,0.0022948999830987304,8.810729923425242e-13
mean7_value_shift6h,val_june,validation,2025-06-20,72,12.0,10800.0,36603.82914585303,0.9718958316818963,-0.5312999999999999,0.8519796428571431,8639.999999999998,8639.999999999998,0.0015807999880053103,5.684341886080801e-13
mean7_value_shift6h,val_june,validation,2025-06-20,108,18.0,10800.0,36603.82914585303,0.9718958316818963,0.6599571428571429,0.8519796428571431,8639.999999999998,8639.999999999998,0.0010729999921750277,5.684341886080801e-13
mean7_value_shift6h,val_june,validation,2025-06-21,0,0.0,2884.6010395206395,35252.93467776476,,,0.8509146428571427,10831.140935568576,10831.140935568576,0.0029045999981462955,8.952838470577262e-13
mean7_value_shift6h,val_june,validation,2025-06-21,36,6.0,3535.250023508996,35252.93467776476,0.9719513066968866,0.2238142857142857,0.8509146428571427,10119.014263047618,10119.014263047618,0.002366700005950406,8.952838470577262e-13
mean7_value_shift6h,val_june,validation,2025-06-21,72,12.0,10800.0,35252.93467776476,0.9719513066968866,-0.5660428571428572,0.8509146428571427,8640.0,8640.0,0.001255400013178587,6.821210263296962e-13
mean7_value_shift6h,val_june,validation,2025-06-21,108,18.0,10800.0,35252.93467776476,0.9719513066968866,0.6134571428571428,0.8509146428571427,8640.0,8640.0,0.0014100000262260437,6.821210263296962e-13
mean7_value_shift6h,val_august,validation,2025-08-18,0,0.0,2178.160729337569,72442.89799171191,,,0.9646096428571429,16149.455800476186,16149.455800476186,0.0026482999965082854,1.4495071809506044e-12
mean7_value_shift6h,val_august,validation,2025-08-18,36,6.0,8996.097226087826,72442.89799171191,0.9719728458081567,0.4754285714285714,0.9646096428571429,15405.51714571428,15405.51714571428,0.0026325000217184424,8.668621376273222e-13
mean7_value_shift6h,val_august,validation,2025-08-18,72,12.0,8035.370663518516,72442.89799171191,0.9719728458081567,-0.5764,0.9646096428571429,8704.612154285713,8704.612154285713,0.0019068000256083906,1.1368683772161603e-12
mean7_value_shift6h,val_august,validation,2025-08-18,108,18.0,10800.0,72442.89799171191,0.9719728458081567,1.0541142857142858,0.9646096428571429,8640.0,8640.0,0.0011884999985340983,6.821210263296962e-13
mean7_value_shift6h,val_august,validation,2025-08-19,0,0.0,2168.930028625399,72283.00706105231,,,0.9629796428571427,16251.989395809524,16251.989395809524,0.002636600023834035,8.526512829121202e-13
mean7_value_shift6h,val_august,validation,2025-08-19,36,6.0,9124.259762604232,72283.00706105231,0.9718735234107719,0.3642857142857143,0.9629796428571427,15509.48656247619,15509.48656247619,0.002195999986724928,8.526512829121202e-13
mean7_value_shift6h,val_august,validation,2025-08-19,72,12.0,9216.983367719578,72283.00706105231,0.9718735234107719,-0.47700000000000004,0.9629796428571427,8764.804947809524,8764.804947809524,0.001882700016722083,8.526512829121202e-13
mean7_value_shift6h,val_august,validation,2025-08-19,108,18.0,10800.0,72283.00706105231,0.9718735234107719,1.023442857142857,0.9629796428571427,8640.0,8640.0,0.0032451000006403774,6.821210263296962e-13
mean7_value_shift6h,val_august,validation,2025-08-20,0,0.0,1852.4128791502637,72871.02814889594,,,0.9626246428571428,16360.527679238092,16360.527679238092,0.0032789999968372285,8.810729923425242e-13
mean7_value_shift6h,val_august,validation,2025-08-20,36,6.0,9143.509683657145,72871.02814889594,0.9720131876843529,0.4554571428571429,0.9626246428571428,15618.057014285712,15618.057014285712,0.0026538000092841685,8.810729923425242e-13
mean7_value_shift6h,val_august,validation,2025-08-20,72,12.0,5671.170437341805,72871.02814889594,0.9720131876843529,-0.4322142857142856,0.9626246428571428,8786.59522847619,8043.299676200955,0.002482900017639622,8.810729923425242e-13
mean7_value_shift6h,val_august,validation,2025-08-20,108,18.0,10526.162654940754,72871.02814889594,0.9720131876843529,1.1074,0.9626246428571428,8640.0,8393.546389446677,0.0012441999861039221,6.821210263296962e-13
mean7_value_shift6h,val_august,validation,2025-08-21,0,0.0,1729.7439185724877,74113.11281113108,,,0.9649824999999996,17137.62348085714,17137.62348085714,0.002513999992515892,9.094947017729282e-13
mean7_value_shift6h,val_august,validation,2025-08-21,36,6.0,10033.994907407407,74113.11281113108,0.9720262775739535,0.3514285714285714,0.9649824999999996,16360.808970761902,16360.808970761902,0.002282100002048537,8.08242361927114e-13
mean7_value_shift6h,val_august,validation,2025-08-21,72,12.0,9953.789981379892,74113.11281113108,0.9720262775739535,-0.4799857142857143,0.9649824999999996,8791.764415809525,8791.764415809525,0.001679799985140562,8.08242361927114e-13
mean7_value_shift6h,val_august,validation,2025-08-21,108,18.0,10800.0,74113.11281113108,0.9720262775739535,1.012857142857143,0.9649824999999996,8640.0,8640.0,0.0011382000229787081,6.821210263296962e-13
mean7_value_shift6h,val_august,validation,2025-08-22,0,0.0,1953.1484296931214,40194.595290251615,,,0.9647057142857144,11348.237941333331,11348.237941333331,0.00338989999727346,7.673861546209082e-13
mean7_value_shift6h,val_august,validation,2025-08-22,36,6.0,3480.1616445788363,40194.595290251615,0.9720343574725963,0.2458999999999999,0.9647057142857144,10504.432053619046,10504.432053619046,0.0027258999762125313,7.673861546209082e-13
mean7_value_shift6h,val_august,validation,2025-08-22,72,12.0,10800.0,40194.595290251615,0.9720343574725963,-0.731457142857143,0.9647057142857144,8639.999999999998,8639.999999999998,0.0013490999990608543,6.821210263296962e-13
mean7_value_shift6h,val_august,validation,2025-08-22,108,18.0,10800.0,40194.595290251615,0.9720343574725963,0.841142857142857,0.9647057142857144,8639.999999999998,8639.999999999998,0.0013048999826423824,6.821210263296962e-13
mean7_value_shift6h,val_august,validation,2025-08-23,0,0.0,1604.7352693798935,40825.121396812465,,,0.9618564285714285,11200.13151657143,11200.13151657143,0.003045599994948134,1.0231815394945443e-12
mean7_value_shift6h,val_august,validation,2025-08-23,36,6.0,3747.340287863494,40825.121396812465,0.972000767166044,0.1768142857142857,0.9618564285714285,10377.588442095237,10377.588442095237,0.0020728999807033688,1.0231815394945443e-12
mean7_value_shift6h,val_august,validation,2025-08-23,72,12.0,10800.0,40825.121396812465,0.972000767166044,-0.6693000000000001,0.9618564285714285,8640.0,8640.0,0.0015474000247195363,1.0231815394945443e-12
mean7_value_shift6h,val_august,validation,2025-08-23,108,18.0,10800.0,40825.121396812465,0.972000767166044,0.8522571428571428,0.9618564285714285,8640.0,8640.0,0.0009968999947886914,1.0231815394945443e-12
mean7_value_shift6h,val_august,validation,2025-08-24,0,0.0,1916.1332087280416,76191.91484413992,,,0.9605546428571428,17160.464761428568,17160.464761428568,0.0024554000119678676,7.958078640513122e-13
mean7_value_shift6h,val_august,validation,2025-08-24,36,6.0,9661.687749100529,76191.91484413992,0.9721553612913695,0.41935714285714276,0.9605546428571428,16410.601044952375,16410.601044952375,0.002334399992832914,7.958078640513122e-13
mean7_value_shift6h,val_august,validation,2025-08-24,72,12.0,9989.53420166032,76191.91484413992,0.9721553612913695,-0.5092714285714285,0.9605546428571428,9101.453138095238,9101.453138095238,0.00186240000766702,7.105427357601002e-13
mean7_value_shift6h,val_august,validation,2025-08-24,108,18.0,10800.0,76191.91484413992,0.9721553612913695,0.9781285714285715,0.9605546428571428,8640.0,8640.0,0.0013817999861203134,6.821210263296962e-13
mean7_value_shift6h,val_august,validation,2025-08-25,0,0.0,2196.4236855798945,76097.89786362258,,,0.959641785714286,17495.08042647619,17495.08042647619,0.002949699992313981,1.1652900866465643e-12
mean7_value_shift6h,val_august,validation,2025-08-25,36,6.0,9974.8125,76097.89786362258,0.9722566040988856,0.40342857142857136,0.959641785714286,16734.91631714286,16734.91631714286,0.003377500019269064,8.526512829121202e-13
mean7_value_shift6h,val_august,validation,2025-08-25,72,12.0,8762.129952725927,76097.89786362258,0.9722566040988856,-0.36429999999999996,0.959641785714286,9200.984776190475,9200.984776190475,0.0022179999796207994,8.526512829121202e-13
mean7_value_shift6h,val_august,validation,2025-08-25,108,18.0,10800.0,76097.89786362258,0.9722566040988856,0.9987571428571427,0.959641785714286,8640.0,8640.0,0.0015901000006124377,6.821210263296962e-13
mean7_value_shift6h,val_august,validation,2025-08-26,0,0.0,2019.1870635026455,77411.71061081126,,,0.9599453571428571,17247.171835238092,17247.171835238092,0.0024659000046085566,9.094947017729282e-13
mean7_value_shift6h,val_august,validation,2025-08-26,36,6.0,9979.47592228042,77411.71061081126,0.9722198454228035,0.38535714285714284,0.9599453571428571,16495.137083047615,16495.137083047615,0.002223200019216165,9.094947017729282e-13
mean7_value_shift6h,val_august,validation,2025-08-26,72,12.0,9802.631755497354,77411.71061081126,0.9722198454228035,-0.5416857142857143,0.9599453571428571,9357.573192857142,9357.573192857142,0.002001799992285669,9.094947017729282e-13
mean7_value_shift6h,val_august,validation,2025-08-26,108,18.0,10800.0,77411.71061081126,0.9722198454228035,1.0260714285714285,0.9599453571428571,8640.0,8640.0,0.0011261000181548297,6.821210263296962e-13
mean7_value_shift6h,val_august,validation,2025-08-27,0,0.0,2289.7248573343904,76984.80180751323,,,0.9592953571428571,17632.547513238093,17632.547513238093,0.002989000000525266,7.673861546209082e-13
mean7_value_shift6h,val_august,validation,2025-08-27,36,6.0,9963.419444444444,76984.80180751323,0.9723376642308865,0.46819999999999995,0.9592953571428571,16887.824194666668,16887.824194666668,0.0024415999941993505,7.673861546209082e-13
mean7_value_shift6h,val_august,validation,2025-08-27,72,12.0,8632.110463113226,76984.80180751323,0.9723376642308865,-0.4295857142857142,0.9592953571428571,9394.267920952381,9394.267920952381,0.0016413999837823212,7.673861546209082e-13
mean7_value_shift6h,val_august,validation,2025-08-27,108,18.0,10800.0,76984.80180751323,0.9723376642308865,0.9606571428571428,0.9592953571428571,8640.0,8640.0,0.0010481999779585749,6.821210263296962e-13
mean7_value_shift6h,val_august,validation,2025-08-28,0,0.0,1868.6339772031754,76481.55441285713,,,0.9575775,17573.33087257143,17573.33087257143,0.0026766000082716346,8.242295734817162e-13
mean7_value_shift6h,val_august,validation,2025-08-28,36,6.0,9932.465740740741,76481.55441285713,0.9723329834265818,0.4744142857142857,0.9575775,16796.76499190476,16796.76499190476,0.0024050000065471977,8.242295734817162e-13
mean7_value_shift6h,val_august,validation,2025-08-28,72,12.0,5645.033932122751,76481.55441285713,0.9723329834265818,-0.4090571428571429,0.9575775,9342.116838952381,8148.631554291428,0.002282700006617233,8.242295734817162e-13
mean7_value_shift6h,val_august,validation,2025-08-28,108,18.0,10800.0,76481.55441285713,0.9723329834265818,1.0119142857142855,0.9575775,8640.0,8640.0,0.001038299989886582,6.821210263296962e-13
mean7_value_shift6h,val_august,validation,2025-08-29,0,0.0,1928.8909241407414,41237.63937088066,,,0.9574428571428569,11424.736765714286,11424.736765714286,0.003046900004846975,9.094947017729282e-13
mean7_value_shift6h,val_august,validation,2025-08-29,36,6.0,4475.979184200001,41237.63937088066,0.9723713983283027,0.2618285714285714,0.9574428571428569,10544.119233333335,10544.119233333335,0.002651700022397563,9.094947017729282e-13
mean7_value_shift6h,val_august,validation,2025-08-29,72,12.0,10800.0,41237.63937088066,0.9723713983283027,-0.6423428571428571,0.9574428571428569,8640.0,8640.0,0.0012904999894089997,6.821210263296962e-13
mean7_value_shift6h,val_august,validation,2025-08-29,108,18.0,10800.0,41237.63937088066,0.9723713983283027,0.8778571428571429,0.9574428571428569,8640.0,8640.0,0.0013065999955870211,6.821210263296962e-13
mean7_value_shift6h,val_august,validation,2025-08-30,0,0.0,1784.4022373777775,41491.9794364268,,,0.9571950000000002,11570.658409714288,11570.658409714288,0.003313100023660809,8.810729923425242e-13
mean7_value_shift6h,val_august,validation,2025-08-30,36,6.0,4081.180298847619,41491.9794364268,0.97231828238795,0.22427142857142862,0.9571950000000002,10691.951294285715,10691.951294285715,0.002324200002476573,8.810729923425242e-13
mean7_value_shift6h,val_august,validation,2025-08-30,72,12.0,10800.0,41491.9794364268,0.97231828238795,-0.7299714285714285,0.9571950000000002,8640.000000000002,8640.000000000002,0.0013121000083629042,7.958078640513122e-13
mean7_value_shift6h,val_august,validation,2025-08-30,108,18.0,10800.0,41491.9794364268,0.97231828238795,0.8298857142857143,0.9571950000000002,8640.000000000002,8640.000000000002,0.0012336999934632331,7.958078640513122e-13
mean7_value_shift6h,val_august,validation,2025-08-31,0,0.0,1574.0628858211626,78414.74288740623,,,0.9588642857142858,17965.536956666663,17965.536956666663,0.002939899975899607,8.415490526658687e-13
mean7_value_shift6h,val_august,validation,2025-08-31,36,6.0,9940.621246243387,78414.74288740623,0.9724111128489736,0.4703714285714286,0.9588642857142858,17192.096078285715,17192.096078285715,0.0024403999850619584,8.415490526658687e-13
mean7_value_shift6h,val_august,validation,2025-08-31,72,12.0,8844.258785136512,78414.74288740623,0.9724111128489736,-0.4097714285714286,0.9588642857142858,9325.536956666665,9325.536956666665,0.001652699982514605,8.415490526658687e-13
mean7_value_shift6h,val_august,validation,2025-08-31,108,18.0,10800.0,78414.74288740623,0.9724111128489736,0.9949142857142858,0.9588642857142858,8640.0,8640.0,0.0017044999985955656,6.821210263296962e-13
mean7_value_shift6h,eval_september,evaluation,2025-09-10,0,0.0,4786.2408636984155,67860.3791468054,,,0.8155346428571427,17496.01929895238,17496.01929895238,0.002433000016026199,9.094947017729282e-13
mean7_value_shift6h,eval_september,evaluation,2025-09-10,36,6.0,9155.083944444445,67860.3791468054,0.9730372867545707,0.5835857142857144,0.8155346428571427,16017.943389904762,16017.943389904762,0.0021691000147257,9.094947017729282e-13
mean7_value_shift6h,eval_september,evaluation,2025-09-10,72,12.0,5947.779541354499,67860.3791468054,0.9730372867545707,-0.4704714285714286,0.8155346428571427,8876.462964952381,8043.129631619048,0.001805800013244152,9.094947017729282e-13
mean7_value_shift6h,eval_september,evaluation,2025-09-10,108,18.0,10800.0,67860.3791468054,0.9730372867545707,1.0207428571428572,0.8155346428571427,8640.0,8640.0,0.00130229999194853,6.821210263296962e-13
mean7_value_shift6h,eval_september,evaluation,2025-09-11,0,0.0,5238.316696867728,68579.1412554168,,,0.8135221428571429,17519.384674285713,17519.384674285713,0.0028405000048223883,9.094947017729282e-13
mean7_value_shift6h,eval_september,evaluation,2025-09-11,36,6.0,9977.1625,68579.1412554168,0.9731795185281267,0.5313714285714286,0.8135221428571429,16727.922888571426,16727.922888571426,0.002077700017252937,8.952838470577262e-13
mean7_value_shift6h,eval_september,evaluation,2025-09-11,72,12.0,8742.92479151323,68579.1412554168,0.9731795185281267,-0.5839142857142857,0.8135221428571429,8879.384674285713,7739.384674285713,0.0016998999926727265,8.952838470577262e-13
mean7_value_shift6h,eval_september,evaluation,2025-09-11,108,18.0,10800.0,68579.1412554168,0.9731795185281267,0.9663571428571429,0.8135221428571429,8640.0,8640.0,0.0014213999966159463,6.821210263296962e-13
mean7_value_shift6h,eval_september,evaluation,2025-09-12,0,0.0,5267.832231968257,34678.13553075238,,,0.8127771428571429,12301.049008771432,12301.049008771432,0.0029682000167667866,7.958078640513122e-13
mean7_value_shift6h,eval_september,evaluation,2025-09-12,36,6.0,6014.403702977671,34678.13553075238,0.973323932204595,0.3734714285714286,0.8127771428571429,10849.363419428573,10849.363419428573,0.0024908999912440777,7.958078640513122e-13
mean7_value_shift6h,eval_september,evaluation,2025-09-12,72,12.0,10800.0,34678.13553075238,0.973323932204595,-0.7485999999999999,0.8127771428571429,8640.0,7126.977764285713,0.0014598999987356365,7.958078640513122e-13
mean7_value_shift6h,eval_september,evaluation,2025-09-12,108,18.0,10800.0,34678.13553075238,0.973323932204595,0.8704000000000001,0.8127771428571429,8640.0,8640.0,0.0016062000067904592,5.684341886080801e-13
mean7_value_shift6h,eval_september,evaluation,2025-09-13,0,0.0,5091.8495524444415,35154.16471337143,,,0.8128332142857142,12142.664597199997,12142.664597199997,0.0029375999874901026,8.739675649849232e-13
mean7_value_shift6h,eval_september,evaluation,2025-09-13,36,6.0,6239.499421285714,35154.16471337143,0.9734219717002054,0.32204285714285713,0.8128332142857142,10838.921475809522,10838.921475809522,0.002680100005818531,8.739675649849232e-13
mean7_value_shift6h,eval_september,evaluation,2025-09-13,72,12.0,10800.0,35154.16471337143,0.9734219717002054,-0.8368999999999999,0.8128332142857142,8640.0,4828.2900480952385,0.0013905999949201941,7.958078640513122e-13
mean7_value_shift6h,eval_september,evaluation,2025-09-13,108,18.0,10800.0,35154.16471337143,0.9734219717002054,0.8310285714285713,0.8128332142857142,8046.0105,8046.0105,0.001213999988976866,7.958078640513122e-13
mean7_value_shift6h,eval_september,evaluation,2025-09-14,0,0.0,6079.9446566455035,67350.43384603056,,,0.8118689285714287,17559.38502142857,17559.38502142857,0.0029968000017106533,1.0231815394945443e-12
mean7_value_shift6h,eval_september,evaluation,2025-09-14,36,6.0,9957.916203703704,67350.43384603056,0.9734590592948443,0.5547285714285715,0.8118689285714287,16769.26422380952,16769.26422380952,0.0022751000069547445,8.526512829121202e-13
mean7_value_shift6h,eval_september,evaluation,2025-09-14,72,12.0,6686.473411588361,67350.43384603056,0.9734590592948443,-0.42914285714285705,0.8118689285714287,8919.38502142857,6419.385021428571,0.0015789000026416034,8.526512829121202e-13
mean7_value_shift6h,eval_september,evaluation,2025-09-14,108,18.0,10800.0,67350.43384603056,0.9734590592948443,1.0238285714285715,0.8118689285714287,7806.666666666666,7806.666666666666,0.0013202000118326396,6.821210263296962e-13
mean7_value_shift6h,eval_september,evaluation,2025-09-15,0,0.0,5850.249922275134,65920.18352384244,,,0.8114057142857142,17508.00514285714,17508.00514285714,0.002937300014309585,9.947598300641403e-13
mean7_value_shift6h,eval_september,evaluation,2025-09-15,36,6.0,9917.838677248677,65920.18352384244,0.973517879093081,0.5699571428571428,0.8114057142857142,16714.05995238095,16714.05995238095,0.0023856000043451786,7.105427357601002e-13
mean7_value_shift6h,eval_september,evaluation,2025-09-15,72,12.0,9137.899200644442,65920.18352384244,0.973517879093081,-0.5894285714285714,0.8114057142857142,8868.00514285714,4705.966904761904,0.0014029000012669712,6.821210263296962e-13
mean7_value_shift6h,eval_september,evaluation,2025-09-15,108,18.0,10800.0,65920.18352384244,0.973517879093081,1.0404,0.8114057142857142,7811.295095238094,7811.295095238094,0.0011827000125776976,6.821210263296962e-13
mean7_value_shift6h,eval_september,evaluation,2025-09-16,0,0.0,5256.951205661378,66061.21316105349,,,0.8117460714285715,17485.06808142857,17485.06808142857,0.0033349000150337815,2.2168933355715126e-12
mean7_value_shift6h,eval_september,evaluation,2025-09-16,36,6.0,9945.393055555556,66061.21316105349,0.9736247517897839,0.6096142857142857,0.8117460714285715,16699.38998619048,16699.38998619048,0.002963800012366846,7.673861546209082e-13
mean7_value_shift6h,eval_september,evaluation,2025-09-16,72,12.0,7155.24711577778,66061.21316105349,0.9736247517897839,-0.4208571428571428,0.8117460714285715,8845.06808142857,5511.734748095238,0.0020130999910179526,7.673861546209082e-13
mean7_value_shift6h,eval_september,evaluation,2025-09-16,108,18.0,10800.0,66061.21316105349,0.9736247517897839,1.0274714285714286,0.8117460714285715,7806.666666666666,7806.666666666666,0.0012872999941464514,6.821210263296962e-13
mean7_value_shift6h,eval_september,evaluation,2025-09-17,0,0.0,4823.909381386245,67345.7596058977,,,0.8135889285714285,17504.02625904762,17504.02625904762,0.002543500013416633,9.094947017729282e-13
mean7_value_shift6h,eval_september,evaluation,2025-09-17,36,6.0,9894.684841269842,67345.7596058977,0.9737496898864929,0.5951285714285715,0.8135889285714285,16689.242616190473,16689.242616190473,0.002213700005086139,9.094947017729282e-13
mean7_value_shift6h,eval_september,evaluation,2025-09-17,72,12.0,5743.082986060315,67345.7596058977,0.9737496898864929,-0.5589285714285712,0.8135889285714285,8864.026259047618,6057.359592380952,0.00198379997164011,9.094947017729282e-13
mean7_value_shift6h,eval_september,evaluation,2025-09-17,108,18.0,10260.55465614603,67345.7596058977,0.9737496898864929,0.9678714285714285,0.8135889285714285,7806.666666666666,7806.666666666666,0.0010657000239007175,6.821210263296962e-13
mean7_value_shift6h,eval_september,evaluation,2025-09-18,0,0.0,4511.716942955555,67816.67079883715,,,0.8143267857142859,17452.29762809524,17452.29762809524,0.002457700000377372,9.094947017729282e-13
mean7_value_shift6h,eval_september,evaluation,2025-09-18,36,6.0,9911.150462962964,67816.67079883715,0.973762630526873,0.5876285714285714,0.8143267857142859,16651.946544761904,16651.946544761904,0.002367800014326349,9.094947017729282e-13
mean7_value_shift6h,eval_september,evaluation,2025-09-18,72,12.0,7326.552832954497,67816.67079883715,0.973762630526873,-0.4892714285714288,0.8143267857142859,8812.297628095239,5478.964294761905,0.001600699994014576,9.094947017729282e-13
mean7_value_shift6h,eval_september,evaluation,2025-09-18,108,18.0,10800.0,67816.67079883715,0.973762630526873,1.0238,0.8143267857142859,7806.666666666666,7806.666666666666,0.0013234999787528068,6.821210263296962e-13
mean7_value_shift6h,eval_september,evaluation,2025-09-19,0,0.0,4908.603065968255,34047.79626967618,,,0.8152475000000001,12652.742759371427,12652.742759371427,0.0026920999807771295,9.094947017729282e-13
mean7_value_shift6h,eval_september,evaluation,2025-09-19,36,6.0,5823.239314365079,34047.79626967618,0.9737668652457141,0.39512857142857144,0.8152475000000001,11259.662918571426,11259.662918571426,0.0020850000146310776,9.094947017729282e-13
mean7_value_shift6h,eval_september,evaluation,2025-09-19,72,12.0,10800.0,34047.79626967618,0.9737668652457141,-0.7227142857142856,0.8152475000000001,8639.999999999998,6235.61754047619,0.0014401999942492694,7.958078640513122e-13
mean7_value_shift6h,eval_september,evaluation,2025-09-19,108,18.0,10800.0,34047.79626967618,0.9737668652457141,0.8421428571428571,0.8152475000000001,8042.491916666666,8042.491916666666,0.0011272999981883913,9.094947017729282e-13
mean7_value_shift6h,eval_september,evaluation,2025-09-20,0,0.0,5130.713268899475,33872.332917895226,,,0.815315,12177.641942009526,12177.641942009526,0.002411599998595193,1.3642420526593924e-12
mean7_value_shift6h,eval_september,evaluation,2025-09-20,36,6.0,5920.776950687833,33872.332917895226,0.9738826525214263,0.37807142857142867,0.815315,11195.307415619045,11195.307415619045,0.0022926999954506755,1.3642420526593924e-12
mean7_value_shift6h,eval_september,evaluation,2025-09-20,72,12.0,10800.0,33872.332917895226,0.9738826525214263,-0.7589571428571429,0.815315,8639.999999999998,6142.448183333332,0.0015245999966282398,1.0231815394945443e-12
mean7_value_shift6h,eval_september,evaluation,2025-09-20,108,18.0,10800.0,33872.332917895226,0.9738826525214263,0.8335999999999999,0.815315,8046.002309523808,8046.002309523808,0.0009849999914877117,5.684341886080801e-13
mean7_value_shift6h,eval_september,evaluation,2025-09-21,0,0.0,5245.422594148148,70126.31683856202,,,0.8151575,17577.306228571426,17577.306228571426,0.0025240000104531646,1.0231815394945443e-12
mean7_value_shift6h,eval_september,evaluation,2025-09-21,36,6.0,9915.97962962963,70126.31683856202,0.9739901233590416,0.5289857142857144,0.8151575,16774.533454761906,16774.533454761906,0.0023501999967265874,7.815970093361102e-13
mean7_value_shift6h,eval_september,evaluation,2025-09-21,72,12.0,10418.846083212697,70126.31683856202,0.9739901233590416,-0.4542142857142857,0.8151575,8937.306228571428,8103.972895238095,0.0019008999806828797,6.821210263296962e-13
mean7_value_shift6h,eval_september,evaluation,2025-09-21,108,18.0,10800.0,70126.31683856202,0.9739901233590416,0.959,0.8151575,7806.666666666666,7806.666666666666,0.0010293999803252518,6.821210263296962e-13
mean7_value_shift6h,eval_september,evaluation,2025-09-22,0,0.0,5058.223726677249,67468.75786197648,,,0.8151707142857143,17456.431704761904,17456.431704761904,0.003137500025331974,8.881784197001252e-13
mean7_value_shift6h,eval_september,evaluation,2025-09-22,36,6.0,9933.927777777779,67468.75786197648,0.9740153325413387,0.5081714285714285,0.8151707142857143,16635.03894285714,16635.03894285714,0.0024366000143345445,8.881784197001252e-13
mean7_value_shift6h,eval_september,evaluation,2025-09-22,72,12.0,8853.450056340742,67468.75786197648,0.9740153325413387,-0.5312571428571429,0.8151707142857143,8816.431704761902,6336.208584761903,0.0016359000001102686,8.881784197001252e-13
mean7_value_shift6h,eval_september,evaluation,2025-09-22,108,18.0,10800.0,67468.75786197648,0.9740153325413387,0.9722714285714285,0.8151707142857143,7809.939821428569,7809.939821428569,0.001783600018825382,6.821210263296962e-13
mean7_value_shift6h,eval_september,evaluation,2025-09-23,0,0.0,4099.575329137569,69431.00679510993,,,0.8157596428571428,17456.522458571424,17456.522458571424,0.002721099997870624,9.094947017729282e-13
mean7_value_shift6h,eval_september,evaluation,2025-09-23,36,6.0,9921.52962962963,69431.00679510993,0.9741279207765002,0.6153142857142857,0.8157596428571428,16659.83451809524,16659.83451809524,0.002793699997710064,9.094947017729282e-13
mean7_value_shift6h,eval_september,evaluation,2025-09-23,72,12.0,7524.24053956614,69431.00679510993,0.9741279207765002,-0.5659428571428571,0.8157596428571428,8816.522458571426,6325.903076190475,0.001486499997554347,9.094947017729282e-13
mean7_value_shift6h,eval_september,evaluation,2025-09-23,108,18.0,10800.0,69431.00679510993,0.9741279207765002,0.8981428571428571,0.8157596428571428,7806.666666666665,7806.666666666665,0.0012648999982047826,6.821210263296962e-13
mean7_value_shift6h,eval_december,evaluation,2025-12-08,0,0.0,1451.3861965089911,96889.40221220929,,,0.8557621428571427,19910.874229904763,19910.874229904763,0.0031319999834522605,9.663381206337363e-13
mean7_value_shift6h,eval_december,evaluation,2025-12-08,36,6.0,10800.0,96889.40221220929,0.9754129988901951,0.6078428571428572,0.8557621428571427,19910.87422990476,19910.87422990476,0.002461399999447167,9.663381206337363e-13
mean7_value_shift6h,eval_december,evaluation,2025-12-08,72,12.0,8088.569394933331,96889.40221220929,0.9754129988901951,-0.2890999999999999,0.8557621428571427,11270.874229904763,11270.874229904763,0.0016595999768469483,9.663381206337363e-13
mean7_value_shift6h,eval_december,evaluation,2025-12-08,108,18.0,10800.0,96889.40221220929,0.9754129988901951,0.6755428571428571,0.8557621428571427,8640.0,8640.0,0.0011155999964103103,6.821210263296962e-13
mean7_value_shift6h,eval_december,evaluation,2025-12-09,0,0.0,1823.0339727153448,96886.96378117343,,,0.8552721428571429,20115.0,20115.0,0.0030073000234551728,9.094947017729282e-13
mean7_value_shift6h,eval_december,evaluation,2025-12-09,36,6.0,10800.0,96886.96378117343,0.9753015152091854,0.6255000000000001,0.8552721428571429,20115.0,20115.0,0.0023882999958004802,7.958078640513122e-13
mean7_value_shift6h,eval_december,evaluation,2025-12-09,72,12.0,7736.2008309957655,96886.96378117343,0.9753015152091854,-0.3843,0.8552721428571429,11475.0,11475.0,0.0015036000113468617,9.094947017729282e-13
mean7_value_shift6h,eval_december,evaluation,2025-12-09,108,18.0,10800.0,96886.96378117343,0.9753015152091854,0.7116857142857143,0.8552721428571429,8640.0,8640.0,0.0016265999875031412,4.547473508864641e-13
mean7_value_shift6h,eval_december,evaluation,2025-12-10,0,0.0,1731.1889224444446,97026.89186205876,,,0.8521107142857146,20464.07857476191,20464.07857476191,0.003323499986436218,9.094947017729282e-13
mean7_value_shift6h,eval_december,evaluation,2025-12-10,36,6.0,10800.0,97026.89186205876,0.9753311363458823,0.6072857142857143,0.8521107142857146,20464.07857476191,20464.07857476191,0.003662400005850941,7.389644451905042e-13
mean7_value_shift6h,eval_december,evaluation,2025-12-10,72,12.0,7894.06067690793,97026.89186205876,0.9753311363458823,-0.2929142857142858,0.8521107142857146,11824.078574761905,11824.078574761905,0.002504800009774044,9.094947017729282e-13
mean7_value_shift6h,eval_december,evaluation,2025-12-10,108,18.0,10800.0,97026.89186205876,0.9753311363458823,0.6415999999999998,0.8521107142857146,8640.000000000002,8640.000000000002,0.0010350999946240336,6.821210263296962e-13
mean7_value_shift6h,eval_december,evaluation,2025-12-11,0,0.0,1660.9956632592596,97434.26873075953,,,0.8525039285714288,20115.0,20115.0,0.0033481999998912215,9.094947017729282e-13
mean7_value_shift6h,eval_december,evaluation,2025-12-11,36,6.0,10800.0,97434.26873075953,0.9752036139886564,0.6052142857142858,0.8525039285714288,20115.0,20115.0,0.0022302000143099576,7.958078640513122e-13
mean7_value_shift6h,eval_december,evaluation,2025-12-11,72,12.0,7692.318007807409,97434.26873075953,0.9752036139886564,-0.24218571428571412,0.8525039285714288,11475.0,11475.0,0.0015997000155039132,6.821210263296962e-13
mean7_value_shift6h,eval_december,evaluation,2025-12-11,108,18.0,10800.0,97434.26873075953,0.9752036139886564,0.6725857142857142,0.8525039285714288,8639.999999999998,8639.999999999998,0.0013163000112399459,6.821210263296962e-13
mean7_value_shift6h,eval_december,evaluation,2025-12-12,0,0.0,1849.5066304476222,50946.63655140623,,,0.8516589285714288,17486.36041533333,17486.36041533333,0.0030694000015500933,7.958078640513122e-13
mean7_value_shift6h,eval_december,evaluation,2025-12-12,36,6.0,10205.366666666667,50946.63655140623,0.9751853896649328,0.43297142857142856,0.8516589285714288,16913.449977047618,16913.449977047618,0.0029240000003483146,6.821210263296962e-13
mean7_value_shift6h,eval_december,evaluation,2025-12-12,72,12.0,7703.06960280952,50946.63655140623,0.9751853896649328,-0.4481142857142858,0.8516589285714288,8846.360415333329,8846.360415333329,0.0021865000016987324,7.958078640513122e-13
mean7_value_shift6h,eval_december,evaluation,2025-12-12,108,18.0,10299.672510793656,50946.63655140623,0.9751853896649328,0.47647142857142855,0.8516589285714288,8094.920580857142,8094.920580857142,0.00125200001639314,6.821210263296962e-13
mean7_value_shift6h,eval_december,evaluation,2025-12-13,0,0.0,1925.326520714292,51818.06381901822,,,0.852437857142857,17468.813606761905,17468.813606761905,0.0029662000015378,7.958078640513122e-13
mean7_value_shift6h,eval_december,evaluation,2025-12-13,36,6.0,10164.778401904761,51818.06381901822,0.9750598518685082,0.43884285714285715,0.852437857142857,16897.11416847619,16897.11416847619,0.0024603000201750547,7.958078640513122e-13
mean7_value_shift6h,eval_december,evaluation,2025-12-13,72,12.0,7863.13810202857,51818.06381901822,0.9750598518685082,-0.5754285714285715,0.852437857142857,8828.813606761903,8828.813606761903,0.0023658999998588115,7.958078640513122e-13
mean7_value_shift6h,eval_december,evaluation,2025-12-13,108,18.0,10260.798365714287,51818.06381901822,0.9750598518685082,0.5505,0.852437857142857,8088.551674380953,8088.551674380953,0.0010178000084124506,7.958078640513122e-13
mean7_value_shift6h,eval_december,evaluation,2025-12-14,0,0.0,2071.604548892064,97903.9018000623,,,0.8530310714285715,20092.63132247619,20092.63132247619,0.002234999992651865,6.821210263296962e-13
mean7_value_shift6h,eval_december,evaluation,2025-12-14,36,6.0,10800.0,97903.9018000623,0.9749283925109755,0.6311,0.8530310714285715,20092.63132247619,20092.63132247619,0.0021183999779168516,6.821210263296962e-13
mean7_value_shift6h,eval_december,evaluation,2025-12-14,72,12.0,7248.908910671958,97903.9018000623,0.9749283925109755,-0.24981428571428566,0.8530310714285715,11452.63132247619,11452.63132247619,0.0017776999738998711,6.252776074688882e-13
mean7_value_shift6h,eval_december,evaluation,2025-12-14,108,18.0,10800.0,97903.9018000623,0.9749283925109755,0.7052857142857144,0.8530310714285715,8640.0,8640.0,0.0009766999864950776,5.684341886080801e-13
mean7_value_shift6h,eval_december,evaluation,2025-12-15,0,0.0,1739.627803660316,99872.19156622223,,,0.8529546428571431,20111.171847714286,20111.171847714286,0.0026560999976936728,9.094947017729282e-13
mean7_value_shift6h,eval_december,evaluation,2025-12-15,36,6.0,10800.0,99872.19156622223,0.9749012782766245,0.6167857142857143,0.8529546428571431,20111.171847714286,20111.171847714286,0.0026171999925281852,9.094947017729282e-13
mean7_value_shift6h,eval_december,evaluation,2025-12-15,72,12.0,7439.925102144971,99872.19156622223,0.9749012782766245,-0.20307142857142868,0.8529546428571431,11471.171847714286,11471.171847714286,0.002223599993158132,1.0231815394945443e-12
mean7_value_shift6h,eval_december,evaluation,2025-12-15,108,18.0,10800.0,99872.19156622223,0.9749012782766245,0.5944571428571429,0.8529546428571431,8640.0,8640.0,0.0009951000101864338,9.094947017729282e-13
mean7_value_shift6h,eval_december,evaluation,2025-12-16,0,0.0,1911.330116133336,99682.91976615167,,,0.8529989285714287,20145.270655142856,20145.270655142856,0.0025174000184051692,9.094947017729282e-13
mean7_value_shift6h,eval_december,evaluation,2025-12-16,36,6.0,10800.0,99682.91976615167,0.975051367903117,0.6125857142857143,0.8529989285714287,20145.27065514286,20145.27065514286,0.0021290000004228204,9.094947017729282e-13
mean7_value_shift6h,eval_december,evaluation,2025-12-16,72,12.0,7355.089732031746,99682.91976615167,0.975051367903117,-0.26747142857142847,0.8529989285714287,11505.270655142856,11505.270655142856,0.0017905999848153442,9.094947017729282e-13
mean7_value_shift6h,eval_december,evaluation,2025-12-16,108,18.0,10800.0,99682.91976615167,0.975051367903117,0.6873571428571429,0.8529989285714287,8640.0,8640.0,0.0009697000205051154,9.094947017729282e-13
mean7_value_shift6h,eval_december,evaluation,2025-12-17,0,0.0,1830.002305755558,99301.84177987183,,,0.853609642857143,20039.9878647619,20039.9878647619,0.0025883999769575894,8.526512829121202e-13
mean7_value_shift6h,eval_december,evaluation,2025-12-17,36,6.0,10800.0,99301.84177987183,0.975123117598826,0.6259714285714286,0.853609642857143,20039.987864761904,20039.987864761904,0.002463299984810874,8.526512829121202e-13
mean7_value_shift6h,eval_december,evaluation,2025-12-17,72,12.0,8225.056651284656,99301.84177987183,0.975123117598826,-0.3301571428571428,0.853609642857143,11399.9878647619,11399.9878647619,0.0018801999976858497,8.526512829121202e-13
mean7_value_shift6h,eval_december,evaluation,2025-12-17,108,18.0,10800.0,99301.84177987183,0.975123117598826,0.5739857142857142,0.853609642857143,8639.999999999998,8639.999999999998,0.0010342999885324389,7.958078640513122e-13
mean7_value_shift6h,eval_december,evaluation,2025-12-18,0,0.0,1887.2661172899504,98731.37845458905,,,0.8516160714285714,19926.894013809524,19926.894013809524,0.0025499999755993485,3.637978807091713e-12
mean7_value_shift6h,eval_december,evaluation,2025-12-18,36,6.0,10800.0,98731.37845458905,0.975145849116159,0.6487285714285713,0.8516160714285714,19926.894013809524,19926.894013809524,0.0031516000162810087,3.637978807091713e-12
mean7_value_shift6h,eval_december,evaluation,2025-12-18,72,12.0,7374.395254561905,98731.37845458905,0.975145849116159,-0.3444857142857142,0.8516160714285714,11286.894013809522,11286.894013809522,0.001652399980230257,3.637978807091713e-12
mean7_value_shift6h,eval_december,evaluation,2025-12-18,108,18.0,10800.0,98731.37845458905,0.975145849116159,0.6407285714285715,0.8516160714285714,8640.000000000002,8640.000000000002,0.001069999998435378,3.637978807091713e-12
mean7_value_shift6h,eval_december,evaluation,2025-12-19,0,0.0,1865.7872980433888,52224.09750531099,,,0.8526614285714282,17406.332776666666,17406.332776666666,0.002660400001332164,9.094947017729282e-13
mean7_value_shift6h,eval_december,evaluation,2025-12-19,36,6.0,10179.648148148148,52224.09750531099,0.9751712951529558,0.4586571428571428,0.8526614285714282,16822.93430333333,16822.93430333333,0.0026140999980270863,8.337219803422613e-13
mean7_value_shift6h,eval_december,evaluation,2025-12-19,72,12.0,8894.997545550264,52224.09750531099,0.9751712951529558,-0.46561428571428565,0.8526614285714282,8766.332776666666,8766.332776666666,0.0019668999884743243,8.337219803422613e-13
mean7_value_shift6h,eval_december,evaluation,2025-12-19,108,18.0,10211.798525079364,52224.09750531099,0.9751712951529558,0.49254285714285706,0.8526614285714282,8069.617588666666,8069.617588666666,0.001028099999530241,4.547473508864641e-13
mean7_value_shift6h,eval_december,evaluation,2025-12-20,0,0.0,1694.2762466719578,52488.170953038214,,,0.8530707142857143,17437.598157142853,17437.598157142853,0.002402600017376244,1.0231815394945443e-12
mean7_value_shift6h,eval_december,evaluation,2025-12-20,36,6.0,10256.435185185186,52488.170953038214,0.9751495603788702,0.40582857142857137,0.8530707142857143,16843.251989047618,16843.251989047618,0.002250699995784089,7.958078640513122e-13
mean7_value_shift6h,eval_december,evaluation,2025-12-20,72,12.0,8257.22040897884,52488.170953038214,0.9751495603788702,-0.5737571428571427,0.8530707142857143,8797.598157142857,8797.598157142857,0.0020176999969407916,7.958078640513122e-13
mean7_value_shift6h,eval_december,evaluation,2025-12-20,108,18.0,10252.99251037037,52488.170953038214,0.9751495603788702,0.43279999999999996,0.8530707142857143,8097.098367238096,8097.098367238096,0.0010956000187434256,1.0231815394945443e-12
mean7_value_shift6h,eval_december,evaluation,2025-12-21,0,0.0,1884.8585616888897,97989.4649745679,,,0.85164,20115.0,20115.0,0.0022656999935861677,9.094947017729282e-13
mean7_value_shift6h,eval_december,evaluation,2025-12-21,36,6.0,10800.0,97989.4649745679,0.9751756016326363,0.6473571428571427,0.85164,20115.0,20115.0,0.0022678999812342227,9.094947017729282e-13
mean7_value_shift6h,eval_december,evaluation,2025-12-21,72,12.0,7357.535729987304,97989.4649745679,0.9751756016326363,-0.339942857142857,0.85164,11475.0,11475.0,0.0017241000023204833,9.094947017729282e-13
mean7_value_shift6h,eval_december,evaluation,2025-12-21,108,18.0,10800.0,97989.4649745679,0.9751756016326363,0.6178,0.85164,8639.999999999998,8639.999999999998,0.0011255000135861337,9.094947017729282e-13
oracle_greedy,dev_march,development,2025-03-07,0,0.0,1607.6682326867735,34458.969579369674,,,0.0,0.0,0.0,0.0,0.0
oracle_greedy,dev_march,development,2025-03-08,0,0.0,1822.4364293291005,33598.20549247031,,,0.0,0.0,0.0,0.0,0.0
oracle_greedy,dev_march,development,2025-03-09,0,0.0,1714.2622919460346,76759.27775847202,,,0.0,0.0,0.0,0.0,0.0
oracle_greedy,dev_march,development,2025-03-10,0,0.0,1573.0809219608477,75486.38346118867,,,0.0,0.0,0.0,0.0,0.0
oracle_greedy,dev_march,development,2025-03-11,0,0.0,1435.3602848719606,75106.18305037593,,,0.0,0.0,0.0,0.0,0.0
oracle_greedy,dev_march,development,2025-03-12,0,0.0,1657.1619281174596,74742.15338934408,,,0.0,0.0,0.0,0.0,0.0
oracle_greedy,dev_march,development,2025-03-13,0,0.0,1468.3751579915365,73899.05153429614,,,0.0,0.0,0.0,0.0,0.0
oracle_greedy,dev_march,development,2025-03-14,0,0.0,1411.4148678222232,33159.170938232804,,,0.0,0.0,0.0,0.0,0.0
oracle_greedy,dev_march,development,2025-03-15,0,0.0,1913.0443908000007,32036.854523318045,,,0.0,0.0,0.0,0.0,0.0
oracle_greedy,dev_march,development,2025-03-16,0,0.0,1378.6860069322775,73891.061685862,,,0.0,0.0,0.0,0.0,0.0
oracle_greedy,dev_march,development,2025-03-17,0,0.0,1829.774123456089,72284.61333428923,,,0.0,0.0,0.0,0.0,0.0
oracle_greedy,dev_march,development,2025-03-18,0,0.0,1960.1193718952377,70276.50624349772,,,0.0,0.0,0.0,0.0,0.0
oracle_greedy,dev_march,development,2025-03-19,0,0.0,1817.6193919396844,70298.98309726396,,,0.0,0.0,0.0,0.0,0.0
oracle_greedy,dev_march,development,2025-03-20,0,0.0,2073.3358471291012,69197.18433214343,,,0.0,0.0,0.0,0.0,0.0
oracle_greedy,dev_april,development,2025-04-17,0,0.0,1618.0719069862432,60737.177014785426,,,0.0,0.0,0.0,0.0,0.0
oracle_greedy,dev_april,development,2025-04-18,0,0.0,1998.7322361989454,27435.842235897137,,,0.0,0.0,0.0,0.0,0.0
oracle_greedy,dev_april,development,2025-04-19,0,0.0,2071.0299826529094,27401.048148930433,,,0.0,0.0,0.0,0.0,0.0
oracle_greedy,dev_april,development,2025-04-20,0,0.0,2105.5576629968255,59744.039655735454,,,0.0,0.0,0.0,0.0,0.0
oracle_greedy,dev_april,development,2025-04-21,0,0.0,2056.657125238098,59508.39150684538,,,0.0,0.0,0.0,0.0,0.0
oracle_greedy,dev_april,development,2025-04-22,0,0.0,1559.6277619534403,59559.04955826925,,,0.0,0.0,0.0,0.0,0.0
oracle_greedy,dev_april,development,2025-04-23,0,0.0,1719.2017323608454,59903.8875355826,,,0.0,0.0,0.0,0.0,0.0
oracle_greedy,dev_april,development,2025-04-24,0,0.0,1849.8611342042336,58877.32606257966,,,0.0,0.0,0.0,0.0,0.0
oracle_greedy,dev_april,development,2025-04-25,0,0.0,1771.3787259809537,26913.46472624221,,,0.0,0.0,0.0,0.0,0.0
oracle_greedy,dev_april,development,2025-04-26,0,0.0,1747.1472936000064,26950.053645691798,,,0.0,0.0,0.0,0.0,0.0
oracle_greedy,dev_april,development,2025-04-27,0,0.0,1493.6703224359808,55844.817519144024,,,0.0,0.0,0.0,0.0,0.0
oracle_greedy,dev_april,development,2025-04-28,0,0.0,1485.078089274073,55320.25370961326,,,0.0,0.0,0.0,0.0,0.0
oracle_greedy,dev_april,development,2025-04-29,0,0.0,1504.9808207925923,57853.860530660786,,,0.0,0.0,0.0,0.0,0.0
oracle_greedy,dev_april,development,2025-04-30,0,0.0,1687.2567856740727,57203.17429927454,,,0.0,0.0,0.0,0.0,0.0
oracle_greedy,val_june,validation,2025-06-08,0,0.0,1781.3549957153423,87050.55241328749,,,0.0,0.0,0.0,0.0,0.0
oracle_greedy,val_june,validation,2025-06-09,0,0.0,2091.7393678433887,85555.22771916166,,,0.0,0.0,0.0,0.0,0.0
oracle_greedy,val_june,validation,2025-06-10,0,0.0,2093.2340231269873,85969.38013474779,,,0.0,0.0,0.0,0.0,0.0
oracle_greedy,val_june,validation,2025-06-11,0,0.0,2295.0220524063516,86539.73925704058,,,0.0,0.0,0.0,0.0,0.0
oracle_greedy,val_june,validation,2025-06-12,0,0.0,2474.5712924793647,87512.3668056896,,,0.0,0.0,0.0,0.0,0.0
oracle_greedy,val_june,validation,2025-06-13,0,0.0,2559.511824644445,40231.50691496767,,,0.0,0.0,0.0,0.0,0.0
oracle_greedy,val_june,validation,2025-06-14,0,0.0,2575.636351815871,41095.836677729036,,,0.0,0.0,0.0,0.0,0.0
oracle_greedy,val_june,validation,2025-06-15,0,0.0,2582.561823325925,88508.33442049148,,,0.0,0.0,0.0,0.0,0.0
oracle_greedy,val_june,validation,2025-06-16,0,0.0,3358.1324558264578,87005.14329898648,,,0.0,0.0,0.0,0.0,0.0
oracle_greedy,val_june,validation,2025-06-17,0,0.0,3132.299075544974,86852.92052100998,,,0.0,0.0,0.0,0.0,0.0
oracle_greedy,val_june,validation,2025-06-18,0,0.0,2674.202902864549,87238.50512516638,,,0.0,0.0,0.0,0.0,0.0
oracle_greedy,val_june,validation,2025-06-19,0,0.0,2999.764415971432,84950.68628261375,,,0.0,0.0,0.0,0.0,0.0
oracle_greedy,val_june,validation,2025-06-20,0,0.0,2761.624262774605,37225.783811792106,,,0.0,0.0,0.0,0.0,0.0
oracle_greedy,val_june,validation,2025-06-21,0,0.0,2963.349655696302,35851.21194285629,,,0.0,0.0,0.0,0.0,0.0
oracle_greedy,val_august,validation,2025-08-18,0,0.0,2178.160729337569,72595.17017570371,,,0.0,0.0,0.0,0.0,0.0
oracle_greedy,val_august,validation,2025-08-19,0,0.0,2168.930028625398,72403.7045432285,,,0.0,0.0,0.0,0.0,0.0
oracle_greedy,val_august,validation,2025-08-20,0,0.0,1852.4128791502656,72917.38526192357,,,0.0,0.0,0.0,0.0,0.0
oracle_greedy,val_august,validation,2025-08-21,0,0.0,1630.2109173555552,74169.36886584714,,,0.0,0.0,0.0,0.0,0.0
oracle_greedy,val_august,validation,2025-08-22,0,0.0,1854.96182146032,40464.64407693356,,,0.0,0.0,0.0,0.0,0.0
oracle_greedy,val_august,validation,2025-08-23,0,0.0,1486.6533281999998,41232.47881414028,,,0.0,0.0,0.0,0.0,0.0
oracle_greedy,val_august,validation,2025-08-24,0,0.0,1925.911408839153,76181.0501773498,,,0.0,0.0,0.0,0.0,0.0
oracle_greedy,val_august,validation,2025-08-25,0,0.0,2100.0782866380923,76151.70229930159,,,0.0,0.0,0.0,0.0,0.0
oracle_greedy,val_august,validation,2025-08-26,0,0.0,1707.2043083703695,77810.48083583772,,,0.0,0.0,0.0,0.0,0.0
oracle_greedy,val_august,validation,2025-08-27,0,0.0,2289.724857334394,77091.64954636683,,,0.0,0.0,0.0,0.0,0.0
oracle_greedy,val_august,validation,2025-08-28,0,0.0,1885.1668969915356,76348.94166178645,,,0.0,0.0,0.0,0.0,0.0
oracle_greedy,val_august,validation,2025-08-29,0,0.0,1928.8909241407405,41492.65896784127,,,0.0,0.0,0.0,0.0,0.0
oracle_greedy,val_august,validation,2025-08-30,0,0.0,1784.4022373777775,42164.22229411309,,,0.0,0.0,0.0,0.0,0.0
oracle_greedy,val_august,validation,2025-08-31,0,0.0,1487.3890171174626,78511.0471859659,,,0.0,0.0,0.0,0.0,0.0
oracle_greedy,eval_september,evaluation,2025-09-10,0,0.0,4786.2408636984155,68174.1411069195,,,0.0,0.0,0.0,0.0,0.0
oracle_greedy,eval_september,evaluation,2025-09-11,0,0.0,5219.073491063494,68758.85592853262,,,0.0,0.0,0.0,0.0,0.0
oracle_greedy,eval_september,evaluation,2025-09-12,0,0.0,5148.901516656086,35781.99286610934,,,0.0,0.0,0.0,0.0,0.0
oracle_greedy,eval_september,evaluation,2025-09-13,0,0.0,5064.217895449734,35970.69987133333,,,0.0,0.0,0.0,0.0,0.0
oracle_greedy,eval_september,evaluation,2025-09-14,0,0.0,5269.509571904761,68250.91727352026,,,0.0,0.0,0.0,0.0,0.0
oracle_greedy,eval_september,evaluation,2025-09-15,0,0.0,4983.513647793654,67041.5571621552,,,0.0,0.0,0.0,0.0,0.0
oracle_greedy,eval_september,evaluation,2025-09-16,0,0.0,4201.535500301585,67550.05937370488,,,0.0,0.0,0.0,0.0,0.0
oracle_greedy,eval_september,evaluation,2025-09-17,0,0.0,3970.2962505079367,68450.19347148265,,,0.0,0.0,0.0,0.0,0.0
oracle_greedy,eval_september,evaluation,2025-09-18,0,0.0,3967.777792878308,68579.38096558965,,,0.0,0.0,0.0,0.0,0.0
oracle_greedy,eval_september,evaluation,2025-09-19,0,0.0,3945.7672890634926,35516.2836475191,,,0.0,0.0,0.0,0.0,0.0
oracle_greedy,eval_september,evaluation,2025-09-20,0,0.0,4485.785683402115,35325.35932680188,,,0.0,0.0,0.0,0.0,0.0
oracle_greedy,eval_september,evaluation,2025-09-21,0,0.0,4565.187970851853,71198.79975333568,,,0.0,0.0,0.0,0.0,0.0
oracle_greedy,eval_september,evaluation,2025-09-22,0,0.0,4088.1891826243364,68546.57402203526,,,0.0,0.0,0.0,0.0,0.0
oracle_greedy,eval_september,evaluation,2025-09-23,0,0.0,3231.7101723968276,70395.30141371075,,,0.0,0.0,0.0,0.0,0.0
oracle_greedy,eval_december,evaluation,2025-12-08,0,0.0,1451.3861965089911,97124.5055121987,,,0.0,0.0,0.0,0.0,0.0
oracle_greedy,eval_december,evaluation,2025-12-09,0,0.0,1809.15001788889,97255.31859159083,,,0.0,0.0,0.0,0.0,0.0
oracle_greedy,eval_december,evaluation,2025-12-10,0,0.0,1659.5577477481493,97010.7625248924,,,0.0,0.0,0.0,0.0,0.0
oracle_greedy,eval_december,evaluation,2025-12-11,0,0.0,1630.4133343703693,97598.30885023515,,,0.0,0.0,0.0,0.0,0.0
oracle_greedy,eval_december,evaluation,2025-12-12,0,0.0,1849.5066304476227,51104.969884739556,,,0.0,0.0,0.0,0.0,0.0
oracle_greedy,eval_december,evaluation,2025-12-13,0,0.0,1880.5278105343998,52008.77696485596,,,0.0,0.0,0.0,0.0,0.0
oracle_greedy,eval_december,evaluation,2025-12-14,0,0.0,2004.5100151513222,98295.11794866313,,,0.0,0.0,0.0,0.0,0.0
oracle_greedy,eval_december,evaluation,2025-12-15,0,0.0,1739.627803660316,100153.26345618107,,,0.0,0.0,0.0,0.0,0.0
oracle_greedy,eval_december,evaluation,2025-12-16,0,0.0,1917.0565646962991,99924.5425982904,,,0.0,0.0,0.0,0.0,0.0
oracle_greedy,eval_december,evaluation,2025-12-17,0,0.0,1830.002305755558,99460.17511320516,,,0.0,0.0,0.0,0.0,0.0
oracle_greedy,eval_december,evaluation,2025-12-18,0,0.0,1836.361916377777,98787.9386778248,,,0.0,0.0,0.0,0.0,0.0
oracle_greedy,eval_december,evaluation,2025-12-19,0,0.0,1865.7872980433888,52636.79175499824,,,0.0,0.0,0.0,0.0,0.0
oracle_greedy,eval_december,evaluation,2025-12-20,0,0.0,1666.3955094719577,52965.944157482285,,,0.0,0.0,0.0,0.0,0.0
oracle_greedy,eval_december,evaluation,2025-12-21,0,0.0,1865.741478200003,97973.61988368606,,,0.0,0.0,0.0,0.0,0.0
oracle_value_update,dev_march,development,2025-03-07,0,0.0,1607.6682326867735,34458.969579369674,,,0.32481499999999996,15682.361764084764,15682.361764084764,0.0030325999832712114,1.3642420526593924e-12
oracle_value_update,dev_march,development,2025-03-07,36,6.0,7306.074733671955,34458.969579369674,,,0.32481499999999996,14408.514741809524,14408.514741809524,0.0024670000129844993,1.3642420526593924e-12
oracle_value_update,dev_march,development,2025-03-07,72,12.0,10800.0,34458.969579369674,,,0.32481499999999996,9915.460354666668,9915.460354666666,0.001583700010087341,1.3642420526593924e-12
oracle_value_update,dev_march,development,2025-03-07,108,18.0,10020.419679788358,34458.969579369674,,,0.32481499999999996,9174.810197523808,9174.810197523808,0.0015026000037323684,5.684341886080801e-13
oracle_value_update,dev_march,development,2025-03-08,0,0.0,1822.4364293291005,33598.20549247031,,,0.32293750000000004,16543.846397142854,16543.846397142854,0.0031607999990228564,9.094947017729282e-13
oracle_value_update,dev_march,development,2025-03-08,36,6.0,6439.786123984123,33598.20549247031,,,0.32293750000000004,14088.272238095236,14088.272238095236,0.0027784999983850867,9.094947017729282e-13
oracle_value_update,dev_march,development,2025-03-08,72,12.0,10800.0,33598.20549247031,,,0.32293750000000004,9989.999999999998,9989.999999999998,0.0016703000001143664,6.821210263296962e-13
oracle_value_update,dev_march,development,2025-03-08,108,18.0,10300.940924021164,33598.20549247031,,,0.32293750000000004,9540.846831619045,9540.846831619045,0.0015461999864783138,6.821210263296962e-13
oracle_value_update,dev_march,development,2025-03-09,0,0.0,1722.2643270783092,76750.38660832505,,,0.4118025,18659.861790222858,18659.861790222858,0.0028309000190347433,1.3642420526593924e-12
oracle_value_update,dev_march,development,2025-03-09,36,6.0,10610.359836683598,76750.38660832505,,,0.4118025,18418.304309904765,18418.304309904765,0.0025191000022459775,1.3642420526593924e-12
oracle_value_update,dev_march,development,2025-03-09,72,12.0,9694.815463868783,76750.38660832505,,,0.4118025,9872.956871999999,9872.956871999999,0.0016224999853875488,1.3642420526593924e-12
oracle_value_update,dev_march,development,2025-03-09,108,18.0,10161.69407079365,76750.38660832505,,,0.4118025,8053.512475904761,8053.512475904761,0.001187799993203953,1.0231815394945443e-12
oracle_value_update,dev_march,development,2025-03-10,0,0.0,1573.0809219608477,75486.38346118867,,,0.41666749999999997,19164.959244821905,19164.959244821905,0.0025107999972533435,6.821210263296962e-13
oracle_value_update,dev_march,development,2025-03-10,36,6.0,9933.045185185185,75486.38346118867,,,0.41666749999999997,18331.625911488572,18331.625911488572,0.002294199977768585,6.821210263296962e-13
oracle_value_update,dev_march,development,2025-03-10,72,12.0,8192.677422677245,75486.38346118867,,,0.41666749999999997,10199.546973333332,10199.546973333332,0.0019901000196114182,6.821210263296962e-13
oracle_value_update,dev_march,development,2025-03-10,108,18.0,10800.0,75486.38346118867,,,0.41666749999999997,9314.999999999998,9314.999999999998,0.0011694999993778765,6.821210263296962e-13
oracle_value_update,dev_march,development,2025-03-11,0,0.0,1539.004763496298,74991.0225185711,,,0.41335249999999996,18195.808090920953,18195.808090920953,0.0029414999880827963,7.736034035588091e-13
oracle_value_update,dev_march,development,2025-03-11,36,6.0,9944.732962962964,74991.0225185711,,,0.41335249999999996,16745.08709092095,16745.08709092095,0.0021548999939113855,7.736034035588091e-13
oracle_value_update,dev_march,development,2025-03-11,72,12.0,10129.082123736223,74991.0225185711,,,0.41335249999999996,9315.0,9315.0,0.002062300016405061,6.821210263296962e-13
oracle_value_update,dev_march,development,2025-03-11,108,18.0,10016.931481481482,74991.0225185711,,,0.41335249999999996,7918.141812190475,7918.141812190475,0.001375499996356666,3.410605131648481e-13
oracle_value_update,dev_march,development,2025-03-12,0,0.0,1809.2488621333348,74573.16790710422,,,0.4064575000000001,18946.475160557144,18946.475160557144,0.0023662000021431595,9.094947017729282e-13
oracle_value_update,dev_march,development,2025-03-12,36,6.0,9926.714814814815,74573.16790710422,,,0.4064575000000001,18113.141827223808,18113.141827223808,0.002064300002530217,9.094947017729282e-13
oracle_value_update,dev_march,development,2025-03-12,72,12.0,10326.709623559786,74573.16790710422,,,0.4064575000000001,9989.999999999998,9989.999999999998,0.0017297999875154346,9.094947017729282e-13
oracle_value_update,dev_march,development,2025-03-12,108,18.0,10015.823124656084,74573.16790710422,,,0.4064575000000001,8609.240812190474,8609.240812190474,0.0009955000132322311,9.094947017729282e-13
oracle_value_update,dev_march,development,2025-03-13,0,0.0,1496.2444782031773,73868.08562294987,,,0.4130325,17924.89168204952,17924.89168204952,0.0025880000030156225,8.588685318500211e-13
oracle_value_update,dev_march,development,2025-03-13,36,6.0,9883.15,73868.08562294987,,,0.4130325,17091.55834871619,17091.55834871619,0.002544700022554025,8.588685318500211e-13
oracle_value_update,dev_march,development,2025-03-13,72,12.0,8153.656431346957,73868.08562294987,,,0.4130325,9457.147794666666,9457.147794666666,0.0018223999941255897,8.588685318500211e-13
oracle_value_update,dev_march,development,2025-03-13,108,18.0,10800.0,73868.08562294987,,,0.4130325,8639.999999999998,8639.999999999998,0.0010818000009749085,7.958078640513122e-13
oracle_value_update,dev_march,development,2025-03-14,0,0.0,1477.1714471111131,33086.10807235626,,,0.3202299999999999,16361.857378571427,16361.857378571427,0.0031092999852262437,9.094947017729282e-13
oracle_value_update,dev_march,development,2025-03-14,36,6.0,5719.061381184127,33086.10807235626,,,0.3202299999999999,12966.868139523809,12966.868139523809,0.0026771999837365,9.094947017729282e-13
oracle_value_update,dev_march,development,2025-03-14,72,12.0,10800.0,33086.10807235626,,,0.3202299999999999,9315.0,9315.0,0.0017220000154338777,9.094947017729282e-13
oracle_value_update,dev_march,development,2025-03-14,108,18.0,9997.038702328042,33086.10807235626,,,0.3202299999999999,8569.139697714287,8569.139697714287,0.0013867999950889498,6.252776074688882e-13
oracle_value_update,dev_march,development,2025-03-15,0,0.0,1936.2215049798951,32011.102174229272,,,0.32786750000000003,15304.07872333333,15304.07872333333,0.003672599996207282,8.526512829121202e-13
oracle_value_update,dev_march,development,2025-03-15,36,6.0,5456.459012680423,32011.102174229272,,,0.32786750000000003,13371.815338571427,13371.815338571427,0.0026455000042915344,8.526512829121202e-13
oracle_value_update,dev_march,development,2025-03-15,72,12.0,9160.162900643387,32011.102174229272,,,0.32786750000000003,9989.999999999998,9989.999999999998,0.0018210000125691295,7.958078640513122e-13
oracle_value_update,dev_march,development,2025-03-15,108,18.0,10116.998309947092,32011.102174229272,,,0.32786750000000003,9330.59415895238,9330.59415895238,0.0013858000165782869,3.979039320256561e-13
oracle_value_update,dev_march,development,2025-03-16,0,0.0,1447.5559075672,73814.53957404543,,,0.4070074999999999,19089.53274062476,19089.53274062476,0.002776799985440448,2.0179413695586845e-12
oracle_value_update,dev_march,development,2025-03-16,36,6.0,9876.073333333334,73814.53957404543,,,0.4070074999999999,18256.19940729143,18256.19940729143,0.00255279999691993,1.0231815394945443e-12
oracle_value_update,dev_march,development,2025-03-16,72,12.0,8865.916654204231,73814.53957404543,,,0.4070074999999999,10077.778544476188,10077.778544476188,0.0017423000244889408,1.0231815394945443e-12
oracle_value_update,dev_march,development,2025-03-16,108,18.0,9995.182654179895,73814.53957404543,,,0.4070074999999999,8590.664388761903,8590.664388761903,0.0017216999840456992,1.0231815394945443e-12
oracle_value_update,dev_march,development,2025-03-17,0,0.0,1845.0086294878347,72267.68610536508,,,0.40230999999999995,17875.58638304762,17875.58638304762,0.0033266999816987664,9.094947017729282e-13
oracle_value_update,dev_march,development,2025-03-17,36,6.0,9939.124444444444,72267.68610536508,,,0.40230999999999995,17042.253049714287,17042.253049714287,0.002605000016046688,9.094947017729282e-13
oracle_value_update,dev_march,development,2025-03-17,72,12.0,10339.193565121692,72267.68610536508,,,0.40230999999999995,9235.586383047617,9235.586383047617,0.0016211000038310885,9.094947017729282e-13
oracle_value_update,dev_march,development,2025-03-17,108,18.0,10030.203703703704,72267.68610536508,,,0.40230999999999995,7936.019302380953,7936.019302380953,0.0012654000020120293,9.094947017729282e-13
oracle_value_update,dev_march,development,2025-03-18,0,0.0,1960.1193718952377,70276.50624349772,,,0.4050350000000001,18143.308301618097,18143.308301618097,0.0025736999814398587,1.0231815394945443e-12
oracle_value_update,dev_march,development,2025-03-18,36,6.0,9927.711111111112,70276.50624349772,,,0.4050350000000001,17313.11296828476,17313.11296828476,0.002361399994697422,1.0231815394945443e-12
oracle_value_update,dev_march,development,2025-03-18,72,12.0,7262.0246526148185,70276.50624349772,,,0.4050350000000001,9642.258480380951,9642.258480380951,0.001663400005782023,1.0231815394945443e-12
oracle_value_update,dev_march,development,2025-03-18,108,18.0,10032.590740740741,70276.50624349772,,,0.4050350000000001,8487.025244380951,8487.025244380951,0.0010992000170517713,7.958078640513122e-13
oracle_value_update,dev_march,development,2025-03-19,0,0.0,1828.4792663619062,70286.91657012815,,,0.41164999999999996,18970.12814666667,18970.12814666667,0.0029894000035710633,8.952838470577262e-13
oracle_value_update,dev_march,development,2025-03-19,36,6.0,9885.061111111112,70286.91657012815,,,0.41164999999999996,17495.76914666667,17495.76914666667,0.0024030000204220414,9.094947017729282e-13
oracle_value_update,dev_march,development,2025-03-19,72,12.0,7914.4512077724885,70286.91657012815,,,0.41164999999999996,9688.584813333333,9688.584813333333,0.0015066000050865114,8.952838470577262e-13
oracle_value_update,dev_march,development,2025-03-19,108,18.0,10011.203703703704,70286.91657012815,,,0.41164999999999996,8604.218635714285,8604.218635714285,0.0012505000049714,6.821210263296962e-13
oracle_value_update,dev_march,development,2025-03-20,0,0.0,2079.603690515345,69190.22006171427,,,0.4146875,18452.844296666666,18452.844296666666,0.0027483000012580305,9.094947017729282e-13
oracle_value_update,dev_march,development,2025-03-20,36,6.0,9881.094444444445,69190.22006171427,,,0.4146875,17623.410630000002,17623.410630000002,0.002654300013091415,9.094947017729282e-13
oracle_value_update,dev_march,development,2025-03-20,72,12.0,8072.740467965082,69190.22006171427,,,0.4146875,9705.204405238095,9705.204405238095,0.0016690999909769744,9.094947017729282e-13
oracle_value_update,dev_march,development,2025-03-20,108,18.0,10800.0,69190.22006171427,,,0.4146875,9315.000000000002,9315.000000000002,0.0016684999864082783,9.094947017729282e-13
oracle_value_update,dev_april,development,2025-04-17,0,0.0,1618.0719069862432,60737.177014785426,,,0.410135,16954.171322380953,16954.171322380953,0.0028799999854527414,9.094947017729282e-13
oracle_value_update,dev_april,development,2025-04-17,36,6.0,9329.108333333334,60737.177014785426,,,0.410135,15565.585304476192,15565.585304476192,0.002493700012564659,9.094947017729282e-13
oracle_value_update,dev_april,development,2025-04-17,72,12.0,7553.213300625402,60737.177014785426,,,0.410135,8720.30946047619,8720.30946047619,0.001448399998480454,9.094947017729282e-13
oracle_value_update,dev_april,development,2025-04-17,108,18.0,10800.0,60737.177014785426,,,0.410135,8640.0,8640.0,0.0011909000168088824,6.821210263296962e-13
oracle_value_update,dev_april,development,2025-04-18,0,0.0,2004.8893439238118,27430.300838944757,,,0.33037999999999995,13414.40040953143,13414.40040953143,0.0031347000040113926,8.455458555545192e-13
oracle_value_update,dev_april,development,2025-04-18,36,6.0,3236.6014020084667,27430.300838944757,,,0.33037999999999995,10953.636333238097,10953.636333238097,0.0026234999822918326,8.455458555545192e-13
oracle_value_update,dev_april,development,2025-04-18,72,12.0,10800.0,27430.300838944757,,,0.33037999999999995,9315.0,9315.0,0.0015998999879229814,7.389644451905042e-13
oracle_value_update,dev_april,development,2025-04-18,108,18.0,10404.839814814815,27430.300838944757,,,0.33037999999999995,8935.140812476191,8935.140812476191,0.0018837999959941953,7.389644451905042e-13
oracle_value_update,dev_april,development,2025-04-19,0,0.0,2078.0464313301586,27394.73334512091,,,0.32482500000000003,13117.830251530473,13117.830251530473,0.00310539998463355,8.242295734817162e-13
oracle_value_update,dev_april,development,2025-04-19,36,6.0,3370.0491927058197,27394.73334512091,,,0.32482500000000003,11181.678981238094,11181.678981238094,0.0025408999936189502,8.242295734817162e-13
oracle_value_update,dev_april,development,2025-04-19,72,12.0,10800.0,27394.73334512091,,,0.32482500000000003,9627.588463333332,9627.588463333332,0.0016770000220276415,5.684341886080801e-13
oracle_value_update,dev_april,development,2025-04-19,108,18.0,10091.06176666667,27394.73334512091,,,0.32482500000000003,8926.968917809523,8926.968917809523,0.001565599988680333,5.684341886080801e-13
oracle_value_update,dev_april,development,2025-04-20,0,0.0,2105.5576629968255,59744.039655735454,,,0.40594,16491.236969714286,16491.236969714286,0.003496299992548302,9.094947017729282e-13
oracle_value_update,dev_april,development,2025-04-20,36,6.0,10017.611111111111,59744.039655735454,,,0.40594,15761.004624190475,15761.004624190475,0.0026209999923594296,9.094947017729282e-13
oracle_value_update,dev_april,development,2025-04-20,72,12.0,8416.954763307942,59744.039655735454,,,0.40594,8708.021466380951,8708.021466380951,0.001487400004407391,8.881784197001252e-13
oracle_value_update,dev_april,development,2025-04-20,108,18.0,10111.202777777778,59744.039655735454,,,0.40594,8013.06518247619,8013.06518247619,0.0012373999925330281,6.821210263296962e-13
oracle_value_update,dev_april,development,2025-04-21,0,0.0,2067.621175097356,59496.20922922398,,,0.4124275,17066.118295619046,17066.118295619046,0.003121599991573021,9.094947017729282e-13
oracle_value_update,dev_april,development,2025-04-21,36,6.0,9363.631028370371,59496.20922922398,,,0.4124275,15716.040739904758,15716.040739904758,0.002453199995215982,9.094947017729282e-13
oracle_value_update,dev_april,development,2025-04-21,72,12.0,8427.345805714289,59496.20922922398,,,0.4124275,8735.678474666667,8735.678474666667,0.001506200002040714,9.094947017729282e-13
oracle_value_update,dev_april,development,2025-04-21,108,18.0,10129.880555555555,59496.20922922398,,,0.4124275,8029.60838847619,8029.60838847619,0.0014235999842640013,4.547473508864641e-13
oracle_value_update,dev_april,development,2025-04-22,0,0.0,1565.2919708423278,59552.755992837156,,,0.4135675000000001,16883.326888761905,16883.326888761905,0.003133299993351102,9.094947017729282e-13
oracle_value_update,dev_april,development,2025-04-22,36,6.0,9351.685685185186,59552.755992837156,,,0.4135675000000001,15557.154956285714,15557.154956285714,0.0027012999926228076,7.602807272633072e-13
oracle_value_update,dev_april,development,2025-04-22,72,12.0,8036.155449629634,59552.755992837156,,,0.4135675000000001,8738.007176571427,8738.007176571427,0.0014823999954387546,7.602807272633072e-13
oracle_value_update,dev_april,development,2025-04-22,108,18.0,10800.0,59552.755992837156,,,0.4135675000000001,8640.0,8640.0,0.0013503000081982464,3.410605131648481e-13
oracle_value_update,dev_april,development,2025-04-23,0,0.0,1719.2017323608454,59903.8875355826,,,0.42367,17237.24931038095,17237.24931038095,0.0029630999779328704,9.094947017729282e-13
oracle_value_update,dev_april,development,2025-04-23,36,6.0,9334.603549841271,59903.8875355826,,,0.42367,15880.888239619046,15880.888239619046,0.003107500000623986,8.810729923425242e-13
oracle_value_update,dev_april,development,2025-04-23,72,12.0,8284.810524548146,59903.8875355826,,,0.42367,9340.000342476189,9340.000342476189,0.001631000021006912,8.810729923425242e-13
oracle_value_update,dev_april,development,2025-04-23,108,18.0,10800.0,59903.8875355826,,,0.42367,9219.666738,9219.666738,0.0014967000170145184,6.821210263296962e-13
oracle_value_update,dev_april,development,2025-04-24,0,0.0,1849.8611342042336,58877.32606257966,,,0.41474500000000003,17448.020984761904,17448.020984761904,0.002651599992532283,9.094947017729282e-13
oracle_value_update,dev_april,development,2025-04-24,36,6.0,9367.963962962964,58877.32606257966,,,0.41474500000000003,16115.967556000001,16115.967556000001,0.002550300006987527,9.094947017729282e-13
oracle_value_update,dev_april,development,2025-04-24,72,12.0,8358.514633624338,58877.32606257966,,,0.41474500000000003,9398.646494380951,9398.646494380951,0.001655700005358085,9.094947017729282e-13
oracle_value_update,dev_april,development,2025-04-24,108,18.0,10247.4702015873,58877.32606257966,,,0.41474500000000003,8817.723181428571,8817.723181428571,0.0012454999960027635,6.821210263296962e-13
oracle_value_update,dev_april,development,2025-04-25,0,0.0,1802.5995235185196,26878.77495120047,,,0.3167375,13846.887762761902,13846.887762761902,0.0027981999737676233,9.094947017729282e-13
oracle_value_update,dev_april,development,2025-04-25,36,6.0,3301.2734657883584,26878.77495120047,,,0.3167375,10766.477130666664,10766.477130666664,0.002892999997129664,9.094947017729282e-13
oracle_value_update,dev_april,development,2025-04-25,72,12.0,10800.0,26878.77495120047,,,0.3167375,9461.330558666665,9461.330558666665,0.0022221000108402222,3.979039320256561e-13
oracle_value_update,dev_april,development,2025-04-25,108,18.0,10443.538425925926,26878.77495120047,,,0.3167375,9116.655627523809,9116.655627523809,0.00197800001478754,3.979039320256561e-13
oracle_value_update,dev_april,development,2025-04-26,0,0.0,1747.1472936000064,26950.053645691798,,,0.31620750000000003,14328.209795859053,14328.209795859053,0.003274100017733872,8.526512829121202e-13
oracle_value_update,dev_april,development,2025-04-26,36,6.0,2983.340070194708,26950.053645691798,,,0.31620750000000003,11302.192642095239,11302.192642095239,0.0028218999796081334,8.526512829121202e-13
oracle_value_update,dev_april,development,2025-04-26,72,12.0,10800.0,26950.053645691798,,,0.31620750000000003,10090.775192666666,10090.775192666666,0.0014415000041481107,8.526512829121202e-13
oracle_value_update,dev_april,development,2025-04-26,108,18.0,10469.957407407408,26950.053645691798,,,0.31620750000000003,9749.992902190475,9749.992902190475,0.0015417000104207546,8.526512829121202e-13
oracle_value_update,dev_april,development,2025-04-27,0,0.0,1635.4743095259291,55687.257533488526,,,0.39941750000000004,16105.283398190473,16105.283398190473,0.002977399999508634,8.810729923425242e-13
oracle_value_update,dev_april,development,2025-04-27,36,6.0,8508.2320848709,55687.257533488526,,,0.39941750000000004,14809.650671619043,14809.650671619043,0.0020127999887336046,8.810729923425242e-13
oracle_value_update,dev_april,development,2025-04-27,72,12.0,7194.265197136511,55687.257533488526,,,0.39941750000000004,8639.999999999998,8639.999999999998,0.0018534999981056899,8.810729923425242e-13
oracle_value_update,dev_april,development,2025-04-27,108,18.0,10800.0,55687.257533488526,,,0.39941750000000004,8639.999999999998,8639.999999999998,0.001576300011947751,3.410605131648481e-13
oracle_value_update,dev_april,development,2025-04-28,0,0.0,1799.0874092677266,54971.35446517586,,,0.4106775,15828.272772145714,15828.272772145714,0.0027803000120911747,2.7284841053187847e-12
oracle_value_update,dev_april,development,2025-04-28,36,6.0,9559.956581531218,54971.35446517586,,,0.4106775,14681.962369714287,14681.962369714287,0.0020886000129394233,1.3642420526593924e-12
oracle_value_update,dev_april,development,2025-04-28,72,12.0,3936.050604626456,54971.35446517586,,,0.4106775,8640.0,6101.3705975466655,0.0018328999867662787,5.684341886080801e-13
oracle_value_update,dev_april,development,2025-04-28,108,18.0,6665.678123769315,54971.35446517586,,,0.4106775,8640.0,4919.110311392383,0.00178089999826625,5.684341886080801e-13
oracle_value_update,dev_april,development,2025-04-29,0,0.0,1538.8314947978838,57816.24867065491,,,0.398905,16891.05523771429,16891.05523771429,0.0028175000043120235,8.952838470577262e-13
oracle_value_update,dev_april,development,2025-04-29,36,6.0,9435.068944444445,57816.24867065491,,,0.398905,15601.224496285715,15601.224496285715,0.002803400013362989,8.952838470577262e-13
oracle_value_update,dev_april,development,2025-04-29,72,12.0,9691.45718351852,57816.24867065491,,,0.398905,9343.542298761904,9343.542298761904,0.0020607000042218715,8.952838470577262e-13
oracle_value_update,dev_april,development,2025-04-29,108,18.0,10800.0,57816.24867065491,,,0.398905,9315.0,9315.0,0.0016097999759949744,7.958078640513122e-13
oracle_value_update,dev_april,development,2025-04-30,0,0.0,1865.9768533989425,57004.59644624691,,,0.40154000000000006,16585.73230990476,16585.73230990476,0.002914399985456839,8.86402062860725e-13
oracle_value_update,dev_april,development,2025-04-30,36,6.0,9435.451944444445,57004.59644624691,,,0.40154000000000006,15284.376605619049,15284.376605619049,0.002107300009811297,8.86402062860725e-13
oracle_value_update,dev_april,development,2025-04-30,72,12.0,8209.909970203176,57004.59644624691,,,0.40154000000000006,9320.583170571426,9320.583170571426,0.001784599997336045,8.86402062860725e-13
oracle_value_update,dev_april,development,2025-04-30,108,18.0,10800.0,57004.59644624691,,,0.40154000000000006,9314.999999999998,9314.999999999998,0.0015082000172697008,6.821210263296962e-13
oracle_value_update,val_june,validation,2025-06-08,0,0.0,1781.3549957153423,87050.55241328749,,,0.42623749999999994,19011.35169495238,19011.35169495238,0.003079199988860637,9.094947017729282e-13
oracle_value_update,val_june,validation,2025-06-08,36,6.0,10110.948148148149,87050.55241328749,,,0.42623749999999994,18352.488930666666,18352.488930666666,0.002231099992059171,9.094947017729282e-13
oracle_value_update,val_june,validation,2025-06-08,72,12.0,10800.0,87050.55241328749,,,0.42623749999999994,10236.35169495238,10236.35169495238,0.0014575999812223017,9.094947017729282e-13
oracle_value_update,val_june,validation,2025-06-08,108,18.0,10800.0,87050.55241328749,,,0.42623749999999994,8640.0,8640.0,0.0015421999851241708,6.821210263296962e-13
oracle_value_update,val_june,validation,2025-06-09,0,0.0,2091.7393678433887,85555.22771916166,,,0.43812749999999995,19317.708874571428,19317.708874571428,0.0025391000090166926,6.821210263296962e-13
oracle_value_update,val_june,validation,2025-06-09,36,6.0,10087.099074074074,85555.22771916166,,,0.43812749999999995,18643.33126504762,18643.33126504762,0.002383200015174225,6.821210263296962e-13
oracle_value_update,val_june,validation,2025-06-09,72,12.0,10800.0,85555.22771916166,,,0.43812749999999995,10711.17239,10711.17239,0.001803699997253716,6.821210263296962e-13
oracle_value_update,val_june,validation,2025-06-09,108,18.0,10800.0,85555.22771916166,,,0.43812749999999995,9361.17239,9361.17239,0.001740600011544302,6.821210263296962e-13
oracle_value_update,val_june,validation,2025-06-10,0,0.0,2093.2340231269873,85969.38013474779,,,0.43158,18765.0,18765.0,0.003510599985020235,9.094947017729282e-13
oracle_value_update,val_june,validation,2025-06-10,36,6.0,10118.294444444444,85969.38013474779,,,0.43158,18080.86698571428,18080.86698571428,0.002901600004406646,7.958078640513122e-13
oracle_value_update,val_june,validation,2025-06-10,72,12.0,10800.0,85969.38013474779,,,0.43158,10665.0,10665.0,0.001494500000262633,7.958078640513122e-13
oracle_value_update,val_june,validation,2025-06-10,108,18.0,10800.0,85969.38013474779,,,0.43158,9315.0,9315.0,0.0012978000158909708,6.821210263296962e-13
oracle_value_update,val_june,validation,2025-06-11,0,0.0,2295.0220524063516,86539.73925704058,,,0.42860249999999994,18765.0,18765.0,0.0030969000072218478,9.094947017729282e-13
oracle_value_update,val_june,validation,2025-06-11,36,6.0,10075.911574074074,86539.73925704058,,,0.42860249999999994,18100.747045238095,18100.747045238095,0.0026768000097945333,9.094947017729282e-13
oracle_value_update,val_june,validation,2025-06-11,72,12.0,7914.61300517037,86539.73925704058,,,0.42860249999999994,11339.999999999998,11339.999999999998,0.0016559000068809837,9.094947017729282e-13
oracle_value_update,val_june,validation,2025-06-11,108,18.0,10800.0,86539.73925704058,,,0.42860249999999994,9315.0,9315.0,0.0014408999995794147,6.821210263296962e-13
oracle_value_update,val_june,validation,2025-06-12,0,0.0,2474.5712924793647,87512.3668056896,,,0.4243125,20115.0,20115.0,0.0025357000122312456,9.094947017729282e-13
oracle_value_update,val_june,validation,2025-06-12,36,6.0,10055.996544973545,87512.3668056896,,,0.4243125,19445.396890476193,19445.396890476193,0.0022154999896883965,9.094947017729282e-13
oracle_value_update,val_june,validation,2025-06-12,72,12.0,10800.0,87512.3668056896,,,0.4243125,12015.0,12015.0,0.0018506000051274896,7.958078640513122e-13
oracle_value_update,val_june,validation,2025-06-12,108,18.0,10800.0,87512.3668056896,,,0.4243125,9315.0,9315.0,0.0011123000003863126,6.821210263296962e-13
oracle_value_update,val_june,validation,2025-06-13,0,0.0,2559.511824644445,40231.50691496767,,,0.33654,12144.770419809525,12144.770419809525,0.0027216000016778708,8.526512829121202e-13
oracle_value_update,val_june,validation,2025-06-13,36,6.0,5344.897876353443,40231.50691496767,,,0.33654,10489.074857714288,10489.074857714288,0.0021254000021144748,8.526512829121202e-13
oracle_value_update,val_june,validation,2025-06-13,72,12.0,10182.122428760851,40231.50691496767,,,0.33654,8640.0,8640.0,0.002135099988663569,7.958078640513122e-13
oracle_value_update,val_june,validation,2025-06-13,108,18.0,10800.0,40231.50691496767,,,0.33654,8640.0,8640.0,0.0011223999899812043,7.958078640513122e-13
oracle_value_update,val_june,validation,2025-06-14,0,0.0,2575.636351815871,41095.836677729036,,,0.33903500000000003,15173.438807777142,15173.438807777142,0.0029931000026408583,1.5916157281026244e-12
oracle_value_update,val_june,validation,2025-06-14,36,6.0,5503.696483509,41095.836677729036,,,0.33903500000000003,12567.213600190476,12567.213600190476,0.0029375999874901026,1.5916157281026244e-12
oracle_value_update,val_june,validation,2025-06-14,72,12.0,10800.0,41095.836677729036,,,0.33903500000000003,10665.0,10665.0,0.00148460001219064,1.3642420526593924e-12
oracle_value_update,val_june,validation,2025-06-14,108,18.0,10800.0,41095.836677729036,,,0.33903500000000003,10665.0,10664.999999999998,0.0014630999939981848,1.3642420526593924e-12
oracle_value_update,val_june,validation,2025-06-15,0,0.0,2582.561823325925,88508.33442049148,,,0.4253575,18743.190531142856,18743.190531142856,0.002906399982748553,9.094947017729282e-13
oracle_value_update,val_june,validation,2025-06-15,36,6.0,10800.0,88508.33442049148,,,0.4253575,18743.190531142856,18743.190531142856,0.00224760000128299,9.094947017729282e-13
oracle_value_update,val_june,validation,2025-06-15,72,12.0,10800.0,88508.33442049148,,,0.4253575,11907.857280190477,11907.857280190477,0.0015472999948542565,1.2505552149377763e-12
oracle_value_update,val_june,validation,2025-06-15,108,18.0,10800.0,88508.33442049148,,,0.4253575,8640.0,8640.0,0.001396300009218976,6.821210263296962e-13
oracle_value_update,val_june,validation,2025-06-16,0,0.0,3358.1324558264578,87005.14329898648,,,0.43195500000000003,18764.999999999996,18764.999999999996,0.0025720999983604997,9.094947017729282e-13
oracle_value_update,val_june,validation,2025-06-16,36,6.0,10053.288361904762,87005.14329898648,,,0.43195500000000003,18092.959525714286,18092.959525714286,0.002071700000669807,9.094947017729282e-13
oracle_value_update,val_june,validation,2025-06-16,72,12.0,10500.85467253651,87005.14329898648,,,0.43195500000000003,11339.999999999996,11339.999999999996,0.002127099985955283,9.094947017729282e-13
oracle_value_update,val_june,validation,2025-06-16,108,18.0,10800.0,87005.14329898648,,,0.43195500000000003,9315.0,9315.0,0.00147720001405105,6.821210263296962e-13
oracle_value_update,val_june,validation,2025-06-17,0,0.0,3132.299075544974,86852.92052100998,,,0.4328925,20962.98505,20962.98505,0.0032731000101193786,7.389644451905042e-13
oracle_value_update,val_june,validation,2025-06-17,36,6.0,10105.70925925926,86852.92052100998,,,0.4328925,19610.88127095238,19610.88127095238,0.0025424000050406903,7.389644451905042e-13
oracle_value_update,val_june,validation,2025-06-17,72,12.0,10800.0,86852.92052100998,,,0.4328925,12192.01601533333,12192.01601533333,0.0015743999974802136,7.389644451905042e-13
oracle_value_update,val_june,validation,2025-06-17,108,18.0,10800.0,86852.92052100998,,,0.4328925,9315.0,9315.0,0.0018315000052098185,6.821210263296962e-13
oracle_value_update,val_june,validation,2025-06-18,0,0.0,2690.408028155555,87220.49943039859,,,0.4250225,19440.0,19440.0,0.002922599989688024,3.637978807091713e-12
oracle_value_update,val_june,validation,2025-06-18,36,6.0,10145.591203703703,87220.49943039859,,,0.4250225,18771.656189142854,18771.656189142854,0.0023819000052753836,3.637978807091713e-12
oracle_value_update,val_june,validation,2025-06-18,72,12.0,10800.0,87220.49943039859,,,0.4250225,11340.000000000002,11340.000000000002,0.0014691000105813146,3.296918293926865e-12
oracle_value_update,val_june,validation,2025-06-18,108,18.0,10800.0,87220.49943039859,,,0.4250225,8640.0,8640.0,0.0012814999790862203,6.821210263296962e-13
oracle_value_update,val_june,validation,2025-06-19,0,0.0,2999.764415971432,84950.68628261375,,,0.42695,18491.044624285714,18491.044624285714,0.0026239000144414604,9.094947017729282e-13
oracle_value_update,val_june,validation,2025-06-19,36,6.0,10085.644907407408,84950.68628261375,,,0.42695,17824.26399866667,17824.26399866667,0.0019407999934628606,8.526512829121202e-13
oracle_value_update,val_june,validation,2025-06-19,72,12.0,10800.0,84950.68628261375,,,0.42695,10391.044624285714,10391.044624285714,0.0018318000074941665,8.526512829121202e-13
oracle_value_update,val_june,validation,2025-06-19,108,18.0,10800.0,84950.68628261375,,,0.42695,8640.0,8640.0,0.0009446000040043145,6.821210263296962e-13
oracle_value_update,val_june,validation,2025-06-20,0,0.0,2761.624262774605,37225.783811792106,,,0.33432500000000004,13691.018301639997,13691.018301639997,0.0028845000197179615,9.094947017729282e-13
oracle_value_update,val_june,validation,2025-06-20,36,6.0,4138.600072631747,37225.783811792106,,,0.33432500000000004,10297.614936571426,10297.614936571426,0.0031208000145852566,9.094947017729282e-13
oracle_value_update,val_june,validation,2025-06-20,72,12.0,10800.0,37225.783811792106,,,0.33432500000000004,8639.999999999996,8639.999999999996,0.0014082000125199556,9.094947017729282e-13
oracle_value_update,val_june,validation,2025-06-20,108,18.0,10510.916303068787,37225.783811792106,,,0.33432500000000004,8317.696656095239,8317.696656095239,0.0012759999954141676,9.094947017729282e-13
oracle_value_update,val_june,validation,2025-06-21,0,0.0,2963.349655696302,35851.21194285629,,,0.34585499999999997,13754.711142317148,13754.711142317148,0.002679199998965487,8.952838470577262e-13
oracle_value_update,val_june,validation,2025-06-21,36,6.0,3515.5749223185217,35851.21194285629,,,0.34585499999999997,10855.850663047619,10855.850663047619,0.0023336999875027686,8.952838470577262e-13
oracle_value_update,val_june,validation,2025-06-21,72,12.0,10800.0,35851.21194285629,,,0.34585499999999997,9376.8364,9376.8364,0.0020271999819669873,6.821210263296962e-13
oracle_value_update,val_june,validation,2025-06-21,108,18.0,10800.0,35851.21194285629,,,0.34585499999999997,9376.8364,9376.8364,0.001543300022603944,6.821210263296962e-13
oracle_value_update,val_august,validation,2025-08-18,0,0.0,2178.160729337569,72595.17017570371,,,0.4761900000000001,16798.616163809522,16798.616163809522,0.0038262000016402453,9.947598300641403e-13
oracle_value_update,val_august,validation,2025-08-18,36,6.0,9037.055957579892,72595.17017570371,,,0.4761900000000001,15405.51714571428,15405.51714571428,0.002737000002525747,8.668621376273222e-13
oracle_value_update,val_august,validation,2025-08-18,72,12.0,8466.964852696296,72595.17017570371,,,0.4761900000000001,8704.612154285714,8704.612154285714,0.00198090000776574,1.1368683772161603e-12
oracle_value_update,val_august,validation,2025-08-18,108,18.0,10800.0,72595.17017570371,,,0.4761900000000001,8640.0,8640.0,0.0013675999944098294,6.821210263296962e-13
oracle_value_update,val_august,validation,2025-08-19,0,0.0,2168.930028625398,72403.7045432285,,,0.471485,16766.541819823808,16766.541819823808,0.0029704000044148415,1.3073986337985843e-12
oracle_value_update,val_august,validation,2025-08-19,36,6.0,9337.510612252912,72403.7045432285,,,0.471485,15509.48656247619,15509.48656247619,0.0023329000105150044,8.526512829121202e-13
oracle_value_update,val_august,validation,2025-08-19,72,12.0,9102.1229354254,72403.7045432285,,,0.471485,8764.804947809524,8764.804947809524,0.002003399975365028,8.526512829121202e-13
oracle_value_update,val_august,validation,2025-08-19,108,18.0,10800.0,72403.7045432285,,,0.471485,8640.0,8640.0,0.001628900005016476,6.821210263296962e-13
oracle_value_update,val_august,validation,2025-08-20,0,0.0,1852.4128791502656,72917.38526192357,,,0.47132749999999995,16558.155371619046,16558.155371619046,0.0032971999899018556,9.094947017729282e-13
oracle_value_update,val_august,validation,2025-08-20,36,6.0,9761.30811957672,72917.38526192357,,,0.47132749999999995,15618.057014285714,15618.057014285714,0.003346700017573312,8.810729923425242e-13
oracle_value_update,val_august,validation,2025-08-20,72,12.0,5324.035698975665,72917.38526192357,,,0.47132749999999995,8786.595228476192,7730.878411671431,0.001757299993187189,9.094947017729282e-13
oracle_value_update,val_august,validation,2025-08-20,108,18.0,10179.027916574612,72917.38526192357,,,0.47132749999999995,8640.0,8081.125124917151,0.0014669999945908785,6.821210263296962e-13
oracle_value_update,val_august,validation,2025-08-21,0,0.0,1729.7439185724877,74058.77664227277,,,0.4638175,16905.979813619044,16905.979813619044,0.002621399995405227,9.094947017729282e-13
oracle_value_update,val_august,validation,2025-08-21,36,6.0,10033.994907407407,74058.77664227277,,,0.4638175,16129.165303523807,16129.165303523807,0.0020272999827284366,8.08242361927114e-13
oracle_value_update,val_august,validation,2025-08-21,72,12.0,10592.842311859258,74058.77664227277,,,0.4638175,8791.764415809525,8791.764415809525,0.0018139000167138875,8.08242361927114e-13
oracle_value_update,val_august,validation,2025-08-21,108,18.0,10800.0,74058.77664227277,,,0.4638175,8640.0,8640.0,0.0009284999978262931,6.821210263296962e-13
oracle_value_update,val_august,validation,2025-08-22,0,0.0,1953.1484296931214,40355.547845563786,,,0.38641999999999993,12034.404098190473,12034.404098190473,0.0031300999980885535,7.673861546209082e-13
oracle_value_update,val_august,validation,2025-08-22,36,6.0,3452.8537229915346,40355.547845563786,,,0.38641999999999993,10504.432053619046,10504.432053619046,0.0024098000139929354,7.673861546209082e-13
oracle_value_update,val_august,validation,2025-08-22,72,12.0,10800.0,40355.547845563786,,,0.38641999999999993,8639.999999999998,8639.999999999998,0.0021930999937467277,6.821210263296962e-13
oracle_value_update,val_august,validation,2025-08-22,108,18.0,10800.0,40355.547845563786,,,0.38641999999999993,8639.999999999998,8639.999999999998,0.0015514999977312982,6.821210263296962e-13
oracle_value_update,val_august,validation,2025-08-23,0,0.0,1604.7352693798935,41126.20506707838,,,0.36786,12483.698742441904,12483.698742441904,0.0026735000137705356,1.0231815394945443e-12
oracle_value_update,val_august,validation,2025-08-23,36,6.0,3654.819722500531,41126.20506707838,,,0.36786,11157.025442095237,11157.025442095237,0.002958500001113862,1.0231815394945443e-12
oracle_value_update,val_august,validation,2025-08-23,72,12.0,10800.0,41126.20506707838,,,0.36786,9419.437,9419.437,0.002386000007390976,1.0231815394945443e-12
oracle_value_update,val_august,validation,2025-08-23,108,18.0,10800.0,41126.20506707838,,,0.36786,9419.437,9419.437,0.0022828999790363014,1.0231815394945443e-12
oracle_value_update,val_august,validation,2025-08-24,0,0.0,1925.911408839153,76181.0501773498,,,0.46255499999999994,17160.464761428564,17160.464761428564,0.0030752000166103244,7.958078640513122e-13
oracle_value_update,val_august,validation,2025-08-24,36,6.0,10001.112037037037,76181.0501773498,,,0.46255499999999994,16410.601044952375,16410.601044952375,0.00319290001061745,7.958078640513122e-13
oracle_value_update,val_august,validation,2025-08-24,72,12.0,9941.894893968256,76181.0501773498,,,0.46255499999999994,9101.453138095236,9101.453138095236,0.0023156999959610403,7.105427357601002e-13
oracle_value_update,val_august,validation,2025-08-24,108,18.0,10800.0,76181.0501773498,,,0.46255499999999994,8640.0,8640.0,0.0016157000209204853,6.821210263296962e-13
oracle_value_update,val_august,validation,2025-08-25,0,0.0,2196.4236855798945,76044.65185603291,,,0.46077750000000006,17268.084288857142,17268.084288857142,0.002551599987782538,9.094947017729282e-13
oracle_value_update,val_august,validation,2025-08-25,36,6.0,9974.8125,76044.65185603291,,,0.46077750000000006,16507.92017952381,16507.92017952381,0.002392499998677522,8.526512829121202e-13
oracle_value_update,val_august,validation,2025-08-25,72,12.0,8312.15071657249,76044.65185603291,,,0.46077750000000006,9200.984776190475,9200.984776190475,0.002495900000212714,8.526512829121202e-13
oracle_value_update,val_august,validation,2025-08-25,108,18.0,10800.0,76044.65185603291,,,0.46077750000000006,8640.0,8640.0,0.0014649000077042729,6.821210263296962e-13
oracle_value_update,val_august,validation,2025-08-26,0,0.0,2019.1870635026446,77463.8333301352,,,0.45095500000000005,17469.379217619044,17469.379217619044,0.003258200013078749,1.1937117960769683e-12
oracle_value_update,val_august,validation,2025-08-26,36,6.0,10011.102777777778,77463.8333301352,,,0.45095500000000005,16717.34446542857,16717.34446542857,0.0025200000090990216,9.094947017729282e-13
oracle_value_update,val_august,validation,2025-08-26,72,12.0,9166.860680740741,77463.8333301352,,,0.45095500000000005,9357.573192857142,9357.573192857142,0.001604399993084371,9.094947017729282e-13
oracle_value_update,val_august,validation,2025-08-26,108,18.0,10800.0,77463.8333301352,,,0.45095500000000005,8640.0,8640.0,0.0018545000057201833,6.821210263296962e-13
oracle_value_update,val_august,validation,2025-08-27,0,0.0,2289.724857334394,77091.64954636683,,,0.4529274999999999,18088.056294666665,18088.056294666665,0.0033743999956641346,7.673861546209082e-13
oracle_value_update,val_august,validation,2025-08-27,36,6.0,9972.529646031746,77091.64954636683,,,0.4529274999999999,16668.33297609524,16668.33297609524,0.004062899999553338,7.673861546209082e-13
oracle_value_update,val_august,validation,2025-08-27,72,12.0,7936.8172657089945,77091.64954636683,,,0.4529274999999999,9394.267920952381,9394.267920952381,0.0021197000169195235,7.673861546209082e-13
oracle_value_update,val_august,validation,2025-08-27,108,18.0,10800.0,77091.64954636683,,,0.4529274999999999,8640.0,8640.0,0.0010716000106185675,6.821210263296962e-13
oracle_value_update,val_august,validation,2025-08-28,0,0.0,1885.1668969915356,76348.94166178645,,,0.45777000000000007,17086.295606478096,17086.295606478096,0.0024653000000398606,1.0800249583553523e-12
oracle_value_update,val_august,validation,2025-08-28,36,6.0,9937.149021481482,76348.94166178645,,,0.45777000000000007,16309.729725811429,16309.729725811429,0.002165499987313524,8.242295734817162e-13
oracle_value_update,val_august,validation,2025-08-28,72,12.0,5384.412632259261,76348.94166178645,,,0.45777000000000007,9342.116838952381,7914.072384414286,0.0022840999881736934,9.094947017729282e-13
oracle_value_update,val_august,validation,2025-08-28,108,18.0,10800.0,76348.94166178645,,,0.45777000000000007,8640.0,8640.0,0.0011888000008184463,6.821210263296962e-13
oracle_value_update,val_august,validation,2025-08-29,0,0.0,1928.8909241407405,41492.65896784127,,,0.37262249999999997,12511.925573809523,12511.925573809523,0.003350899991346523,9.094947017729282e-13
oracle_value_update,val_august,validation,2025-08-29,36,6.0,4332.758004685717,41492.65896784127,,,0.37262249999999997,10544.119233333335,10544.119233333335,0.0022099000052548945,9.094947017729282e-13
oracle_value_update,val_august,validation,2025-08-29,72,12.0,10800.0,41492.65896784127,,,0.37262249999999997,8640.0,8640.0,0.0012891000078525394,6.821210263296962e-13
oracle_value_update,val_august,validation,2025-08-29,108,18.0,10800.0,41492.65896784127,,,0.37262249999999997,8640.0,8640.0,0.0014680000022053719,6.821210263296962e-13
oracle_value_update,val_august,validation,2025-08-30,0,0.0,1784.4022373777775,42164.22229411309,,,0.37688249999999995,14436.535855640002,14436.535855640002,0.0031319000117946416,8.810729923425242e-13
oracle_value_update,val_august,validation,2025-08-30,36,6.0,3985.19440221164,42164.22229411309,,,0.37688249999999995,13262.525136285716,13262.525136285716,0.0036069999914616346,8.810729923425242e-13
oracle_value_update,val_august,validation,2025-08-30,72,12.0,10800.0,42164.22229411309,,,0.37688249999999995,11210.573842000002,11210.573842000002,0.0020699999877251685,3.410605131648481e-13
oracle_value_update,val_august,validation,2025-08-30,108,18.0,10800.0,42164.22229411309,,,0.37688249999999995,11210.573842000003,11210.573842000003,0.0013046999811194837,3.410605131648481e-13
oracle_value_update,val_august,validation,2025-08-31,0,0.0,1487.3890171174626,78511.0471859659,,,0.44565000000000005,17965.536956666663,17965.536956666663,0.002605300018331036,8.415490526658687e-13
oracle_value_update,val_august,validation,2025-08-31,36,6.0,9940.621246243387,78511.0471859659,,,0.44565000000000005,17192.096078285715,17192.096078285715,0.002795899985358119,8.415490526658687e-13
oracle_value_update,val_august,validation,2025-08-31,72,12.0,8814.645128907941,78511.0471859659,,,0.44565000000000005,9325.536956666665,9325.536956666665,0.001820000004954636,8.415490526658687e-13
oracle_value_update,val_august,validation,2025-08-31,108,18.0,10800.0,78511.0471859659,,,0.44565000000000005,8640.0,8640.0,0.0014223000034689903,6.821210263296962e-13
oracle_value_update,eval_september,evaluation,2025-09-10,0,0.0,4786.2408636984155,68174.1411069195,,,0.4175075,18833.636076280956,18833.636076280956,0.0028021999751217663,9.094947017729282e-13
oracle_value_update,eval_september,evaluation,2025-09-10,36,6.0,9157.693434391535,68174.1411069195,,,0.4175075,16692.94338990476,16692.94338990476,0.003045399993425235,9.094947017729282e-13
oracle_value_update,eval_september,evaluation,2025-09-10,72,12.0,5886.908772857143,68174.1411069195,,,0.4175075,9551.462964952381,9336.187893198097,0.0017321000050287694,9.094947017729282e-13
oracle_value_update,eval_september,evaluation,2025-09-10,108,18.0,9989.017857142857,68174.1411069195,,,0.4175075,8481.666666666666,8481.666666666666,0.001429900003131479,6.821210263296962e-13
oracle_value_update,eval_september,evaluation,2025-09-11,0,0.0,5219.073491063494,68758.85592853262,,,0.41308999999999996,18194.384674285713,18194.384674285713,0.003143700014334172,8.952838470577262e-13
oracle_value_update,eval_september,evaluation,2025-09-11,36,6.0,9977.1625,68758.85592853262,,,0.41308999999999996,17402.922888571426,17402.922888571426,0.002762299991445616,8.952838470577262e-13
oracle_value_update,eval_september,evaluation,2025-09-11,72,12.0,8744.73435808466,68758.85592853262,,,0.41308999999999996,9554.384674285713,9554.384674285713,0.0021278999920468777,8.952838470577262e-13
oracle_value_update,eval_september,evaluation,2025-09-11,108,18.0,10800.0,68758.85592853262,,,0.41308999999999996,9315.0,9315.0,0.001143200002843514,6.821210263296962e-13
oracle_value_update,eval_september,evaluation,2025-09-12,0,0.0,5148.901516656086,35781.99286610934,,,0.31982499999999997,16443.611102761904,16443.611102761904,0.0033509000204503536,1.3642420526593924e-12
oracle_value_update,eval_september,evaluation,2025-09-12,36,6.0,5826.31954537566,35781.99286610934,,,0.31982499999999997,11972.471216095239,11972.471216095239,0.002677099982975051,1.3642420526593924e-12
oracle_value_update,eval_september,evaluation,2025-09-12,72,12.0,10800.0,35781.99286610934,,,0.31982499999999997,9763.107796666667,9763.107796666667,0.0018555000133346766,1.3642420526593924e-12
oracle_value_update,eval_september,evaluation,2025-09-12,108,18.0,10202.388425925927,35781.99286610934,,,0.31982499999999997,9161.45845142857,9161.45845142857,0.0016768999921623617,5.684341886080801e-13
oracle_value_update,eval_september,evaluation,2025-09-13,0,0.0,5064.217895449734,35970.69987133333,,,0.32373,15492.79610590476,15492.79610590476,0.0038292999961413443,8.739675649849232e-13
oracle_value_update,eval_september,evaluation,2025-09-13,36,6.0,6125.79945130688,35970.69987133333,,,0.32373,12188.92147580952,12188.92147580952,0.0028156999906059355,8.739675649849232e-13
oracle_value_update,eval_september,evaluation,2025-09-13,72,12.0,10800.0,35970.69987133333,,,0.32373,9990.0,9990.0,0.0014759000041522086,7.958078640513122e-13
oracle_value_update,eval_september,evaluation,2025-09-13,108,18.0,10223.11574074074,35970.69987133333,,,0.32373,9396.0105,9396.0105,0.0018501000013202429,7.958078640513122e-13
oracle_value_update,eval_september,evaluation,2025-09-14,0,0.0,5269.509571904761,68250.91727352026,,,0.41335249999999996,17559.38502142857,17559.38502142857,0.002887299982830882,1.0231815394945443e-12
oracle_value_update,eval_september,evaluation,2025-09-14,36,6.0,9957.916203703704,68250.91727352026,,,0.41335249999999996,16769.26422380952,16769.26422380952,0.0025013999838847667,8.526512829121202e-13
oracle_value_update,eval_september,evaluation,2025-09-14,72,12.0,6669.420399388363,68250.91727352026,,,0.41335249999999996,8919.38502142857,8919.38502142857,0.0016429000243078917,8.526512829121202e-13
oracle_value_update,eval_september,evaluation,2025-09-14,108,18.0,9967.47978835979,68250.91727352026,,,0.41335249999999996,7806.666666666666,7806.666666666666,0.001567100000102073,6.821210263296962e-13
oracle_value_update,eval_september,evaluation,2025-09-15,0,0.0,4983.513647793654,67041.5571621552,,,0.42119749999999995,18183.00514285714,18183.00514285714,0.0030427000019699335,9.947598300641403e-13
oracle_value_update,eval_september,evaluation,2025-09-15,36,6.0,9917.838677248677,67041.5571621552,,,0.42119749999999995,17389.059952380947,17389.059952380947,0.0026757000014185905,7.105427357601002e-13
oracle_value_update,eval_september,evaluation,2025-09-15,72,12.0,9205.144497301586,67041.5571621552,,,0.42119749999999995,9543.00514285714,9543.00514285714,0.001971600024262443,6.821210263296962e-13
oracle_value_update,eval_september,evaluation,2025-09-15,108,18.0,9889.868055555555,67041.5571621552,,,0.42119749999999995,8486.295095238094,8486.295095238094,0.0010525000107008964,6.821210263296962e-13
oracle_value_update,eval_september,evaluation,2025-09-16,0,0.0,4201.535500301585,67550.05937370488,,,0.41295000000000004,18832.917015238094,18832.917015238094,0.002642999985255301,2.2168933355715126e-12
oracle_value_update,eval_september,evaluation,2025-09-16,36,6.0,9945.393055555556,67550.05937370488,,,0.41295000000000004,16699.389986190476,16699.389986190476,0.00222090000170283,7.673861546209082e-13
oracle_value_update,eval_september,evaluation,2025-09-16,72,12.0,7155.247115777782,67550.05937370488,,,0.41295000000000004,8845.06808142857,8845.06808142857,0.0019025999936275184,7.673861546209082e-13
oracle_value_update,eval_september,evaluation,2025-09-16,108,18.0,9939.076507936508,67550.05937370488,,,0.41295000000000004,7806.666666666666,7806.666666666666,0.0009398000256624073,6.821210263296962e-13
oracle_value_update,eval_september,evaluation,2025-09-17,0,0.0,3970.2962505079367,68450.19347148265,,,0.41602000000000006,18168.97159238095,18168.97159238095,0.002509300014935434,9.094947017729282e-13
oracle_value_update,eval_september,evaluation,2025-09-17,36,6.0,9894.684841269842,68450.19347148265,,,0.41602000000000006,16689.24261619048,16689.24261619048,0.002393199974903837,9.094947017729282e-13
oracle_value_update,eval_september,evaluation,2025-09-17,72,12.0,5278.855233888888,68450.19347148265,,,0.41602000000000006,8864.026259047618,8378.525449579047,0.0027424000145401806,9.094947017729282e-13
oracle_value_update,eval_september,evaluation,2025-09-17,108,18.0,10800.0,68450.19347148265,,,0.41602000000000006,8640.0,8640.0,0.0011607000196818262,6.821210263296962e-13
oracle_value_update,eval_september,evaluation,2025-09-18,0,0.0,3967.777792878308,68579.38096558965,,,0.40715500000000004,18127.297628095235,18127.297628095235,0.002548499993281439,9.094947017729282e-13
oracle_value_update,eval_september,evaluation,2025-09-18,36,6.0,9911.150462962964,68579.38096558965,,,0.40715500000000004,17326.946544761904,17326.946544761904,0.002138400013791397,9.094947017729282e-13
oracle_value_update,eval_september,evaluation,2025-09-18,72,12.0,7247.54834604021,68579.38096558965,,,0.40715500000000004,9487.297628095237,9487.297628095237,0.002164200006518513,9.094947017729282e-13
oracle_value_update,eval_september,evaluation,2025-09-18,108,18.0,9993.601917989417,68579.38096558965,,,0.40715500000000004,8481.666666666666,8481.666666666666,0.0010628000018186867,6.821210263296962e-13
oracle_value_update,eval_september,evaluation,2025-09-19,0,0.0,3945.7672890634926,35516.2836475191,,,0.32488999999999996,14352.335269047619,14352.335269047619,0.0033589999948162585,9.094947017729282e-13
oracle_value_update,eval_september,evaluation,2025-09-19,36,6.0,5616.318105269842,35516.2836475191,,,0.32488999999999996,12456.839918571428,12456.839918571428,0.002274900005431846,9.094947017729282e-13
oracle_value_update,eval_september,evaluation,2025-09-19,72,12.0,10800.0,35516.2836475191,,,0.32488999999999996,9837.177,9837.177,0.0017112999921664596,9.094947017729282e-13
oracle_value_update,eval_september,evaluation,2025-09-19,108,18.0,10232.774074074074,35516.2836475191,,,0.32488999999999996,9239.668916666666,9239.668916666666,0.0012503000034485012,9.094947017729282e-13
oracle_value_update,eval_september,evaluation,2025-09-20,0,0.0,4485.785683402115,35325.35932680188,,,0.31255250000000007,15317.20280657143,15317.20280657143,0.003335499990498647,1.0231815394945443e-12
oracle_value_update,eval_september,evaluation,2025-09-20,36,6.0,5695.785127206351,35325.35932680188,,,0.31255250000000007,11872.619082285713,11872.619082285713,0.002612400014186278,8.526512829121202e-13
oracle_value_update,eval_september,evaluation,2025-09-20,72,12.0,10800.0,35325.35932680188,,,0.31255250000000007,9317.311666666666,9317.311666666666,0.001989700016565621,4.547473508864641e-13
oracle_value_update,eval_september,evaluation,2025-09-20,108,18.0,10182.046296296296,35325.35932680188,,,0.31255250000000007,8723.313976190475,8723.313976190475,0.002036599995335564,4.547473508864641e-13
oracle_value_update,eval_september,evaluation,2025-09-21,0,0.0,4565.187970851853,71198.79975333568,,,0.415615,18927.306228571426,18927.306228571426,0.004282199981389567,7.815970093361102e-13
oracle_value_update,eval_september,evaluation,2025-09-21,36,6.0,9915.97962962963,71198.79975333568,,,0.415615,18124.533454761906,18124.533454761906,0.003542799997376278,7.815970093361102e-13
oracle_value_update,eval_september,evaluation,2025-09-21,72,12.0,10385.899070972484,71198.79975333568,,,0.415615,9612.306228571428,9612.306228571428,0.002733400004217401,6.821210263296962e-13
oracle_value_update,eval_september,evaluation,2025-09-21,108,18.0,10800.0,71198.79975333568,,,0.415615,9315.0,9315.0,0.0018550999811850488,6.821210263296962e-13
oracle_value_update,eval_september,evaluation,2025-09-22,0,0.0,4088.1891826243364,68546.57402203526,,,0.41670499999999994,17456.431704761904,17456.431704761904,0.003339199989568442,9.094947017729282e-13
oracle_value_update,eval_september,evaluation,2025-09-22,36,6.0,9933.927777777779,68546.57402203526,,,0.41670499999999994,16635.03894285714,16635.03894285714,0.0028541999927256256,8.881784197001252e-13
oracle_value_update,eval_september,evaluation,2025-09-22,72,12.0,8809.535260397884,68546.57402203526,,,0.41670499999999994,8816.431704761902,8816.431704761902,0.0021533999824896455,8.881784197001252e-13
oracle_value_update,eval_september,evaluation,2025-09-22,108,18.0,9931.422222222222,68546.57402203526,,,0.41670499999999994,7809.93982142857,7809.93982142857,0.0019268999749328941,2.2737367544323206e-13
oracle_value_update,eval_september,evaluation,2025-09-23,0,0.0,3231.7101723968276,70395.30141371075,,,0.40836999999999996,17456.522458571428,17456.522458571428,0.003901499992934987,9.094947017729282e-13
oracle_value_update,eval_september,evaluation,2025-09-23,36,6.0,9921.52962962963,70395.30141371075,,,0.40836999999999996,16659.83451809524,16659.83451809524,0.0029612999933306128,9.094947017729282e-13
oracle_value_update,eval_september,evaluation,2025-09-23,72,12.0,7110.279602384129,70395.30141371075,,,0.40836999999999996,8816.522458571428,8816.522458571428,0.0015896999975666404,9.094947017729282e-13
oracle_value_update,eval_september,evaluation,2025-09-23,108,18.0,10800.0,70395.30141371075,,,0.40836999999999996,8639.999999999998,8639.999999999998,0.00136160000693053,6.821210263296962e-13
oracle_value_update,eval_december,evaluation,2025-12-08,0,0.0,1451.3861965089911,97124.5055121987,,,0.452485,20913.156719333332,20913.156719333332,0.002880799991544336,1.0231815394945443e-12
oracle_value_update,eval_december,evaluation,2025-12-08,36,6.0,10800.0,97124.5055121987,,,0.452485,20913.156719333332,20913.156719333332,0.002656399999978021,9.094947017729282e-13
oracle_value_update,eval_december,evaluation,2025-12-08,72,12.0,8087.295510116399,97124.5055121987,,,0.452485,12273.156719333332,12273.156719333332,0.00318100000731647,8.526512829121202e-13
oracle_value_update,eval_december,evaluation,2025-12-08,108,18.0,10800.0,97124.5055121987,,,0.452485,9315.0,9315.0,0.002036299993051216,6.821210263296962e-13
oracle_value_update,eval_december,evaluation,2025-12-09,0,0.0,1810.8315075185192,97253.45026978012,,,0.438875,21619.588616285713,21619.588616285713,0.0032662000157870352,1.0231815394945443e-12
oracle_value_update,eval_december,evaluation,2025-12-09,36,6.0,10800.0,97253.45026978012,,,0.438875,21619.588616285717,21619.588616285717,0.0021436000242829323,9.094947017729282e-13
oracle_value_update,eval_december,evaluation,2025-12-09,72,12.0,7736.200830995764,97253.45026978012,,,0.438875,12979.588616285713,12979.588616285713,0.001863600016804412,6.821210263296962e-13
oracle_value_update,eval_december,evaluation,2025-12-09,108,18.0,10800.0,97253.45026978012,,,0.438875,9869.494645333334,9869.494645333334,0.001742499996908009,6.821210263296962e-13
oracle_value_update,eval_december,evaluation,2025-12-10,0,0.0,1710.4197739428582,96954.24916245384,,,0.4434025,20056.011099333336,20056.011099333336,0.003510899987304583,7.389644451905042e-13
oracle_value_update,eval_december,evaluation,2025-12-10,36,6.0,10800.0,96954.24916245384,,,0.4434025,20056.011099333336,20056.011099333336,0.002896199992392212,7.389644451905042e-13
oracle_value_update,eval_december,evaluation,2025-12-10,72,12.0,7992.006625669836,96954.24916245384,,,0.4434025,11508.79675009524,11508.79675009524,0.002085499989334494,7.389644451905042e-13
oracle_value_update,eval_december,evaluation,2025-12-10,108,18.0,10800.0,96954.24916245384,,,0.4434025,9256.011099333335,9256.011099333335,0.0014607000048272312,6.821210263296962e-13
oracle_value_update,eval_december,evaluation,2025-12-11,0,0.0,1660.995663259259,97564.32848480305,,,0.4333775,20669.46526723809,20669.46526723809,0.0029224000172689557,6.821210263296962e-13
oracle_value_update,eval_december,evaluation,2025-12-11,36,6.0,10800.0,97564.32848480305,,,0.4333775,20669.46526723809,20669.46526723809,0.003375400003278628,1.1937117960769683e-12
oracle_value_update,eval_december,evaluation,2025-12-11,72,12.0,7692.318007807409,97564.32848480305,,,0.4333775,12029.465267238093,12029.465267238093,0.002356700017116964,6.821210263296962e-13
oracle_value_update,eval_december,evaluation,2025-12-11,108,18.0,10800.0,97564.32848480305,,,0.4333775,9210.779621999998,9210.779621999998,0.0011501999979373068,6.821210263296962e-13
oracle_value_update,eval_december,evaluation,2025-12-12,0,0.0,1849.5066304476227,51104.969884739556,,,0.3461725,18161.36041533333,18161.36041533333,0.003465200017672032,7.958078640513122e-13
oracle_value_update,eval_december,evaluation,2025-12-12,36,6.0,10205.366666666667,51104.969884739556,,,0.3461725,17588.449977047618,17588.449977047618,0.0028904000064358115,6.821210263296962e-13
oracle_value_update,eval_december,evaluation,2025-12-12,72,12.0,7894.51907375238,51104.969884739556,,,0.3461725,9521.360415333329,9521.360415333329,0.0018958000000566244,9.094947017729282e-13
oracle_value_update,eval_december,evaluation,2025-12-12,108,18.0,10299.672510793656,51104.969884739556,,,0.3461725,8769.920580857142,8769.920580857142,0.0014356999890878797,6.821210263296962e-13
oracle_value_update,eval_december,evaluation,2025-12-13,0,0.0,1883.697779529107,52005.25477708406,,,0.36142250000000004,18069.64944342857,18069.64944342857,0.0031996000034268945,7.958078640513122e-13
oracle_value_update,eval_december,evaluation,2025-12-13,36,6.0,10164.778401904761,52005.25477708406,,,0.36142250000000004,17497.950005142855,17497.950005142855,0.0027423000137787312,7.958078640513122e-13
oracle_value_update,eval_december,evaluation,2025-12-13,72,12.0,7863.13810202857,52005.25477708406,,,0.36142250000000004,9429.64944342857,9429.64944342857,0.0017316000012215227,7.958078640513122e-13
oracle_value_update,eval_december,evaluation,2025-12-13,108,18.0,10260.798365714287,52005.25477708406,,,0.36142250000000004,8689.38751104762,8689.38751104762,0.0015005999885033816,7.958078640513122e-13
oracle_value_update,eval_december,evaluation,2025-12-14,0,0.0,2074.22602181799,98217.6557190335,,,0.44065000000000004,21442.63132247619,21442.63132247619,0.0030974000110290945,6.821210263296962e-13
oracle_value_update,eval_december,evaluation,2025-12-14,36,6.0,10800.0,98217.6557190335,,,0.44065000000000004,20767.63132247619,20767.63132247619,0.0021769000159110874,6.821210263296962e-13
oracle_value_update,eval_december,evaluation,2025-12-14,72,12.0,7248.435235645503,98217.6557190335,,,0.44065000000000004,11452.63132247619,11452.63132247619,0.0017459999944549054,6.252776074688882e-13
oracle_value_update,eval_december,evaluation,2025-12-14,108,18.0,10800.0,98217.6557190335,,,0.44065000000000004,8640.0,8640.0,0.0012949999945703894,5.684341886080801e-13
oracle_value_update,eval_december,evaluation,2025-12-15,0,0.0,1739.627803660316,100153.26345618107,,,0.43716000000000005,21309.425694380952,21309.425694380952,0.002280400018207729,9.094947017729282e-13
oracle_value_update,eval_december,evaluation,2025-12-15,36,6.0,10800.0,100153.26345618107,,,0.43716000000000005,21309.425694380952,21309.425694380952,0.0021634000004269183,9.094947017729282e-13
oracle_value_update,eval_december,evaluation,2025-12-15,72,12.0,7443.190451695235,100153.26345618107,,,0.43716000000000005,12669.425694380952,12669.425694380952,0.0021587999945040792,1.0231815394945443e-12
oracle_value_update,eval_december,evaluation,2025-12-15,108,18.0,10800.0,100153.26345618107,,,0.43716000000000005,9838.253846666667,9838.253846666667,0.0011832000163849443,9.094947017729282e-13
oracle_value_update,eval_december,evaluation,2025-12-16,0,0.0,1917.0565646962991,99924.5425982904,,,0.4383850000000001,21202.472222190478,21202.472222190478,0.002697399992030114,2.2168933355715126e-12
oracle_value_update,eval_december,evaluation,2025-12-16,36,6.0,10800.0,99924.5425982904,,,0.4383850000000001,21202.472222190478,21202.472222190478,0.0025587000127416104,1.3073986337985843e-12
oracle_value_update,eval_december,evaluation,2025-12-16,72,12.0,7355.089732031746,99924.5425982904,,,0.4383850000000001,11887.472222190478,11887.472222190478,0.0021828000026289374,9.094947017729282e-13
oracle_value_update,eval_december,evaluation,2025-12-16,108,18.0,10800.0,99924.5425982904,,,0.4383850000000001,8640.0,8640.0,0.0010996000200975686,9.094947017729282e-13
oracle_value_update,eval_december,evaluation,2025-12-17,0,0.0,1830.002305755558,99460.17511320516,,,0.44787,20714.987864761904,20714.987864761904,0.0025408999936189502,9.094947017729282e-13
oracle_value_update,eval_december,evaluation,2025-12-17,36,6.0,10800.0,99460.17511320516,,,0.44787,20714.987864761904,20714.987864761904,0.00293059999239631,8.526512829121202e-13
oracle_value_update,eval_december,evaluation,2025-12-17,72,12.0,8206.977845314286,99460.17511320516,,,0.44787,12074.987864761904,12074.987864761904,0.0019586999842431396,8.526512829121202e-13
oracle_value_update,eval_december,evaluation,2025-12-17,108,18.0,10800.0,99460.17511320516,,,0.44787,9315.0,9315.0,0.001197999983560294,7.958078640513122e-13
oracle_value_update,eval_december,evaluation,2025-12-18,0,0.0,1836.361916377777,98787.9386778248,,,0.44703,19926.894013809524,19926.894013809524,0.0027898999978788197,3.637978807091713e-12
oracle_value_update,eval_december,evaluation,2025-12-18,36,6.0,10800.0,98787.9386778248,,,0.44703,19926.894013809528,19926.894013809528,0.0027279000205453485,3.637978807091713e-12
oracle_value_update,eval_december,evaluation,2025-12-18,72,12.0,7358.055518450794,98787.9386778248,,,0.44703,11286.894013809522,11286.894013809522,0.0021380999824032187,3.637978807091713e-12
oracle_value_update,eval_december,evaluation,2025-12-18,108,18.0,10800.0,98787.9386778248,,,0.44703,8640.000000000002,8640.000000000002,0.0010670000046957284,3.637978807091713e-12
oracle_value_update,eval_december,evaluation,2025-12-19,0,0.0,1865.7872980433888,52636.79175499824,,,0.354565,19165.713525333333,19165.713525333333,0.002920700004324317,9.094947017729282e-13
oracle_value_update,eval_december,evaluation,2025-12-19,36,6.0,10179.648148148148,52636.79175499824,,,0.354565,17497.93430333333,17497.93430333333,0.0026311999827157706,8.337219803422613e-13
oracle_value_update,eval_december,evaluation,2025-12-19,72,12.0,8892.42496913439,52636.79175499824,,,0.354565,9441.332776666666,9441.332776666666,0.0024200000043492764,8.337219803422613e-13
oracle_value_update,eval_december,evaluation,2025-12-19,108,18.0,10211.798525079364,52636.79175499824,,,0.354565,8744.617588666666,8744.617588666666,0.001215199998114258,4.547473508864641e-13
oracle_value_update,eval_december,evaluation,2025-12-20,0,0.0,1666.3955094719577,52965.944157482285,,,0.36222750000000004,19342.354115667615,19342.354115667615,0.002581700013251975,1.0231815394945443e-12
oracle_value_update,eval_december,evaluation,2025-12-20,36,6.0,10256.435185185186,52965.944157482285,,,0.36222750000000004,18193.251989047614,18193.251989047614,0.002448400016874075,1.0231815394945443e-12
oracle_value_update,eval_december,evaluation,2025-12-20,72,12.0,8257.22040897884,52965.944157482285,,,0.36222750000000004,10147.598157142857,10147.598157142857,0.0019002000044565648,1.0231815394945443e-12
oracle_value_update,eval_december,evaluation,2025-12-20,108,18.0,10321.398148148148,52965.944157482285,,,0.36222750000000004,9523.743149904763,9523.743149904763,0.0011837999918498099,1.0231815394945443e-12
oracle_value_update,eval_december,evaluation,2025-12-21,0,0.0,1865.741478200003,97973.61988368606,,,0.43870750000000003,19956.895269714285,19956.895269714285,0.0024932000087574124,1.1368683772161603e-12
oracle_value_update,eval_december,evaluation,2025-12-21,36,6.0,10800.0,97973.61988368606,,,0.43870750000000003,19956.895269714285,19956.895269714285,0.0024431000056210905,2.0463630789890885e-12
oracle_value_update,eval_december,evaluation,2025-12-21,72,12.0,7357.535729987304,97973.61988368606,,,0.43870750000000003,11316.895269714285,11316.895269714285,0.0022166999988257885,9.094947017729282e-13
oracle_value_update,eval_december,evaluation,2025-12-21,108,18.0,10800.0,97973.61988368606,,,0.43870750000000003,8640.0,8640.0,0.0013697999820578843,9.094947017729282e-13
