method,window,period,date,e_start,e_end,plan_kwh,emergency_kwh,plan_cost,emergency_cost,total_cost,paid_grid_spill_kwh,pv_spill_kwh,charge_kwh,discharge_kwh,preserved_emergency_kwh,emergency_slots,reserve_solves,reserve_failures,max_audit,plan_solver,price_level,price_intercept,price_netload_coef
fixed_greedy,dev_march,development,2025-03-07,1607.6682326867735,1799.9208019068776,34105.28322439623,0.0,14008.337912463983,0.0,14008.337912463983,531.8709466337457,9508.771124961786,15628.04372194356,12485.688102476191,0.0,0,0,0,1.6484591469634324e-12,MILP,0.7661972222222223,,
fixed_greedy,dev_march,development,2025-03-08,1799.9208019068776,1746.895154250794,32969.960558318635,0.0,13541.247898128067,0.0,13541.247898128067,563.4289694779532,10443.300079954146,15514.816184791298,12614.724192571426,0.0,0,0,0,1.8189894035458565e-12,MILP,0.7661972222222223,,
fixed_greedy,dev_march,development,2025-03-09,1746.895154250794,1497.0878818254,76750.47358346674,0.0,48657.964996066505,0.0,48657.964996066505,7712.446859951786,2236.0208166666666,19438.460010690185,15969.979153841905,0.0,0,0,0,9.094947017729282e-13,LP,0.7661972222222223,,
fixed_greedy,dev_march,development,2025-03-10,1497.0878818254,1447.0377217671992,75521.66717870542,0.0,49316.9414253954,0.0,49316.9414253954,3105.2445878812405,360.69671666666625,21361.576674788947,17347.92225063143,0.0,0,0,0,6.821210263296962e-13,LP,0.7661972222222223,,
fixed_greedy,dev_march,development,2025-03-11,1447.0377217671992,1662.895132055023,75262.66522095354,0.0,48203.483376119584,0.0,48203.483376119584,5802.47982500058,1440.661016666667,20454.389000143445,16373.783420857146,0.0,0,0,0,7.736034035588091e-13,LP,0.7661972222222223,,
fixed_greedy,dev_march,development,2025-03-12,1662.895132055023,1466.3308394402127,74693.54267349676,0.0,47034.04083337411,0.0,47034.04083337411,6507.771753599041,2172.9285666666665,19759.029122373908,16181.721452476191,0.0,0,0,0,9.094947017729282e-13,LP,0.7661972222222223,,
fixed_greedy,dev_march,development,2025-03-13,1466.3308394402127,1411.4148678222232,73995.93129645854,73.52254619047426,47548.45323696022,465.8430567662733,48014.29629372649,2437.0919926325582,0.0,21769.306356873603,17682.562523523808,0.0,2,0,0,1.0231815394945443e-12,LP,0.7661972222222223,,
fixed_greedy,dev_march,development,2025-03-14,1411.4148678222232,1920.35807457037,32440.35028776249,0.0,13068.888752193583,0.0,13068.888752193583,386.3359957801317,12578.228842984125,15727.950418902996,12281.590953238094,0.0,0,0,0,1.5347723092418164e-12,MILP,0.7661972222222223,,
fixed_greedy,dev_march,development,2025-03-15,1920.35807457037,1370.7079328285708,31490.085345136977,0.0,13187.485332857172,0.0,13187.485332857172,542.0217663809522,7684.6754266843045,14915.516471786006,12576.253469714286,0.0,0,0,0,3.069544618483633e-12,MILP,0.7661972222222223,,
fixed_greedy,dev_march,development,2025-03-16,1370.7079328285708,1822.317553566139,73654.39127774484,0.0,46140.495111215314,0.0,46140.495111215314,5546.367084458555,488.8266500000001,20324.747112048204,16056.59650209524,0.0,0,0,0,9.094947017729282e-13,LP,0.7661972222222223,,
fixed_greedy,dev_march,development,2025-03-17,1822.317553566139,1941.2955254317476,72292.89841194473,0.0,44291.79878210785,0.0,44291.79878210785,8171.39584364609,2635.277233333333,18531.65119448912,14903.557292857142,0.0,0,0,0,9.094947017729282e-13,LP,0.7661972222222223,,
fixed_greedy,dev_march,development,2025-03-18,1941.2955254317476,1796.3681319396808,70198.11963049616,0.0,43415.931037321745,0.0,43415.931037321745,3916.050307040562,1253.98175,21224.020320693704,17321.89111390476,0.0,0,0,0,9.094947017729282e-13,LP,0.7661972222222223,,
fixed_greedy,dev_march,development,2025-03-19,1796.3681319396808,1986.1235553100555,70013.77680179071,0.0,43151.856206012206,0.0,43151.856206012206,4492.030850397409,1902.2185999999997,20964.615896631396,16810.558995238094,0.0,0,0,0,1.0231815394945443e-12,LP,0.7661972222222223,,
fixed_greedy,dev_march,development,2025-03-20,1986.1235553100555,1550.5062194888894,69110.50468185419,50.64200556857077,43375.3701444172,334.94622483052706,43710.316369247725,2437.336416600817,1014.3316833333329,20487.22301611052,16986.706245288573,0.0,1,0,0,9.601208716958354e-13,LP,0.7661972222222223,,
fixed_greedy,dev_april,development,2025-04-17,1618.0719069862432,1945.3748361206358,60586.326353179305,0.0,36046.37008216521,0.0,36046.37008216521,1816.2643498542097,1838.5459606502077,19834.742402389176,15771.568709714284,0.0,0,0,0,9.094947017729282e-13,LP,0.7661972222222223,,
fixed_greedy,dev_april,development,2025-04-18,1945.3748361206358,2146.0427089597865,26954.930240705464,0.0,10742.513159618442,0.0,10742.513159618442,425.43538914285807,17502.61197581893,13116.655825553202,10443.890133142859,0.0,0,0,0,1.8189894035458565e-12,MILP,0.7661972222222223,,
fixed_greedy,dev_april,development,2025-04-19,2146.0427089597865,2102.49358338201,26817.021450395066,0.0,10663.355379304434,0.0,10663.355379304434,460.78709580952443,17185.327325582595,12765.378905383895,10379.15112638095,0.0,0,0,0,5.002220859751105e-12,MILP,0.7661972222222223,,
fixed_greedy,dev_april,development,2025-04-20,2102.49358338201,1969.5795107566153,59747.4441886408,0.0,35529.08940691601,0.0,35529.08940691601,1745.2272619870696,2416.319024331574,19725.135180798352,16096.982161809523,0.0,0,0,0,9.094947017729282e-13,LP,0.7661972222222223,,
fixed_greedy,dev_april,development,2025-04-21,1969.5795107566153,1477.9647709417982,59458.541821912986,0.0,35032.65098685312,0.0,35032.65098685312,3323.12891760024,4615.290849020582,18135.078619958833,15131.866947999999,0.0,0,0,0,9.094947017729282e-13,LP,0.7661972222222223,,
fixed_greedy,dev_april,development,2025-04-22,1477.9647709417982,1705.933222255025,59504.85570919106,0.0,35669.2333402151,0.0,35669.2333402151,1367.2054475097,2114.6451166666666,19288.96959034803,15418.893762,0.0,0,0,0,7.602807272633072e-13,LP,0.7661972222222223,,
fixed_greedy,dev_april,development,2025-04-23,1705.933222255025,1854.0215778994727,59679.406479073485,0.0,36165.28066013353,0.0,36165.28066013353,2269.3696329582617,2345.5203256754867,18585.89622996355,14921.296426190474,0.0,0,0,0,1.0231815394945443e-12,LP,0.7661972222222223,,
fixed_greedy,dev_april,development,2025-04-24,1854.0215778994727,1815.1178250148155,58569.88284902175,0.0,35028.95903495897,0.0,35028.95903495897,2881.8494467113474,5185.066208582019,18146.704585918866,14733.844092190477,0.0,0,0,0,9.094947017729282e-13,LP,0.7661972222222223,,
fixed_greedy,dev_april,development,2025-04-25,1815.1178250148155,1757.9912371132332,26130.68592015638,0.0,9921.243356010873,0.0,9921.243356010873,275.16554114285805,21542.94785706643,12440.151584518519,10127.936712571427,0.0,0,0,0,2.021099337273174e-12,MILP,0.7661972222222223,,
fixed_greedy,dev_april,development,2025-04-26,1757.9912371132332,1528.5528376656105,26058.808989927096,0.0,10141.486427671343,0.0,10141.486427671343,55.844195619047696,23790.702848652552,12360.857220131682,10218.788907809521,0.0,0,0,0,7.16227077646181e-11,MILP,0.7661972222222223,,
fixed_greedy,dev_april,development,2025-04-27,1528.5528376656105,1485.078089274073,55806.05916888888,421.9215317190496,32769.71795103319,2768.016208842825,35537.73415987602,1395.4226033274592,2472.5914878600825,20134.85631389182,16348.360887804758,0.0,1,0,0,9.094947017729282e-13,LP,0.7661972222222223,,
fixed_greedy,dev_april,development,2025-04-28,1485.078089274073,1504.9808207925923,55359.6419113933,4712.870446783804,33268.75329225127,29875.89665359737,63144.64994584864,526.7388490487943,0.0,15294.177547868314,12370.371355406669,0.0,9,0,0,8.810729923425242e-13,LP,0.7661972222222223,,
fixed_greedy,dev_april,development,2025-04-29,1504.9808207925923,1708.2381589777765,57695.52719732746,91.64631719332829,33786.26278987742,606.5153271854466,34392.77811706287,2280.3068751122846,4399.810942798355,18373.212503035862,14699.370523092384,0.0,1,0,0,9.094947017729282e-13,LP,0.7661972222222223,,
fixed_greedy,dev_april,development,2025-04-30,1708.2381589777765,1574.2241074687856,57021.52832893709,0.0,33466.00117081689,0.0,33466.00117081689,2684.427912333919,2737.51952542975,18228.100548411523,14885.374090571428,0.0,0,0,0,8.86402062860725e-13,LP,0.7661972222222223,,
fixed_greedy,val_june,validation,2025-06-08,1781.3549957153423,2091.7393678433887,87212.15475059376,19.011776857142877,59417.901733807645,131.58670150204773,59549.48843530969,17048.347067354498,1625.3386999999998,16280.060834286889,12907.503340857142,0.0,3,0,0,9.094947017729282e-13,LP,0.7661972222222223,,
fixed_greedy,val_june,validation,2025-06-09,2091.7393678433887,2138.257540046561,85600.55768052791,26.182083523809524,59853.91208420841,184.1079778854762,60038.020062093885,9990.273379124048,964.5978262504459,19459.41826505819,15720.262439714284,0.0,2,0,0,7.958078640513122e-13,LP,0.7661972222222223,,
fixed_greedy,val_june,validation,2025-06-10,2138.257540046561,2282.374572296298,86109.13882866432,0.0,59749.35941490385,0.0,59749.35941490385,10115.54059810465,458.2999333333329,19932.36176246443,16015.507698571428,0.0,0,0,0,9.094947017729282e-13,LP,0.7661972222222223,,
fixed_greedy,val_june,validation,2025-06-11,2282.374572296298,2422.400642355555,86739.14585020929,2.011921428571327,60517.83627938927,13.950663185713582,60531.78694257498,6125.3137054615,0.0,23186.180455033504,18654.78270552381,0.0,1,0,0,8.526512829121202e-13,LP,0.7661972222222223,,
fixed_greedy,val_june,validation,2025-06-12,2422.400642355555,2566.0141590010576,87550.81384353674,0.0,61331.46358869936,0.0,61331.46358869936,10744.046098071723,448.5068666666666,19876.933055179306,15971.063609714285,0.0,0,0,0,9.094947017729282e-13,LP,0.7661972222222223,,
fixed_greedy,val_june,validation,2025-06-13,2566.0141590010576,2734.6829980497337,39993.47707032922,0.0,20261.94030099058,0.0,20261.94030099058,2186.1517375637877,6867.050122007057,12858.73450323457,10263.77299247619,0.0,0,0,0,8.526512829121202e-13,LP,0.7661972222222223,,
fixed_greedy,val_june,validation,2025-06-14,2734.6829980497337,2707.518913704762,39995.372729863615,0.0,20826.84635701605,0.0,20826.84635701605,2086.145180571431,9432.85866846561,12144.59898282658,9861.572852,0.0,0,0,0,9.094947017729282e-13,LP,0.7661972222222223,,
fixed_greedy,val_june,validation,2025-06-15,2707.518913704762,3274.0756011640224,88662.27846445503,0.0,61756.662950542974,0.0,61756.662950542974,13451.292645938858,298.84709999999995,19869.80719194474,15584.642806761904,0.0,0,0,0,8.526512829121202e-13,LP,0.7661972222222223,,
fixed_greedy,val_june,validation,2025-06-16,3274.0756011640224,3108.256751350266,87373.6088789171,0.0,61654.1592923644,0.0,61654.1592923644,10850.552538245738,134.01041666666652,20232.789853528517,16537.796746190477,0.0,0,0,0,9.094947017729282e-13,LP,0.7661972222222223,,
fixed_greedy,val_june,validation,2025-06-17,3108.256751350266,2638.249502263491,86624.1233323539,3.081040857142966,60960.273915664635,21.046590095143603,60981.32050575977,8598.900744894763,82.02935000000014,19643.52413593533,16334.261074285714,0.0,1,0,0,9.094947017729282e-13,LP,0.7661972222222223,,
fixed_greedy,val_june,validation,2025-06-18,2638.249502263491,2937.999764022223,87422.56425730394,0.0,61136.70289757007,0.0,61136.70289757007,12640.244880777194,88.67290000000003,18397.26495233627,14632.009375809523,0.0,0,0,0,9.094947017729282e-13,LP,0.7661972222222223,,
fixed_greedy,val_june,validation,2025-06-19,2937.999764022223,2684.164723368255,85270.74818475603,48.66240171428569,58838.403693467786,334.32397563485705,59172.72766910264,12153.630595467377,1556.9697499999997,18830.30303995532,15480.996998952378,0.0,2,0,0,9.094947017729282e-13,LP,0.7661972222222223,,
fixed_greedy,val_june,validation,2025-06-20,2684.164723368255,2910.1708693925957,36665.507066768965,0.0,18738.365262744195,0.0,18738.365262744195,1894.275361809525,9942.38456893827,11709.793445259262,9281.527159238092,0.0,0,0,0,9.094947017729282e-13,LP,0.7661972222222223,,
fixed_greedy,val_june,validation,2025-06-21,2910.1708693925957,3273.515645382012,35206.86527686772,0.0,18123.852132626984,0.0,18123.852132626984,1657.1340441904772,11555.502995288654,12276.197573674306,9616.709736285711,0.0,0,0,0,2.5579538487363607e-12,MILP,0.7661972222222223,,
fixed_greedy,val_august,validation,2025-08-18,2178.160729337569,2168.930028625398,72442.89799171193,132.611270952381,53395.62923482186,1115.5127389771433,54511.14197379901,2431.3564427783695,2044.6419833333339,19545.804476457368,15840.409256571427,0.0,5,0,0,8.668621376273222e-13,LP,0.7661972222222223,,
fixed_greedy,val_august,validation,2025-08-19,2168.930028625398,1852.4128791502637,72283.00706105233,115.82866466666655,53193.5115401163,987.5119954816656,54181.02353559797,2148.776426036449,2802.007333333332,17975.0386888254,14844.64677247619,0.0,4,0,0,8.526512829121202e-13,LP,0.7661972222222223,,
fixed_greedy,val_august,validation,2025-08-20,1852.4128791502637,1630.2109173555552,72871.02814889594,2099.437016692373,54088.80807922131,16170.35038621617,70259.15846543747,816.5785796907725,0.0,19490.406762348033,15987.211243117148,0.0,11,0,0,8.810729923425242e-13,LP,0.7661972222222223,,
fixed_greedy,val_august,validation,2025-08-21,1630.2109173555552,1854.9618214603195,74223.70503470546,0.0,53980.209930799865,0.0,53980.209930799865,2773.6052160975864,1838.26615,18763.89142936978,14996.476244095238,0.0,0,0,0,9.094947017729282e-13,LP,0.7661972222222223,,
fixed_greedy,val_august,validation,2025-08-22,1854.9618214603195,1486.6533281999998,40303.6915216214,36.176268870474175,22890.479933394883,73.87194103350826,22964.351874428394,74.96739666666656,16787.300608947677,13571.094888483243,11324.064503605714,0.0,1,0,0,1.0231815394945443e-12,MILP,0.7661972222222223,,
fixed_greedy,val_august,validation,2025-08-23,1486.6533281999998,2018.5248978264526,40956.32355367901,0.0,22897.271353670483,0.0,22897.271353670483,293.5958798600827,15060.614300124631,13649.593742265726,10577.486518571428,0.0,0,0,0,1.1368683772161603e-12,MILP,0.7661972222222223,,
fixed_greedy,val_august,validation,2025-08-24,2018.5248978264526,2100.0782866380923,76078.14630069723,0.0,55178.69278616475,0.0,55178.69278616475,4252.593057452084,4261.4937493356865,19774.062950766613,15943.592940190476,0.0,0,0,0,1.0231815394945443e-12,LP,0.7661972222222223,,
fixed_greedy,val_august,validation,2025-08-25,2100.0782866380923,1707.2043083703695,76204.94830689124,194.44487727809246,55730.98425194171,1651.7392593657878,57382.72351130749,1420.112332058792,671.1679166666668,20466.38157483245,16931.35565605524,0.0,3,0,0,9.094947017729282e-13,LP,0.7661972222222223,,
fixed_greedy,val_august,validation,2025-08-26,1707.2043083703695,2289.724857334393,77810.48083583773,0.0,55600.937990611346,0.0,55600.937990611346,5546.897169327447,2347.2462063786024,20332.897803845968,15945.378727047619,0.0,0,0,0,9.094947017729282e-13,LP,0.7661972222222223,,
fixed_greedy,val_august,validation,2025-08-27,2289.724857334393,1885.1668969915347,76984.80180751321,16.225255619048085,55755.491352859244,134.3372614190515,55889.828614278296,3521.03750377895,2044.1890781892992,20451.335677925927,16929.684063428573,0.0,2,0,0,7.673861546209082e-13,LP,0.7661972222222223,,
fixed_greedy,val_august,validation,2025-08-28,1885.1668969915347,1928.8909241407414,76463.18450198119,46.880709523809514,55516.81030758883,388.3171611380952,55905.127468726925,1669.2331361222814,0.0,21229.923513763664,17156.886421714284,0.0,3,0,0,8.242295734817162e-13,LP,0.7661972222222223,,
fixed_greedy,val_august,validation,2025-08-29,1928.8909241407414,1942.5849956095235,41237.63937088066,0.0,23169.69554602252,0.0,23169.69554602252,743.8070314285724,15221.776714796004,14234.26637017989,11517.431095523809,0.0,0,0,0,1.3642420526593924e-12,MILP,0.7661972222222223,,
fixed_greedy,val_august,validation,2025-08-30,1942.5849956095235,1681.5598685100535,41316.22081616931,0.0,23595.195894540757,0.0,23595.195894540757,620.7335938142277,19944.003730018812,13019.4014389077,10780.637779904762,0.0,0,0,0,3.9449332689400766e-12,MILP,0.7661972222222223,,
fixed_greedy,val_august,validation,2025-08-31,1681.5598685100535,2386.5437421291017,78295.30179552968,18.217386666666698,56085.99529330196,151.93133572333358,56237.92662902529,4536.673750079955,2629.044000000001,20351.015065925923,15849.836717142858,0.0,2,0,0,9.348077867343818e-13,LP,0.7661972222222223,,
fixed_greedy,eval_september,evaluation,2025-09-10,4786.2408636984155,4596.088809841269,67698.08154233157,296.37601666666484,45826.57312729453,1550.4782996166568,47377.05142691118,3030.138715517931,0.0,20102.405483956492,16454.085290476192,0.0,4,0,0,9.094947017729282e-13,LP,0.7661972222222223,,
fixed_greedy,eval_september,evaluation,2025-09-11,4596.088809841269,4802.587337518519,69292.72779655732,0.0,45621.4232963086,0.0,45621.4232963086,7376.391981236923,4680.02805,18707.22793198706,14967.005949999997,0.0,0,0,0,8.952838470577262e-13,LP,0.7661972222222223,,
fixed_greedy,eval_september,evaluation,2025-09-12,4802.587337518519,5081.5353283544955,35096.85593575714,0.0,17573.089670070796,0.0,17573.089670070796,1114.4127548571428,19754.775256190474,12762.939647142855,10086.927922433333,0.0,0,0,0,2.595470505184494e-10,MILP,0.7661972222222223,,
fixed_greedy,eval_september,evaluation,2025-09-13,5081.5353283544955,5445.944860185186,35163.44751505238,0.0,17574.14102364605,0.0,17574.14102364605,725.114016449148,23648.584592557316,12919.362337184011,10136.714914471428,0.0,0,0,0,3.637978807091713e-12,MILP,0.7661972222222223,,
fixed_greedy,eval_september,evaluation,2025-09-14,5445.944860185186,4487.227906111115,68054.8780643198,0.0,45883.59070573429,0.0,45883.59070573429,5239.808548095237,146.7241269077006,18062.4520946502,15493.431455333332,0.0,0,0,0,1.0231815394945443e-12,LP,0.7661972222222223,,
fixed_greedy,eval_september,evaluation,2025-09-15,4487.227906111115,3986.774659746033,67434.65243069135,0.0,44723.64273783499,0.0,44723.64273783499,5790.8465656507915,3405.924111568486,19059.25811509112,15888.40699495238,0.0,0,0,0,7.105427357601002e-13,LP,0.7661972222222223,,
fixed_greedy,eval_september,evaluation,2025-09-16,3986.774659746033,3583.5142666084644,67472.52043429276,0.0,45423.07443436827,0.0,45423.07443436827,3415.045558430334,1430.3384217530897,18412.10960315696,15276.74313238095,0.0,0,0,0,7.673861546209082e-13,LP,0.7661972222222223,,
fixed_greedy,eval_september,evaluation,2025-09-17,3583.5142666084644,3671.113625460318,68723.97640009523,7.62916666666672,45735.48047756736,38.19542291666694,45773.67590048403,4892.949583912992,0.0,19998.41136780129,16119.87378495238,0.0,1,0,0,9.094947017729282e-13,LP,0.7661972222222223,,
fixed_greedy,eval_september,evaluation,2025-09-18,3671.113625460318,3584.4259127671953,68750.67448494297,0.0,45113.874370229845,0.0,45113.874370229845,4748.000187830686,1438.4827399271005,19400.83885232804,15792.698411809522,0.0,0,0,0,9.094947017729282e-13,LP,0.7661972222222223,,
fixed_greedy,eval_september,evaluation,2025-09-19,3584.4259127671953,4496.983348915345,35408.8122466549,0.0,17400.263404604873,0.0,17400.263404604873,656.0110295943559,15192.384391969425,13882.962188900648,10423.89768047619,0.0,0,0,0,2.362159850438022e-12,MILP,0.7661972222222223,,
fixed_greedy,eval_september,evaluation,2025-09-20,4496.983348915345,4610.873304386246,34562.68968055261,0.0,16697.63108239267,0.0,16697.63108239267,643.1293042857142,15593.405164015287,13569.581678918279,10888.8602,0.0,0,0,0,3.637978807091713e-12,MILP,0.7661972222222223,,
fixed_greedy,eval_september,evaluation,2025-09-21,4610.873304386246,3822.106488999998,70831.37160496414,0.0,47587.24739538965,0.0,47587.24739538965,6657.11060067372,3438.259664204584,16623.178897895355,14174.66504114286,0.0,0,0,0,9.094947017729282e-13,LP,0.7661972222222223,,
fixed_greedy,eval_september,evaluation,2025-09-22,3822.106488999998,2889.0253054285704,68842.22145939565,0.0,46003.90879754232,0.0,46003.90879754232,3110.8421889512074,2524.7006999999994,18065.430275396826,15472.771588285717,0.0,0,0,0,8.881784197001252e-13,LP,0.7661972222222223,,
fixed_greedy,eval_september,evaluation,2025-09-23,2889.0253054285704,2974.0764144920645,70776.06237700881,6.375,46548.66393116708,44.0799375,46592.74386866709,2958.7159434132855,1785.7420661846013,20235.883083791887,16314.519299714284,0.0,1,0,0,9.094947017729282e-13,LP,0.7661972222222223,,
fixed_greedy,eval_december,evaluation,2025-12-08,1451.3861965089911,1823.0339727153448,97047.73554554262,0.0,73539.80345687535,0.0,73539.80345687535,4296.472355580245,0.0,24050.363551105234,19146.311477809526,0.0,0,0,0,9.663381206337363e-13,LP,0.7661972222222223,,
fixed_greedy,eval_december,evaluation,2025-12-09,1823.0339727153448,1681.167125725927,97025.4308092275,28.02018466666675,72807.03663373034,207.1730520160006,73014.20968574633,5190.994365547322,0.0,24219.381705108757,19745.379343428573,0.0,2,0,0,6.821210263296962e-13,LP,0.7661972222222223,,
fixed_greedy,eval_december,evaluation,2025-12-10,1681.167125725927,1640.7699979100528,97156.0579509171,0.0,73953.31585766921,0.0,73953.31585766921,4351.228607746026,0.0,23439.833113361554,19022.622236857147,0.0,0,0,0,9.094947017729282e-13,LP,0.7661972222222223,,
fixed_greedy,eval_december,evaluation,2025-12-11,1640.7699979100528,1849.5066304476222,97611.2482016355,0.0,72779.32110963792,0.0,72779.32110963792,7002.810531696645,0.0,23470.105266605526,18822.922296666664,0.0,0,0,0,9.094947017729282e-13,LP,0.7661972222222223,,
fixed_greedy,eval_december,evaluation,2025-12-12,1849.5066304476222,1922.1565517195847,50946.63655140623,0.0,23509.787370302518,0.0,23509.787370302518,2013.7868539047677,1328.8133463915274,20127.56809806231,16237.945230285712,0.0,0,0,0,1.0231815394945443e-12,LP,0.7661972222222223,,
fixed_greedy,eval_december,evaluation,2025-12-13,1922.1565517195847,2001.8885422253966,51821.586006790116,0.0,24280.336647571185,0.0,24280.336647571185,2989.16600656555,1132.38245,20156.5546075579,16255.050440666666,0.0,0,0,0,7.958078640513122e-13,LP,0.7661972222222223,,
fixed_greedy,eval_december,evaluation,2025-12-14,2001.8885422253966,1739.627803660316,98139.69736302528,0.0,75089.10147889526,0.0,75089.10147889526,5065.773709824811,0.0,23848.613252152845,19553.41139895238,0.0,0,0,0,6.821210263296962e-13,LP,0.7661972222222223,,
fixed_greedy,eval_december,evaluation,2025-12-15,1739.627803660316,1911.330116133336,100030.52489955556,0.0,76709.60206295438,0.0,76709.60206295438,5856.427744505584,0.0,23947.405827145212,19242.8666387619,0.0,0,0,0,9.094947017729282e-13,LP,0.7661972222222223,,
fixed_greedy,eval_december,evaluation,2025-12-16,1911.330116133336,1830.002305755558,99834.15257543915,0.0,76167.15781345079,0.0,76167.15781345079,5982.549789894176,0.0,23719.50779764021,19285.99634542857,0.0,0,0,0,7.958078640513122e-13,LP,0.7661972222222223,,
fixed_greedy,eval_december,evaluation,2025-12-17,1830.002305755558,1875.848881186245,99460.17511320517,0.0,75719.4197189186,0.0,75719.4197189186,6785.611360997062,0.0,23376.077724493818,18893.36103895238,0.0,0,0,0,1.0231815394945443e-12,LP,0.7661972222222223,,
fixed_greedy,eval_december,evaluation,2025-12-18,1875.848881186245,1865.7872980433888,98902.3976058154,0.0,74868.0547461868,0.0,74868.0547461868,7016.272324981762,0.0,23836.38809997649,19316.529785809525,0.0,0,0,0,9.094947017729282e-13,LP,0.7661972222222223,,
fixed_greedy,eval_december,evaluation,2025-12-19,1865.7872980433888,1694.2762466719578,52224.09750531099,0.0,24318.735660767536,0.0,24318.735660767536,3939.551142121111,1810.65698271605,19578.200140569068,16012.702060095236,0.0,0,0,0,1.0231815394945443e-12,LP,0.7661972222222223,,
fixed_greedy,eval_december,evaluation,2025-12-20,1694.2762466719578,1872.7814958687843,52488.170953038214,0.0,24141.862251901228,0.0,24141.862251901228,3787.406857936509,1821.318116666667,20328.62633767313,16305.532609238091,0.0,0,0,0,9.094947017729282e-13,LP,0.7661972222222223,,
fixed_greedy,eval_december,evaluation,2025-12-21,1872.7814958687843,1866.898438401062,98124.13097516519,0.0,74389.67329640663,0.0,74389.67329640663,4552.921012656077,0.0,23888.014987175782,19354.58689133333,0.0,0,0,0,9.094947017729282e-13,LP,0.7661972222222223,,
mean7_greedy,dev_march,development,2025-03-07,1607.6682326867735,1808.2773627661372,34204.04107473368,0.0,14122.63898379,0.0,14122.63898379,550.6903033004121,9489.951768295117,16108.23817228101,12867.124702476189,0.0,0,0,0,3.467448550509289e-12,MILP,0.7488613095238095,,
mean7_greedy,dev_march,development,2025-03-08,1808.2773627661372,1746.895154250794,32960.675490697235,0.0,13590.144166921504,0.0,13590.144166921504,530.8883921446202,10478.911097945915,15489.37090317813,12601.634419238095,0.0,0,0,0,1.8189894035458565e-12,MILP,0.7476931547619048,,
mean7_greedy,dev_march,development,2025-03-09,1746.895154250794,1557.369274065611,76853.87114620223,0.0,48585.780498432374,0.0,48585.780498432374,7742.26806506878,2093.227828646677,20291.702603439157,16606.85240095238,0.0,0,0,0,9.094947017729282e-13,LP,0.7452704365079366,,
mean7_greedy,dev_march,development,2025-03-10,1557.369274065611,1449.0327087386274,75454.68785399408,0.0,49156.874618939124,0.0,49156.874618939124,3092.2254829653084,360.69671666666625,21353.66901661258,17393.974812250475,0.0,0,0,0,6.821210263296962e-13,LP,0.7412012896825397,,
mean7_greedy,dev_march,development,2025-03-11,1449.0327087386274,1660.3619091830622,75260.44856876307,0.0,48144.43586615824,0.0,48144.43586615824,5778.812809918864,1440.661016666667,20588.735061987063,16486.679119809527,0.0,0,0,0,7.736034035588091e-13,LP,0.739858630952381,,
mean7_greedy,dev_march,development,2025-03-12,1660.3619091830622,1460.346006057144,74725.50240643973,0.0,46992.89916192553,0.0,46992.89916192553,6603.468989044076,2063.319184865368,20016.809800054107,16393.630250857146,0.0,0,0,0,9.094947017729282e-13,LP,0.7382536706349206,,
mean7_greedy,dev_march,development,2025-03-13,1460.346006057144,1411.4148678222232,74106.71190236801,31.119295977142656,47638.703742939855,193.14775464433777,47831.8514975842,2422.8855252674803,0.0,22175.608846433865,18006.28119002286,0.0,2,0,0,8.588685318500211e-13,LP,0.7362061507936508,,
mean7_greedy,dev_march,development,2025-03-14,1411.4148678222232,1920.35807457037,32440.350287762492,0.0,13175.556653140246,0.0,13175.556653140246,318.9471004467981,12651.787994572604,15695.475385981183,12255.286176571426,0.0,0,0,0,2.2737367544323206e-12,MILP,0.7373176587301588,,
mean7_greedy,dev_march,development,2025-03-15,1920.35807457037,1370.7079328285708,31490.085345136977,0.0,13141.275321886267,0.0,13141.275321886267,582.2605277142854,7639.142219647267,14943.38197548971,12598.824527714285,0.0,0,0,0,1.5158245029548803e-12,MILP,0.7348727182539682,,
mean7_greedy,dev_march,development,2025-03-16,1370.7079328285708,1823.10229712487,73741.59287931057,0.0,46166.897083101896,0.0,46166.897083101896,5513.327351874188,488.8266500000001,20953.87903282305,16565.487088720005,0.0,0,0,0,1.0231815394945443e-12,LP,0.7359454365079365,,
mean7_greedy,dev_march,development,2025-03-17,1823.10229712487,1958.8960840984132,72388.69416444951,0.0,44234.89671718511,0.0,44234.89671718511,7979.77333126632,2805.418361700175,19069.245420386826,15323.874382237145,0.0,0,0,0,9.094947017729282e-13,LP,0.7361005952380952,,
mean7_greedy,dev_march,development,2025-03-18,1958.8960840984132,1827.9724392825412,70178.56345419987,0.0,43585.5298195425,0.0,43585.5298195425,3869.8011703057036,1253.98175,21298.176039798935,17369.353872571428,0.0,0,0,0,1.0231815394945443e-12,LP,0.7300612103174603,,
mean7_greedy,dev_march,development,2025-03-19,1827.9724392825412,2060.98474157037,69978.66090474308,0.0,42903.13474362353,0.0,42903.13474362353,4383.967977348614,1902.2185999999997,21143.646343870663,16916.64246647619,0.0,0,0,0,8.952838470577262e-13,LP,0.7281502976190476,,
mean7_greedy,dev_march,development,2025-03-20,2060.98474157037,1550.5062194888894,69027.32558600939,35.58052725809455,43376.682597201194,235.32960728503733,43612.01220448624,2436.8978742386776,1014.3316833333329,20327.08109948501,16924.36636045619,0.0,1,0,0,9.601208716958354e-13,LP,0.7269603174603174,,
mean7_greedy,dev_april,development,2025-04-17,1618.0719069862432,1997.2523229619082,60737.177014785426,0.0,36121.7287621462,0.0,36121.7287621462,1850.4821544585582,1752.042219107586,20658.14693074309,16391.836639523808,0.0,0,0,0,9.094947017729282e-13,LP,0.696730257936508,,
mean7_greedy,dev_april,development,2025-04-18,1997.2523229619082,2146.0427089597865,26897.288588659605,0.0,10650.91460201991,0.0,10650.91460201991,432.5333284761913,17492.553124650207,13074.597920009403,10456.512967809525,0.0,0,0,0,2.6147972675971687e-11,MILP,0.6952645833333333,,
mean7_greedy,dev_april,development,2025-04-19,2146.0427089597865,2102.49358338201,26817.021450395066,0.0,10644.189084501631,0.0,10644.189084501631,502.6140351428577,17138.474211944736,12791.83245435509,10400.578501047616,0.0,0,0,0,7.044320682325633e-11,MILP,0.6963991071428572,,
mean7_greedy,dev_april,development,2025-04-20,2102.49358338201,2004.9647056825395,59893.79465677366,0.0,35568.08304688317,0.0,35568.08304688317,1824.0274476566751,2296.7300092592614,20542.464770810107,16727.172454285716,0.0,0,0,0,9.094947017729282e-13,LP,0.6955575396825396,,
mean7_greedy,dev_april,development,2025-04-21,2004.9647056825395,1556.635825121692,59565.82752857378,0.0,34899.397511498326,0.0,34899.397511498326,3333.080796787777,4531.779607807178,18881.856490264538,15697.799749619046,0.0,0,0,0,9.094947017729282e-13,LP,0.6940124007936509,,
mean7_greedy,dev_april,development,2025-04-22,1556.635825121692,1700.3999453449717,59562.37393252675,0.0,35585.0734247104,0.0,35585.0734247104,1375.9065380117645,2114.6451166666666,19944.76448937213,16025.871528190475,0.0,0,0,0,9.094947017729282e-13,LP,0.6922059523809523,,
mean7_greedy,dev_april,development,2025-04-23,1700.3999453449717,1839.7115881841248,59834.213665941206,0.0,36024.71298042296,0.0,36024.71298042296,2282.318415319226,2317.434086154025,19521.915627610815,15687.371179809523,0.0,0,0,0,9.094947017729282e-13,LP,0.6939810515873016,,
mean7_greedy,dev_april,development,2025-04-24,1839.7115881841248,1811.7563899714291,58730.270002601996,0.0,34997.291489699695,0.0,34997.291489699695,2763.623562070548,5304.634016666667,18931.923169769547,15360.017445904761,0.0,0,0,0,9.094947017729282e-13,LP,0.6919179563492064,,
mean7_greedy,dev_april,development,2025-04-25,1811.7563899714291,1757.9912371132332,26134.420847982365,0.0,9935.18181410262,0.0,9935.18181410262,276.4841164761913,21542.75187632569,12437.97811975191,10123.150914571426,0.0,0,0,0,2.7853275241795927e-11,MILP,0.6902632936507936,,
mean7_greedy,dev_april,development,2025-04-26,1757.9912371132332,1528.5528376656105,26058.808989927096,0.0,10141.02519373696,0.0,10141.02519373696,38.131557619047726,23809.58066188712,12354.724718897114,10213.821581809521,0.0,0,0,0,8.08597633294994e-12,MILP,0.6875877976190475,,
mean7_greedy,dev_april,development,2025-04-27,1528.5528376656105,1485.078089274073,55806.05916888888,411.3873713276225,32897.711702169065,2698.9068495948673,35596.61855176393,1556.6705794285708,2312.4665545326293,20073.502613022923,16298.66439010095,0.0,1,0,0,8.810729923425242e-13,LP,0.6847061507936508,,
mean7_greedy,dev_april,development,2025-04-28,1485.078089274073,1504.9808207925923,55359.6419113933,4435.1321416571345,33261.08059926922,28035.6748130333,61296.75541230252,182.88320895238041,0.0,15642.1635213933,12652.23999396191,0.0,12,0,0,9.094947017729282e-13,LP,0.6830409722222223,,
mean7_greedy,dev_april,development,2025-04-29,1504.9808207925923,1708.2381589777765,57695.52719732746,96.27080951237485,33935.6836587988,637.1202173528968,34572.803876151695,2043.62815207995,4646.779830463265,18343.393175069956,14675.216867440004,0.0,1,0,0,8.952838470577262e-13,LP,0.6876266865079366,,
mean7_greedy,dev_april,development,2025-04-30,1708.2381589777765,1638.3538020497374,57021.5283289371,0.0,33636.510366742375,0.0,33636.510366742375,2016.4083002222221,3357.443145504997,18177.46511111464,14786.642661238093,0.0,0,0,0,8.86402062860725e-13,LP,0.6846873015873016,,
mean7_greedy,val_june,validation,2025-06-08,1781.3549957153423,2168.5444668285722,86851.65452567783,19.011776857142877,59329.39505745775,131.58670150204773,59460.981758959795,16754.182441733097,1846.0099666666665,14405.684755087603,11320.134127619047,0.0,3,0,0,9.094947017729282e-13,LP,0.7672440476190476,,
mean7_greedy,val_june,validation,2025-06-09,2168.5444668285722,2158.59677504762,85337.00364660905,26.182083523809524,59573.28494116941,184.1079778854762,59757.39291905489,9959.425201823638,981.6363156096456,18412.444220890055,14923.032741523808,0.0,2,0,0,6.821210263296962e-13,LP,0.7640867063492063,,
mean7_greedy,val_june,validation,2025-06-10,2158.59677504762,2333.217336100531,85896.75485483598,0.0,59637.62217532497,0.0,59637.62217532497,10041.68915973428,458.2999333333329,19058.75275519694,15280.431226761904,0.0,0,0,0,9.094947017729282e-13,LP,0.7654167658730159,,
mean7_greedy,val_june,validation,2025-06-11,2333.217336100531,2446.1562815566153,86497.30005293591,2.011921428571327,60101.55703580572,13.950663185713582,60115.50769899143,6068.136095403885,0.0,22342.55005991299,17995.820497619046,0.0,1,0,0,8.526512829121202e-13,LP,0.7669218253968253,,
mean7_greedy,val_june,validation,2025-06-12,2446.1562815566153,2602.310028023281,87227.27237338154,0.0,61109.40406178388,0.0,61109.40406178388,10616.774849328634,541.7576999999998,18293.736941576713,14677.388550857142,0.0,0,0,0,9.094947017729282e-13,LP,0.7694986111111112,,
mean7_greedy,val_june,validation,2025-06-13,2602.310028023281,2575.636351815873,39870.784257312174,0.0,20188.263742981435,0.0,20188.263742981435,1700.8743562304544,7516.404527204,12274.726223496767,9966.534549619048,0.0,0,0,0,8.526512829121202e-13,LP,0.7694863095238095,,
mean7_greedy,val_june,validation,2025-06-14,2575.636351815873,2621.9770834973533,40161.01455702763,0.0,20731.87915139123,0.0,20731.87915139123,1845.078009523812,9772.498067656676,12149.416164914754,9799.320435067613,0.0,0,0,0,9.094947017729282e-13,LP,0.768164384920635,,
mean7_greedy,val_june,validation,2025-06-15,2621.9770834973533,3274.0756011640224,88655.19257128982,0.0,61685.053972073,0.0,61685.053972073,13393.37323958025,298.84709999999995,19732.15385513815,15396.155956761902,0.0,0,0,0,8.526512829121202e-13,LP,0.7662471230158729,,
mean7_greedy,val_june,validation,2025-06-16,3274.0756011640224,3169.124030929103,87193.37376454085,0.0,61398.598300270256,0.0,61398.598300270256,10706.065882563205,271.4355833333334,19033.03102731099,15511.211545333332,0.0,0,0,0,9.094947017729282e-13,LP,0.769211111111111,,
mean7_greedy,val_june,validation,2025-06-17,3169.124030929103,2703.398861549207,86364.67990742621,0.0,60540.05004255258,0.0,60540.05004255258,8366.83674970018,194.24276666666685,18872.325404392697,15705.736229999999,0.0,0,0,0,9.094947017729282e-13,LP,0.7697804563492063,,
mean7_greedy,val_june,validation,2025-06-18,2703.398861549207,2982.7942848275147,87152.17912865608,0.0,61021.27475371561,0.0,61021.27475371561,12644.475697422693,88.67290000000003,17048.33552780482,13557.695896571428,0.0,0,0,0,9.094947017729282e-13,LP,0.7714673611111112,,
mean7_greedy,val_june,validation,2025-06-19,2982.7942848275147,2739.674852192594,85047.43832933922,48.66240171428569,58601.06932509233,334.32397563485705,58935.393300727184,12027.547591402708,1736.3104999999996,17323.92594222222,14251.187502571427,0.0,2,0,0,9.094947017729282e-13,LP,0.7698035714285714,,
mean7_greedy,val_june,validation,2025-06-20,2739.674852192594,2884.6010395206395,36603.82914585303,0.0,18783.545444915133,0.0,18783.545444915133,1407.5243536190487,10477.99097560494,11512.102094914755,9194.36912828571,0.0,0,0,0,9.094947017729282e-13,LP,0.7677931547619048,,
mean7_greedy,val_june,validation,2025-06-21,2884.6010395206395,3117.437340286773,35252.93467776476,0.0,18137.9645084634,0.0,18137.9645084634,1836.381907809525,11560.886014392712,12165.124657226337,9644.198301663811,0.0,0,0,0,8.736833478906192e-11,MILP,0.7651185515873016,,
mean7_greedy,val_august,validation,2025-08-18,2178.160729337569,2168.930028625399,72442.89799171193,132.611270952381,53087.77352284189,1115.5127389771433,54203.286261819034,2418.8424443174636,2044.6419833333339,19611.667626251612,15893.758407904761,0.0,5,0,0,8.668621376273222e-13,LP,0.7912489087301589,,
mean7_greedy,val_august,validation,2025-08-19,2168.930028625399,1852.4128791502637,72283.00706105233,115.82866466666655,52987.918941473385,987.5119954816656,53975.430936955054,1825.8608945855372,3133.5257974661963,17929.760095762493,14807.971112095238,0.0,4,0,0,8.526512829121202e-13,LP,0.7923819444444445,,
mean7_greedy,val_august,validation,2025-08-20,1852.4128791502637,1630.2109173555552,72871.02814889594,1780.3983999723646,53870.87987228345,11365.584121833052,65236.4639941165,414.5755492380955,0.0,19927.06157146738,16340.901638503823,0.0,12,0,0,8.810729923425242e-13,LP,0.790316865079365,,
mean7_greedy,val_august,validation,2025-08-21,1630.2109173555552,1854.96182146032,74223.70503470546,0.0,53777.100736818415,0.0,53777.100736818415,2614.69657430923,2001.7503555696594,18739.809514731336,14976.969893238094,0.0,0,0,0,9.094947017729282e-13,LP,0.7922001984126984,,
mean7_greedy,val_august,validation,2025-08-22,1854.96182146032,1486.6533281999998,40303.6915216214,33.57257334380747,22760.768117023872,68.55519476805485,22829.323311791926,113.67007933333377,16748.59792628101,13557.391227816577,11312.964538465714,0.0,1,0,0,1.9326762412674725e-12,MILP,0.7917840277777777,,
mean7_greedy,val_august,validation,2025-08-23,1486.6533281999998,1916.1332087280416,40956.32355367901,0.0,22789.315320319434,0.0,22789.315320319434,396.99316747913,15072.660064663138,13527.011995060553,10570.347823523809,0.0,0,0,0,1.8189894035458565e-12,MILP,0.79310625,,
mean7_greedy,val_august,validation,2025-08-24,1916.1332087280416,2100.0782866380923,76191.91484413992,0.0,54807.279259693736,0.0,54807.279259693736,4229.894518825398,4279.161608546739,19914.30875429159,15965.039520857143,0.0,0,0,0,1.0231815394945443e-12,LP,0.7947999007936508,,
mean7_greedy,val_august,validation,2025-08-25,2100.0782866380923,1707.2043083703695,76191.10289141079,194.44487727809246,55318.17323869997,1651.7392593657878,56969.91249806576,1195.8901647724842,920.9743325373406,20258.85702712286,16763.26077241047,0.0,3,0,0,9.094947017729282e-13,LP,0.794960119047619,,
mean7_greedy,val_august,validation,2025-08-26,1707.2043083703695,2289.7248573343904,77758.3581165138,0.0,55592.012127663096,0.0,55592.012127663096,5241.180835753079,2647.3793983303935,20087.952658049377,15746.97315895238,0.0,0,0,0,9.094947017729282e-13,LP,0.7967595238095239,,
mean7_greedy,val_august,validation,2025-08-27,2289.7248573343904,1868.6339772031754,76984.80180751323,1.3456278095239895,55530.97953964914,11.34969775943009,55542.329237408565,3149.673414190475,2413.5014,20462.134455703705,16953.310701238093,0.0,1,0,0,7.673861546209082e-13,LP,0.7969742063492062,,
mean7_greedy,val_august,validation,2025-08-28,1868.6339772031754,1928.8909241407414,76481.55441285713,46.880709523809514,55595.5082108034,388.3171611380952,55983.82537194149,1685.4176598259883,0.0,21163.111720935914,17087.889241714285,0.0,3,0,0,8.242295734817162e-13,LP,0.7951226190476189,,
mean7_greedy,val_august,validation,2025-08-29,1928.8909241407414,1784.4022373777775,41237.63937088066,0.0,23201.078987772173,0.0,23201.078987772173,880.3741773333343,15249.610070510289,14118.287321703701,11565.852548666666,0.0,0,0,0,7.958078640513122e-13,MILP,0.7974508928571429,,
mean7_greedy,val_august,validation,2025-08-30,1784.4022373777775,1574.0628858211626,41491.9794364268,0.0,23554.56616480929,0.0,23554.56616480929,762.0543517860101,19914.160596291593,13117.631954825394,10814.587299809524,0.0,0,0,0,8.021237994802909e-12,MILP,0.7980275793650793,,
mean7_greedy,val_august,validation,2025-08-31,1574.0628858211626,2395.7523527111116,78414.74288740623,26.50513619047615,56173.26556791876,218.3203532838092,56391.58592120257,4536.673750079958,2629.044000000001,20470.45615780247,15841.548967619048,0.0,3,0,0,9.348077867343818e-13,LP,0.7973798611111111,,
mean7_greedy,eval_september,evaluation,2025-09-10,4786.2408636984155,5238.316696867728,67860.3791468054,968.5033833333317,45742.04806146357,5167.422119424991,50909.47018088856,3143.402825229861,0.0,20855.856868718398,16486.375813809525,0.0,7,0,0,9.094947017729282e-13,LP,0.703866369047619,,
mean7_greedy,eval_september,evaluation,2025-09-11,5238.316696867728,5267.832231968257,68579.1412554168,0.0,45187.745414369485,0.0,45187.745414369485,6862.961672665488,4680.02805,18492.11456751322,14952.048818095234,0.0,0,0,0,9.094947017729282e-13,LP,0.7068419642857143,,
mean7_greedy,eval_september,evaluation,2025-09-12,5267.832231968257,5091.8495524444415,34678.13553075238,0.0,17410.78387866698,0.0,17410.78387866698,1114.4127548571428,19771.312085201527,12627.046854027038,10386.292363333332,0.0,0,0,0,1.9326762412674725e-12,MILP,0.7062799603174603,,
mean7_greedy,eval_september,evaluation,2025-09-13,5091.8495524444415,5503.060397386243,35154.16471337143,0.0,17563.745789373785,0.0,17563.745789373785,650.3203497824813,23643.889300605522,13067.17799580247,10214.324416152378,0.0,0,0,0,4.663595626671179e-12,MILP,0.7086292658730158,,
mean7_greedy,eval_september,evaluation,2025-09-14,5503.060397386243,5017.729710634924,67991.41635631863,0.0,45953.34523561001,0.0,45953.34523561001,4629.763650476189,156.4725878600807,18645.542031887126,15539.68666390476,0.0,0,0,0,1.0231815394945443e-12,LP,0.7087442460317459,,
mean7_greedy,eval_september,evaluation,2025-09-15,5017.729710634924,4346.819261216931,66845.20598122045,0.0,44483.19185760012,0.0,44483.19185760012,5450.783866126983,3343.6896110922958,18881.690921810696,15897.989051142855,0.0,0,0,0,7.105427357601002e-13,LP,0.7111145833333334,,
mean7_greedy,eval_september,evaluation,2025-09-16,4346.819261216931,3962.9858893227524,67072.47087710288,0.0,45277.021555688676,0.0,45277.021555688676,2963.7135246208118,1430.3384217530897,18589.99464263374,15403.345695238095,0.0,0,0,0,7.673861546209082e-13,LP,0.7094292658730158,,
mean7_greedy,eval_september,evaluation,2025-09-17,3962.9858893227524,4272.116691571428,68302.34126374603,7.62916666666672,45573.89542539511,38.19542291666694,45612.090848311775,4246.706717246327,0.0,20131.197848118747,16028.05253495238,0.0,1,0,0,9.094947017729282e-13,LP,0.7131525793650794,,
mean7_greedy,eval_september,evaluation,2025-09-18,4272.116691571428,4102.204983957672,68082.89330037507,0.0,44899.28540532378,0.0,44899.28540532378,4103.582394669018,1526.2655031651957,19210.078014350383,15713.08372847619,0.0,0,0,0,9.094947017729282e-13,LP,0.7126141865079365,,
mean7_greedy,eval_september,evaluation,2025-09-19,4102.204983957672,4563.487342973546,34833.502167554376,0.0,17156.936978032616,0.0,17156.936978032616,480.1960529276891,15281.194618636091,13450.552927419167,10479.793748095237,0.0,0,0,0,2.589533525881254e-12,MILP,0.7150087301587301,,
mean7_greedy,eval_september,evaluation,2025-09-20,4563.487342973546,4627.468890444444,34488.79635382128,0.0,16680.018558275347,0.0,16680.018558275347,605.289947142857,15593.405164015287,13616.232192663134,10971.564683333332,0.0,0,0,0,2.0463630789890885e-12,MILP,0.7176039682539682,,
mean7_greedy,eval_september,evaluation,2025-09-21,4627.468890444444,4219.9497584232795,70812.93206489946,0.0,47677.43499170152,0.0,47677.43499170152,6214.731542497354,3429.82725,17092.910567830688,14212.024778761906,0.0,0,0,0,9.094947017729282e-13,LP,0.720596130952381,,
mean7_greedy,eval_september,evaluation,2025-09-22,4219.9497584232795,3230.9975513597915,68400.17338225867,0.0,45839.26835360398,0.0,45839.26835360398,2732.9273403151115,2524.7006999999994,17992.539184038797,15464.013725428573,0.0,0,0,0,8.881784197001252e-13,LP,0.7203022817460316,,
mean7_greedy,eval_september,evaluation,2025-09-23,3230.9975513597915,3015.186272931218,70396.09321486302,0.0,46525.84878368658,0.0,46525.84878368658,2917.0275938306877,1785.7420661846013,19847.042747895346,16270.33477638095,0.0,0,0,0,9.094947017729282e-13,LP,0.7232222222222222,,
mean7_greedy,eval_december,evaluation,2025-12-08,1451.3861965089911,1823.0339727153448,96889.40221220929,0.0,73415.16957345138,0.0,73415.16957345138,4303.361958872428,0.0,23180.76914781305,18441.940011142855,0.0,0,0,0,9.663381206337363e-13,LP,0.8563599206349207,,
mean7_greedy,eval_december,evaluation,2025-12-09,1823.0339727153448,1683.0517489354504,96886.96378117341,28.02018466666675,72649.39874829694,207.1730520160006,72856.57180031294,5216.630047634331,0.0,23346.756068110517,19036.85641657143,0.0,2,0,0,6.821210263296962e-13,LP,0.8564898809523809,,
mean7_greedy,eval_december,evaluation,2025-12-10,1683.0517489354504,1630.41333437037,97080.37761040211,0.0,73928.39251099381,0.0,73928.39251099381,4388.33247580011,0.0,22904.21705812581,18599.79039019048,0.0,0,0,0,9.094947017729282e-13,LP,0.8551274801587303,,
mean7_greedy,eval_december,evaluation,2025-12-11,1630.41333437037,1849.5066304476222,97468.24909619165,0.0,72690.50660908954,0.0,72690.50660908954,7011.706431443853,0.0,22621.59999093827,18126.312026190473,0.0,0,0,0,9.094947017729282e-13,LP,0.8557169642857142,,
mean7_greedy,eval_december,evaluation,2025-12-12,1849.5066304476222,1922.1565517195847,50946.63655140623,0.0,23518.60312390172,0.0,23518.60312390172,2015.804446546742,1328.8133463915274,20116.949189420335,16229.343914285711,0.0,0,0,0,1.0231815394945443e-12,LP,0.8546524801587301,,
mean7_greedy,eval_december,evaluation,2025-12-13,1922.1565517195847,2001.8885422253966,51821.586006790116,0.0,24285.644954085,0.0,24285.644954085,2986.9171102692585,1132.38245,20168.390903854193,16264.637840666666,0.0,0,0,0,7.958078640513122e-13,LP,0.8555957341269842,,
mean7_greedy,eval_december,evaluation,2025-12-14,2001.8885422253966,1739.627803660316,97981.36402969193,0.0,75056.59107577111,0.0,75056.59107577111,5070.020763092301,0.0,22992.927006885355,18860.305540285714,0.0,0,0,0,6.821210263296962e-13,LP,0.855952876984127,,
mean7_greedy,eval_december,evaluation,2025-12-15,1739.627803660316,1911.330116133336,99872.19156622222,0.0,76624.21325448077,0.0,76624.21325448077,5856.4810384444445,0.0,23113.791999396828,18567.639438285714,0.0,0,0,0,9.094947017729282e-13,LP,0.8574713293650794,,
mean7_greedy,eval_december,evaluation,2025-12-16,1911.330116133336,1830.002305755558,99682.91976615167,0.0,75926.10397873515,0.0,75926.10397873515,6019.673972596122,0.0,22728.155208222215,18483.000748,0.0,0,0,0,9.094947017729282e-13,LP,0.8583177579365079,,
mean7_greedy,eval_december,evaluation,2025-12-17,1830.002305755558,1875.848881186245,99301.84177987183,0.0,75837.82804770386,0.0,75837.82804770386,6848.438154174018,0.0,22212.077058650197,17950.520499619044,0.0,0,0,0,1.0231815394945443e-12,LP,0.8590515873015874,,
mean7_greedy,eval_december,evaluation,2025-12-18,1875.848881186245,1865.7872980433888,98744.06427248205,0.0,74648.42216844569,0.0,74648.42216844569,6997.454446426801,0.0,23102.096232721928,18721.753373333333,0.0,0,0,0,9.094947017729282e-13,LP,0.8580016865079366,,
mean7_greedy,eval_december,evaluation,2025-12-19,1865.7872980433888,1694.2762466719578,52224.09750531099,0.0,24122.969309358465,0.0,24122.969309358465,3934.6522071416844,1810.65698271605,19603.984008881827,16033.58699342857,0.0,0,0,0,1.0231815394945443e-12,LP,0.8596936507936507,,
mean7_greedy,eval_december,evaluation,2025-12-20,1694.2762466719578,1872.7814958687843,52488.170953038214,0.0,24219.87187015617,0.0,24219.87187015617,3795.8309026360967,1821.318116666667,20284.289260306876,16269.619576571426,0.0,0,0,0,9.094947017729282e-13,LP,0.8598814484126984,,
mean7_greedy,eval_december,evaluation,2025-12-21,1872.7814958687843,1866.898438401062,98002.88393659024,0.0,74281.00673686316,0.0,74281.00673686316,4562.700099780128,0.0,23198.4037992863,18796.001829142857,0.0,0,0,0,9.094947017729282e-13,LP,0.8583492063492064,,
netload_shape_greedy,dev_march,development,2025-03-07,1607.6682326867735,1799.9208019068776,34105.28322439623,0.0,14039.802299931218,0.0,14039.802299931218,526.1004766337453,9514.541594961784,15628.04372194356,12485.68810247619,0.0,0,0,0,1.6484591469634324e-12,MILP,0.6180167414474989,0.5092957260622093,0.3967993300749347
netload_shape_greedy,dev_march,development,2025-03-08,1799.9208019068776,1746.895154250794,32969.960558318635,0.0,13567.076372510264,0.0,13567.076372510264,544.2866061446199,10465.512883945914,15498.655970799531,12601.634419238093,0.0,0,0,0,1.3642420526593924e-12,MILP,0.6079821461106755,0.5018248299285814,0.4059698123799517
netload_shape_greedy,dev_march,development,2025-03-09,1746.895154250794,1570.0341082074087,76873.91025030453,0.0,48644.22584441654,0.0,48644.22584441654,7848.28897229982,2007.7979637895348,20228.806345548503,16544.508081333333,0.0,0,0,0,9.094947017729282e-13,LP,0.7900705876336557,0.5014940669678271,0.4065701996145133
netload_shape_greedy,dev_march,development,2025-03-10,1570.0341082074087,1486.194519686774,75399.72275900646,0.0,49329.06682038425,0.0,49329.06682038425,3033.3033848712466,360.69671666666625,21258.457037563785,17294.805830095236,0.0,0,0,0,6.821210263296962e-13,LP,0.7852525387748921,0.5008047995345335,0.4079147908283751
netload_shape_greedy,dev_march,development,2025-03-11,1486.194519686774,1653.0726919417946,75120.65335889005,0.0,48209.703510348474,0.0,48209.703510348474,5772.701361176944,1440.661016666667,20095.693821141682,16127.321640095237,0.0,0,0,0,9.094947017729282e-13,LP,0.7834651465729834,0.5008302628745339,0.4086844908761385
netload_shape_greedy,dev_march,development,2025-03-12,1653.0726919417946,1462.2876026465617,74588.20140163903,0.0,47012.84118749429,0.0,47012.84118749429,6504.663692594929,2145.0502961822403,19340.31215733805,15837.359427809522,0.0,0,0,0,9.094947017729282e-13,LP,0.7814668145220383,0.5010397070717615,0.40847826143594423
netload_shape_greedy,dev_march,development,2025-03-13,1462.2876026465617,1411.4148678222232,73946.22123949087,31.582805663808358,47600.618608520155,196.1285854392849,47796.74719395944,2393.6745123609544,0.0,21496.29988141564,17457.788365288572,0.0,2,0,0,1.0231815394945443e-12,LP,0.7780013344726542,0.5011907910597723,0.4080630032757312
netload_shape_greedy,dev_march,development,2025-03-14,1411.4148678222232,1920.35807457037,32440.350287762492,0.0,13125.888752193583,0.0,13125.888752193583,322.66848578013173,12645.486392037621,15709.055476516165,12266.28604990476,0.0,0,0,0,1.5575096767861396e-11,MILP,0.5926636829422044,0.5010288809475106,0.4094937154347052
netload_shape_greedy,dev_march,development,2025-03-15,1920.35807457037,1370.7079328285708,31490.085345136977,0.0,13153.841527113707,0.0,13153.841527113707,557.468123047619,7668.654359737804,14918.541262732506,12578.703550380951,0.0,0,0,0,6.536993168992922e-13,MILP,0.5885709482506075,0.502830413271434,0.4073157731195862
netload_shape_greedy,dev_march,development,2025-03-16,1370.7079328285708,1852.2519955904813,73654.39127774486,0.0,46159.54491743261,0.0,46159.54491743261,5508.1316240493825,488.8266500000001,20384.191651981186,16077.805581619048,0.0,0,0,0,1.0231815394945443e-12,LP,0.7752977073835525,0.507466603683365,0.40123750274496434
netload_shape_greedy,dev_march,development,2025-03-17,1852.2519955904813,1975.5496418772482,72259.63792080658,0.0,44221.68889516811,0.0,44221.68889516811,8137.652872503234,2635.277233333333,18513.728947255724,14885.152565619048,0.0,0,0,0,9.094947017729282e-13,LP,0.7749818363425722,0.5075450923109746,0.40154480958603156
netload_shape_greedy,dev_march,development,2025-03-18,1975.5496418772482,1803.7901124941798,70160.05950111228,0.0,43397.59366285684,0.0,43397.59366285684,3898.636526945322,1253.98175,21242.45491550029,17360.972058,0.0,0,0,0,1.0231815394945443e-12,LP,0.7701279101369776,0.5060345724874318,0.40449340658200544
netload_shape_greedy,dev_march,development,2025-03-19,1803.7901124941798,2064.729483820105,70005.53015673015,0.0,42943.54425648252,0.0,42943.54425648252,4396.824172064664,1902.2185999999997,21085.113160379777,16844.096225714286,0.0,0,0,0,8.952838470577262e-13,LP,0.7700244703642971,0.5053929875495154,0.4063893013367365
netload_shape_greedy,dev_march,development,2025-03-20,2064.729483820105,1550.5062194888894,69023.16476128747,41.40331331047673,43317.54985801386,273.8415142354931,43591.39137224935,2437.33641660082,1014.3316833333329,20351.258399448558,16947.32024145143,0.0,1,0,0,9.601208716958354e-13,LP,0.7679720428823902,0.5047424242619678,0.40809609827485477
netload_shape_greedy,dev_april,development,2025-04-17,1618.0719069862432,1993.446970450796,60737.177014785426,0.0,36027.52406992834,0.0,36027.52406992834,1853.8115200799566,1752.042219107586,20658.649307788357,16395.668382190473,0.0,0,0,0,9.094947017729282e-13,LP,0.7381271587775631,0.5145955824509798,0.41749302706098007
netload_shape_greedy,dev_april,development,2025-04-18,1993.446970450796,2146.0427089597865,26901.5167581164,0.0,10652.086227776386,0.0,10652.086227776386,432.5333284761913,17492.553124650207,13078.826089466193,10456.512967809525,0.0,0,0,0,1.3073986337985843e-11,MILP,0.5462436459894339,0.5147244244258752,0.41769594925116993
netload_shape_greedy,dev_april,development,2025-04-19,2146.0427089597865,2102.49358338201,26817.021450395066,0.0,10644.189084501631,0.0,10644.189084501631,502.6140351428577,17138.474211944736,12791.83245435509,10400.578501047616,0.0,0,0,0,1.9326762412674725e-12,MILP,0.5510713016421773,0.5182730168630318,0.41184238003340434
netload_shape_greedy,dev_april,development,2025-04-20,2102.49358338201,2063.3998629513258,59893.794656773665,0.0,35632.78524414139,0.0,35632.78524414139,1807.0209708018833,2248.6708425925954,20608.11741280776,16727.759452761904,0.0,0,0,0,9.094947017729282e-13,LP,0.7367319852099786,0.519218913316173,0.41021333974406693
netload_shape_greedy,dev_april,development,2025-04-21,2063.3998629513258,1562.0540908603193,59500.89957605291,0.0,34870.675963484944,0.0,34870.675963484944,3328.5472269958855,4523.659432238694,18857.8617282469,15726.079194761902,0.0,0,0,0,9.094947017729282e-13,LP,0.7351175058026487,0.5190063716844645,0.4117481598105525
netload_shape_greedy,dev_april,development,2025-04-22,1562.0540908603193,1776.271924446559,59556.35363726161,0.0,35548.517853479105,0.0,35548.517853479105,1289.5315996331603,2114.6451166666666,20033.955547723686,16034.707943428573,0.0,0,0,0,7.958078640513122e-13,LP,0.7344280161591337,0.5178535565758864,0.4163538594371099
netload_shape_greedy,dev_april,development,2025-04-23,1776.271924446559,1927.1374025005305,59749.91146693945,0.0,36111.20261617943,0.0,36111.20261617943,2148.7103327301584,2377.420133333333,19410.97554716167,15587.11126295238,0.0,0,0,0,9.094947017729282e-13,LP,0.7366966262665107,0.5175065205483907,0.41907674663817207
netload_shape_greedy,dev_april,development,2025-04-24,1927.1374025005305,1810.5011358306879,58633.1302089171,0.0,35104.11115059203,0.0,35104.11115059203,2764.3748006466762,5304.634016666667,18836.775429508525,15362.76073790476,0.0,0,0,0,9.094947017729282e-13,LP,0.735167187715938,0.5169095075271634,0.4223617828565418
netload_shape_greedy,dev_april,development,2025-04-25,1810.5011358306879,1757.9912371132332,26135.81557480541,0.0,9950.606998168969,0.0,9950.606998168969,277.03426780952486,21542.201724992356,12439.372846574955,10123.150914571426,0.0,0,0,0,1.4438228390645236e-11,MILP,0.538082852791563,0.5165411574011081,0.4239707372290195
netload_shape_greedy,dev_april,development,2025-04-26,1757.9912371132332,1528.5528376656105,26058.808989927096,0.0,10081.920455077136,0.0,10081.920455077136,62.003718952381064,23784.54332531922,12360.85722013168,10218.788907809521,0.0,0,0,0,3.637978807091713e-12,MILP,0.5383931925405283,0.5192528144142257,0.41943088149860697
netload_shape_greedy,dev_april,development,2025-04-27,1528.5528376656105,1485.078089274073,55806.05916888888,409.98820711143026,32751.58048941309,2689.7276327545383,35441.308122167626,1468.8322939047614,2399.1817972827757,20072.049342272778,16297.487240793333,0.0,1,0,0,9.094947017729282e-13,LP,0.72465908288302,0.5195706175395406,0.4189209440502353
netload_shape_greedy,dev_april,development,2025-04-28,1485.078089274073,1504.9808207925923,55359.6419113933,4447.027889320948,33357.24301389782,28086.80410712432,61444.047121022144,194.60243914285672,0.0,15643.092560726633,12652.992515821907,0.0,11,0,0,8.810729923425242e-13,LP,0.723849592438232,0.5193824608843193,0.4207825765244007
netload_shape_greedy,dev_april,development,2025-04-29,1504.9808207925923,1708.2381589777765,57695.52719732746,85.46765795618558,33840.698288574335,565.6249603540361,34406.32324892837,1981.8005331428556,4698.317284767789,18340.693243893,14673.02992318667,0.0,1,0,0,8.952838470577262e-13,LP,0.7315833865972604,0.5196265969876976,0.42369846997547594
netload_shape_greedy,dev_april,development,2025-04-30,1708.2381589777765,1631.4852543788363,57021.52832893709,0.0,33565.730242067744,0.0,33565.730242067744,1956.422846031746,3418.7778791440314,18202.898866142274,14813.425695714284,0.0,0,0,0,8.86402062860725e-13,LP,0.7299469503654366,0.5194147577819602,0.4246704973483236
netload_shape_greedy,val_june,validation,2025-06-08,1781.3549957153423,2089.1162261502664,87309.43287990359,16.6509493333333,59478.46832445319,115.05264593904737,59593.52097039224,17213.873948420933,1625.3386999999998,15920.85687767313,12618.908963523805,0.0,2,0,0,9.094947017729282e-13,LP,0.8224463213652988,0.5442248536810317,0.42479865654645393
netload_shape_greedy,val_june,validation,2025-06-09,2089.1162261502664,2138.257540046564,85745.16122700764,26.182083523809524,59662.120122575005,184.1079778854762,59846.22810046048,10120.494750886546,922.1339388289289,19746.182657768357,15950.180770285713,0.0,2,0,0,6.821210263296962e-13,LP,0.8159167543761139,0.5452330709980381,0.421494135584084
netload_shape_greedy,val_june,validation,2025-06-10,2138.257540046564,2282.374572296297,86236.02067150382,0.0,59733.65161418366,0.0,59733.65161418366,10274.171418961789,458.2999333333329,19765.261878161073,15880.15679228571,0.0,0,0,0,9.094947017729282e-13,LP,0.8185262415946246,0.5451161640111098,0.4220589595865824
netload_shape_greedy,val_june,validation,2025-06-11,2282.374572296297,2420.165174101588,86870.45867938506,0.0,60356.77192843326,0.0,60356.77192843326,6172.137712447977,0.0,23630.858466556136,19016.98381628571,0.0,0,0,0,8.526512829121202e-13,LP,0.8216433548621627,0.5451884502908682,0.42210782180348255
netload_shape_greedy,val_june,validation,2025-06-12,2420.165174101588,2566.014159001058,87572.81804833157,0.0,61128.29124892526,0.0,61128.29124892526,10823.998388556145,448.5068666666666,19561.354070346853,15713.432710571427,0.0,0,0,0,8.526512829121202e-13,LP,0.8249156842268097,0.5448587837989551,0.4237415101369018
netload_shape_greedy,val_june,validation,2025-06-13,2566.014159001058,2575.636351815873,39993.47707032922,0.0,20178.119215372644,0.0,20178.119215372644,3119.5914915708486,6099.7311,12737.793711710756,10308.952932952381,0.0,0,0,0,8.526512829121202e-13,LP,0.6334876355806884,0.5449616674159012,0.42348063115687323
netload_shape_greedy,val_june,validation,2025-06-14,2575.636351815873,2621.9770834973533,40145.63127638667,0.0,20728.95501853101,0.0,20728.95501853101,3291.0978142857166,8326.47826289477,12068.451529962373,9733.739080756186,0.0,0,0,0,9.094947017729282e-13,LP,0.6344150688285922,0.546287995356829,0.42119632460414097
netload_shape_greedy,val_june,validation,2025-06-15,2621.9770834973533,3274.075601164023,88786.32215497119,0.0,61766.77230599272,0.0,61766.77230599272,13479.478624907708,298.84709999999995,19969.123320158724,15588.10122342857,0.0,0,0,0,8.526512829121202e-13,LP,0.8306225070744732,0.5461551507589568,0.4214942914834687
netload_shape_greedy,val_june,validation,2025-06-16,3274.075601164023,3108.256751350265,87415.20647083363,0.0,61647.681701098714,0.0,61647.681701098714,10964.699197223994,134.01041666666652,19850.95265846678,16228.508618190475,0.0,0,0,0,9.663381206337363e-13,LP,0.8319860111643355,0.5466694221426548,0.41971549680307013
netload_shape_greedy,val_june,validation,2025-06-17,3108.256751350265,2634.8261235333325,86680.72414110287,0.0,60575.3679066921,0.0,60575.3679066921,8574.19545541093,82.02935000000014,20071.450968739562,16683.962849714284,0.0,0,0,0,9.094947017729282e-13,LP,0.8335793296461266,0.5470394655456808,0.41939510483384734
netload_shape_greedy,val_june,validation,2025-06-18,2634.8261235333325,2937.999764022223,87440.5904355344,0.0,61079.05160180049,0.0,61079.05160180049,12650.57690239389,88.67290000000003,18421.544508950024,14648.59477580952,0.0,0,0,0,9.094947017729282e-13,LP,0.8366564659100247,0.547273981543208,0.4191902409723552
netload_shape_greedy,val_june,validation,2025-06-19,2937.999764022223,2684.1647233682556,85400.24147784832,48.66240171428569,58627.92265036757,334.32397563485705,58962.24662600243,12276.56351199531,1556.9697499999997,18864.831337662545,15508.964920095235,0.0,2,0,0,9.094947017729282e-13,LP,0.8328022938210483,0.5479864290227718,0.4178569783669511
netload_shape_greedy,val_june,validation,2025-06-20,2684.1647233682556,2884.6010395206395,36665.507066768965,0.0,18782.534195155265,0.0,18782.534195155265,1743.4082252451512,10142.107103978837,11573.780015830687,9194.36912828571,0.0,0,0,0,9.094947017729282e-13,LP,0.6411005502714558,0.548871502521661,0.4152752192353852
netload_shape_greedy,val_june,validation,2025-06-21,2884.6010395206395,3117.437340286773,35252.93467776476,0.0,18137.806418608307,0.0,18137.806418608307,1836.381907809525,11549.452755479133,12225.299704139916,9692.94008966381,0.0,0,0,0,8.355982572538778e-12,MILP,0.6403881391479943,0.5511590999404195,0.41089228165511255
netload_shape_greedy,val_august,validation,2025-08-18,2178.160729337569,2134.924192117462,72442.89799171193,102.00601809523812,52938.75510084663,860.0659960050001,53798.82109685163,2419.5210940693755,2044.6419833333339,19608.09578545208,15921.470469714286,0.0,4,0,0,8.668621376273222e-13,LP,0.8564017907186448,0.5699084988895986,0.4266786029450316
netload_shape_greedy,val_august,validation,2025-08-19,2134.924192117462,1852.4128791502637,72320.79132383892,115.82866466666655,52948.949157654,987.5119954816656,53936.46115313567,1851.7518462998228,3096.0673642704323,18028.425840030566,14857.285112095238,0.0,4,0,0,8.526512829121202e-13,LP,0.8536326674990565,0.5700363058447474,0.4243975053010037
netload_shape_greedy,val_august,validation,2025-08-20,1852.4128791502637,1630.2109173555552,72871.02814889594,1764.3223671056976,53848.52829125033,11273.913469480893,65122.44176073123,393.58247542857146,0.0,19952.940734324522,16361.86376041811,0.0,11,0,0,8.810729923425242e-13,LP,0.852055579501464,0.5703812399732591,0.42217442108312236
netload_shape_greedy,val_august,validation,2025-08-21,1630.2109173555552,1854.96182146032,74223.70503470546,0.0,53827.59739112649,0.0,53827.59739112649,2730.2448360235153,1886.202093855375,18739.809514731336,14976.969893238094,0.0,0,0,0,9.094947017729282e-13,LP,0.8528506446767309,0.5704505399662892,0.4213868636585449
netload_shape_greedy,val_august,validation,2025-08-22,1854.96182146032,1486.6533281999998,40199.23855096649,33.57257334380747,22799.43942107881,68.55519476805485,22867.994615846863,0.0,16864.03658289359,12998.330449215755,10860.125307799048,0.0,1,0,0,1.0231815394945443e-12,MILP,0.6600066060710822,0.5707408500772444,0.41918047699200395
netload_shape_greedy,val_august,validation,2025-08-23,1486.6533281999998,1916.1332087280416,40856.08646950029,0.0,22722.56042623388,0.0,22722.56042623388,430.1179870029396,15036.989721535563,13012.845886771313,10153.873275809523,0.0,0,0,0,1.1368683772161603e-12,MILP,0.6579989180555863,0.5642331343266671,0.42878138842733854
netload_shape_greedy,val_august,validation,2025-08-24,1916.1332087280416,2100.0782866380923,76191.91484413992,0.0,54768.98718051546,0.0,54768.98718051546,4229.894518825398,4279.161608546739,19914.30875429159,15965.039520857143,0.0,0,0,0,1.0231815394945443e-12,LP,0.8564360673691431,0.5596607277186549,0.43552005436943414
netload_shape_greedy,val_august,validation,2025-08-25,2100.0782866380923,1707.2043083703695,76204.94830689124,194.44487727809167,55327.66903649773,1651.739259365781,56979.40829586351,1268.7607725643775,848.1037247454473,20331.727634914754,16822.285964721905,0.0,3,0,0,9.094947017729282e-13,LP,0.8557272212922038,0.560037273627021,0.43277203478139475
netload_shape_greedy,val_august,validation,2025-08-26,1707.2043083703695,2289.7248573343923,77810.48083583772,0.0,55581.993676978214,0.0,55581.993676978214,5399.989963283944,2495.178783333334,20327.5011148395,15941.00740895238,0.0,0,0,0,9.094947017729282e-13,LP,0.8585901715828432,0.560221129739444,0.43090815548553574
netload_shape_greedy,val_august,validation,2025-08-27,2289.7248573343923,1885.1668969915356,76984.80180751321,16.225255619048085,55420.373062086604,134.3372614190515,55554.71032350565,3149.673414190475,2413.5014,20462.1344557037,16938.431073428572,0.0,2,0,0,7.673861546209082e-13,LP,0.8586195307447301,0.560846749191363,0.4282256312923744
netload_shape_greedy,val_august,validation,2025-08-28,1885.1668969915356,1928.8909241407405,76463.18450198117,46.880709523809514,55508.54931274525,388.3171611380952,55896.86647388335,1681.3897400482092,0.0,21165.941387837738,17105.060899714284,0.0,3,0,0,8.242295734817162e-13,LP,0.8549607851966115,0.5613309185501202,0.4261374832420497
netload_shape_greedy,val_august,validation,2025-08-29,1928.8909241407405,1784.4022373777766,41128.83874780012,0.0,23079.85500884934,0.0,23079.85500884934,867.7987563809534,15256.981088423285,13573.044058329217,11124.205505333333,0.0,0,0,0,3.069544618483633e-12,MILP,0.6640777706715391,0.5615916712788994,0.4251112364356503
netload_shape_greedy,val_august,validation,2025-08-30,1784.4022373777766,1574.0628858211644,41384.38355317108,0.0,23569.560338993524,0.0,23569.560338993524,740.174685690772,19931.009150673723,12577.817367758964,10377.337484285714,0.0,0,0,0,1.4779288903810084e-12,MILP,0.6637011219510595,0.5594691554999075,0.4281715072443234
netload_shape_greedy,val_august,validation,2025-08-31,1574.0628858211644,2395.7523527111116,78414.74288740623,26.50513619047615,56007.02721118095,218.3203532838092,56225.34756446477,4534.9535641363955,2629.044000000001,20479.509768031745,15848.882391904763,0.0,3,0,0,9.348077867343818e-13,LP,0.8570871578604482,0.5541674931553716,0.435806764887733
netload_shape_greedy,eval_september,evaluation,2025-09-10,4786.2408636984155,4596.088809841269,67860.3791468054,968.5033833333317,45651.62173124786,5167.422119424991,50819.04385067285,3864.56368665843,0.0,20102.405483956496,16454.085290476192,0.0,7,0,0,9.094947017729282e-13,LP,0.8163633257552172,0.5439409579669213,0.4112409368605471
netload_shape_greedy,eval_september,evaluation,2025-09-11,4596.088809841269,4802.587337518519,69292.72779655732,0.0,45510.61322359554,0.0,45510.61322359554,7376.391981236922,4680.02805,18707.22793198706,14967.005949999997,0.0,0,0,0,8.952838470577262e-13,LP,0.81736970157846,0.5451031010038355,0.4060250763155628
netload_shape_greedy,eval_september,evaluation,2025-09-12,4802.587337518519,4872.584083026451,35255.18926909047,0.0,17647.756244213546,0.0,17647.756244213546,1411.9947929523807,19724.97650920635,13176.65629460317,10610.09452767143,0.0,0,0,0,1.0231815394945443e-12,MILP,0.6315898446762855,0.546546342721517,0.39925963621680416
netload_shape_greedy,eval_september,evaluation,2025-09-13,4872.584083026451,5204.148125867726,35509.83696918096,0.0,17701.49667669541,0.0,17701.49667669541,1016.7562340681957,23674.302699465017,13227.731125038214,10416.054572723806,0.0,0,0,0,2.0463630789890885e-11,MILP,0.628046447499463,0.5373233378879234,0.41292593093926677
netload_shape_greedy,eval_september,evaluation,2025-09-14,5204.148125867726,4487.227906111115,68323.54110245031,0.0,46008.800617683395,0.0,46008.800617683395,5244.2073217577845,146.7241269077006,18307.963692451496,15474.678788666666,0.0,0,0,0,1.0231815394945443e-12,LP,0.8153088731208755,0.5240828206673953,0.4324889037220412
netload_shape_greedy,eval_september,evaluation,2025-09-15,4487.227906111115,3986.774659746033,67434.65243069135,0.0,44657.37818382771,0.0,44657.37818382771,5790.8465656507915,3405.924111568486,19059.25811509112,15888.40699495238,0.0,0,0,0,7.105427357601002e-13,LP,0.8051567609480959,0.525322354873953,0.42629161761832157
netload_shape_greedy,eval_september,evaluation,2025-09-16,3986.774659746033,3583.5142666084644,67472.52043429276,0.0,45454.98621177184,0.0,45454.98621177184,3416.4635393768376,1430.3384217530897,18404.64654554379,15270.698055714285,0.0,0,0,0,7.673861546209082e-13,LP,0.8000838018365934,0.5263160462549772,0.42084057004000636
netload_shape_greedy,eval_september,evaluation,2025-09-17,3583.5142666084644,3671.113625460318,68723.97640009523,7.62916666666672,45644.147144234026,38.19542291666694,45682.34256715069,4892.949583912992,0.0,19998.41136780129,16119.87378495238,0.0,1,0,0,9.094947017729282e-13,LP,0.8000914346810151,0.5273834007303333,0.4152201027904366
netload_shape_greedy,eval_september,evaluation,2025-09-18,3671.113625460318,3584.4259127671953,68750.67448494297,0.0,45281.97711200716,0.0,45281.97711200716,4740.743438859495,1438.4827399271005,19439.0322679659,15823.635078476189,0.0,0,0,0,9.094947017729282e-13,LP,0.7962916598512183,0.528535769247231,0.4096157025130678
netload_shape_greedy,eval_september,evaluation,2025-09-19,3584.4259127671953,4496.983348915345,35408.81224665491,0.0,17348.990632172743,0.0,17348.990632172743,597.2874819753083,15251.107939588472,13882.96218890065,10423.89768047619,0.0,0,0,0,2.816907201324486e-12,MILP,0.6128839093021848,0.5296506368941986,0.4037093127069157
netload_shape_greedy,eval_september,evaluation,2025-09-20,4496.983348915345,4610.873304386244,34562.68968055261,0.0,16696.202623176574,0.0,16696.202623176574,643.1293042857142,15593.405164015287,13569.581678918279,10888.8602,0.0,0,0,0,2.362159850438022e-12,MILP,0.6102293918100916,0.5214021041691299,0.41598034851839544
netload_shape_greedy,eval_september,evaluation,2025-09-21,4610.873304386244,3822.106488999998,70845.60734687712,0.0,47632.30152536634,0.0,47632.30152536634,6664.572512959436,3430.7977519188707,16698.103855332152,14235.354256666666,0.0,0,0,0,9.094947017729282e-13,LP,0.8026748521758518,0.5128350277089542,0.42868195813037896
netload_shape_greedy,eval_september,evaluation,2025-09-22,3822.106488999998,2889.0253054285704,68842.22145939565,0.0,45902.42621292242,0.0,45902.42621292242,3110.427159362732,2524.7006999999994,18067.614641651966,15474.540924952384,0.0,0,0,0,8.881784197001252e-13,LP,0.7887961902371388,0.5140844566119562,0.42281812893963294
netload_shape_greedy,eval_september,evaluation,2025-09-23,2889.0253054285704,2966.993081158731,70776.06237700881,0.0,46637.086024474695,0.0,46637.086024474695,2812.924501677835,1934.4691124703136,20220.432533527335,16308.379353999999,0.0,0,0,0,9.094947017729282e-13,LP,0.7901977066971508,0.5150454755260634,0.4181151074565432
netload_shape_greedy,eval_december,evaluation,2025-12-08,1451.3861965089911,1928.8049120613766,96764.52389095355,0.0,73593.7483367737,0.0,73593.7483367737,4123.218734850087,0.0,22970.61681810347,18176.522778666666,0.0,0,0,0,9.663381206337363e-13,LP,0.8762378437248717,0.5213822754953812,0.43357084180382177
netload_shape_greedy,eval_december,evaluation,2025-12-09,1928.8049120613766,1683.501095979894,96611.10718190005,28.02018466666675,72821.18290616792,207.1730520160006,73028.3559581839,5143.404818491474,0.0,22779.166925694295,18671.898644285713,0.0,2,0,0,9.094947017729282e-13,LP,0.8795689166762835,0.5195988206828938,0.4385439870230189
netload_shape_greedy,eval_december,evaluation,2025-12-10,1683.501095979894,1752.1957227788373,96861.426909291,0.0,74073.63706021472,0.0,74073.63706021472,4211.147343215751,0.0,22109.662817313347,17847.001717904765,0.0,0,0,0,9.094947017729282e-13,LP,0.8811324649276295,0.5181830572204592,0.4431877547886576
netload_shape_greedy,eval_december,evaluation,2025-12-11,1752.1957227788373,1888.4510293947114,97194.2822582328,0.0,72939.17053442434,0.0,72939.17053442434,6909.247966379771,0.0,22111.314820519692,17787.535228666664,0.0,0,0,0,6.821210263296962e-13,LP,0.8845781951774967,0.5164896569400408,0.44809165559387415
netload_shape_greedy,eval_december,evaluation,2025-12-12,1888.4510293947114,1922.1565517195847,50903.36499702057,0.0,23398.035975811854,0.0,23398.035975811854,2015.8044465467406,1328.8133463915274,20073.67763503468,16229.343914285711,0.0,0,0,0,1.0231815394945443e-12,LP,0.6800756708068013,0.5159050663115621,0.44993272147602226
netload_shape_greedy,eval_december,evaluation,2025-12-13,1922.1565517195847,2001.8885422253966,51821.586006790116,0.0,24304.14324158733,0.0,24304.14324158733,2989.1660065655533,1132.38245,20156.554607557897,16255.050440666666,0.0,0,0,0,7.958078640513122e-13,LP,0.6868611092315329,0.5228335492372617,0.4411122323011226
netload_shape_greedy,eval_december,evaluation,2025-12-14,2001.8885422253966,1739.627803660316,97849.08415433274,0.0,75096.02205629331,0.0,75096.02205629331,5060.22846407643,0.0,22348.25555244679,18338.121662190475,0.0,0,0,0,6.821210263296962e-13,LP,0.8883506741379759,0.5304620468462767,0.43130622182807526
netload_shape_greedy,eval_december,evaluation,2025-12-15,1739.627803660316,1911.330116133336,99742.16195113816,0.0,76640.4970590354,0.0,76640.4970590354,5831.101384987658,0.0,22563.00272767431,18121.500128190473,0.0,0,0,0,9.094947017729282e-13,LP,0.8973385576342836,0.5287436671900761,0.43635871373954727
netload_shape_greedy,eval_december,evaluation,2025-12-16,1911.330116133336,1830.002305755558,99547.49207905114,0.0,76086.54973797104,0.0,76086.54973797104,5932.712570159903,0.0,22473.069499462665,18276.381323904763,0.0,0,0,0,7.958078640513122e-13,LP,0.9000561997403037,0.5278048111982042,0.4392460877977262
netload_shape_greedy,eval_december,evaluation,2025-12-17,1830.002305755558,1875.848881186245,99301.84177987183,0.0,75715.52371752131,0.0,75715.52371752131,6776.158298011758,0.0,22592.49735424103,18258.660939047615,0.0,0,0,0,1.0231815394945443e-12,LP,0.9016855670596717,0.5272886902091826,0.44151811418450876
netload_shape_greedy,eval_december,evaluation,2025-12-18,1875.848881186245,1865.7872980433888,98744.06427248206,0.0,74654.90681405122,0.0,74654.90681405122,6991.266827433266,0.0,23134.66264847737,18748.13217009524,0.0,0,0,0,9.094947017729282e-13,LP,0.9025562078545103,0.5270236488259022,0.44342040805311356
netload_shape_greedy,eval_december,evaluation,2025-12-19,1865.7872980433888,1694.2762466719578,52224.09750531099,0.0,24129.29094992796,0.0,24129.29094992796,3934.6522071416853,1810.65698271605,19603.984008881827,16033.58699342857,0.0,0,0,0,1.0231815394945443e-12,LP,0.7009279830740953,0.5268100906132118,0.4450100720310858
netload_shape_greedy,eval_december,evaluation,2025-12-20,1694.2762466719578,1872.7814958687843,52488.170953038214,0.0,24086.37163415799,0.0,24086.37163415799,3795.8309026360976,1821.318116666667,20284.289260306876,16269.619576571426,0.0,0,0,0,9.094947017729282e-13,LP,0.7049704300728441,0.5322334872868142,0.4382296321930524
netload_shape_greedy,eval_december,evaluation,2025-12-21,1872.7814958687843,1866.898438401062,97965.79764183186,0.0,74259.05657487028,0.0,74259.05657487028,4546.655538677245,0.0,23087.657832678422,18706.297596190474,0.0,0,0,0,9.094947017729282e-13,LP,0.9040694857084979,0.5377465681679388,0.43117880109496604
mean7_value_update,dev_march,development,2025-03-07,1607.6682326867735,1808.2773627661372,34204.04107473368,13.47355281904911,14122.63898379,32.303649931307376,14154.942633721306,558.8841711428573,9498.391916278659,16091.604156455023,12853.65114965714,13.47355281904911,2,4,0,3.467448550509289e-12,MILP,0.7488613095238095,,
mean7_value_update,dev_march,development,2025-03-08,1808.2773627661372,1746.895154250794,32960.675490697235,9.980702857142717,13590.144166921504,36.02712010357091,13626.171287025076,543.2102475238099,10478.911097945915,15477.04904779894,12591.653716380952,9.980702857142717,2,4,0,1.8189894035458565e-12,MILP,0.7476931547619048,,
mean7_value_update,dev_march,development,2025-03-09,1746.895154250794,1557.369274065611,76853.87114620223,0.0,48585.780498432374,0.0,48585.780498432374,7742.26806506878,2093.227828646677,20291.702603439157,16606.85240095238,0.0,0,4,0,9.094947017729282e-13,LP,0.7452704365079366,,
mean7_value_update,dev_march,development,2025-03-10,1557.369274065611,1552.6771873629648,75454.68785399408,140.2882670476182,49156.874618939124,765.267954889328,49922.14257382845,3150.260342577303,360.69671666666625,21295.634157000586,17253.686545202858,140.2882670476182,8,4,0,6.821210263296962e-13,LP,0.7412012896825397,,
mean7_value_update,dev_march,development,2025-03-11,1552.6771873629648,1796.9256293375636,75145.28803695824,258.25686266666634,48094.96290169489,1096.913125138522,49191.876026833415,5945.910976002345,1440.661016666667,20306.476364098766,16228.42225714286,258.25686266666634,12,4,0,7.736034035588091e-13,LP,0.739858630952381,,
mean7_value_update,dev_march,development,2025-03-12,1796.9256293375636,1488.215326268785,74573.7649396014,50.97672609523863,46925.9070703164,288.03513550914596,47213.94220582555,6635.4373074450195,2063.319184865368,19833.104014814828,16342.653524761909,50.97672609523863,7,4,0,1.9326762412674725e-12,LP,0.7382536706349206,,
mean7_value_update,dev_march,development,2025-03-13,1488.215326268785,1490.4945404148161,74075.74599102174,281.5262811199991,47625.15306013473,1556.2175780848252,49181.37063821955,2644.163648489113,0.0,21923.364811865966,17755.87420488,281.5262811199991,14,4,0,8.588685318500211e-13,LP,0.7362061507936508,,
mean7_value_update,dev_march,development,2025-03-14,1490.4945404148161,1943.5351887502645,32352.483984881834,37.443633999999975,13145.128552452674,134.87869443380967,13280.007246886484,339.4214600000047,12651.7879945726,15587.134723547322,12217.842542571427,37.443633999999975,4,4,0,4.092726157978177e-12,MILP,0.7373176587301588,,
mean7_value_update,dev_march,development,2025-03-15,1943.5351887502645,1439.5778334634933,31464.332996048204,108.314116571429,13132.102335140848,437.2805239828604,13569.382859123707,582.2605277142854,7696.341239400354,14860.430606647851,12490.510411142855,108.314116571429,7,4,0,1.5158245029548803e-12,MILP,0.7348727182539682,,
mean7_value_update,dev_march,development,2025-03-16,1439.5778334634933,1838.3368031566156,73665.07076749398,102.3489366190491,46129.8909898274,513.937620487436,46643.828610314835,5622.756834825394,488.8266500000001,20767.927438055263,16463.138152100953,102.3489366190491,6,4,0,1.8189894035458565e-12,LP,0.7359454365079365,,
mean7_value_update,dev_march,development,2025-03-17,1838.3368031566156,1958.8960840984132,72371.76693552535,0.5464333333331979,44227.65355592846,2.4368194499993963,44230.09037537846,7980.447940319819,2805.418361700175,19051.643582409164,15323.327948903812,0.5464333333331979,1,4,0,9.094947017729282e-13,LP,0.7361005952380952,,
mean7_value_update,dev_march,development,2025-03-18,1958.8960840984132,1835.1560712402136,70178.56345419987,6.465268761905577,43585.5298195425,42.657843291053,43628.18766283355,3869.8011703057036,1253.98175,21298.176039798935,17362.888603809522,6.465268761905577,1,4,0,1.0231815394945443e-12,LP,0.7300612103174603,,
mean7_value_update,dev_march,development,2025-03-19,1835.1560712402136,2067.2525849566136,69970.67909145678,5.641059047618796,42899.945211034326,32.464294819046174,42932.40950585337,4383.967977348614,1902.2185999999997,21135.66453058436,16911.001407428572,5.641059047618796,1,4,0,9.094947017729282e-13,LP,0.7281502976190476,,
mean7_value_update,dev_march,development,2025-03-20,2067.2525849566136,1744.0653483587332,69020.36131558024,295.30737514285727,43373.44699715981,1327.5304223725227,44700.97741953233,2542.482604981768,1014.3316833333329,20214.53209831276,16664.63951257143,295.30737514285727,14,4,0,9.601208716958354e-13,LP,0.7269603174603174,,
mean7_value_update,dev_april,development,2025-04-17,1618.0719069862432,2003.4094306867746,60737.177014785426,57.42700378000048,36121.7287621462,246.53253983191271,36368.26130197812,1914.5384591840125,1752.042219107586,20594.090626017634,16334.409635743808,57.42700378000048,10,4,0,9.094947017729282e-13,LP,0.696730257936508,,
mean7_value_update,dev_april,development,2025-04-18,2003.4094306867746,2153.0591576370357,26890.4473578542,18.937638476190898,10649.018896963731,58.15745769571589,10707.176354659447,432.5333284761913,17508.136871152263,13052.172942701936,10437.575329333335,18.937638476190898,4,4,0,2.6147972675971687e-11,MILP,0.6952645833333333,,
mean7_value_update,dev_april,development,2025-04-19,2153.0591576370357,2102.49358338201,26809.225396309233,21.427374666666935,10641.473718863535,37.33633585200047,10678.810054715537,502.6140351428577,17164.92776091593,12757.582851298064,10379.15112638095,21.427374666666935,2,4,0,7.044320682325633e-11,MILP,0.6963991071428572,,
mean7_value_update,dev_april,development,2025-04-20,2102.49358338201,2004.9647056825395,59893.79465677366,85.73158819047592,35568.08304688317,379.1545956216655,35947.237642504835,1927.392062706645,2299.2068611111126,20436.623303908287,16641.44086609524,85.73158819047592,5,4,0,9.094947017729282e-13,LP,0.6955575396825396,,
mean7_value_update,dev_april,development,2025-04-21,2004.9647056825395,1556.635825121692,59565.82752857378,40.89586971428571,34899.397511498326,156.49941845180925,35055.89692995014,3359.854605018229,4555.494527619052,18831.367762222213,15656.90387990476,40.89586971428571,4,4,0,9.094947017729282e-13,LP,0.6940124007936509,,
mean7_value_update,dev_april,development,2025-04-22,1556.635825121692,1718.3639339164013,59562.37393252675,162.238076380952,35585.0734247104,709.5138983250932,36294.58732303549,1556.2404721681403,2114.6451166666666,19764.430555215753,15863.633451809523,162.238076380952,6,4,0,9.094947017729282e-13,LP,0.6922059523809523,,
mean7_value_update,dev_april,development,2025-04-23,1718.3639339164013,1864.8508124169305,59814.25367863962,91.92380714285775,36015.30384240899,324.04078732928895,36339.34462973828,2307.886078427983,2377.420133333333,19416.401930021162,15595.447372666666,91.92380714285775,6,4,0,9.094947017729282e-13,LP,0.6939810515873016,,
mean7_value_update,dev_april,development,2025-04-24,1864.8508124169305,1842.977187508995,58702.33753123222,97.87910999999872,34984.17998763872,503.1543224694703,35487.33431010819,2849.7721944362124,5304.634016666667,18817.8420660341,15262.138335904761,97.87910999999872,12,4,0,9.094947017729282e-13,LP,0.6919179563492064,,
mean7_value_update,dev_april,development,2025-04-25,1842.977187508995,1757.9912371132332,26099.731072940624,0.0,9922.5339221224,0.0,9922.5339221224,276.4841164761913,21542.75187632569,12403.288344710169,10123.150914571426,0.0,0,4,0,2.7853275241795927e-11,MILP,0.6902632936507936,,
mean7_value_update,dev_april,development,2025-04-26,1757.9912371132332,1670.3568247555588,26058.808989927096,131.3893817142849,10141.02519373696,410.2497556992356,10551.274949436196,38.131557619047726,23814.22978945914,12350.075591325096,10082.432200095236,131.3893817142849,10,4,0,8.08597633294994e-12,MILP,0.6875877976190475,,
mean7_value_update,dev_april,development,2025-04-27,1670.3568247555588,1781.1259972751307,55648.49918323338,807.8719026666674,32832.65518409191,3583.8305646208623,36416.485748712774,1622.2325265714285,2407.4495631158147,19755.39767164138,15902.179858761905,807.8719026666674,19,4,0,8.810729923425242e-13,LP,0.6847061507936508,,
mean7_value_update,dev_april,development,2025-04-28,1781.1259972751307,1504.9808207925923,55030.69979139212,4435.1321416571345,33104.20810224066,25732.26238440057,58836.47048664123,182.88320895238041,0.0,15313.221401392126,12652.23999396191,4402.508471657135,31,4,0,9.094947017729282e-13,LP,0.6830409722222223,,
mean7_value_update,dev_april,development,2025-04-29,1504.9808207925923,1919.8933887132298,57695.52719732746,428.72194571428406,33935.6836587988,1741.2770229416126,35676.96068174041,2218.88917607995,4646.779830463265,18168.132151069956,14342.765731238094,428.72194571428406,10,4,0,8.952838470577262e-13,LP,0.6876266865079366,,
mean7_value_update,dev_april,development,2025-04-30,1919.8933887132298,1638.3538020497374,56786.355851453256,58.64948676190511,33532.98018432406,236.34229051547754,33769.32247483954,1991.9060055555556,3454.352213951792,17869.885859850674,14727.993174476189,58.64948676190511,5,4,0,1.1368683772161603e-12,LP,0.6846873015873016,,
mean7_value_update,val_june,validation,2025-06-08,1781.3549957153423,2168.5444668285722,86851.65452567783,19.011776857142877,59329.39505745775,131.58670150204773,59460.981758959795,16754.182441733097,1846.0099666666665,14405.684755087603,11320.134127619047,0.0,3,4,0,9.094947017729282e-13,LP,0.7672440476190476,,
mean7_value_update,val_june,validation,2025-06-09,2168.5444668285722,2158.59677504762,85337.00364660905,92.44536371428569,59573.28494116941,547.1098707592379,60120.39481192864,10041.23172057731,981.6363156096456,18330.63770213638,14856.769461333331,66.26328019047617,5,4,0,6.821210263296962e-13,LP,0.7640867063492063,,
mean7_value_update,val_june,validation,2025-06-10,2158.59677504762,2333.217336100531,85896.75485483598,9.9485453333333,59637.62217532497,26.229339771333244,59663.85151509631,10053.97131446679,458.2999333333329,19046.47060046443,15270.48268142857,9.9485453333333,1,4,0,9.094947017729282e-13,LP,0.7654167658730159,,
mean7_value_update,val_june,validation,2025-06-11,2333.217336100531,2446.1562815566153,86497.30005293591,42.42461569904478,60101.55703580572,225.5767951523662,60327.13383095808,6118.028310552619,0.0,22292.657844764253,17955.40780334857,40.41269427047345,4,4,0,1.0231815394945443e-12,LP,0.7669218253968253,,
mean7_value_update,val_june,validation,2025-06-12,2446.1562815566153,2602.310028023281,87227.27237338154,6.911473809523386,61109.40406178388,30.966858403569532,61140.37092018745,10625.307533044095,541.7576999999998,18285.204257861253,14670.477077047619,6.911473809523386,1,4,0,2.2737367544323206e-12,LP,0.7694986111111112,,
mean7_value_update,val_june,validation,2025-06-13,2602.310028023281,2575.636351815873,39870.784257312174,30.310687047619126,20188.263742981435,114.7948612667622,20303.058604248195,1738.2949575238113,7516.404527204,12237.30562220341,9936.223862571429,30.310687047619126,2,4,0,8.526512829121202e-13,LP,0.7694863095238095,,
mean7_value_update,val_june,validation,2025-06-14,2575.636351815873,2621.9770834973533,40161.01455702763,6.862216666666541,20731.87915139123,13.473962424999753,20745.35311381623,1845.078009523812,9780.969940084658,12140.94429248677,9792.458218400947,6.862216666666541,1,4,0,1.5774048733874224e-12,LP,0.768164384920635,,
mean7_value_update,val_june,validation,2025-06-15,2621.9770834973533,3274.0756011640224,88655.19257128982,0.0,61685.053972073,0.0,61685.053972073,13393.37323958025,298.84709999999995,19732.15385513815,15396.155956761902,0.0,0,4,0,8.526512829121202e-13,LP,0.7662471230158729,,
mean7_value_update,val_june,validation,2025-06-16,3274.0756011640224,3169.124030929103,87193.37376454085,72.15126885714301,61398.598300270256,245.02078385895345,61643.61908412921,10795.141523127579,271.4355833333334,18943.955386746617,15439.060276476188,72.15126885714301,3,4,0,1.5347723092418164e-12,LP,0.769211111111111,,
mean7_value_update,val_june,validation,2025-06-17,3169.124030929103,2703.398861549207,86364.67990742621,402.0425022857135,60540.05004255258,2293.537054994853,62833.58709754744,8863.185517954144,194.24276666666685,18375.976636138734,15303.693727714284,402.0425022857135,8,4,0,9.094947017729282e-13,LP,0.7697804563492063,,
mean7_value_update,val_june,validation,2025-06-18,2703.398861549207,2982.7942848275147,87152.17912865608,0.0,61021.27475371561,0.0,61021.27475371561,12644.475697422693,88.67290000000003,17048.33552780482,13557.695896571428,0.0,0,4,0,3.637978807091713e-12,LP,0.7714673611111112,,
mean7_value_update,val_june,validation,2025-06-19,2982.7942848275147,2739.674852192594,85047.43832933922,80.43876523809456,58601.06932509233,483.76391085223486,59084.83323594456,12066.777669827165,1736.3104999999996,17284.695863797766,14219.411139047617,31.776363523808868,4,4,0,9.094947017729282e-13,LP,0.7698035714285714,,
mean7_value_update,val_june,validation,2025-06-20,2739.674852192594,2884.6010395206395,36603.82914585303,0.0,18783.545444915133,0.0,18783.545444915133,1407.5243536190487,10477.99097560494,11512.102094914755,9194.36912828571,0.0,0,4,0,9.094947017729282e-13,LP,0.7677931547619048,,
mean7_value_update,val_june,validation,2025-06-21,2884.6010395206395,3117.437340286773,35252.93467776476,29.636278571428335,18137.9645084634,102.89187828142775,18240.85638674483,1836.381907809525,11597.474012629042,12128.536658990006,9614.562023092383,29.636278571428335,2,4,0,8.736833478906192e-11,MILP,0.7651185515873016,,
mean7_value_update,val_august,validation,2025-08-18,2178.160729337569,2168.930028625399,72442.89799171193,295.93902860476135,53087.77352284189,1988.5558566680945,55076.32937950999,2620.481651295708,2044.6419833333339,19410.028419273367,15730.430650252381,163.32775765238037,12,4,0,1.4495071809506044e-12,LP,0.7912489087301589,,
mean7_value_update,val_august,validation,2025-08-19,2168.930028625399,1852.4128791502637,72283.00706105233,218.62467780952375,52987.918941473385,1541.867729577999,54529.786671051384,1952.7695527865965,3133.5257974661963,17802.851437561432,14705.17509895238,102.79601314285719,7,4,0,8.526512829121202e-13,LP,0.7923819444444445,,
mean7_value_update,val_august,validation,2025-08-20,1852.4128791502637,1717.1493651111257,72871.02814889594,1858.6430029523794,53870.87987228345,9981.360155194658,63852.24002747811,414.5755492380955,0.0,19927.06157146738,16262.65703552381,1822.4499641904752,26,4,0,8.810729923425242e-13,LP,0.790316865079365,,
mean7_value_update,val_august,validation,2025-08-21,1717.1493651111257,1953.1484296931214,74127.1067594215,329.31942123809387,53730.3568314085,1870.9216007845625,55601.27843219306,2911.2367000070526,2002.6811852157523,18345.740284103453,14647.650472000001,329.31942123809387,9,4,0,9.094947017729282e-13,LP,0.7922001984126984,,
mean7_value_update,val_august,validation,2025-08-22,1953.1484296931214,1604.7352693798935,40194.595290251615,330.0810577142855,22718.50423699122,1512.6151552448569,24231.119392236076,348.5277797142867,16748.59792628101,13213.437296065844,11016.456054095237,330.0810577142855,12,4,0,1.8189894035458565e-12,MILP,0.7917840277777777,,
mean7_value_update,val_august,validation,2025-08-23,1604.7352693798935,1916.1332087280416,40825.121396812465,21.412151700000255,22741.728298023936,61.27124747291731,22802.999545496856,415.4108629523812,15080.677124375072,13369.37508300882,10548.935671823809,21.412151700000255,2,4,0,1.8189894035458565e-12,MILP,0.79310625,,
mean7_value_update,val_august,validation,2025-08-24,1916.1332087280416,2196.4236855798945,76191.91484413992,284.474050095239,54807.279259693736,1541.721980788815,56349.001240482554,4437.688968796003,4315.5192462892455,19670.156666578478,15680.565470761905,284.474050095239,13,4,0,1.0231815394945443e-12,LP,0.7947999007936508,,
mean7_value_update,val_august,validation,2025-08-25,2196.4236855798945,2019.1870635026455,76097.89786362257,837.6831060952372,55263.09705196699,3786.955168596665,59050.05222056366,1602.2857450852484,962.0525166666669,19777.203427203993,16179.04773590476,819.8628760952373,22,4,0,1.1652900866465643e-12,LP,0.794960119047619,,
mean7_value_update,val_august,validation,2025-08-26,2019.1870635026455,2289.7248573343904,77411.71061081126,216.65762466666763,55420.910942949355,1111.509198709862,56532.42014165921,5465.865438057604,2690.1733449970607,19473.826603375655,15530.315534285714,216.65762466666763,6,4,0,9.094947017729282e-13,LP,0.7967595238095239,,
mean7_value_update,val_august,validation,2025-08-27,2289.7248573343904,1868.6339772031754,76984.80180751323,71.43576542857238,55530.97953964914,416.06799427000533,55947.04753391914,3236.204448288067,2413.5014,20375.603421606113,16883.22056361905,70.09013761904839,7,4,0,7.673861546209082e-13,LP,0.7969742063492062,,
mean7_value_update,val_august,validation,2025-08-28,1868.6339772031754,1928.8909241407414,76481.55441285713,167.9065533333336,55595.5082108034,1143.100036843812,56738.60824764721,1834.832281813053,0.0,21013.69709894885,16966.86339790476,121.02584380952408,8,4,0,8.242295734817162e-13,LP,0.7951226190476189,,
mean7_value_update,val_august,validation,2025-08-29,1928.8909241407414,1784.4022373777775,41237.63937088066,335.43648333333283,23201.078987772173,1107.6412376361886,24308.72022540836,880.3741773333343,15663.729185736627,13704.168206477363,11230.416065333333,335.43648333333283,10,4,0,9.094947017729282e-13,MILP,0.7974508928571429,,
mean7_value_update,val_august,validation,2025-08-30,1784.4022373777775,1574.0628858211626,41491.9794364268,111.02423906190441,23554.56616480929,337.79694324726444,23892.363108056554,803.3916070476198,20009.8903028348,12980.564993020576,10703.56306074762,111.02423906190441,10,4,0,8.021237994802909e-12,MILP,0.7980275793650793,,
mean7_value_update,val_august,validation,2025-08-31,1574.0628858211626,2395.7523527111116,78414.74288740623,64.18654666666725,56173.26556791876,391.3440420606219,56564.60960997938,4583.194009927108,2629.044000000001,20423.935897955318,15803.867557142858,37.681410476191104,7,4,0,9.348077867343818e-13,LP,0.7973798611111111,,
mean7_value_update,eval_september,evaluation,2025-09-10,4786.2408636984155,5238.316696867728,67860.3791468054,1337.2639417142873,45742.04806146357,6610.053849986387,52352.10191144995,3598.662773848325,0.0,20400.596920099935,16117.615255428569,1219.1385996190563,27,4,0,9.094947017729282e-13,LP,0.703866369047619,,
mean7_value_update,eval_september,evaluation,2025-09-11,5238.316696867728,5267.832231968257,68579.1412554168,0.0,45187.745414369485,0.0,45187.745414369485,6862.961672665488,4680.02805,18492.11456751322,14952.048818095234,0.0,0,4,0,9.094947017729282e-13,LP,0.7068419642857143,,
mean7_value_update,eval_september,evaluation,2025-09-12,5267.832231968257,5091.8495524444415,34678.13553075238,0.0,17410.78387866698,0.0,17410.78387866698,1114.4127548571428,19771.312085201527,12627.046854027038,10386.292363333332,0.0,0,4,0,1.9326762412674725e-12,MILP,0.7062799603174603,,
mean7_value_update,eval_september,evaluation,2025-09-13,5091.8495524444415,5503.060397386243,35154.16471337143,58.21465571428564,17563.745789373785,194.92827643304736,17758.674065806834,661.9063609523804,23704.1732347619,12995.308050476193,10156.109760438094,58.21465571428564,3,4,0,4.663595626671179e-12,MILP,0.7086292658730158,,
mean7_value_update,eval_september,evaluation,2025-09-14,5503.060397386243,5017.729710634924,67991.41635631863,0.0,45953.34523561001,0.0,45953.34523561001,4629.763650476189,156.4725878600807,18645.542031887126,15539.68666390476,0.0,0,4,0,1.0231815394945443e-12,LP,0.7087442460317459,,
mean7_value_update,eval_september,evaluation,2025-09-15,5017.729710634924,4346.819261216931,66845.20598122045,185.17148609523738,44483.19185760012,782.2403278858545,45265.43218548597,5450.783866126983,3572.29638404938,18653.084148853613,15712.817565047619,185.17148609523738,11,4,0,9.947598300641403e-13,LP,0.7111145833333334,,
mean7_value_update,eval_september,evaluation,2025-09-16,4346.819261216931,3962.9858893227524,67072.47087710288,1.7310714285712265,45277.021555688676,6.376401607142113,45283.39795729581,2965.8506498412694,1430.3384217530897,18587.857517413282,15401.614623809523,1.7310714285712265,1,4,0,2.2168933355715126e-12,LP,0.7094292658730158,,
mean7_value_update,eval_september,evaluation,2025-09-17,3962.9858893227524,4272.116691571428,68302.34126374603,26.178857142857623,45573.89542539511,131.0644482857167,45704.959873680826,4269.607569686068,0.0,20108.296995679008,16009.50284447619,18.549690476190904,1,4,0,9.094947017729282e-13,LP,0.7131525793650794,,
mean7_value_update,eval_september,evaluation,2025-09-18,4272.116691571428,4102.204983957672,68082.89330037507,14.846670095238665,44899.28540532378,74.96083731086003,44974.24624263464,4103.582394669018,1544.5947255049966,19191.74879201058,15698.237058380952,14.846670095238665,1,4,0,9.094947017729282e-13,LP,0.7126141865079365,,
mean7_value_update,eval_september,evaluation,2025-09-19,4102.204983957672,4563.487342973546,34833.502167554376,43.78225571428561,17156.936978032616,132.51773081999968,17289.454708852616,534.2482204761905,15281.194618636091,13396.500759870665,10436.01149238095,43.78225571428561,2,4,0,2.589533525881254e-12,MILP,0.7150087301587301,,
mean7_value_update,eval_september,evaluation,2025-09-20,4563.487342973546,4627.468890444444,34488.79635382128,28.32538438095181,16680.018558275347,99.95807053790284,16779.976628813252,605.289947142857,15628.374774362142,13581.262582316278,10943.23929895238,28.32538438095181,2,4,0,2.0463630789890885e-12,MILP,0.7176039682539682,,
mean7_value_update,eval_september,evaluation,2025-09-21,4627.468890444444,4219.9497584232795,70812.93206489946,0.0,47677.43499170152,0.0,47677.43499170152,6214.731542497354,3429.82725,17092.910567830688,14212.024778761906,0.0,0,4,0,1.0231815394945443e-12,LP,0.720596130952381,,
mean7_value_update,eval_september,evaluation,2025-09-22,4219.9497584232795,3230.9975513597915,68400.17338225867,90.85567380952443,45839.26835360398,449.84956354762215,46289.1179171516,2845.094838845385,2524.7006999999994,17880.371685508526,15373.158051619048,90.85567380952443,5,4,0,8.881784197001252e-13,LP,0.7203022817460316,,
mean7_value_update,eval_september,evaluation,2025-09-23,3230.9975513597915,3213.250372798943,70396.09321486302,389.347402380952,46525.84878368658,1900.2660414345223,48426.114825121105,3177.6321771640214,1785.7420661846013,19586.438164562012,15880.987373999998,389.347402380952,11,4,0,9.094947017729282e-13,LP,0.7232222222222222,,
mean7_value_update,eval_december,evaluation,2025-12-08,1451.3861965089911,1823.0339727153448,96889.40221220929,139.1033038095245,73415.16957345138,784.3456031993373,74199.51517665072,4475.094432711343,0.0,23009.036673974137,18302.836707333332,139.1033038095245,6,4,0,9.663381206337363e-13,LP,0.8563599206349207,,
mean7_value_update,eval_december,evaluation,2025-12-09,1823.0339727153448,1731.1889224444446,96886.96378117341,104.57407028571618,72649.39874829694,660.4718134035845,73309.87056170052,5257.655269191062,0.0,23305.730846553786,18960.302530952384,76.55388561904942,10,4,0,9.094947017729282e-13,LP,0.8564898809523809,,
mean7_value_update,eval_december,evaluation,2025-12-10,1731.1889224444446,1660.9956632592596,97026.89186205878,76.20822590476223,73904.33462138899,473.18623502995456,74377.52085641894,4448.436339880059,0.0,22790.627445702532,18523.58216428572,76.20822590476223,7,4,0,9.094947017729282e-13,LP,0.8551274801587303,,
mean7_value_update,eval_december,evaluation,2025-12-11,1660.9956632592596,1849.5066304476222,97434.26873075955,14.821332857142806,72677.00960793991,78.80830127842832,72755.81790921834,7030.004373242794,0.0,22569.32168370723,18111.490693333333,14.821332857142806,3,4,0,9.094947017729282e-13,LP,0.8557169642857142,,
mean7_value_update,eval_december,evaluation,2025-12-12,1849.5066304476222,1925.326520714292,50946.63655140623,12.05197361904601,23518.60312390172,51.83856668703927,23570.44169058876,2027.161238551445,1328.8133463915274,20105.592397415632,16217.291940666664,12.05197361904601,2,4,0,1.0231815394945443e-12,LP,0.8546524801587301,,
mean7_value_update,eval_december,evaluation,2025-12-13,1925.326520714292,2071.604548892064,51818.06381901822,125.90212028571385,24284.15189868849,611.221764852809,24895.3736635413,3064.8895970417457,1132.38245,20086.89622930981,16138.735720380952,125.90212028571385,5,4,0,7.958078640513122e-13,LP,0.8555957341269842,,
mean7_value_update,eval_december,evaluation,2025-12-14,2071.604548892064,1739.627803660316,97903.9018000623,24.921156857142478,75019.99017227111,137.52609795014087,75157.51627022125,5100.787623409759,0.0,22884.69791693827,18835.384383428573,24.921156857142478,3,4,0,6.821210263296962e-13,LP,0.855952876984127,,
mean7_value_update,eval_december,evaluation,2025-12-15,1739.627803660316,1911.330116133336,99872.19156622222,27.673814285714116,76624.21325448077,156.18165953714188,76780.39491401792,5890.646241266315,0.0,23079.626796574958,18539.965624,27.673814285714116,3,4,0,1.0231815394945443e-12,LP,0.8574713293650794,,
mean7_value_update,eval_december,evaluation,2025-12-16,1911.330116133336,1830.002305755558,99682.91976615167,15.295701238095035,75926.10397873515,93.72153979142746,76019.82551852657,6038.557554371549,0.0,22709.27162644679,18467.705046761905,15.295701238095035,4,4,0,9.094947017729282e-13,LP,0.8583177579365079,,
mean7_value_update,eval_december,evaluation,2025-12-17,1830.002305755558,1887.2661172899504,99301.84177987183,47.10235171428542,75837.82804770386,232.06311257271278,76069.89116027657,6893.903387780131,0.0,22166.611825044085,17903.41814790476,47.10235171428542,3,4,0,1.0231815394945443e-12,LP,0.8590515873015874,,
mean7_value_update,eval_december,evaluation,2025-12-18,1887.2661172899504,1865.7872980433888,98731.37845458905,8.338675819999253,74642.85690013603,29.36616310277813,74672.22306323881,7007.749107932972,0.0,23079.115753322752,18713.414697513334,8.338675819999253,2,4,0,3.637978807091713e-12,LP,0.8580016865079366,,
mean7_value_update,eval_december,evaluation,2025-12-19,1865.7872980433888,1694.2762466719578,52224.09750531099,16.154431904761214,24122.969309358465,79.34171137571013,24202.311020734174,3945.314389387422,1819.938543562609,19584.04026578953,16017.432561523809,16.154431904761214,3,4,0,1.0231815394945443e-12,LP,0.8596936507936507,,
mean7_value_update,eval_december,evaluation,2025-12-20,1694.2762466719578,1884.8585616888897,52488.170953038214,10.869359238095228,24219.87187015617,44.70836363628566,24264.580233792454,3795.8309026360967,1821.318116666667,20284.289260306876,16258.750217333329,10.869359238095228,3,4,0,1.0231815394945443e-12,LP,0.8598814484126984,,
mean7_value_update,eval_december,evaluation,2025-12-21,1884.8585616888897,1871.5040772370414,97989.46497456789,123.49835361904786,74275.00711894296,365.7095366687622,74640.71665561173,4710.049826529097,0.0,23037.63511051499,18672.50347552381,123.49835361904786,8,4,0,9.094947017729282e-13,LP,0.8583492063492064,,
netload_shape_value_update,dev_march,development,2025-03-07,1607.6682326867735,1799.9208019068776,34105.28322439623,29.612403219048645,14039.802299931218,59.32601714350653,14099.128317074723,534.2943444761905,9542.906249611991,15591.485199450908,12456.07569925714,29.612403219048645,3,4,0,1.6484591469634324e-12,MILP,0.6180167414474989,0.5092957260622093,0.3967993300749347
netload_shape_value_update,dev_march,development,2025-03-08,1799.9208019068776,1746.895154250794,32969.960558318635,9.980702857142717,13567.076372510264,36.02712010357091,13603.103492613835,556.6084615238096,10465.512883945914,15486.33411542034,12591.653716380952,9.980702857142717,2,4,0,1.3642420526593924e-12,MILP,0.6079821461106755,0.5018248299285814,0.4059698123799517
netload_shape_value_update,dev_march,development,2025-03-09,1746.895154250794,1570.0341082074087,76873.91025030453,0.0,48644.22584441654,0.0,48644.22584441654,7848.28897229982,2007.7979637895348,20228.806345548503,16544.508081333333,0.0,0,4,0,9.094947017729282e-13,LP,0.7900705876336557,0.5014940669678271,0.4065701996145133
netload_shape_value_update,dev_march,development,2025-03-10,1570.0341082074087,1552.6771873629643,75399.72275900646,73.94000167047602,49329.06682038425,451.29278003451054,49780.359600418764,3050.717706799524,360.69671666666625,21241.042715635507,17220.86582842476,73.94000167047602,5,4,0,6.821210263296962e-13,LP,0.7852525387748921,0.5008047995345335,0.4079147908283751
netload_shape_value_update,dev_march,development,2025-03-11,1552.6771873629643,1789.7727569291008,75046.78372813873,218.084324285714,48175.01433174765,978.0840250945225,49153.09835684217,5890.052306605516,1440.661016666667,19904.473244961788,15909.237315809523,218.084324285714,9,4,0,7.736034035588091e-13,LP,0.7834651465729834,0.5008302628745339,0.4086844908761385
netload_shape_value_update,dev_march,development,2025-03-12,1789.7727569291008,1490.1569228582027,74436.31244054202,85.11142276190515,46947.58968980702,371.47306199581226,47319.062751802834,6578.773611818918,2145.0502961822403,19114.313277017052,15752.248005047619,85.11142276190515,9,4,0,1.9326762412674725e-12,LP,0.7814668145220383,0.5010397070717615,0.40847826143594423
netload_shape_value_update,dev_march,development,2025-03-13,1490.1569228582027,1490.4945404148166,73915.25532814462,258.29455747333134,47588.2817894398,1442.7187585955912,49031.000548035394,2585.6992610969896,0.0,21273.309221333337,17231.07661347905,258.29455747333134,13,4,0,1.0231815394945443e-12,LP,0.7780013344726542,0.5011907910597723,0.4080630032757312
netload_shape_value_update,dev_march,development,2025-03-14,1490.4945404148166,1943.5351887502645,32352.48398488183,37.443633999999975,13102.015477700908,134.87869443380967,13236.894172134718,343.1428453333342,12645.486392037621,15600.714814082301,12228.84241590476,37.443633999999975,4,4,0,1.5575096767861396e-11,MILP,0.5926636829422044,0.5010288809475106,0.4094937154347052
netload_shape_value_update,dev_march,development,2025-03-15,1943.5351887502645,1439.5778334634933,31464.332996048204,70.79733257142908,13144.720045066464,372.7836266275272,13517.503671693992,557.468123047619,7679.536362206938,14881.906911174601,12507.906217809523,70.79733257142908,5,4,0,8.526512829121202e-13,MILP,0.5885709482506075,0.502830413271434,0.4073157731195862
netload_shape_value_update,dev_march,development,2025-03-16,1439.5778334634933,1867.486501622227,73577.86916592828,102.34893661904898,46126.99241106584,513.9376204874353,46640.930031553275,5617.561107000589,488.8266500000001,20198.2400572134,15975.456644999998,102.34893661904898,6,4,0,1.0231815394945443e-12,LP,0.7752977073835525,0.507466603683365,0.40123750274496434
netload_shape_value_update,dev_march,development,2025-03-17,1867.486501622227,1975.5496418772482,72242.71069188241,0.5464333333331979,44213.983620561834,2.4368194499993963,44216.42044001183,8138.327481556732,2635.277233333333,18496.127109278066,14884.606132285715,0.5464333333331979,1,4,0,9.094947017729282e-13,LP,0.7749818363425722,0.5075450923109746,0.40154480958603156
netload_shape_value_update,dev_march,development,2025-03-18,1975.5496418772482,1810.973744451852,70160.05950111228,6.465268761905804,43397.59366285684,42.657843291054505,43440.25150614789,3898.636526945322,1253.98175,21242.45491550029,17354.506789238094,6.465268761905804,1,4,0,1.0231815394945443e-12,LP,0.7701279101369776,0.5060345724874318,0.40449340658200544
netload_shape_value_update,dev_march,development,2025-03-19,1810.973744451852,2070.219099349206,69997.54834344385,5.641059047618796,42939.5429734821,32.464294819046174,42972.007268301146,4397.688869683712,1902.2185999999997,21076.266649474426,16838.455166666667,5.641059047618796,1,4,0,9.094947017729282e-13,LP,0.7700244703642971,0.5053929875495154,0.4063893013367365
netload_shape_value_update,dev_march,development,2025-03-20,2070.219099349206,1703.0773863640222,69017.06518847735,293.43779980952695,43314.78065195806,1323.2864863658754,44638.06713832394,2578.9665848865343,1014.3316833333329,20203.52865835273,16695.28575495238,293.43779980952695,13,4,0,9.601208716958354e-13,LP,0.7679720428823902,0.5047424242619678,0.40809609827485477
netload_shape_value_update,dev_april,development,2025-04-17,1618.0719069862432,1999.6040781756624,60737.177014785426,45.971890666666035,36027.52406992834,223.01519261023398,36250.53926253857,1903.7257098506784,1752.042219107586,20608.735118017637,16349.696491523808,45.971890666666035,9,4,0,9.094947017729282e-13,LP,0.7381271587775631,0.5145955824509798,0.41749302706098007
netload_shape_value_update,dev_april,development,2025-04-18,1999.6040781756624,2153.0591576370357,26894.675527310992,18.937638476190898,10650.190522720208,58.15745769571589,10708.347980415925,432.5333284761913,17508.136871152263,13056.401112158728,10437.575329333335,18.937638476190898,4,4,0,1.3073986337985843e-11,MILP,0.5462436459894339,0.5147244244258752,0.41769594925116993
netload_shape_value_update,dev_april,development,2025-04-19,2153.0591576370357,2102.49358338201,26809.225396309233,21.427374666666935,10641.473718863535,37.33633585200047,10678.810054715537,502.6140351428577,17164.92776091593,12757.582851298064,10379.15112638095,21.427374666666935,2,4,0,2.191629593855598e-12,MILP,0.5510713016421773,0.5182730168630318,0.41184238003340434
netload_shape_value_update,dev_april,development,2025-04-20,2102.49358338201,2068.0483270391555,59893.794656773665,85.73158819047592,35632.78524414139,379.1545956216655,36011.93983976306,1905.2206257542643,2251.147694444446,20507.440906003525,16642.027864571428,85.73158819047592,5,4,0,1.3855583347321954e-12,LP,0.7367319852099786,0.519218913316173,0.41021333974406693
netload_shape_value_update,dev_april,development,2025-04-21,2068.0483270391555,1567.7182997492068,59495.73461595532,51.43667771428534,34868.21795897451,181.79825822380704,35050.01621719831,3328.5472269958855,4580.867938058799,18795.488262329203,15674.642517047616,51.43667771428534,5,4,0,9.094947017729282e-13,LP,0.7351175058026487,0.5190063716844645,0.4117481598105525
netload_shape_value_update,dev_april,development,2025-04-22,1567.7182997492068,1776.271924446559,59550.06007182951,146.070486666666,35545.565541934906,603.9557050805198,36149.52124701542,1469.8655337895361,2114.6451166666666,19847.328048135212,15888.637456761906,146.070486666666,5,4,0,9.094947017729282e-13,LP,0.7344280161591337,0.5178535565758864,0.4163538594371099
netload_shape_value_update,dev_april,development,2025-04-23,1776.271924446559,1927.1374025005305,59749.91146693945,36.863338666667005,36111.20261617943,93.55278335833411,36204.75539953776,2194.2206273803686,2377.420133333333,19365.46525251146,15550.247924285713,36.863338666667005,2,4,0,1.5916157281026244e-12,LP,0.7366966262665107,0.5175065205483907,0.41907674663817207
netload_shape_value_update,dev_april,development,2025-04-24,1927.1374025005305,1837.6991997460323,58633.1302089171,73.6311413333317,35104.11115059203,367.32280594956313,35471.433956541594,2825.0573732510265,5304.634016666667,18776.092856904175,15289.129596571427,73.6311413333317,10,4,0,2.2879476091475226e-12,LP,0.735167187715938,0.5169095075271634,0.4223617828565418
netload_shape_value_update,dev_april,development,2025-04-25,1837.6991997460323,1757.9912371132332,26105.59550378836,0.0,9939.588760276152,0.0,9939.588760276152,277.03426780952486,21542.201724992356,12409.152775557906,10123.150914571426,0.0,0,4,0,1.4438228390645236e-11,MILP,0.538082852791563,0.5165411574011081,0.4239707372290195
netload_shape_value_update,dev_april,development,2025-04-26,1757.9912371132332,1670.3568247555588,26058.808989927096,131.3893817142849,10081.920455077136,410.2497556992356,10492.17021077637,62.003718952381064,23789.19245289124,12356.208092559666,10087.399526095236,131.3893817142849,10,4,0,3.637978807091713e-12,MILP,0.5383931925405283,0.5192528144142257,0.41943088149860697
netload_shape_value_update,dev_april,development,2025-04-27,1670.3568247555588,1812.127062039155,55648.49918323338,807.8719026666673,32682.39589971176,3583.830564620862,36266.22646433262,1501.6759767619046,2494.164805865963,19786.662665176947,15899.603545238095,807.8719026666673,19,4,0,9.094947017729282e-13,LP,0.72465908288302,0.5195706175395406,0.4189209440502353
netload_shape_value_update,dev_april,development,2025-04-28,1812.127062039155,1604.263910083599,54996.25416387654,4536.382669682854,33210.688735324315,26397.14432350397,59607.833058828284,194.60243914285672,0.0,15279.704813209875,12563.63773546,4536.382669682854,30,4,0,8.810729923425242e-13,LP,0.723849592438232,0.5193824608843193,0.4207825765244007
netload_shape_value_update,dev_april,development,2025-04-29,1604.263910083599,1925.017630185188,57585.21265367078,421.2619174285701,33791.76275700823,1716.9946308716135,35508.75738787985,2155.495268186946,4698.317284767789,18056.68396519224,14337.235663714286,421.2619174285701,9,4,0,8.952838470577262e-13,LP,0.7315833865972604,0.5196265969876976,0.42369846997547594
netload_shape_value_update,dev_april,development,2025-04-30,1925.017630185188,1631.4852543788363,56780.66224981775,58.64948676190511,33459.43185236455,236.34229051547754,33695.77414288003,1966.3215235896546,3474.239316666666,17926.71369060905,14784.817227619047,58.64948676190511,5,4,0,9.947598300641403e-13,LP,0.7299469503654366,0.5194147577819602,0.4246704973483236
netload_shape_value_update,val_june,validation,2025-06-08,1781.3549957153423,2089.1162261502664,87309.43287990359,16.6509493333333,59478.46832445319,115.05264593904737,59593.52097039224,17213.873948420933,1625.3386999999998,15920.85687767313,12618.908963523805,0.0,2,4,0,9.094947017729282e-13,LP,0.8224463213652988,0.5442248536810317,0.42479865654645393
netload_shape_value_update,val_june,validation,2025-06-09,2089.1162261502664,2138.257540046564,85745.16122700764,92.44536371428569,59662.120122575005,547.1098707592379,60209.229993334244,10202.30126964022,922.1339388289289,19664.376139014683,15883.917490095237,66.26328019047617,5,4,0,1.8189894035458565e-12,LP,0.8159167543761139,0.5452330709980381,0.421494135584084
netload_shape_value_update,val_june,validation,2025-06-10,2138.257540046564,2282.374572296297,86236.02067150382,0.0,59733.65161418366,0.0,59733.65161418366,10274.171418961789,458.2999333333329,19765.261878161073,15880.15679228571,0.0,0,4,0,9.094947017729282e-13,LP,0.8185262415946246,0.5451161640111098,0.4220589595865824
netload_shape_value_update,val_june,validation,2025-06-11,2282.374572296297,2420.165174101588,86870.45867938506,35.226699047619036,60356.77192843326,185.04790644952374,60541.81983488279,6215.627464358618,0.0,23587.368714645494,18981.75711723809,35.226699047619036,2,4,0,1.0231815394945443e-12,LP,0.8216433548621627,0.5451884502908682,0.42210782180348255
netload_shape_value_update,val_june,validation,2025-06-12,2420.165174101588,2566.014159001058,87572.81804833157,24.254740209523312,61128.29124892526,72.65139919596936,61200.942648121236,10853.942512271607,448.5068666666666,19531.40994663139,15689.177970361903,24.254740209523312,2,4,0,1.8189894035458565e-12,LP,0.8249156842268097,0.5448587837989551,0.4237415101369018
netload_shape_value_update,val_june,validation,2025-06-13,2566.014159001058,2575.636351815873,39993.47707032922,30.310687047619126,20178.119215372644,114.7948612667622,20292.914076639405,3157.0120928642054,6099.7311,12700.3731104174,10278.64224590476,30.310687047619126,2,4,0,8.526512829121202e-13,LP,0.6334876355806884,0.5449616674159012,0.42348063115687323
netload_shape_value_update,val_june,validation,2025-06-14,2575.636351815873,2621.9770834973533,40145.63127638667,6.862216666666541,20728.95501853101,13.473962424999753,20742.42898095601,3291.0978142857166,8334.950135322753,12059.97965753439,9726.87686408952,6.862216666666541,1,4,0,1.3642420526593924e-12,LP,0.6344150688285922,0.546287995356829,0.42119632460414097
netload_shape_value_update,val_june,validation,2025-06-15,2621.9770834973533,3274.075601164023,88786.32215497119,0.0,61766.77230599272,0.0,61766.77230599272,13479.478624907708,298.84709999999995,19969.123320158724,15588.10122342857,0.0,0,4,0,8.526512829121202e-13,LP,0.8306225070744732,0.5461551507589568,0.4214942914834687
netload_shape_value_update,val_june,validation,2025-06-16,3274.075601164023,3108.256751350265,87415.20647083363,68.78180523809567,61647.681701098714,231.5075500147641,61879.18925111348,11049.615006159913,134.01041666666652,19766.03684953086,16159.72681295238,68.78180523809567,2,4,0,9.663381206337363e-13,LP,0.8319860111643355,0.5466694221426548,0.41971549680307013
netload_shape_value_update,val_june,validation,2025-06-17,3108.256751350265,2634.8261235333325,86680.72414110287,388.76714990476125,60575.3679066921,2235.404286918663,62810.77219361076,9054.154899737796,82.02935000000014,19591.491524412697,16295.195699809525,388.76714990476125,7,4,0,9.094947017729282e-13,LP,0.8335793296461266,0.5470394655456808,0.41939510483384734
netload_shape_value_update,val_june,validation,2025-06-18,2634.8261235333325,2937.999764022223,87440.5904355344,0.0,61079.05160180049,0.0,61079.05160180049,12650.57690239389,88.67290000000003,18421.544508950024,14648.59477580952,0.0,0,4,0,3.637978807091713e-12,LP,0.8366564659100247,0.547273981543208,0.4191902409723552
netload_shape_value_update,val_june,validation,2025-06-19,2937.999764022223,2684.1647233682556,85400.24147784832,80.43876523809456,58627.92265036757,483.76391085223486,59111.68656121981,12315.793590419766,1556.9697499999997,18825.601259238087,15477.188556571426,31.776363523808868,4,4,0,9.094947017729282e-13,LP,0.8328022938210483,0.5479864290227718,0.4178569783669511
netload_shape_value_update,val_june,validation,2025-06-20,2684.1647233682556,2884.6010395206395,36665.507066768965,0.0,18782.534195155265,0.0,18782.534195155265,1743.4082252451512,10142.107103978837,11573.780015830687,9194.36912828571,0.0,0,4,0,9.094947017729282e-13,LP,0.6411005502714558,0.548871502521661,0.4152752192353852
netload_shape_value_update,val_june,validation,2025-06-21,2884.6010395206395,3117.437340286773,35252.93467776476,29.636278571428335,18137.806418608307,102.89187828142775,18240.698296889736,1836.381907809525,11586.040753715464,12188.711705903585,9663.303811092383,29.636278571428335,2,4,0,8.355982572538778e-12,MILP,0.6403881391479943,0.5511590999404195,0.41089228165511255
netload_shape_value_update,val_august,validation,2025-08-18,2178.160729337569,2134.924192117462,72442.89799171193,265.33377574761846,52938.75510084663,1733.1091136959512,54671.864214542584,2621.16030104762,2044.6419833333339,19406.456578473837,15758.142712061905,163.32775765238037,11,4,0,1.4495071809506044e-12,LP,0.8564017907186448,0.5699084988895986,0.4266786029450316
netload_shape_value_update,val_august,validation,2025-08-19,2134.924192117462,1852.4128791502637,72320.79132383892,218.62467780952375,52948.949157654,1541.867729577999,54490.816887232,1978.6605045008819,3096.0673642704323,17901.51718182951,14754.489098952381,102.79601314285719,7,4,0,8.526512829121202e-13,LP,0.8536326674990565,0.5700363058447474,0.4243975053010037
netload_shape_value_update,val_august,validation,2025-08-20,1852.4128791502637,1717.2954869206503,72871.02814889594,1842.6984797142843,53848.52829125033,9846.83621263485,63695.36450388518,393.58247542857146,0.0,19952.940734324522,16283.487647809523,1822.4499641904752,25,4,0,8.810729923425242e-13,LP,0.852055579501464,0.5703812399732591,0.42217442108312236
netload_shape_value_update,val_august,validation,2025-08-21,1717.2954869206503,1953.1484296931214,74126.94440185536,329.31942123809387,53777.4270029937,1870.9216007845625,55648.34860377827,3024.257811120516,1889.6600741022896,18345.577926537313,14647.650472000001,329.31942123809387,9,4,0,9.094947017729282e-13,LP,0.8528506446767309,0.5704505399662892,0.4213868636585449
netload_shape_value_update,val_august,validation,2025-08-22,1953.1484296931214,1604.7352693798935,40090.14231959671,330.0810577142855,22753.77173862742,1512.6151552448569,24266.386893872277,234.8577003809529,16864.03658289359,12654.376517465022,10563.61682342857,330.0810577142855,12,4,0,1.0231815394945443e-12,MILP,0.6600066060710822,0.5707408500772444,0.41918047699200395
netload_shape_value_update,val_august,validation,2025-08-23,1604.7352693798935,1916.1332087280416,40724.884312633745,21.412151700000255,22675.4457317031,61.27124747291731,22736.716979176017,448.5356824761908,15045.0067812475,12855.208974719577,10132.461124109523,21.412151700000255,2,4,0,1.1368683772161603e-12,MILP,0.6579989180555863,0.5642331343266671,0.42878138842733854
netload_shape_value_update,val_august,validation,2025-08-24,1916.1332087280416,2196.4236855798945,76191.91484413992,284.474050095239,54768.98718051546,1541.721980788815,56310.70916130427,4437.688968796003,4315.5192462892455,19670.156666578478,15680.565470761905,284.474050095239,13,4,0,1.0231815394945443e-12,LP,0.8564360673691431,0.5596607277186549,0.43552005436943414
netload_shape_value_update,val_august,validation,2025-08-25,2196.4236855798945,2019.1870635026464,76097.89786362257,837.6831060952372,55275.68438530032,3786.955168596665,59062.63955389699,1602.2857450852484,962.0525166666669,19777.203427203993,16179.04773590476,819.8628760952373,22,4,0,1.1652900866465643e-12,LP,0.8557272212922038,0.560037273627021,0.43277203478139475
netload_shape_value_update,val_august,validation,2025-08-26,2019.1870635026464,2289.7248573343923,77463.8333301352,216.65762466666763,55404.24014675332,1111.509198709862,56515.749345463184,5667.4685122551355,2495.178783333334,19713.375060165778,15724.349784285714,216.65762466666763,6,4,0,9.094947017729282e-13,LP,0.8585901715828432,0.560221129739444,0.43090815548553574
netload_shape_value_update,val_august,validation,2025-08-27,2289.7248573343923,1885.1668969915356,76984.80180751321,86.31539323809648,55420.373062086604,539.0555579296267,55959.42862001623,3236.204448288067,2413.5014,20375.60342160611,16868.340935809523,70.09013761904839,8,4,0,7.673861546209082e-13,LP,0.8586195307447301,0.560846749191363,0.4282256312923744
netload_shape_value_update,val_august,validation,2025-08-28,1885.1668969915356,1928.8909241407405,76463.18450198117,167.9065533333336,55508.54931274525,1143.100036843812,56651.64934958906,1830.804362035274,0.0,21016.52676585067,16984.035055904762,121.02584380952408,8,4,0,1.2505552149377763e-12,LP,0.8549607851966115,0.5613309185501202,0.4261374832420497
netload_shape_value_update,val_august,validation,2025-08-29,1928.8909241407405,1784.4022373777766,41128.83874780012,335.43648333333283,23079.85500884934,1107.6412376361886,24187.496246485527,867.7987563809575,15671.10020364962,13158.924943102878,10788.769022,335.43648333333283,10,4,0,3.069544618483633e-12,MILP,0.6640777706715391,0.5615916712788994,0.4251112364356503
netload_shape_value_update,val_august,validation,2025-08-30,1784.4022373777766,1574.0628858211644,41384.38355317108,111.02423906190441,23569.560338993524,337.79694324726444,23907.35728224079,781.5119409523816,20026.73885721693,12440.750405954146,10266.31324522381,111.02423906190441,10,4,0,1.4779288903810084e-12,MILP,0.6637011219510595,0.5594691554999075,0.4281715072443234
netload_shape_value_update,val_august,validation,2025-08-31,1574.0628858211644,2395.7523527111116,78414.74288740623,64.18654666666725,56007.02721118095,391.3440420606219,56398.37125324158,4581.473823983545,2629.044000000001,20432.989508184593,15811.200981428572,37.681410476191104,7,4,0,9.348077867343818e-13,LP,0.8570871578604482,0.5541674931553716,0.435806764887733
netload_shape_value_update,eval_september,evaluation,2025-09-10,4786.2408636984155,4596.088809841269,67860.3791468054,1337.2639417142873,45651.62173124786,6610.053849986387,52261.675581234245,4319.823635276894,0.0,19647.14553533803,16085.324732095236,1219.1385996190563,27,4,0,9.094947017729282e-13,LP,0.8163633257552172,0.5439409579669213,0.4112409368605471
netload_shape_value_update,eval_september,evaluation,2025-09-11,4596.088809841269,4802.587337518519,69292.72779655732,0.0,45510.61322359554,0.0,45510.61322359554,7376.391981236922,4680.02805,18707.22793198706,14967.005949999997,0.0,0,4,0,8.952838470577262e-13,LP,0.81736970157846,0.5451031010038355,0.4060250763155628
netload_shape_value_update,eval_september,evaluation,2025-09-12,4802.587337518519,4872.584083026451,35255.18926909047,0.0,17647.756244213546,0.0,17647.756244213546,1411.9947929523807,19724.97650920635,13176.65629460317,10610.09452767143,0.0,0,4,0,1.0231815394945443e-12,MILP,0.6315898446762855,0.546546342721517,0.39925963621680416
netload_shape_value_update,eval_september,evaluation,2025-09-13,4872.584083026451,5204.148125867726,35509.83696918096,58.21465571428564,17701.49667669541,194.92827643304736,17896.424953128455,1028.3422452380948,23734.58663362139,13155.86117971194,10357.83991700952,58.21465571428564,3,4,0,2.0463630789890885e-11,MILP,0.628046447499463,0.5373233378879234,0.41292593093926677
netload_shape_value_update,eval_september,evaluation,2025-09-14,5204.148125867726,4487.227906111115,68323.54110245031,0.0,46008.800617683395,0.0,46008.800617683395,5244.2073217577845,146.7241269077006,18307.963692451496,15474.678788666666,0.0,0,4,0,1.0231815394945443e-12,LP,0.8153088731208755,0.5240828206673953,0.4324889037220412
netload_shape_value_update,eval_september,evaluation,2025-09-15,4487.227906111115,3986.774659746033,67434.65243069135,185.17148609523738,44657.37818382771,782.2403278858545,45439.61851171356,5790.8465656507915,3634.5308845255704,18830.651342134035,15703.235508857142,185.17148609523738,11,4,0,7.105427357601002e-13,LP,0.8051567609480959,0.525322354873953,0.42629161761832157
netload_shape_value_update,eval_september,evaluation,2025-09-16,3986.774659746033,3583.5142666084644,67472.52043429276,1.7310714285712265,45454.98621177184,6.376401607142113,45461.36261337898,3418.6006645972957,1430.3384217530897,18402.50942032333,15268.966984285713,1.7310714285712265,1,4,0,7.958078640513122e-13,LP,0.8000838018365934,0.5263160462549772,0.42084057004000636
netload_shape_value_update,eval_september,evaluation,2025-09-17,3583.5142666084644,3671.113625460318,68723.97640009523,26.178857142857623,45644.147144234026,131.0644482857167,45775.21159251974,4915.850436352734,0.0,19975.510515361548,16101.32409447619,18.549690476190904,1,4,0,9.094947017729282e-13,LP,0.8000914346810151,0.5273834007303333,0.4152201027904366
netload_shape_value_update,eval_september,evaluation,2025-09-18,3671.113625460318,3584.4259127671953,68750.67448494297,14.846670095238665,45281.97711200716,74.96083731086003,45356.937949318024,4740.743438859495,1456.811962266901,19420.7030456261,15808.788408380951,14.846670095238665,1,4,0,9.094947017729282e-13,LP,0.7962916598512183,0.528535769247231,0.4096157025130678
netload_shape_value_update,eval_september,evaluation,2025-09-19,3584.4259127671953,4496.983348915345,35408.81224665491,43.78225571428561,17348.990632172743,132.51773081999968,17481.50836299274,651.3396495238098,15251.107939588472,13828.910021352149,10380.115424761905,43.78225571428561,2,4,0,2.816907201324486e-12,MILP,0.6128839093021848,0.5296506368941986,0.4037093127069157
netload_shape_value_update,eval_september,evaluation,2025-09-20,4496.983348915345,4610.873304386244,34562.68968055261,28.325384380952606,16696.202623176574,99.95807053790568,16796.16069371448,643.1293042857142,15628.374774362142,13534.612068571423,10860.534815619047,28.325384380952606,2,4,0,2.362159850438022e-12,MILP,0.6102293918100916,0.5214021041691299,0.41598034851839544
netload_shape_value_update,eval_september,evaluation,2025-09-21,4610.873304386244,3822.106488999998,70845.60734687712,0.0,47632.30152536634,0.0,47632.30152536634,6664.572512959436,3430.7977519188707,16698.103855332152,14235.354256666666,0.0,0,4,0,9.094947017729282e-13,LP,0.8026748521758518,0.5128350277089542,0.42868195813037896
netload_shape_value_update,eval_september,evaluation,2025-09-22,3822.106488999998,2889.0253054285704,68842.22145939565,90.85567380952443,45902.42621292242,449.84956354762215,46352.275776470044,3222.594657893005,2524.7006999999994,17955.447143121695,15383.685251142859,90.85567380952443,5,4,0,9.094947017729282e-13,LP,0.7887961902371388,0.5140844566119562,0.42281812893963294
netload_shape_value_update,eval_september,evaluation,2025-09-23,2889.0253054285704,2966.993081158731,70776.06237700881,431.1164866666663,46637.086024474695,2063.5464963749987,48700.63252084969,3345.1670778095236,1934.4691124703136,19688.189957395647,15877.262867333333,431.1164866666663,11,4,0,9.094947017729282e-13,LP,0.7901977066971508,0.5150454755260634,0.4181151074565432
netload_shape_value_update,eval_december,evaluation,2025-12-08,1451.3861965089911,1928.8049120613766,96764.52389095355,139.1033038095245,73593.7483367737,784.3456031993373,74378.09393997304,4294.951208689004,0.0,22798.884344264552,18037.419474857143,139.1033038095245,6,4,0,9.663381206337363e-13,LP,0.8762378437248717,0.5213822754953812,0.43357084180382177
netload_shape_value_update,eval_december,evaluation,2025-12-09,1928.8049120613766,1731.3899889449742,96611.10718190005,93.30511828571639,72821.18290616792,579.2582468108235,73400.44115297873,5170.793620899471,0.0,22751.778123286298,18606.613710666665,65.28493361904964,10,4,0,9.094947017729282e-13,LP,0.8795689166762835,0.5195988206828938,0.4385439870230189
netload_shape_value_update,eval_december,evaluation,2025-12-10,1731.3899889449742,1752.1957227788373,96808.21702821869,52.18492438095245,74050.49076194827,279.39532724681,74329.88608919508,4275.573175784823,0.0,21992.02710367196,17794.816793523813,52.18492438095245,5,4,0,9.094947017729282e-13,LP,0.8811324649276295,0.5181830572204592,0.4431877547886576
netload_shape_value_update,eval_december,evaluation,2025-12-11,1752.1957227788373,1888.8651182836002,97194.2822582328,14.82133285714275,72939.17053442434,78.80830127842795,73017.97883570277,6927.085809413281,0.0,22093.476977486185,17772.713895809524,14.82133285714275,3,4,0,6.821210263296962e-13,LP,0.8845781951774967,0.5164896569400408,0.44809165559387415
netload_shape_value_update,eval_december,evaluation,2025-12-12,1888.8651182836002,1925.326520714292,50902.90489825514,12.05197361904601,23397.864266952594,51.83856668703927,23449.702833639632,2027.1612385514436,1328.8133463915274,20061.860744264548,16217.291940666664,12.05197361904601,2,4,0,1.0231815394945443e-12,LP,0.6800756708068013,0.5159050663115621,0.44993272147602226
netload_shape_value_update,eval_december,evaluation,2025-12-13,1925.326520714292,2071.604548892064,51818.06381901822,116.3147202857142,24302.627291970308,592.7037017528097,24895.330993723117,3055.302197041744,1132.38245,20086.89622930981,16138.735720380952,116.3147202857142,4,4,0,7.958078640513122e-13,LP,0.6868611092315329,0.5228335492372617,0.4411122323011226
netload_shape_value_update,eval_december,evaluation,2025-12-14,2071.604548892064,1739.627803660316,97771.62192470311,24.921156857142478,75062.05486860071,137.52609795014087,75199.58096655086,5090.995324393888,0.0,22240.0264624997,18313.200505333334,24.921156857142478,3,4,0,2.0463630789890885e-12,LP,0.8883506741379759,0.5304620468462767,0.43130622182807526
netload_shape_value_update,eval_december,evaluation,2025-12-15,1739.627803660316,1911.330116133336,99742.16195113816,27.673814285714116,76640.4970590354,156.18165953714188,76796.67871857256,5865.266587809529,0.0,22528.83752485244,18093.82631390476,27.673814285714116,3,4,0,1.0231815394945443e-12,LP,0.8973385576342836,0.5287436671900761,0.43635871373954727
netload_shape_value_update,eval_december,evaluation,2025-12-16,1911.330116133336,1830.002305755558,99547.49207905114,15.295701238095035,76086.54973797104,93.72153979142746,76180.27127776247,5951.5961519353295,0.0,22454.18591768724,18261.085622666666,15.295701238095035,4,4,0,9.094947017729282e-13,LP,0.9000561997403037,0.5278048111982042,0.4392460877977262
netload_shape_value_update,eval_december,evaluation,2025-12-17,1830.002305755558,1887.2661172899504,99301.84177987183,47.10235171428542,75715.52371752131,232.06311257271278,75947.58683009402,6821.623531617871,0.0,22547.032120634914,18211.558587333333,47.10235171428542,3,4,0,1.0231815394945443e-12,LP,0.9016855670596717,0.5272886902091826,0.44151811418450876
netload_shape_value_update,eval_december,evaluation,2025-12-18,1887.2661172899504,1865.7872980433888,98731.37845458905,8.029239999998207,74649.97583663622,28.6764306599936,74678.65226729622,7001.179469408571,0.0,23112.064188609056,18740.10293009524,8.029239999998207,1,4,0,3.637978807091713e-12,LP,0.9025562078545103,0.5270236488259022,0.44342040805311356
netload_shape_value_update,eval_december,evaluation,2025-12-19,1865.7872980433888,1694.2762466719578,52224.09750531099,16.154431904761214,24129.29094992796,79.34171137571013,24208.63266130367,3945.314389387423,1819.938543562609,19584.040265789532,16017.432561523809,16.154431904761214,3,4,0,1.0231815394945443e-12,LP,0.7009279830740953,0.5268100906132118,0.4450100720310858
netload_shape_value_update,eval_december,evaluation,2025-12-20,1694.2762466719578,1884.8585616888897,52488.170953038214,10.869359238095228,24086.37163415799,44.70836363628566,24131.079997794277,3795.8309026360976,1821.318116666667,20284.289260306876,16258.750217333329,10.869359238095228,3,4,0,1.0231815394945443e-12,LP,0.7049704300728441,0.5322334872868142,0.4382296321930524
netload_shape_value_update,eval_december,evaluation,2025-12-21,1884.8585616888897,1871.5040772370414,97952.37867980952,15.104306952380853,74253.0636664311,90.62326059876133,74343.68692702986,4560.1854547266275,0.0,23060.7089546067,18691.193289238094,15.104306952380853,4,4,0,2.0463630789890885e-12,LP,0.9040694857084979,0.5377465681679388,0.43117880109496604
mean7_value_shift6h,dev_march,development,2025-03-07,1607.6682326867735,1808.2773627661372,34204.04107473368,13.47355281904911,14122.63898379,32.303649931307376,14154.942633721306,558.8841711428573,9498.391916278659,16091.604156455023,12853.65114965714,13.47355281904911,2,4,0,3.467448550509289e-12,MILP,0.7488613095238095,,
mean7_value_shift6h,dev_march,development,2025-03-08,1808.2773627661372,1746.895154250794,32960.675490697235,9.980702857142717,13590.144166921504,36.02712010357091,13626.171287025076,543.2102475238099,10478.911097945915,15477.04904779894,12591.653716380952,9.980702857142717,2,4,0,1.8189894035458565e-12,MILP,0.7476931547619048,,
mean7_value_shift6h,dev_march,development,2025-03-09,1746.895154250794,1557.369274065611,76853.87114620223,0.0,48585.780498432374,0.0,48585.780498432374,7742.26806506878,2093.227828646677,20291.702603439157,16606.85240095238,0.0,0,4,0,9.094947017729282e-13,LP,0.7452704365079366,,
mean7_value_shift6h,dev_march,development,2025-03-10,1557.369274065611,1552.6771873629648,75454.68785399408,140.2882670476182,49156.874618939124,765.267954889328,49922.14257382845,3150.260342577303,360.69671666666625,21295.634157000586,17253.686545202858,140.2882670476182,8,4,0,6.821210263296962e-13,LP,0.7412012896825397,,
mean7_value_shift6h,dev_march,development,2025-03-11,1552.6771873629648,1796.9256293375636,75145.28803695824,258.25686266666634,48094.96290169489,1096.913125138522,49191.876026833415,5945.910976002345,1440.661016666667,20306.476364098766,16228.42225714286,258.25686266666634,12,4,0,7.736034035588091e-13,LP,0.739858630952381,,
mean7_value_shift6h,dev_march,development,2025-03-12,1796.9256293375636,1488.215326268785,74573.7649396014,50.97672609523863,46925.9070703164,288.03513550914596,47213.94220582555,6635.4373074450195,2063.319184865368,19833.104014814828,16342.653524761909,50.97672609523863,7,4,0,1.9326762412674725e-12,LP,0.7382536706349206,,
mean7_value_shift6h,dev_march,development,2025-03-13,1488.215326268785,1490.4945404148161,74075.74599102174,281.5262811199991,47625.15306013473,1556.2175780848252,49181.37063821955,2644.163648489113,0.0,21923.364811865966,17755.87420488,281.5262811199991,14,4,0,8.588685318500211e-13,LP,0.7362061507936508,,
mean7_value_shift6h,dev_march,development,2025-03-14,1490.4945404148161,1943.5351887502645,32352.483984881834,37.443633999999975,13145.128552452674,134.87869443380967,13280.007246886484,339.4214600000047,12651.7879945726,15587.134723547322,12217.842542571427,37.443633999999975,4,4,0,4.092726157978177e-12,MILP,0.7373176587301588,,
mean7_value_shift6h,dev_march,development,2025-03-15,1943.5351887502645,1439.5778334634933,31464.332996048204,108.314116571429,13132.102335140848,437.2805239828604,13569.382859123707,582.2605277142854,7696.341239400354,14860.430606647851,12490.510411142855,108.314116571429,7,4,0,1.5158245029548803e-12,MILP,0.7348727182539682,,
mean7_value_shift6h,dev_march,development,2025-03-16,1439.5778334634933,1838.3368031566156,73665.07076749398,102.3489366190491,46129.8909898274,513.937620487436,46643.828610314835,5622.756834825394,488.8266500000001,20767.927438055263,16463.138152100953,102.3489366190491,6,4,0,1.8189894035458565e-12,LP,0.7359454365079365,,
mean7_value_shift6h,dev_march,development,2025-03-17,1838.3368031566156,1958.8960840984132,72371.76693552535,0.5464333333331979,44227.65355592846,2.4368194499993963,44230.09037537846,7980.447940319819,2805.418361700175,19051.643582409164,15323.327948903812,0.5464333333331979,1,4,0,9.094947017729282e-13,LP,0.7361005952380952,,
mean7_value_shift6h,dev_march,development,2025-03-18,1958.8960840984132,1835.1560712402136,70178.56345419987,6.465268761905577,43585.5298195425,42.657843291053,43628.18766283355,3869.8011703057036,1253.98175,21298.176039798935,17362.888603809522,6.465268761905577,1,4,0,1.0231815394945443e-12,LP,0.7300612103174603,,
mean7_value_shift6h,dev_march,development,2025-03-19,1835.1560712402136,2067.2525849566136,69970.67909145678,5.641059047618796,42899.945211034326,32.464294819046174,42932.40950585337,4383.967977348614,1902.2185999999997,21135.66453058436,16911.001407428572,5.641059047618796,1,4,0,9.094947017729282e-13,LP,0.7281502976190476,,
mean7_value_shift6h,dev_march,development,2025-03-20,2067.2525849566136,1744.0653483587332,69020.36131558024,295.30737514285727,43373.44699715981,1327.5304223725227,44700.97741953233,2542.482604981768,1014.3316833333329,20214.53209831276,16664.63951257143,295.30737514285727,14,4,0,9.601208716958354e-13,LP,0.7269603174603174,,
mean7_value_shift6h,dev_april,development,2025-04-17,1618.0719069862432,2003.4094306867746,60737.177014785426,57.42700378000048,36121.7287621462,246.53253983191271,36368.26130197812,1914.5384591840125,1752.042219107586,20594.090626017634,16334.409635743808,57.42700378000048,10,4,0,9.094947017729282e-13,LP,0.696730257936508,,
mean7_value_shift6h,dev_april,development,2025-04-18,2003.4094306867746,2847.0408596476204,26890.4473578542,643.521170285717,10649.018896963731,3052.7364296755345,13701.755326639266,432.5333284761913,17508.136871152263,13052.172942701936,9812.991797523808,643.521170285717,6,4,0,2.6147972675971687e-11,MILP,0.6952645833333333,,
mean7_value_shift6h,dev_april,development,2025-04-19,2847.0408596476204,2811.4318167153424,26038.134616297473,659.4717846666649,10386.110691283015,3149.496908413658,13535.607599696672,460.78709580952443,17206.75470024926,11986.492071286304,9741.106716380951,659.4717846666649,4,4,0,1.1095835361629725e-10,MILP,0.6963991071428572,,
mean7_value_shift6h,dev_april,development,2025-04-20,2811.4318167153424,2004.9647056825395,59106.08550862552,85.73158819047592,35240.99445487132,379.1545956216655,35620.14905049298,1927.392062706645,2299.2068611111126,19648.91415576014,16641.44086609524,85.73158819047592,5,4,0,9.094947017729282e-13,LP,0.6955575396825396,,
mean7_value_shift6h,dev_april,development,2025-04-21,2004.9647056825395,1556.635825121692,59565.82752857378,40.89586971428571,34899.397511498326,156.49941845180925,35055.89692995014,3359.854605018229,4555.494527619052,18831.367762222213,15656.90387990476,40.89586971428571,4,4,0,9.094947017729282e-13,LP,0.6940124007936509,,
mean7_value_shift6h,dev_april,development,2025-04-22,1556.635825121692,1718.3639339164013,59562.37393252675,162.238076380952,35585.0734247104,709.5138983250932,36294.58732303549,1556.2404721681403,2114.6451166666666,19764.430555215753,15863.633451809523,162.238076380952,6,4,0,9.094947017729282e-13,LP,0.6922059523809523,,
mean7_value_shift6h,dev_april,development,2025-04-23,1718.3639339164013,1864.8508124169305,59814.25367863962,91.92380714285775,36015.30384240899,324.04078732928895,36339.34462973828,2307.886078427983,2377.420133333333,19416.401930021162,15595.447372666666,91.92380714285775,6,4,0,9.094947017729282e-13,LP,0.6939810515873016,,
mean7_value_shift6h,dev_april,development,2025-04-24,1864.8508124169305,1842.977187508995,58702.33753123222,97.87910999999872,34984.17998763872,503.1543224694703,35487.33431010819,2849.7721944362124,5304.634016666667,18817.8420660341,15262.138335904761,97.87910999999872,12,4,0,9.094947017729282e-13,LP,0.6919179563492064,,
mean7_value_shift6h,dev_april,development,2025-04-25,1842.977187508995,2434.3823297058266,26099.731072940624,608.7519833333333,9922.5339221224,2807.3395829250003,12729.8735050474,276.4841164761913,21542.75187632569,12403.288344710169,9514.398931238093,608.7519833333333,2,4,0,2.7853275241795927e-11,MILP,0.6902632936507936,,
mean7_value_shift6h,dev_april,development,2025-04-26,2434.3823297058266,2321.9943692000024,25307.263331490878,717.863171714285,9887.981897265641,3076.03133978257,12964.013237048212,38.131557619047726,23814.22978945914,11598.529932888881,9495.958410095236,717.863171714285,11,4,0,3.3942626487259986e-11,MILP,0.6875877976190475,,
mean7_value_shift6h,dev_april,development,2025-04-27,2321.9943692000024,1781.1259972751307,54924.457467184,807.8719026666674,32528.935271761573,3583.8305646208623,36112.76583638244,1606.5215332380951,2423.1605564491483,19031.355955592,15902.179858761905,807.8719026666674,19,4,0,9.094947017729282e-13,LP,0.6847061507936508,,
mean7_value_shift6h,dev_april,development,2025-04-28,1781.1259972751307,1543.0469002423283,55030.69979139212,4469.391613161899,33104.20810224066,25908.555515435957,59012.76361767662,182.88320895238041,0.0,15313.221401392126,12617.980522457146,4469.391613161899,29,4,0,9.094947017729282e-13,LP,0.6830409722222223,,
mean7_value_shift6h,dev_april,development,2025-04-29,1543.0469002423283,1919.8933887132298,57653.231553494414,428.72194571428406,33916.54487996435,1741.2770229416126,35657.82190290596,2218.88917607995,4646.779830463265,18125.836507236916,14342.765731238094,428.72194571428406,10,4,0,8.952838470577262e-13,LP,0.6876266865079366,,
mean7_value_shift6h,dev_april,development,2025-04-30,1919.8933887132298,1638.3538020497374,56786.355851453256,58.64948676190511,33532.98018432406,236.34229051547754,33769.32247483954,1991.9060055555556,3454.352213951792,17869.885859850674,14727.993174476189,58.64948676190511,5,4,0,1.3642420526593924e-12,LP,0.6846873015873016,,
mean7_value_shift6h,val_june,validation,2025-06-08,1781.3549957153423,2168.5444668285722,86851.65452567783,19.011776857142877,59329.39505745775,131.58670150204773,59460.981758959795,16754.182441733097,1846.0099666666665,14405.684755087603,11320.134127619047,0.0,3,4,0,9.094947017729282e-13,LP,0.7672440476190476,,
mean7_value_shift6h,val_june,validation,2025-06-09,2168.5444668285722,2158.59677504762,85337.00364660905,92.44536371428569,59573.28494116941,547.1098707592379,60120.39481192864,10041.23172057731,981.6363156096456,18330.63770213638,14856.769461333331,66.26328019047617,5,4,0,6.821210263296962e-13,LP,0.7640867063492063,,
mean7_value_shift6h,val_june,validation,2025-06-10,2158.59677504762,2333.217336100531,85896.75485483598,9.9485453333333,59637.62217532497,26.229339771333244,59663.85151509631,10053.97131446679,458.2999333333329,19046.47060046443,15270.48268142857,9.9485453333333,1,4,0,9.094947017729282e-13,LP,0.7654167658730159,,
mean7_value_shift6h,val_june,validation,2025-06-11,2333.217336100531,2446.1562815566153,86497.30005293591,42.42461569904478,60101.55703580572,225.5767951523662,60327.13383095808,6118.028310552619,0.0,22292.657844764253,17955.40780334857,40.41269427047345,4,4,0,1.5916157281026244e-12,LP,0.7669218253968253,,
mean7_value_shift6h,val_june,validation,2025-06-12,2446.1562815566153,2602.310028023281,87227.27237338154,6.911473809523386,61109.40406178388,30.966858403569532,61140.37092018745,10625.307533044095,541.7576999999998,18285.204257861253,14670.477077047619,6.911473809523386,1,4,0,2.2737367544323206e-12,LP,0.7694986111111112,,
mean7_value_shift6h,val_june,validation,2025-06-13,2602.310028023281,2575.636351815873,39870.784257312174,30.310687047619126,20188.263742981435,114.7948612667622,20303.058604248195,1738.2949575238113,7516.404527204,12237.30562220341,9936.223862571429,30.310687047619126,2,4,0,8.526512829121202e-13,LP,0.7694863095238095,,
mean7_value_shift6h,val_june,validation,2025-06-14,2575.636351815873,2621.9770834973533,40161.01455702763,6.862216666666541,20731.87915139123,13.473962424999753,20745.35311381623,1845.078009523812,9780.969940084658,12140.94429248677,9792.458218400947,6.862216666666541,1,4,0,1.5774048733874224e-12,LP,0.768164384920635,,
mean7_value_shift6h,val_june,validation,2025-06-15,2621.9770834973533,3274.0756011640224,88655.19257128982,0.0,61685.053972073,0.0,61685.053972073,13393.37323958025,298.84709999999995,19732.15385513815,15396.155956761902,0.0,0,4,0,8.526512829121202e-13,LP,0.7662471230158729,,
mean7_value_shift6h,val_june,validation,2025-06-16,3274.0756011640224,3169.124030929103,87193.37376454085,72.15126885714301,61398.598300270256,245.02078385895345,61643.61908412921,10795.141523127579,271.4355833333334,18943.955386746617,15439.060276476188,72.15126885714301,3,4,0,1.5347723092418164e-12,LP,0.769211111111111,,
mean7_value_shift6h,val_june,validation,2025-06-17,3169.124030929103,2703.398861549207,86364.67990742621,402.0425022857135,60540.05004255258,2293.537054994853,62833.58709754744,8863.185517954144,194.24276666666685,18375.976636138734,15303.693727714284,402.0425022857135,8,4,0,9.094947017729282e-13,LP,0.7697804563492063,,
mean7_value_shift6h,val_june,validation,2025-06-18,2703.398861549207,2982.7942848275147,87152.17912865608,0.0,61021.27475371561,0.0,61021.27475371561,12644.475697422693,88.67290000000003,17048.33552780482,13557.695896571428,0.0,0,4,0,3.637978807091713e-12,LP,0.7714673611111112,,
mean7_value_shift6h,val_june,validation,2025-06-19,2982.7942848275147,2739.674852192594,85047.43832933922,80.43876523809456,58601.06932509233,483.76391085223486,59084.83323594456,12066.777669827165,1736.3104999999996,17284.695863797766,14219.411139047617,31.776363523808868,4,4,0,9.094947017729282e-13,LP,0.7698035714285714,,
mean7_value_shift6h,val_june,validation,2025-06-20,2739.674852192594,2884.6010395206395,36603.82914585303,0.0,18783.545444915133,0.0,18783.545444915133,1407.5243536190487,10477.99097560494,11512.102094914755,9194.36912828571,0.0,0,4,0,9.094947017729282e-13,LP,0.7677931547619048,,
mean7_value_shift6h,val_june,validation,2025-06-21,2884.6010395206395,3117.437340286773,35252.93467776476,29.636278571428335,18137.9645084634,102.89187828142775,18240.85638674483,1836.381907809525,11597.474012629042,12128.536658990006,9614.562023092383,29.636278571428335,2,4,0,8.736833478906192e-11,MILP,0.7651185515873016,,
mean7_value_shift6h,val_august,validation,2025-08-18,2178.160729337569,2168.930028625399,72442.89799171193,295.93902860476135,53087.77352284189,1988.5558566680945,55076.32937950999,2620.481651295708,2044.6419833333339,19410.028419273367,15730.430650252381,163.32775765238037,12,4,0,1.4495071809506044e-12,LP,0.7912489087301589,,
mean7_value_shift6h,val_august,validation,2025-08-19,2168.930028625399,1852.4128791502637,72283.00706105233,218.62467780952375,52987.918941473385,1541.867729577999,54529.786671051384,1952.7695527865965,3133.5257974661963,17802.851437561432,14705.17509895238,102.79601314285719,7,4,0,8.526512829121202e-13,LP,0.7923819444444445,,
mean7_value_shift6h,val_august,validation,2025-08-20,1852.4128791502637,1729.7439185724877,72871.02814889594,1869.9781010676054,53870.87987228345,10073.633521401654,63944.513393685105,414.5755492380955,0.0,19927.06157146738,16251.321937408582,1833.785062305701,27,4,0,8.810729923425242e-13,LP,0.790316865079365,,
mean7_value_shift6h,val_august,validation,2025-08-21,1729.7439185724877,1953.1484296931214,74113.1128111311,329.31942123809387,53723.58515983078,1870.9216007845625,55594.50676061534,2911.2367000070526,2002.6811852157523,18331.74633581305,14647.650472000001,329.31942123809387,9,4,0,9.094947017729282e-13,LP,0.7922001984126984,,
mean7_value_shift6h,val_august,validation,2025-08-22,1953.1484296931214,1604.7352693798935,40194.595290251615,330.0810577142855,22718.50423699122,1512.6151552448569,24231.119392236076,348.5277797142867,16748.59792628101,13213.437296065844,11016.456054095237,330.0810577142855,12,4,0,1.8189894035458565e-12,MILP,0.7917840277777777,,
mean7_value_shift6h,val_august,validation,2025-08-23,1604.7352693798935,1916.1332087280416,40825.121396812465,21.412151700000255,22741.728298023936,61.27124747291731,22802.999545496856,415.4108629523812,15080.677124375072,13369.37508300882,10548.935671823809,21.412151700000255,2,4,0,1.8189894035458565e-12,MILP,0.79310625,,
mean7_value_shift6h,val_august,validation,2025-08-24,1916.1332087280416,2196.4236855798945,76191.91484413992,284.474050095239,54807.279259693736,1541.721980788815,56349.001240482554,4437.688968796003,4315.5192462892455,19670.156666578478,15680.565470761905,284.474050095239,13,4,0,1.0231815394945443e-12,LP,0.7947999007936508,,
mean7_value_shift6h,val_august,validation,2025-08-25,2196.4236855798945,2019.1870635026455,76097.89786362257,837.6831060952372,55263.09705196699,3786.955168596665,59050.05222056366,1602.2857450852484,962.0525166666669,19777.203427203993,16179.04773590476,819.8628760952373,22,4,0,1.1652900866465643e-12,LP,0.794960119047619,,
mean7_value_shift6h,val_august,validation,2025-08-26,2019.1870635026455,2289.7248573343904,77411.71061081126,216.65762466666763,55420.910942949355,1111.509198709862,56532.42014165921,5465.865438057604,2690.1733449970607,19473.826603375655,15530.315534285714,216.65762466666763,6,4,0,9.094947017729282e-13,LP,0.7967595238095239,,
mean7_value_shift6h,val_august,validation,2025-08-27,2289.7248573343904,1868.6339772031754,76984.80180751323,71.43576542857238,55530.97953964914,416.06799427000533,55947.04753391914,3236.204448288067,2413.5014,20375.603421606113,16883.22056361905,70.09013761904839,7,4,0,7.673861546209082e-13,LP,0.7969742063492062,,
mean7_value_shift6h,val_august,validation,2025-08-28,1868.6339772031754,1928.8909241407414,76481.55441285713,167.9065533333336,55595.5082108034,1143.100036843812,56738.60824764721,1834.832281813053,0.0,21013.69709894885,16966.86339790476,121.02584380952408,8,4,0,8.242295734817162e-13,LP,0.7951226190476189,,
mean7_value_shift6h,val_august,validation,2025-08-29,1928.8909241407414,1784.4022373777775,41237.63937088066,335.43648333333283,23201.078987772173,1107.6412376361886,24308.72022540836,880.3741773333343,15663.729185736627,13704.168206477363,11230.416065333333,335.43648333333283,10,4,0,9.094947017729282e-13,MILP,0.7974508928571429,,
mean7_value_shift6h,val_august,validation,2025-08-30,1784.4022373777775,1574.0628858211626,41491.9794364268,111.02423906190441,23554.56616480929,337.79694324726444,23892.363108056554,803.3916070476198,20009.8903028348,12980.564993020576,10703.56306074762,111.02423906190441,10,4,0,8.021237994802909e-12,MILP,0.7980275793650793,,
mean7_value_shift6h,val_august,validation,2025-08-31,1574.0628858211626,2395.7523527111116,78414.74288740623,64.18654666666725,56173.26556791876,391.3440420606219,56564.60960997938,4583.194009927108,2629.044000000001,20423.935897955318,15803.867557142858,37.681410476191104,7,4,0,9.348077867343818e-13,LP,0.7973798611111111,,
mean7_value_shift6h,eval_september,evaluation,2025-09-10,4786.2408636984155,5238.316696867728,67860.3791468054,1337.2639417142873,45742.04806146357,6610.053849986387,52352.10191144995,3598.662773848325,0.0,20400.596920099935,16117.615255428569,1219.1385996190563,27,4,0,9.094947017729282e-13,LP,0.703866369047619,,
mean7_value_shift6h,eval_september,evaluation,2025-09-11,5238.316696867728,5267.832231968257,68579.1412554168,0.0,45187.745414369485,0.0,45187.745414369485,6862.961672665488,4680.02805,18492.11456751322,14952.048818095234,0.0,0,4,0,9.094947017729282e-13,LP,0.7068419642857143,,
mean7_value_shift6h,eval_september,evaluation,2025-09-12,5267.832231968257,5091.8495524444415,34678.13553075238,0.0,17410.78387866698,0.0,17410.78387866698,1114.4127548571428,19771.312085201527,12627.046854027038,10386.292363333332,0.0,0,4,0,1.9326762412674725e-12,MILP,0.7062799603174603,,
mean7_value_shift6h,eval_september,evaluation,2025-09-13,5091.8495524444415,6079.9446566455035,35154.16471337143,577.4104890476189,17563.745789373785,3184.1982868497134,20747.9440762235,661.9063609523804,23704.1732347619,12995.308050476193,9636.91392710476,577.4104890476189,4,4,0,4.663595626671179e-12,MILP,0.7086292658730158,,
mean7_value_shift6h,eval_september,evaluation,2025-09-14,6079.9446566455035,5850.249922275134,67350.43384603056,749.2681904761904,45670.44132557252,5021.22077847619,50691.662104048715,4629.763650476187,156.4725878600807,18004.559521599058,14790.41847342857,749.2681904761904,1,4,0,1.0231815394945443e-12,LP,0.7087442460317459,,
mean7_value_shift6h,eval_september,evaluation,2025-09-15,5850.249922275134,5256.951205661378,65920.18352384244,1004.2902360952373,44068.54514350069,6356.343421635855,50424.88856513655,5450.783866126983,3572.29638404938,17728.061691475603,14893.698815047617,1004.2902360952373,12,4,0,9.947598300641403e-13,LP,0.7111145833333334,,
mean7_value_shift6h,eval_september,evaluation,2025-09-16,5256.951205661378,4823.909381386245,66061.21316105349,776.562214285714,44843.90021432177,5138.857891892856,49982.758106214635,2965.85064984127,1430.3384217530897,17576.599801363896,14626.783480952381,776.562214285714,2,4,0,2.2168933355715126e-12,LP,0.7094292658730158,,
mean7_value_shift6h,eval_september,evaluation,2025-09-17,4823.909381386245,4511.716942955555,67345.75960589769,241.81908338857096,45171.46589428456,1514.2886795388447,46685.75457382341,4269.607569686068,0.0,19151.71533783068,15793.862618230476,234.18991672190424,2,4,0,9.094947017729282e-13,LP,0.7131525793650794,,
mean7_value_shift6h,eval_september,evaluation,2025-09-18,4511.716942955555,4908.603065968255,67816.67079883715,740.6049439047623,44770.9661595825,4904.519270376335,49675.48542995884,4103.582394669018,1544.5947255049966,18925.526290472662,14972.478784571427,740.6049439047623,2,4,0,9.094947017729282e-13,LP,0.7126141865079365,,
mean7_value_shift6h,eval_september,evaluation,2025-09-19,4908.603065968255,5130.713268899475,34047.79626967619,554.2855890476188,16876.279976723898,3109.0074158199986,19985.287392543898,534.2482204761905,15286.625803821276,13052.401763797769,10372.546246038095,554.2855890476188,3,4,0,4.234834705130197e-11,MILP,0.7150087301587301,,
mean7_value_shift6h,eval_september,evaluation,2025-09-20,5130.713268899475,5245.422594148148,33872.33291789523,584.4837177142842,16514.6922711703,3342.361153871233,19857.053425041537,605.289947142857,15641.167909876545,12956.245539647261,10391.32049439048,584.4837177142842,3,4,0,2.13478617499479e-12,MILP,0.7176039682539682,,
mean7_value_shift6h,eval_september,evaluation,2025-09-21,5245.422594148148,5058.223726677249,70126.31683856202,754.4465714285714,47376.70114772304,4929.553897714285,52306.25504543733,6214.731542497353,3429.82725,16406.29534149324,13457.578207333336,754.4465714285714,1,4,0,1.0231815394945443e-12,LP,0.720596130952381,,
mean7_value_shift6h,eval_september,evaluation,2025-09-22,5058.223726677249,4099.575329137569,67468.75786197648,872.5756738095243,45445.1789563768,5614.673603547621,51059.852559924424,2845.0948388453835,2524.7006999999994,16948.956165226336,14591.438051619047,872.5756738095243,6,4,0,8.881784197001252e-13,LP,0.7203022817460316,,
mean7_value_shift6h,eval_september,evaluation,2025-09-23,4099.575329137569,4037.690346343916,69431.00679510993,1131.343378571428,46119.685188800075,6574.840691434522,52694.5258802346,3177.6321771640187,1785.7420661846013,18621.35174480893,15138.991397809521,1131.343378571428,12,4,0,9.094947017729282e-13,LP,0.7232222222222222,,
mean7_value_shift6h,eval_december,evaluation,2025-12-08,1451.3861965089911,1823.0339727153448,96889.40221220929,139.1033038095245,73415.16957345138,784.3456031993373,74199.51517665072,4475.094432711343,0.0,23009.036673974137,18302.836707333332,139.1033038095245,6,4,0,9.663381206337363e-13,LP,0.8563599206349207,,
mean7_value_shift6h,eval_december,evaluation,2025-12-09,1823.0339727153448,1731.1889224444446,96886.96378117341,104.57407028571618,72649.39874829694,660.4718134035845,73309.87056170052,5257.655269191062,0.0,23305.730846553786,18960.302530952384,76.55388561904942,10,4,0,9.094947017729282e-13,LP,0.8564898809523809,,
mean7_value_shift6h,eval_december,evaluation,2025-12-10,1731.1889224444446,1660.9956632592596,97026.89186205878,76.20822590476223,73904.33462138899,473.18623502995456,74377.52085641894,4448.436339880059,0.0,22790.627445702532,18523.58216428572,76.20822590476223,7,4,0,9.094947017729282e-13,LP,0.8551274801587303,,
mean7_value_shift6h,eval_december,evaluation,2025-12-11,1660.9956632592596,1849.5066304476222,97434.26873075955,14.821332857142806,72677.00960793991,78.80830127842832,72755.81790921834,7030.004373242794,0.0,22569.32168370723,18111.490693333333,14.821332857142806,3,4,0,9.094947017729282e-13,LP,0.8557169642857142,,
mean7_value_shift6h,eval_december,evaluation,2025-12-12,1849.5066304476222,1925.326520714292,50946.63655140623,12.05197361904601,23518.60312390172,51.83856668703927,23570.44169058876,2027.161238551445,1328.8133463915274,20105.592397415632,16217.291940666664,12.05197361904601,2,4,0,1.0231815394945443e-12,LP,0.8546524801587301,,
mean7_value_shift6h,eval_december,evaluation,2025-12-13,1925.326520714292,2071.604548892064,51818.06381901822,125.90212028571385,24284.15189868849,611.221764852809,24895.3736635413,3064.8895970417457,1132.38245,20086.89622930981,16138.735720380952,125.90212028571385,5,4,0,7.958078640513122e-13,LP,0.8555957341269842,,
mean7_value_shift6h,eval_december,evaluation,2025-12-14,2071.604548892064,1739.627803660316,97903.9018000623,24.921156857142478,75019.99017227111,137.52609795014087,75157.51627022125,5100.787623409759,0.0,22884.69791693827,18835.384383428573,24.921156857142478,3,4,0,6.821210263296962e-13,LP,0.855952876984127,,
mean7_value_shift6h,eval_december,evaluation,2025-12-15,1739.627803660316,1911.330116133336,99872.19156622222,27.673814285714116,76624.21325448077,156.18165953714188,76780.39491401792,5890.646241266315,0.0,23079.626796574958,18539.965624,27.673814285714116,3,4,0,1.0231815394945443e-12,LP,0.8574713293650794,,
mean7_value_shift6h,eval_december,evaluation,2025-12-16,1911.330116133336,1830.002305755558,99682.91976615167,15.295701238095035,75926.10397873515,93.72153979142746,76019.82551852657,6038.557554371549,0.0,22709.27162644679,18467.705046761905,15.295701238095035,4,4,0,9.094947017729282e-13,LP,0.8583177579365079,,
mean7_value_shift6h,eval_december,evaluation,2025-12-17,1830.002305755558,1887.2661172899504,99301.84177987183,47.10235171428542,75837.82804770386,232.06311257271278,76069.89116027657,6893.903387780131,0.0,22166.611825044085,17903.41814790476,47.10235171428542,3,4,0,1.0231815394945443e-12,LP,0.8590515873015874,,
mean7_value_shift6h,eval_december,evaluation,2025-12-18,1887.2661172899504,1865.7872980433888,98731.37845458905,8.338675819999253,74642.85690013603,29.36616310277813,74672.22306323881,7007.749107932972,0.0,23079.115753322752,18713.414697513334,8.338675819999253,2,4,0,3.637978807091713e-12,LP,0.8580016865079366,,
mean7_value_shift6h,eval_december,evaluation,2025-12-19,1865.7872980433888,1694.2762466719578,52224.09750531099,16.154431904761214,24122.969309358465,79.34171137571013,24202.311020734174,3945.314389387422,1819.938543562609,19584.04026578953,16017.432561523809,16.154431904761214,3,4,0,1.0231815394945443e-12,LP,0.8596936507936507,,
mean7_value_shift6h,eval_december,evaluation,2025-12-20,1694.2762466719578,1884.8585616888897,52488.170953038214,10.869359238095228,24219.87187015617,44.70836363628566,24264.580233792454,3795.8309026360967,1821.318116666667,20284.289260306876,16258.750217333329,10.869359238095228,3,4,0,1.0231815394945443e-12,LP,0.8598814484126984,,
mean7_value_shift6h,eval_december,evaluation,2025-12-21,1884.8585616888897,1871.5040772370414,97989.46497456789,123.49835361904786,74275.00711894296,365.7095366687622,74640.71665561173,4710.049826529097,0.0,23037.63511051499,18672.50347552381,123.49835361904786,8,4,0,9.094947017729282e-13,LP,0.8583492063492064,,
oracle_greedy,dev_march,development,2025-03-07,1607.6682326867735,1822.4364293291005,34458.969579369674,0.0,13790.838267140476,0.0,13790.838267140476,760.4768494908885,9285.917380623161,17352.623362864197,13862.333546941907,0.0,0,0,0,2.0463630789890885e-12,MILP,0.6085013888888889,,
oracle_greedy,dev_march,development,2025-03-08,1822.4364293291005,1714.2622919460346,33598.20549247031,0.0,13343.893198614709,0.0,13343.893198614709,620.9664958589055,10448.670914920634,18751.501519309815,15286.072954285713,0.0,0,0,0,1.8189894035458565e-12,MILP,0.5972631944444444,,
oracle_greedy,dev_march,development,2025-03-09,1714.2622919460346,1573.0809219608477,76759.27775847202,0.0,48298.21162230143,0.0,48298.21162230143,7591.750666733685,2236.0208166666666,19605.49714767548,16007.51592260381,0.0,0,0,0,7.958078640513122e-13,LP,0.7838090277777777,,
oracle_greedy,dev_march,development,2025-03-10,1573.0809219608477,1435.3602848719606,75486.38346118867,0.0,48898.0455132948,0.0,48898.0455132948,3051.530336116398,360.69671666666625,21873.86069360847,17841.775735202857,0.0,0,0,0,6.821210263296962e-13,LP,0.802451388888889,,
oracle_greedy,dev_march,development,2025-03-11,1435.3602848719606,1657.1619281174596,75106.18305037593,0.0,47632.217536202304,0.0,47632.217536202304,5358.01135845471,1755.1075,20286.967963159306,16232.822571238094,0.0,0,0,0,8.597567102697212e-13,LP,0.7893930555555556,,
oracle_greedy,dev_march,development,2025-03-12,1657.1619281174596,1468.3751579915365,74742.15338934408,0.0,46590.85841728086,0.0,46590.85841728086,6435.10113228923,2172.9285666666665,20360.511053516762,16661.922046461907,0.0,0,0,0,9.094947017729282e-13,LP,0.7801680555555556,,
oracle_greedy,dev_march,development,2025-03-13,1468.3751579915365,1411.4148678222232,73899.05153429614,44.98359440285583,47142.17920263704,282.30905782009916,47424.48826045713,2273.089239296737,105.99734999999987,21424.183073094646,17404.852550359046,0.0,2,0,0,8.588685318500211e-13,LP,0.7996374999999999,,
oracle_greedy,dev_march,development,2025-03-14,1411.4148678222232,1913.0443908000007,33159.170938232804,0.0,12643.219303810793,0.0,12643.219303810793,700.7735535896551,12299.818252344501,19356.24514887007,15227.09199990476,0.0,0,0,0,1.846218499819219e-12,MILP,0.5913868055555556,,
oracle_greedy,dev_march,development,2025-03-15,1913.0443908000007,1378.6860069322775,32036.85452331805,0.0,12904.901762353602,0.0,12904.901762353602,637.2638860952381,7581.061240328042,17764.87785460905,14870.473607714282,0.0,0,0,0,1.7053025658242404e-12,MILP,0.6047722222222222,,
oracle_greedy,dev_march,development,2025-03-16,1378.6860069322775,1829.774123456089,73891.061685862,0.0,45913.48824937447,0.0,45913.48824937447,5464.8368232145785,488.8266500000001,22001.95776022457,17415.60648091048,0.0,0,0,0,1.0231815394945443e-12,LP,0.784895138888889,,
oracle_greedy,dev_march,development,2025-03-17,1829.774123456089,1960.1193718952377,72284.61333428923,0.0,43916.04097697436,0.0,43916.04097697436,8108.7637631311045,2635.277233333333,18763.843057348608,15081.402152857143,0.0,0,0,0,9.094947017729282e-13,LP,0.7601756944444445,,
oracle_greedy,dev_march,development,2025-03-18,1960.1193718952377,1817.6193919396844,70276.50624349772,0.0,43145.78282572603,0.0,43145.78282572603,3869.8011703057027,1253.98175,21868.499676238676,17841.73471971333,0.0,0,0,0,1.0231815394945443e-12,LP,0.7760166666666666,,
oracle_greedy,dev_march,development,2025-03-19,1817.6193919396844,2073.3358471291012,70298.98309726396,0.0,42664.1959101843,0.0,42664.1959101843,4393.697232130512,1902.2185999999997,22670.800028752492,18133.203213619046,0.0,0,0,0,8.952838470577262e-13,LP,0.7718381944444445,,
oracle_greedy,dev_march,development,2025-03-20,2073.3358471291012,1549.1573614962977,69197.18433214343,58.90048332095262,42886.03849166989,389.5677966847806,43275.60628835468,2423.3275808865346,1014.3316833333329,21480.128271828333,17870.66453725048,0.0,1,0,0,9.094947017729282e-13,LP,0.7786381944444444,,
oracle_greedy,dev_april,development,2025-04-17,1618.0719069862432,1998.7322361989454,60737.177014785426,0.0,35701.32041197964,0.0,35701.32041197964,1933.974567389776,1670.0174562504449,20643.412341335683,16378.569700190475,0.0,0,0,0,9.094947017729282e-13,LP,0.7477673611111111,,
oracle_greedy,dev_april,development,2025-04-18,1998.7322361989454,2071.0299826529094,27435.84223589714,0.0,10562.28367898742,0.0,10562.28367898742,555.6605537142866,17466.140937622575,15762.39783904409,12702.474277817146,0.0,0,0,0,2.6147972675971687e-12,MILP,0.5594201388888889,,
oracle_greedy,dev_april,development,2025-04-19,2071.0299826529094,2105.5576629968255,27401.048148930433,0.0,10593.226749203935,0.0,10593.226749203935,625.6600212380963,17020.95563387066,15466.728060590245,12496.974816768568,0.0,0,0,0,1.4665602066088468e-11,MILP,0.5579763888888889,,
oracle_greedy,dev_april,development,2025-04-20,2105.5576629968255,2056.657125238098,59744.039655735454,0.0,35286.27356770046,0.0,35286.27356770046,1870.7896171005323,2179.726857379194,19893.625167922397,16157.84687,0.0,0,0,0,9.094947017729282e-13,LP,0.7454388888888889,,
oracle_greedy,dev_april,development,2025-04-21,2056.657125238098,1559.6277619534403,59508.39150684538,0.0,34600.440064874405,0.0,34600.440064874405,3284.8500525196955,4552.805315923584,18953.43253697353,15799.60678190476,0.0,0,0,0,9.094947017729282e-13,LP,0.7339520833333333,,
oracle_greedy,dev_april,development,2025-04-22,1559.6277619534403,1719.2017323608454,59559.04955826925,0.0,35234.74808496779,0.0,35234.74808496779,1763.4848323621425,1690.244927556737,20046.178464826564,16093.787983142856,0.0,0,0,0,9.094947017729282e-13,LP,0.7509583333333334,,
oracle_greedy,dev_april,development,2025-04-23,1719.2017323608454,1849.8611342042336,59903.887535582595,0.0,35473.78153610371,0.0,35473.78153610371,2470.2428677025314,2081.265413871838,20183.52145096061,16231.058913619047,0.0,0,0,0,9.094947017729282e-13,LP,0.7479125,,
oracle_greedy,dev_april,development,2025-04-24,1849.8611342042336,1771.3787259809537,58877.32606257966,0.0,34649.29174621834,0.0,34649.29174621834,3071.766440177547,5039.331974074075,19719.763766994707,16043.642818666665,0.0,0,0,0,9.094947017729282e-13,LP,0.7361847222222223,,
oracle_greedy,dev_april,development,2025-04-25,1771.3787259809537,1747.1472936000064,26913.46472624221,0.0,9833.7835113461,0.0,9833.7835113461,376.14119990476297,21467.225507666077,16271.308725338034,13201.568356666663,0.0,0,0,0,1.0800249583553523e-11,MILP,0.5406916666666667,,
oracle_greedy,dev_april,development,2025-04-26,1747.1472936000064,1493.6703224359808,26950.053645691798,0.0,9868.789356261339,0.0,9868.789356261339,226.3229306666666,23692.551574701938,16784.814637039388,13823.829130049528,0.0,0,0,0,1.2656897752094665e-10,MILP,0.5378048611111111,,
oracle_greedy,dev_april,development,2025-04-27,1493.6703224359808,1485.078089274073,55844.817519144024,421.7238946057153,32404.280022040333,2766.7196105607954,35170.99963260113,1650.0946169523804,2204.210185148734,20244.728621900056,16405.96319358476,0.0,1,0,0,9.094947017729282e-13,LP,0.7337826388888888,,
oracle_greedy,dev_april,development,2025-04-28,1485.078089274073,1504.9808207925923,55320.25370961325,4705.248702550469,32844.26517295119,30198.31522760178,63042.58040055297,514.3019822998249,0.0,15112.213972792475,12222.980859595242,0.0,9,0,0,9.094947017729282e-13,LP,0.7660520833333333,,
oracle_greedy,dev_april,development,2025-04-29,1504.9808207925923,1687.2567856740727,57853.860530660786,99.57185541618514,33362.83691141576,658.9665391443133,34021.80345056007,2371.2991392263375,4353.3352427983555,19113.346942064665,15317.76265467905,0.0,1,0,0,8.952838470577262e-13,LP,0.7303826388888888,,
oracle_greedy,dev_april,development,2025-04-30,1687.2567856740727,1593.67784555344,57203.17429927454,0.0,33251.04140465355,0.0,33251.04140465355,2660.5803150758366,2737.51952542975,19118.110902864195,15569.89087742857,0.0,0,0,0,8.86402062860725e-13,LP,0.7294423611111112,,
oracle_greedy,val_june,validation,2025-06-08,1781.3549957153423,2091.7393678433887,87050.55241328749,19.011776857142877,59055.09015854389,131.58670150204773,59186.67686004594,16961.53787600706,1625.3386999999998,15886.412697661373,12588.648350190475,0.0,3,0,0,9.094947017729282e-13,LP,0.7970791666666668,,
oracle_greedy,val_june,validation,2025-06-09,2091.7393678433887,2093.2340231269873,85555.22771916166,26.182083523809524,59241.77384908211,184.1079778854762,59425.88182696758,9794.782020067028,1049.4811333333332,20016.25645366607,16211.822537714284,0.0,2,0,0,6.821210263296962e-13,LP,0.81925625,,
oracle_greedy,val_june,validation,2025-06-10,2093.2340231269873,2295.0220524063516,85969.38013474779,0.0,59196.94120556531,0.0,59196.94120556531,9794.61288792828,593.9374999999995,19898.822563867132,15936.437050380951,0.0,0,0,0,9.094947017729282e-13,LP,0.8168180555555556,,
oracle_greedy,val_june,validation,2025-06-11,2295.0220524063516,2474.5712924793647,86539.73925704056,2.011921428571327,59705.71760086234,13.950663185713582,59719.66826404806,6059.416349723701,0.0,22296.285242174006,17898.396730095235,0.0,1,0,0,9.094947017729282e-13,LP,0.8316965277777778,,
oracle_greedy,val_june,validation,2025-06-12,2474.5712924793647,2559.511824644445,87512.3668056896,0.0,60696.594299867764,0.0,60696.594299867764,10685.849686745447,541.7576999999998,19768.00792980129,15935.639944190474,0.0,0,0,0,9.094947017729282e-13,LP,0.8219833333333333,,
oracle_greedy,val_june,validation,2025-06-13,2559.511824644445,2575.636351815871,40231.50691496767,0.0,20038.93073356636,0.0,20038.93073356636,2794.787594992359,6428.929215289835,13936.65436963786,11274.177964952381,0.0,0,0,0,8.526512829121202e-13,LP,0.6400291666666666,,
oracle_greedy,val_june,validation,2025-06-14,2575.636351815871,2582.561823325925,41095.836677729036,0.0,20526.68153568769,0.0,20526.68153568769,3036.7544677142873,8660.700471388596,16835.821390879486,13630.782402253331,0.0,0,0,0,9.094947017729282e-13,LP,0.6368673611111111,,
oracle_greedy,val_june,validation,2025-06-15,2582.561823325925,3358.1324558264578,88508.33442049148,0.0,61217.15822172441,0.0,61217.15822172441,13248.237366559673,441.1485499999999,18389.266322884185,14197.292152285712,0.0,0,0,0,9.094947017729282e-13,LP,0.8178270833333333,,
oracle_greedy,val_june,validation,2025-06-16,3358.1324558264578,3132.299075544974,87005.14329898648,0.0,61092.54943336836,0.0,61092.54943336836,10638.806975660207,271.4355833333334,18968.93666094532,15568.088737619044,0.0,0,0,0,9.094947017729282e-13,LP,0.8232416666666666,,
oracle_greedy,val_june,validation,2025-06-17,3132.299075544974,2674.202902864549,86852.92052100999,3.081040857142966,60194.044036295774,21.046590095143603,60215.09062639092,8387.68055019283,194.24276666666685,21312.387282912394,17675.320254571427,0.0,1,0,0,7.389644451905042e-13,LP,0.8286263888888888,,
oracle_greedy,val_june,validation,2025-06-18,2674.202902864549,2999.764415971432,87238.50512516637,0.0,60725.96914438164,0.0,60725.96914438164,12534.876438904179,88.67290000000003,17860.83960245267,14174.27471619047,0.0,0,0,0,9.094947017729282e-13,LP,0.82005,,
oracle_greedy,val_june,validation,2025-06-19,2999.764415971432,2761.624262774605,84950.68628261375,48.66240171428569,58223.96195204217,334.32397563485705,58558.285927677025,11777.020268915934,1736.3104999999996,18109.683438364493,14883.169722952382,0.0,2,0,0,9.094947017729282e-13,LP,0.8079104166666666,,
oracle_greedy,val_june,validation,2025-06-20,2761.624262774605,2963.349655696302,37225.783811792106,0.0,18606.334471095524,0.0,18606.334471095524,2141.894904952382,9671.90079677602,14893.970560179892,11882.563300116188,0.0,0,0,0,9.094947017729282e-13,LP,0.6213069444444445,,
oracle_greedy,val_june,validation,2025-06-21,2963.349655696302,3179.9286485566154,35851.21194285628,0.0,17932.089040886116,0.0,17932.089040886116,1834.2774746666682,11539.02479084774,15517.095704039975,12373.926426698097,0.0,0,0,0,1.1368683772161603e-12,MILP,0.6095256944444445,,
oracle_greedy,val_august,validation,2025-08-18,2178.160729337569,2168.930028625398,72595.1701757037,132.611270952381,52803.545208747426,1115.5127389771433,53919.05794772457,2500.603533035868,1958.1206275108755,20438.15421096648,16563.212541523808,0.0,5,0,0,8.668621376273222e-13,LP,0.8475611111111111,,
oracle_greedy,val_august,validation,2025-08-19,2168.930028625398,1852.4128791502656,72403.70454322851,115.82866466666655,52726.095821041774,987.5119954816656,53713.607816523436,1941.4877173474415,3005.903094917109,18628.1462113592,15373.66386572857,0.0,4,0,0,8.526512829121202e-13,LP,0.8429152777777777,,
oracle_greedy,val_august,validation,2025-08-20,1852.4128791502656,1630.2109173555552,72917.38526192357,2099.437016692369,53514.10325656088,15572.520212562453,69086.62346912333,806.9329649417989,0.0,19785.15796117225,16225.95971416477,0.0,10,0,0,9.094947017729282e-13,LP,0.866348611111111,,
oracle_greedy,val_august,validation,2025-08-21,1630.2109173555552,1854.96182146032,74169.36886584714,0.0,53527.77574174142,0.0,53527.77574174142,2347.9434892145773,2232.7147242880646,18642.191343773073,14897.899174761904,0.0,0,0,0,9.094947017729282e-13,LP,0.8472069444444443,,
oracle_greedy,val_august,validation,2025-08-22,1854.96182146032,1486.6533281999998,40464.64407693357,33.57257334380747,22663.7007829001,68.55519476805485,22732.255977668156,142.23804295238142,16718.25579118401,14413.847684606699,12006.694268465715,0.0,1,0,0,3.4737644859382678e-12,MILP,0.6604708333333333,,
oracle_greedy,val_august,validation,2025-08-23,1486.6533281999998,1925.911408839153,41232.47881414028,0.0,22595.91261275261,0.0,22595.91261275261,502.35696862198716,14969.859436482067,14920.652560320988,11690.39630128476,0.0,0,0,0,1.517719283583574e-11,MILP,0.6591965277777778,,
oracle_greedy,val_august,validation,2025-08-24,1925.911408839153,2100.0782866380923,76181.05017734978,0.0,54733.132213629644,0.0,54733.132213629644,4279.701807822454,4226.229044444445,19919.892903844797,15978.363062095239,0.0,0,0,0,7.958078640513122e-13,LP,0.8410215277777777,,
oracle_greedy,val_august,validation,2025-08-25,2100.0782866380923,1707.2043083703695,76151.70229930159,194.44487727809326,55127.912894617315,1651.7392593657946,56779.65215398311,1418.4546753944767,671.1679166666668,20194.863938383303,16711.42637053143,0.0,3,0,0,9.094947017729282e-13,LP,0.8601569444444443,,
oracle_greedy,val_august,validation,2025-08-26,1707.2043083703695,2289.724857334394,77810.48083583773,0.0,55148.43895568427,0.0,55148.43895568427,5548.620280511457,2347.2462063786024,20323.82879761434,15938.032832,0.0,0,0,0,9.094947017729282e-13,LP,0.8444180555555555,,
oracle_greedy,val_august,validation,2025-08-27,2289.724857334394,1885.1668969915356,77091.64954636684,16.225255619048085,55002.20436660463,134.3372614190515,55136.54162802368,3584.417827800118,1955.4439333333335,21147.19125523339,17493.327081047617,0.0,2,0,0,9.094947017729282e-13,LP,0.8533875,,
oracle_greedy,val_august,validation,2025-08-28,1885.1668969915356,1928.8909241407405,76348.94166178645,46.880709523809514,55090.584423520944,388.3171611380952,55478.90158465904,1659.5063588018847,0.0,20679.838972319805,16711.31794314476,0.0,3,0,0,8.242295734817162e-13,LP,0.863504861111111,,
oracle_greedy,val_august,validation,2025-08-29,1928.8909241407405,1784.4022373777775,41492.65896784127,0.0,23009.75091737766,0.0,23009.75091737766,1042.2922488571442,15090.475426605528,15445.846107711932,12641.175165333334,0.0,0,0,0,2.3874235921539366e-12,MILP,0.6645076388888889,,
oracle_greedy,val_august,validation,2025-08-30,1784.4022373777775,1487.3890171174626,42164.22229411308,0.0,23260.226787782238,0.0,23260.226787782238,973.9011430241052,19807.509600029392,16512.650610318633,13642.55889259238,0.0,0,0,0,2.546585164964199e-11,MILP,0.6546625,,
oracle_greedy,val_august,validation,2025-08-31,1487.3890171174626,2395.7523527111125,78511.0471859659,26.50513619047615,55692.115679686736,218.3203532838092,55910.436032970545,4536.673750079953,2629.044000000001,20566.76045636214,15841.548967619048,0.0,3,0,0,9.348077867343818e-13,LP,0.846538888888889,,
oracle_greedy,eval_september,evaluation,2025-09-10,4786.2408636984155,5219.073491063494,68174.1411069195,968.5033833333317,45262.08819362148,5167.422119424991,50429.51031304647,3203.8548007148675,0.0,22280.219341628454,17657.428302090477,0.0,7,0,0,9.094947017729282e-13,LP,0.7818236111111112,,
oracle_greedy,eval_september,evaluation,2025-09-11,5219.073491063494,5148.901516656086,68758.85592853262,0.0,44866.505853465904,0.0,44866.505853465904,7002.92927266549,4680.02805,19173.51368158142,15593.700859047616,0.0,0,0,0,8.952838470577262e-13,LP,0.7530638888888889,,
oracle_greedy,eval_september,evaluation,2025-09-12,5148.901516656086,5064.217895449734,35781.99286610934,0.0,17178.794260544735,0.0,17178.794260544735,1421.1709096190475,19562.32968786596,17489.743830052903,14242.90776142857,0.0,0,0,0,1.3926637620897964e-12,MILP,0.5750854166666666,,
oracle_greedy,eval_september,evaluation,2025-09-13,5064.217895449734,5269.509571904761,35970.69987133333,0.0,17374.899409028447,0.0,17374.899409028447,1151.8287497824815,23517.55600062904,16365.532256731332,13071.318619142854,0.0,0,0,0,7.617018127348274e-12,MILP,0.5665159722222222,,
oracle_greedy,eval_september,evaluation,2025-09-14,5269.509571904761,4983.513647793654,68250.91727352027,0.0,45542.620691350014,0.0,45542.620691350014,4648.711441809517,137.52479652674936,19067.11903623163,15701.762751047618,0.0,0,0,0,1.0231815394945443e-12,LP,0.7759062499999999,,
oracle_greedy,eval_september,evaluation,2025-09-15,4983.513647793654,4201.535500301585,67041.5571621552,0.0,44083.3865415893,0.0,44083.3865415893,5713.608253885946,3213.990466666666,19740.56916322163,16693.64135495238,0.0,0,0,0,7.105427357601002e-13,LP,0.761726388888889,,
oracle_greedy,eval_september,evaluation,2025-09-16,4201.535500301585,3970.2962505079367,67550.05937370488,0.0,44914.500476472946,0.0,44914.500476472946,2980.954937901237,1430.3384217530916,20290.059765955313,16643.063735238095,0.0,0,0,0,7.673861546209082e-13,LP,0.7779465277777776,,
oracle_greedy,eval_september,evaluation,2025-09-17,3970.2962505079367,3967.777792878308,68450.19347148265,7.62916666666672,44983.453561755916,38.19542291666694,45021.64898467258,4589.248034301,0.0,20582.751661657843,16674.295457809523,0.0,1,0,0,9.094947017729282e-13,LP,0.778054861111111,,
oracle_greedy,eval_september,evaluation,2025-09-18,3967.777792878308,3945.7672890634926,68579.38096558965,0.0,44584.03357302285,0.0,44584.03357302285,4328.660824573777,1438.4827399270985,20399.977567660204,16543.791283238093,0.0,0,0,0,9.094947017729282e-13,LP,0.7698256944444445,,
oracle_greedy,eval_september,evaluation,2025-09-19,3945.7672890634926,4485.785683402115,35516.28364751911,0.0,16912.61291700073,0.0,16912.61291700073,838.084773403879,15056.713349271013,15969.035017225162,12448.901809047618,0.0,0,0,0,1.4779288903810084e-12,MILP,0.5932520833333333,,
oracle_greedy,eval_september,evaluation,2025-09-20,4485.785683402115,4565.187970851853,35325.35932680188,0.0,16491.467884186048,0.0,16491.467884186048,975.7910304761904,15356.207384550267,17244.55326177542,13896.626083333333,0.0,0,0,0,3.637978807091713e-12,MILP,0.5874611111111112,,
oracle_greedy,eval_september,evaluation,2025-09-21,4565.187970851853,4088.1891826243364,71198.79975333568,0.0,47127.26011341824,0.0,47127.26011341824,6422.653472471483,3429.82725,18358.581352292767,15299.749804761905,0.0,0,0,0,7.815970093361102e-13,LP,0.7738493055555556,,
oracle_greedy,eval_september,evaluation,2025-09-22,4088.1891826243364,3231.7101723968276,68546.57402203527,0.0,45551.43358456519,0.0,45551.43358456519,2732.9273403151115,2524.7006999999994,18135.564250482068,15460.638152095238,0.0,0,0,0,9.094947017729282e-13,LP,0.7821659722222223,,
oracle_greedy,eval_september,evaluation,2025-09-23,3231.7101723968276,2994.28861720106,70395.30141371075,6.375,45815.07343509175,44.0799375,45859.15337259175,3026.0431319082886,1682.9626666666672,19945.97069199294,16369.915660190474,0.0,1,0,0,9.094947017729282e-13,LP,0.7817520833333333,,
oracle_greedy,eval_december,evaluation,2025-12-08,1451.3861965089911,1809.15001788889,97124.5055121987,0.0,73181.47569335693,0.0,73181.47569335693,4331.083598081126,0.0,24338.017674784245,19391.806877333336,0.0,0,0,0,9.094947017729282e-13,LP,0.9085152777777777,,
oracle_greedy,eval_december,evaluation,2025-12-09,1809.15001788889,1659.5577477481493,97255.31859159081,28.02018466666675,72441.80883628393,207.1730520160006,72648.98188829994,5250.108184342146,0.0,25154.786149343912,20510.009824095243,0.0,2,0,0,9.094947017729282e-13,LP,0.9057770833333332,,
oracle_greedy,eval_december,evaluation,2025-12-10,1659.5577477481493,1630.4133343703693,97010.7625248924,0.0,73613.39834716728,0.0,73613.39834716728,4352.790371135795,0.0,22613.59820594709,18343.244518857147,0.0,0,0,0,7.389644451905042e-13,LP,0.9161590277777777,,
oracle_greedy,eval_december,evaluation,2025-12-11,1630.4133343703693,1849.5066304476227,97598.30885023515,0.0,72406.70782826297,0.0,72406.70782826297,7007.8796074873535,0.0,23326.266190938277,18697.091648190475,0.0,0,0,0,9.094947017729282e-13,LP,0.8976340277777778,,
oracle_greedy,eval_december,evaluation,2025-12-12,1849.5066304476227,1880.5278105343998,51104.969884739556,0.0,23183.27201104448,0.0,23183.27201104448,2102.83367561082,1298.3485080105754,20849.763977403876,16860.389759619044,0.0,0,0,0,1.0231815394945443e-12,LP,0.7237798611111111,,
oracle_greedy,eval_december,evaluation,2025-12-13,1880.5278105343998,2004.5100151513222,52008.77696485596,0.0,23991.290667896392,0.0,23991.290667896392,2983.85394668901,1132.38245,20960.122108833617,16866.114924,0.0,0,0,0,7.958078640513122e-13,LP,0.7296965277777777,,
oracle_greedy,eval_december,evaluation,2025-12-14,2004.5100151513222,1739.627803660316,98295.11794866313,0.0,74839.96523565613,0.0,74839.96523565613,5082.665920038801,0.0,24590.127468243383,20156.397239619047,0.0,0,0,0,6.821210263296962e-13,LP,0.9207375000000001,,
oracle_greedy,eval_december,evaluation,2025-12-15,1739.627803660316,1917.0565646962991,100153.26345618107,0.0,76273.88421005424,0.0,76273.88421005424,5860.109204611403,0.0,24546.896841950624,19723.300557047616,0.0,0,0,0,9.094947017729282e-13,LP,0.9144402777777779,,
oracle_greedy,eval_december,evaluation,2025-12-16,1917.0565646962991,1830.002305755558,99924.54259829041,0.0,75787.7554332695,0.0,75787.7554332695,6047.009891944741,0.0,23883.106347679008,19423.664974666666,0.0,0,0,0,9.094947017729282e-13,LP,0.9109138888888888,,
oracle_greedy,eval_december,evaluation,2025-12-17,1830.002305755558,1836.361916377777,99460.17511320516,0.0,75436.77608960123,0.0,75436.77608960123,6863.165715854202,0.0,23154.940426970014,18749.778096285714,0.0,0,0,0,9.094947017729282e-13,LP,0.9088097222222221,,
oracle_greedy,eval_december,evaluation,2025-12-18,1836.361916377777,1865.7872980433888,98787.9386778248,0.0,74357.89929005093,0.0,74357.89929005093,6983.963665002934,0.0,23216.97475082187,18779.26670466667,0.0,0,0,0,9.094947017729282e-13,LP,0.9094777777777777,,
oracle_greedy,eval_december,evaluation,2025-12-19,1865.7872980433888,1666.3955094719577,52636.79175499823,0.0,23849.305646109377,0.0,23849.305646109377,3979.8413113298093,1810.65698271605,21670.288266666663,17732.386105714286,0.0,0,0,0,1.0231815394945443e-12,LP,0.7250944444444445,,
oracle_greedy,eval_december,evaluation,2025-12-20,1666.3955094719577,1865.741478200003,52965.94415748229,0.0,23912.286799746926,0.0,23912.286799746926,3815.950227557914,1821.318116666667,22594.274691591996,18121.95112833428,0.0,0,0,0,1.0231815394945443e-12,LP,0.7189708333333333,,
oracle_greedy,eval_december,evaluation,2025-12-21,1865.741478200003,1873.5169447047635,97973.61988368606,0.0,74171.51134426707,0.0,74171.51134426707,4540.136191970606,0.0,23098.441606286884,18702.73978123809,0.0,0,0,0,9.094947017729282e-13,LP,0.9100763888888888,,
oracle_value_update,dev_march,development,2025-03-07,1607.6682326867735,1822.4364293291005,34458.969579369674,26.629006285714468,13790.838267140476,56.72372976723848,13847.561996907716,768.6707173333338,9310.59882918283,17319.748046462082,13835.704540656192,26.629006285714468,2,4,0,2.0463630789890885e-12,MILP,0.6085013888888889,,
oracle_value_update,dev_march,development,2025-03-08,1822.4364293291005,1722.2643270783092,33598.20549247031,36.82399980952414,13343.893198614709,108.3046441258584,13452.197842740567,633.2883512380952,10472.919637554378,18714.930941296883,15249.248954476188,36.82399980952414,5,4,0,1.8189894035458565e-12,MILP,0.5972631944444444,,
oracle_value_update,dev_march,development,2025-03-09,1722.2643270783092,1573.0809219608477,76750.38660832505,0.0,48294.40709915354,0.0,48294.40709915354,7591.750666733685,2236.0208166666666,19596.60599752851,16007.51592260381,0.0,0,4,0,1.3642420526593924e-12,LP,0.7838090277777777,,
oracle_value_update,dev_march,development,2025-03-10,1573.0809219608477,1539.004763496298,75486.38346118867,140.28826704761832,48898.0455132948,765.2679548893287,49663.313468184126,3109.565195728388,360.69671666666625,21815.825833996478,17701.48746815524,140.28826704761832,8,4,0,6.821210263296962e-13,LP,0.802451388888889,,
oracle_value_update,dev_march,development,2025-03-11,1539.004763496298,1809.2488621333348,74991.0225185711,248.78687295238052,47582.27241355855,1049.2942752108556,48631.56668876941,5496.1701638103805,1755.1075,20033.64862599882,15984.035698285714,248.78687295238052,13,4,0,8.597567102697212e-13,LP,0.7893930555555556,,
oracle_value_update,dev_march,development,2025-03-12,1809.2488621333348,1496.2444782031773,74573.16790710422,63.96260467523841,46520.68902302013,315.389888737914,46836.07891175804,6483.101399554373,2172.9285666666665,20143.525304011757,16597.95944178667,63.96260467523841,8,4,0,9.094947017729282e-13,LP,0.7801680555555556,,
oracle_value_update,dev_march,development,2025-03-13,1496.2444782031773,1477.1714471111131,73868.08562294987,300.91847957237974,47128.93817894537,1544.465726903536,48673.40390584891,2515.995367456642,105.99734999999987,21150.311033588474,17148.91766518952,300.91847957237974,17,4,0,8.588685318500211e-13,LP,0.7996374999999999,,
oracle_value_update,dev_march,development,2025-03-14,1477.1714471111131,1936.2215049798951,33086.108072356255,37.443633999999975,12620.11682562063,134.87869443380967,12754.99552005444,721.2479131428576,12299.818252344501,19262.707923440325,15189.648365904759,37.443633999999975,4,4,0,1.846218499819219e-12,MILP,0.5913868055555556,,
oracle_value_update,dev_march,development,2025-03-15,1936.2215049798951,1447.5559075672,32011.102174229276,100.5115904847626,12896.576027893201,425.35506473754424,13321.931092630746,637.2638860952381,7628.627511825985,17691.559234022337,14769.96201722952,100.5115904847626,7,4,0,1.7053025658242404e-12,MILP,0.6047722222222222,,
oracle_value_update,dev_march,development,2025-03-16,1447.5559075672,1845.0086294878347,73814.53957404543,113.54790778571537,45881.417832312145,538.7166539416017,46420.134486253744,5588.092196495,488.8266500000001,21802.180275127568,17302.058573124763,113.54790778571537,8,4,0,2.0179413695586845e-12,LP,0.784895138888889,,
oracle_value_update,dev_march,development,2025-03-17,1845.0086294878347,1960.1193718952377,72267.68610536506,0.5464333333331979,43908.97555162141,2.4368194499993963,43911.41237107141,8109.438372184602,2635.277233333333,18746.24121937095,15080.85571952381,0.5464333333331979,1,4,0,9.094947017729282e-13,LP,0.7601756944444445,,
oracle_value_update,dev_march,development,2025-03-18,1960.1193718952377,1828.4792663619062,70276.50624349772,13.449508506667007,43145.78282572603,72.7178228922486,43218.500648618276,3874.338974659612,1253.98175,21863.961871884767,17828.285211206665,13.449508506667007,2,4,0,1.0231815394945443e-12,LP,0.7760166666666666,,
oracle_value_update,dev_march,development,2025-03-19,1828.4792663619062,2079.603690515345,70286.91657012815,9.016229127617656,42659.025403306616,39.945186167843374,42698.970589474455,4397.864108772487,1902.2185999999997,22654.566624974716,18124.18698449143,9.016229127617656,3,4,0,9.094947017729282e-13,LP,0.7718381944444445,,
oracle_value_update,dev_march,development,2025-03-20,2079.603690515345,1689.3280043153468,69190.22006171428,305.7326750095287,42882.99301621122,1376.812909568184,44259.80592577941,2572.313523048793,1014.3316833333329,21324.178059236914,17623.832345561903,305.7326750095287,14,4,0,9.094947017729282e-13,LP,0.7786381944444444,,
oracle_value_update,dev_april,development,2025-04-17,1618.0719069862432,2004.8893439238118,60737.177014785426,45.97189066666683,35701.32041197964,223.01519261023896,35924.33560458988,1983.8887571604976,1670.0174562504449,20593.49815156496,16332.597809523808,45.97189066666683,9,4,0,9.094947017729282e-13,LP,0.7477673611111111,,
oracle_value_update,dev_april,development,2025-04-18,2004.8893439238118,2078.0464313301586,27430.30083894476,18.937638476190898,10560.124196595078,58.15745769571589,10618.281654290793,555.6605537142866,17481.724684124634,15746.814092542032,12689.078036293335,18.937638476190898,4,4,0,2.6147972675971687e-12,MILP,0.5594201388888889,,
oracle_value_update,dev_april,development,2025-04-19,2078.0464313301586,2105.5576629968255,27394.73334512091,21.427374666666935,10590.750714630221,37.33633585200047,10628.087050482221,625.6600212380963,17047.409182841857,15440.274511619049,12481.862245911425,21.427374666666935,2,4,0,1.4665602066088468e-11,MILP,0.5579763888888889,,
oracle_value_update,dev_april,development,2025-04-20,2105.5576629968255,2067.621175097356,59744.039655735454,85.73158819047592,35286.27356770046,379.1545956216655,35665.428163322125,1961.9719545291039,2182.203709231045,19799.965978641972,16072.115281809523,85.73158819047592,5,4,0,9.094947017729282e-13,LP,0.7454388888888889,,
oracle_value_update,dev_april,development,2025-04-21,2067.621175097356,1565.2919708423278,59496.20922922398,79.1839622447582,34595.26746979636,248.68731570810783,34843.954785504466,3284.8500525196955,4644.269728571432,18849.785846704282,15720.422819660002,79.1839622447582,7,4,0,9.094947017729282e-13,LP,0.7339520833333333,,
oracle_value_update,dev_april,development,2025-04-22,1565.2919708423278,1719.2017323608454,59552.755992837156,146.070486666666,35232.03304084038,603.9557050805198,35835.988745920906,1943.8187665185183,1690.244927556737,19859.55096523809,15947.71749647619,146.070486666666,5,4,0,9.094947017729282e-13,LP,0.7509583333333334,,
oracle_value_update,dev_april,development,2025-04-23,1719.2017323608454,1849.8611342042336,59903.887535582595,115.19884019047709,35473.78153610371,282.9154649017169,35756.69700100542,2610.9639113239305,2082.7651606090503,20041.300660602,16115.86007342857,115.19884019047709,8,4,0,9.094947017729282e-13,LP,0.7479125,,
oracle_value_update,dev_april,development,2025-04-24,1849.8611342042336,1802.5995235185196,58877.32606257966,82.44451625999903,34649.29174621834,402.3825720476543,35051.67431826599,3086.3194941458005,5091.872498471486,19652.670188629043,15961.198302406667,82.44451625999903,11,4,0,9.094947017729282e-13,LP,0.7361847222222223,,
oracle_value_update,dev_april,development,2025-04-25,1802.5995235185196,1747.1472936000064,26878.77495120047,0.0,9823.189254048353,0.0,9823.189254048353,376.14119990476297,21467.225507666077,16236.618950296295,13201.568356666663,0.0,0,4,0,1.0800249583553523e-11,MILP,0.5406916666666667,,
oracle_value_update,dev_april,development,2025-04-26,1747.1472936000064,1635.4743095259291,26950.053645691798,131.389381714285,9868.789356261339,410.24975569923606,10279.039111960576,226.3229306666666,23697.200702273953,16780.165509467373,13692.439748335242,131.389381714285,10,4,0,1.2656897752094665e-10,MILP,0.5378048611111111,,
oracle_value_update,dev_april,development,2025-04-27,1635.4743095259291,1799.0874092677266,55687.257533488526,866.3167666666676,32340.13735187998,3718.1273586161965,36058.26471049618,1682.9382998095234,2371.347346818346,19887.187791717803,15961.370321523807,866.3167666666676,21,4,0,9.094947017729282e-13,LP,0.7337826388888888,,
oracle_value_update,dev_april,development,2025-04-28,1799.0874092677266,1538.8314947978838,54971.35446517586,4735.714309155232,32695.773654518634,27702.03273024621,60397.806384764845,514.3019822998249,0.0,14763.31472835508,12192.515252990479,4735.714309155232,30,4,0,2.7284841053187847e-12,LP,0.7660520833333333,,
oracle_value_update,dev_april,development,2025-04-29,1538.8314947978838,1865.9768533989425,57816.24867065491,428.72194571428406,33347.446138301355,1741.2770229416126,35088.72316124297,2579.0794223691946,4353.3352427983555,18867.95479891593,14988.612564380952,428.72194571428406,10,4,0,8.952838470577262e-13,LP,0.7303826388888888,,
oracle_value_update,dev_april,development,2025-04-30,1865.9768533989425,1593.67784555344,57004.596446246906,58.64948676190511,33167.61272507032,236.3422905154782,33403.9550155858,2660.5803150758356,2809.9262992098766,18847.126276056435,15511.241390666664,58.64948676190511,5,4,0,8.86402062860725e-13,LP,0.7294423611111112,,
oracle_value_update,val_june,validation,2025-06-08,1781.3549957153423,2091.7393678433887,87050.55241328749,19.011776857142877,59055.09015854389,131.58670150204773,59186.67686004594,16961.53787600706,1625.3386999999998,15886.412697661373,12588.648350190475,0.0,3,4,0,9.094947017729282e-13,LP,0.7970791666666668,,
oracle_value_update,val_june,validation,2025-06-09,2091.7393678433887,2093.2340231269873,85555.22771916166,92.44536371428569,59241.77384908211,547.1098707592379,59788.883719841346,9876.588538820703,1049.4811333333332,19934.449934912394,16145.559257523808,66.26328019047617,5,4,0,6.821210263296962e-13,LP,0.81925625,,
oracle_value_update,val_june,validation,2025-06-10,2093.2340231269873,2295.0220524063516,85969.38013474779,9.9485453333333,59196.94120556531,26.229339771333244,59223.170545336645,9806.89504266079,593.9374999999995,19886.540409134624,15926.488505047619,9.9485453333333,1,4,0,9.094947017729282e-13,LP,0.8168180555555556,,
oracle_value_update,val_june,validation,2025-06-11,2295.0220524063516,2474.5712924793647,86539.73925704056,37.44472475714318,59705.71760086234,200.05485407512052,59905.77245493746,6103.160551363912,0.0,22252.541040533793,17862.96392676666,35.43280332857185,4,4,0,9.094947017729282e-13,LP,0.8316965277777778,,
oracle_value_update,val_june,validation,2025-06-12,2474.5712924793647,2559.511824644445,87512.3668056896,6.911473809523386,60696.594299867764,30.966858403569532,60727.56115827133,10694.38237046091,541.7576999999998,19759.47524608583,15928.728470380951,6.911473809523386,1,4,0,9.094947017729282e-13,LP,0.8219833333333333,,
oracle_value_update,val_june,validation,2025-06-13,2559.511824644445,2575.636351815871,40231.50691496767,30.310687047619126,20038.93073356636,114.7948612667622,20153.725594833122,2832.208196285716,6428.929215289835,13899.233768344502,11243.867277904761,30.310687047619126,2,4,0,8.526512829121202e-13,LP,0.6400291666666666,,
oracle_value_update,val_june,validation,2025-06-14,2575.636351815871,2582.561823325925,41095.836677729036,6.862216666666541,20526.68153568769,13.473962424999753,20540.15549811269,3036.7544677142873,8669.172343816579,16827.349518451505,13623.920185586665,6.862216666666541,1,4,0,1.5916157281026244e-12,LP,0.6368673611111111,,
oracle_value_update,val_june,validation,2025-06-15,2582.561823325925,3358.1324558264578,88508.33442049148,0.0,61217.15822172441,0.0,61217.15822172441,13248.237366559673,441.1485499999999,18389.266322884185,14197.292152285712,0.0,0,4,0,1.2505552149377763e-12,LP,0.8178270833333333,,
oracle_value_update,val_june,validation,2025-06-16,3358.1324558264578,3132.299075544974,87005.14329898648,72.15126885714301,61092.54943336836,245.02078385895345,61337.570217227316,10727.882616224582,271.4355833333334,18879.861020380944,15495.937468761902,72.15126885714301,3,4,0,9.094947017729282e-13,LP,0.8232416666666666,,
oracle_value_update,val_june,validation,2025-06-17,3132.299075544974,2690.408028155555,86852.92052100999,405.12354314285676,60194.044036295774,2314.583645089998,62508.62768138578,8866.02362367901,194.24276666666685,20834.044209426214,17273.277752285714,402.0425022857138,9,4,0,7.389644451905042e-13,LP,0.8286263888888888,,
oracle_value_update,val_june,validation,2025-06-18,2690.408028155555,2999.764415971432,87220.49943039859,0.0,60717.94220565416,0.0,60717.94220565416,12534.876438904179,88.67290000000003,17842.833907684886,14174.27471619047,0.0,0,4,0,3.637978807091713e-12,LP,0.82005,,
oracle_value_update,val_june,validation,2025-06-19,2999.764415971432,2761.624262774605,84950.68628261375,80.43876523809456,58223.96195204217,483.76391085223486,58707.725862894404,11816.25034734039,1736.3104999999996,18070.453359940035,14851.393359428572,31.776363523808868,4,4,0,9.094947017729282e-13,LP,0.8079104166666666,,
oracle_value_update,val_june,validation,2025-06-20,2761.624262774605,2963.349655696302,37225.783811792106,0.0,18606.334471095524,0.0,18606.334471095524,2141.894904952382,9671.90079677602,14893.970560179892,11882.563300116188,0.0,0,4,0,9.094947017729282e-13,LP,0.6213069444444445,,
oracle_value_update,val_june,validation,2025-06-21,2963.349655696302,3179.9286485566154,35851.21194285628,29.636278571428335,17932.089040886116,102.89187828142775,18034.98091916754,1834.2774746666682,11575.61278908407,15480.507705803644,12344.290148126669,29.636278571428335,2,4,0,1.1368683772161603e-12,MILP,0.6095256944444445,,
oracle_value_update,val_august,validation,2025-08-18,2178.160729337569,2168.930028625398,72595.1701757037,295.93902860476135,52803.545208747426,1988.5558566680945,54792.10106541552,2649.4013756402155,2010.961991884773,20236.515003988236,16399.88478387143,163.32775765238037,12,4,0,1.1368683772161603e-12,LP,0.8475611111111111,,
oracle_value_update,val_august,validation,2025-08-19,2168.930028625398,1852.4128791502656,72403.70454322851,218.62467780952375,52726.095821041774,1541.867729577999,54267.963550619774,2068.3963755485006,3005.903094917109,18501.23755315814,15270.867852585712,102.79601314285719,7,4,0,1.3073986337985843e-12,LP,0.8429152777777777,,
oracle_value_update,val_august,validation,2025-08-20,1852.4128791502656,1729.7439185724877,72917.38526192357,2189.0167177876087,53514.10325656088,12628.263846214595,66142.36710277548,806.9329649417989,0.0,19785.15796117225,16136.38001306953,2156.048529882847,28,4,0,9.094947017729282e-13,LP,0.866348611111111,,
oracle_value_update,val_august,validation,2025-08-21,1729.7439185724877,1953.1484296931214,74058.77664227277,329.31942123809375,53473.850973526554,1872.3029074512285,55346.15388097778,2645.414444558493,2232.7147242880646,18234.12816485479,14568.57975352381,329.31942123809375,10,4,0,9.094947017729282e-13,LP,0.8472069444444443,,
oracle_value_update,val_august,validation,2025-08-22,1953.1484296931214,1604.7352693798935,40355.547845563786,330.0810577142855,22621.316897012945,1512.6151552448569,24133.9320522578,377.0957433333343,16718.25579118401,14069.893752855965,11710.185784095236,330.0810577142855,12,4,0,7.394697200248225e-11,MILP,0.6604708333333333,,
oracle_value_update,val_august,validation,2025-08-23,1604.7352693798935,1925.911408839153,41126.20506707838,21.412151700000255,22546.272145499996,61.27124747291731,22607.54339297291,520.7746640952383,14977.876496194001,14894.217805135802,11775.257896646664,21.412151700000255,2,4,0,1.517719283583574e-11,MILP,0.6591965277777778,,
oracle_value_update,val_august,validation,2025-08-24,1925.911408839153,2196.4236855798945,76181.05017734978,303.0500360000009,54733.132213629644,1610.5088565941483,56343.64107022379,4510.429573724862,4262.586682186951,19652.80750019988,15675.313026095238,303.0500360000009,14,4,0,7.958078640513122e-13,LP,0.8410215277777777,,
oracle_value_update,val_august,validation,2025-08-25,2196.4236855798945,2019.1870635026446,76044.65185603291,837.6831060952372,55075.10491095288,3786.955168596665,58862.06007954955,1865.9284398365676,671.1679166666668,19640.339730672546,16068.188141714285,819.8628760952373,22,4,0,9.094947017729282e-13,LP,0.8601569444444443,,
oracle_value_update,val_august,validation,2025-08-26,2019.1870635026446,2289.724857334394,77463.8333301352,216.65762466666763,54982.89717200373,1111.509198709862,56094.40637071359,5816.0988294826475,2347.2462063786024,19709.702742940623,15721.375207333333,216.65762466666763,6,4,0,1.1937117960769683e-12,LP,0.8444180555555555,,
oracle_value_update,val_august,validation,2025-08-27,2289.724857334394,1885.1668969915356,77091.64954636684,94.51457466666773,55002.20436660463,579.391430967483,55581.59579757212,3681.0713081058234,1955.4439333333335,21050.53777492768,17415.037762,78.28931904761964,9,4,0,9.094947017729282e-13,LP,0.8533875,,
oracle_value_update,val_august,validation,2025-08-28,1885.1668969915356,1928.8909241407405,76348.94166178645,357.3366560000005,55090.584423520944,2115.6705971458127,57206.25502066676,2042.7853050687886,0.0,20296.560026052903,16400.86199666857,310.455946476191,14,4,0,1.0800249583553523e-12,LP,0.863504861111111,,
oracle_value_update,val_august,validation,2025-08-29,1928.8909241407405,1784.4022373777775,41492.65896784127,335.43648333333283,23009.75091737766,1107.6412376361886,24117.392155013848,1042.2922488571442,15504.594541831866,15031.726992485594,12305.738682000001,335.43648333333283,10,4,0,2.3874235921539366e-12,MILP,0.6645076388888889,,
oracle_value_update,val_august,validation,2025-08-30,1784.4022373777775,1487.3890171174626,42164.22229411308,111.02423906190441,23260.226787782238,337.79694324726444,23598.0237310295,1015.2383982857148,19903.239306572603,16375.583648513815,13531.534653530476,111.02423906190441,10,4,0,2.546585164964199e-11,MILP,0.6546625,,
oracle_value_update,val_august,validation,2025-08-31,1487.3890171174626,2395.7523527111125,78511.0471859659,64.18654666666725,55692.115679686736,391.3440420606219,56083.45972174736,4583.194009927105,2629.044000000001,20520.240196514987,15803.867557142858,37.681410476191104,7,4,0,9.348077867343818e-13,LP,0.846538888888889,,
oracle_value_update,eval_september,evaluation,2025-09-10,4786.2408636984155,5219.073491063494,68174.1411069195,1339.6124826666687,45262.08819362148,6621.857616813056,51883.94581043453,3662.014182607879,0.0,21822.059959735445,17286.319202757142,1228.5327634285807,28,4,0,9.094947017729282e-13,LP,0.7818236111111112,,
oracle_value_update,eval_september,evaluation,2025-09-11,5219.073491063494,5148.901516656086,68758.85592853262,0.0,44866.505853465904,0.0,44866.505853465904,7002.92927266549,4680.02805,19173.51368158142,15593.700859047616,0.0,0,4,0,8.952838470577262e-13,LP,0.7530638888888889,,
oracle_value_update,eval_september,evaluation,2025-09-12,5148.901516656086,5064.217895449734,35781.99286610934,0.0,17178.794260544735,0.0,17178.794260544735,1421.1709096190475,19562.32968786596,17489.743830052903,14242.90776142857,0.0,0,4,0,1.3926637620897964e-12,MILP,0.5750854166666666,,
oracle_value_update,eval_september,evaluation,2025-09-13,5064.217895449734,5269.509571904761,35970.69987133333,58.21465571428564,17374.899409028447,194.92827643304736,17569.827685461496,1163.4147609523807,23577.839934785417,16293.662311405056,13013.10396342857,58.21465571428564,3,4,0,7.617018127348274e-12,MILP,0.5665159722222222,,
oracle_value_update,eval_september,evaluation,2025-09-14,5269.509571904761,4983.513647793654,68250.91727352027,0.0,45542.620691350014,0.0,45542.620691350014,4648.711441809517,137.52479652674936,19067.11903623163,15701.762751047618,0.0,0,4,0,1.0231815394945443e-12,LP,0.7759062499999999,,
oracle_value_update,eval_september,evaluation,2025-09-15,4983.513647793654,4201.535500301585,67041.5571621552,185.17148609523738,44083.3865415893,782.2403278858545,44865.626869475156,5735.36844431746,3420.837049192238,19511.962390264547,16508.46986885714,185.17148609523738,11,4,0,9.947598300641403e-13,LP,0.761726388888889,,
oracle_value_update,eval_september,evaluation,2025-09-16,4201.535500301585,3970.2962505079367,67550.05937370488,1.7310714285712265,44914.500476472946,6.376401607142113,44920.87687808009,2983.0920631216945,1430.3384217530916,20287.922640734854,16641.332663809524,1.7310714285712265,1,4,0,2.2168933355715126e-12,LP,0.7779465277777776,,
oracle_value_update,eval_september,evaluation,2025-09-17,3970.2962505079367,3967.777792878308,68450.19347148265,26.178857142857623,44983.453561755916,131.0644482857167,45114.51801004163,4612.148886740742,0.0,20559.850809218104,16655.745767333334,18.549690476190904,1,4,0,9.094947017729282e-13,LP,0.778054861111111,,
oracle_value_update,eval_september,evaluation,2025-09-18,3967.777792878308,3945.7672890634926,68579.38096558965,14.846670095238665,44584.03357302285,74.96083731086003,44658.99441033371,4328.660824573777,1456.811962266899,20381.648345320402,16528.944613142856,14.846670095238665,1,4,0,9.094947017729282e-13,LP,0.7698256944444445,,
oracle_value_update,eval_september,evaluation,2025-09-19,3945.7672890634926,4485.785683402115,35516.28364751911,43.78225571428561,16912.61291700073,132.51773081999968,17045.13064782073,892.1369409523804,15056.713349271013,15914.98284967666,12405.119553333332,43.78225571428561,2,4,0,1.4779288903810084e-12,MILP,0.5932520833333333,,
oracle_value_update,eval_september,evaluation,2025-09-20,4485.785683402115,4565.187970851853,35325.35932680188,28.325384380952606,16491.467884186048,99.95807053790568,16591.425954723953,975.7910304761904,15391.176994897121,17209.58365142857,13868.30069895238,28.325384380952606,2,4,0,3.637978807091713e-12,MILP,0.5874611111111112,,
oracle_value_update,eval_september,evaluation,2025-09-21,4565.187970851853,4088.1891826243364,71198.79975333568,4.816347619047519,47127.26011341824,10.376820945237881,47137.63693436348,6428.599580643147,3429.82725,18352.635244121106,15294.933457142857,4.816347619047519,1,4,0,7.815970093361102e-13,LP,0.7738493055555556,,
oracle_value_update,eval_september,evaluation,2025-09-22,4088.1891826243364,3231.7101723968276,68546.57402203527,92.16267380952445,45551.43358456519,452.8922595476222,46004.32584411281,2846.708419092298,2524.7006999999994,18021.78317170488,15368.475478285714,92.16267380952445,6,4,0,9.094947017729282e-13,LP,0.7821659722222223,,
oracle_value_update,eval_september,evaluation,2025-09-23,3231.7101723968276,3126.276232809525,70395.30141371075,472.11410476190446,45815.07343509175,2238.759599910713,48053.833035002455,3454.3767747654315,1682.9626666666672,19517.6370491358,15904.176555428568,465.73910476190446,13,4,0,9.094947017729282e-13,LP,0.7817520833333333,,
oracle_value_update,eval_december,evaluation,2025-12-08,1451.3861965089911,1810.8315075185192,97124.5055121987,140.61664447619097,73181.47569335693,795.617721155003,73977.09341451194,4502.816071920044,0.0,24166.285200945327,19251.190232857145,140.61664447619097,7,4,0,1.0231815394945443e-12,LP,0.9085152777777777,,
oracle_value_update,eval_december,evaluation,2025-12-09,1810.8315075185192,1710.4197739428582,97253.45026978012,113.8429287990497,72440.96248650369,683.0610768234816,73124.02356332717,5299.548827005285,0.0,25103.477184870077,20424.18707996286,85.82274413238295,12,4,0,1.0231815394945443e-12,LP,0.9057770833333332,,
oracle_value_update,eval_december,evaluation,2025-12-10,1710.4197739428582,1660.995663259259,96954.24916245384,87.580353142857,73587.89386669875,519.5862366791906,74107.48010337795,4426.933898472656,0.0,22482.941316171666,18255.66416571429,87.580353142857,10,4,0,7.389644451905042e-13,LP,0.9161590277777777,,
oracle_value_update,eval_december,evaluation,2025-12-11,1660.995663259259,1849.5066304476227,97564.32848480305,14.821332857142806,72391.52200295136,78.80830127842832,72470.33030422979,7026.177549286294,0.0,23273.987883707236,18682.27031533333,14.821332857142806,3,4,0,1.1937117960769683e-12,LP,0.8976340277777778,,
oracle_value_update,eval_december,evaluation,2025-12-12,1849.5066304476227,1883.697779529107,51104.969884739556,12.11667828571268,23183.27201104448,51.96635840370595,23235.238369448183,2114.2703499200493,1298.3485080105754,20838.327303094648,16848.273081333333,12.11667828571268,3,4,0,1.0231815394945443e-12,LP,0.7237798611111111,,
oracle_value_update,eval_december,evaluation,2025-12-13,1883.697779529107,2074.22602181799,52005.25477708406,138.9608702857143,23989.97724407625,638.8997854778099,24628.87702955406,3077.948347041743,1132.38245,20862.505520708986,16727.154053714286,138.9608702857143,6,4,0,7.958078640513122e-13,LP,0.7296965277777777,,
oracle_value_update,eval_december,evaluation,2025-12-14,2074.22602181799,1739.627803660316,98217.6557190335,30.21680419047584,74806.07551019316,151.10678553647426,74957.18229572964,5119.970616570251,0.0,24475.360542082304,20126.18043542857,30.21680419047584,4,4,0,6.821210263296962e-13,LP,0.9207375000000001,,
oracle_value_update,eval_december,evaluation,2025-12-15,1739.627803660316,1917.0565646962991,100153.26345618107,27.673814285714116,76273.88421005424,156.18165953714188,76430.06586959137,5894.274407433273,0.0,24512.731639128753,19695.626742761902,27.673814285714116,3,4,0,1.0231815394945443e-12,LP,0.9144402777777779,,
oracle_value_update,eval_december,evaluation,2025-12-16,1917.0565646962991,1830.002305755558,99924.54259829041,15.295701238095035,75787.7554332695,93.72153979142746,75881.47697306093,6065.893473720167,0.0,23864.22276590358,19408.369273428572,15.295701238095035,4,4,0,2.2168933355715126e-12,LP,0.9109138888888888,,
oracle_value_update,eval_december,evaluation,2025-12-17,1830.002305755558,1836.361916377777,99460.17511320516,76.70579980952334,75436.77608960123,303.24705255342667,75740.02314215465,6957.864234137567,0.0,23060.241908686647,18673.07229647619,76.70579980952334,6,4,0,9.094947017729282e-13,LP,0.9088097222222221,,
oracle_value_update,eval_december,evaluation,2025-12-18,1836.361916377777,1865.7872980433888,98787.9386778248,25.307305953332367,74357.89929005093,72.59727431337072,74430.4965643643,7015.20725259964,0.0,23185.731163225166,18753.959398713334,25.307305953332367,2,4,0,3.637978807091713e-12,LP,0.9094777777777777,,
oracle_value_update,eval_december,evaluation,2025-12-19,1865.7872980433888,1666.3955094719577,52636.79175499823,16.154431904761214,23849.305646109377,79.34171137571013,23928.647357485086,3990.503493575547,1819.938543562609,21650.344523574364,17716.231673809525,16.154431904761214,3,4,0,1.0231815394945443e-12,LP,0.7250944444444445,,
oracle_value_update,eval_december,evaluation,2025-12-20,1666.3955094719577,1865.741478200003,52965.94415748229,10.869359238095228,23912.286799746926,44.70836363628566,23956.995163383213,3829.369189580253,1821.318116666667,22580.855729569656,18111.081769096185,10.869359238095228,3,4,0,1.0231815394945443e-12,LP,0.7189708333333333,,
oracle_value_update,eval_december,evaluation,2025-12-21,1865.741478200003,1878.1225835407429,97973.61988368606,15.104306952380853,74171.51134426707,90.62326059876133,74262.13460486583,4553.666108019987,0.0,23084.9116902375,18687.63547428571,15.104306952380853,4,4,0,2.0463630789890885e-12,LP,0.9100763888888888,,
