method,window,period,date,e_start,e_end,plan_kwh,emergency_kwh,plan_cost,emergency_cost,total_cost,paid_grid_spill_kwh,pv_spill_kwh,charge_kwh,discharge_kwh,predicted_plan_cost,actual_mean_price,forecast_mean_price,emergency_slots,solver,solve_seconds,max_plan_audit,plan_mutual_count
fixed_attachment1,dev_march,development,2025-03-07,1607.6682326867735,1799.9208019068776,34105.28322439623,0.0,14008.337912463985,0.0,14008.337912463985,531.8709466337457,9508.771124961786,15628.043721943555,12485.688102476191,17721.275919301814,0.6085013888888889,0.7661972222222223,0,MILP,0.10646219999762252,1.6484591469634324e-12,0
fixed_attachment1,dev_march,development,2025-03-08,1799.9208019068776,1746.895154250794,32969.960558318635,0.0,13541.24789812807,0.0,13541.24789812807,563.4289694779532,10443.300079954148,15514.816184791303,12614.724192571428,17189.87143889511,0.5972631944444444,0.7661972222222223,0,MILP,0.0808277000032831,1.8189894035458565e-12,0
fixed_attachment1,dev_march,development,2025-03-09,1746.895154250794,1497.0878818254,76750.47358346672,0.0,48657.96499606651,0.0,48657.96499606651,7712.446859951785,2236.020816666666,19438.46001069019,15969.979153841903,47175.12314788354,0.7838090277777777,0.7661972222222223,0,LP,0.004419999982928857,9.094947017729282e-13,0
fixed_attachment1,dev_march,development,2025-03-10,1497.0878818254,1447.0377217671992,75521.66717870541,0.0,49316.9414253954,0.0,49316.9414253954,3105.24458788124,360.69671666666625,21361.57667478895,17347.922250631425,46203.5632776528,0.802451388888889,0.7661972222222223,0,LP,0.0046135000011418015,6.821210263296962e-13,0
fixed_attachment1,dev_march,development,2025-03-11,1447.0377217671992,1662.895132055023,75262.66522095354,0.0,48203.48337611959,0.0,48203.48337611959,5802.47982500058,1440.661016666667,20454.38900014344,16373.783420857144,45863.8744789865,0.7893930555555556,0.7661972222222223,0,LP,0.004376299999421462,7.736034035588091e-13,0
fixed_attachment1,dev_march,development,2025-03-12,1662.895132055023,1466.3308394402127,74693.54267349679,0.0,47034.040833374136,0.0,47034.040833374136,6507.771753599042,2172.9285666666665,19759.029122373904,16181.721452476197,45572.822798988724,0.7801680555555556,0.7661972222222223,0,LP,0.00428480000118725,9.094947017729282e-13,0
fixed_attachment1,dev_march,development,2025-03-13,1466.3308394402127,1411.4148678222232,73995.93129645856,73.52254619047426,47548.45323696023,465.8430567662733,48014.2962937265,2437.0919926325587,0.0,21769.30635687361,17682.562523523808,45105.1792037283,0.7996374999999999,0.7661972222222223,2,LP,0.004593999998178333,1.0231815394945443e-12,0
fixed_attachment1,dev_march,development,2025-03-14,1411.4148678222232,1920.35807457037,32440.350287762503,0.0,13068.888752193583,0.0,13068.888752193583,386.3359957801317,12578.228842984125,15727.95041890299,12281.590953238094,16812.55007279237,0.5913868055555556,0.7661972222222223,0,MILP,0.10263949999352917,1.5347723092418164e-12,0
fixed_attachment1,dev_march,development,2025-03-15,1920.35807457037,1370.7079328285708,31490.085345136973,0.0,13187.485332857166,0.0,13187.485332857166,542.021766380952,7684.6754266843045,14915.516471786003,12576.253469714287,16414.90883155408,0.6047722222222222,0.7661972222222223,0,MILP,0.08756940002785996,3.069544618483633e-12,0
fixed_attachment1,dev_march,development,2025-03-16,1370.7079328285708,1822.317553566139,73654.39127774484,0.0,46140.495111215314,0.0,46140.495111215314,5546.367084458558,488.8266500000001,20324.747112048208,16056.596502095239,44724.493824988866,0.784895138888889,0.7661972222222223,0,LP,0.004802800016477704,9.094947017729282e-13,0
fixed_attachment1,dev_march,development,2025-03-17,1822.317553566139,1941.2955254317476,72292.89841194473,0.0,44291.79878210784,0.0,44291.79878210784,8171.39584364609,2635.2772333333323,18531.651194489128,14903.557292857142,43887.401976904905,0.7601756944444445,0.7661972222222223,0,LP,0.004366000008303672,9.094947017729282e-13,0
fixed_attachment1,dev_march,development,2025-03-18,1941.2955254317476,1796.3681319396808,70198.11963049615,0.0,43415.93103732176,0.0,43415.93103732176,3916.0503070405625,1253.98175,21224.020320693704,17321.89111390476,42545.86464242298,0.7760166666666666,0.7661972222222223,0,LP,0.004286000010324642,9.094947017729282e-13,0
fixed_attachment1,dev_march,development,2025-03-19,1796.3681319396808,1986.1235553100555,70013.77680179068,0.0,43151.85620601222,0.0,43151.85620601222,4492.030850397412,1902.2185999999997,20964.615896631396,16810.558995238098,42450.10499586996,0.7718381944444445,0.7661972222222223,0,LP,0.004498599999351427,1.0231815394945443e-12,0
fixed_attachment1,dev_march,development,2025-03-20,1986.1235553100555,1550.5062194888894,69110.50468185419,50.64200556857077,43375.370144417204,334.94622483052706,43710.31636924773,2437.336416600817,1014.3316833333329,20487.22301611052,16986.70624528857,41961.660266083396,0.7786381944444444,0.7661972222222223,1,LP,0.005727199983084574,9.601208716958354e-13,0
fixed_attachment1,dev_april,development,2025-04-17,1618.0719069862432,1945.3748361206358,60586.32635317931,0.0,36046.37008216518,0.0,36046.37008216518,1816.2643498542097,1838.5459606502075,19834.742402389173,15771.568709714285,36239.50511277381,0.7477673611111111,0.7661972222222223,0,LP,0.0047283999738283455,9.094947017729282e-13,0
fixed_attachment1,dev_april,development,2025-04-18,1945.3748361206358,2146.0427089597865,26954.930240705464,0.0,10742.513159618442,0.0,10742.513159618442,425.43538914285807,17502.611975818927,13116.655825553202,10443.890133142855,13547.54535268112,0.5594201388888889,0.7661972222222223,0,MILP,0.06796399998711422,1.8189894035458565e-12,0
fixed_attachment1,dev_april,development,2025-04-19,2146.0427089597865,2102.49358338201,26817.02145039507,0.0,10663.355379304432,0.0,10663.355379304432,460.78709580952443,17185.327325582595,12765.378905383892,10379.151126380948,13505.027959658208,0.5579763888888889,0.7661972222222223,0,MILP,0.09238929999992251,5.002220859751105e-12,0
fixed_attachment1,dev_april,development,2025-04-20,2102.49358338201,1969.5795107566153,59747.44418864078,0.0,35529.08940691602,0.0,35529.08940691602,1745.2272619870698,2416.319024331574,19725.135180798352,16096.982161809523,35625.84797363681,0.7454388888888889,0.7661972222222223,0,LP,0.004873700003372505,9.094947017729282e-13,0
fixed_attachment1,dev_april,development,2025-04-21,1969.5795107566153,1477.9647709417982,59458.541821912986,0.0,35032.65098685314,0.0,35032.65098685314,3323.1289176002415,4615.290849020581,18135.07861995884,15131.866948000003,35392.737631121985,0.7339520833333333,0.7661972222222223,0,LP,0.004511800012551248,9.094947017729282e-13,0
fixed_attachment1,dev_april,development,2025-04-22,1477.9647709417982,1705.933222255025,59504.85570919107,0.0,35669.23334021509,0.0,35669.23334021509,1367.2054475096998,2114.6451166666666,19288.96959034803,15418.893762,35541.4757372072,0.7509583333333334,0.7661972222222223,0,LP,0.005422299989731982,7.602807272633072e-13,0
fixed_attachment1,dev_april,development,2025-04-23,1705.933222255025,1854.0215778994727,59679.406479073485,0.0,36165.28066013354,0.0,36165.28066013354,2269.3696329582617,2345.5203256754867,18585.89622996354,14921.296426190476,35489.645995477505,0.7479125,0.7661972222222223,0,LP,0.00498120000702329,1.0231815394945443e-12,0
fixed_attachment1,dev_april,development,2025-04-24,1854.0215778994727,1815.1178250148155,58569.882849021735,0.0,35028.95903495897,0.0,35028.95903495897,2881.849446711348,5185.066208582019,18146.704585918855,14733.844092190477,34952.294862642375,0.7361847222222223,0.7661972222222223,0,LP,0.005260699981590733,9.094947017729282e-13,0
fixed_attachment1,dev_april,development,2025-04-25,1815.1178250148155,1757.9912371132332,26130.685920156375,0.0,9921.243356010871,0.0,9921.243356010871,275.16554114285805,21542.94785706643,12440.15158451852,10127.936712571427,12895.06833390369,0.5406916666666667,0.7661972222222223,0,MILP,0.09480219997931272,2.021099337273174e-12,0
fixed_attachment1,dev_april,development,2025-04-26,1757.9912371132332,1528.5528376656105,26058.808989927093,0.0,10141.486427671343,0.0,10141.486427671343,55.844195619047696,23790.702848652552,12360.857220131682,10218.788907809521,12835.248604533976,0.5378048611111111,0.7661972222222223,0,MILP,0.08850780001375824,7.16227077646181e-11,0
fixed_attachment1,dev_april,development,2025-04-27,1528.5528376656105,1485.078089274073,55806.059168888874,421.9215317190496,32769.71795103319,2768.016208842825,35537.734159876025,1395.4226033274592,2472.5914878600825,20134.856313891818,16348.360887804758,33227.327297487514,0.7337826388888888,0.7661972222222223,1,LP,0.004964399995515123,9.094947017729282e-13,0
fixed_attachment1,dev_april,development,2025-04-28,1485.078089274073,1504.9808207925923,55359.6419113933,4712.870446783804,33268.75329225128,29875.896653597367,63144.64994584862,526.7388490487943,0.0,15294.177547868314,12370.371355406667,33026.16109434278,0.7660520833333333,0.7661972222222223,9,LP,0.004706600011559203,8.810729923425242e-13,0
fixed_attachment1,dev_april,development,2025-04-29,1504.9808207925923,1708.2381589777765,57695.52719732744,91.64631719332829,33786.26278987744,606.5153271854466,34392.77811706288,2280.3068751122846,4399.8109427983545,18373.21250303587,14699.370523092384,34354.944061368136,0.7303826388888888,0.7661972222222223,1,LP,0.004595700011122972,9.094947017729282e-13,0
fixed_attachment1,dev_april,development,2025-04-30,1708.2381589777765,1574.2241074687856,57021.528328937085,0.0,33466.001170816875,0.0,33466.001170816875,2684.42791233392,2737.5195254297496,18228.100548411523,14885.374090571426,34075.655384564234,0.7294423611111112,0.7661972222222223,0,LP,0.004961500002536923,8.86402062860725e-13,0
fixed_attachment1,val_june,validation,2025-06-08,1781.3549957153423,2091.7393678433887,87212.15475059378,19.011776857142877,59417.901733807645,131.58670150204773,59549.48843530969,17048.34706735451,1625.3386999999996,16280.060834286889,12907.503340857142,55166.163224191434,0.7970791666666668,0.7661972222222223,3,LP,0.004324700013967231,9.094947017729282e-13,0
fixed_attachment1,val_june,validation,2025-06-09,2091.7393678433887,2138.257540046561,85600.55768052799,26.182083523809524,59853.912084208416,184.1079778854762,60038.02006209388,9990.27337912405,964.5978262504458,19459.418265058182,15720.262439714284,54110.33773634597,0.81925625,0.7661972222222223,2,LP,0.004653400013921782,7.958078640513122e-13,0
fixed_attachment1,val_june,validation,2025-06-10,2138.257540046561,2282.374572296298,86109.1388286643,0.0,59749.35941490384,0.0,59749.35941490384,10115.540598104646,458.2999333333329,19932.361762464425,16015.507698571428,54478.652315920364,0.8168180555555556,0.7661972222222223,0,LP,0.004456299997400492,9.094947017729282e-13,0
fixed_attachment1,val_june,validation,2025-06-11,2282.374572296298,2422.400642355555,86739.14585020927,2.011921428571327,60517.83627938926,13.950663185713582,60531.786942574974,6125.313705461499,0.0,23186.180455033493,18654.78270552381,54838.70472464297,0.8316965277777778,0.7661972222222223,1,LP,0.004206999990856275,8.526512829121202e-13,0
fixed_attachment1,val_june,validation,2025-06-12,2422.400642355555,2566.0141590010576,87550.81384353676,0.0,61331.46358869937,0.0,61331.46358869937,10744.046098071723,448.5068666666666,19876.933055179306,15971.063609714289,55691.84514769112,0.8219833333333333,0.7661972222222223,0,LP,0.004552500002318993,9.094947017729282e-13,0
fixed_attachment1,val_june,validation,2025-06-13,2566.0141590010576,2734.6829980497337,39993.47707032924,0.0,20261.94030099058,0.0,20261.94030099058,2186.151737563788,6867.050122007056,12858.734503234571,10263.77299247619,23322.533545868842,0.6400291666666666,0.7661972222222223,0,LP,0.004452900000615045,8.526512829121202e-13,0
fixed_attachment1,val_june,validation,2025-06-14,2734.6829980497337,2707.518913704762,39995.372729863615,0.0,20826.84635701605,0.0,20826.84635701605,2086.1451805714314,9432.85866846561,12144.598982826581,9861.572851999998,23354.231415469047,0.6368673611111111,0.7661972222222223,0,LP,0.00437080001574941,9.094947017729282e-13,0
fixed_attachment1,val_june,validation,2025-06-15,2707.518913704762,3274.0756011640224,88662.27846445498,0.0,61756.66295054293,0.0,61756.66295054293,13451.292645938855,298.84709999999995,19869.80719194475,15584.6428067619,56603.10939227682,0.8178270833333333,0.7661972222222223,0,LP,0.004173099994659424,8.526512829121202e-13,0
fixed_attachment1,val_june,validation,2025-06-16,3274.0756011640224,3108.256751350266,87373.60887891708,0.0,61654.15929236441,0.0,61654.15929236441,10850.552538245738,134.01041666666652,20232.789853528513,16537.796746190477,55887.97610673724,0.8232416666666666,0.7661972222222223,0,LP,0.004213099979097024,9.094947017729282e-13,0
fixed_attachment1,val_june,validation,2025-06-17,3108.256751350266,2638.249502263491,86624.12333235389,3.081040857142966,60960.27391566464,21.046590095143603,60981.32050575979,8598.900744894763,82.02935000000014,19643.52413593534,16334.261074285716,55275.60119768923,0.8286263888888888,0.7661972222222223,1,LP,0.005084000003989786,9.094947017729282e-13,0
fixed_attachment1,val_june,validation,2025-06-18,2638.249502263491,2937.999764022223,87422.56425730392,0.0,61136.70289757007,0.0,61136.70289757007,12640.24488077719,88.67290000000003,18397.264952336278,14632.009375809523,55473.80350837743,0.82005,0.7661972222222223,0,LP,0.004240399983245879,9.094947017729282e-13,0
fixed_attachment1,val_june,validation,2025-06-19,2937.999764022223,2684.164723368255,85270.74818475603,48.66240171428569,58838.40369346779,334.32397563485705,59172.72766910265,12153.63059546738,1556.9697499999997,18830.30303995533,15480.996998952383,54176.91709155232,0.8079104166666666,0.7661972222222223,2,LP,0.004366000008303672,9.094947017729282e-13,0
fixed_attachment1,val_june,validation,2025-06-20,2684.164723368255,2910.1708693925957,36665.50706676895,0.0,18738.365262744188,0.0,18738.365262744188,1894.2753618095253,9942.384568938269,11709.79344525926,9281.527159238092,21596.17969207847,0.6213069444444445,0.7661972222222223,0,LP,0.0049273000040557235,9.094947017729282e-13,0
fixed_attachment1,val_june,validation,2025-06-21,2910.1708693925957,3273.515645382012,35206.86527686772,0.0,18123.85213262698,0.0,18123.85213262698,1657.1340441904772,11555.502995288654,12276.197573674306,9616.709736285713,20828.13472796324,0.6095256944444445,0.7661972222222223,0,MILP,0.09484010000596754,2.5579538487363607e-12,0
fixed_attachment1,val_august,validation,2025-08-18,2178.160729337569,2168.930028625398,72442.89799171193,132.611270952381,53395.62923482186,1115.5127389771433,54511.14197379902,2431.3564427783695,2044.6419833333339,19545.80447645736,15840.409256571435,46283.937136097884,0.8475611111111111,0.7661972222222223,5,LP,0.005208799993852153,8.668621376273222e-13,0
fixed_attachment1,val_august,validation,2025-08-19,2168.930028625398,1852.4128791502637,72283.00706105234,115.82866466666655,53193.511540116306,987.5119954816656,54181.023535597975,2148.7764260364493,2802.0073333333326,17975.038688825392,14844.646772476195,46149.00163369087,0.8429152777777777,0.7661972222222223,4,LP,0.004460099997231737,8.526512829121202e-13,0
fixed_attachment1,val_august,validation,2025-08-20,1852.4128791502637,1630.2109173555552,72871.02814889593,2099.4370166923727,54088.80807922132,16170.350386216169,70259.15846543749,816.5785796907725,0.0,19490.40676234802,15987.211243117157,46484.116963510205,0.866348611111111,0.7661972222222223,11,LP,0.004494699998758733,8.810729923425242e-13,0
fixed_attachment1,val_august,validation,2025-08-21,1630.2109173555552,1854.9618214603195,74223.7050347055,0.0,53980.20993079985,0.0,53980.20993079985,2773.605216097586,1838.26615,18763.891429369774,14996.476244095235,47105.94020142576,0.8472069444444443,0.7661972222222223,0,LP,0.004790300008608028,9.094947017729282e-13,0
fixed_attachment1,val_august,validation,2025-08-22,1854.9618214603195,1486.6533281999998,40303.69152162139,36.176268870474175,22890.479933394887,73.87194103350826,22964.351874428394,74.96739666666656,16787.300608947677,13571.094888483241,11324.064503605714,23828.71744574048,0.6604708333333333,0.7661972222222223,1,MILP,0.09278780000749975,1.0231815394945443e-12,0
fixed_attachment1,val_august,validation,2025-08-23,1486.6533281999998,2018.5248978264526,40956.323553679,0.0,22897.271353670487,0.0,22897.271353670487,293.59587986008273,15060.614300124627,13649.593742265723,10577.486518571428,24281.74656262253,0.6591965277777778,0.7661972222222223,0,MILP,0.08799520001048222,1.1368683772161603e-12,0
fixed_attachment1,val_august,validation,2025-08-24,2018.5248978264526,2100.0782866380923,76078.14630069725,0.0,55178.692786164735,0.0,55178.692786164735,4252.593057452084,4261.4937493356865,19774.06295076662,15943.59294019048,48261.19529575072,0.8410215277777777,0.7661972222222223,0,LP,0.005427700001746416,1.0231815394945443e-12,0
fixed_attachment1,val_august,validation,2025-08-25,2100.0782866380923,1707.2043083703695,76204.94830689121,194.44487727809246,55730.98425194171,1651.7392593657878,57382.7235113075,1420.1123320587917,671.1679166666668,20466.381574832452,16931.355656055242,48370.23242338387,0.8601569444444443,0.7661972222222223,3,LP,0.004724600003100932,9.094947017729282e-13,0
fixed_attachment1,val_august,validation,2025-08-26,1707.2043083703695,2289.724857334393,77810.48083583776,0.0,55600.93799061135,0.0,55600.93799061135,5546.897169327449,2347.2462063786024,20332.89780384596,15945.378727047622,49288.77543682432,0.8444180555555555,0.7661972222222223,0,LP,0.00443890001042746,9.094947017729282e-13,0
fixed_attachment1,val_august,validation,2025-08-27,2289.724857334393,1885.1668969915347,76984.80180751323,16.225255619048085,55755.49135285926,134.3372614190515,55889.82861427831,3521.0375037789504,2044.1890781892992,20451.335677925937,16929.68406342857,48948.360848243174,0.8533875,0.7661972222222223,2,LP,0.00466410000808537,7.673861546209082e-13,0
fixed_attachment1,val_august,validation,2025-08-28,1885.1668969915347,1928.8909241407414,76463.1845019812,46.880709523809514,55516.81030758881,388.3171611380952,55905.1274687269,1669.233136122281,0.0,21229.923513763664,17156.88642171429,48737.65178909089,0.863504861111111,0.7661972222222223,3,LP,0.004885900008957833,8.242295734817162e-13,0
fixed_attachment1,val_august,validation,2025-08-29,1928.8909241407414,1942.5849956095235,41237.63937088065,0.0,23169.695546022525,0.0,23169.695546022525,743.8070314285724,15221.776714796002,14234.266370179888,11517.431095523809,24681.234853746722,0.6645076388888889,0.7661972222222223,0,MILP,0.08771130000241101,1.3642420526593924e-12,0
fixed_attachment1,val_august,validation,2025-08-30,1942.5849956095235,1681.5598685100535,41316.22081616929,0.0,23595.195894540764,0.0,23595.195894540764,620.7335938142278,19944.003730018798,13019.4014389077,10780.63777990476,24726.933863019323,0.6546625,0.7661972222222223,0,MILP,0.09228159999474883,3.9449332689400766e-12,0
fixed_attachment1,val_august,validation,2025-08-31,1681.5598685100535,2386.5437421291017,78295.30179552968,18.217386666666698,56085.99529330198,151.93133572333358,56237.926629025314,4536.6737500799545,2629.044000000001,20351.01506592593,15849.83671714286,49834.14853811307,0.846538888888889,0.7661972222222223,2,LP,0.004797499976120889,9.348077867343818e-13,0
fixed_attachment1,eval_september,evaluation,2025-09-10,4786.2408636984155,4596.088809841269,67698.08154233154,296.37601666666484,45826.57312729451,1550.478299616657,47377.05142691117,3030.1387155179314,0.0,20102.405483956496,16454.08529047619,43774.62356475268,0.7818236111111112,0.7661972222222223,4,LP,0.004741000011563301,9.094947017729282e-13,0
fixed_attachment1,eval_september,evaluation,2025-09-11,4596.088809841269,4802.587337518519,69292.72779655729,0.0,45621.4232963086,0.0,45621.4232963086,7376.391981236924,4680.028049999999,18707.227931987072,14967.005949999997,44554.63217844484,0.7530638888888889,0.7661972222222223,0,LP,0.00438699999358505,8.952838470577262e-13,0
fixed_attachment1,eval_september,evaluation,2025-09-12,4802.587337518519,5081.5353283544955,35096.85593575714,0.0,17573.089670070793,0.0,17573.089670070793,1114.4127548571428,19754.775256190478,12762.939647142859,10086.927922433333,21144.739092933938,0.5750854166666666,0.7661972222222223,0,MILP,0.07803640002384782,2.595470505184494e-10,0
fixed_attachment1,eval_september,evaluation,2025-09-13,5081.5353283544955,5445.944860185186,35163.44751505237,0.0,17574.141023646054,0.0,17574.141023646054,725.114016449148,23648.584592557316,12919.362337184011,10136.714914471428,21218.453526171943,0.5665159722222222,0.7661972222222223,0,MILP,0.06800709999515675,3.637978807091713e-12,0
fixed_attachment1,eval_september,evaluation,2025-09-14,5445.944860185186,4487.227906111115,68054.87806431981,0.0,45883.59070573431,0.0,45883.59070573431,5239.808548095236,146.7241269077006,18062.452094650194,15493.431455333333,44128.80865043994,0.7759062499999999,0.7661972222222223,0,LP,0.004662199993617833,1.0231815394945443e-12,0
fixed_attachment1,eval_september,evaluation,2025-09-15,4487.227906111115,3986.774659746033,67434.65243069138,0.0,44723.64273783496,0.0,44723.64273783496,5790.846565650793,3405.9241115684863,19059.258115091114,15888.40699495238,43223.33822132465,0.761726388888889,0.7661972222222223,0,LP,0.004856099985772744,7.105427357601002e-13,0
fixed_attachment1,eval_september,evaluation,2025-09-16,3986.774659746033,3583.5142666084644,67472.52043429276,0.0,45423.07443436827,0.0,45423.07443436827,3415.0455584303336,1430.3384217530897,18412.109603156965,15276.74313238095,43367.44297080765,0.7779465277777776,0.7661972222222223,0,LP,0.004700399993453175,7.673861546209082e-13,0
fixed_attachment1,eval_september,evaluation,2025-09-17,3583.5142666084644,3671.113625460318,68723.97640009521,7.62916666666672,45735.48047756738,38.19542291666694,45773.675900484035,4892.949583912992,0.0,19998.411367801295,16119.87378495238,43931.9866988145,0.778054861111111,0.7661972222222223,1,LP,0.004288299998734146,9.094947017729282e-13,0
fixed_attachment1,eval_september,evaluation,2025-09-18,3671.113625460318,3584.4259127671953,68750.67448494298,0.0,45113.87437022985,0.0,45113.87437022985,4748.000187830686,1438.4827399271003,19400.838852328045,15792.698411809522,44096.68976666333,0.7698256944444445,0.7661972222222223,0,LP,0.004310500022256747,9.094947017729282e-13,0
fixed_attachment1,eval_september,evaluation,2025-09-19,3584.4259127671953,4496.983348915345,35408.8122466549,0.0,17400.263404604877,0.0,17400.263404604877,656.011029594356,15192.384391969425,13882.962188900648,10423.897680476191,20801.075987969198,0.5932520833333333,0.7661972222222223,0,MILP,0.0710691999993287,2.362159850438022e-12,0
fixed_attachment1,eval_september,evaluation,2025-09-20,4496.983348915345,4610.873304386246,34562.68968055262,0.0,16697.63108239267,0.0,16697.63108239267,643.1293042857142,15593.405164015285,13569.581678918279,10888.8602,20505.829351748187,0.5874611111111112,0.7661972222222223,0,MILP,0.058827800006838515,3.637978807091713e-12,0
fixed_attachment1,eval_september,evaluation,2025-09-21,4610.873304386246,3822.106488999998,70831.37160496414,0.0,47587.247395389655,0.0,47587.247395389655,6657.110600673721,3438.2596642045833,16623.178897895352,14174.66504114286,45458.512936180734,0.7738493055555556,0.7661972222222223,0,LP,0.0045196000137366354,9.094947017729282e-13,0
fixed_attachment1,eval_september,evaluation,2025-09-22,3822.106488999998,2889.0253054285704,68842.22145939565,0.0,46003.90879754231,0.0,46003.90879754231,3110.842188951207,2524.7006999999994,18065.430275396826,15472.771588285717,43713.19731982409,0.7821659722222223,0.7661972222222223,0,LP,0.004605199996149167,8.881784197001252e-13,0
fixed_attachment1,eval_september,evaluation,2025-09-23,2889.0253054285704,2974.0764144920645,70776.06237700883,6.375,46548.66393116707,44.0799375,46592.74386866708,2958.7159434132845,1785.7420661846015,20235.883083791898,16314.519299714284,44705.15358001416,0.7817520833333333,0.7661972222222223,1,LP,0.004860099987126887,9.094947017729282e-13,0
fixed_attachment1,eval_december,evaluation,2025-12-08,1451.3861965089911,1823.0339727153448,97047.73554554264,0.0,73539.80345687535,0.0,73539.80345687535,4296.472355580246,0.0,24050.36355110523,19146.311477809522,62328.5078158143,0.9085152777777777,0.7661972222222223,0,LP,0.004152499983320013,9.663381206337363e-13,0
fixed_attachment1,eval_december,evaluation,2025-12-09,1823.0339727153448,1681.167125725927,97025.43080922753,28.02018466666675,72807.03663373027,207.1730520160006,73014.20968574627,5190.994365547323,0.0,24219.381705108764,19745.37934342857,62424.20569942488,0.9057770833333332,0.7661972222222223,2,LP,0.004181800002697855,6.821210263296962e-13,0
fixed_attachment1,eval_december,evaluation,2025-12-10,1681.167125725927,1640.7699979100528,97156.05795091708,0.0,73953.31585766924,0.0,73953.31585766924,4351.228607746025,0.0,23439.83311336155,19022.622236857143,62447.804514097304,0.9161590277777777,0.7661972222222223,0,LP,0.004116500000236556,9.094947017729282e-13,0
fixed_attachment1,eval_december,evaluation,2025-12-11,1640.7699979100528,1849.5066304476222,97611.2482016355,0.0,72779.3211096379,0.0,72779.3211096379,7002.810531696644,0.0,23470.105266605522,18822.92229666667,62898.205964564404,0.8976340277777778,0.7661972222222223,0,LP,0.004215599998133257,9.094947017729282e-13,0
fixed_attachment1,eval_december,evaluation,2025-12-12,1849.5066304476222,1922.1565517195847,50946.63655140622,0.0,23509.787370302514,0.0,23509.787370302514,2013.7868539047681,1328.8133463915271,20127.56809806232,16237.945230285713,26913.278732149367,0.7237798611111111,0.7661972222222223,0,LP,0.004800900002010167,1.0231815394945443e-12,0
fixed_attachment1,eval_december,evaluation,2025-12-13,1922.1565517195847,2001.8885422253966,51821.58600679013,0.0,24280.3366475712,0.0,24280.3366475712,2989.1660065655497,1132.38245,20156.5546075579,16255.050440666662,27326.673543941157,0.7296965277777777,0.7661972222222223,0,LP,0.004550600016955286,7.958078640513122e-13,0
fixed_attachment1,eval_december,evaluation,2025-12-14,2001.8885422253966,1739.627803660316,98139.6973630253,0.0,75089.10147889526,0.0,75089.10147889526,5065.773709824813,0.0,23848.61325215285,19553.411398952383,63306.54470304633,0.9207375000000001,0.7661972222222223,0,LP,0.0037745999870821834,6.821210263296962e-13,0
fixed_attachment1,eval_december,evaluation,2025-12-15,1739.627803660316,1911.330116133336,100030.52489955556,0.0,76709.60206295436,0.0,76709.60206295436,5856.427744505582,0.0,23947.4058271452,19242.86663876191,64508.693532050354,0.9144402777777779,0.7661972222222223,0,LP,0.0038312000106088817,9.094947017729282e-13,0
fixed_attachment1,eval_december,evaluation,2025-12-16,1911.330116133336,1830.002305755558,99834.15257543913,0.0,76167.15781345074,0.0,76167.15781345074,5982.549789894175,0.0,23719.507797640206,19285.996345428568,64426.23919340226,0.9109138888888888,0.7661972222222223,0,LP,0.0040997999894898385,7.958078640513122e-13,0
fixed_attachment1,eval_december,evaluation,2025-12-17,1830.002305755558,1875.848881186245,99460.17511320517,0.0,75719.41971891854,0.0,75719.41971891854,6785.611360997063,0.0,23376.077724493818,18893.361038952375,63992.34842358585,0.9088097222222221,0.7661972222222223,0,LP,0.0041739000007510185,1.0231815394945443e-12,0
fixed_attachment1,eval_december,evaluation,2025-12-18,1875.848881186245,1865.7872980433888,98902.39760581536,0.0,74868.05474618678,0.0,74868.05474618678,7016.272324981761,0.0,23836.388099976488,19316.52978580953,63817.78782333351,0.9094777777777777,0.7661972222222223,0,LP,0.004104499996174127,9.094947017729282e-13,0
fixed_attachment1,eval_december,evaluation,2025-12-19,1865.7872980433888,1694.2762466719578,52224.09750531103,0.0,24318.73566076753,0.0,24318.73566076753,3939.551142121111,1810.65698271605,19578.200140569064,16012.702060095242,27574.184585737792,0.7250944444444445,0.7661972222222223,0,LP,0.004317799990531057,1.0231815394945443e-12,0
fixed_attachment1,eval_december,evaluation,2025-12-20,1694.2762466719578,1872.7814958687843,52488.170953038185,0.0,24141.862251901228,0.0,24141.862251901228,3787.4068579365094,1821.3181166666668,20328.626337673137,16305.53260923809,27669.285078113848,0.7189708333333333,0.7661972222222223,0,LP,0.0045486000017262995,9.094947017729282e-13,0
fixed_attachment1,eval_december,evaluation,2025-12-21,1872.7814958687843,1866.898438401062,98124.1309751652,0.0,74389.6732964066,0.0,74389.6732964066,4552.921012656077,0.0,23888.014987175764,19354.58689133333,63273.48665379186,0.9100763888888888,0.7661972222222223,0,LP,0.004152299981797114,9.094947017729282e-13,0
lag1,dev_march,development,2025-03-07,1607.6682326867735,1815.3596570772481,34263.61655772957,0.0,14152.649068223363,0.0,14152.649068223363,652.493315967079,9386.538846402114,16396.71884250323,13094.419980476192,17951.482684927116,0.6085013888888889,0.7918569444444444,0,MILP,0.10606879999977536,1.6484591469634324e-12,0
lag1,dev_march,development,2025-03-08,1815.3596570772481,1755.574328050794,33381.198492902986,0.0,13626.39157998998,0.0,13626.39157998998,588.0861004303348,10433.457897684892,17633.272496025864,14336.75751790476,13371.828312246402,0.5972631944444444,0.6085013888888889,0,MILP,0.08359070000005886,2.3874235921539366e-12,0
lag1,dev_march,development,2025-03-09,1755.574328050794,1573.5954031873057,77184.77069091122,0.0,49147.11003293152,0.0,49147.11003293152,7565.467538825389,2236.020816666666,22176.517462085834,18126.760176666667,36187.857075422915,0.7838090277777777,0.5972631944444444,0,LP,0.0045581999875139445,1.0231815394945443e-12,0
lag1,dev_march,development,2025-03-10,1573.5954031873057,1491.753422510056,75356.7739449394,0.0,49266.95858476398,0.0,49266.95858476398,3005.8543396566683,360.69671666666625,21167.41695381893,17219.265515202853,47205.126735827536,0.802451388888889,0.7838090277777777,0,LP,0.0043827000190503895,9.094947017729282e-13,0
lag1,dev_march,development,2025-03-11,1491.753422510056,1741.0398655333297,75236.17161097199,0.0,48233.48836079975,0.0,48233.48836079975,5353.803572612578,1755.1075,20863.07336651851,16674.73162815905,48581.61452326113,0.7893930555555556,0.802451388888889,0,LP,0.00435139998444356,9.094947017729282e-13,0
lag1,dev_march,development,2025-03-12,1741.0398655333297,1466.4605058751342,74477.48740538409,0.0,47256.23377409515,0.0,47256.23377409515,6464.822863896699,2172.9285666666665,19217.487974630225,15813.28668314286,47264.181194973746,0.7801680555555556,0.7893930555555556,0,LP,0.004070499999215826,9.094947017729282e-13,0
lag1,dev_march,development,2025-03-13,1466.4605058751342,1421.3398105629637,74154.72504252032,32.787290216190286,47723.1926324488,203.87462559565307,47927.06725804445,2352.5915747807094,37.200000000000045,22593.217721421526,18341.114980132385,46104.148133434006,0.7996374999999999,0.7801680555555556,2,LP,0.004213000007439405,1.0231815394945443e-12,0
lag1,dev_march,development,2025-03-14,1421.3398105629637,1920.35807457037,32429.322573606118,0.0,13190.91852602404,0.0,13190.91852602404,396.8502699706071,12570.294785995295,15703.342614211633,12270.59107990476,16939.068130467145,0.5913868055555556,0.7996374999999999,0,MILP,0.10167960001854226,2.1032064978498966e-12,0
lag1,dev_march,development,2025-03-15,1920.35807457037,1370.717924858202,32203.609102891223,0.0,13584.293540748416,0.0,13584.293540748416,525.2143680952377,7752.775419728397,18400.896314781887,15399.402149714286,12352.13900309839,0.6047722222222222,0.5913868055555556,0,MILP,0.1058494999888353,1.2505552149377763e-12,0
lag1,dev_march,development,2025-03-16,1370.717924858202,1794.1097369174631,73971.04684215637,0.0,46551.848972128006,0.0,46551.848972128006,5531.5218031499135,488.8266500000001,22203.15170957789,17603.50025390476,34931.60107449072,0.784895138888889,0.6047722222222222,0,LP,0.004818699992028996,1.0231815394945443e-12,0
lag1,dev_march,development,2025-03-17,1794.1097369174631,1944.9661641259256,72579.24145356884,0.0,44446.343459260606,0.0,44446.343459260606,8024.474279932982,2766.6191356919444,19969.7148427525,16039.698238141902,45052.05082822367,0.7601756944444445,0.784895138888889,0,LP,0.004549199977191165,8.597567102697212e-13,0
lag1,dev_march,development,2025-03-18,1944.9661641259256,1824.424871151323,70194.04114305817,0.0,43615.40245464895,0.0,43615.40245464895,3869.801170305701,1253.98175,21330.457998752496,17386.158142666667,42577.55268459369,0.7760166666666666,0.7601756944444445,0,LP,0.004528199991909787,9.094947017729282e-13,0
lag1,dev_march,development,2025-03-19,1824.424871151323,2067.034061134392,70109.36747034034,0.0,43290.59058800663,0.0,43290.59058800663,4383.621403804224,1902.2185999999997,21787.940766059965,17429.883749523815,43023.33611796683,0.7718381944444445,0.7760166666666666,0,LP,0.004785400000400841,8.952838470577262e-13,0
lag1,dev_march,development,2025-03-20,2067.034061134392,1553.1296549037052,69330.22655604113,34.81590097523906,43405.472216042894,230.27236905023113,43635.744585093125,2457.2410797859984,1014.3316833333329,21826.43075177895,18141.922874548574,42146.8877078533,0.7786381944444444,0.7718381944444445,1,LP,0.005950399994617328,9.601208716958354e-13,0
lag1,dev_april,development,2025-04-17,1618.0719069862432,1997.6867956000015,60544.6419958248,0.0,36184.66816642433,0.0,36184.66816642433,1651.0131203833093,1944.2248999999997,19681.095924679597,15600.034299238097,36318.229946532716,0.7477673611111111,0.7623541666666667,0,LP,0.004551199992420152,9.094947017729282e-13,0
lag1,dev_april,development,2025-04-18,1997.6867956000015,2146.0427089597865,26961.783132436183,0.0,10795.802647325849,0.0,10795.802647325849,499.57287019047715,17427.581918400938,13405.214939408577,10724.703778897143,13443.708944950384,0.5594201388888889,0.7477673611111111,0,MILP,0.07556190001196228,2.7853275241795927e-12,0
lag1,dev_april,development,2025-04-19,2146.0427089597865,2089.695835156612,27398.59026547326,0.0,10918.602658724292,0.0,10918.602658724292,537.0079388571435,17152.33804343915,15659.353787367436,12734.788754190473,10548.331367483532,0.5579763888888889,0.5594201388888889,0,MILP,0.08158200001344085,2.4868995751603507e-12,0
lag1,dev_april,development,2025-04-20,2089.695835156612,2065.211296773546,60030.98642356613,0.0,35711.51795796866,0.0,35711.51795796866,1626.4111367983562,2422.1273031957735,21298.62728833392,17273.92418809524,26526.775955013807,0.7454388888888889,0.5579763888888889,0,LP,0.004545000003417954,9.094947017729282e-13,0
lag1,dev_april,development,2025-04-21,2065.211296773546,1567.326237224337,59352.28428189418,0.0,34973.80146151259,0.0,34973.80146151259,2910.9508276625525,4924.274690874792,18148.65754535684,15148.509165333333,35013.39943583007,0.7339520833333333,0.7454388888888889,0,LP,0.004564700007904321,9.094947017729282e-13,0
lag1,dev_april,development,2025-04-22,1567.326237224337,1793.0066657036998,59550.495696857135,0.0,35670.56190162052,0.0,35670.56190162052,1289.0192205573176,2109.0923218060043,19980.749748398597,15981.29491057143,34771.889679960135,0.7509583333333334,0.7339520833333333,0,LP,0.004518200003076345,7.958078640513122e-13,0
lag1,dev_april,development,2025-04-23,1793.0066657036998,1867.4126772264542,59731.31730998705,0.0,35971.661631176525,0.0,35971.661631176525,2475.297764157558,2104.770463008818,19391.40503043974,15640.072664285715,35186.46438105803,0.7479125,0.7509583333333334,0,LP,0.00444479999714531,9.094947017729282e-13,0
lag1,dev_april,development,2025-04-24,1867.4126772264542,1806.8486516899513,58794.52243499119,0.0,35150.77101330322,0.0,35150.77101330322,2972.1918999388645,5096.560457407408,19421.952634882997,15786.289257238093,34949.66363101087,0.7361847222222223,0.7479125,0,LP,0.004644400003599003,9.094947017729282e-13,0
lag1,dev_april,development,2025-04-25,1806.8486516899513,1773.7958157058251,26572.464123002846,0.0,9990.241373507353,0.0,9990.241373507353,354.74604809523873,21469.430489261606,14619.355200166961,11871.425264520953,12898.328845429063,0.5406916666666667,0.7361847222222223,0,MILP,0.07190059998538345,1.8189894035458565e-12,0
lag1,dev_april,development,2025-04-26,1773.7958157058251,1487.0978026656105,26779.133825271016,0.0,10233.96144489972,0.0,10233.96144489972,126.70824761904771,23792.596324482067,16040.335955646084,13250.70033580952,9751.593313734571,0.5378048611111111,0.5406916666666667,0,MILP,0.09509240000625141,4.729372449219227e-11,0
lag1,dev_april,development,2025-04-27,1487.0978026656105,1439.7423415111089,56304.36522430406,415.99028150667,33243.69238582961,2729.1042418245083,35972.79662765412,916.6310797142852,3031.7752385291024,22321.567996174013,18123.08999194,24596.658432592358,0.7337826388888888,0.5378048611111111,1,LP,0.005101399990962818,8.810729923425242e-13,0
lag1,dev_april,development,2025-04-28,1439.7423415111089,1504.9808207925923,55410.014964463255,4427.188090419991,33493.22295637093,27779.426202266743,61272.649158637665,179.9371949523811,0.0,15666.231115320401,12630.932572056192,32258.81397009929,0.7660520833333333,0.7337826388888888,11,LP,0.004447399987839162,9.094947017729282e-13,0
lag1,dev_april,development,2025-04-29,1504.9808207925923,1708.2381589777765,57515.355174255135,96.51391657523368,33870.06052193293,638.7290998948965,34508.789621827826,2181.2702441011197,4471.796698497357,17592.930669466197,14067.342237900952,34252.1667039235,0.7303826388888888,0.7660520833333333,1,LP,0.004542500013485551,8.952838470577262e-13,0
lag1,dev_april,development,2025-04-30,1708.2381589777765,1606.8896060275138,57306.71646392414,0.0,33785.77120565555,0.0,33785.77120565555,2173.6401250793656,3237.7440536484446,19629.95552378013,15991.477671917139,33121.96265266768,0.7294423611111112,0.7303826388888888,0,LP,0.004465199977857992,8.86402062860725e-13,0
lag1,val_june,validation,2025-06-08,1781.3549957153423,2218.9833434116426,87563.41224261378,19.011776857142877,59653.579622325226,131.58670150204773,59785.166323827274,17144.065743942396,1656.1689495320381,16860.002875805996,13262.736816476185,46787.66793950613,0.7970791666666668,0.6502881944444445,3,LP,0.004502800002228469,9.094947017729282e-13,0
lag1,val_june,validation,2025-06-09,2218.9833434116426,2138.257540046561,85326.41319616114,26.182083523809524,59543.56986753646,184.1079778854762,59727.67784542194,9929.570034436216,993.7615500446848,18785.28518368018,15288.734221809522,57911.724075448576,0.81925625,0.7970791666666668,2,LP,0.003928099991753697,6.821210263296962e-13,0
lag1,val_june,validation,2025-06-10,2138.257540046561,2344.4779250751335,86058.04097148498,0.0,59698.69659566557,0.0,59698.69659566557,10016.136746820697,458.2999333333329,19892.430060378596,15927.270002380954,59636.2243598488,0.8168180555555556,0.81925625,0,LP,0.005194099998334423,9.094947017729282e-13,0
lag1,val_june,validation,2025-06-11,2344.4779250751335,2389.620708352381,86489.09166192594,2.011921428571327,60258.86195489307,13.950663185713582,60272.81261807879,6095.695589657852,0.0,22475.43774779188,18164.476070761903,59593.85394270436,0.8316965277777778,0.8168180555555556,1,LP,0.004366600012872368,7.958078640513122e-13,0
lag1,val_june,validation,2025-06-12,2389.620708352381,2683.236787877247,87392.95693335451,0.0,61366.02752162175,0.0,61366.02752162175,10524.002179676665,541.7576999999998,19002.900783011166,15128.095162666668,60642.78849098705,0.8219833333333333,0.8316965277777778,0,LP,0.004298299987567589,9.094947017729282e-13,0
lag1,val_june,validation,2025-06-13,2683.236787877247,2558.75498106032,40025.56251726193,0.0,20220.806473685003,0.0,20220.806473685003,1736.7262715637876,7533.654235691065,13273.168084959441,10863.299774952378,24961.89184953318,0.6400291666666666,0.8219833333333333,0,LP,0.004470400017453358,8.526512829121202e-13,0
lag1,val_june,validation,2025-06-14,2558.75498106032,2621.9770834973533,40421.163955780125,0.0,20791.991693221527,0.0,20791.991693221527,3279.34341466667,8349.849244038802,13377.51923621752,10778.890689142856,20172.990052597925,0.6368673611111111,0.6400291666666666,0,LP,0.004588900017552078,9.094947017729282e-13,0
lag1,val_june,validation,2025-06-15,2621.9770834973533,3363.5440451608474,89593.18398370953,0.0,61977.45356239252,0.0,61977.45356239252,13538.865754693708,298.84709999999995,23479.402790449145,18350.90599476666,47864.74360746651,0.8178270833333333,0.6368673611111111,0,LP,0.0043843000021297485,8.526512829121202e-13,0
lag1,val_june,validation,2025-06-16,3363.5440451608474,3216.318681622223,87024.46035288533,0.0,61706.33184050202,0.0,61706.33184050202,10819.730364305715,271.4355833333334,17746.023240865365,14506.781652285716,60330.31135902998,0.8232416666666666,0.8178270833333333,0,LP,0.0041588000021874905,9.094947017729282e-13,0
lag1,val_june,validation,2025-06-17,3216.318681622223,2699.1590427999995,86272.86133507705,3.081040857142966,60922.07820549139,21.046590095143603,60943.12479558653,8399.050916222219,216.61603918988925,18361.620414712528,15338.356210857144,60372.36387688851,0.8286263888888888,0.8232416666666666,1,LP,0.004260899993823841,9.094947017729282e-13,0
lag1,val_june,validation,2025-06-18,2699.1590427999995,2959.9271746952386,87664.50866817635,0.0,61093.98811889093,0.0,61093.98811889093,12761.808340673717,88.67290000000003,19215.50109893122,15329.864571428569,60520.85647473854,0.82005,0.8286263888888888,0,LP,0.004373200004920363,7.389644451905042e-13,0
lag1,val_june,validation,2025-06-19,2959.9271746952386,2767.2493474984135,85198.09819381776,48.66240171428569,58686.93449070714,334.32397563485705,59021.258466342,11994.212105450919,1736.3104999999996,18053.388602938277,14796.654812857147,59318.6605357051,0.8079104166666666,0.82005,2,LP,0.004343900014646351,9.094947017729282e-13,0
lag1,val_june,validation,2025-06-20,2767.2493474984135,2884.6010395206376,36685.246302776184,0.0,18847.928935978864,0.0,18847.928935978864,1424.2651455238106,10463.74076812816,12058.121138443264,9661.461599319044,23260.60113284292,0.6213069444444445,0.8079104166666666,0,LP,0.005197799997404218,8.810729923425242e-13,0
lag1,val_june,validation,2025-06-21,2884.6010395206376,3349.72424826561,35907.58086284648,0.0,18285.46807131731,0.0,18285.46807131731,1658.2649289523824,11495.71735085009,15790.775237755437,12371.917054711428,18107.664670124264,0.6095256944444445,0.6213069444444445,0,MILP,0.08929329999955371,8.526512829121202e-13,0
lag1,val_august,validation,2025-08-18,2178.160729337569,2127.419408417992,72601.23132504524,132.611270952381,53146.07948554446,1115.5127389771433,54261.59222452162,2533.3080173215812,1984.4330800811265,20356.068793452076,16534.082911523812,52358.72900245198,0.8475611111111111,0.8399,5,LP,0.004674700001487508,8.668621376273222e-13,0
lag1,val_august,validation,2025-08-19,2127.419408417992,1852.4128791502637,72484.43390607407,115.82866466666655,52978.962061320344,987.5119954816656,53966.47405680201,1374.1473535379168,3582.146585980015,18809.54977665137,15483.241195428573,52680.92634332491,0.8429152777777777,0.8475611111111111,4,LP,0.004638200014596805,8.526512829121202e-13,0
lag1,val_august,validation,2025-08-20,1852.4128791502637,1630.2109173555552,72946.13141474227,1819.6632319761732,53929.44631930475,11916.33780917663,65845.78412848138,462.91514466666706,0.0,20274.58000526513,16622.391569880016,53053.303383098355,0.866348611111111,0.8429152777777777,12,LP,0.005081000010250136,9.094947017729282e-13,0
lag1,val_august,validation,2025-08-21,1630.2109173555552,1854.96182146032,74169.36886584717,0.0,53793.85451320386,0.0,53793.85451320386,2744.8012278929964,1838.26615,18629.51153119224,14887.628526571427,54234.275270399245,0.8472069444444443,0.866348611111111,0,LP,0.0047744000039529055,9.094947017729282e-13,0
lag1,val_august,validation,2025-08-22,1854.96182146032,1486.6533281999998,40199.238550966475,33.57257334380993,22711.58912122063,68.55519476805986,22780.144315988688,84.03061076190511,16776.463223374485,13016.97649530629,10875.22860513238,27430.732930132424,0.6604708333333333,0.8472069444444443,1,MILP,0.08113700000103563,3.637978807091713e-12,0
lag1,val_august,validation,2025-08-23,1486.6533281999998,1916.1332087280416,41074.93550545363,0.0,22814.25119901137,0.0,22814.25119901137,469.1982432886538,15002.848123275715,14138.689981126394,11065.806992237141,23101.118458273293,0.6591965277777778,0.6604708333333333,0,MILP,0.07906160000129603,1.1937117960769683e-11,0
lag1,val_august,validation,2025-08-24,1916.1332087280416,2090.0347653640174,76479.13842465033,0.0,55094.96274852696,0.0,55094.96274852696,4190.9796369970645,4341.01978504174,21352.83220160963,17139.282682331428,42797.72158759187,0.8410215277777777,0.6591965277777778,0,LP,0.004655700002331287,1.0231815394945443e-12,0
lag1,val_august,validation,2025-08-25,2090.0347653640174,1707.2043083703695,76216.1077749735,211.0556302095206,55369.17267876978,1793.0303238005156,57162.2030025703,1445.696580643161,671.1679166666668,20430.312118425627,16893.10022721905,54811.53390506297,0.8601569444444443,0.8410215277777777,3,LP,0.0043960000039078295,9.094947017729282e-13,0
lag1,val_august,validation,2025-08-26,1707.2043083703695,2289.7248573343904,77758.35811651383,0.0,55650.37298893222,0.0,55650.37298893222,5393.381450750141,2495.1787833333337,20087.952658049377,15746.973158952384,56153.291194769496,0.8444180555555555,0.8601569444444443,0,LP,0.004754200024763122,9.094947017729282e-13,0
lag1,val_august,validation,2025-08-27,2289.7248573343904,1868.6339772031754,76984.80180751323,1.3456278095239895,55537.10685858182,11.34969775943009,55548.456556341254,3521.794681145207,2044.1890781892992,20447.350533893015,16941.33572457143,54761.94091924991,0.8533875,0.8444180555555555,1,LP,0.004524699994362891,7.958078640513122e-13,0
lag1,val_august,validation,2025-08-28,1868.6339772031754,1928.8909241407405,76632.86650479195,46.880709523809514,55499.01380326164,388.3171611380952,55887.330964399735,1694.5889797084092,0.0,21911.221047527324,17693.857796253338,54808.46899077261,0.863504861111111,0.8533875,3,LP,0.0043147999967914075,8.242295734817162e-13,0
lag1,val_august,validation,2025-08-29,1928.8909241407405,1784.4022373777782,41500.719214190474,0.0,23366.163154640337,0.0,23366.163154640337,930.7317054285722,15216.158877905937,15413.937362855964,12615.329082,28086.688167411798,0.6645076388888889,0.863504861111111,0,MILP,0.0820563999877777,6.821210263296962e-12,0
lag1,val_august,validation,2025-08-30,1784.4022373777782,1574.0628858211644,41738.538392208095,0.0,23674.532090172524,0.0,23674.532090172524,903.9464120717246,19775.86200584949,14396.397670286886,11850.387529333333,23112.368440725608,0.6546625,0.6645076388888889,0,MILP,0.10132769998745061,1.8189894035458565e-12,0
lag1,val_august,validation,2025-08-31,1574.0628858211644,2362.2634964814824,79107.55278721105,26.50513619047615,56474.169463232305,218.3203532838092,56692.489816516114,4639.9130552569095,2629.044000000001,23732.090711668432,18513.612926857146,44720.175869054525,0.846538888888889,0.6546625,3,LP,0.0045514999947045,9.348077867343818e-13,0
lag1,eval_september,evaluation,2025-09-10,4786.2408636984155,5253.42933831217,68018.71248013873,968.5033833333317,45654.54569306919,5167.422119424991,50821.967812494164,3187.128420467955,0.0,21387.469293956496,16903.380500952382,44530.444506469285,0.7818236111111112,0.7518833333333333,7,LP,0.004980199999408796,9.094947017729282e-13,0
lag1,eval_september,evaluation,2025-09-11,5253.42933831217,5319.926579576721,68889.00084689827,0.0,45691.752596170314,0.0,45691.752596170314,6866.041294499708,4680.028049999999,19931.569483827163,16084.723764761902,45745.40496543354,0.7530638888888889,0.7818236111111112,0,LP,0.004570100019918755,8.952838470577262e-13,0
lag1,eval_september,evaluation,2025-09-12,5319.926579576721,5149.521753507934,35111.44638218812,0.0,17634.3641039645,0.0,17634.3641039645,1181.4400710476189,19704.962878312763,14877.639875208697,12204.252642380954,21527.900779387306,0.5750854166666666,0.7530638888888889,0,MILP,0.08444850001251325,1.2505552149377763e-12,0
lag1,eval_september,evaluation,2025-09-13,5149.521753507934,5477.291665349206,36104.063059512046,0.0,17734.4710538878,0.0,17734.4710538878,946.1886431158151,23541.15564015285,17445.391432910055,13835.77414,17315.16180277188,0.5665159722222222,0.5750854166666666,0,MILP,0.07536000001709908,9.634876299216198e-12,0
lag1,eval_september,evaluation,2025-09-14,5477.291665349206,4882.61440644974,68336.71494747091,0.0,46143.68025094755,0.0,46143.68025094755,4851.428942138735,137.52479652674936,19913.926272710167,16665.48981390476,34597.67417212368,0.7759062499999999,0.5665159722222222,0,LP,0.004620099993189797,1.0231815394945443e-12,0
lag1,eval_september,evaluation,2025-09-15,4882.61440644974,4323.001317719578,66995.33409698177,0.0,44417.43267536246,0.0,44417.43267536246,5580.483010552616,3213.990466666666,19144.64087519106,16010.810888761904,44321.79948845355,0.761726388888889,0.7759062499999999,0,LP,0.004452799999853596,7.105427357601002e-13,0
lag1,eval_september,evaluation,2025-09-16,4323.001317719578,3893.6258795820113,67257.26859209994,0.0,45361.976561314725,0.0,45361.976561314725,3061.089008900649,1430.3384217530897,19265.83722335097,15991.766045238095,44375.45934308677,0.7779465277777776,0.761726388888889,0,LP,0.004649500013329089,7.673861546209082e-13,0
lag1,eval_september,evaluation,2025-09-17,3893.6258795820113,4266.025986126984,68663.06229359192,7.62916666666672,45670.8930374249,38.19542291666694,45709.08846034157,4275.817023718987,0.0,21576.82074025867,17142.06470371905,45439.74093925361,0.778054861111111,0.7779465277777776,1,LP,0.004862300003878772,9.094947017729282e-13,0
lag1,eval_september,evaluation,2025-09-18,4266.025986126984,3856.6819648201067,68240.15419942857,0.0,45008.96183398402,0.0,45008.96183398402,4340.243777639035,1550.9082359270992,19796.635201957677,16403.684132761904,45040.47831253959,0.7698256944444445,0.778054861111111,0,LP,0.0047984999837353826,9.094947017729282e-13,0
lag1,eval_september,evaluation,2025-09-19,3856.6819648201067,4583.706225846559,35604.17483523627,0.0,17426.945170251034,0.0,17426.945170251034,518.7936238800703,15289.491236035801,16001.135914368015,12306.598255714283,21187.300429251696,0.5932520833333333,0.7698256944444445,0,MILP,0.09427929998491891,2.13478617499479e-12,0
lag1,eval_september,evaluation,2025-09-20,4583.706225846559,4560.062655666666,35136.582771575544,0.0,16905.325893071356,0.0,16905.325893071356,919.8430971428569,15492.697084632571,16315.200366466779,13236.591509999998,16787.24602476335,0.5874611111111112,0.5932520833333333,0,MILP,0.08425400001578964,1.3642420526593924e-12,0
lag1,eval_september,evaluation,2025-09-21,4560.062655666666,4160.153879666666,71353.52923440564,0.0,47843.94592331234,0.0,47843.94592331234,6324.781070411526,3429.827249999999,19322.901731898888,16011.468301238096,35406.6103380827,0.7738493055555556,0.5874611111111112,0,LP,0.004666799999540672,9.094947017729282e-13,0
lag1,eval_september,evaluation,2025-09-22,4160.153879666666,3151.475026920636,68775.67248622692,0.0,45994.37002838672,0.0,45994.37002838672,2846.458610467961,2524.7006999999994,19464.759262616102,16674.265970190478,45136.89982385852,0.7821659722222223,0.7738493055555556,0,LP,0.004938700003549457,8.881784197001252e-13,0
lag1,eval_september,evaluation,2025-09-23,3151.475026920636,3024.0219494920643,70484.45157535098,0.0,46497.04800718576,0.0,46497.04800718576,2917.0275938306886,1785.7420661846015,19893.547903621402,16228.481571619042,46557.68903623313,0.7817520833333333,0.7821659722222223,0,LP,0.005539200006751344,9.094947017729282e-13,0
lag1,eval_december,evaluation,2025-12-08,1451.3861965089911,1823.0339727153448,96778.95023235508,0.0,73530.49972314056,0.0,73530.49972314056,4311.924071042912,0.0,22554.37918978836,17934.564145142856,72837.37848833884,0.9085152777777777,0.9101083333333333,0,LP,0.004521599999861792,9.663381206337363e-13,0
lag1,eval_december,evaluation,2025-12-09,1823.0339727153448,1682.1694370687835,97109.8253299154,28.02018466666675,72801.16412020448,207.1730520160006,73008.33717222049,5247.302262231622,0.0,24362.45825139801,19860.369265714286,73334.79498922871,0.9057770833333332,0.9085152777777777,2,LP,0.004096199991181493,9.094947017729282e-13,0
lag1,eval_december,evaluation,2025-12-10,1682.1694370687835,1656.3761155915336,97361.33653027039,0.0,73946.93536957087,0.0,73946.93536957087,4374.839950683119,0.0,24326.800538158735,19727.92242523809,72473.8896643132,0.9161590277777777,0.9057770833333332,0,LP,0.004139700002269819,7.389644451905042e-13,0
lag1,eval_december,evaluation,2025-12-11,1656.3761155915336,1836.1782716962991,97382.99443265374,0.0,72738.7468753334,0.0,72738.7468753334,6992.489942288057,0.0,22460.146578270436,18030.896787904767,74130.41205090529,0.8976340277777778,0.9161590277777777,0,LP,0.004502099996898323,9.094947017729282e-13,0
lag1,eval_december,evaluation,2025-12-12,1836.1782716962991,1928.199410238103,51060.68266689123,0.0,23629.975361076733,0.0,23629.975361076733,2044.2516922857203,1298.348508010575,20636.05241354732,16632.383430285714,30039.30915920911,0.7237798611111111,0.8976340277777778,0,LP,0.004946600005496293,1.0231815394945443e-12,0
lag1,eval_december,evaluation,2025-12-13,1928.199410238103,2007.0034138920635,51973.205052880665,0.0,24325.25828058019,0.0,24325.25828058019,2988.083450022342,1132.38245,20964.642980191635,16910.437210666663,23618.774419554713,0.7296965277777777,0.7237798611111111,0,LP,0.004600999993272126,7.958078640513122e-13,0
lag1,eval_december,evaluation,2025-12-14,2007.0034138920635,1843.5072397809527,98375.85771561672,0.0,75321.21704934623,0.0,75321.21704934623,5022.187200135219,0.0,24853.133011481474,20278.184296000003,57365.9717372899,0.9207375000000001,0.7296965277777777,0,LP,0.004208800004562363,9.094947017729282e-13,0
lag1,eval_december,evaluation,2025-12-15,1843.5072397809527,1911.330116133336,100073.4366371993,0.0,76589.5551407726,0.0,76589.5551407726,5884.1839667524955,0.0,24519.232184542023,19799.53748076191,76321.7788727292,0.9144402777777779,0.9207375000000001,0,LP,0.004383099992992356,9.094947017729282e-13,0
lag1,eval_december,evaluation,2025-12-16,1911.330116133336,1815.4044200074106,99962.62754634095,0.0,76260.43903249354,0.0,76260.43903249354,6047.544602288064,0.0,24122.761774910043,19625.77016419047,76187.11706105073,0.9109138888888888,0.9144402777777779,0,LP,0.004191300016827881,9.094947017729282e-13,0
lag1,eval_december,evaluation,2025-12-17,1815.4044200074106,1875.848881186245,99562.44099621753,0.0,75944.20236161235,0.0,75944.20236161235,6886.801462657261,0.0,23312.591851750727,18828.79938485714,75334.77556539736,0.9088097222222221,0.9109138888888888,0,LP,0.003959099994972348,1.0231815394945443e-12,0
lag1,eval_december,evaluation,2025-12-18,1875.848881186245,1851.7521578222288,98902.3976058154,0.0,74893.09799744192,0.0,74893.09799744192,7023.403982490292,0.0,23865.335303610813,19352.608646952383,75194.8262812572,0.9094777777777777,0.9088097222222221,0,LP,0.004174900008365512,9.094947017729282e-13,0
lag1,eval_december,evaluation,2025-12-19,1851.7521578222288,1762.6809373015894,52192.962739856746,0.0,24280.307830418325,0.0,24280.307830418325,3848.183664166962,1810.65698271605,19504.70995495943,15878.97916198572,31386.222591416354,0.7250944444444445,0.9094777777777777,0,LP,0.004522500006714836,1.0231815394945443e-12,0
lag1,eval_december,evaluation,2025-12-20,1762.6809373015894,1879.8934582984136,52819.45252726866,0.0,24310.653204392598,0.0,24310.653204392598,3800.224732134044,1821.3181166666668,22295.085050372712,17953.527621904756,23891.618625460233,0.7189708333333333,0.7250944444444445,0,LP,0.004437299998244271,9.094947017729282e-13,0
lag1,eval_december,evaluation,2025-12-21,1879.8934582984136,1792.9348831343946,98514.26473540274,0.0,74596.59953895769,0.0,74596.59953895769,4693.645986029389,0.0,25584.734738706633,20801.897855999992,56353.68572555327,0.9100763888888888,0.7189708333333333,0,LP,0.004371200018795207,9.094947017729282e-13,0
mean7,dev_march,development,2025-03-07,1607.6682326867735,1808.2773627661372,34204.04107473368,0.0,14122.63898379,0.0,14122.63898379,550.6903033004121,9489.95176829512,16108.238172281002,12867.124702476192,16909.26608052944,0.6085013888888889,0.7488613095238095,0,MILP,0.10755590000189841,3.467448550509289e-12,0
mean7,dev_march,development,2025-03-08,1808.2773627661372,1746.895154250794,32960.67549069723,0.0,13590.144166921506,0.0,13590.144166921506,530.8883921446202,10478.911097945915,15489.37090317813,12601.634419238095,16384.718858546457,0.5972631944444444,0.7476931547619048,0,MILP,0.07952510000905022,1.8189894035458565e-12,0
mean7,dev_march,development,2025-03-09,1746.895154250794,1557.369274065611,76853.8711462022,0.0,48585.78049843237,0.0,48585.78049843237,7742.268065068778,2093.227828646677,20291.702603439157,16606.85240095238,46050.400129457455,0.7838090277777777,0.7452704365079366,0,LP,0.0048251000116579235,9.094947017729282e-13,0
mean7,dev_march,development,2025-03-10,1557.369274065611,1449.0327087386274,75454.68785399405,0.0,49156.874618939124,0.0,49156.874618939124,3092.225482965309,360.69671666666625,21353.66901661258,17393.97481225047,44755.85266257916,0.802451388888889,0.7412012896825397,0,LP,0.004467200022190809,6.821210263296962e-13,0
mean7,dev_march,development,2025-03-11,1449.0327087386274,1660.3619091830622,75260.44856876305,0.0,48144.435866158245,0.0,48144.435866158245,5778.812809918864,1440.661016666667,20588.735061987056,16486.67911980953,44468.63370828799,0.7893930555555556,0.739858630952381,0,LP,0.004275099985534325,7.736034035588091e-13,0
mean7,dev_march,development,2025-03-12,1660.3619091830622,1460.346006057144,74725.50240643976,0.0,46992.89916192557,0.0,46992.89916192557,6603.468989044077,2063.319184865368,20016.809800054114,16393.63025085715,44099.97861880086,0.7801680555555556,0.7382536706349206,0,LP,0.004428199987160042,9.094947017729282e-13,0
mean7,dev_march,development,2025-03-13,1460.346006057144,1411.4148678222232,74106.711902368,31.119295977142656,47638.70374293987,193.14775464433777,47831.851497584204,2422.8855252674803,0.0,22175.608846433868,18006.28119002286,43568.586054070365,0.7996374999999999,0.7362061507936508,2,LP,0.004191300016827881,8.588685318500211e-13,0
mean7,dev_march,development,2025-03-14,1411.4148678222232,1920.35807457037,32440.350287762503,0.0,13175.556653140246,0.0,13175.556653140246,318.9471004467981,12651.787994572605,15695.475385981175,12255.286176571426,15986.01990287557,0.5913868055555556,0.7373176587301588,0,MILP,0.10261129998252727,2.2737367544323206e-12,0
mean7,dev_march,development,2025-03-15,1920.35807457037,1370.7079328285708,31490.08534513697,0.0,13141.27532188626,0.0,13141.27532188626,582.2605277142853,7639.142219647266,14943.381975489703,12598.824527714287,15602.230148969325,0.6047722222222222,0.7348727182539682,0,MILP,0.09518160001607612,1.5158245029548803e-12,0
mean7,dev_march,development,2025-03-16,1370.7079328285708,1823.10229712487,73741.59287931058,0.0,46166.8970831019,0.0,46166.8970831019,5513.327351874191,488.8266500000001,20953.879032823057,16565.487088720005,43301.085977469564,0.784895138888889,0.7359454365079365,0,LP,0.004225999990012497,1.0231815394945443e-12,0
mean7,dev_march,development,2025-03-17,1823.10229712487,1958.8960840984132,72388.6941644495,0.0,44234.89671718511,0.0,44234.89671718511,7979.7733312663195,2805.4183617001745,19069.245420386836,15323.874382237142,42483.77180820416,0.7601756944444445,0.7361005952380952,0,LP,0.004337000020314008,9.094947017729282e-13,0
mean7,dev_march,development,2025-03-18,1958.8960840984132,1827.9724392825412,70178.56345419986,0.0,43585.52981954252,0.0,43585.52981954252,3869.8011703057045,1253.98175,21298.176039798935,17369.353872571428,40787.14433660926,0.7760166666666666,0.7300612103174603,0,LP,0.004666900000302121,1.0231815394945443e-12,0
mean7,dev_march,development,2025-03-19,1827.9724392825412,2060.98474157037,69978.66090474305,0.0,42903.13474362356,0.0,42903.13474362356,4383.967977348616,1902.2185999999997,21143.646343870667,16916.642466476194,40567.37632771581,0.7718381944444445,0.7281502976190476,0,LP,0.0044830999977421016,8.952838470577262e-13,0
mean7,dev_march,development,2025-03-20,2060.98474157037,1550.5062194888894,69027.3255860094,35.58052725809455,43376.6825972012,235.32960728503733,43612.01220448624,2436.8978742386776,1014.3316833333329,20327.081099485007,16924.366360456195,39999.2059477091,0.7786381944444444,0.7269603174603174,1,LP,0.004568600008497015,9.601208716958354e-13,0
mean7,dev_april,development,2025-04-17,1618.0719069862432,1997.2523229619082,60737.17701478541,0.0,36121.72876214618,0.0,36121.72876214618,1850.482154458558,1752.042219107586,20658.14693074309,16391.836639523808,33669.01667954205,0.7477673611111111,0.696730257936508,0,LP,0.005634800007101148,9.094947017729282e-13,0
mean7,dev_april,development,2025-04-18,1997.2523229619082,2146.0427089597865,26897.288588659605,0.0,10650.91460201991,0.0,10650.91460201991,432.5333284761913,17492.553124650203,13074.5979200094,10456.512967809524,12729.581498965126,0.5594201388888889,0.6952645833333333,0,MILP,0.06964169998536818,2.6147972675971687e-11,0
mean7,dev_april,development,2025-04-19,2146.0427089597865,2102.49358338201,26817.02145039507,0.0,10644.18908450163,0.0,10644.18908450163,502.6140351428577,17138.474211944736,12791.832454355084,10400.578501047614,12706.103591975,0.5579763888888889,0.6963991071428572,0,MILP,0.08281009999336675,7.044320682325633e-11,0
mean7,dev_april,development,2025-04-20,2102.49358338201,2004.9647056825395,59893.79465677364,0.0,35568.08304688318,0.0,35568.08304688318,1824.0274476566751,2296.7300092592614,20542.464770810107,16727.172454285712,33112.3242092278,0.7454388888888889,0.6955575396825396,0,LP,0.004831700003705919,9.094947017729282e-13,0
mean7,dev_april,development,2025-04-21,2004.9647056825395,1556.635825121692,59565.827528573784,0.0,34899.39751149834,0.0,34899.39751149834,3333.080796787779,4531.779607807177,18881.85649026454,15697.799749619047,32834.103361414716,0.7339520833333333,0.6940124007936509,0,LP,0.004425199993420392,9.094947017729282e-13,0
mean7,dev_april,development,2025-04-22,1556.635825121692,1700.3999453449717,59562.373932526745,0.0,35585.07342471038,0.0,35585.07342471038,1375.906538011764,2114.6451166666666,19944.76448937214,16025.871528190473,32914.01471761897,0.7509583333333334,0.6922059523809523,0,LP,0.004574599995976314,9.094947017729282e-13,0
mean7,dev_april,development,2025-04-23,1700.3999453449717,1839.7115881841248,59834.213665941206,0.0,36024.71298042297,0.0,36024.71298042297,2282.318415319226,2317.434086154025,19521.91562761081,15687.371179809525,32934.54310974045,0.7479125,0.6939810515873016,0,LP,0.004491500003496185,9.094947017729282e-13,0
mean7,dev_april,development,2025-04-24,1839.7115881841248,1811.7563899714291,58730.270002602,0.0,34997.291489699695,0.0,34997.291489699695,2763.6235620705484,5304.634016666667,18931.92316976954,15360.017445904758,32481.123221617592,0.7361847222222223,0.6919179563492064,0,LP,0.004491500003496185,9.094947017729282e-13,0
mean7,dev_april,development,2025-04-25,1811.7563899714291,1757.9912371132332,26134.42084798236,0.0,9935.181814102618,0.0,9935.181814102618,276.4841164761913,21542.75187632569,12437.97811975191,10123.150914571428,12223.891676736786,0.5406916666666667,0.6902632936507936,0,MILP,0.09459120000246912,2.7853275241795927e-11,0
mean7,dev_april,development,2025-04-26,1757.9912371132332,1528.5528376656105,26058.808989927093,0.0,10141.025193736961,0.0,10141.025193736961,38.131557619047726,23809.580661887114,12354.724718897112,10213.821581809521,12110.24173660285,0.5378048611111111,0.6875877976190475,0,MILP,0.09865139998146333,8.08597633294994e-12,0
mean7,dev_april,development,2025-04-27,1528.5528376656105,1485.078089274073,55806.05916888888,411.3873713276225,32897.711702169065,2698.9068495948673,35596.618551763946,1556.670579428571,2312.4665545326297,20073.502613022923,16298.664390100952,30851.79163420202,0.7337826388888888,0.6847061507936508,1,LP,0.004840699984924868,8.810729923425242e-13,0
mean7,dev_april,development,2025-04-28,1485.078089274073,1504.9808207925923,55359.6419113933,4435.132141657134,33261.08059926922,28035.674813033293,61296.7554123025,182.88320895238041,0.0,15642.163521393302,12652.239993961912,30619.193584354274,0.7660520833333333,0.6830409722222223,12,LP,0.004901600012090057,9.094947017729282e-13,0
mean7,dev_april,development,2025-04-29,1504.9808207925923,1708.2381589777765,57695.52719732745,96.27080951237485,33935.68365879881,637.1202173528968,34572.8038761517,2043.62815207995,4646.779830463265,18343.39317506996,14675.216867440002,31806.771436344956,0.7303826388888888,0.6876266865079366,1,LP,0.00457960000494495,8.952838470577262e-13,0
mean7,dev_april,development,2025-04-30,1708.2381589777765,1638.3538020497374,57021.5283289371,0.0,33636.510366742375,0.0,33636.510366742375,2016.4083002222221,3357.443145504997,18177.465111114645,14786.642661238093,31494.54163297495,0.7294423611111112,0.6846873015873016,0,LP,0.00436190000618808,8.86402062860725e-13,0
mean7,val_june,validation,2025-06-08,1781.3549957153423,2168.5444668285722,86851.65452567788,19.011776857142877,59329.39505745777,131.58670150204773,59460.98175895982,16754.182441733097,1846.0099666666663,14405.684755087606,11320.134127619045,56284.76496139892,0.7970791666666668,0.7672440476190476,3,LP,0.004809400008525699,9.094947017729282e-13,0
mean7,val_june,validation,2025-06-09,2168.5444668285722,2158.59677504762,85337.0036466091,26.182083523809524,59573.28494116941,184.1079778854762,59757.39291905489,9959.425201823638,981.6363156096456,18412.44422089005,14923.03274152381,55054.22594237465,0.81925625,0.7640867063492063,2,LP,0.0044639999978244305,6.821210263296962e-13,0
mean7,val_june,validation,2025-06-10,2158.59677504762,2333.217336100531,85896.75485483596,0.0,59637.622175324956,0.0,59637.622175324956,10041.68915973428,458.2999333333329,19058.752755196943,15280.431226761904,55624.20723206208,0.8168180555555556,0.7654167658730159,0,LP,0.004268699995009229,9.094947017729282e-13,0
mean7,val_june,validation,2025-06-11,2333.217336100531,2446.1562815566153,86497.30005293594,2.011921428571327,60101.55703580571,13.950663185713582,60115.50769899142,6068.136095403885,0.0,22342.55005991298,17995.820497619046,56155.507506596565,0.8316965277777778,0.7669218253968253,1,LP,0.003937200002837926,8.526512829121202e-13,0
mean7,val_june,validation,2025-06-12,2446.1562815566153,2602.310028023281,87227.27237338155,0.0,61109.404061783884,0.0,61109.404061783884,10616.774849328636,541.7576999999998,18293.736941576717,14677.388550857144,57038.274772678655,0.8219833333333333,0.7694986111111112,0,LP,0.004179300012765452,9.094947017729282e-13,0
mean7,val_june,validation,2025-06-13,2602.310028023281,2575.636351815873,39870.784257312196,0.0,20188.263742981435,0.0,20188.263742981435,1700.8743562304544,7516.404527204,12274.72622349677,9966.534549619046,23834.604778659257,0.6400291666666666,0.7694863095238095,0,LP,0.004707299987785518,8.526512829121202e-13,0
mean7,val_june,validation,2025-06-14,2575.636351815873,2621.9770834973533,40161.01455702762,0.0,20731.87915139123,0.0,20731.87915139123,1845.0780095238117,9772.498067656676,12149.416164914755,9799.320435067611,23914.208000963208,0.6368673611111111,0.768164384920635,0,LP,0.004402999999001622,9.094947017729282e-13,0
mean7,val_june,validation,2025-06-15,2621.9770834973533,3274.0756011640224,88655.1925712898,0.0,61685.05397207296,0.0,61685.05397207296,13393.373239580245,298.84709999999995,19732.153855138156,15396.155956761902,57852.06482908603,0.8178270833333333,0.7662471230158729,0,LP,0.004144399979850277,8.526512829121202e-13,0
mean7,val_june,validation,2025-06-16,3274.0756011640224,3169.124030929103,87193.37376454083,0.0,61398.59830027025,0.0,61398.59830027025,10706.065882563209,271.4355833333334,19033.031027310986,15511.211545333334,57142.62910213412,0.8232416666666666,0.769211111111111,0,LP,0.004404600011184812,9.094947017729282e-13,0
mean7,val_june,validation,2025-06-17,3169.124030929103,2703.398861549207,86364.67990742621,0.0,60540.0500425526,0.0,60540.0500425526,8366.836749700178,194.24276666666685,18872.325404392708,15705.736229999999,56454.67984710168,0.8286263888888888,0.7697804563492063,0,LP,0.00436920000356622,9.094947017729282e-13,0
mean7,val_june,validation,2025-06-18,2703.398861549207,2982.7942848275147,87152.17912865609,0.0,61021.274753715625,0.0,61021.274753715625,12644.475697422693,88.67290000000003,17048.33552780482,13557.695896571428,56753.934084203735,0.82005,0.7714673611111112,0,LP,0.004292600002372637,9.094947017729282e-13,0
mean7,val_june,validation,2025-06-19,2982.7942848275147,2739.674852192594,85047.4383293392,48.66240171428569,58601.06932509234,334.32397563485705,58935.3933007272,12027.547591402712,1736.3104999999996,17323.92594222223,14251.18750257143,55466.42251041128,0.8079104166666666,0.7698035714285714,2,LP,0.004265700001269579,9.094947017729282e-13,0
mean7,val_june,validation,2025-06-20,2739.674852192594,2884.6010395206395,36603.829145853015,0.0,18783.54544491513,0.0,18783.54544491513,1407.5243536190487,10477.990975604938,11512.102094914753,9194.36912828571,22076.535759945906,0.6213069444444445,0.7677931547619048,0,LP,0.004579200001899153,9.094947017729282e-13,0
mean7,val_june,validation,2025-06-21,2884.6010395206395,3117.437340286773,35252.93467776476,0.0,18137.9645084634,0.0,18137.9645084634,1836.3819078095253,11560.886014392712,12165.124657226339,9644.198301663813,21393.53080613604,0.6095256944444445,0.7651185515873016,0,MILP,0.13206249999348074,8.736833478906192e-11,0
mean7,val_august,validation,2025-08-18,2178.160729337569,2168.930028625399,72442.89799171191,132.611270952381,53087.77352284189,1115.5127389771433,54203.28626181905,2418.8424443174636,2044.6419833333339,19611.66762625161,15893.758407904766,49800.08309997745,0.8475611111111111,0.7912489087301589,5,LP,0.005384399992180988,8.668621376273222e-13,0
mean7,val_august,validation,2025-08-19,2168.930028625399,1852.4128791502637,72283.00706105234,115.82866466666655,52987.91894147339,987.5119954816656,53975.43093695506,1825.8608945855376,3133.5257974661968,17929.76009576249,14807.97111209524,49770.50621088729,0.8429152777777777,0.7923819444444445,4,LP,0.004548700002487749,8.526512829121202e-13,0
mean7,val_august,validation,2025-08-20,1852.4128791502637,1630.2109173555552,72871.02814889593,1780.3983999723646,53870.87987228347,11365.584121833052,65236.46399411652,414.5755492380955,0.0,19927.061571467373,16340.901638503829,50028.33982578106,0.866348611111111,0.790316865079365,12,LP,0.004573499987600371,8.810729923425242e-13,0
mean7,val_august,validation,2025-08-21,1630.2109173555552,1854.96182146032,74223.70503470549,0.0,53777.10073681841,0.0,53777.10073681841,2614.6965743092305,2001.7503555696594,18739.80951473133,14976.969893238092,50731.31195152007,0.8472069444444443,0.7922001984126984,0,LP,0.004831400001421571,9.094947017729282e-13,0
mean7,val_august,validation,2025-08-22,1854.96182146032,1486.6533281999998,40303.69152162139,33.57257334380747,22760.76811702387,68.55519476805485,22829.323311791923,113.67007933333377,16748.59792628101,13557.391227816575,11312.964538465716,26196.7395480974,0.6604708333333333,0.7917840277777777,1,MILP,0.08240939999814145,1.9326762412674725e-12,0
mean7,val_august,validation,2025-08-23,1486.6533281999998,1916.1332087280416,40956.32355367901,0.0,22789.315320319434,0.0,22789.315320319434,396.9931674791301,15072.660064663134,13527.011995060548,10570.347823523809,26720.429046269855,0.6591965277777778,0.79310625,0,MILP,0.10084729999653064,1.8189894035458565e-12,0
mean7,val_august,validation,2025-08-24,1916.1332087280416,2100.0782866380923,76191.91484413992,0.0,54807.27925969373,0.0,54807.27925969373,4229.894518825399,4279.161608546739,19914.308754291593,15965.039520857146,51745.613562775776,0.8410215277777777,0.7947999007936508,0,LP,0.004400899983011186,1.0231815394945443e-12,0
mean7,val_august,validation,2025-08-25,2100.0782866380923,1707.2043083703695,76191.10289141073,194.44487727809246,55318.173238699965,1651.7392593657878,56969.91249806576,1195.8901647724842,920.9743325373406,20258.857027122856,16763.260772410475,51801.729459542184,0.8601569444444443,0.794960119047619,3,LP,0.004445699974894524,9.094947017729282e-13,0
mean7,val_august,validation,2025-08-26,1707.2043083703695,2289.7248573343904,77758.35811651383,0.0,55592.01212766309,0.0,55592.01212766309,5241.180835753081,2647.379398330393,20087.952658049377,15746.973158952384,52756.64006364677,0.8444180555555555,0.7967595238095239,0,LP,0.004903199995169416,9.094947017729282e-13,0
mean7,val_august,validation,2025-08-27,2289.7248573343904,1868.6339772031754,76984.80180751323,1.3456278095239895,55530.97953964915,11.34969775943009,55542.32923740859,3149.673414190474,2413.5014000000006,20462.13445570372,16953.310701238093,52270.7975940363,0.8533875,0.7969742063492062,1,LP,0.004458500014152378,7.673861546209082e-13,0
mean7,val_august,validation,2025-08-28,1868.6339772031754,1928.8909241407414,76481.55441285716,46.880709523809514,55595.508210803375,388.3171611380952,55983.82537194147,1685.4176598259878,0.0,21163.1117209359,17087.889241714292,51992.06795860952,0.863504861111111,0.7951226190476189,3,LP,0.004354999982751906,8.242295734817162e-13,0
mean7,val_august,validation,2025-08-29,1928.8909241407414,1784.4022373777775,41237.63937088065,0.0,23201.078987772173,0.0,23201.078987772173,880.3741773333343,15249.610070510285,14118.2873217037,11565.852548666668,26836.754911706208,0.6645076388888889,0.7974508928571429,0,MILP,0.07933269999921322,7.958078640513122e-13,0
mean7,val_august,validation,2025-08-30,1784.4022373777775,1574.0628858211626,41491.97943642678,0.0,23554.566164809297,0.0,23554.566164809297,762.0543517860101,19914.16059629158,13117.631954825392,10814.587299809524,26931.845879198536,0.6546625,0.7980275793650793,0,MILP,0.09137350000673905,8.021237994802909e-12,0
mean7,val_august,validation,2025-08-31,1574.0628858211626,2395.7523527111116,78414.7428874062,26.50513619047615,56173.26556791877,218.3203532838092,56391.585921202575,4536.673750079957,2629.044000000001,20470.456157802477,15841.548967619052,53206.825915223766,0.846538888888889,0.7973798611111111,3,LP,0.004746299993712455,9.348077867343818e-13,0
mean7,eval_september,evaluation,2025-09-10,4786.2408636984155,5238.316696867728,67860.37914680538,968.5033833333317,45742.04806146356,5167.422119424991,50909.470180888544,3143.402825229861,0.0,20855.856868718398,16486.37581380952,42022.63820390252,0.7818236111111112,0.703866369047619,7,LP,0.004864699993049726,9.094947017729282e-13,0
mean7,eval_september,evaluation,2025-09-11,5238.316696867728,5267.832231968257,68579.14125541679,0.0,45187.74541436949,0.0,45187.74541436949,6862.961672665489,4680.028049999999,18492.11456751323,14952.048818095234,42407.45436725787,0.7530638888888889,0.7068419642857143,0,LP,0.004826599993975833,9.094947017729282e-13,0
mean7,eval_september,evaluation,2025-09-12,5267.832231968257,5091.8495524444415,34678.13553075238,0.0,17410.783878666978,0.0,17410.783878666978,1114.4127548571428,19771.312085201527,12627.046854027045,10386.292363333334,20431.694623332038,0.5750854166666666,0.7062799603174603,0,MILP,0.06317350000608712,1.9326762412674725e-12,0
mean7,eval_september,evaluation,2025-09-13,5091.8495524444415,5503.060397386243,35154.16471337142,0.0,17563.74578937379,0.0,17563.74578937379,650.3203497824813,23643.889300605522,13067.17799580247,10214.324416152376,20692.652878906305,0.5665159722222222,0.7086292658730158,0,MILP,0.07357530001900159,4.663595626671179e-12,0
mean7,eval_september,evaluation,2025-09-14,5503.060397386243,5017.729710634924,67991.41635631864,0.0,45953.345235610024,0.0,45953.345235610024,4629.763650476188,156.4725878600807,18645.54203188712,15539.686663904758,42375.16876642463,0.7759062499999999,0.7087442460317459,0,LP,0.004711599991424009,1.0231815394945443e-12,0
mean7,eval_september,evaluation,2025-09-15,5017.729710634924,4346.819261216931,66845.20598122047,0.0,44483.191857600104,0.0,44483.191857600104,5450.783866126985,3343.6896110922953,18881.690921810696,15897.989051142857,41414.38373108473,0.761726388888889,0.7111145833333334,0,LP,0.00447739998344332,7.105427357601002e-13,0
mean7,eval_september,evaluation,2025-09-16,4346.819261216931,3962.9858893227524,67072.47087710285,0.0,45277.021555688676,0.0,45277.021555688676,2963.7135246208118,1430.3384217530897,18589.994642633745,15403.345695238095,41676.25108736689,0.7779465277777776,0.7094292658730158,0,LP,0.0049242999812122434,7.673861546209082e-13,0
mean7,eval_september,evaluation,2025-09-17,3962.9858893227524,4272.116691571428,68302.34126374601,7.62916666666672,45573.89542539512,38.19542291666694,45612.09084831179,4246.706717246326,0.0,20131.197848118758,16028.052534952383,42256.48027927014,0.778054861111111,0.7131525793650794,1,LP,0.004440100019564852,9.094947017729282e-13,0
mean7,eval_september,evaluation,2025-09-18,4272.116691571428,4102.204983957672,68082.89330037506,0.0,44899.28540532378,0.0,44899.28540532378,4103.582394669018,1526.2655031651957,19210.078014350387,15713.083728476191,42247.471394421205,0.7698256944444445,0.7126141865079365,0,LP,0.0043289999885018915,9.094947017729282e-13,0
mean7,eval_september,evaluation,2025-09-19,4102.204983957672,4563.487342973546,34833.502167554376,0.0,17156.93697803262,0.0,17156.93697803262,480.1960529276891,15281.19461863609,13450.552927419169,10479.793748095235,20142.59433134866,0.5932520833333333,0.7150087301587301,0,MILP,0.06789639999624342,2.589533525881254e-12,0
mean7,eval_september,evaluation,2025-09-20,4563.487342973546,4627.468890444444,34488.79635382128,0.0,16680.018558275347,0.0,16680.018558275347,605.289947142857,15593.405164015285,13616.232192663134,10971.564683333332,20091.250805154028,0.5874611111111112,0.7176039682539682,0,MILP,0.06796310000936501,2.0463630789890885e-12,0
mean7,eval_september,evaluation,2025-09-21,4627.468890444444,4219.9497584232795,70812.93206489946,0.0,47677.434991701506,0.0,47677.434991701506,6214.731542497354,3429.827249999999,17092.910567830688,14212.024778761908,43769.48816387312,0.7738493055555556,0.720596130952381,0,LP,0.0048909000179264694,9.094947017729282e-13,0
mean7,eval_september,evaluation,2025-09-22,4219.9497584232795,3230.9975513597915,68400.17338225867,0.0,45839.26835360399,0.0,45839.26835360399,2732.927340315111,2524.7006999999994,17992.5391840388,15464.013725428571,42037.85245113857,0.7821659722222223,0.7203022817460316,0,LP,0.004512300016358495,8.881784197001252e-13,0
mean7,eval_september,evaluation,2025-09-23,3230.9975513597915,3015.186272931218,70396.09321486304,0.0,46525.84878368658,0.0,46525.84878368658,2917.0275938306877,1785.7420661846015,19847.042747895353,16270.334776380949,43118.709230852764,0.7817520833333333,0.7232222222222222,0,LP,0.004436499992152676,9.094947017729282e-13,0
mean7,eval_december,evaluation,2025-12-08,1451.3861965089911,1823.0339727153448,96889.40221220929,0.0,73415.16957345139,0.0,73415.16957345139,4303.361958872427,0.0,23180.769147813055,18441.940011142855,68255.94949191985,0.9085152777777777,0.8563599206349207,0,LP,0.004873300000326708,9.663381206337363e-13,0
mean7,eval_december,evaluation,2025-12-09,1823.0339727153448,1683.0517489354504,96886.96378117344,28.02018466666675,72649.39874829687,207.1730520160006,72856.57180031287,5216.630047634331,0.0,23346.756068110524,19036.85641657143,68448.76657495863,0.9057770833333332,0.8564898809523809,2,LP,0.00402110000140965,6.821210263296962e-13,0
mean7,eval_december,evaluation,2025-12-10,1683.0517489354504,1630.41333437037,97080.37761040208,0.0,73928.39251099383,0.0,73928.39251099383,4388.332475800111,0.0,22904.21705812581,18599.79039019048,68314.01562063985,0.9161590277777777,0.8551274801587303,0,LP,0.003928999998606741,9.094947017729282e-13,0
mean7,eval_december,evaluation,2025-12-11,1630.41333437037,1849.5066304476222,97468.24909619165,0.0,72690.5066090895,0.0,72690.5066090895,7011.706431443853,0.0,22621.59999093827,18126.312026190477,68863.43515508811,0.8976340277777778,0.8557169642857142,0,LP,0.003921900002751499,9.094947017729282e-13,0
mean7,eval_december,evaluation,2025-12-12,1849.5066304476222,1922.1565517195847,50946.63655140622,0.0,23518.603123901717,0.0,23518.603123901717,2015.8044465467424,1328.8133463915271,20116.949189420342,16229.343914285713,28583.721239005226,0.7237798611111111,0.8546524801587301,0,LP,0.004440999997314066,1.0231815394945443e-12,0
mean7,eval_december,evaluation,2025-12-13,1922.1565517195847,2001.8885422253966,51821.58600679014,0.0,24285.64495408501,0.0,24285.64495408501,2986.917110269258,1132.38245,20168.390903854193,16264.637840666663,29158.248518211054,0.7296965277777777,0.8555957341269842,0,LP,0.005036499991547316,7.958078640513122e-13,0
mean7,eval_december,evaluation,2025-12-14,2001.8885422253966,1739.627803660316,97981.36402969199,0.0,75056.59107577111,0.0,75056.59107577111,5070.020763092303,0.0,22992.927006885355,18860.305540285714,69365.91165918382,0.9207375000000001,0.855952876984127,0,LP,0.004201700008707121,6.821210263296962e-13,0
mean7,eval_december,evaluation,2025-12-15,1739.627803660316,1911.330116133336,99872.19156622222,0.0,76624.21325448077,0.0,76624.21325448077,5856.481038444444,0.0,23113.79199939682,18567.63943828571,70863.3500585926,0.9144402777777779,0.8574713293650794,0,LP,0.00411879998864606,9.094947017729282e-13,0
mean7,eval_december,evaluation,2025-12-16,1911.330116133336,1830.002305755558,99682.9197661517,0.0,75926.10397873512,0.0,75926.10397873512,6019.673972596122,0.0,22728.155208222208,18483.000748,70824.81985738158,0.9109138888888888,0.8583177579365079,0,LP,0.004417899996042252,9.094947017729282e-13,0
mean7,eval_december,evaluation,2025-12-17,1830.002305755558,1875.848881186245,99301.84177987183,0.0,75837.8280477038,0.0,75837.8280477038,6848.438154174018,0.0,22212.0770586502,17950.520499619044,70482.46849203353,0.9088097222222221,0.8590515873015874,0,LP,0.0039329999999608845,1.0231815394945443e-12,0
mean7,eval_december,evaluation,2025-12-18,1875.848881186245,1865.7872980433888,98744.06427248204,0.0,74648.42216844569,0.0,74648.42216844569,6997.4544464268,0.0,23102.09623272193,18721.753373333337,70250.10734111449,0.9094777777777777,0.8580016865079366,0,LP,0.0038955000054556876,9.094947017729282e-13,0
mean7,eval_december,evaluation,2025-12-19,1865.7872980433888,1694.2762466719578,52224.09750531102,0.0,24122.969309358454,0.0,24122.969309358454,3934.6522071416844,1810.65698271605,19603.984008881824,16033.586993428573,29673.656627038188,0.7250944444444445,0.8596936507936507,0,LP,0.004621300002327189,1.0231815394945443e-12,0
mean7,eval_december,evaluation,2025-12-20,1694.2762466719578,1872.7814958687843,52488.17095303819,0.0,24219.87187015617,0.0,24219.87187015617,3795.8309026360967,1821.3181166666668,20284.289260306883,16269.619576571424,29750.397146804222,0.7189708333333333,0.8598814484126984,0,LP,0.004264899995177984,9.094947017729282e-13,0
mean7,eval_december,evaluation,2025-12-21,1872.7814958687843,1866.898438401062,98002.88393659025,0.0,74281.00673686313,0.0,74281.00673686313,4562.700099780128,0.0,23198.403799286294,18796.001829142853,69543.79707425283,0.9100763888888888,0.8583492063492064,0,LP,0.003912499989382923,9.094947017729282e-13,0
mean14,dev_march,development,2025-03-07,1607.6682326867735,1799.9208019068776,34105.28322439623,0.0,14082.992075686867,0.0,14082.992075686867,565.2098166337454,9475.432254961786,15628.043721943555,12485.688102476191,17117.655484821782,0.6085013888888889,0.7513812500000001,0,MILP,0.03975310001987964,1.6484591469634324e-12,0
mean14,dev_march,development,2025-03-08,1799.9208019068776,1746.8951542507957,32969.960558318635,0.0,13568.518769028098,0.0,13568.518769028098,509.3328688112868,10500.46662127925,15498.655970799531,12601.634419238095,16567.41457894565,0.5972631944444444,0.7504992063492062,0,MILP,0.10599650000222027,1.4210854715202004e-12,0
mean14,dev_march,development,2025-03-09,1746.8951542507957,1561.1631377291037,76873.9102503045,0.0,48596.71613421042,0.0,48596.71613421042,7848.288972299819,2007.797963789535,20270.826732024692,16586.528467809523,46327.24435423923,0.7838090277777777,0.7477834325396826,0,LP,0.004331100004492328,6.821210263296962e-13,0
mean14,dev_march,development,2025-03-10,1561.1631377291037,1492.0528197248711,75468.31508035741,0.0,49242.05094077317,0.0,49242.05094077317,3048.4390952827707,360.69671666666625,21470.03739269371,17452.92957428571,45148.52679383398,0.802451388888889,0.7455284722222222,0,LP,0.004185800004051998,6.821210263296962e-13,0
mean14,dev_march,development,2025-03-11,1492.0528197248711,1660.3619091830622,75212.64844544501,0.0,48126.31624568819,0.0,48126.31624568819,5785.330828725445,1440.661016666667,20506.629576529092,16458.891776476197,44795.198891047374,0.7893930555555556,0.7451143353174604,0,LP,0.00496489999932237,7.736034035588091e-13,0
mean14,dev_march,development,2025-03-12,1660.3619091830622,1461.79973104127,74725.50240643977,0.0,46963.1310684011,0.0,46963.1310684011,6599.761112459719,2063.319184865368,20029.43887425751,16402.5514484762,44508.13551942822,0.7801680555555556,0.744778373015873,0,LP,0.004510900005698204,9.094947017729282e-13,0
mean14,dev_march,development,2025-03-13,1461.79973104127,1411.4148678222232,74105.09665238566,31.119295977141405,47584.97006169195,193.14775464432972,47778.11781633628,2413.56839362139,0.0,22223.031131430933,18046.00159335619,43903.77879064115,0.7996374999999999,0.7429662202380952,2,LP,0.0043351999775040895,8.588685318500211e-13,0
mean14,dev_march,development,2025-03-14,1411.4148678222232,1920.35807457037,32440.3502877625,0.0,13099.816045592132,0.0,13099.816045592132,354.032023113465,12614.122854704288,15709.055476516161,12266.28604990476,16033.319255556762,0.5913868055555556,0.7430894841269842,0,MILP,0.10407770000165328,2.021099337273174e-12,0
mean14,dev_march,development,2025-03-15,1920.35807457037,1370.7079328285708,31490.08534513697,0.0,13136.1192292759,0.0,13136.1192292759,567.2663150476187,7657.394756388007,14926.23290141563,12584.933777714286,15633.589200050796,0.6047722222222222,0.7412829365079365,0,MILP,0.08909560000756755,8.526512829121202e-13,0
mean14,dev_march,development,2025-03-16,1370.7079328285708,1838.5584962412745,73812.7246110782,0.0,46171.064292937954,0.0,46171.064292937954,5512.9032541587285,488.8266500000001,21257.275086919464,16797.327313333335,43455.00062885777,0.784895138888889,0.7406079365079364,0,LP,0.004353199998149648,1.0231815394945443e-12,0
mean14,dev_march,development,2025-03-17,1838.5584962412745,1956.3184412920637,72433.18625341679,0.0,44218.72879105967,0.0,44218.72879105967,8161.8701742974745,2635.2772333333323,19325.912957405057,15548.005544952379,42504.769165026104,0.7601756944444445,0.7386509424603174,0,LP,0.004801800008863211,9.094947017729282e-13,0
mean14,dev_march,development,2025-03-18,1956.3184412920637,1825.798837915346,70256.25257404348,0.0,43465.3430566389,0.0,43465.3430566389,3874.039829326277,1253.98175,21682.843532050552,17680.570904000004,41020.78293219563,0.7760166666666666,0.7349599206349207,0,LP,0.004250600002706051,9.094947017729282e-13,0
mean14,dev_march,development,2025-03-19,1825.798837915346,2060.98474157037,69981.07601737327,0.0,42880.758430555215,0.0,42880.758430555215,4383.967977348614,1902.2185999999997,21146.06145650089,16916.642466476194,40804.20353206421,0.7718381944444445,0.7332019841269841,0,LP,0.004185300000244752,8.952838470577262e-13,0
mean14,dev_march,development,2025-03-20,2060.98474157037,1550.5062194888894,69155.06826177074,35.58052725809614,43300.178887571165,235.32960728504787,43535.508494856214,2440.0422835390914,1014.3316833333329,20982.861449279244,17455.54844378953,40235.79027169572,0.7786381944444444,0.7315832341269842,1,LP,0.0044787999941036105,9.601208716958354e-13,0
mean14,dev_april,development,2025-04-17,1618.0719069862432,1991.3480338359827,60737.17701478541,0.0,36098.71789037143,0.0,36098.71789037143,1872.0302529371002,1733.823486250443,20668.59163912169,16405.610713523805,33822.41877687854,0.7477673611111111,0.7001568948412699,0,LP,0.00483739998890087,9.094947017729282e-13,0
mean14,dev_april,development,2025-04-18,1991.3480338359827,2146.0427089597865,26903.848909910634,0.0,10690.859352456162,0.0,10690.859352456162,432.5333284761913,17494.845091991767,13069.095255252198,10446.741949142855,12737.354472545885,0.5594201388888889,0.6989642857142857,0,MILP,0.06660530000226572,2.6147972675971687e-11,0
mean14,dev_april,development,2025-04-19,2146.0427089597865,2102.49358338201,26817.02145039507,0.0,10644.18908450163,0.0,10644.18908450163,502.6140351428577,17138.474211944736,12791.832454355084,10400.578501047614,12724.459952075766,0.5579763888888889,0.6989583829365079,0,MILP,0.07923100001062267,7.747126397185235e-11,0
mean14,dev_april,development,2025-04-20,2102.49358338201,2063.3998629513258,59893.79465677364,0.0,35571.64259577677,0.0,35571.64259577677,1807.0209708018835,2248.6708425925945,20608.11741280776,16727.7594527619,33174.73490195758,0.7454388888888889,0.6977046626984128,0,LP,0.005604000005405396,9.094947017729282e-13,0
mean14,dev_april,development,2025-04-21,2063.3998629513258,1556.6358251216939,59500.8995760529,0.0,34912.55264558223,0.0,34912.55264558223,3333.8553809688483,4531.779607807177,18812.851778895933,15694.49757495238,32881.70428102811,0.7339520833333333,0.6969726686507937,0,LP,0.004506900004344061,9.094947017729282e-13,0
mean14,dev_april,development,2025-04-22,1556.6358251216939,1770.9271901259242,59562.37393252675,0.0,35522.865673192835,0.0,35522.865673192835,1289.531599633162,2114.6451166666666,20065.293005560266,16060.025105999997,33017.55004118599,0.7509583333333334,0.6957038194444444,0,LP,0.005402999988291413,9.094947017729282e-13,0
mean14,dev_april,development,2025-04-23,1770.9271901259242,1924.687345986243,59755.85006062903,0.0,36212.09422145881,0.0,36212.09422145881,2156.2395409194573,2377.420133333333,19388.89226018577,15566.61859047619,32951.914123965085,0.7479125,0.6956354166666667,0,LP,0.004303199995774776,9.094947017729282e-13,0
mean14,dev_april,development,2025-04-24,1924.687345986243,1811.7563899714291,58635.85249393298,0.0,34933.74464091012,0.0,34933.74464091012,2764.3748006466785,5304.634016666667,18833.551773857725,15356.814797238092,32499.662291235396,0.7361847222222223,0.6943241071428572,0,LP,0.004437099996721372,9.094947017729282e-13,0
mean14,dev_april,development,2025-04-25,1811.7563899714291,1757.9912371132332,26134.42084798236,0.0,9950.098480769284,0.0,9950.098480769284,277.03426780952486,21542.201724992352,12437.978119751911,10123.150914571428,12194.574667711582,0.5406916666666667,0.6927639384920634,0,MILP,0.09168260000296868,4.149569576838985e-12,0
mean14,dev_april,development,2025-04-26,1757.9912371132332,1528.5528376656105,26058.80898992709,0.0,10088.179625726549,0.0,10088.179625726549,62.003718952381064,23785.70850055379,12354.724718897112,10213.821581809521,12109.167222975184,0.5378048611111111,0.6919934523809523,0,MILP,0.08990660001290962,1.383426706524915e-11,0
mean14,dev_april,development,2025-04-27,1528.5528376656105,1485.078089274073,55806.05916888888,411.3873713276216,32802.06536755188,2698.906849594862,35500.97221714675,1454.7076585714296,2413.3064326161075,20079.41336446325,16303.452098767619,30964.889530248507,0.7337826388888888,0.6901318452380952,1,LP,0.004589899996062741,8.810729923425242e-13,0
mean14,dev_april,development,2025-04-28,1485.078089274073,1504.9808207925923,55359.641911393286,4391.780812338088,33353.4638060626,27812.1553590643,61165.61916512688,122.72807180952339,0.0,15730.60461520282,12723.877279947623,30743.22024321882,0.7660520833333333,0.6885266865079365,12,LP,0.0043713000195566565,9.094947017729282e-13,0
mean14,dev_april,development,2025-04-29,1504.9808207925923,1708.2381589777765,57695.52719732746,87.07197811047126,33895.890874733224,576.2423511350988,34472.133225868325,1961.698672476189,4717.837225944742,18352.199768335096,14682.350207984764,31898.306429507764,0.7303826388888888,0.6899163194444444,1,LP,0.004407900007208809,8.952838470577262e-13,0
mean14,dev_april,development,2025-04-30,1708.2381589777765,1638.142711064552,57021.5283289371,0.0,33611.71347388989,0.0,33611.71347388989,2000.5749813650793,3373.2764643621376,18178.465015781316,14787.64256590476,31633.053919890808,0.7294423611111112,0.6893341765873016,0,LP,0.0044055999896954745,8.86402062860725e-13,0
mean14,val_june,validation,2025-06-08,1781.3549957153423,2171.0779953894194,87309.43287990362,19.011776857142877,59334.63628437321,131.58670150204773,59466.22298587526,17139.885046746633,1625.3386999999996,15934.457598109346,12556.1599547619,53505.31128686224,0.7970791666666668,0.731585119047619,3,LP,0.004260799993062392,9.094947017729282e-13,0
mean14,val_june,validation,2025-06-09,2171.0779953894194,2138.257540046561,85490.01496690304,26.182083523809524,59592.23789351865,184.1079778854762,59776.34587140411,10085.108831059386,964.5978262504458,18754.295103116972,15220.517443333332,52836.29843017639,0.81925625,0.7358077876984127,2,LP,0.004038999992189929,9.094947017729282e-13,0
mean14,val_june,validation,2025-06-10,2138.257540046561,2282.374572296297,86198.975757271,0.0,59723.58476310847,0.0,59723.58476310847,10252.144226726632,458.2999333333329,19686.221236068188,15816.133872190478,53629.69520424089,0.8168180555555556,0.7405780753968254,0,LP,0.004205500008538365,9.094947017729282e-13,0
mean14,val_june,validation,2025-06-11,2282.374572296297,2422.400642355556,86705.77607239976,2.011921428571327,60127.55665910553,13.950663185713582,60141.50732229125,6121.284084507944,0.0,23031.7585768442,18529.700984190473,54440.6025391774,0.8316965277777778,0.7458563988095239,1,LP,0.004182500008028001,8.526512829121202e-13,0
mean14,val_june,validation,2025-06-12,2422.400642355556,2566.014159001057,87405.72464227282,0.0,61047.29657165056,0.0,61047.29657165056,10741.502776256324,448.5068666666666,19126.69158439741,15363.368018380954,55608.214511334954,0.8219833333333333,0.7516013392857143,0,LP,0.004470800020499155,8.526512829121202e-13,0
mean14,val_june,validation,2025-06-13,2566.014159001057,2575.636351815873,39972.72954991717,0.0,20218.31771720694,0.0,20218.31771720694,1717.367784611407,7501.954806959437,12628.596235857729,10220.502977511424,23633.515082583588,0.6400291666666666,0.7560635416666667,0,LP,0.004543799994280562,8.526512829121202e-13,0
mean14,val_june,validation,2025-06-14,2575.636351815873,2621.9770834973533,40085.37581377425,0.0,20755.636043403203,0.0,20755.636043403203,1773.2595711428596,9830.683988165785,11823.067610275139,9534.978105809521,23865.170641102424,0.6368673611111111,0.7617089781746031,0,LP,0.004708399996161461,9.094947017729282e-13,0
mean14,val_june,validation,2025-06-15,2621.9770834973533,3334.1899856793657,88525.13867581417,0.0,61606.593370674236,0.0,61606.593370674236,13313.132068965318,298.84709999999995,19185.2292713251,14899.04409780952,57874.70893767899,0.8178270833333333,0.7667455853174603,0,LP,0.004086999979335815,9.094947017729282e-13,0
mean14,val_june,validation,2025-06-16,3334.1899856793657,3177.1414284984144,87140.94532746734,0.0,61555.62243558561,0.0,61555.62243558561,10758.20180761788,134.01041666666652,19452.75783146854,15898.07754495238,57017.20124393327,0.8232416666666666,0.7666489087301588,0,LP,0.004019300016807392,9.663381206337363e-13,0
mean14,val_june,validation,2025-06-17,3177.1414284984144,2714.8833426867736,86297.67253812813,0.0,60468.107069022364,0.0,60468.107069022364,8369.88473448089,194.24276666666685,18487.18998707584,15390.656166761904,56444.79709623598,0.8286263888888888,0.767598611111111,0,LP,0.004516300017712638,9.094947017729282e-13,0
mean14,val_june,validation,2025-06-18,2714.8833426867736,2982.7764268380965,87076.35592540978,0.0,61041.34442682032,0.0,61041.34442682032,12581.413028773668,88.67290000000003,17035.659583683715,13557.78048704762,56794.206473292885,0.82005,0.7691945932539682,0,LP,0.004028900002595037,9.094947017729282e-13,0
mean14,val_june,validation,2025-06-19,2982.7764268380965,2748.828737898414,85070.25329599998,48.66240171428569,58562.844545320426,334.32397563485705,58897.16852095528,11921.52972507702,1736.3104999999996,17958.548382542038,14756.977109904763,55544.783137773644,0.8079104166666666,0.7696510912698413,2,LP,0.004302699991967529,9.094947017729282e-13,0
mean14,val_june,validation,2025-06-20,2748.828737898414,2884.6010395206395,36593.65816173544,0.0,18777.41156751505,0.0,18777.41156751505,1407.5243536190487,10477.99097560494,11501.931110797173,9194.36912828571,22094.527035811625,0.6213069444444445,0.7686397321428572,0,LP,0.004699000011896715,9.094947017729282e-13,0
mean14,val_june,validation,2025-06-21,2884.6010395206395,3117.437340286773,35252.93467776476,0.0,18137.9645084634,0.0,18137.9645084634,1836.3819078095253,11560.886014392712,12165.124657226339,9644.198301663813,21383.508360218453,0.6095256944444445,0.7666414682539683,0,MILP,0.08522010000888258,1.1368683772161603e-12,0
mean14,val_august,validation,2025-08-18,2178.160729337569,2134.924192117462,72442.8979917119,102.00601809523812,52944.05542383115,860.0659960050001,53804.12141983616,2419.521094069376,2044.6419833333339,19608.09578545207,15921.470469714288,49840.18555079293,0.8475611111111111,0.7904710317460318,4,LP,0.004828899982385337,8.668621376273222e-13,0
mean14,val_august,validation,2025-08-19,2134.924192117462,1852.4128791502637,72320.79132383893,115.82866466666655,52908.39769160482,987.5119954816656,53895.90968708649,1875.1948886807759,3072.6243218894765,18028.425840030563,14857.285112095242,49703.50005240759,0.8429152777777777,0.7906693452380954,4,LP,0.004429499997058883,8.526512829121202e-13,0
mean14,val_august,validation,2025-08-20,1852.4128791502637,1630.2109173555552,72871.02814889593,1717.1356129085539,53889.65918542747,11000.159515006162,64889.81870043364,335.32722333333334,0.0,20011.195986419752,16409.050514615257,50007.06792443595,0.866348611111111,0.7905493055555556,11,LP,0.005271800007903948,8.810729923425242e-13,0
mean14,val_august,validation,2025-08-21,1630.2109173555552,1854.96182146032,74223.70503470549,0.0,53883.79950309319,0.0,53883.79950309319,2687.1381331663724,1929.3087967125177,18739.80951473133,14976.969893238092,50621.12477233095,0.8472069444444443,0.7911635912698413,0,LP,0.004530299978796393,9.094947017729282e-13,0
mean14,val_august,validation,2025-08-22,1854.96182146032,1486.6533281999998,40281.69554954285,33.57257334380829,22750.179369099988,68.55519476805651,22818.73456386804,84.03061076190511,16781.78014360964,13422.976907628456,11204.088939113335,26171.058854029026,0.6604708333333333,0.7915994543650794,1,MILP,0.08734080000431277,1.8758328224066645e-12,0
mean14,val_august,validation,2025-08-23,1486.6533281999998,1916.1332087280398,40891.314579572376,0.0,22721.34899598153,0.0,22721.34899598153,435.3481299553206,15031.78190165079,13198.13950258436,10303.961104618096,26701.444569188978,0.6591965277777778,0.7932079365079365,0,MILP,0.08398480000323616,1.0231815394945443e-12,0
mean14,val_august,validation,2025-08-24,1916.1332087280398,2100.0782866380923,76191.91484413992,0.0,54822.52859302706,0.0,54822.52859302706,4171.956141587306,4337.099985784833,19914.308754291593,15965.039520857146,51791.270347321566,0.8410215277777777,0.7936523313492063,0,LP,0.004723699996247888,1.0231815394945443e-12,0
mean14,val_august,validation,2025-08-25,2100.0782866380923,1707.2043083703695,76204.9483068912,194.44487727809246,55361.0136517871,1651.7392593657878,57012.75291115289,1268.760772564377,848.1037247454473,20331.727634914747,16822.28596472191,51755.302816100404,0.8601569444444443,0.7931045138888889,3,LP,0.004357099998742342,9.094947017729282e-13,0
mean14,val_august,validation,2025-08-26,1707.2043083703695,2289.724857334393,77810.48083583776,0.0,55600.84834364488,0.0,55600.84834364488,5399.989963283946,2495.1787833333337,20327.5011148395,15941.007408952384,52720.449443000216,0.8444180555555555,0.794570734126984,0,LP,0.004447500017704442,9.094947017729282e-13,0
mean14,val_august,validation,2025-08-27,2289.724857334393,1885.1668969915347,76984.80180751321,16.225255619048085,55440.75394942535,134.3372614190515,55575.0912108444,3149.673414190475,2413.5014000000006,20462.134455703716,16938.43107342857,52247.41749180646,0.8533875,0.7936455357142858,2,LP,0.004651199997169897,7.673861546209082e-13,0
mean14,val_august,validation,2025-08-28,1885.1668969915347,1928.8909241407414,76463.1845019812,46.880709523809514,55493.47493569686,388.3171611380952,55881.79209683496,1681.3897400482097,0.0,21165.941387837724,17105.06089971429,52101.85878768463,0.863504861111111,0.7936614087301588,3,LP,0.0044104999979026616,8.242295734817162e-13,0
mean14,val_august,validation,2025-08-29,1928.8909241407414,1784.4022373777775,41237.63937088065,0.0,23127.22976784917,0.0,23127.22976784917,935.0406792380963,15194.943568605524,14118.287321703698,11565.852548666668,26948.905221690133,0.6645076388888889,0.7946174603174604,0,MILP,0.07612959999823943,7.958078640513122e-13,0
mean14,val_august,validation,2025-08-30,1784.4022373777775,1574.0628858211644,41384.38355317106,0.0,23501.318090701356,0.0,23501.318090701356,775.7798762622006,19893.057324432673,12590.16808180952,10387.341562666665,27079.801944973806,0.6546625,0.7955669146825396,0,MILP,0.09297060000244528,4.092726157978177e-12,0
mean14,val_august,validation,2025-08-31,1574.0628858211644,2395.7523527111116,78414.7428874062,26.50513619047615,56014.869531482116,218.3203532838092,56233.189884765925,4539.249831626106,2629.044000000001,20456.897833875373,15830.5667252381,53252.97557004944,0.846538888888889,0.796089880952381,3,LP,0.004478200018638745,9.348077867343818e-13,0
mean14,eval_september,evaluation,2025-09-10,4786.2408636984155,4596.088809841269,67860.37914680537,968.5033833333317,45661.137605401454,5167.422119424991,50828.559724826446,3864.5636866584323,0.0,20102.405483956496,16454.08529047619,43690.1202304957,0.7818236111111112,0.7368136904761905,7,LP,0.005720800021663308,9.094947017729282e-13,0
mean14,eval_september,evaluation,2025-09-11,4596.088809841269,4802.58733751852,69292.7277965573,0.0,45546.343784088276,0.0,45546.343784088276,7376.39198123692,4680.028049999999,18707.227931987065,14967.005949999997,44113.482112513855,0.7530638888888889,0.7317019841269842,0,LP,0.004406899999594316,8.952838470577262e-13,0
mean14,eval_september,evaluation,2025-09-12,4802.58733751852,5090.179315724865,35096.85593575714,0.0,17572.68698908223,0.0,17572.68698908223,1114.4127548571428,19762.82313299236,12679.637197483837,10011.673349576191,21108.03976561485,0.5750854166666666,0.7238133432539683,0,MILP,0.0725842000101693,1.8189894035458565e-12,0
mean14,eval_september,evaluation,2025-09-13,5090.179315724865,5450.036683296296,35155.66792641904,0.0,17568.390469041413,0.0,17568.390469041413,725.114016449148,23653.00937164609,12876.691706190479,10106.248651199998,21009.08883431917,0.5665159722222222,0.7174260416666667,0,MILP,0.06958830001531169,3.637978807091713e-12,0
mean14,eval_september,evaluation,2025-09-14,5450.036683296296,4949.312271687833,68050.33159419637,0.0,45840.92316843024,0.0,45840.92316843024,4723.577254285706,146.7241269077006,18586.09175500294,15505.386292,42647.75026398212,0.7759062499999999,0.7111298611111111,0,LP,0.004392800008645281,1.0231815394945443e-12,0
mean14,eval_september,evaluation,2025-09-15,4949.312271687833,4326.602948687832,66921.22535782834,0.0,44414.88048162857,0.0,44414.88048162857,5398.135520412696,3405.9241115684863,19003.018332704298,15952.883240190476,41272.22076720919,0.761726388888889,0.7060846726190476,0,LP,0.004547599994111806,7.105427357601002e-13,0
mean14,eval_september,evaluation,2025-09-16,4326.602948687832,3937.5010263756626,67094.93344657966,0.0,45117.93703178077,0.0,45117.93703178077,3022.2157150970006,1430.3384217530897,18425.268718300995,15274.65939190476,41573.534309816736,0.7779465277777776,0.7067985119047618,0,LP,0.004287999996449798,7.673861546209082e-13,0
mean14,eval_september,evaluation,2025-09-17,3937.5010263756626,4145.127008402115,68330.65777813166,7.62916666666672,45673.0906822457,38.19542291666694,45711.28610516236,4378.899014865371,0.0,20065.295505837745,16066.025975904762,42127.77131410934,0.778054861111111,0.7085094742063492,1,LP,0.006188400002429262,9.094947017729282e-13,0
mean14,eval_september,evaluation,2025-09-18,4145.127008402115,4008.224868169312,68223.99294834098,0.0,45016.748448667844,0.0,45016.748448667844,4211.157454192826,1526.2655031651957,19230.162108030574,15699.643233714285,42219.974086186965,0.7698256944444445,0.7097280753968254,0,LP,0.004926599998725578,9.094947017729282e-13,0
mean14,eval_september,evaluation,2025-09-19,4008.224868169312,4564.305045068782,34937.92451843033,0.0,17167.13085375114,0.0,17167.13085375114,480.1960529276891,15281.19461863609,13551.101952580837,10475.92042238095,20138.769857651292,0.5932520833333333,0.7106443452380952,0,MILP,0.06723240000428632,4.042198674546348e-12,0
mean14,eval_september,evaluation,2025-09-20,4564.305045068782,4661.9370001481475,34487.887795937684,0.0,16765.05231045667,0.0,16765.05231045667,605.289947142857,15593.405164015285,13452.053641446206,10808.294689999999,20042.234485191282,0.5874611111111112,0.713116617063492,0,MILP,0.067141100007575,1.6200374375330284e-12,0
mean14,eval_september,evaluation,2025-09-21,4661.9370001481475,4208.748330640212,70788.86990714166,0.0,47537.38767051828,0.0,47537.38767051828,6213.761040578483,3430.7977519188703,17182.59702035861,14325.77338904762,43613.54445134283,0.7738493055555556,0.7146701884920634,0,LP,0.004850900004385039,7.815970093361102e-13,0
mean14,eval_september,evaluation,2025-09-22,4208.748330640212,3246.7626313650803,68412.61941312873,0.0,45921.09019542624,0.0,45921.09019542624,2734.20588862787,2524.7006999999994,17923.579318500877,15383.886377333332,41922.368154637225,0.7821659722222223,0.7157084325396824,0,LP,0.0045514999947045,8.881784197001252e-13,0
mean14,eval_september,evaluation,2025-09-23,3246.7626313650803,2999.5005294867733,70378.5764593016,0.0,46536.67237080389,0.0,46536.67237080389,2919.9631983809477,1785.7420661846015,19888.376332069376,16332.120720666662,42896.151175475316,0.7817520833333333,0.716325744047619,0,LP,0.004227800003718585,9.094947017729282e-13,0
mean14,eval_december,evaluation,2025-12-08,1451.3861965089911,1823.0339727153448,96889.40221220932,0.0,73396.71127566401,0.0,73396.71127566401,4305.996233497943,0.0,23166.904544520872,18430.709682476187,66251.91193152018,0.9085152777777777,0.8158752976190475,0,LP,0.004302899993490428,9.663381206337363e-13,0
mean14,eval_december,evaluation,2025-12-09,1823.0339727153448,1681.167125725927,96867.09747589419,28.02018466666675,72639.94402903583,207.1730520160006,72847.11708105184,5211.098002518515,0.0,23280.23975613757,18984.674364761904,66740.00739547852,0.9057770833333332,0.8221227678571429,2,LP,0.004255400010151789,9.094947017729282e-13,0
mean14,eval_december,evaluation,2025-12-10,1681.167125725927,1640.7699979100528,96997.72461758375,0.0,73799.82804260359,0.0,73799.82804260359,4357.173235080535,0.0,22575.212267741328,18322.279351904763,67065.3058616875,0.9161590277777777,0.8279551091269841,0,LP,0.003994800004875287,9.094947017729282e-13,0
mean14,eval_december,evaluation,2025-12-11,1640.7699979100528,1849.5066304476222,97452.91486830216,0.0,72544.99077349128,0.0,72544.99077349128,7013.5284114791275,0.0,22580.362039680185,18102.23028285714,67860.40902037008,0.8976340277777778,0.8341140376984126,0,LP,0.004106099979253486,9.094947017729282e-13,0
mean14,eval_december,evaluation,2025-12-12,1849.5066304476222,1922.1565517195847,50946.63655140622,0.0,23513.807161643013,0.0,23513.807161643013,2015.8044465467428,1328.8133463915271,20116.949189420342,16229.343914285713,28310.694252319016,0.7237798611111111,0.839047619047619,0,LP,0.004376400000182912,1.0231815394945443e-12,0
mean14,eval_december,evaluation,2025-12-13,1922.1565517195847,2001.8885422253966,51821.58600679014,0.0,24265.65428328016,0.0,24265.65428328016,2986.917110269257,1132.38245,20168.390903854193,16264.637840666663,28979.916787293754,0.7296965277777777,0.8454587301587302,0,LP,0.004420300014317036,7.958078640513122e-13,0
mean14,eval_december,evaluation,2025-12-14,2001.8885422253966,1739.627803660316,97981.36402969199,0.0,75080.75409603288,0.0,75080.75409603288,5070.020763092305,0.0,22992.927006885355,18860.305540285714,69166.74373469496,0.9207375000000001,0.8511200396825397,0,LP,0.004432399990037084,6.821210263296962e-13,0
mean14,eval_december,evaluation,2025-12-15,1739.627803660316,1911.330116133336,99872.19156622222,0.0,76565.54452005666,0.0,76565.54452005666,5856.481038444449,0.0,23113.791999396817,18567.63943828571,70882.36387127102,0.9144402777777779,0.8569156250000001,0,LP,0.003899900009855628,9.094947017729282e-13,0
mean14,eval_december,evaluation,2025-12-16,1911.330116133336,1830.002305755558,99682.91976615167,0.0,75884.5097427221,0.0,75884.5097427221,6019.673972596121,0.0,22728.15520822221,18483.000748,70852.38190149883,0.9109138888888888,0.8574038194444445,0,LP,0.003974999999627471,9.094947017729282e-13,0
mean14,eval_december,evaluation,2025-12-17,1830.002305755558,1875.848881186245,99301.84177987183,0.0,75798.81816862788,0.0,75798.81816862788,6848.438154174016,0.0,22212.0770586502,17950.520499619044,70370.58933983248,0.9088097222222221,0.8570895337301587,0,LP,0.004294000013032928,1.0231815394945443e-12,0
mean14,eval_december,evaluation,2025-12-18,1875.848881186245,1865.7872980433888,98744.06427248204,0.0,74616.13279862392,0.0,74616.13279862392,7015.193275529682,0.0,23008.73397428571,18646.129944000004,70151.4009131142,0.9094777777777777,0.8568593253968254,0,LP,0.0046202999947126955,9.094947017729282e-13,0
mean14,eval_december,evaluation,2025-12-19,1865.7872980433888,1694.2762466719578,52224.09750531102,0.0,24123.147586114606,0.0,24123.147586114606,3934.652207141687,1810.65698271605,19603.98400888182,16033.586993428573,29582.84919204947,0.7250944444444445,0.8571730654761905,0,LP,0.0043707000149879605,1.0231815394945443e-12,0
mean14,eval_december,evaluation,2025-12-20,1694.2762466719578,1872.7814958687843,52488.17095303819,0.0,24201.309429357592,0.0,24201.309429357592,3795.8309026360967,1821.3181166666668,20284.289260306883,16269.619576571424,29671.89322397063,0.7189708333333333,0.8577385912698412,0,LP,0.004382399987662211,9.094947017729282e-13,0
mean14,eval_december,evaluation,2025-12-21,1872.7814958687843,1866.898438401062,97965.79764183187,0.0,74285.28370205456,0.0,74285.28370205456,4540.82290248089,0.0,23118.355917922392,18731.163045238092,69466.51873576488,0.9100763888888888,0.8571510416666667,0,LP,0.004019400017568842,9.094947017729282e-13,0
mean28,dev_march,development,2025-03-07,1607.6682326867735,1799.9208019068776,34105.28322439623,0.0,14018.763258251296,0.0,14018.763258251296,526.1004766337453,9517.67306706055,15611.562289844795,12472.338142476188,17212.07605815419,0.6085013888888889,0.760687996031746,0,MILP,0.04227330000139773,1.6484591469634324e-12,0
mean28,dev_march,development,2025-03-08,1799.9208019068776,1746.8951542507957,32969.960558318635,0.0,13597.709378484713,0.0,13597.709378484713,509.3328688112868,10500.46662127925,15498.655970799531,12601.634419238095,16681.637964265115,0.5972631944444444,0.7594187996031745,0,MILP,0.08889059998909943,1.3642420526593924e-12,0
mean28,dev_march,development,2025-03-09,1746.8951542507957,1570.0341082074096,76873.9102503045,0.0,48699.750884353554,0.0,48699.750884353554,7848.288972299819,2007.797963789535,20228.8063455485,16544.50808133333,46943.045915207564,0.7838090277777777,0.7578085069444445,0,LP,0.0043024000187870115,9.094947017729282e-13,0
mean28,dev_march,development,2025-03-10,1570.0341082074096,1488.1895066582053,75399.72275900643,0.0,49334.81575349801,0.0,49334.81575349801,3033.3033848712457,360.69671666666625,21249.007099278075,17285.35589180952,45750.72492314476,0.802451388888889,0.7557522569444445,0,LP,0.004415500006871298,6.821210263296962e-13,0
mean28,dev_march,development,2025-03-11,1488.1895066582053,1655.1296632465562,75118.43670669955,0.0,48194.62117055813,0.0,48194.62117055813,5772.701361176944,1440.661016666667,20083.73362066548,16117.578091809519,45403.080960669206,0.7893930555555556,0.7551946676587301,0,LP,0.004188700026134029,7.736034035588091e-13,0
mean28,dev_march,development,2025-03-12,1655.1296632465562,1458.7015207513239,74585.9158779671,0.0,46978.12853970771,0.0,46978.12853970771,6504.66369259493,2145.0502961822403,19355.013337380384,15854.346131523811,45059.83754836663,0.7801680555555556,0.7537982638888889,0,LP,0.004962300008628517,9.094947017729282e-13,0
mean28,dev_march,development,2025-03-13,1458.7015207513239,1411.4148678222232,74004.40831722398,31.582805663809268,47592.743136145444,196.12858543929076,47788.87172158473,2393.6745123609526,0.0,21785.560955243982,17688.862361383806,44493.12507996072,0.7996374999999999,0.7521462549603175,2,LP,0.004358600010164082,9.094947017729282e-13,0
mean28,dev_march,development,2025-03-14,1411.4148678222232,1920.35807457037,32440.350287762503,0.0,13101.53512514827,0.0,13101.53512514827,361.24022311346516,12606.914654704287,15709.055476516161,12266.28604990476,16220.488061430155,0.5913868055555556,0.7516050595238095,0,MILP,0.09934509999584407,1.1937117960769683e-12,0
mean28,dev_march,development,2025-03-15,1920.35807457037,1370.7079328285708,31490.08534513697,0.0,13221.952562609236,0.0,13221.952562609236,536.8257457142852,7689.296737071135,14918.541262732502,12578.703550380953,15825.489591079433,0.6047722222222222,0.7501867311507936,0,MILP,0.09146530000725761,6.821210263296962e-13,0
mean28,dev_march,development,2025-03-16,1370.7079328285708,1852.2519955904813,73798.36335063021,0.0,46144.593038789586,0.0,46144.593038789586,5513.327351874192,488.8266500000001,21114.59346808936,16669.431052666663,43932.70694247872,0.784895138888889,0.7490054811507937,0,LP,0.0056717999977990985,1.0231815394945443e-12,0
mean28,dev_march,development,2025-03-17,1852.2519955904813,1965.746728255027,72321.92200846088,0.0,44216.57462762582,0.0,44216.57462762582,8137.652872503234,2635.2772333333323,18887.97478891005,15197.114319619046,42978.98826019185,0.7601756944444445,0.7473830853174603,0,LP,0.004396400006953627,9.094947017729282e-13,0
mean28,dev_march,development,2025-03-18,1965.746728255027,1798.7461579449734,70170.95162735917,0.0,43385.656088743664,0.0,43385.656088743664,3898.6365269453227,1253.98175,21277.239458032916,17384.864474285714,41516.319277562114,0.7760166666666666,0.7453410466269842,0,LP,0.004288900003302842,1.0231815394945443e-12,0
mean28,dev_march,development,2025-03-19,1798.7461579449734,2064.729483820105,70011.1345506737,0.0,42946.27084627503,0.0,42946.27084627503,4396.824172064665,1902.2185999999997,21090.71755432335,16844.09622571429,41367.29129841598,0.7718381944444445,0.743965873015873,0,LP,0.004354099975898862,8.952838470577262e-13,0
mean28,dev_march,development,2025-03-20,2064.729483820105,1550.5062194888894,69023.16476128747,41.40331331047548,43324.34447805729,273.84151423548485,43598.185992292776,2437.33641660082,1014.3316833333329,20351.258399448558,16947.32024145143,40785.33173807408,0.7786381944444444,0.7423733134920636,1,LP,0.0041658999980427325,9.601208716958354e-13,0
mean28,dev_april,development,2025-04-17,1618.0719069862432,1991.3480338359827,60737.17701478542,0.0,36078.460483181734,0.0,36078.460483181734,1850.4821544585575,1752.042219107586,20686.11461607642,16419.804324857138,33938.090079800146,0.7477673611111111,0.7058391369047619,0,LP,0.004287599993404001,9.094947017729282e-13,0
mean28,dev_april,development,2025-04-18,1991.3480338359827,2146.0427089597865,26903.848909910634,0.0,10676.605379607232,0.0,10676.605379607232,432.5333284761913,17492.553124650203,13081.158241260428,10456.512967809524,12744.93633038635,0.5594201388888889,0.7047366071428571,0,MILP,0.08149530002265237,1.1937117960769683e-12,0
mean28,dev_april,development,2025-04-19,2146.0427089597865,2102.49358338201,26817.02145039507,0.0,10644.18908450163,0.0,10644.18908450163,502.6140351428577,17138.474211944736,12791.832454355084,10400.578501047614,12730.099684039324,0.5579763888888889,0.7043483878968254,0,MILP,0.0796117999998387,7.747126397185235e-11,0
mean28,dev_april,development,2025-04-20,2102.49358338201,2063.3998629513258,59893.794656773636,0.0,35592.451232680265,0.0,35592.451232680265,1807.020970801884,2248.6708425925945,20608.117412807762,16727.7594527619,33303.77945145883,0.7454388888888889,0.7032979662698412,0,LP,0.0046427999914158136,9.094947017729282e-13,0
mean28,dev_april,development,2025-04-21,2063.3998629513258,1562.0540908603193,59500.8995760529,0.0,34864.76504596651,0.0,34864.76504596651,3370.9205649958867,4481.286094238696,18857.8617282469,15726.0791947619,33037.26535363805,0.7339520833333333,0.702521552579365,0,LP,0.004396200005430728,9.094947017729282e-13,0
mean28,dev_april,development,2025-04-22,1562.0540908603193,1776.271924446559,59556.35363726161,0.0,35574.94298974977,0.0,35574.94298974977,1289.5315996331624,2114.6451166666666,20033.955547723694,16034.707943428572,33184.72333576991,0.7509583333333334,0.7013239087301587,0,LP,0.004384400002891198,7.958078640513122e-13,0
mean28,dev_april,development,2025-04-23,1776.271924446559,1927.1374025005305,59749.91146693943,0.0,36112.87428082741,0.0,36112.87428082741,2148.710332730158,2377.420133333333,19410.975547161663,15587.11126295238,33103.10481428938,0.7479125,0.7005982886904761,0,LP,0.0045891000190749764,9.094947017729282e-13,0
mean28,dev_april,development,2025-04-24,1927.1374025005305,1810.5011358306879,58633.1302089171,0.0,35092.72498165096,0.0,35092.72498165096,2764.3748006466767,5304.634016666667,18836.775429508514,15362.76073790476,32647.935706435004,0.7361847222222223,0.7002876240079365,0,LP,0.004485200013732538,9.094947017729282e-13,0
mean28,dev_april,development,2025-04-25,1810.5011358306879,1757.9912371132332,26135.81557480541,0.0,9939.693279016572,0.0,9939.693279016572,277.03426780952486,21541.07913039976,12445.281239167547,10127.936712571427,12191.30759666314,0.5406916666666667,0.6992079365079366,0,MILP,0.08510070000193082,4.604316927725449e-12,0
mean28,dev_april,development,2025-04-26,1757.9912371132332,1528.5528376656105,26058.808989927093,0.0,10089.557294136384,0.0,10089.557294136384,62.003718952381064,23788.06788411757,12342.306910666659,10203.763157142854,12120.313452797094,0.5378048611111111,0.6979909226190476,0,MILP,0.09040600000298582,2.191629593855598e-12,0
mean28,dev_april,development,2025-04-27,1528.5528376656105,1485.078089274073,55806.059168888874,409.53821862095543,32749.35705250878,2686.7754832627784,35436.13253577157,1486.7032059047608,2381.3108852827772,20069.68098179658,16295.568868807617,31102.192714672532,0.7337826388888888,0.697087996031746,1,LP,0.004428899992490187,8.810729923425242e-13,0
mean28,dev_april,development,2025-04-28,1485.078089274073,1504.9808207925923,55359.6419113933,4441.577708736184,33316.817216173964,28063.333710085302,61380.15092625925,183.25778914285684,0.0,15674.116083964733,12678.121569644763,30921.62240071741,0.7660520833333333,0.6964364087301588,11,LP,0.004614900011802092,9.094947017729282e-13,0
mean28,dev_april,development,2025-04-29,1504.9808207925923,1708.2381589777765,57695.52719732746,85.46765795618717,33828.66039698533,565.6249603540467,34394.28535733938,1979.9658298095221,4700.151988101123,18340.693243893005,14673.029923186667,32098.97488713426,0.7303826388888888,0.6966274057539683,1,LP,0.004414499999256805,8.952838470577262e-13,0
mean28,dev_april,development,2025-04-30,1708.2381589777765,1631.4852543788345,57021.52832893709,0.0,33599.269919619146,0.0,33599.269919619146,1976.7087660317454,3398.4919591440357,18202.89886614227,14813.425695714286,31787.285929717356,0.7294423611111112,0.6951014632936509,0,LP,0.004399600002216175,8.86402062860725e-13,0
mean28,val_june,validation,2025-06-08,1781.3549957153423,2091.7393678433887,87309.4328799036,19.011776857142877,59430.3128763184,131.58670150204773,59561.89957782045,17213.873948420936,1625.3386999999996,15920.856877673132,12616.548135999996,52180.07918980115,0.7970791666666668,0.713269890873016,3,LP,0.004471299995202571,9.094947017729282e-13,0
mean28,val_june,validation,2025-06-09,2091.7393678433887,2128.603648617991,85742.24662512644,17.493581238095203,59643.3721271132,123.65337898147595,59767.02550609467,10120.494750886543,922.133938828929,19743.268055887103,15958.86927257143,51352.779594367166,0.81925625,0.7145662202380952,1,LP,0.003858499985653907,6.821210263296962e-13,0
mean28,val_june,validation,2025-06-10,2128.603648617991,2282.374572296297,86242.18468326394,0.0,59718.57587109601,0.0,59718.57587109601,10270.159313908287,458.2999333333329,19773.09142830805,15877.810225619045,51882.05637444975,0.8168180555555556,0.7169757936507936,0,LP,0.003838400007225573,9.094947017729282e-13,0
mean28,val_june,validation,2025-06-11,2282.374572296297,2438.110544371431,86870.45867938506,2.011921428571327,60263.43838452235,13.950663185713582,60277.389047708064,6139.105445231044,0.0,23730.29717920164,19081.378340285708,52387.01700231111,0.8316965277777778,0.7191319444444445,1,LP,0.004088399989996105,8.526512829121202e-13,0
mean28,val_june,validation,2025-06-12,2438.110544371431,2602.310028023281,87552.87874803178,0.0,61166.307685124775,0.0,61166.307685124775,10793.983868360969,448.5068666666666,19527.45812833744,15669.461548666668,53334.04459799915,0.8219833333333333,0.7221371279761906,0,LP,0.003973400016548112,8.526512829121202e-13,0
mean28,val_june,validation,2025-06-13,2602.310028023281,2575.636351815873,39953.148326971226,0.0,20155.200862781414,0.0,20155.200862781414,2599.861408237516,6619.461183333333,12697.464968352733,10308.95293295238,22808.444146244507,0.6400291666666666,0.7246087797619047,0,LP,0.004435299983015284,8.526512829121202e-13,0
mean28,val_june,validation,2025-06-14,2575.636351815873,2621.9770834973533,40111.22518016571,0.0,20685.753896201168,0.0,20685.753896201168,2344.5435525714315,9273.032524609052,11887.366813009994,9587.060460024755,23016.465549878303,0.6368673611111111,0.7279889136904762,0,LP,0.0047079999931156635,9.094947017729282e-13,0
mean28,val_june,validation,2025-06-15,2621.9770834973533,3274.075601164022,88786.32215497117,0.0,61705.54714371817,0.0,61705.54714371817,13479.4786249077,298.84709999999995,19969.12332015873,15588.101223428568,54919.90082688604,0.8178270833333333,0.7302550347222222,0,LP,0.0040831000078469515,8.526512829121202e-13,0
mean28,val_june,validation,2025-06-16,3274.075601164022,3108.256751350266,87415.2064708336,0.0,61612.54139941986,0.0,61612.54139941986,10952.421199673143,134.01041666666652,19915.573698208103,16280.85166038095,54342.598188541066,0.8232416666666666,0.7326531001984127,0,LP,0.004100899997865781,9.663381206337363e-13,0
mean28,val_june,validation,2025-06-17,3108.256751350266,2706.8222402793654,86680.72414110287,3.081040857142966,60595.75340649207,21.046590095143603,60616.799996587215,8502.143958172832,82.02935000000014,20125.851142549094,16663.230485428572,54006.6718582555,0.8286263888888888,0.7359203124999999,1,LP,0.0041174000070896,9.094947017729282e-13,0
mean28,val_june,validation,2025-06-18,2706.8222402793654,2982.7942848275147,87360.59475026102,0.0,61017.23466575133,0.0,61017.23466575133,12638.58798340976,88.67290000000003,18192.46382504174,14487.520858190475,54386.39662355892,0.82005,0.7384933283730158,0,LP,0.00435740000102669,9.094947017729282e-13,0
mean28,val_june,validation,2025-06-19,2982.7942848275147,2739.674852192594,85271.34428312758,48.66240171428569,58560.38225329907,334.32397563485705,58894.70622893392,12190.148059388612,1556.9697499999997,18590.485078024692,15277.10040257143,53353.55969151477,0.8079104166666666,0.741144246031746,2,LP,0.005448200012324378,9.094947017729282e-13,0
mean28,val_june,validation,2025-06-20,2739.674852192594,2884.6010395206395,36603.82914585302,0.0,18776.470931386808,0.0,18776.470931386808,1407.5243536190487,10477.990975604938,11512.102094914753,9194.36912828571,21585.62872283892,0.6213069444444445,0.7433484375,0,LP,0.004456499998923391,9.094947017729282e-13,0
mean28,val_june,validation,2025-06-21,2884.6010395206395,3117.437340286773,35252.93467776476,0.0,18137.806418608303,0.0,18137.806418608303,1836.3819078095253,11549.452755479131,12225.299704139916,9692.940089663813,20956.07978588289,0.6095256944444445,0.7456460317460317,0,MILP,0.09081950000836514,1.0800249583553523e-12,0
mean28,val_august,validation,2025-08-18,2178.160729337569,2134.924192117462,72442.8979917119,102.00601809523812,52938.75510084664,860.0659960050001,53798.82109685165,2419.521094069376,2044.6419833333339,19608.09578545207,15921.470469714288,50303.37229732057,0.8475611111111111,0.8039282738095239,4,LP,0.004491100000450388,8.668621376273222e-13,0
mean28,val_august,validation,2025-08-19,2134.924192117462,1852.4128791502637,72320.79132383893,115.82866466666655,52918.400267023964,987.5119954816656,53905.91226250563,1844.044219633157,3103.7749909370964,18028.425840030563,14857.285112095242,50122.26808629894,0.8429152777777777,0.8027990575396825,4,LP,0.004367200017441064,8.526512829121202e-13,0
mean28,val_august,validation,2025-08-20,1852.4128791502637,1630.2109173555552,72871.02814889593,1799.0456594028396,53836.409085390354,11475.36064974276,65311.76973513312,436.4507375238096,0.0,19910.072472229276,16327.140468120975,50381.31607416908,0.866348611111111,0.8016484126984128,11,LP,0.004390699992654845,8.810729923425242e-13,0
mean28,val_august,validation,2025-08-21,1630.2109173555552,1854.96182146032,74223.70503470549,0.0,53827.59739112648,0.0,53827.59739112648,2730.244836023515,1886.202093855375,18739.80951473133,14976.969893238092,50996.59798324978,0.8472069444444443,0.8013185763888889,0,LP,0.004553700011456385,9.094947017729282e-13,0
mean28,val_august,validation,2025-08-22,1854.96182146032,1486.6533281999998,40199.23855096648,33.57257334380829,22761.860667917597,68.55519476805651,22830.41586268565,0.0,16864.03658289359,12998.330449215753,10860.12530779905,26253.01500846521,0.6604708333333333,0.8002386160714285,1,MILP,0.08530720000271685,8.833467290969566e-11,0
mean28,val_august,validation,2025-08-23,1486.6533281999998,1916.1332087280416,40856.08646950029,0.0,22722.56042623388,0.0,22722.56042623388,430.1179870029397,15036.989721535561,13012.845886771309,10153.873275809523,26752.28012696335,0.6591965277777778,0.7996494047619047,0,MILP,0.08331909999833442,8.01492205937393e-12,0
mean28,val_august,validation,2025-08-24,1916.1332087280416,2100.0782866380923,76191.91484413992,0.0,54779.46784718211,0.0,54779.46784718211,4229.894518825399,4279.161608546739,19914.308754291593,15965.039520857146,51994.15879434017,0.8410215277777777,0.7986203869047619,0,LP,0.004590600001392886,1.0231815394945443e-12,0
mean28,val_august,validation,2025-08-25,2100.0782866380923,1707.2043083703695,76204.9483068912,194.44487727809246,55315.0817031644,1651.7392593657878,56966.82096253019,1268.7607725643775,848.1037247454473,20331.727634914754,16822.28596472191,51967.119752985425,0.8601569444444443,0.7973307539682539,3,LP,0.004276400024536997,9.094947017729282e-13,0
mean28,val_august,validation,2025-08-26,1707.2043083703695,2289.724857334393,77810.48083583776,0.0,55600.84834364488,0.0,55600.84834364488,5399.989963283946,2495.1787833333337,20327.5011148395,15941.007408952384,52827.95328318328,0.8444180555555555,0.7963993303571427,0,LP,0.004777599999215454,9.094947017729282e-13,0
mean28,val_august,validation,2025-08-27,2289.724857334393,1885.1668969915356,76984.80180751323,16.225255619048085,55420.37306208662,134.3372614190515,55554.71032350567,3149.673414190474,2413.5014000000006,20462.134455703716,16938.43107342857,52354.63263666589,0.8533875,0.7949632688492063,2,LP,0.004431000008480623,7.673861546209082e-13,0
mean28,val_august,validation,2025-08-28,1885.1668969915356,1928.8909241407405,76463.18450198119,46.880709523809514,55508.549312745236,388.3171611380952,55896.86647388333,1681.3897400482088,0.0,21165.94138783773,17105.060899714288,52152.05098393593,0.863504861111111,0.7940236607142858,3,LP,0.004273400001693517,8.242295734817162e-13,0
mean28,val_august,validation,2025-08-29,1928.8909241407405,1784.4022373777775,41128.83874780011,0.0,23065.0509264646,0.0,23065.0509264646,934.2633720952392,15190.516472708992,13573.044058329215,11124.205505333335,26981.302879209703,0.6645076388888889,0.7933834325396825,0,MILP,0.08925079999607988,6.366462912410498e-12,0
mean28,val_august,validation,2025-08-30,1784.4022373777775,1574.0628858211644,41384.38355317106,0.0,23565.259127537578,0.0,23565.259127537578,775.7798762622006,19895.403960102278,12577.817367758962,10377.337484285714,27107.90117190272,0.6546625,0.7933159474206348,0,MILP,0.08984880000934936,1.1823431123048067e-11,0
mean28,val_august,validation,2025-08-31,1574.0628858211644,2395.7523527111116,78414.7428874062,26.50513619047615,56007.378668914134,218.3203532838092,56225.69902219794,4534.953564136395,2629.044000000001,20479.50976803175,15848.882391904766,53235.930974405215,0.846538888888889,0.7930471974206349,3,LP,0.004378000012366101,9.348077867343818e-13,0
mean28,eval_september,evaluation,2025-09-10,4786.2408636984155,4596.08880984127,67860.37914680537,968.5033833333317,45708.64908887188,5167.422119424991,50876.071208296875,3864.5636866584314,0.0,20102.405483956496,16454.08529047619,45332.68217284969,0.7818236111111112,0.7652296130952381,7,LP,0.004553400009172037,9.094947017729282e-13,0
mean28,eval_september,evaluation,2025-09-11,4596.08880984127,4802.587337518517,69292.7277965573,0.0,45492.160611010535,0.0,45492.160611010535,7376.391981236922,4680.028049999999,18707.227931987065,14967.005949999995,45890.519627824244,0.7530638888888889,0.7626816964285715,0,LP,0.0048417999933008105,9.094947017729282e-13,0
mean28,eval_september,evaluation,2025-09-12,4802.587337518517,4896.763673185184,35096.85593575714,0.0,17668.220109349502,0.0,17668.220109349502,1329.499312452671,19779.877237113993,12374.023600476197,9938.200414285717,22154.461402058358,0.5750854166666666,0.7592154017857142,0,MILP,0.07319490000372753,1.0231815394945443e-12,0
mean28,eval_september,evaluation,2025-09-13,4896.763673185184,5445.944860185186,35329.74200470475,0.0,17627.238912308854,0.0,17627.238912308854,725.114016449148,23665.19908748971,12831.917627013521,9899.590209580952,22221.24955085886,0.5665159722222222,0.7564964781746032,0,MILP,0.07503629999700934,2.8421709430404007e-12,0
mean28,eval_september,evaluation,2025-09-14,5445.944860185186,4487.227906111117,68054.87806431983,0.0,45890.22967707032,0.0,45890.22967707032,5239.808548095232,146.7241269077006,18062.452094650198,15493.431455333333,44953.95882742193,0.7759062499999999,0.7536098710317459,0,LP,0.004951599985361099,1.0231815394945443e-12,0
mean28,eval_september,evaluation,2025-09-15,4487.227906111117,3986.774659746034,67434.65243069136,0.0,44728.09873783496,0.0,44728.09873783496,5790.8465656507915,3405.9241115684863,19059.25811509111,15888.40699495238,43851.35928868043,0.761726388888889,0.7513243799603173,0,LP,0.0047811999975237995,7.105427357601002e-13,0
mean28,eval_september,evaluation,2025-09-16,3986.774659746034,3583.5142666084644,67472.52043429275,0.0,45556.88866962393,0.0,45556.88866962393,3416.4635393768367,1430.3384217530897,18404.646545543797,15270.698055714285,43901.396636306716,0.7779465277777776,0.7482588541666666,0,LP,0.004318699997384101,7.673861546209082e-13,0
mean28,eval_september,evaluation,2025-09-17,3583.5142666084644,3671.113625460319,68723.97640009521,7.62916666666672,45712.659189510654,38.19542291666694,45750.85461242733,4892.94958391299,0.0,19998.411367801295,16119.87378495238,44247.740664692865,0.778054861111111,0.7459385416666666,1,LP,0.004335299978265539,9.094947017729282e-13,0
mean28,eval_september,evaluation,2025-09-18,3671.113625460319,3584.4259127671953,68750.67448494298,0.0,45289.12349097192,0.0,45289.12349097192,4740.743438859495,1438.4827399271003,19439.032267965904,15823.635078476189,44208.98699014618,0.7698256944444445,0.742785193452381,0,LP,0.004428200016263872,9.094947017729282e-13,0
mean28,eval_september,evaluation,2025-09-19,3584.4259127671953,4496.983348915345,35408.8122466549,0.0,17347.88681348497,0.0,17347.88681348497,597.2874819753083,15251.107939588472,13882.962188900648,10423.897680476191,21147.13638824292,0.5932520833333333,0.7400215773809524,0,MILP,0.08428720000665635,7.958078640513122e-13,0
mean28,eval_september,evaluation,2025-09-20,4496.983348915345,4610.873304386244,34562.68968055262,0.0,16696.202623176574,0.0,16696.202623176574,643.1293042857142,15593.405164015285,13569.581678918279,10888.8602,20769.329470550365,0.5874611111111112,0.7376209077380953,0,MILP,0.06391810000059195,2.4442670110147446e-12,0
mean28,eval_september,evaluation,2025-09-21,4610.873304386244,3822.106488999998,70845.60734687715,0.0,47626.28227444722,0.0,47626.28227444722,6664.572512959434,3430.7977519188703,16698.103855332156,14235.354256666666,44846.48504423375,0.7738493055555556,0.7350589285714286,0,LP,0.004488100006710738,7.815970093361102e-13,0
mean28,eval_september,evaluation,2025-09-22,3822.106488999998,2889.025305428571,68842.22145939565,0.0,45873.594212922435,0.0,45873.594212922435,3110.4271593627313,2524.7006999999994,18067.614641651973,15474.540924952385,43041.22182108701,0.7821659722222223,0.7326599206349207,0,LP,0.00472040000022389,8.881784197001252e-13,0
mean28,eval_september,evaluation,2025-09-23,2889.025305428571,2966.993081158731,70776.06237700883,0.0,46680.741386872076,0.0,46680.741386872076,2822.722188115223,1934.4691124703138,20168.865762804242,16266.610269714281,43828.407693394096,0.7817520833333333,0.7298745287698413,0,LP,0.004427200008649379,9.094947017729282e-13,0
mean28,eval_december,evaluation,2025-12-08,1451.3861965089911,1928.8049120613766,96764.52389095358,0.0,73567.97042326457,0.0,73567.97042326457,4123.218734850085,0.0,22970.61681810347,18176.522778666666,64849.91920250089,0.9085152777777777,0.7910074156746032,0,LP,0.004128700005821884,9.663381206337363e-13,0
mean28,eval_december,evaluation,2025-12-09,1928.8049120613766,1683.501095979894,96618.23266573547,28.02018466666675,72777.36267888919,207.1730520160006,72984.53573090519,5136.007738178715,0.0,22855.60147384245,18733.81062828571,65101.41686082003,0.9057770833333332,0.7942053571428571,2,LP,0.0042301000212319195,9.094947017729282e-13,0
mean28,eval_december,evaluation,2025-12-10,1683.501095979894,1640.7699979100528,96861.42690929097,0.0,73976.66254450633,0.0,73976.66254450633,4324.910459576713,0.0,22038.7156384762,17889.817655428575,65368.30610965226,0.9161590277777777,0.7974881448412698,0,LP,0.0039558999997098,7.389644451905042e-13,0
mean28,eval_december,evaluation,2025-12-11,1640.7699979100528,1849.5066304476222,97318.08861919811,0.0,72817.50722102598,0.0,72817.50722102598,6958.031247721335,0.0,22162.84053785773,17764.037866380953,66072.60261078077,0.8976340277777778,0.801193998015873,0,LP,0.003910599974915385,6.821210263296962e-13,0
mean28,eval_december,evaluation,2025-12-12,1849.5066304476222,1922.1565517195847,50946.63655140621,0.0,23414.847311365203,0.0,23414.847311365203,2015.804446546741,1328.8133463915271,20116.949189420342,16229.343914285713,27580.829964437944,0.7237798611111111,0.8040189236111112,0,LP,0.004625000001396984,1.0231815394945443e-12,0
mean28,eval_december,evaluation,2025-12-13,1922.1565517195847,2001.8885422253966,51821.58600679014,0.0,24312.796003203515,0.0,24312.796003203515,2989.1660065655524,1132.38245,20156.554607557897,16255.050440666662,28130.334412898475,0.7296965277777777,0.8074011160714285,0,LP,0.004452000022865832,7.958078640513122e-13,0
mean28,eval_december,evaluation,2025-12-14,2001.8885422253966,1739.627803660316,97981.36402969199,0.0,75033.38735454959,0.0,75033.38735454959,5057.901063086424,0.0,23056.714901653144,18911.97373504762,67078.19447981434,0.9207375000000001,0.8110057043650793,0,LP,0.004119499993976206,6.821210263296962e-13,0
mean28,eval_december,evaluation,2025-12-15,1739.627803660316,1911.330116133336,99872.19156622222,0.0,76512.30761590065,0.0,76512.30761590065,5857.465004144625,0.0,23108.613232553784,18563.444637142857,68627.66097101205,0.9144402777777779,0.8145827628968254,0,LP,0.00410849999752827,9.094947017729282e-13,0
mean28,eval_december,evaluation,2025-12-16,1911.330116133336,1830.002305755558,99675.81924210582,0.0,75962.97964413291,0.0,75962.97964413291,6016.189736288065,0.0,22709.122114865368,18467.583942380952,68758.42117853546,0.9109138888888888,0.8181036706349205,0,LP,0.0040926999936345965,7.958078640513122e-13,0
mean28,eval_december,evaluation,2025-12-17,1830.002305755558,1875.848881186245,99301.84177987186,0.0,75688.50476726904,0.0,75688.50476726904,6825.683784221047,0.0,22331.836900507933,18047.525971523806,68486.62329719012,0.9088097222222221,0.8212822916666666,0,LP,0.004280699999071658,1.0231815394945443e-12,0
mean28,eval_december,evaluation,2025-12-18,1875.848881186245,1865.7872980433888,98744.06427248204,0.0,74617.50880195029,0.0,74617.50880195029,6994.399507266307,0.0,23118.174859882423,18734.777061333338,68418.07072002179,0.9094777777777777,0.8241321428571429,0,LP,0.0039926000172272325,9.094947017729282e-13,0
mean28,eval_december,evaluation,2025-12-19,1865.7872980433888,1694.2762466719578,52224.09750531102,0.0,24133.45760281555,0.0,24133.45760281555,3934.652207141687,1810.65698271605,19603.98400888182,16033.586993428573,28903.771402231054,0.7250944444444445,0.8272856646825396,0,LP,0.004383899999083951,1.0231815394945443e-12,0
mean28,eval_december,evaluation,2025-12-20,1694.2762466719578,1872.7814958687843,52488.17095303819,0.0,24081.220183149377,0.0,24081.220183149377,3790.8064649159314,1821.3181166666668,20310.73366936038,16291.039547904757,29041.36461957981,0.7189708333333333,0.8305878224206349,0,LP,0.005096199980471283,9.094947017729282e-13,0
mean28,eval_december,evaluation,2025-12-21,1872.7814958687843,1866.898438401062,97965.79764183187,0.0,74266.3360106014,0.0,74266.3360106014,4546.655538677249,0.0,23087.657832678407,18706.29759619047,68257.33620133823,0.9100763888888888,0.8335269593253969,0,LP,0.004201500007184222,9.094947017729282e-13,0
weekday35,dev_march,development,2025-03-07,1607.6682326867735,1805.9295181068783,34263.61655772957,0.0,14199.644845764922,0.0,14199.644845764922,380.1195859670789,9669.202192945326,16387.23204529335,13095.222799809522,14442.706031045913,0.6085013888888889,0.6448125,0,MILP,0.03794700000435114,1.6484591469634324e-12,0
weekday35,dev_march,development,2025-03-08,1805.9295181068783,1759.920676169313,33121.617540318635,0.0,13599.576790755335,0.0,13599.576790755335,480.1344988112863,10532.624118522046,16248.038758223402,13202.319351904762,13909.525608625452,0.5972631944444444,0.6362395833333333,0,MILP,0.08020749999559484,1.8189894035458565e-12,0
weekday35,dev_march,development,2025-03-09,1759.920676169313,1598.4417298370406,76736.00078133502,0.0,48846.98052882415,0.0,48846.98052882415,7605.208683787718,2236.020816666666,19508.301487261608,15947.055256380949,51214.946737376085,0.7838090277777777,0.8271531944444444,0,LP,0.00479160001850687,1.0231815394945443e-12,0
weekday35,dev_march,development,2025-03-10,1598.4417298370406,1437.7883276052955,75244.75574124396,0.0,49363.580367779956,0.0,49363.580367779956,3057.3508741258024,360.69671666666625,20680.130328737217,16895.493628285712,49812.848885367406,0.802451388888889,0.8200612500000001,0,LP,0.004276499996194616,6.821210263296962e-13,0
weekday35,dev_march,development,2025-03-11,1437.7883276052955,1665.5310371195735,75107.21833498175,0.0,48290.88478824994,0.0,48290.88478824994,5782.466025268662,1444.4111397225133,19665.547007514397,15724.124637523806,49292.229729809216,0.7893930555555556,0.8173855555555556,0,LP,0.004403499973705038,9.094947017729282e-13,0
weekday35,dev_march,development,2025-03-12,1665.5310371195735,1463.1117964888897,74578.7165446949,0.0,47070.84261039224,0.0,47070.84261039224,6504.663692594932,2149.408044991179,19322.565475489726,15833.455351714294,48818.163250661615,0.7801680555555556,0.8182294444444445,0,LP,0.004737599985674024,9.094947017729282e-13,0
weekday35,dev_march,development,2025-03-13,1463.1117964888897,1411.4148678222232,74103.63880188829,32.63025809333226,47578.018574175716,202.8647520135531,47780.883326189265,2413.270567604928,0.0,22231.09321847385,18053.71274276381,48139.815956226244,0.7996374999999999,0.81306625,2,LP,0.004729800013592467,1.0231815394945443e-12,0
weekday35,dev_march,development,2025-03-14,1411.4148678222232,1911.6655530592586,32598.683621095835,0.0,13096.957988259699,0.0,13096.957988259699,307.05522454203617,12684.898402246916,16458.30733821163,12881.003327238092,13521.919266923545,0.5913868055555556,0.6242337499999999,0,MILP,0.10735169998952188,2.0463630789890885e-12,0
weekday35,dev_march,development,2025-03-15,1911.6655530592586,1370.7179248582033,31631.559099128728,0.0,13052.942674431428,0.0,13052.942674431428,499.17173876190463,7727.5254543033525,15618.892744444438,13138.155988380951,13237.237507736376,0.6047722222222222,0.6253936111111111,0,MILP,0.08838110000942834,3.979039320256561e-12,0
weekday35,dev_march,development,2025-03-16,1370.7179248582033,1841.628248504765,73804.17277606466,0.0,46199.94140958241,0.0,46199.94140958241,5513.410686463258,488.8266500000001,21195.10113150617,16744.21262523809,47799.59784388294,0.784895138888889,0.8166373611111112,0,LP,0.004443499987246469,1.0231815394945443e-12,0
weekday35,dev_march,development,2025-03-17,1841.628248504765,1956.0777943206353,72371.2811656402,0.0,44416.49988648427,0.0,44416.49988648427,7823.6408852286895,2948.589507114636,19146.919730154026,15406.000390190471,46836.529061954054,0.7601756944444445,0.8115934722222222,0,LP,0.004556200001388788,1.0231815394945443e-12,0
weekday35,dev_march,development,2025-03-18,1956.0777943206353,1816.7117585015892,70149.10163547771,0.0,43392.98982148125,0.0,43392.98982148125,3874.039829326275,1253.98175,21160.795377483828,17265.67368799905,44934.07574575836,0.7760166666666666,0.80542625,0,LP,0.0045510999916587025,1.0231815394945443e-12,0
weekday35,dev_march,development,2025-03-19,1816.7117585015892,2070.0843610042343,69991.17277227744,0.0,42986.27970853286,0.0,42986.27970853286,4383.967977348616,1902.2185999999997,21113.054750928863,16873.539006,44562.52967620701,0.7718381944444445,0.8046122222222222,0,LP,0.0042511000065132976,8.952838470577262e-13,0
weekday35,dev_march,development,2025-03-20,2070.0843610042343,1550.5062194888894,69017.21489774954,42.103076470475344,43358.27472086009,278.46974777572393,43636.744468635814,2439.6698670076403,1014.3316833333329,20336.710181980012,16940.35557476762,44112.11992898527,0.7786381944444444,0.8042008333333334,1,LP,0.004492599982768297,9.601208716958354e-13,0
weekday35,dev_april,development,2025-04-17,1618.0719069862432,1997.2523229619082,60586.32635317929,0.0,35955.14030347796,0.0,35955.14030347796,1881.9217051252244,1715.1570325549694,19892.85732168959,15771.952056190476,36788.287781227016,0.7477673611111111,0.7734365277777777,0,LP,0.004472599975997582,9.094947017729282e-13,0
weekday35,dev_april,development,2025-04-18,1997.2523229619082,2142.059764833861,27055.62192199294,0.0,10725.533416534248,0.0,10725.533416534248,444.55750380952463,17505.06419181893,13797.664975507341,11045.781932476191,10565.413800777415,0.5594201388888889,0.5694852777777777,0,MILP,0.08509310000226833,7.958078640513122e-13,0
weekday35,dev_april,development,2025-04-19,2142.059764833861,2120.003804219047,26979.78027720166,0.0,10667.32071928963,0.0,10667.32071928963,460.78709580952443,17185.327325582595,13520.194580857142,10971.207975047615,10607.363748241643,0.5579763888888889,0.578928611111111,0,MILP,0.06292490000487305,1.8189894035458565e-12,0
weekday35,dev_april,development,2025-04-20,2120.003804219047,2067.0600423936526,59874.338855843605,0.0,35479.92707510909,0.0,35479.92707510909,1807.0209708018822,2248.6708425925945,20571.32391978248,16710.42176066666,35884.67450550596,0.7454388888888889,0.7632084722222222,0,LP,0.004425999999511987,9.094947017729282e-13,0
weekday35,dev_april,development,2025-04-21,2067.0600423936526,1568.3543078571424,59496.832710005874,0.0,34968.95017887337,0.0,34968.95017887337,3324.495637303944,4531.779607807177,18802.53811918047,15678.891037619047,35423.17575172584,0.7339520833333333,0.7573358333333334,0,LP,0.004612699995050207,9.094947017729282e-13,0
weekday35,dev_april,development,2025-04-22,1568.3543078571424,1696.5580556328025,59404.422890396236,0.0,35554.87710210595,0.0,35554.87710210595,1371.989899547329,2114.6451166666666,19207.76412903939,15442.90557152381,35743.75932109069,0.7509583333333334,0.7621699999999999,0,LP,0.004294799990020692,9.094947017729282e-13,0
weekday35,dev_april,development,2025-04-23,1696.5580556328025,1849.7574928063489,59689.82333087595,0.0,36138.77807571097,0.0,36138.77807571097,2256.7213592721964,2349.3629551992967,18662.85687516636,14979.034575428572,35710.7293256049,0.7479125,0.765878888888889,0,LP,0.0049740000104065984,9.094947017729282e-13,0
weekday35,dev_april,development,2025-04-24,1849.7574928063489,1814.3708580296293,58719.1078863551,0.0,35083.2041215061,0.0,35083.2041215061,2998.765895928277,5070.213359105235,18904.578434845378,15344.556503523805,35148.305090720365,0.7361847222222223,0.7630625,0,LP,0.004633900010958314,9.094947017729282e-13,0
weekday35,dev_april,development,2025-04-25,1814.3708580296293,1773.7958157058256,26289.849216806582,0.0,10019.851525599246,0.0,10019.851525599246,232.1274258095248,21587.108566992356,13193.5426952428,10723.287121238092,10141.04939641234,0.5406916666666667,0.5630919444444444,0,MILP,0.08735369998612441,4.6838977141305804e-11,0
weekday35,dev_april,development,2025-04-26,1773.7958157058256,1533.3044439396845,26177.37066677483,0.0,10043.90064340775,0.0,10043.90064340775,79.57530561904775,23766.97173865255,13037.222230312753,10776.592241142855,10074.792461869174,0.5378048611111111,0.5695694444444445,0,MILP,0.0937811000039801,3.8689051962137455e-11,0
weekday35,dev_april,development,2025-04-27,1533.3044439396845,1485.078089274073,55800.779606362135,411.3873713276212,32881.564664828635,2698.906849594859,35580.4715144235,1454.1709199941272,2413.843171193418,20074.1338019365,16303.452098767619,33279.152277609624,0.7337826388888888,0.7553172222222222,1,LP,0.004986199986888096,9.094947017729282e-13,0
weekday35,dev_april,development,2025-04-28,1485.078089274073,1511.2027170148142,55517.97524472662,4546.898455783806,33360.842881779114,28950.566465274715,62311.40934705382,328.11370464667675,0.0,16269.897443318054,13155.104764120948,32989.26071479269,0.7660520833333333,0.752091111111111,9,LP,0.004343300010077655,8.810729923425242e-13,0
weekday35,dev_april,development,2025-04-29,1511.2027170148142,1708.2381589777765,57688.61397930276,93.26331234189786,33791.53841871748,617.21660107868,34408.75501979616,1937.4893001810706,4751.716149999998,18326.980142264558,14667.52201746762,34483.559488196275,0.7303826388888888,0.7571583333333334,1,LP,0.004430999979376793,8.952838470577262e-13,0
weekday35,dev_april,development,2025-04-30,1708.2381589777765,1630.588134575661,57021.52832893709,0.0,33593.79898015406,0.0,33593.79898015406,2620.2383067936507,2754.962418382128,18207.14838099941,14817.675210571426,34237.716182409895,0.7294423611111112,0.76109375,0,LP,0.004377900011604652,8.86402062860725e-13,0
weekday35,val_june,validation,2025-06-08,1781.3549957153423,2248.1423621777794,87309.4328799036,14.362534571428796,59522.4494317884,98.92577444490631,59621.375206233315,17038.660542209298,1625.3386999999996,16077.706714646674,12602.833809047615,56068.11118721804,0.7970791666666668,0.7629468055555555,2,LP,0.004087600013008341,9.094947017729282e-13,0
weekday35,val_june,validation,2025-06-09,2248.1423621777794,2190.4058712380975,85523.20509277839,17.493581238095203,59531.990402197196,123.65337898147595,59655.64378117867,10022.559227861268,964.5978262504458,19330.482781142837,15709.65389457143,54672.99315608306,0.81925625,0.7612854166666667,1,LP,0.004034200013848022,9.094947017729282e-13,0
weekday35,val_june,validation,2025-06-10,2190.4058712380975,2325.8563679629638,86145.59570132977,0.0,59721.95207872605,0.0,59721.95207872605,10147.839329504997,458.2999333333329,19995.29872687242,16074.286521714286,54976.63266622259,0.8168180555555556,0.7630936111111111,0,LP,0.004235800006426871,9.094947017729282e-13,0
weekday35,val_june,validation,2025-06-11,2325.8563679629638,2441.124282631747,86642.59458680895,2.011921428571327,60273.90065507152,13.950663185713582,60287.851318257235,6074.693030589073,0.0,23061.715988315096,18576.248827333333,55627.08808320468,0.8316965277777778,0.76340625,1,LP,0.003974199993535876,8.526512829121202e-13,0
weekday35,val_june,validation,2025-06-12,2441.124282631747,2636.4961708285728,87450.8159754333,0.0,61163.374402920264,0.0,61163.374402920264,10642.714918886542,448.5068666666666,19638.77924826102,15731.576491714284,56849.53845640715,0.8219833333333333,0.7684422222222222,0,LP,0.004015000013168901,8.526512829121202e-13,0
weekday35,val_june,validation,2025-06-13,2636.4961708285728,2575.636351815873,39915.163723854224,0.0,20146.08001510531,0.0,20146.08001510531,2909.1745151828354,6310.148076388012,12659.480365235746,10308.95293295238,18460.50175280386,0.6400291666666666,0.5758747222222222,0,LP,0.004822499991860241,8.526512829121202e-13,0
weekday35,val_june,validation,2025-06-14,2575.636351815873,2637.00232219365,40347.64680032099,0.0,20785.130339093397,0.0,20785.130339093397,3711.7890138095313,7913.77104337096,13018.49799895003,10489.754005809522,18680.265721366595,0.6368673611111111,0.5837143055555555,0,LP,0.005445199989480898,9.094947017729282e-13,0
weekday35,val_june,validation,2025-06-15,2637.00232219365,3317.9307645312197,88769.62744530861,0.0,61789.85432219718,0.0,61789.85432219718,13421.3819575097,298.84709999999995,20050.465559798944,15628.04150533333,58401.92609199052,0.8178270833333333,0.7731369444444444,0,LP,0.004446599981747568,8.526512829121202e-13,0
weekday35,val_june,validation,2025-06-16,3317.9307645312197,3183.112706276192,87204.50312403055,0.0,61533.233521515824,0.0,61533.233521515824,10789.413859285136,134.01041666666652,19517.696230745438,15930.670199333334,57541.07321059602,0.8232416666666666,0.7730444444444444,0,LP,0.004040600004373118,9.663381206337363e-13,0
weekday35,val_june,validation,2025-06-17,3183.112706276192,2714.8833426867736,86597.55085785182,0.0,60788.68507100609,0.0,60788.68507100609,8534.938572517334,82.02935000000014,19815.674452096424,16472.10273342857,56816.7339998517,0.8286263888888888,0.7758100000000001,0,LP,0.004186700010905042,9.094947017729282e-13,0
weekday35,val_june,validation,2025-06-18,2714.8833426867736,3011.135452934394,87193.304636475,0.0,61008.046758978555,0.0,61008.046758978555,12452.138659462667,88.67290000000003,18197.238304155202,14473.136127142856,57249.48484666399,0.82005,0.7779997222222222,0,LP,0.004086999979335815,9.094947017729282e-13,0
weekday35,val_june,validation,2025-06-19,3011.135452934394,2748.8287378984137,85160.64626794591,48.66240171428569,58612.51748016933,334.32397563485705,58946.841455804184,12047.973218574974,1556.9697499999997,18847.039708513817,15502.178207428573,56223.988995604246,0.8079104166666666,0.7805070833333335,2,LP,0.00429809998604469,9.094947017729282e-13,0
weekday35,val_june,validation,2025-06-20,2748.8287378984137,2884.6010395206395,36593.65816173544,0.0,18795.561098270464,0.0,18795.561098270464,2206.4105522857167,9679.104776938273,11501.931110797177,9194.36912828571,17753.44344175206,0.6213069444444445,0.5905329166666666,0,LP,0.004757599992444739,9.094947017729282e-13,0
weekday35,val_june,validation,2025-06-21,2884.6010395206395,3120.762618738625,35425.772845666,0.0,18147.371501390724,0.0,18147.371501390724,1863.3717004761918,11555.043062458557,12947.74874439506,10275.131061663811,17332.41380699822,0.6095256944444445,0.59602625,0,MILP,0.07194620001246221,1.1368683772161603e-12,0
weekday35,val_august,validation,2025-08-18,2178.160729337569,2168.930028625398,72442.89799171191,132.611270952381,53102.6406921611,1115.5127389771433,54218.15343113826,2428.697267362729,2044.6419833333339,19559.800136539667,15851.7457412381,53420.45473227195,0.8475611111111111,0.8644091666666667,5,LP,0.004767899983562529,8.668621376273222e-13,0
weekday35,val_august,validation,2025-08-19,2168.930028625398,1852.4128791502637,72237.98913861846,115.82866466666655,53030.526446983,987.5119954816656,54018.03844246467,2125.436067778958,2802.0073333333326,17860.94624579188,14752.231893619051,53330.35859397541,0.8429152777777777,0.8667672222222222,4,LP,0.00464339999598451,8.526512829121202e-13,0
weekday35,val_august,validation,2025-08-20,1852.4128791502637,1630.2109173555552,72871.02814889593,2099.437016692373,53865.08043909119,16171.307057610456,70036.38749670165,810.4456546713711,0.0,19522.685315081708,16013.35687083144,53989.8150343944,0.866348611111111,0.8683993055555556,10,LP,0.004600899992510676,8.810729923425242e-13,0
weekday35,val_august,validation,2025-08-21,1630.2109173555552,1854.961821460319,74218.08705037112,0.0,53961.33402334681,0.0,53961.33402334681,2792.7122847724822,1838.26615,18633.75957142622,14891.069439160952,54362.861228867296,0.8472069444444443,0.8649845833333334,0,LP,0.0044467000116128474,9.094947017729282e-13,0
weekday35,val_august,validation,2025-08-22,1854.961821460319,1486.6533281999998,40199.23855096648,33.57257334380829,22820.684794810764,68.55519476805651,22889.23998957882,0.0,16881.37182740035,12907.092320232803,10786.222423322859,22622.780668035994,0.6604708333333333,0.6653472222222222,1,MILP,0.09187419997761026,2.0463630789890885e-12,0
weekday35,val_august,validation,2025-08-23,1486.6533281999998,1903.8981913502644,41099.433073354856,6.493818366666801,22774.669163446884,15.016954972916977,22789.686118419802,448.798735383892,15052.566944069367,14205.44571280541,11130.890650537145,23127.257661231157,0.6591965277777778,0.6661623611111112,1,MILP,0.0833781999826897,8.242295734817162e-12,0
weekday35,val_august,validation,2025-08-24,1903.8981913502644,2100.0782866380914,76205.50930789301,0.0,54980.32799107866,0.0,54980.32799107866,4256.038162579661,4254.057748002353,19922.4306748348,15960.606760857148,55312.52121622159,0.8410215277777777,0.8533406944444445,0,LP,0.00456780000240542,1.0231815394945443e-12,0
weekday35,val_august,validation,2025-08-25,2100.0782866380914,1707.2043083703695,76204.94830689121,194.44487727809246,55415.20500009015,1651.7392593657878,57066.944259455944,1445.6965806431554,671.1679166666668,20331.727634914754,16822.28596472191,55478.94717854841,0.8601569444444443,0.8594783333333333,3,LP,0.004325199988670647,9.094947017729282e-13,0
weekday35,val_august,validation,2025-08-26,1707.2043083703695,2289.724857334394,77758.35811651385,0.0,55530.222443520855,0.0,55530.222443520855,5434.348194007052,2458.5415175332146,20065.165934592584,15728.515912952382,56600.10272744482,0.8444180555555555,0.8609286111111111,0,LP,0.00443289999384433,9.094947017729282e-13,0
weekday35,val_august,validation,2025-08-27,2289.724857334394,1885.1668969915356,76933.31621303351,16.225255619048085,55367.0821839837,134.3372614190515,55501.41944540275,3525.1049033027634,2013.5617908935894,20320.147747884785,16823.421840095238,56562.012711592375,0.8533875,0.8665086111111111,2,LP,0.004352900024969131,7.673861546209082e-13,0
weekday35,val_august,validation,2025-08-28,1885.1668969915356,1907.6207468920625,76411.59796145093,27.737549999999942,55662.2841695148,233.66914692499952,55895.9533164398,1686.595721238099,0.0,20867.033378784232,16882.088571904766,55875.047802599795,0.863504861111111,0.8594618055555555,2,LP,0.00421820001793094,8.242295734817162e-13,0
weekday35,val_august,validation,2025-08-29,1907.6207468920625,1784.4022373777766,41232.44964465428,0.0,23102.898165903203,0.0,23102.898165903203,934.2633720952392,15211.690953120518,13906.166463165191,11374.891493726667,23284.5341990305,0.6645076388888889,0.6586008333333333,0,MILP,0.08833949998370372,3.296918293926865e-12,0
weekday35,val_august,validation,2025-08-30,1784.4022373777766,1587.4985721396838,41582.92410815422,0.0,23577.655946398092,0.0,23577.655946398092,740.1746856907721,19938.653750654896,13518.890195734271,11127.514357259044,23338.554953482588,0.6546625,0.6619418055555556,0,MILP,0.06643489998532459,1.0231815394945443e-12,0
weekday35,val_august,validation,2025-08-31,1587.4985721396838,2386.5437421291017,78399.8143470523,18.217386666666698,55965.366596430256,151.93133572333358,56117.29793215359,4539.249831626106,2629.044000000001,20441.969293521463,15838.854474761907,56788.25330863473,0.846538888888889,0.8480225,2,LP,0.004494699998758733,9.348077867343818e-13,0
weekday35,eval_september,evaluation,2025-09-10,4786.2408636984155,4596.08880984127,67750.81315956397,501.4062798304771,45768.45600710846,2633.485449734888,48401.94145684336,3287.900595914168,0.0,20102.405483956496,16454.085290476192,49202.04318874599,0.7818236111111112,0.8383288888888889,5,LP,0.004893299977993593,9.094947017729282e-13,0
weekday35,eval_september,evaluation,2025-09-11,4596.08880984127,4802.587337518517,69292.72779655729,0.0,45630.52195974374,0.0,45630.52195974374,7376.391981236922,4680.028049999999,18707.227931987072,14967.005949999995,49588.920187062926,0.7530638888888889,0.8317869444444443,0,LP,0.004577200015773997,8.952838470577262e-13,0
weekday35,eval_september,evaluation,2025-09-12,4802.587337518517,4896.763673185184,35413.522602423815,0.0,17682.582479772776,0.0,17682.582479772776,1394.2319057860059,19767.395206284535,13765.687306596126,11065.448016242857,19368.58889899753,0.5750854166666666,0.6345572222222222,0,MILP,0.0724278999841772,5.4001247917767614e-12,0
weekday35,eval_september,evaluation,2025-09-13,4896.763673185184,5166.796818608465,35655.83603351134,0.0,17659.62909018928,0.0,17659.62909018928,1091.0792874015292,23666.51305053498,13937.433586108174,11046.291373866665,19543.19278919907,0.5665159722222222,0.6359772222222221,0,MILP,0.06611559999873862,9.322320693172514e-12,0
weekday35,eval_september,evaluation,2025-09-14,5166.796818608465,4487.227906111115,68365.04255496063,0.0,46028.14037632951,0.0,46028.14037632951,5253.4066521387385,137.52479652674936,18349.46514496178,15474.678788666666,49162.987011237536,0.7759062499999999,0.8270930555555556,0,LP,0.004594600002747029,1.0231815394945443e-12,0
weekday35,eval_september,evaluation,2025-09-15,4487.227906111115,3986.774659746033,67434.65243069138,0.0,44690.62792443005,0.0,44690.62792443005,5683.167619841269,3513.60305737801,19059.258115091117,15888.40699495238,47063.04455060662,0.761726388888889,0.8145208333333334,0,LP,0.004539099987596273,7.105427357601002e-13,0
weekday35,eval_september,evaluation,2025-09-16,3986.774659746033,3583.5142666084644,67472.52043429276,0.0,45487.848060278404,0.0,45487.848060278404,3416.4635393768376,1430.3384217530897,18404.646545543797,15270.698055714285,47283.743455538,0.7779465277777776,0.8101161111111111,0,LP,0.0044083999819122255,7.673861546209082e-13,0
weekday35,eval_september,evaluation,2025-09-17,3583.5142666084644,3671.113625460317,68723.97640009521,7.62916666666672,45616.34716281039,38.19542291666694,45654.54258572706,4892.94958391299,0.0,19998.411367801295,16119.87378495238,48241.66372781741,0.778054861111111,0.8231438888888889,1,LP,0.004514900007052347,9.094947017729282e-13,0
weekday35,eval_september,evaluation,2025-09-18,3671.113625460317,3584.4259127671958,68750.67448494298,0.0,45267.03477282752,0.0,45267.03477282752,4740.743438859493,1438.4827399271003,19439.032267965904,15823.635078476189,48006.82610106203,0.7698256944444445,0.8141787500000001,0,LP,0.004520999995293096,9.094947017729282e-13,0
weekday35,eval_september,evaluation,2025-09-19,3584.4259127671958,4502.84249924868,35408.8122466549,0.0,17402.72490434947,0.0,17402.72490434947,597.2874819753083,15251.107939588475,13855.208318900644,10396.14381047619,18548.942325511085,0.5932520833333333,0.6219838888888889,0,MILP,0.08957809998537414,8.526512829121202e-13,0
weekday35,eval_september,evaluation,2025-09-20,4502.84249924868,4522.3035626084675,34754.62552004598,0.0,16678.91665418803,0.0,16678.91665418803,805.0766742857143,15548.968166484423,14408.589415361546,11653.442469419047,18285.27010830318,0.5874611111111112,0.6186854166666667,0,MILP,0.06622840001364239,2.191629593855598e-12,0
weekday35,eval_september,evaluation,2025-09-21,4522.3035626084675,3822.106488999998,70929.78242916167,0.0,47659.3114884534,0.0,47659.3114884534,6665.543014878307,3429.827249999999,16721.58972209289,14174.665041142856,49212.953346345654,0.7738493055555556,0.8125361111111112,0,LP,0.004789200000232086,7.815970093361102e-13,0
weekday35,eval_september,evaluation,2025-09-22,3822.106488999998,2889.0253054285704,68842.22145939565,0.0,45950.599871346516,0.0,45950.599871346516,3112.0122879223995,2524.7006999999994,18059.271859758974,15467.783271619051,46620.66496233076,0.7821659722222223,0.7989401388888889,0,LP,0.004539499990642071,8.881784197001252e-13,0
weekday35,eval_september,evaluation,2025-09-23,2889.0253054285704,2974.0764144920618,70776.06237700883,6.375,46540.78425756049,44.0799375,46584.864195060494,2971.4492344009354,1791.9782047442698,20136.043980911236,16233.649626380951,47535.39378843235,0.7817520833333333,0.79423125,1,LP,0.004825799987884238,9.094947017729282e-13,0
weekday35,eval_december,evaluation,2025-12-08,1451.3861965089911,1823.0339727153448,96778.95023235508,0.0,73783.5512077084,0.0,73783.5512077084,4256.202317165195,0.0,22847.651578618457,18172.11478009524,68878.00345115036,0.9085152777777777,0.8337909722222222,0,LP,0.004660700011299923,9.663381206337363e-13,0
weekday35,eval_december,evaluation,2025-12-09,1823.0339727153448,1681.167125725927,96728.6304478401,28.02018466666675,73194.93556143525,207.1730520160006,73402.10861345124,5133.4840380799515,0.0,22959.960473950614,18725.24814619047,68979.41000075772,0.9057770833333332,0.8345584722222222,2,LP,0.00414400000590831,9.094947017729282e-13,0
weekday35,eval_december,evaluation,2025-12-10,1681.167125725927,1803.9952048952402,97000.5890075426,0.0,74425.06405481756,0.0,74425.06405481756,4157.93623635508,0.0,22865.731754044667,18410.69744952381,69477.08669703014,0.9161590277777777,0.8384662500000002,0,LP,0.005518399993889034,7.389644451905042e-13,0
weekday35,eval_december,evaluation,2025-12-11,1803.9952048952402,1890.6933119820133,97192.83644803525,0.0,72998.53583351221,0.0,72998.53583351221,6853.254403059372,0.0,22633.152887356846,18254.825542380953,69879.20755597038,0.8976340277777778,0.8376863888888888,0,LP,0.00403000001097098,6.821210263296962e-13,0
weekday35,eval_december,evaluation,2025-12-12,1890.6933119820133,1941.2260220529186,51059.206905256906,0.0,23498.23778347807,0.0,23498.23778347807,2044.1230982528014,1298.348508010575,20825.486192612574,16823.16437695238,21565.959593245854,0.7237798611111111,0.6456895833333333,0,LP,0.0042449000175111,1.0231815394945443e-12,0
weekday35,eval_december,evaluation,2025-12-13,1941.2260220529186,1990.3283554920633,51958.73103975309,0.0,24212.974622900605,0.0,24212.974622900605,3011.923352565553,1132.38245,20903.682914520854,16887.791060666663,22188.740350989923,0.7296965277777777,0.65208375,0,LP,0.0043873999966308475,7.958078640513122e-13,0
weekday35,eval_december,evaluation,2025-12-14,1990.3283554920633,1840.285770921693,97841.12232202475,0.0,75402.74187005588,0.0,75402.74187005588,4908.801263112289,0.0,22571.776763293354,18418.17750438095,70513.62377171576,0.9207375000000001,0.8414198611111111,0,LP,0.004203599994070828,6.821210263296962e-13,0
weekday35,eval_december,evaluation,2025-12-15,1840.285770921693,1919.0881868444474,99835.91507044563,0.0,76664.66371785518,0.0,76664.66371785518,5808.144908270427,0.0,23617.31590093709,19059.10370542857,72758.0284265713,0.9144402777777779,0.8543998611111111,0,LP,0.004453000001376495,9.094947017729282e-13,0
weekday35,eval_december,evaluation,2025-12-16,1919.0881868444474,1830.002305755558,99538.87200048324,0.0,76345.78081667011,0.0,76345.78081667011,5937.9784773497895,0.0,22436.73411989535,18253.931930095237,72686.4217033698,0.9109138888888888,0.8561973611111111,0,LP,0.004022500012069941,7.958078640513122e-13,0
weekday35,eval_december,evaluation,2025-12-17,1830.002305755558,1903.772769777778,99330.7712583739,0.0,75798.81451840384,0.0,75798.81451840384,6736.180242999415,0.0,22822.897532041145,18420.15358333333,72691.92433858741,0.9088097222222221,0.8599069444444445,0,LP,0.00409970001783222,1.0231815394945443e-12,0
weekday35,eval_december,evaluation,2025-12-18,1903.772769777778,1865.7872980433888,98757.16135599292,0.0,74959.56292413991,0.0,74959.56292413991,7012.259673519102,0.0,23225.377054569075,18846.74233876191,71980.35264479957,0.9094777777777777,0.8541997222222223,0,LP,0.004030200012493879,9.094947017729282e-13,0
weekday35,eval_december,evaluation,2025-12-19,1865.7872980433888,1694.2762466719578,52224.09750531102,0.0,24163.57514338775,0.0,24163.57514338775,3933.0435436472712,1810.65698271605,19612.450658852435,16040.444979904765,22717.668580804664,0.7250944444444445,0.6673387500000001,0,LP,0.004476400004932657,1.0231815394945443e-12,0
weekday35,eval_december,evaluation,2025-12-20,1694.2762466719578,1887.1870958243396,52646.504286371535,0.0,24207.47237895191,0.0,24207.47237895191,3796.2590546360966,1821.3181166666668,21047.13210964021,16874.557244571424,23099.36368948938,0.7189708333333333,0.6745548611111112,0,LP,0.004297899984521791,9.094947017729282e-13,0
weekday35,eval_december,evaluation,2025-12-21,1887.1870958243396,1866.898438401062,97984.19659743091,0.0,74497.42860252429,0.0,74497.42860252429,4563.400500253969,0.0,23164.60011679598,18781.58588628571,71821.99444076765,0.9100763888888888,0.8635038888888888,0,LP,0.004045299981953576,9.094947017729282e-13,0
ewma14,dev_march,development,2025-03-07,1607.6682326867735,1799.9208019068776,34105.28322439623,0.0,14074.083462048093,0.0,14074.083462048093,594.4800466337454,9446.162024961784,15628.043721943555,12485.688102476191,17738.73690116273,0.6085013888888889,0.78498847483353,0,MILP,0.039064899989170954,1.6484591469634324e-12,0
ewma14,dev_march,development,2025-03-08,1799.9208019068776,1746.895154250794,32969.96055831863,0.0,13588.941117581875,0.0,13588.941117581875,518.8805354779536,10485.932243699,15524.901817713111,12622.893555238095,15930.88067831214,0.5972631944444444,0.7232075831379938,0,MILP,0.08306430000811815,2.0889956431346945e-12,0
ewma14,dev_march,development,2025-03-09,1746.895154250794,1567.1428770814832,76883.06008852556,0.0,48692.76135075999,0.0,48692.76135075999,7621.983158591411,2236.020816666666,20280.56901431511,16589.03795104762,41708.7966597127,0.7838090277777777,0.6790949901884683,0,LP,0.004187700018519536,6.821210263296962e-13,0
ewma14,dev_march,development,2025-03-10,1567.1428770814832,1492.0528197248711,75443.82829508753,0.0,49232.28583576971,0.0,49232.28583576971,3023.842210728978,360.69671666666625,21498.941943751914,17481.724026059997,43128.11068971496,0.802451388888889,0.7157182858655965,0,LP,0.004195400018943474,6.821210263296962e-13,0
ewma14,dev_march,development,2025-03-11,1492.0528197248711,1660.3619091830622,75124.31496471453,0.0,48098.58462048301,0.0,48098.58462048301,5460.712887372986,1755.1075,20095.250509627265,16125.674732285712,44896.82159691696,0.7893930555555556,0.7460699834650324,0,LP,0.004321399988839403,8.597567102697212e-13,0
ewma14,dev_march,development,2025-03-12,1660.3619091830622,1458.4065859629652,74608.13072199549,0.0,46983.99646619613,0.0,46983.99646619613,6464.944090736024,2172.9285666666665,19560.437748197546,16025.714366938102,45687.604605798864,0.7801680555555556,0.7612290930085028,0,LP,0.004264700022758916,8.588685318500211e-13,0
ewma14,dev_march,development,2025-03-13,1458.4065859629652,1411.4148678222232,74029.96463816875,31.119295977141746,47818.88648537242,193.14775464433194,48012.03424001675,2341.6050189582493,37.200000000000045,21994.491814987665,17857.830916466664,45594.69117032899,0.7996374999999999,0.7678363393068113,2,LP,0.004278099979273975,1.0231815394945443e-12,0
ewma14,dev_march,development,2025-03-14,1411.4148678222232,1920.35807457037,32440.350287762503,0.0,13149.147443560907,0.0,13149.147443560907,382.4519104467979,12584.693145519104,15714.370328368008,12270.59107990476,16797.915801242256,0.5913868055555556,0.7789682005524109,0,MILP,0.09667899998021312,1.0800249583553523e-12,0
ewma14,dev_march,development,2025-03-15,1920.35807457037,1370.7079328285708,31490.085345136962,0.0,13325.475720725208,0.0,13325.475720725208,489.31470142857097,7737.866681850676,14912.968102238672,12574.189290380953,15101.48128104976,0.6047722222222222,0.7132933878734651,0,MILP,0.08516280000912957,1.6143530956469475e-12,0
ewma14,dev_march,development,2025-03-16,1370.7079328285708,1807.246142917464,73946.51591374016,0.0,46349.91056692964,0.0,46349.91056692964,5521.929973568492,488.8266500000001,22062.252461885953,17477.54010504762,39504.767013952674,0.784895138888889,0.6753030122172193,0,LP,0.004443499987246469,1.0231815394945443e-12,0
ewma14,dev_march,development,2025-03-17,1807.246142917464,1964.00692313122,72606.01371101939,0.0,44389.00144573783,0.0,44389.00144573783,8152.064447871845,2635.2772333333323,20102.399443623748,16141.858847142856,41051.433139144865,0.7601756944444445,0.7136371562574486,0,LP,0.0043710000172723085,8.597567102697212e-13,0
ewma14,dev_march,development,2025-03-18,1964.00692313122,1827.9724392825412,70172.8847441634,0.0,43566.36581501321,0.0,43566.36581501321,3869.8011703057027,1253.98175,21292.497329762482,17369.35387257143,40811.032477074,0.7760166666666666,0.7298820759198715,0,LP,0.004349800001364201,9.094947017729282e-13,0
ewma14,dev_march,development,2025-03-19,1827.9724392825412,2058.087501960847,69978.66090474307,0.0,42983.735176298105,0.0,42983.735176298105,4383.967977348614,1902.2185999999997,21157.370110442094,16930.36623304762,41606.110744705096,0.7718381944444445,0.746008432055197,0,LP,0.0043843000021297485,8.952838470577262e-13,0
ewma14,dev_march,development,2025-03-20,2058.087501960847,1550.5062194888894,69030.54474113107,31.81121135333467,43373.183871713394,210.3993518909555,43583.58322360435,2436.8978742386807,1014.3316833333329,20310.461749844788,16908.297171599046,41524.42251183856,0.7786381944444444,0.7550297412184478,1,LP,0.004195800021989271,9.601208716958354e-13,0
ewma14,dev_april,development,2025-04-17,1618.0719069862432,1997.6867956000033,60737.17701478541,0.0,36131.04383648914,0.0,36131.04383648914,1733.615123419172,1867.2072021552065,20665.04704978247,16397.034710571428,35256.63098930559,0.7477673611111111,0.7317349961346683,0,LP,0.004445099999429658,9.094947017729282e-13,0
ewma14,dev_april,development,2025-04-18,1997.6867956000033,2146.0427089597865,26896.805841283945,0.0,10701.87489385056,0.0,10701.87489385056,466.9331818095246,17458.15327131687,13074.11517263374,10456.512967809522,13352.435048872747,0.5594201388888889,0.7373322463566098,0,MILP,0.08071070001460612,1.7053025658242404e-12,0
ewma14,dev_april,development,2025-04-19,2146.0427089597865,2110.2802527523795,26913.534740658444,0.0,10698.307033619443,0.0,10698.307033619443,504.0965384761911,17136.991708611404,13262.912916618461,10775.145673047613,12394.64743428236,0.5579763888888889,0.6750629390667083,0,MILP,0.07415060000494123,3.1391778065881226e-11,0
ewma14,dev_april,development,2025-04-20,2110.2802527523795,2004.9647056825395,59885.142801917675,0.0,35640.80612792063,0.0,35640.80612792063,1662.4751076531488,2457.71351834921,20536.806762867716,16729.597470285713,30268.396765114412,0.7454388888888889,0.6340678476310662,0,LP,0.004844000010052696,9.094947017729282e-13,0
ewma14,dev_april,development,2025-04-21,2004.9647056825395,1559.5644556571424,59565.827528573784,0.0,34883.15903480772,0.0,34883.15903480772,3366.8057383292207,4485.758615865972,18932.700084569067,15736.34729352381,31867.543449208977,0.7339520833333333,0.6730390716370866,0,LP,0.0043917000002693385,9.094947017729282e-13,0
ewma14,dev_april,development,2025-04-22,1559.5644556571424,1771.835308194706,59559.11989859847,0.0,35611.780094589994,0.0,35611.780094589994,1290.1001255414503,2114.6451166666666,20054.745118104656,16053.299778380955,33044.97848376895,0.7509583333333334,0.6943436482755124,0,LP,0.004336100013460964,7.958078640513122e-13,0
ewma14,dev_april,development,2025-04-23,1771.835308194706,1839.7115881841248,59754.84104055261,0.0,36004.72563478497,0.0,36004.72563478497,2230.918969802469,2377.420133333333,19397.350361893004,15650.765141142858,33822.830516120586,0.7479125,0.7141579806215588,0,LP,0.004351199982920662,9.094947017729282e-13,0
ewma14,dev_april,development,2025-04-24,1839.7115881841248,1811.75638997143,58730.270002602,0.0,35039.570826521616,0.0,35039.570826521616,2972.1918999388627,5096.560457407408,18929.31907182715,15357.908126571425,34051.380758578365,0.7361847222222223,0.7259565837485297,0,LP,0.004741899989312515,9.094947017729282e-13,0
ewma14,dev_april,development,2025-04-25,1811.75638997143,1757.9912371132332,26134.42084798236,0.0,9920.984105939348,0.0,9920.984105939348,276.4841164761913,21541.629281733098,12443.886512344501,10127.936712571427,12806.96858165432,0.5406916666666667,0.7295180160336999,0,MILP,0.09619900002144277,3.814824999103116e-12,0
ewma14,dev_april,development,2025-04-26,1757.9912371132332,1528.5528376656105,26058.808989927093,0.0,10141.025193736961,0.0,10141.025193736961,38.131557619047726,23809.580661887114,12354.724718897112,10213.821581809521,11729.317598514659,0.5378048611111111,0.6634196989619404,0,MILP,0.08563190000131726,1.8545165403338615e-12,0
ewma14,dev_april,development,2025-04-27,1528.5528376656105,1489.9359289111092,55942.1830822716,410.98220146667006,32936.71328138176,2696.2487327220892,35632.96201410386,1374.110429428573,2502.778751446209,20724.00072320634,16821.19580367619,28174.553408061893,0.7337826388888888,0.6194325313632538,1,LP,0.004690600006142631,8.810729923425242e-13,0
ewma14,dev_april,development,2025-04-28,1489.9359289111092,1504.9808207925923,55354.24431179658,4451.286114757135,33410.78657019039,28119.376859790857,61530.16342998122,202.82638561904707,0.0,15616.82274512993,12636.086020861909,29627.72922406753,0.7660520833333333,0.6594361217551528,11,LP,0.00427149998722598,9.094947017729282e-13,0
ewma14,dev_april,development,2025-04-29,1504.9808207925923,1708.2381589777765,57695.52719732745,97.43232462380388,33881.31689699516,644.8071243603341,34526.12402135549,2069.1336754132835,4621.274307129928,18349.506412498533,14680.168589757142,32061.92042114792,0.7303826388888888,0.6967681114900464,1,LP,0.0042372000170871615,8.952838470577262e-13,0
ewma14,dev_april,development,2025-04-30,1708.2381589777765,1610.1632673830693,57021.5283289371,0.0,33630.091876246406,0.0,33630.091876246406,2099.9675200317465,3295.4174035355672,18197.665128798355,14828.376156761904,32351.32588233936,0.7294423611111112,0.7085263244840612,0,LP,0.004281400004401803,8.86402062860725e-13,0
ewma14,val_june,validation,2025-06-08,1781.3549957153423,2243.214231940742,86992.76621323694,19.011776857142877,59370.17441533681,131.58670150204773,59501.76111683886,16912.15875097473,1625.3386999999996,15124.6524202622,11835.295147809518,51937.60412363212,0.7970791666666668,0.7114317356130836,3,LP,0.003932899999199435,9.094947017729282e-13,0
ewma14,val_june,validation,2025-06-09,2243.214231940742,2158.59677504762,85257.27455390715,26.182083523809524,59529.87730502313,184.1079778854762,59713.98528290861,9993.314857643743,964.5978262504458,18257.825954774828,14864.994734571428,53420.91211713159,0.81925625,0.7414581807269072,2,LP,0.00429519999306649,6.821210263296962e-13,0
ewma14,val_june,validation,2025-06-10,2158.59677504762,2333.217336100531,86022.60580820811,0.0,59584.378751344964,0.0,59584.378751344964,10080.786519445039,458.2999333333329,19515.350616572603,15650.275494476191,55972.011741742375,0.8168180555555556,0.768743813295201,0,LP,0.0040052000258583575,9.094947017729282e-13,0
ewma14,val_june,validation,2025-06-11,2333.217336100531,2473.476994154498,86511.17765780601,2.011921428571327,60271.25839419517,13.950663185713582,60285.20905738088,6025.445526562026,0.0,22510.86338819634,18107.56565219047,57605.402002894814,0.8316965277777778,0.7856321032462833,1,LP,0.004014799982542172,8.526512829121202e-13,0
ewma14,val_june,validation,2025-06-12,2473.476994154498,2643.9967018074094,87196.91602605059,0.0,61105.25069244273,0.0,61105.25069244273,10579.71921599295,541.7576999999998,18260.94705177189,14637.89937504762,59269.35778335141,0.8219833333333333,0.8018224649250886,0,LP,0.004238299996359274,9.094947017729282e-13,0
ewma14,val_june,validation,2025-06-13,2643.9967018074094,2575.636351815873,39906.8298005444,0.0,20170.871180419876,0.0,20170.871180419876,1718.1810450875973,7501.141546483246,12651.146441925926,10308.95293295238,24805.341687945616,0.6400291666666666,0.8089314405614976,0,LP,0.004407700005685911,8.526512829121202e-13,0
ewma14,val_june,validation,2025-06-14,2575.636351815873,2621.9770834973533,40172.09122567901,0.0,20729.46966542386,0.0,20729.46966542386,1835.0024150476213,9782.573662132863,12207.714420974728,9846.542022476187,23316.550919232148,0.6368673611111111,0.7498822832494451,0,LP,0.004219700000248849,9.094947017729282e-13,0
ewma14,val_june,validation,2025-06-15,2621.9770834973533,3274.0756011640224,88627.98882163783,0.0,61565.59068757245,0.0,61565.59068757245,13459.426462410345,298.84709999999995,19241.327684179905,14998.586758285712,53436.91983013472,0.8178270833333333,0.710386512449904,0,LP,0.003922900010365993,8.526512829121202e-13,0
ewma14,val_june,validation,2025-06-16,3274.0756011640224,3169.124030929103,87248.87288493,0.0,61568.37589579553,0.0,61568.37589579553,10905.895313972966,134.01041666666652,18996.68816229041,15481.773824666669,55468.78589049174,0.8232416666666666,0.7479895710917742,0,LP,0.004145299986703321,9.094947017729282e-13,0
ewma14,val_june,validation,2025-06-17,3169.124030929103,2703.398861549207,86235.21924614697,0.0,60664.77313626274,0.0,60664.77313626274,8343.393462185773,216.61603918988925,18196.58516077131,15158.386632666667,56867.6551153432,0.8286263888888888,0.7743390147993752,0,LP,0.004128100001253188,9.094947017729282e-13,0
ewma14,val_june,validation,2025-06-18,2703.398861549207,2982.7942848275147,87257.17311873722,0.0,61035.4907334994,0.0,61035.4907334994,12703.06982659847,88.67290000000003,17292.5453220435,13755.505829904761,58426.68638733774,0.82005,0.7933584346526364,0,LP,0.004056499979924411,7.389644451905042e-13,0
ewma14,val_june,validation,2025-06-19,2982.7942848275147,2768.633637093123,85178.48802433157,48.66240171428569,58596.99859861685,334.32397563485705,58931.3225742517,12006.510662654915,1736.3104999999996,17987.208665009995,14762.38360161905,57921.97602520241,0.8079104166666666,0.8027058710121246,2,LP,0.004391299997223541,9.094947017729282e-13,0
ewma14,val_june,validation,2025-06-20,2768.633637093123,2884.6010395206395,36571.65271818576,0.0,18776.46896955983,0.0,18776.46896955983,1407.5243536190487,10477.990975604938,11479.925667247498,9194.36912828571,22995.461101505633,0.6213069444444445,0.8045155239405769,0,LP,0.004786200006492436,9.094947017729282e-13,0
ewma14,val_june,validation,2025-06-21,2884.6010395206395,3117.437340286773,35252.93467776476,0.0,18132.770127510306,0.0,18132.770127510306,1836.3819078095253,11549.452755479131,12225.29970413992,9692.940089663813,20853.03503220917,0.6095256944444445,0.7403689336741951,0,MILP,0.09222799999406561,1.8189894035458565e-12,0
ewma14,val_august,validation,2025-08-18,2178.160729337569,2168.930028625399,72442.8979917119,132.611270952381,52977.85031305532,1115.5127389771433,54093.36305203248,2419.521094069374,2044.6419833333339,19608.09578545208,15890.865216857146,48578.218851603466,0.8475611111111111,0.7672080609319546,5,LP,0.004992400004994124,8.668621376273222e-13,0
ewma14,val_august,validation,2025-08-19,2168.930028625399,1852.4128791502637,72283.00706105233,115.82866466666655,52908.45245273524,987.5119954816656,53895.96444821691,1722.052710570254,3225.7664999999984,17990.641577243965,14857.285112095242,49948.017903688604,0.8429152777777777,0.7953339693807473,4,LP,0.00457809999352321,8.526512829121202e-13,0
ewma14,val_august,validation,2025-08-20,1852.4128791502637,1630.2109173555552,72871.02814889593,1789.2776100218916,53875.58298424309,11417.096858935387,65292.679843178485,425.40203114285737,0.0,19916.812772229274,16332.600111120972,51274.296781814235,0.866348611111111,0.8119860103751526,12,LP,0.004467000020667911,8.810729923425242e-13,0
ewma14,val_august,validation,2025-08-21,1630.2109173555552,1854.96182146032,74223.70503470549,0.0,53712.78370440815,0.0,53712.78370440815,2755.5659950711342,1860.8809348077564,18739.80951473133,14976.969893238096,52801.56092495211,0.8472069444444443,0.8310201716415708,0,LP,0.004410299996379763,9.094947017729282e-13,0
ewma14,val_august,validation,2025-08-22,1854.96182146032,1486.6533281999998,40303.69152162139,33.57257334380829,22744.808009883298,68.55519476805651,22813.363204651352,104.87747457142882,16761.51426457025,13535.687367146378,11295.384411322855,27274.508515262583,0.6604708333333333,0.8366906870365475,1,MILP,0.08458029999746941,2.1600499167107046e-12,0
ewma14,val_august,validation,2025-08-23,1486.6533281999998,1916.1332087280416,40891.31457957238,0.0,22709.259390665953,0.0,22709.259390665953,439.48030995532054,15027.649721650787,13198.13950258436,10303.961104618096,26164.225749870362,0.6591965277777778,0.7750327247119525,0,MILP,0.07657249999465421,2.41900326929883e-12,0
ewma14,val_august,validation,2025-08-24,1916.1332087280416,2100.0782866380923,76146.3858788736,0.0,54856.60910719688,0.0,54856.60910719688,4127.392443915347,4382.703466666667,19669.210078101114,15766.50959314286,47977.81174852153,0.8410215277777777,0.7344953014074181,0,LP,0.004799200018169358,1.0231815394945443e-12,0
ewma14,val_august,validation,2025-08-25,2100.0782866380923,1707.2043083703695,76191.10289141073,194.44487727809246,55318.173238699965,1651.7392593657878,56969.91249806576,1195.8901647724842,920.9743325373406,20258.857027122856,16763.260772410475,50393.98889601143,0.8601569444444443,0.7717730142173451,3,LP,0.004592000012053177,9.094947017729282e-13,0
ewma14,val_august,validation,2025-08-26,1707.2043083703695,2289.724857334393,77810.48083583776,0.0,55660.5078441904,0.0,55660.5078441904,5399.989963283946,2495.1787833333337,20327.5011148395,15941.007408952384,53014.646898529085,0.8444180555555555,0.8027246970134071,0,LP,0.004389100009575486,9.094947017729282e-13,0
ewma14,val_august,validation,2025-08-27,2289.724857334393,1868.6339772031754,76984.80180751323,1.3456278095239895,55452.23169302416,11.34969775943009,55463.58139078359,3149.6734141904712,2413.5014000000006,20462.134455703716,16953.310701238093,53447.167757838455,0.8533875,0.8173064514908245,1,LP,0.004601099994033575,7.673861546209082e-13,0
ewma14,val_august,validation,2025-08-28,1868.6339772031754,1928.8909241407405,76481.55441285715,46.880709523809514,55504.66919111388,388.3171611380952,55892.98635225197,1686.425481595536,0.0,21157.80739583302,17083.592738380958,53935.70601521598,0.863504861111111,0.8299350058336052,3,LP,0.004366400011349469,8.242295734817162e-13,0
ewma14,val_august,validation,2025-08-29,1928.8909241407405,1784.4022373777764,41237.63937088065,0.0,23220.225249967898,0.0,23220.225249967898,928.2548620000009,15201.729385843622,14118.2873217037,11565.852548666668,27885.31005273079,0.6645076388888889,0.8416957403829486,0,MILP,0.07491140000638552,1.4779288903810084e-12,0
ewma14,val_august,validation,2025-08-30,1784.4022373777764,1574.0628858211644,41491.97943642679,0.0,23567.540688757235,0.0,23567.540688757235,822.979455690772,19851.696694874765,13125.730889099352,10821.147436571426,26341.872593152177,0.6546625,0.7796911121888449,0,MILP,0.09476429998176172,8.084397349092696e-12,0
ewma14,val_august,validation,2025-08-31,1574.0628858211644,2395.7523527111116,78414.74288740622,26.50513619047615,56060.078888905824,218.3203532838092,56278.39924218963,4532.377482590243,2629.044000000001,20493.068091958852,15859.86463428572,49458.58864758698,0.846538888888889,0.7359372709997942,3,LP,0.004560700006550178,9.348077867343818e-13,0
ewma14,eval_september,evaluation,2025-09-10,4786.2408636984155,5276.899293465608,67860.37914680538,968.5033833333317,45781.91792958812,5167.422119424991,50949.34004901311,3143.40282522986,0.0,20673.097200623164,16303.616145714286,43288.8759552119,0.7818236111111112,0.7286783508986691,7,LP,0.004930299997795373,9.094947017729282e-13,0
ewma14,eval_september,evaluation,2025-09-11,5276.899293465608,5379.199464021164,68536.27170364137,0.0,45408.968461707096,0.0,45408.968461707096,6735.2113631416805,4680.028049999999,18594.08607192828,14969.1395647619,44468.47327648154,0.7530638888888889,0.7472188535555291,0,LP,0.004639199993107468,9.094947017729282e-13,0
ewma14,eval_september,evaluation,2025-09-12,5379.199464021164,5137.933200523809,34577.905021904764,0.0,17347.136743566127,0.0,17347.136743566127,1050.6138262857141,19792.57075900059,12632.65196718989,10449.587730571428,21390.44784793098,0.5750854166666666,0.7491714986588209,0,MILP,0.06576970001333393,8.287770469905809e-11,0
ewma14,eval_september,evaluation,2025-09-13,5137.933200523809,5490.706006978836,35112.689430099985,0.0,17575.78230274537,0.0,17575.78230274537,650.3203497824813,23653.00937164609,13077.698418571432,10275.440193233331,20197.44182151963,0.5665159722222222,0.6881659744588698,0,MILP,0.07683279999764636,1.9326762412674725e-12,0
ewma14,eval_september,evaluation,2025-09-14,5490.706006978836,5017.412527449739,68005.14345677133,0.0,46042.05426099801,0.0,46042.05426099801,4639.512111428566,146.7241269077006,18660.77157900646,15541.189110571426,39019.1510551608,0.7759062499999999,0.6455141537630767,0,LP,0.004438300005858764,1.0231815394945443e-12,0
ewma14,eval_september,evaluation,2025-09-15,5017.412527449739,4329.620128867727,66845.55840698179,0.0,44342.71093710369,0.0,44342.71093710369,5267.893886507934,3526.5795907113425,18963.51292185773,15979.458625428571,40295.75222634722,0.761726388888889,0.6910918342031537,0,LP,0.004383399995276704,7.105427357601002e-13,0
ewma14,eval_september,evaluation,2025-09-16,4329.620128867727,3980.66391657143,67091.58102415754,0.0,45277.25402862307,0.0,45277.25402862307,2965.131505567315,1430.3384217530897,18517.903708265727,15313.562594761905,41966.25146816584,0.7779465277777776,0.7158223544791521,0,LP,0.004650599992601201,7.673861546209082e-13,0
ewma14,eval_september,evaluation,2025-09-17,3980.66391657143,4269.025568904762,68282.69901124747,7.62916666666672,45599.29896122484,38.19542291666694,45637.49438414151,4246.706717246326,0.0,20126.197755620226,16042.694694952383,43534.94058055623,0.778054861111111,0.7375860112777016,1,LP,0.004316200007451698,9.094947017729282e-13,0
ewma14,eval_september,evaluation,2025-09-18,4269.025568904762,4092.448947698415,68086.32788111581,0.0,44901.01044714896,0.0,44901.01044714896,4103.582394669018,1526.2655031651957,19259.725398424456,15759.296531809525,44187.35280099776,0.7698256944444445,0.7517644930486908,0,LP,0.005146100011188537,9.094947017729282e-13,0
ewma14,eval_september,evaluation,2025-09-19,4092.448947698415,4557.767387846559,34844.34220784244,0.0,17134.43806802032,0.0,17134.43806802032,480.1960529276891,15281.19461863609,13488.487491992943,10506.888272380951,21062.45927304358,0.5932520833333333,0.758096729156969,0,MILP,0.06560639999224804,2.589533525881254e-12,0
ewma14,eval_september,evaluation,2025-09-20,4557.767387846559,4642.270408873016,34546.3175441762,0.0,16713.462187815156,0.0,16713.462187815156,666.9101904761903,15545.217607924753,13751.069965884768,11062.313953442854,19602.801788209843,0.5874611111111112,0.7004302857358834,0,MILP,0.06221649999497458,2.2737367544323206e-12,0
ewma14,eval_september,evaluation,2025-09-21,4642.270408873016,4217.930595349206,70796.48593331217,0.0,47626.77805627894,0.0,47626.77805627894,6214.73154249735,3429.827249999999,17086.028892910057,14221.589235428575,40146.41260975336,0.7738493055555556,0.660909412924436,0,LP,0.004749099985929206,7.815970093361102e-13,0
ewma14,eval_september,evaluation,2025-09-22,4217.930595349206,3228.315540111113,68402.41689678539,0.0,45853.619242256595,0.0,45853.619242256595,2732.927340315109,2524.7006999999994,18007.486962375075,15476.717989238094,40935.56511360385,0.7821659722222223,0.7004506307447046,0,LP,0.004532299994025379,8.881784197001252e-13,0
ewma14,eval_september,evaluation,2025-09-23,3228.315540111113,3015.186272931219,70399.07322736156,0.0,46500.849331813515,0.0,46500.849331813515,2917.027593830686,1785.7420661846015,19850.022760393887,16270.334776380949,43549.39113665524,0.7817520833333333,0.7290582869870398,0,LP,0.004556100000627339,9.094947017729282e-13,0
ewma14,eval_december,evaluation,2025-12-08,1451.3861965089911,1823.0339727153448,96937.28356568841,0.0,73461.66689514864,0.0,73461.66689514864,4317.504718181067,0.0,23358.34069607878,18585.772965238095,66205.09411762831,0.9085152777777777,0.8325391800954931,0,LP,0.004644400003599003,9.663381206337363e-13,0
ewma14,eval_december,evaluation,2025-12-09,1823.0339727153448,1683.0517489354504,96951.49199658204,28.02018466666675,72650.35120544955,207.1730520160006,72857.52425746556,5234.470245099349,0.0,23592.482478339803,19235.894808857145,68835.8980432328,0.9057770833333332,0.859204559222237,2,LP,0.004056799982208759,9.094947017729282e-13,0
ewma14,eval_december,evaluation,2025-12-10,1683.0517489354504,1640.7699979100528,97080.37761040208,0.0,73960.1044137124,0.0,73960.1044137124,4375.914866847728,0.0,22920.515014792472,18603.670737904762,70181.8261041524,0.9161590277777777,0.8755737874300628,0,LP,0.004254600004060194,7.389644451905042e-13,0
ewma14,eval_december,evaluation,2025-12-11,1640.7699979100528,1849.5066304476222,97456.74169225864,0.0,72553.80492702586,0.0,72553.80492702586,7011.706431443849,0.0,22610.092587005292,18126.312026190477,71975.72945939147,0.8976340277777778,0.8898513213467191,0,LP,0.0040979000041261315,7.958078640513122e-13,0
ewma14,eval_december,evaluation,2025-12-12,1849.5066304476222,1922.1565517195847,50946.63655140622,0.0,23518.144095906493,0.0,23518.144095906493,2015.8044465467442,1328.8133463915271,20116.949189420342,16229.343914285713,30027.246600815095,0.7237798611111111,0.8926335044333078,0,LP,0.004544700001133606,1.0231815394945443e-12,0
ewma14,eval_december,evaluation,2025-12-13,1922.1565517195847,2001.8885422253966,51821.58600679013,0.0,24305.512712322594,0.0,24305.512712322594,2983.8539466890124,1132.38245,20184.51281743444,16277.696590666663,28231.29214813259,0.7296965277777777,0.83361040582009,0,LP,0.004272399994079024,7.958078640513122e-13,0
ewma14,eval_december,evaluation,2025-12-14,2001.8885422253966,1739.627803660316,97986.61100343213,0.0,75048.08785774716,0.0,75048.08785774716,5075.267736832455,0.0,22992.927006885355,18860.305540285714,63886.86254239344,0.9207375000000001,0.7973073744209882,0,LP,0.003961599984904751,6.821210263296962e-13,0
ewma14,eval_december,evaluation,2025-12-15,1739.627803660316,1911.330116133336,99872.19156622222,0.0,76538.86294747764,0.0,76538.86294747764,5856.481038444445,0.0,23113.791999396817,18567.63943828571,69163.94046512482,0.9144402777777779,0.8405763292765036,0,LP,0.004279400018276647,9.094947017729282e-13,0
ewma14,eval_december,evaluation,2025-12-16,1911.330116133336,1830.002305755558,99682.9197661517,0.0,75995.82201154357,0.0,75995.82201154357,6019.673972596122,0.0,22728.15520822221,18483.000748,71643.17456881376,0.9109138888888888,0.8664344738834848,0,LP,0.004231300001265481,9.094947017729282e-13,0
ewma14,eval_december,evaluation,2025-12-17,1830.002305755558,1875.848881186245,99301.84177987186,0.0,75830.60813967785,0.0,75830.60813967785,6848.4381541740195,0.0,22212.077058650197,17950.520499619044,72671.8590002848,0.9088097222222221,0.8819985593169036,0,LP,0.004366699984529987,1.0231815394945443e-12,0
ewma14,eval_december,evaluation,2025-12-18,1875.848881186245,1865.7872980433888,98744.06427248204,0.0,74710.29809398048,0.0,74710.29809398048,7013.8507233321525,0.0,23015.80003848325,18651.853456000004,73492.2123245309,0.9094777777777777,0.8913797489619957,0,LP,0.004014600010123104,9.094947017729282e-13,0
ewma14,eval_december,evaluation,2025-12-19,1865.7872980433888,1694.2762466719578,52224.09750531102,0.0,24256.606469968407,0.0,24256.606469968407,3934.6522071416834,1810.65698271605,19603.984008881824,16033.586993428573,31227.695944423496,0.7250944444444445,0.8977177624253349,0,LP,0.004792599997017533,1.0231815394945443e-12,0
ewma14,eval_december,evaluation,2025-12-20,1694.2762466719578,1872.7814958687843,52488.170953038185,0.0,24156.22118993306,0.0,24156.22118993306,3795.8309026360957,1821.3181166666668,20284.28926030688,16269.619576571426,28797.734876849354,0.7189708333333333,0.8373062765803199,0,LP,0.0043107999954372644,9.094947017729282e-13,0
ewma14,eval_december,evaluation,2025-12-21,1872.7814958687843,1866.898438401062,98047.16691588008,0.0,74282.44245531436,0.0,74282.44245531436,4568.53273597648,0.0,23400.774026094048,18959.92171285714,63721.828214450026,0.9100763888888888,0.795881936027238,0,LP,0.003888200008077547,9.094947017729282e-13,0
lag1_shift6h,dev_march,development,2025-03-07,1607.6682326867735,1730.3692415746063,33687.86734587291,0.0,19712.444649532994,0.0,19712.444649532994,689.0224385326256,9319.31187028219,13930.61366171429,11173.366157989522,24386.141506490007,0.6085013888888889,0.7918569444444444,0,MILP,0.1102344999962952,5.4001247917767614e-12,0
lag1_shift6h,dev_march,development,2025-03-08,1730.3692415746063,1707.9624180582014,32902.395600640455,0.0,18441.57651931944,0.0,18441.57651931944,621.6437359259261,10377.799349566136,15052.521787613174,12212.708789131428,17877.166095178418,0.5972631944444444,0.6085013888888889,0,MILP,0.0638582999818027,3.126388037344441e-12,0
lag1_shift6h,dev_march,development,2025-03-09,1707.9624180582014,1507.5798782391535,77392.36499304099,0.0,64562.42154691746,0.0,64562.42154691746,5485.970468951205,4327.8049999999985,23291.62505224691,19046.56057815714,35744.02735232786,0.7838090277777777,0.5972631944444444,0,LP,0.0044818999886047095,9.663381206337363e-13,0
lag1_shift6h,dev_march,development,2025-03-10,1507.5798782391535,1450.3483251248658,75231.63576928612,84.92093642666691,62734.24690711596,178.8083269792805,62913.05523409523,2773.043554958254,707.6390499999992,20238.479202933566,16444.676552179048,48101.12710413399,0.802451388888889,0.7838090277777778,4,LP,0.004246099997544661,8.384404281969182e-13,0
lag1_shift6h,dev_march,development,2025-03-11,1450.3483251248658,1736.441925697356,74842.78670520538,4.638698546666728,62678.604337711215,10.279355979413467,62688.88369369063,3102.5921868371565,3570.1964853615527,20938.07205809523,16702.3541265419,50708.91457781657,0.7893930555555556,0.8024513888888889,1,LP,0.0040726000152062625,9.094947017729282e-13,0
lag1_shift6h,dev_march,development,2025-03-12,1736.441925697356,1436.5329278158752,74390.32677264784,0.0,62762.556973711864,0.0,62762.556973711864,3653.754464191641,4639.8688,20689.931174821864,17028.762349699056,48550.295475074454,0.7801680555555556,0.7893930555555556,0,LP,0.0041526000131852925,9.094947017729282e-13,0
lag1_shift6h,dev_march,development,2025-03-13,1436.5329278158752,1342.3967371322751,73800.04446373705,0.0,63293.833439609996,0.0,63293.833439609996,2016.8893000176304,408.0248484667804,20601.236158953558,16771.72386036762,47600.886070219385,0.7996374999999999,0.7801680555555556,0,LP,0.0042224000208079815,8.419931418757187e-13,0
lag1_shift6h,dev_march,development,2025-03-14,1342.3967371322751,1789.6809852201077,32192.341079013648,0.0,18645.179184608594,0.0,18645.179184608594,399.0629108524452,12590.70235678777,14582.073709268656,11408.92388122857,24022.192988412047,0.5913868055555556,0.7996374999999999,0,MILP,0.10594760000822134,4.042198674546348e-12,0
lag1_shift6h,dev_march,development,2025-03-15,1789.6809852201077,1379.9721363312187,31782.441226057923,0.0,18934.549420450065,0.0,18934.549420450065,616.8684006596118,7611.084812552613,15784.74119392475,13154.378331079046,17053.15617589974,0.6047722222222222,0.5913868055555556,0,MILP,0.10276529999100603,7.958078640513122e-13,0
lag1_shift6h,dev_march,development,2025-03-16,1379.9721363312187,1728.125891079364,73872.33803513023,0.0,60950.39334588894,0.0,60950.39334588894,2516.867923924749,3345.0984499999986,22873.612361046442,18214.287633174285,36118.52333253667,0.784895138888889,0.6047722222222222,0,LP,0.004291499993996695,9.094947017729282e-13,0
lag1_shift6h,dev_march,development,2025-03-17,1728.125891079364,1922.4597868962987,72157.31221595214,0.0,58323.10171910131,0.0,58323.10171910131,4778.251776196353,5708.012674714871,19147.451713012346,15334.535381304759,46825.50576231531,0.7601756944444445,0.784895138888889,0,LP,0.004610300005879253,9.094947017729282e-13,0
lag1_shift6h,dev_march,development,2025-03-18,1922.4597868962987,1737.5758827492064,70002.25243902199,0.0,58505.23896480247,0.0,58505.23896480247,1969.1797423068765,3388.6813999999986,19393.833914636092,15875.400984587619,43966.38502784782,0.7760166666666666,0.7601756944444444,0,LP,0.004179500014288351,8.810729923425242e-13,0
lag1_shift6h,dev_march,development,2025-03-19,1737.5758827492064,1941.1042448211647,69780.7396947227,0.0,57047.96220241166,0.0,57047.96220241166,2063.489745629629,4418.111570707821,19213.117908002358,15379.449979617144,45300.278616788084,0.7718381944444445,0.7760166666666666,0,LP,0.0042507000034675,9.094947017729282e-13,0
lag1_shift6h,dev_march,development,2025-03-20,1941.1042448211647,1546.7801379121643,68989.55445935875,0.0,56507.077218184386,0.0,56507.077218184386,735.0502356190474,2533.493556417398,20352.31866775659,16840.26981710095,44057.980206259395,0.7786381944444444,0.7718381944444445,0,LP,0.004288199997972697,9.601208716958354e-13,0
lag1_shift6h,dev_april,development,2025-04-17,1618.0719069862432,1880.993220630689,60182.350693944005,0.0,46775.27847616145,0.0,46775.27847616145,976.3936032804337,2759.1255193145253,17588.737047731916,14010.247826382856,41024.30676308803,0.7477673611111111,0.7623541666666667,0,LP,0.004282699985196814,9.094947017729282e-13,0
lag1_shift6h,dev_april,development,2025-04-18,1880.993220630689,2097.169892532275,27320.420088596395,0.0,15691.364314721435,0.0,15691.364314721435,647.9403967360404,17424.350897822456,14207.645294700762,11313.633683996191,19794.019789113354,0.5594201388888889,0.747767361111111,0,MILP,0.024645900004543364,8.526512829121202e-13,0
lag1_shift6h,dev_april,development,2025-04-19,2097.169892532275,1867.6835835777802,27392.09456252578,0.0,14767.806583711861,0.0,14767.806583711861,816.9444530499703,17139.322220304526,15040.45430121223,12389.30566204095,15239.815755070835,0.5579763888888889,0.5594201388888889,0,MILP,0.10567570000421256,1.3642420526593924e-12,0
lag1_shift6h,dev_april,development,2025-04-20,1867.6835835777802,1837.8278512783108,60765.1634031774,0.0,46885.01704725364,0.0,46885.01704725364,4463.91422466667,0.0,23001.970811825977,18658.46651664857,27548.926059695088,0.7454388888888889,0.5579763888888889,0,LP,0.004508399986661971,5.684341886080801e-13,0
lag1_shift6h,dev_april,development,2025-04-21,1837.8278512783108,1458.2460745365124,59341.82784960732,0.0,46858.679077169974,0.0,46858.679077169974,1851.6380247184022,5999.633835301593,17448.78529116637,14475.139684912385,38806.86940980338,0.7339520833333333,0.745438888888889,0,LP,0.004293500009225681,9.094947017729282e-13,0
lag1_shift6h,dev_april,development,2025-04-22,1458.2460745365124,1518.062393286773,59387.217646470344,0.0,46903.87400433322,0.0,46903.87400433322,1375.5062244561968,2277.3742662186987,18566.174485544976,14984.766646416196,37716.53761855896,0.7509583333333334,0.7339520833333333,0,LP,0.00441370002226904,8.526512829121202e-13,0
lag1_shift6h,dev_april,development,2025-04-23,1518.062393286773,1723.7010339714266,59454.95623040051,63.47740992666732,45513.96911832494,135.36557666861805,45649.33469499355,1902.878041700179,2924.779397242792,16346.2353057966,13055.375821079051,39939.037304006444,0.7479125,0.7509583333333333,1,LP,0.004178999981377274,9.094947017729282e-13,0
lag1_shift6h,dev_april,development,2025-04-24,1723.7010339714266,1800.5332826857164,58993.36763184314,0.0,44240.51612648372,0.0,44240.51612648372,1758.2221630311537,6383.861123328637,19431.72958758142,15670.551942098093,38925.45627022997,0.7361847222222223,0.7479125,0,LP,0.0043617999763228,9.094947017729282e-13,0
lag1_shift6h,dev_april,development,2025-04-25,1800.5332826857164,1586.3637896253958,26725.960113970865,0.0,15099.125942368666,0.0,15099.125942368666,513.8475671028789,21567.550194808933,14931.353925333337,12287.149223274282,19287.443612995412,0.5406916666666667,0.7361847222222222,0,MILP,0.07876419997774065,2.816907201324486e-12,0
lag1_shift6h,dev_april,development,2025-04-26,1586.3637896253958,1481.53010009524,27030.446214424737,0.0,15324.612701400943,0.0,15324.612701400943,117.32923609523834,23801.959834522037,16501.651742375077,13460.688231900951,14508.423530677863,0.5378048611111111,0.5406916666666667,0,MILP,0.08494480000808835,2.2737367544323206e-12,0
lag1_shift6h,dev_april,development,2025-04-27,1481.53010009524,1576.7840426084667,56177.92774817765,0.0,44113.41256891103,0.0,44113.41256891103,2281.478986614931,1033.2690449723657,22126.21044734273,17836.501914085715,25471.069447226597,0.7337826388888888,0.537804861111111,0,LP,0.004645800014259294,9.094947017729282e-13,0
lag1_shift6h,dev_april,development,2025-04-28,1576.7840426084667,1200.0,54985.01423145682,4169.624906199046,44198.88945630658,9472.945487602796,53671.83494390938,142.5847035238096,0.0,14364.172399015877,11974.085281550477,35906.89786792957,0.7660520833333333,0.7337826388888888,11,LP,0.004275400016922504,8.810729923425242e-13,0
lag1_shift6h,dev_april,development,2025-04-29,1200.0,1427.8743279957703,57920.03920355201,0.0,43218.15031837121,0.0,43218.15031837121,581.5715192040053,5983.0865166666645,19563.581872728977,15641.414421714282,40301.58879054875,0.7303826388888888,0.7660520833333333,0,LP,0.004417899996042252,9.094947017729282e-13,0
lag1_shift6h,dev_april,development,2025-04-30,1427.8743279957703,1483.6737865301616,57173.13816000213,0.0,44040.24680456632,0.0,44040.24680456632,2574.2976398753667,3047.815218755065,17073.428186091714,13779.257318053335,37856.19911822461,0.7294423611111112,0.7303826388888889,0,LP,0.004495000001043081,9.094947017729282e-13,0
lag1_shift6h,val_june,validation,2025-06-08,1781.3549957153423,2361.079630143917,87426.91132036298,19.011776857142877,72185.84245831982,131.58670150204773,72317.42915982187,14941.040211787185,2756.4149666666667,21272.592005862436,16709.04735376285,49734.61035166641,0.7970791666666668,0.6502881944444444,3,LP,0.004448699997738004,9.094947017729282e-13,0
lag1_shift6h,val_june,validation,2025-06-09,2361.079630143917,1941.4752797798938,85315.1434512679,17.493581238095203,74573.4730044577,123.65337898147595,74697.12638343917,9541.177750887715,1403.5319833333333,20172.93936989065,16717.72480493905,60778.64913172866,0.81925625,0.7970791666666668,1,LP,0.004243600007612258,7.958078640513122e-13,0
lag1_shift6h,val_june,validation,2025-06-10,1941.4752797798938,2222.4452902074077,86294.53463086479,0.0,74025.56032888923,0.0,74025.56032888923,9755.93503966961,727.2309333333327,20737.11271128277,16544.188286754284,63113.98415741316,0.8168180555555556,0.81925625,0,LP,0.004399299999931827,8.100187187665142e-13,0
lag1_shift6h,val_june,validation,2025-06-11,2222.4452902074077,2338.0594827947098,86703.57288181981,0.0,76032.92799438708,0.0,76032.92799438708,5833.999760657275,715.6320499999994,20870.747269301566,16801.2525148057,63266.65803049334,0.8316965277777778,0.8168180555555556,0,LP,0.004184899997198954,8.668621376273222e-13,0
lag1_shift6h,val_june,validation,2025-06-12,2338.0594827947098,2963.1381006624347,87490.03433714143,0.0,75204.23605370289,0.0,75204.23605370289,9403.798267112286,997.2923166666666,21442.00823130629,16805.455911277146,64324.31984159089,0.8219833333333333,0.8316965277777777,0,LP,0.0041884999955073,9.094947017729282e-13,0
lag1_shift6h,val_june,validation,2025-06-13,2963.1381006624347,2422.9628709650815,40382.58718898054,0.0,25470.93158592386,0.0,25470.93158592386,2533.041649172249,7116.96172533334,15123.304322118756,12736.03420764381,32412.023926776783,0.6400291666666666,0.8219833333333334,0,LP,0.004529700003331527,8.526512829121202e-13,0
lag1_shift6h,val_june,validation,2025-06-14,2422.9628709650815,2307.1653618571463,41138.946977637606,0.0,27581.02576527354,0.0,27581.02576527354,3206.229693349802,8880.071264882752,15597.479092643154,12738.175823238094,25384.08432905256,0.6368673611111111,0.6400291666666666,0,LP,0.00436930000432767,9.094947017729282e-13,0
lag1_shift6h,val_june,validation,2025-06-15,2307.1653618571463,2963.352037241272,89796.73986207342,0.0,76227.06503093748,0.0,76227.06503093748,13528.37633600471,714.9758166666668,22820.238780121104,17893.825404052383,50212.4262821827,0.8178270833333333,0.636867361111111,0,LP,0.00402260001283139,8.526512829121202e-13,0
lag1_shift6h,val_june,validation,2025-06-16,2963.352037241272,2855.547100814816,88335.64303989845,0.0,77148.75608606658,0.0,77148.75608606658,10244.5937164374,990.2291000000002,23704.16762935919,19297.400222564756,63549.435043127356,0.8232416666666666,0.8178270833333333,0,LP,0.004034699988551438,9.094947017729282e-13,0
lag1_shift6h,val_june,validation,2025-06-17,2855.547100814816,2544.46110887513,86603.53213009091,0.0,75258.7957674366,0.0,75258.7957674366,8010.865982269249,401.9364333333333,20177.346792459728,16623.628294638096,63615.37723033923,0.8286263888888888,0.8232416666666666,0,LP,0.004080899991095066,9.094947017729282e-13,0
lag1_shift6h,val_june,validation,2025-06-18,2544.46110887513,2771.7340825047613,87708.38845767024,0.0,73977.31052005712,0.0,73977.31052005712,12221.753717176956,386.8527063786011,20878.13398867372,16706.742854559045,64920.26214937206,0.82005,0.8286263888888888,0,LP,0.004140400007599965,9.094947017729282e-13,0
lag1_shift6h,val_june,validation,2025-06-19,2771.7340825047613,2614.3580495830684,85865.46083379278,35.266493714285616,74767.69000138147,240.21772193485648,75007.90772331633,11026.472294030262,2654.3227499999994,21589.82375319106,17629.395669714286,62762.30901747238,0.8079104166666666,0.82005,1,LP,0.00412780002807267,8.526512829121202e-13,0
lag1_shift6h,val_june,validation,2025-06-20,2614.3580495830684,2240.586448419049,37020.55048620063,0.0,24950.07905656782,0.0,24950.07905656782,2662.7547880987668,9897.590450850086,12610.625464733688,10551.001067481904,30521.96433560659,0.6213069444444445,0.8079104166666666,0,LP,0.0046953999844845384,8.810729923425242e-13,0
lag1_shift6h,val_june,validation,2025-06-21,2240.586448419049,2694.102889580954,36958.89007241698,0.0,23027.283925180083,0.0,23027.283925180083,2643.013243929453,11506.006199034684,16141.923328458555,12666.793099005712,23589.84541162569,0.6095256944444445,0.6213069444444445,0,MILP,0.09579700001631863,1.1937117960769683e-12,0
lag1_shift6h,val_august,validation,2025-08-18,2178.160729337569,1899.976510935454,72905.97314264262,69.12610523809519,67737.22466824196,586.0941221228567,68323.31879036482,3669.33261644915,1111.8608805126369,21316.610162179884,17516.82002792762,56419.855386728945,0.8475611111111111,0.8399,3,LP,0.0046830000064801425,8.668621376273222e-13,0
lag1_shift6h,val_august,validation,2025-08-19,1899.976510935454,1596.9256816021184,73290.10652370304,23.60197933333336,66126.75633529596,198.29637218933357,66325.05270748529,3682.20772251146,1293.766333537919,22593.790228352733,18573.715831365724,56176.25431594547,0.8429152777777777,0.8475611111111111,2,LP,0.004520699993008748,9.094947017729282e-13,0
lag1_shift6h,val_august,validation,2025-08-20,1596.9256816021184,1200.0,73659.03590541874,1301.1242377390352,69079.62746672466,6060.098601250791,75139.72606797544,500.3944260952386,0.0,21927.93559914639,18118.860948750495,57657.86952682516,0.866348611111111,0.8429152777777777,11,LP,0.004647499998100102,8.810729923425242e-13,0
lag1_shift6h,val_august,validation,2025-08-21,1200.0,1747.678652450796,74845.1759974756,2.8009640000000218,66999.8754435611,7.5037825560000595,67007.3792261171,1806.5283121116972,2621.5566050052885,21487.17249378718,16911.698932761905,59910.470882589754,0.8472069444444443,0.866348611111111,1,LP,0.004393700015498325,8.08242361927114e-13,0
lag1_shift6h,val_august,validation,2025-08-22,1747.678652450796,1477.1828330296325,40930.27429742857,0.0,28747.47120447432,0.0,28747.47120447432,42.7245364550256,16718.437872446793,16747.309084241035,13808.766595714282,35779.687900929304,0.6604708333333333,0.8472069444444446,0,MILP,0.0797374999965541,1.0231815394945443e-12,0
lag1_shift6h,val_august,validation,2025-08-23,1477.1828330296325,1694.6562564677242,41733.819575628986,0.0,30662.792917221057,0.0,30662.792917221057,699.1898361763665,14962.636586757197,17611.899587374486,14069.91258467905,28241.52283434336,0.6591965277777778,0.6604708333333333,0,MILP,0.08196660000248812,9.094947017729282e-13,0
lag1_shift6h,val_august,validation,2025-08-24,1694.6562564677242,1972.1714886412685,77292.33601484865,0.0,69930.39272001885,0.0,69930.39272001885,4502.643858310409,4032.2355528853595,25126.860059807164,20102.992939487616,43958.856289520474,0.8410215277777777,0.6591965277777778,0,LP,0.00444769999012351,7.105427357601002e-13,0
lag1_shift6h,val_august,validation,2025-08-25,1972.1714886412685,1829.872120646562,76510.84336876372,0.0,71403.32725865171,0.0,71403.32725865171,662.894159385069,821.2453968242212,23061.50645833156,18807.889662443806,57783.616518523086,0.8601569444444443,0.8410215277777778,0,LP,0.0044698999845422804,9.094947017729282e-13,0
lag1_shift6h,val_august,validation,2025-08-26,1829.872120646562,2015.6237078444456,78164.17546682539,0.0,71327.28941452336,0.0,71327.28941452336,3612.201228103458,4617.487133333335,22307.85417672192,17902.18545466667,61386.118664420675,0.8444180555555555,0.8601569444444446,0,LP,0.0045350000145845115,9.094947017729282e-13,0
lag1_shift6h,val_august,validation,2025-08-27,2015.6237078444456,1707.2972192317472,77608.78470458371,1.3456278095239895,72848.38640535422,11.34969775943009,72859.73610311365,1555.8232069076946,4227.814453496769,22051.777079334504,18139.433274012383,58187.10035269333,0.8533875,0.8444180555555556,1,LP,0.004192299995338544,9.094947017729282e-13,0
lag1_shift6h,val_august,validation,2025-08-28,1707.2972192317472,1686.532208686771,77231.36435315819,27.737549999999942,72041.9012974401,233.66914692499952,72275.5704443651,2138.260366582011,0.0,23009.13190912286,18656.08535588,59218.594713122366,0.863504861111111,0.8533875,2,LP,0.00424919999204576,8.526512829121202e-13,0
lag1_shift6h,val_august,validation,2025-08-29,1686.532208686771,1468.7746902846598,42302.50397608902,0.0,30670.436943661585,0.0,30670.436943661585,1310.5432196731385,15282.739290987653,17631.488852579656,14477.487737151425,36307.225922339865,0.6645076388888889,0.8635048611111111,0,MILP,0.06830769998487085,1.0913936421275139e-11,0
lag1_shift6h,val_august,validation,2025-08-30,1468.7746902846598,1308.5905944486822,42695.2492514944,53.555743300001154,32273.786398376735,106.57592916700231,32380.36232754374,1135.6168055908288,19790.69758685125,18178.612922480886,14868.842153461901,28326.887258882205,0.6546625,0.664507638888889,1,MILP,0.07458730001235381,3.069544618483633e-12,0
lag1_shift6h,val_august,validation,2025-08-31,1308.5905944486822,2076.3535552656085,79491.48039751792,31.60267619047613,72264.94290113538,255.77197966380905,72520.71488079919,4096.739844430334,3350.1777418777247,24939.767049114627,19510.22464504762,45761.1900608878,0.846538888888889,0.6546625,4,LP,0.004651099996408448,8.415490526658687e-13,0
lag1_shift6h,eval_september,evaluation,2025-09-10,4786.2408636984155,3960.197658100531,68429.5715362893,0.0,60357.697483399774,0.0,60357.697483399774,3767.0028957848363,165.15557910640993,20657.122612821866,17475.70820142381,44065.85121288513,0.7818236111111112,0.7518833333333332,0,LP,0.004415899980813265,9.094947017729282e-13,0
lag1_shift6h,eval_september,evaluation,2025-09-11,3960.197658100531,3978.1521545820146,70630.058648395,0.0,60670.50310424262,0.0,60670.50310424262,5229.95602346267,8001.724165769545,20453.33488945326,16551.04221362381,48012.02168699216,0.7530638888888889,0.7818236111111111,0,LP,0.004299099993659183,8.952838470577262e-13,0
lag1_shift6h,eval_september,evaluation,2025-09-12,3978.1521545820146,3973.2553168306817,37053.67122012487,0.0,25541.28975271896,0.0,25541.28975271896,2607.3926216460923,19838.518127630807,16107.954867495584,13051.850596647622,25760.577950052888,0.5750854166666666,0.7530638888888889,0,MILP,0.06818219998967834,1.964255918412366e-12,0
lag1_shift6h,eval_september,evaluation,2025-09-13,3973.2553168306817,4185.376702878307,37655.70472822804,0.0,25434.08546948814,0.0,25434.08546948814,2403.498957330985,23680.31239885714,17757.277059282773,14192.48517057618,19789.774842275707,0.5665159722222222,0.5750854166666666,0,MILP,0.07385769998654723,1.0231815394945443e-12,0
lag1_shift6h,eval_september,evaluation,2025-09-14,4185.376702878307,2615.5906666666697,70515.9542721,0.0,63177.08831118908,0.0,63177.08831118908,7833.645739722809,0.0,21030.48007877719,18447.496296399997,31010.651414361746,0.7759062499999999,0.5665159722222222,0,LP,0.004881999979261309,7.958078640513122e-13,0
lag1_shift6h,eval_september,evaluation,2025-09-15,2615.5906666666697,3464.4031764338647,69550.37337002537,0.0,60210.40133797521,0.0,60210.40133797521,3574.6692856178734,6319.979649258084,20130.32917381892,15541.63537200286,47574.98234765658,0.761726388888889,0.7759062499999999,0,LP,0.004281100002117455,9.094947017729282e-13,0
lag1_shift6h,eval_september,evaluation,2025-09-16,3464.4031764338647,2814.0223501851838,68136.26093932943,0.0,60100.61598893895,0.0,60100.61598893895,4272.604489367433,1373.8206637319167,18860.044981687253,15861.979178790474,44654.35984390877,0.7779465277777776,0.761726388888889,0,LP,0.004588400013744831,7.673861546209082e-13,0
lag1_shift6h,eval_september,evaluation,2025-09-17,2814.0223501851838,2915.201417518519,69691.2081333765,0.0,60561.15032687957,0.0,60561.15032687957,3564.795626696062,2418.3830139447336,19246.578590188125,15498.667497452385,48223.32195615607,0.778054861111111,0.7779465277777777,0,LP,0.004197700007352978,9.094947017729282e-13,0
lag1_shift6h,eval_september,evaluation,2025-09-18,2915.201417518519,3205.300158280424,69765.6467293175,0.0,60367.91886151827,0.0,60367.91886151827,3116.9970434391535,3666.595961228785,19815.335480511458,15789.332872528572,47068.767125316415,0.7698256944444445,0.778054861111111,0,LP,0.004562900023302063,9.094947017729282e-13,0
lag1_shift6h,eval_september,evaluation,2025-09-19,3205.300158280424,4008.0848676402125,36244.598738476474,0.0,23627.863145755156,0.0,23627.863145755156,1241.5248662551435,15324.026268700758,15027.310781211054,11449.615494357144,26378.46608940819,0.5932520833333333,0.7698256944444444,0,MILP,0.08536639998783357,2.2634218404030996e-11,0
lag1_shift6h,eval_september,evaluation,2025-09-20,4008.0848676402125,3669.699961566136,36135.21901997978,0.0,23777.393247574168,0.0,23777.393247574168,1974.09941839506,15611.864444556144,16886.146521904753,13982.325098209525,19363.651396906855,0.5874611111111112,0.5932520833333333,0,MILP,0.0838590000057593,6.014033715473488e-11,0
lag1_shift6h,eval_september,evaluation,2025-09-21,3669.699961566136,3314.9127158148112,72588.3444612642,0.0,65232.204947739156,0.0,65232.204947739156,6678.238631066428,4143.488364231629,19991.781598994712,16512.6516163619,33669.234179257684,0.7738493055555556,0.5874611111111111,0,LP,0.004587600007653236,9.094947017729282e-13,0
lag1_shift6h,eval_september,evaluation,2025-09-22,3314.9127158148112,2616.0726535502668,69761.63440865438,0.0,61341.69482419818,0.0,61341.69482419818,1528.2706403586103,4259.883205503817,20991.667028930035,17632.206349471424,46179.984133955404,0.7821659722222223,0.7738493055555555,0,LP,0.0041563000122550875,8.881784197001252e-13,0
lag1_shift6h,eval_september,evaluation,2025-09-23,2616.0726535502668,2821.5157298677295,70978.20678650314,6.375,63054.1032319656,44.0799375,63098.1831694656,404.0323919047621,4421.6903770793115,20301.81402894767,16259.570594761908,47667.173599270725,0.7817520833333333,0.7821659722222223,1,LP,0.004212600004393607,9.094947017729282e-13,0
lag1_shift6h,eval_december,evaluation,2025-12-08,1451.3861965089911,2421.5549215259293,96351.971285786,0.0,88427.11830282197,0.0,88427.11830282197,3403.4556081987075,0.0,22253.43530739682,17152.130746476192,71789.36958494026,0.9085152777777777,0.9101083333333333,0,LP,0.004429900000104681,9.663381206337363e-13,0
lag1_shift6h,eval_december,evaluation,2025-12-09,2421.5549215259293,2264.6849729259284,96004.82432148381,0.0,85923.17206257513,0.0,85923.17206257513,4454.672517733089,7.1056166666667195,22609.34144293357,18454.749522516187,71029.50180244318,0.9057770833333332,0.9085152777777777,0,LP,0.003964299976360053,9.094947017729282e-13,0
lag1_shift6h,eval_december,evaluation,2025-12-10,2264.6849729259284,2231.5156766592627,96102.00267160474,15.091629523809956,87486.2144973996,82.49694772119285,87568.7114451208,3482.8973903092283,0.0,22507.530583119333,18260.952138966662,69967.15829268757,0.9161590277777777,0.9057770833333332,2,LP,0.003974899998866022,7.389644451905042e-13,0
lag1_shift6h,eval_december,evaluation,2025-12-11,2231.5156766592627,2350.2321261851885,96919.14772327476,0.0,86456.21549946516,0.0,86456.21549946516,6437.557833616693,0.0,23228.89676360376,18708.561573945713,72036.03918057423,0.8976340277777778,0.9161590277777777,0,LP,0.004079200007254258,1.0231815394945443e-12,0
lag1_shift6h,eval_december,evaluation,2025-12-12,2350.2321261851885,1778.0263887111175,49942.029869873026,0.0,33553.6884899502,0.0,33553.6884899502,1541.1675087136994,1959.3222072592505,17063.746496281015,14336.619825714282,35278.07904381539,0.7237798611111111,0.8976340277777778,0,LP,0.00427149998722598,1.0231815394945443e-12,0
lag1_shift6h,eval_december,evaluation,2025-12-13,1778.0263887111175,1964.1217799629674,51782.805523840194,0.0,35093.72878700272,0.0,35093.72878700272,1650.9553666749016,2588.0850385784797,18830.24149014109,15085.00975488762,29232.564702190622,0.7296965277777777,0.7237798611111111,0,LP,0.004366099979961291,9.094947017729282e-13,0
lag1_shift6h,eval_december,evaluation,2025-12-14,1964.1217799629674,2263.9839029703708,98223.95349225082,4.6172620952379475,88693.98422198792,26.09676536228488,88720.0809873502,4431.091103690002,0.0,24994.115473417973,19975.3576227619,56822.041532295014,0.9207375000000001,0.7296965277777778,1,LP,0.0040385999891441315,6.252776074688882e-13,0
lag1_shift6h,eval_december,evaluation,2025-12-15,2263.9839029703708,2386.925932281487,99343.84443832606,0.0,90546.72748461725,0.0,90546.72748461725,5315.504928746626,0.0,23411.23008701468,18852.4485441019,74128.33779136304,0.9144402777777779,0.9207375,0,LP,0.003946400014683604,1.0231815394945443e-12,0
lag1_shift6h,eval_december,evaluation,2025-12-16,2386.925932281487,2331.95763172593,98922.95269875615,0.0,91696.31708234738,0.0,91696.31708234738,5446.550454411516,0.0,21619.907271112283,17561.596360100953,73983.71009574117,0.9109138888888888,0.9144402777777779,0,LP,0.0037937999877613038,7.958078640513122e-13,0
lag1_shift6h,eval_december,evaluation,2025-12-17,2331.95763172593,2357.5863029629622,98579.84704018269,0.0,88830.95002568288,0.0,88830.95002568288,6124.162282924161,0.0,22319.85203409759,18056.014343505718,73171.5229419955,0.9088097222222221,0.910913888888889,0,LP,0.003802499995799735,8.526512829121202e-13,0
lag1_shift6h,eval_december,evaluation,2025-12-18,2357.5863029629622,2319.5289322740764,98175.7599475074,0.0,89310.6185429697,0.0,89310.6185429697,6367.123886911229,86.18373333333352,23107.563127453257,18751.377766857142,72259.01116043935,0.9094777777777777,0.9088097222222221,0,LP,0.003792800009250641,5.684341886080801e-13,0
lag1_shift6h,eval_december,evaluation,2025-12-19,2319.5289322740764,1557.2871804000065,51335.22226342364,0.0,35453.83171841882,0.0,35453.83171841882,972.00325649971,4735.736582048205,17921.624745065244,15202.533620189528,35843.06381902637,0.7250944444444445,0.9094777777777779,0,LP,0.004520899994531646,9.094947017729282e-13,0
lag1_shift6h,eval_december,evaluation,2025-12-20,1557.2871804000065,1774.7590450740747,51802.74200796568,0.0,33100.82433898196,0.0,33100.82433898196,1193.947760771312,4505.2625410617275,16060.288304873608,12813.108848740958,29650.757316111074,0.7189708333333333,0.7250944444444445,0,LP,0.004128800006583333,9.094947017729282e-13,0
lag1_shift6h,eval_december,evaluation,2025-12-21,1774.7590450740747,2406.7151833333373,98233.13579143333,0.0,86924.64800697846,0.0,86924.64800697846,3823.8156752216332,0.0,25277.77750058788,19906.23925104286,55592.12704944842,0.9100763888888888,0.7189708333333333,0,LP,0.0037641999952029437,9.094947017729282e-13,0
oracle,dev_march,development,2025-03-07,1607.6682326867735,1822.4364293291005,34458.96957936966,0.0,13790.838267140474,0.0,13790.838267140474,760.4768494908885,9285.917380623163,17352.62336286419,13862.333546941909,13790.838267140476,0.6085013888888889,0.6085013888888889,0,MILP,0.11203109999769367,2.0463630789890885e-12,0
oracle,dev_march,development,2025-03-08,1822.4364293291005,1714.2622919460346,33598.205492470304,0.0,13343.893198614707,0.0,13343.893198614707,620.9664958589055,10448.670914920636,18751.501519309804,15286.072954285715,13343.893198614707,0.5972631944444444,0.5972631944444444,0,MILP,0.08552550000604242,1.8189894035458565e-12,0
oracle,dev_march,development,2025-03-09,1714.2622919460346,1573.0809219608477,76759.27775847202,0.0,48298.21162230143,0.0,48298.21162230143,7591.750666733686,2236.020816666666,19605.497147675484,16007.51592260381,48298.21162230143,0.7838090277777777,0.7838090277777777,0,LP,0.004242000024532899,7.958078640513122e-13,0
oracle,dev_march,development,2025-03-10,1573.0809219608477,1435.3602848719606,75486.38346118867,0.0,48898.0455132948,0.0,48898.0455132948,3051.5303361163974,360.69671666666625,21873.860693608465,17841.775735202857,48898.0455132948,0.802451388888889,0.802451388888889,0,LP,0.004584299982525408,6.821210263296962e-13,0
oracle,dev_march,development,2025-03-11,1435.3602848719606,1657.1619281174596,75106.1830503759,0.0,47632.217536202304,0.0,47632.217536202304,5358.011358454712,1755.1075,20286.967963159303,16232.822571238092,47632.2175362023,0.7893930555555556,0.7893930555555556,0,LP,0.004204900003969669,8.597567102697212e-13,0
oracle,dev_march,development,2025-03-12,1657.1619281174596,1468.3751579915365,74742.15338934411,0.0,46590.858417280884,0.0,46590.858417280884,6435.10113228923,2172.9285666666665,20360.51105351676,16661.922046461907,46590.85841728086,0.7801680555555556,0.7801680555555556,0,LP,0.004263400012860075,9.094947017729282e-13,0
oracle,dev_march,development,2025-03-13,1468.3751579915365,1411.4148678222232,73899.05153429613,44.98359440285583,47142.17920263705,282.30905782009916,47424.48826045715,2273.089239296737,105.99734999999987,21424.183073094657,17404.852550359043,47142.17920263704,0.7996374999999999,0.7996374999999999,2,LP,0.004165399994235486,8.588685318500211e-13,0
oracle,dev_march,development,2025-03-14,1411.4148678222232,1913.0443908000007,33159.170938232804,0.0,12643.21930381079,0.0,12643.21930381079,700.7735535896551,12299.818252344503,19356.24514887008,15227.09199990476,12643.219303810793,0.5913868055555556,0.5913868055555556,0,MILP,0.08699720000731759,1.846218499819219e-12,0
oracle,dev_march,development,2025-03-15,1913.0443908000007,1378.6860069322775,32036.854523318034,0.0,12904.9017623536,0.0,12904.9017623536,637.263886095238,7581.061240328042,17764.877854609047,14870.473607714282,12904.901762353602,0.6047722222222222,0.6047722222222222,0,MILP,0.09460019998368807,1.7053025658242404e-12,0
oracle,dev_march,development,2025-03-16,1378.6860069322775,1829.774123456089,73891.061685862,0.0,45913.48824937448,0.0,45913.48824937448,5464.836823214581,488.8266500000001,22001.957760224574,17415.60648091048,45913.48824937447,0.784895138888889,0.784895138888889,0,LP,0.004309400013880804,1.0231815394945443e-12,0
oracle,dev_march,development,2025-03-17,1829.774123456089,1960.1193718952377,72284.61333428923,0.0,43916.040976974364,0.0,43916.040976974364,8108.763763131105,2635.2772333333323,18763.843057348615,15081.402152857141,43916.04097697436,0.7601756944444445,0.7601756944444445,0,LP,0.004328300012275577,9.094947017729282e-13,0
oracle,dev_march,development,2025-03-18,1960.1193718952377,1817.6193919396844,70276.5062434977,0.0,43145.78282572605,0.0,43145.78282572605,3869.8011703057036,1253.98175,21868.49967623867,17841.73471971333,43145.782825726026,0.7760166666666666,0.7760166666666666,0,LP,0.004327999980887398,1.0231815394945443e-12,0
oracle,dev_march,development,2025-03-19,1817.6193919396844,2073.3358471291012,70298.98309726392,0.0,42664.195910184324,0.0,42664.195910184324,4393.697232130514,1902.2185999999997,22670.8000287525,18133.203213619054,42664.1959101843,0.7718381944444445,0.7718381944444445,0,LP,0.004353700001956895,8.952838470577262e-13,0
oracle,dev_march,development,2025-03-20,2073.3358471291012,1549.1573614962977,69197.18433214343,58.90048332095262,42886.03849166989,389.5677966847806,43275.60628835467,2423.3275808865346,1014.3316833333329,21480.12827182833,17870.664537250483,42886.03849166989,0.7786381944444444,0.7786381944444444,1,LP,0.00438989998656325,9.094947017729282e-13,0
oracle,dev_april,development,2025-04-17,1618.0719069862432,1998.7322361989454,60737.17701478543,0.0,35701.32041197962,0.0,35701.32041197962,1933.9745673897755,1670.017456250445,20643.41234133568,16378.569700190475,35701.32041197964,0.7477673611111111,0.7477673611111111,0,LP,0.004691500012995675,9.094947017729282e-13,0
oracle,dev_april,development,2025-04-18,1998.7322361989454,2071.0299826529094,27435.842235897137,0.0,10562.283678987422,0.0,10562.283678987422,555.6605537142866,17466.14093762257,15762.397839044088,12702.474277817144,10562.28367898742,0.5594201388888889,0.5594201388888889,0,MILP,0.08854970001266338,2.6147972675971687e-12,0
oracle,dev_april,development,2025-04-19,2071.0299826529094,2105.5576629968255,27401.048148930433,0.0,10593.226749203935,0.0,10593.226749203935,625.6600212380963,17020.95563387066,15466.728060590243,12496.974816768567,10593.226749203935,0.5579763888888889,0.5579763888888889,0,MILP,0.0951276000123471,1.4665602066088468e-11,0
oracle,dev_april,development,2025-04-20,2105.5576629968255,2056.657125238098,59744.039655735425,0.0,35286.27356770046,0.0,35286.27356770046,1870.789617100532,2179.7268573791935,19893.625167922404,16157.846870000001,35286.27356770046,0.7454388888888889,0.7454388888888889,0,LP,0.00481369998306036,9.094947017729282e-13,0
oracle,dev_april,development,2025-04-21,2056.657125238098,1559.6277619534403,59508.391506845386,0.0,34600.44006487441,0.0,34600.44006487441,3284.8500525196973,4552.805315923584,18953.43253697353,15799.60678190476,34600.440064874405,0.7339520833333333,0.7339520833333333,0,LP,0.0042526999895926565,9.094947017729282e-13,0
oracle,dev_april,development,2025-04-22,1559.6277619534403,1719.2017323608454,59559.049558269246,0.0,35234.748084967774,0.0,35234.748084967774,1763.4848323621422,1690.2449275567371,20046.178464826575,16093.787983142858,35234.74808496779,0.7509583333333334,0.7509583333333334,0,LP,0.004257799999322742,9.094947017729282e-13,0
oracle,dev_april,development,2025-04-23,1719.2017323608454,1849.8611342042336,59903.88753558259,0.0,35473.78153610371,0.0,35473.78153610371,2470.242867702531,2081.2654138718376,20183.521450960598,16231.058913619047,35473.78153610371,0.7479125,0.7479125,0,LP,0.004531799990218133,9.094947017729282e-13,0
oracle,dev_april,development,2025-04-24,1849.8611342042336,1771.3787259809537,58877.32606257967,0.0,34649.291746218325,0.0,34649.291746218325,3071.766440177547,5039.331974074075,19719.763766994693,16043.642818666665,34649.29174621834,0.7361847222222223,0.7361847222222223,0,LP,0.005393200000980869,9.094947017729282e-13,0
oracle,dev_april,development,2025-04-25,1771.3787259809537,1747.1472936000064,26913.46472624221,0.0,9833.783511346099,0.0,9833.783511346099,376.1411999047629,21467.225507666073,16271.308725338034,13201.568356666665,9833.7835113461,0.5406916666666667,0.5406916666666667,0,MILP,0.09882409998681396,1.0800249583553523e-11,0
oracle,dev_april,development,2025-04-26,1747.1472936000064,1493.6703224359808,26950.053645691794,0.0,9868.789356261337,0.0,9868.789356261337,226.3229306666666,23692.55157470193,16784.814637039384,13823.829130049531,9868.789356261339,0.5378048611111111,0.5378048611111111,0,MILP,0.09227649998501875,1.2656897752094665e-10,0
oracle,dev_april,development,2025-04-27,1493.6703224359808,1485.078089274073,55844.81751914402,421.7238946057153,32404.280022040333,2766.7196105607954,35170.99963260114,1650.0946169523802,2204.210185148734,20244.728621900053,16405.96319358476,32404.280022040337,0.7337826388888888,0.7337826388888888,1,LP,0.00468340000952594,9.094947017729282e-13,0
oracle,dev_april,development,2025-04-28,1485.078089274073,1504.9808207925923,55320.25370961325,4705.248702550468,32844.26517295119,30198.315227601775,63042.580400552964,514.3019822998249,0.0,15112.213972792479,12222.98085959524,32844.265172951185,0.7660520833333333,0.7660520833333333,9,LP,0.0046024000039324164,9.094947017729282e-13,0
oracle,dev_april,development,2025-04-29,1504.9808207925923,1687.2567856740727,57853.860530660786,99.57185541618514,33362.83691141577,658.9665391443133,34021.80345056009,2371.2991392263375,4353.3352427983555,19113.34694206467,15317.762654679047,33362.836911415754,0.7303826388888888,0.7303826388888888,1,LP,0.004509199992753565,8.952838470577262e-13,0
oracle,dev_april,development,2025-04-30,1687.2567856740727,1593.67784555344,57203.17429927455,0.0,33251.04140465355,0.0,33251.04140465355,2660.580315075837,2737.5195254297496,19118.110902864195,15569.89087742857,33251.04140465355,0.7294423611111112,0.7294423611111112,0,LP,0.004812600003788248,8.86402062860725e-13,0
oracle,val_june,validation,2025-06-08,1781.3549957153423,2091.7393678433887,87050.55241328751,19.011776857142877,59055.0901585439,131.58670150204773,59186.67686004595,16961.53787600706,1625.3386999999996,15886.412697661379,12588.648350190473,59055.090158543884,0.7970791666666668,0.7970791666666668,3,LP,0.004489500017371029,9.094947017729282e-13,0
oracle,val_june,validation,2025-06-09,2091.7393678433887,2093.2340231269873,85555.22771916167,26.182083523809524,59241.7738490821,184.1079778854762,59425.881826967576,9794.78202006703,1049.4811333333332,20016.25645366606,16211.822537714284,59241.77384908211,0.81925625,0.81925625,2,LP,0.003878300020005554,6.821210263296962e-13,0
oracle,val_june,validation,2025-06-10,2093.2340231269873,2295.0220524063516,85969.38013474777,0.0,59196.941205565294,0.0,59196.941205565294,9794.612887928279,593.9374999999995,19898.822563867136,15936.437050380951,59196.94120556531,0.8168180555555556,0.8168180555555556,0,LP,0.00407729999278672,9.094947017729282e-13,0
oracle,val_june,validation,2025-06-11,2295.0220524063516,2474.5712924793647,86539.73925704056,2.011921428571327,59705.71760086233,13.950663185713582,59719.66826404804,6059.416349723702,0.0,22296.285242173995,17898.396730095235,59705.717600862336,0.8316965277777778,0.8316965277777778,1,LP,0.00396469997940585,9.094947017729282e-13,0
oracle,val_june,validation,2025-06-12,2474.5712924793647,2559.511824644445,87512.36680568958,0.0,60696.59429986776,0.0,60696.59429986776,10685.84968674545,541.7576999999998,19768.00792980129,15935.639944190474,60696.594299867764,0.8219833333333333,0.8219833333333333,0,LP,0.004464400000870228,9.094947017729282e-13,0
oracle,val_june,validation,2025-06-13,2559.511824644445,2575.636351815871,40231.50691496768,0.0,20038.93073356636,0.0,20038.93073356636,2794.787594992359,6428.929215289836,13936.654369637863,11274.17796495238,20038.93073356636,0.6400291666666666,0.6400291666666666,0,LP,0.004485199984628707,8.526512829121202e-13,0
oracle,val_june,validation,2025-06-14,2575.636351815871,2582.561823325925,41095.83667772903,0.0,20526.68153568769,0.0,20526.68153568769,3036.754467714287,8660.700471388596,16835.821390879486,13630.78240225333,20526.68153568769,0.6368673611111111,0.6368673611111111,0,LP,0.0050725000037346035,9.094947017729282e-13,0
oracle,val_june,validation,2025-06-15,2582.561823325925,3358.1324558264578,88508.33442049142,0.0,61217.158221724356,0.0,61217.158221724356,13248.237366559668,441.1485499999999,18389.266322884196,14197.292152285712,61217.1582217244,0.8178270833333333,0.8178270833333333,0,LP,0.004099500016309321,9.094947017729282e-13,0
oracle,val_june,validation,2025-06-16,3358.1324558264578,3132.299075544974,87005.14329898644,0.0,61092.54943336837,0.0,61092.54943336837,10638.806975660209,271.4355833333334,18968.936660945314,15568.08873761905,61092.54943336837,0.8232416666666666,0.8232416666666666,0,LP,0.004025800008093938,9.094947017729282e-13,0
oracle,val_june,validation,2025-06-17,3132.299075544974,2674.202902864549,86852.92052100998,3.081040857142966,60194.04403629579,21.046590095143603,60215.090626390935,8387.68055019283,194.24276666666685,21312.387282912397,17675.320254571427,60194.044036295774,0.8286263888888888,0.8286263888888888,1,LP,0.004483999975491315,7.389644451905042e-13,0
oracle,val_june,validation,2025-06-18,2674.202902864549,2999.764415971432,87238.50512516638,0.0,60725.96914438165,0.0,60725.96914438165,12534.876438904175,88.67290000000003,17860.839602452674,14174.27471619047,60725.969144381634,0.82005,0.82005,0,LP,0.004038699989905581,9.094947017729282e-13,0
oracle,val_june,validation,2025-06-19,2999.764415971432,2761.624262774605,84950.68628261375,48.66240171428569,58223.961952042184,334.32397563485705,58558.28592767704,11777.020268915938,1736.3104999999996,18109.683438364496,14883.169722952389,58223.96195204217,0.8079104166666666,0.8079104166666666,2,LP,0.004108900000574067,9.094947017729282e-13,0
oracle,val_june,validation,2025-06-20,2761.624262774605,2963.349655696302,37225.78381179209,0.0,18606.334471095517,0.0,18606.334471095517,2141.8949049523817,9671.900796776019,14893.970560179885,11882.563300116188,18606.334471095524,0.6213069444444445,0.6213069444444445,0,LP,0.0046730000176467,9.094947017729282e-13,0
oracle,val_june,validation,2025-06-21,2963.349655696302,3179.9286485566154,35851.21194285629,0.0,17932.089040886112,0.0,17932.089040886112,1834.2774746666682,11539.02479084774,15517.095704039975,12373.926426698099,17932.089040886116,0.6095256944444445,0.6095256944444445,0,MILP,0.14316469998448156,1.1368683772161603e-12,0
oracle,val_august,validation,2025-08-18,2178.160729337569,2168.930028625398,72595.1701757037,132.611270952381,52803.54520874742,1115.5127389771433,53919.05794772458,2500.603533035868,1958.1206275108755,20438.154210966477,16563.21254152381,52803.545208747426,0.8475611111111111,0.8475611111111111,5,LP,0.004863200010731816,8.668621376273222e-13,0
oracle,val_august,validation,2025-08-19,2168.930028625398,1852.4128791502656,72403.70454322852,115.82866466666655,52726.09582104178,987.5119954816656,53713.60781652345,1941.487717347442,3005.903094917109,18628.14621135919,15373.663865728575,52726.095821041774,0.8429152777777777,0.8429152777777777,4,LP,0.004562300018733367,8.526512829121202e-13,0
oracle,val_august,validation,2025-08-20,1852.4128791502656,1630.2109173555552,72917.38526192355,2099.437016692369,53514.10325656089,15572.520212562453,69086.62346912335,806.9329649417989,0.0,19785.157961172245,16225.959714164776,53514.10325656088,0.866348611111111,0.866348611111111,10,LP,0.004612099990481511,9.094947017729282e-13,0
oracle,val_august,validation,2025-08-21,1630.2109173555552,1854.96182146032,74169.36886584717,0.0,53527.77574174141,0.0,53527.77574174141,2347.9434892145773,2232.7147242880646,18642.19134377307,14897.899174761904,53527.77574174141,0.8472069444444443,0.8472069444444443,0,LP,0.005364299984648824,9.094947017729282e-13,0
oracle,val_august,validation,2025-08-22,1854.96182146032,1486.6533281999998,40464.64407693356,33.57257334380747,22663.700782900105,68.55519476805485,22732.25597766816,142.23804295238142,16718.25579118401,14413.847684606697,12006.694268465717,22663.7007829001,0.6604708333333333,0.6604708333333333,1,MILP,0.07461529999272898,3.4737644859382678e-12,0
oracle,val_august,validation,2025-08-23,1486.6533281999998,1925.911408839153,41232.478814140275,0.0,22595.91261275261,0.0,22595.91261275261,502.35696862198716,14969.859436482066,14920.652560320983,11690.396301284762,22595.91261275261,0.6591965277777778,0.6591965277777778,0,MILP,0.07996250002179295,1.517719283583574e-11,0
oracle,val_august,validation,2025-08-24,1925.911408839153,2100.0782866380923,76181.05017734978,0.0,54733.13221362962,0.0,54733.13221362962,4279.701807822454,4226.229044444445,19919.892903844793,15978.363062095243,54733.13221362964,0.8410215277777777,0.8410215277777777,0,LP,0.0052324999996926636,7.958078640513122e-13,0
oracle,val_august,validation,2025-08-25,2100.0782866380923,1707.2043083703695,76151.70229930154,194.44487727809326,55127.912894617315,1651.7392593657946,56779.652153983116,1418.4546753944765,671.1679166666668,20194.863938383303,16711.42637053143,55127.912894617315,0.8601569444444443,0.8601569444444443,3,LP,0.004497100017033517,9.094947017729282e-13,0
oracle,val_august,validation,2025-08-26,1707.2043083703695,2289.724857334394,77810.48083583776,0.0,55148.43895568428,0.0,55148.43895568428,5548.620280511459,2347.2462063786024,20323.82879761434,15938.032832,55148.43895568427,0.8444180555555555,0.8444180555555555,0,LP,0.004434300004504621,9.094947017729282e-13,0
oracle,val_august,validation,2025-08-27,2289.724857334394,1885.1668969915356,77091.64954636684,16.225255619048085,55002.204366604645,134.3372614190515,55136.5416280237,3584.4178278001177,1955.4439333333335,21147.1912552334,17493.327081047617,55002.20436660464,0.8533875,0.8533875,2,LP,0.005123599985381588,9.094947017729282e-13,0
oracle,val_august,validation,2025-08-28,1885.1668969915356,1928.8909241407405,76348.94166178646,46.880709523809514,55090.58442352092,388.3171611380952,55478.90158465902,1659.5063588018843,0.0,20679.838972319805,16711.317943144768,55090.58442352094,0.863504861111111,0.863504861111111,3,LP,0.004273900005500764,8.242295734817162e-13,0
oracle,val_august,validation,2025-08-29,1928.8909241407405,1784.4022373777775,41492.658967841264,0.0,23009.750917377663,0.0,23009.750917377663,1042.2922488571442,15090.475426605526,15445.84610771193,12641.175165333334,23009.75091737766,0.6645076388888889,0.6645076388888889,0,MILP,0.08278470000368543,2.3874235921539366e-12,0
oracle,val_august,validation,2025-08-30,1784.4022373777775,1487.3890171174626,42164.22229411308,0.0,23260.226787782245,0.0,23260.226787782245,973.9011430241051,19807.50960002938,16512.650610318633,13642.55889259238,23260.226787782238,0.6546625,0.6546625,0,MILP,0.10090040002251044,2.546585164964199e-11,0
oracle,val_august,validation,2025-08-31,1487.3890171174626,2395.7523527111125,78511.04718596587,26.50513619047615,55692.11567968675,218.3203532838092,55910.43603297056,4536.673750079953,2629.044000000001,20566.760456362146,15841.548967619052,55692.11567968673,0.846538888888889,0.846538888888889,3,LP,0.004638400016119704,9.348077867343818e-13,0
oracle,eval_september,evaluation,2025-09-10,4786.2408636984155,5219.073491063494,68174.1411069195,968.5033833333317,45262.08819362148,5167.422119424991,50429.51031304646,3203.8548007148675,0.0,22280.219341628454,17657.428302090477,45262.08819362149,0.7818236111111112,0.7818236111111112,7,LP,0.0049928000080399215,9.094947017729282e-13,0
oracle,eval_september,evaluation,2025-09-11,5219.073491063494,5148.901516656086,68758.85592853262,0.0,44866.50585346592,0.0,44866.50585346592,7002.92927266549,4680.028049999999,19173.513681581426,15593.700859047618,44866.505853465904,0.7530638888888889,0.7530638888888889,0,LP,0.004740799980936572,8.952838470577262e-13,0
oracle,eval_september,evaluation,2025-09-12,5148.901516656086,5064.217895449734,35781.99286610934,0.0,17178.794260544735,0.0,17178.794260544735,1421.1709096190477,19562.32968786596,17489.7438300529,14242.90776142857,17178.79426054474,0.5750854166666666,0.5750854166666666,0,MILP,0.07029889998375438,1.3926637620897964e-12,0
oracle,eval_september,evaluation,2025-09-13,5064.217895449734,5269.509571904761,35970.69987133333,0.0,17374.899409028447,0.0,17374.899409028447,1151.8287497824817,23517.556000629047,16365.53225673133,13071.318619142854,17374.899409028447,0.5665159722222222,0.5665159722222222,0,MILP,0.07162299999617971,7.617018127348274e-12,0
oracle,eval_september,evaluation,2025-09-14,5269.509571904761,4983.513647793654,68250.9172735203,0.0,45542.620691350035,0.0,45542.620691350035,4648.711441809517,137.52479652674936,19067.119036231627,15701.762751047621,45542.620691350014,0.7759062499999999,0.7759062499999999,0,LP,0.0044707999913953245,1.0231815394945443e-12,0
oracle,eval_september,evaluation,2025-09-15,4983.513647793654,4201.535500301585,67041.55716215521,0.0,44083.38654158929,0.0,44083.38654158929,5713.608253885948,3213.990466666666,19740.569163221633,16693.64135495238,44083.386541589294,0.761726388888889,0.761726388888889,0,LP,0.004533499974058941,7.105427357601002e-13,0
oracle,eval_september,evaluation,2025-09-16,4201.535500301585,3970.2962505079367,67550.05937370488,0.0,44914.500476472946,0.0,44914.500476472946,2980.954937901237,1430.3384217530916,20290.05976595532,16643.063735238098,44914.50047647295,0.7779465277777776,0.7779465277777776,0,LP,0.004212299973005429,7.673861546209082e-13,0
oracle,eval_september,evaluation,2025-09-17,3970.2962505079367,3967.777792878308,68450.19347148263,7.62916666666672,44983.45356175593,38.19542291666694,45021.648984672596,4589.248034300999,0.0,20582.751661657847,16674.295457809523,44983.453561755916,0.778054861111111,0.778054861111111,1,LP,0.004264599992893636,9.094947017729282e-13,0
oracle,eval_september,evaluation,2025-09-18,3967.777792878308,3945.7672890634926,68579.38096558966,0.0,44584.033573022854,0.0,44584.033573022854,4328.660824573777,1438.4827399270985,20399.977567660204,16543.791283238097,44584.03357302285,0.7698256944444445,0.7698256944444445,0,LP,0.004579200001899153,9.094947017729282e-13,0
oracle,eval_september,evaluation,2025-09-19,3945.7672890634926,4485.785683402115,35516.2836475191,0.0,16912.61291700073,0.0,16912.61291700073,838.0847734038791,15056.71334927101,15969.035017225166,12448.901809047615,16912.61291700073,0.5932520833333333,0.5932520833333333,0,MILP,0.05806539999321103,1.4779288903810084e-12,0
oracle,eval_september,evaluation,2025-09-20,4485.785683402115,4565.187970851853,35325.35932680189,0.0,16491.467884186048,0.0,16491.467884186048,975.7910304761905,15356.207384550265,17244.553261775418,13896.62608333333,16491.467884186048,0.5874611111111112,0.5874611111111112,0,MILP,0.08540730000822805,3.637978807091713e-12,0
oracle,eval_september,evaluation,2025-09-21,4565.187970851853,4088.1891826243364,71198.79975333567,0.0,47127.26011341824,0.0,47127.26011341824,6422.653472471484,3429.827249999999,18358.581352292767,15299.749804761903,47127.26011341824,0.7738493055555556,0.7738493055555556,0,LP,0.004397900018375367,7.815970093361102e-13,0
oracle,eval_september,evaluation,2025-09-22,4088.1891826243364,3231.7101723968276,68546.57402203526,0.0,45551.4335845652,0.0,45551.4335845652,2732.927340315111,2524.7006999999994,18135.564250482068,15460.63815209524,45551.43358456518,0.7821659722222223,0.7821659722222223,0,LP,0.004444300022441894,9.094947017729282e-13,0
oracle,eval_september,evaluation,2025-09-23,3231.7101723968276,2994.28861720106,70395.30141371075,6.375,45815.07343509175,44.0799375,45859.15337259174,3026.0431319082886,1682.962666666667,19945.970691992952,16369.915660190474,45815.07343509175,0.7817520833333333,0.7817520833333333,1,LP,0.004624699999112636,9.094947017729282e-13,0
oracle,eval_december,evaluation,2025-12-08,1451.3861965089911,1809.15001788889,97124.50551219871,0.0,73181.47569335692,0.0,73181.47569335692,4331.083598081126,0.0,24338.017674784238,19391.806877333333,73181.47569335693,0.9085152777777777,0.9085152777777777,0,LP,0.004539200017461553,9.094947017729282e-13,0
oracle,eval_december,evaluation,2025-12-09,1809.15001788889,1659.5577477481493,97255.31859159085,28.02018466666675,72441.80883628388,207.1730520160006,72648.98188829988,5250.108184342146,0.0,25154.786149343916,20510.009824095236,72441.80883628393,0.9057770833333332,0.9057770833333332,2,LP,0.003942300012568012,9.094947017729282e-13,0
oracle,eval_december,evaluation,2025-12-10,1659.5577477481493,1630.4133343703693,97010.76252489239,0.0,73613.3983471673,0.0,73613.3983471673,4352.790371135794,0.0,22613.59820594709,18343.244518857144,73613.39834716728,0.9161590277777777,0.9161590277777777,0,LP,0.003868900006636977,7.389644451905042e-13,0
oracle,eval_december,evaluation,2025-12-11,1630.4133343703693,1849.5066304476227,97598.30885023513,0.0,72406.70782826292,0.0,72406.70782826292,7007.879607487353,0.0,23326.26619093828,18697.091648190475,72406.70782826297,0.8976340277777778,0.8976340277777778,0,LP,0.00412779999896884,9.094947017729282e-13,0
oracle,eval_december,evaluation,2025-12-12,1849.5066304476227,1880.5278105343998,51104.96988473956,0.0,23183.272011044475,0.0,23183.272011044475,2102.8336756108206,1298.348508010575,20849.76397740388,16860.389759619047,23183.27201104448,0.7237798611111111,0.7237798611111111,0,LP,0.004368199995951727,1.0231815394945443e-12,0
oracle,eval_december,evaluation,2025-12-13,1880.5278105343998,2004.5100151513222,52008.77696485598,0.0,23991.2906678964,0.0,23991.2906678964,2983.8539466890097,1132.38245,20960.122108833613,16866.114923999998,23991.290667896392,0.7296965277777777,0.7296965277777777,0,LP,0.004331899981480092,7.958078640513122e-13,0
oracle,eval_december,evaluation,2025-12-14,2004.5100151513222,1739.627803660316,98295.11794866319,0.0,74839.96523565613,0.0,74839.96523565613,5082.665920038803,0.0,24590.127468243387,20156.39723961905,74839.96523565613,0.9207375000000001,0.9207375000000001,0,LP,0.0041748999792616814,6.821210263296962e-13,0
oracle,eval_december,evaluation,2025-12-15,1739.627803660316,1917.0565646962991,100153.26345618107,0.0,76273.88421005424,0.0,76273.88421005424,5860.109204611402,0.0,24546.89684195061,19723.300557047616,76273.88421005422,0.9144402777777779,0.9144402777777779,0,LP,0.004128100001253188,9.094947017729282e-13,0
oracle,eval_december,evaluation,2025-12-16,1917.0565646962991,1830.002305755558,99924.54259829043,0.0,75787.75543326947,0.0,75787.75543326947,6047.009891944742,0.0,23883.106347679,19423.664974666663,75787.7554332695,0.9109138888888888,0.9109138888888888,0,LP,0.003989300021203235,9.094947017729282e-13,0
oracle,eval_december,evaluation,2025-12-17,1830.002305755558,1836.361916377777,99460.17511320519,0.0,75436.77608960118,0.0,75436.77608960118,6863.165715854204,0.0,23154.94042697001,18749.77809628571,75436.77608960123,0.9088097222222221,0.9088097222222221,0,LP,0.003949299978557974,9.094947017729282e-13,0
oracle,eval_december,evaluation,2025-12-18,1836.361916377777,1865.7872980433888,98787.93867782477,0.0,74357.89929005092,0.0,74357.89929005092,6983.963665002933,0.0,23216.97475082187,18779.266704666672,74357.89929005093,0.9094777777777777,0.9094777777777777,0,LP,0.00408469999092631,9.094947017729282e-13,0
oracle,eval_december,evaluation,2025-12-19,1865.7872980433888,1666.3955094719577,52636.79175499826,0.0,23849.30564610937,0.0,23849.30564610937,3979.84131132981,1810.65698271605,21670.288266666656,17732.386105714282,23849.305646109377,0.7250944444444445,0.7250944444444445,0,LP,0.005082899995613843,1.0231815394945443e-12,0
oracle,eval_december,evaluation,2025-12-20,1666.3955094719577,1865.741478200003,52965.944157482285,0.0,23912.28679974692,0.0,23912.28679974692,3815.950227557915,1821.3181166666668,22594.274691592003,18121.95112833428,23912.28679974693,0.7189708333333333,0.7189708333333333,0,LP,0.004334700002800673,1.0231815394945443e-12,0
oracle,eval_december,evaluation,2025-12-21,1865.741478200003,1873.5169447047635,97973.61988368607,0.0,74171.51134426704,0.0,74171.51134426704,4540.136191970605,0.0,23098.441606286877,18702.73978123809,74171.51134426707,0.9100763888888888,0.9100763888888888,0,LP,0.004180799995083362,9.094947017729282e-13,0
