strategy,window,period,date,ordinary_kwh,emergency_kwh,ordinary_cost,adjustment_cost,emergency_cost,total_cost,paid_grid_spill_kwh,pv_spill_kwh,e_start,e_end,updates,changed_updates,emergency_slots
no_update_mean14,dev_march,development,2025-03-07,33762.02456555967,74.26919366666762,13919.725870484668,0.0,104.09111010666821,14023.816980591337,1252.6305566666667,9012.819912098763,1637.1139451629633,1313.3177137037037,0,0,4
no_update_mean14,dev_march,development,2025-03-08,31950.958347777774,138.15371386666482,12886.962848878333,0.0,406.49842338792354,13293.461272266257,81.00916333333385,9933.308211687243,1313.3177137037037,1300.15929,0,0,11
no_update_mean14,dev_march,development,2025-03-09,76536.080877,345.4590661999983,47812.82013515014,0.0,1919.8813517087397,49732.70148685888,7718.911429732509,1842.1990174622745,1300.15929,1261.9375523703702,0,0,9
no_update_mean14,dev_march,development,2025-03-10,73540.31533842249,531.7728444833336,47241.06919590321,0.0,2912.8284058457443,50153.897601748955,1720.2683292112467,0.0,1261.9375523703702,1258.827537,0,0,12
no_update_mean14,dev_march,development,2025-03-11,64658.95232253771,3772.2028624444483,40844.77794031932,0.0,23685.259765371382,64530.0377056907,910.3671969135747,0.0,1258.827537,1376.8817970000002,0,0,13
no_update_mean14,dev_march,development,2025-03-12,74422.83846803188,350.91051330000005,46607.37549502541,0.0,1673.627600136049,48281.00309516145,6887.205421872421,1643.1794249248956,1376.8817970000002,1230.5486588888887,0,0,10
no_update_mean14,dev_march,development,2025-03-13,74381.70432539094,736.5047488777803,47751.4527372999,0.0,4381.992671334239,52133.44540863414,3487.696042030176,209.46093333333317,1230.5486588888887,1202.8431,0,0,9
no_update_mean14,dev_march,development,2025-03-14,31227.42885569959,467.9349871444447,12287.259412183485,0.0,2440.9828604389954,14728.24227262248,127.50779000000057,12413.698457613169,1202.8431,1372.105586851851,0,0,1
no_update_mean14,dev_march,development,2025-03-15,30510.453360432097,835.167609566664,12330.175718689468,0.0,3617.6419677040176,15947.817686393486,103.34978999999998,7539.474716954734,1372.105586851851,1200.0,0,0,17
no_update_mean14,dev_march,development,2025-03-16,70813.86967998628,160.73596462221965,44360.543748994394,0.0,464.5212158327241,44825.06496482712,3296.0219950685873,180.25728333333336,1200.0,1200.0,0,0,10
no_update_mean14,dev_march,development,2025-03-17,66355.6637007956,769.3661670999973,39515.618668843395,0.0,5023.518010032465,44539.13667887586,3578.998466310016,1367.482070027436,1200.0,1448.6634888518515,0,0,3
no_update_mean14,dev_march,development,2025-03-18,74827.05429207819,84.22723779999873,46751.23250472847,0.0,360.67017575904396,47111.90268048751,7817.516383072699,2511.1991942592585,1448.6634888518515,1204.5935454444445,0,0,6
no_update_mean14,dev_march,development,2025-03-19,61643.72044268862,2379.5748582888828,37815.23283621334,0.0,15212.475613953737,53027.708450167076,795.4467912345632,0.0,1204.5935454444445,1338.0642809999995,0,0,6
no_update_mean14,dev_march,development,2025-03-20,69748.3862,331.72189127777585,43661.65444268577,0.0,1751.3928309889038,45413.047273674674,3797.0377285665213,0.0,1338.0642809999995,1262.18476762963,0,0,10
no_update_mean14,dev_april,development,2025-04-17,52714.84570428317,3120.7331565666714,32221.912633940145,0.0,19086.03992665028,51307.95256059042,41.01890666666657,0.0,1702.8397013611866,1415.8854369629635,0,0,11
no_update_mean14,dev_april,development,2025-04-18,25259.580575562413,431.76428536666333,9764.684509773593,0.0,1375.77097898397,11140.455488757563,35.469228847735764,16788.902899999994,1415.8854369629635,1377.6286567037034,0,0,7
no_update_mean14,dev_april,development,2025-04-19,25271.545039663924,443.2504740666663,9627.03716270645,0.0,1657.1278519336815,11284.165014640132,64.41183666666666,16314.363262661178,1377.6286567037034,1329.492702925926,0,0,4
no_update_mean14,dev_april,development,2025-04-20,54523.22484935528,1273.0311245444377,32547.27400961356,0.0,7676.722022855678,40223.99603246924,90.29723999999999,0.0,1329.492702925926,1274.6569937407403,0,0,7
no_update_mean14,dev_april,development,2025-04-21,57882.108554698214,437.5534017333342,33690.121594542295,0.0,2041.8538262014058,35731.9754207437,3085.0207328806573,2942.589612023323,1274.6569937407403,1264.148758555555,0,0,12
no_update_mean14,dev_april,development,2025-04-22,52705.4150482716,2891.9021751333335,31279.138553582914,0.0,18208.183039045747,49487.321592628665,49.278043333333585,0.0,1264.148758555555,1200.0,0,0,15
no_update_mean14,dev_april,development,2025-04-23,50457.27655996571,4102.874875177777,30818.921615646756,0.0,25672.16838131579,56491.089996962546,0.0,0.0,1200.0,1285.0162261111107,0,0,14
no_update_mean14,dev_april,development,2025-04-24,51545.641663737995,449.6918960333359,31002.232859075782,0.0,2948.6113644748343,33950.844223550615,113.81887499999993,1059.9759262825883,1285.0162261111107,1297.4320546296296,0,0,4
no_update_mean14,dev_april,development,2025-04-25,24743.38150344307,343.9297762999984,9290.392206130122,0.0,1105.6760053570022,10396.068211487123,366.20130666666626,20322.659866666665,1297.4320546296296,1234.9488,0,0,10
no_update_mean14,dev_april,development,2025-04-26,24637.392286577502,598.1057365888878,9399.79530470116,0.0,2005.2378574887998,11405.03316218996,0.08866666666665424,22748.87256666667,1234.9488,1210.0224,0,0,13
no_update_mean14,dev_april,development,2025-04-27,50365.58014275034,2236.80985887778,30058.79550940466,0.0,13401.282090727153,43460.077600131815,41.93208666666658,348.89803333333236,1210.0224,1218.3584313333333,0,0,12
no_update_mean14,dev_april,development,2025-04-28,60726.10510744856,1302.8028687722176,36309.448954343134,0.0,7160.029300877585,43469.47825522072,1303.7500575514396,221.4224999999988,1218.3584313333333,1325.115718481481,0,0,16
no_update_mean14,dev_april,development,2025-04-29,50793.15602136488,1990.1313203611046,30200.820258775424,0.0,12185.00746536354,42385.827724138966,455.6651638888883,1476.0694400000002,1325.115718481481,1430.080346666667,0,0,7
no_update_mean14,dev_april,development,2025-04-30,48783.380356049376,2339.1102477555555,29218.29471116645,0.0,13733.598035136047,42951.892746302496,18.994666666666717,0.0,1430.080346666667,1237.362582296296,0,0,13
no_update_mean14,val_june,validation,2025-06-08,64317.647757809005,5911.636873691962,41574.41033263808,0.0,35159.63885596517,76734.04918860324,1803.6135519242353,426.965783333333,1980.7640098607806,1200.0,0,0,31
no_update_mean14,val_june,validation,2025-06-09,73664.55761467345,4122.120985188887,49596.09005534317,0.0,19803.029834342648,69399.11988968583,2647.487111742117,249.94673333333333,1200.0,1200.0,0,0,45
no_update_mean14,val_june,validation,2025-06-10,67879.92420678325,7582.7005407833385,44978.67457646979,0.0,43975.28451773666,88953.95909420645,104.60316555555596,0.0,1200.0,1200.0,0,0,41
no_update_mean14,val_june,validation,2025-06-11,73532.23552969999,6772.850269933333,49529.358521349524,0.0,35039.27583987987,84568.6343612294,54.120934444444515,0.0,1200.0,1200.0,0,0,53
no_update_mean14,val_june,validation,2025-06-12,71152.8128213923,5629.31114775556,47331.47522647274,0.0,30452.779568195998,77784.25479466874,330.31084317558367,0.0,1200.0,1200.0,0,0,46
no_update_mean14,val_june,validation,2025-06-13,29210.395499224964,4744.702654894446,13393.27454861582,0.0,21049.467484449495,34442.74203306531,0.0,3094.3022166941028,1200.0,1200.0,0,0,51
no_update_mean14,val_june,validation,2025-06-14,29029.85018615226,4878.027090588886,13905.903786727515,0.0,19724.881892720758,33630.78567944827,0.0,5311.8380000000025,1200.0,1200.0,0,0,49
no_update_mean14,val_june,validation,2025-06-15,67200.27077502743,7030.007031555559,44658.76684656684,0.0,42778.05012686802,87436.81697343485,164.1040538888891,0.0,1200.0,1200.0,0,0,44
no_update_mean14,val_june,validation,2025-06-16,70360.58194363635,6397.226115444449,47258.307722031794,0.0,35995.05068633417,83253.35840836597,153.47019833333354,0.0,1200.0,1200.0,0,0,48
no_update_mean14,val_june,validation,2025-06-17,72010.9210695336,6641.2036955555595,48506.64373207761,0.0,39399.055148995954,87905.69888107356,194.23477277777715,0.0,1200.0,1200.0,0,0,43
no_update_mean14,val_june,validation,2025-06-18,72808.3051111934,2964.7459000999997,48861.26870425704,0.0,15391.655834809448,64252.92453906649,718.9257904320892,0.0,1200.0,1200.0,0,0,41
no_update_mean14,val_june,validation,2025-06-19,68260.16457362709,5675.783621434017,44436.06511120434,0.0,32981.82763399222,77417.89274519656,1001.5470211111108,965.2865812208497,1200.0,1200.0,0,0,44
no_update_mean14,val_june,validation,2025-06-20,30103.858776604942,2244.4671934666667,14372.282615155636,0.0,7992.194667509579,22364.477282665215,9.375067366254358,7525.358538189303,1200.0,1200.0,0,0,38
no_update_mean14,val_june,validation,2025-06-21,30076.230538854594,2270.9655728000002,14143.980038187538,0.0,7903.753547781013,22047.73358596855,182.1603527777782,10345.687380850479,1200.0,1233.5919,0,0,41
no_update_mean14,val_august,validation,2025-08-18,71259.05959133216,117.9563599999999,52509.41238476895,0.0,996.9369678749991,53506.34935264395,1151.9798276680403,1927.8537640946493,1761.9221305047624,1885.7101138148157,0,0,4
no_update_mean14,val_august,validation,2025-08-19,69550.23974020575,135.87763666666683,51290.373707010825,0.0,1156.4818541783347,52446.85556118916,811.0565685390955,1446.9910108093313,1885.7101138148157,1498.9073245925922,0,0,5
no_update_mean14,val_august,validation,2025-08-20,79311.7407785734,578.4180153499973,56830.75850570526,0.0,4522.710958380086,61353.46946408534,3971.1060573799796,1083.4141833333324,1498.9073245925922,1493.6298585555555,0,0,9
no_update_mean14,val_august,validation,2025-08-21,74771.67308683127,117.09991214999941,53570.220899033164,0.0,957.2958469486364,54527.5167459818,3620.191980843624,1838.26615,1493.6298585555555,1527.4532922222215,0,0,5
no_update_mean14,val_august,validation,2025-08-22,39718.97511553498,491.2386831999999,22392.52042134121,0.0,2167.6088750932167,24560.12929643443,651.5516416666668,15811.60768333333,1527.4532922222215,1474.564911,0,0,11
no_update_mean14,val_august,validation,2025-08-23,39091.266216766664,478.9460513499999,21304.999627758974,0.0,3051.7602022126653,24356.75982997164,0.0,14596.411991344305,1474.564911,1390.85961862963,0,0,2
no_update_mean14,val_august,validation,2025-08-24,69888.16345201645,1.6023633333334146,52152.21856404345,0.0,13.29961566666734,52165.51817971012,1397.4630783813443,729.963717908093,1390.85961862963,1579.1896689259254,0,0,1
no_update_mean14,val_august,validation,2025-08-25,91985.22286391631,47.70574666666653,65824.7866615797,0.0,398.9451452433322,66223.73180682302,15972.899305884768,1573.6054500000002,1579.1896689259254,1681.3649545802468,0,0,4
no_update_mean14,val_august,validation,2025-08-26,70395.40790923867,0.0,52363.45231240505,0.0,0.0,52363.45231240505,751.0581460562371,0.0,1681.3649545802468,2003.6478891234601,0,0,0
no_update_mean14,val_august,validation,2025-08-27,71646.65039811385,1024.1083395378582,52289.43683269813,0.0,8674.549180598156,60963.986013296286,733.4265662345686,752.5630420919085,2003.6478891234601,1525.850688037037,0,0,5
no_update_mean14,val_august,validation,2025-08-28,70974.81620914952,3737.282072866666,51005.35636070048,0.0,31021.098449346908,82026.45481004739,464.14560944444474,0.0,1525.850688037037,1469.63366774074,0,0,10
no_update_mean14,val_august,validation,2025-08-29,41957.004854224964,0.0,23370.822747545142,0.0,0.0,23370.822747545142,1405.930482222222,15171.421393936896,1469.63366774074,1512.020972716047,0,0,0
no_update_mean14,val_august,validation,2025-08-30,40578.81072943073,17.84697629999757,22875.57347875958,0.0,46.312903498493704,22921.88638225807,952.5961321193428,18905.36695556241,1512.020972716047,1227.8728350000004,0,0,1
no_update_mean14,val_august,validation,2025-08-31,70560.51761975308,843.9303248444456,51572.83709123281,0.0,5429.492377509139,57002.32946874195,355.28930166666703,0.0,1227.8728350000004,1926.8842986666666,0,0,9
no_update_mean14,eval_september,evaluation,2025-09-10,74027.98127714677,0.0,48871.433446976946,0.0,0.0,48871.433446976946,8482.915469238686,731.5815999999999,4786.287876925929,4596.137299259258,0,0,0
no_update_mean14,eval_september,evaluation,2025-09-11,73503.45453770233,0.0,48040.308158192296,0.0,0.0,48040.308158192296,11474.689375768176,4610.832513786009,4596.137299259258,4802.636300481484,0,0,0
no_update_mean14,eval_september,evaluation,2025-09-12,35734.26919515088,0.0,17915.772336384816,0.0,0.0,17915.772336384816,1656.4311294444442,19928.264309471877,4802.636300481484,5034.677162135798,0,0,0
no_update_mean14,eval_september,evaluation,2025-09-13,35386.80163907778,0.0,17707.696319653118,0.0,0.0,17707.696319653118,977.0798016666663,23642.80884722908,5034.677162135798,5395.185239993828,0,0,0
no_update_mean14,eval_september,evaluation,2025-09-14,76970.04474842249,0.0,51358.74868523991,0.0,0.0,51358.74868523991,11124.279605679001,3096.455754979425,5395.185239993828,4913.511800320992,0,0,0
no_update_mean14,eval_september,evaluation,2025-09-15,61863.43849454046,506.48434555555764,42133.29718134074,0.0,2792.527187851122,44925.82436919186,3352.3271389711913,759.210650000001,4913.511800320992,4295.590756333335,0,0,5
no_update_mean14,eval_september,evaluation,2025-09-16,75389.29675203703,0.0,49779.59353435601,0.0,0.0,49779.59353435601,9973.640889156375,2675.3029666666657,4295.590756333335,3902.848185740741,0,0,0
no_update_mean14,eval_september,evaluation,2025-09-17,71496.9798549794,124.16611400000042,48032.49117982348,0.0,609.3839139876688,48641.87509381115,7214.273672427987,368.5931749999961,3902.848185740741,4133.1386315370355,0,0,5
no_update_mean14,eval_september,evaluation,2025-09-18,63118.034832489706,514.4310933333315,42537.83767780073,0.0,2651.9171351883233,45189.75481298905,2047.4922757818913,0.0,4133.1386315370355,3035.2560722839507,0,0,4
no_update_mean14,eval_september,evaluation,2025-09-19,36247.30466618655,0.0,17867.407606767014,0.0,0.0,17867.407606767014,1374.309154444445,14616.404422551435,3035.2560722839507,4572.630687925926,0,0,0
no_update_mean14,eval_september,evaluation,2025-09-20,34997.849972496566,0.0,17204.134147637964,0.0,0.0,17204.134147637964,1341.5237416666664,15365.232652002745,4572.630687925926,4674.327676074071,0,0,0
no_update_mean14,eval_september,evaluation,2025-09-21,69945.59123316873,0.0,46929.331528485476,0.0,0.0,46929.331528485476,6021.055562153633,2589.882883333333,4674.327676074071,4220.873264740742,0,0,0
no_update_mean14,eval_september,evaluation,2025-09-22,72419.16876028806,31.254104999997367,48799.20041127527,0.0,160.9004861099862,48960.10089738526,7145.725979012346,1863.8646305555546,4220.873264740742,3255.3770460740757,0,0,2
no_update_mean14,eval_september,evaluation,2025-09-23,71860.37850872427,0.0,47878.491112430136,0.0,0.0,47878.491112430136,4642.08463866255,1151.6516902263386,3255.3770460740757,3203.861927925927,0,0,0
no_update_mean14,eval_december,evaluation,2025-12-08,90310.86180749656,2903.7525682444452,67623.62990782835,0.0,20886.831100248855,88510.4610080772,891.3659133333333,0.0,1246.1286812716075,1205.4421593333332,0,0,13
no_update_mean14,eval_december,evaluation,2025-12-09,89343.57140174897,3757.809197316669,65886.37694505918,0.0,25701.8657380858,91588.24268314498,1208.159138333332,0.0,1205.4421593333332,1202.7861,0,0,21
no_update_mean14,eval_december,evaluation,2025-12-10,85403.01438837447,7138.862181461111,63328.714311798045,0.0,47848.94652974483,111177.66084154288,70.23638333333292,0.0,1202.7861,1200.0,0,0,36
no_update_mean14,eval_december,evaluation,2025-12-11,88767.35556063785,2946.263603661105,64705.625144775346,0.0,18732.74972360098,83438.37486837633,1239.1535479835313,0.0,1200.0,1226.014071888889,0,0,18
no_update_mean14,eval_december,evaluation,2025-12-12,41385.309933909455,5628.408538633337,18363.84086015386,0.0,34934.495095976024,53298.335956129886,45.91558333333353,0.0,1226.014071888889,1236.8639041481479,0,0,28
no_update_mean14,eval_december,evaluation,2025-12-13,42807.48230936214,4451.769923499997,19443.746930952988,0.0,26949.17613256175,46392.92306351474,10.701475555555817,0.0,1236.8639041481479,1200.0,0,0,27
no_update_mean14,eval_december,evaluation,2025-12-14,84419.6421538203,8321.468803900005,62489.053458321614,0.0,58325.84199849583,120814.89545681744,0.5793766666668034,0.0,1200.0,1200.0,0,0,31
no_update_mean14,eval_december,evaluation,2025-12-15,85600.25579814814,7796.804570666663,63232.33465498364,0.0,55360.19868585509,118592.53334083874,29.595146666666324,0.0,1200.0,1205.909007,0,0,19
no_update_mean14,eval_december,evaluation,2025-12-16,90784.85751067901,3285.0765479,68025.24155943483,0.0,22348.106660777223,90373.34822021205,233.40938333333327,0.0,1205.909007,1200.0,0,0,22
no_update_mean14,eval_december,evaluation,2025-12-17,91261.31381333333,2188.4493241333357,68546.61389364522,0.0,14723.397140484687,83270.0110341299,728.0567322222224,0.0,1200.0,1228.2897,0,0,19
no_update_mean14,eval_december,evaluation,2025-12-18,86727.99483152262,4903.132142000007,63974.44060469889,0.0,34907.038365457694,98881.47897015658,38.64481666666654,0.0,1228.2897,1207.1124797777777,0,0,27
no_update_mean14,eval_december,evaluation,2025-12-19,40476.85880322483,5578.932351055553,18113.40818214449,0.0,34160.06506861118,52273.47325075566,23.14562333333322,0.0,1207.1124797777777,1200.0,0,0,30
no_update_mean14,eval_december,evaluation,2025-12-20,43618.56999406035,2963.2856249888955,19648.490481621586,0.0,16406.184021265377,36054.67450288696,0.0,0.0,1200.0,1226.9074319999995,0,0,25
no_update_mean14,eval_december,evaluation,2025-12-21,89816.90448,3777.419746672223,66698.07934793433,0.0,26492.078039203352,93190.15738713767,160.2267650000001,0.0,1226.9074319999995,1221.0530347037034,0,0,13
state_only_mean14,dev_march,development,2025-03-07,33796.78502055967,39.508738666667384,13954.31252320967,17.293326362501272,48.76332297066775,14020.36917254284,1252.6305566666667,9012.819912098763,1637.1139451629633,1313.3177137037037,3,1,2
state_only_mean14,dev_march,development,2025-03-08,32061.96369164444,27.148369999998852,12998.09029862325,55.56372487246079,45.881417726664814,13099.535441222377,81.00916333333385,9933.308211687243,1313.3177137037037,1300.15929,3,1,2
state_only_mean14,dev_march,development,2025-03-09,74889.02323880658,166.4691412,47082.34710801666,590.861979035906,740.5167358837508,48413.725822936314,6310.237218621399,1416.5517166666668,1300.15929,1261.9375523703702,3,3,9
state_only_mean14,dev_march,development,2025-03-10,73690.14943941015,312.53053503888736,47486.05516063512,214.48280963337857,1420.281670954248,49120.81964122275,1663.309577544581,0.0,1261.9375523703702,1258.827537,3,3,13
state_only_mean14,dev_march,development,2025-03-11,68711.30092194327,173.82764788333296,44808.55113264449,2036.2840483625823,807.4961651257236,47652.3313461328,910.3671969135747,0.0,1258.827537,1376.8817970000002,3,3,7
state_only_mean14,dev_march,development,2025-03-12,72023.40760631721,232.5306199666678,45465.516151010605,725.5494602037347,897.2330697093897,47088.29868092373,4790.205496872421,1211.6173333333331,1376.8817970000002,1230.5486588888887,3,3,10
state_only_mean14,dev_march,development,2025-03-13,72595.95787747907,348.67841240000047,47429.83469555285,1536.7149827158112,1887.8815014456368,50854.431179714295,1680.776680617283,0.0,1230.5486588888887,1202.8431,3,3,9
state_only_mean14,dev_march,development,2025-03-14,31651.184159510703,44.17968333333137,12729.363320649622,221.05195423307075,230.46331810832308,13180.878592991015,127.50779000000057,12413.698457613169,1202.8431,1372.105586851851,3,1,1
state_only_mean14,dev_march,development,2025-03-15,30882.60079876543,463.02017123333263,12722.121400742133,195.9728410263327,1657.9135574406946,14576.007799209161,103.34978999999998,7539.474716954734,1372.105586851851,1200.0,3,1,17
state_only_mean14,dev_march,development,2025-03-16,70501.8606518502,0.0,44335.812437648114,251.58875712695553,0.0,44587.40119477507,2978.581279176957,0.0,1200.0,1227.7255627407437,3,3,0
state_only_mean14,dev_march,development,2025-03-17,66014.55517857132,63.170615833332135,39843.5366085114,700.0864029615083,366.5114472044417,40910.134458677356,2815.859302880661,1108.158858888891,1227.7255627407437,1448.6634888518515,3,3,3
state_only_mean14,dev_march,development,2025-03-18,70389.86749207818,4.30562113333276,44438.993465270796,1263.2572031638333,8.830828944465493,45711.0814973791,3340.2089864060326,2461.0183217901213,1448.6634888518515,1204.5935454444445,3,3,1
state_only_mean14,dev_march,development,2025-03-19,64362.02966151515,0.0,40512.43987598722,1356.4448937536072,0.0,41868.88476974083,795.4467912345632,0.0,1204.5935454444445,1485.5897678888878,3,3,0
state_only_mean14,dev_march,development,2025-03-20,70805.49823446502,334.1405579444427,44445.45721005618,429.79754797161075,1764.1670189889046,46639.421777016694,4809.862659574758,210.6229777777745,1485.5897678888878,1262.18476762963,3,2,10
state_only_mean14,dev_april,development,2025-04-17,55300.88134971651,842.6775994666702,34109.35333002522,943.7203480425378,4680.580651240623,39733.65432930838,41.01890666666657,0.0,1702.8397013611866,1415.8854369629635,3,3,8
state_only_mean14,dev_april,development,2025-04-18,25633.46611074019,124.72781796666317,9995.892982097599,115.60423616200522,422.41081980893614,10533.908038068541,35.469228847735764,16855.751967777775,1415.8854369629635,1377.6286567037034,3,1,4
state_only_mean14,dev_april,development,2025-04-19,25748.237371775034,140.3387322000013,9984.956911126868,178.95987421021164,426.0945329875548,10590.011318324634,64.41183666666666,16523.768260809324,1377.6286567037034,1329.492702925926,3,2,4
state_only_mean14,dev_april,development,2025-04-20,55511.88286631083,101.78294333333346,34429.50872135514,1391.5409944665653,513.290829828334,36334.34054565004,90.29723999999999,0.0,1329.492702925926,1287.6207259814823,3,3,2
state_only_mean14,dev_april,development,2025-04-21,57835.70890296295,429.61113506666675,33761.46937856465,305.13460765145044,1991.0392040680672,36057.64319028417,2635.333618010972,3352.3389554252417,1287.6207259814823,1264.148758555555,3,3,12
state_only_mean14,dev_april,development,2025-04-22,55322.47012640493,282.1482662666681,34404.12933574438,1562.495391080732,1321.38662158019,37288.0113484053,49.278043333333585,0.0,1264.148758555555,1200.0,3,2,12
state_only_mean14,dev_april,development,2025-04-23,54261.732988710144,302.83620441111265,35445.0591208992,2313.068752626222,1596.0557306473988,39354.18360417282,0.0,0.0,1200.0,1285.0162261111107,3,2,7
state_only_mean14,dev_april,development,2025-04-24,51950.48478811577,227.98363170000164,31388.510060440738,193.13860068247934,1453.1891215464948,33034.83778266971,113.81887499999993,1279.316182647465,1285.0162261111107,1297.4320546296296,3,2,4
state_only_mean14,dev_april,development,2025-04-25,24814.61469189863,294.3523706222205,9331.507573311595,20.557683590737206,960.0423761785329,10312.107633080866,366.20130666666626,20344.31564944444,1297.4320546296296,1234.9488,3,1,10
state_only_mean14,dev_april,development,2025-04-26,24897.175791866393,364.4905546333301,9553.19264928902,76.69867229393107,1302.5447917556025,10932.436113338554,0.08866666666665424,22767.918739218105,1234.9488,1210.0224,3,2,9
state_only_mean14,dev_april,development,2025-04-27,51763.074856417006,1126.2817490999994,31501.21623865413,721.2103646247348,6258.713787852245,38481.14039113111,101.07818388888734,574.680283333332,1210.0224,1218.3584313333333,3,3,9
state_only_mean14,dev_april,development,2025-04-28,61459.39861309856,999.0785642333312,36861.019916363344,275.78548101010773,5296.046765693336,42432.85216306678,1303.7500575514396,650.9917011111131,1218.3584313333333,1325.115718481481,3,3,15
state_only_mean14,dev_april,development,2025-04-29,52150.43035228154,785.8747214555551,31771.943698317576,785.5617197710776,4467.006233499809,37024.511651588466,455.6651638888883,1626.5394727777757,1325.115718481481,1430.080346666667,3,3,6
state_only_mean14,dev_april,development,2025-04-30,50024.167373688266,1216.7950107944434,30298.124012959874,539.9146508967166,6520.722289887199,37358.76095374379,18.994666666666717,0.0,1430.080346666667,1237.362582296296,3,3,12
state_only_mean14,val_june,validation,2025-06-08,66011.61643639604,2834.719097025298,45300.057477378665,3263.772463621071,14040.626974323519,62604.45691532325,1005.59891388889,0.0,1980.7640098607806,1200.0,3,3,27
state_only_mean14,val_june,validation,2025-06-09,72537.84481821419,3564.3893000000003,49530.56407425289,1296.034513592625,15858.260440038333,66684.85902788385,1065.9677799999993,249.94673333333333,1200.0,1200.0,3,3,45
state_only_mean14,val_june,validation,2025-06-10,72258.73288772778,3472.3290112444483,49686.200187425304,2353.762805477756,16529.7790256002,68569.74201850327,104.60316555555596,0.0,1200.0,1200.0,3,3,36
state_only_mean14,val_june,validation,2025-06-11,75506.91771313224,5043.821153633331,51545.01733296348,1007.8294058069787,23157.16732266952,75710.01406143999,102.68373697530757,0.0,1200.0,1200.0,3,3,53
state_only_mean14,val_june,validation,2025-06-12,73275.00167344628,3349.4496716666677,50367.95921278614,2037.3085804798163,14890.379671222507,67295.64746448846,189.63382833333333,0.0,1200.0,1200.0,3,3,43
state_only_mean14,val_june,validation,2025-06-13,30592.739120536073,3481.0698782277773,14897.514088270478,752.1197698273328,13595.63487166615,29245.268729763964,0.0,3226.459620452677,1200.0,1200.0,3,2,50
state_only_mean14,val_june,validation,2025-06-14,29999.321598407812,3908.5556783333345,15029.832673726452,561.9644434994706,13756.214318917748,29348.01143614367,0.0,5311.8380000000025,1200.0,1200.0,3,2,47
state_only_mean14,val_june,validation,2025-06-15,73109.42964373044,2004.7445833333334,50888.576876701256,3114.9050150672088,8477.184831998333,62480.6667237668,586.0184838888889,0.0,1200.0,1200.0,3,3,39
state_only_mean14,val_june,validation,2025-06-16,73962.34468257545,3213.72827876667,50764.7974966331,1753.2448873006522,14760.673324011168,67278.71570794492,153.47019833333354,0.0,1200.0,1200.0,3,3,45
state_only_mean14,val_june,validation,2025-06-17,76234.25966794704,2812.6209077666676,52890.89107561855,2192.1236717704696,12664.36620457419,67747.3809519632,194.23477277777715,0.0,1200.0,1200.0,3,3,42
state_only_mean14,val_june,validation,2025-06-18,74891.2769822052,2116.159780266668,50989.79865484215,1064.2649752925527,9667.779683254708,61721.84331338941,1992.2198489905336,0.0,1200.0,1200.0,3,3,40
state_only_mean14,val_june,validation,2025-06-19,69542.32803991137,2657.1642959333335,47973.24919665903,2874.9283683997924,12753.7613908327,63601.93895589153,340.67520611111115,0.0,1200.0,1200.0,3,3,40
state_only_mean14,val_june,validation,2025-06-20,30149.248682071604,2199.0772880000013,14426.5235521883,27.120468516334025,7710.7318637107865,22164.37588441542,9.375067366252336,7525.358538189303,1200.0,1200.0,3,1,38
state_only_mean14,val_june,validation,2025-06-21,30305.051893854594,2042.7432276333327,14401.640960939872,128.83046137616859,6523.562617617841,21054.034039933882,182.1603527777782,10345.687380850479,1200.0,1233.5919,3,1,39
state_only_mean14,val_august,validation,2025-08-18,70182.96056544739,117.9563599999999,52076.19093646394,216.6107241524995,996.9369678749991,53289.73862849145,1151.9798276680403,851.7547382098809,1761.9221305047624,1885.7101138148157,3,2,4
state_only_mean14,val_august,validation,2025-08-19,68526.02933606309,135.87763666666683,50813.8350509133,238.26932804876094,1156.4818541783347,52208.58623314039,776.3892652057616,457.44790999999697,1885.7101138148157,1498.9073245925922,3,2,5
state_only_mean14,val_august,validation,2025-08-20,79641.53367805117,121.7818098111086,57567.987544585565,441.33192312215635,765.3196376843144,58774.63910539203,3865.173699046646,1043.3974822222224,1498.9073245925922,1514.8584734259266,3,3,5
state_only_mean14,val_august,validation,2025-08-21,72173.80181504115,117.09991214999941,52224.54866902439,666.6611894823603,957.2958469486364,53848.50570545538,1885.060023765432,999.1141851440324,1514.8584734259266,1527.4532922222215,3,2,5
state_only_mean14,val_august,validation,2025-08-22,39752.4208422572,457.7929564777785,22411.738335915798,9.608957287294494,2071.5193022202748,24492.866595423366,651.5516416666668,15811.60768333333,1527.4532922222215,1474.564911,3,1,11
state_only_mean14,val_august,validation,2025-08-23,39562.81411401666,7.398154100000646,21923.794676945607,309.39752459331584,28.07599480950245,22261.268196348425,0.0,14596.411991344305,1474.564911,1390.85961862963,3,1,1
state_only_mean14,val_august,validation,2025-08-24,70418.5136674417,1.6023633333334146,52346.07028936901,154.8756862979563,13.29961566666734,52514.24559133364,1444.6759394924554,1213.1010722222218,1390.85961862963,1579.1896689259254,3,2,1
state_only_mean14,val_august,validation,2025-08-25,88135.99866095335,47.70574666666653,63825.03421312161,999.8762242290414,398.9451452433322,65223.855582593984,12123.675102921809,1573.6054500000002,1579.1896689259254,1681.3649545802468,3,2,4
state_only_mean14,val_august,validation,2025-08-26,70091.8158714609,0.0,52264.21891450283,49.616698951110926,0.0,52313.83561345394,447.4661082784624,0.0,1681.3649545802468,2003.6478891234601,3,1,0
state_only_mean14,val_august,validation,2025-08-27,72093.68480128504,21.402666666666732,53848.174195382264,1015.2061530795687,177.26045800000057,55040.64080646183,733.4265662345686,119.74357316872303,2003.6478891234601,1607.1450337901276,3,3,2
state_only_mean14,val_august,validation,2025-08-28,74291.66348877414,274.5344227888876,56513.46608258611,2924.4279677876366,1761.5796169967607,61199.4736673705,353.08886833333327,0.0,1607.1450337901276,1469.63366774074,3,3,8
state_only_mean14,val_august,validation,2025-08-29,41957.00485422496,0.0,23370.822747545142,2.462570591887925e-13,0.0,23370.822747545142,1405.930482222222,15171.421393936896,1469.63366774074,1512.020972716047,3,0,0
state_only_mean14,val_august,validation,2025-08-30,40579.92038193072,16.73732379999958,22877.111790020324,0.7691556303767504,43.43335526099891,22921.3143009117,952.596132119342,18905.36695556241,1512.020972716047,1227.8728350000004,3,1,1
state_only_mean14,val_august,validation,2025-08-31,71601.22818475308,593.3284412000015,52158.278737172644,593.9983557478179,3310.6785112094085,56062.95560412987,939.4003993895789,0.0,1227.8728350000004,2059.377281833331,3,2,8
state_only_mean14,eval_september,evaluation,2025-09-10,72651.43905508915,0.0,48122.715638939415,376.3489120475702,0.0,48499.06455098699,7106.37324718107,731.5815999999999,4786.287876925929,4596.137299259258,3,2,0
state_only_mean14,eval_september,evaluation,2025-09-11,71922.45590947187,0.0,47397.929779038794,321.18918957675083,0.0,47719.11896861554,10417.335194657066,4087.1880666666666,4596.137299259258,4802.636300481484,3,2,0
state_only_mean14,eval_september,evaluation,2025-09-12,35734.26919515088,0.0,17915.772336384816,7.793516942911083e-13,0.0,17915.772336384816,1656.4311294444442,19928.264309471877,4802.636300481484,5034.677162135798,3,0,0
state_only_mean14,eval_september,evaluation,2025-09-13,35386.801639077785,0.0,17707.69631965312,1.0359030966355931e-12,0.0,17707.69631965312,977.0798016666663,23642.80884722908,5034.677162135798,5395.185239993828,3,0,0
state_only_mean14,eval_september,evaluation,2025-09-14,73510.98991842249,0.0,49723.051013445416,817.848835897249,0.0,50540.89984934266,7715.620609012338,3034.2386767901244,5395.185239993828,4913.511800320992,3,2,0
state_only_mean14,eval_september,evaluation,2025-09-15,61902.069665096016,467.85317500000065,42159.581829786744,13.142324223002198,2582.3349888583366,44755.059142868085,3352.3271389711913,759.210650000001,4913.511800320992,4295.590756333335,3,1,5
state_only_mean14,eval_september,evaluation,2025-09-16,73371.89456185183,0.0,48802.46989349155,488.5618204322317,0.0,49291.03171392378,8283.646472222217,2341.016966666666,4295.590756333335,3902.848185740741,3,2,0
state_only_mean14,eval_september,evaluation,2025-09-17,72026.89661997942,119.19006399999893,48304.760727094486,136.13477363550092,584.1926608626613,49025.08816159265,7345.942820761321,761.8647416666623,3902.848185740741,4133.1386315370355,3,2,5
state_only_mean14,eval_september,evaluation,2025-09-18,65191.10512915637,514.4310933333311,43563.142441253396,538.8348552623335,2651.9171351883215,46753.89443170405,3054.337017736619,0.0,4133.1386315370355,3994.8590715246946,3,2,4
state_only_mean14,eval_september,evaluation,2025-09-19,35181.07911147462,0.0,17509.633700835628,1.6939338820520789e-12,0.0,17509.633700835628,1231.821476666667,14758.892100329213,3994.8590715246946,4572.630687925926,3,0,0
state_only_mean14,eval_september,evaluation,2025-09-20,34997.849972496566,0.0,17204.134147637964,1.3822898381476988e-12,0.0,17204.134147637964,1341.5237416666664,15365.232652002745,4572.630687925926,4674.327676074072,3,0,0
state_only_mean14,eval_september,evaluation,2025-09-21,67883.09954650205,0.0,46042.65414327948,443.33869260300014,0.0,46485.992835882476,4775.974496213988,1768.4833572565144,4674.327676074072,4220.873264740742,3,2,0
state_only_mean14,eval_september,evaluation,2025-09-22,72209.51035584361,80.4354383333319,48698.21487416061,50.49276855733363,419.4467554433258,49168.15439816127,7027.9633456790125,1821.1501927777779,4220.873264740742,3255.3770460740757,3,2,2
state_only_mean14,eval_september,evaluation,2025-09-23,71571.22505658436,0.0,47762.25541664934,58.11784789039675,0.0,47820.37326453974,4579.502751995884,922.5050383333362,3255.3770460740757,3203.861927925927,3,2,0
state_only_mean14,eval_december,evaluation,2025-12-08,93145.0283115299,342.8492196500017,70832.67228039175,1744.1074477662007,2369.984696674915,74946.76442483287,891.3659133333333,0.0,1246.1286812716075,1205.4421593333332,3,3,7
state_only_mean14,eval_december,evaluation,2025-12-09,92214.30915878614,1117.8425895666674,69324.0875317291,1856.3096849899885,7552.452759281912,78732.849976001,1208.159138333332,0.0,1205.4421593333332,1202.7861,3,3,16
state_only_mean14,eval_december,evaluation,2025-12-10,89952.42681276891,3006.131796744446,68370.40799877443,2520.8468434881916,18460.403306068125,89351.65814833075,81.18733333333273,0.0,1202.7861,1200.0,3,3,26
state_only_mean14,eval_december,evaluation,2025-12-11,90458.92740692612,1592.504087955552,66448.34621011162,871.3605326681347,10140.14156921793,77459.84831199767,1431.035675144029,0.0,1200.0,1226.014071888889,3,3,15
state_only_mean14,eval_december,evaluation,2025-12-12,46021.68720739568,1515.0990934666652,21833.19518606351,1734.6771629548239,7105.182117833991,30673.05446685232,45.91558333333353,0.0,1226.014071888889,1236.8639041481479,3,3,19
state_only_mean14,eval_december,evaluation,2025-12-13,46422.85298686872,1063.9100096999996,22484.07727099012,1571.228302710567,5098.697301921764,29154.00287562245,10.701475555555817,0.0,1236.8639041481479,1200.0,3,3,19
state_only_mean14,eval_december,evaluation,2025-12-14,90197.94778736522,2981.02187245556,69351.28234248834,3431.1144420833616,19468.313531152588,92250.71031572428,0.5793766666668034,0.0,1200.0,1200.0,3,3,23
state_only_mean14,eval_december,evaluation,2025-12-15,91125.26288513292,2771.504030088883,69860.30529795082,3313.985321483585,18732.106148437677,91906.3967678721,29.595146666666324,0.0,1200.0,1205.909007,3,3,12
state_only_mean14,eval_december,evaluation,2025-12-16,93109.22688397118,1418.8631159111087,70262.47824144953,1118.6183410073556,9007.12593748377,80388.22251994065,334.0965958847716,0.0,1205.909007,1200.0,3,3,19
state_only_mean14,eval_december,evaluation,2025-12-17,93361.27283624855,359.976371816666,70772.82068591415,1275.0337952957402,1885.9482918244069,73933.80277303429,728.0567322222224,0.0,1200.0,1228.2897,3,3,13
state_only_mean14,eval_december,evaluation,2025-12-18,90451.137700686,1506.623714022222,68364.23666804202,2194.898031671568,10007.859331378297,80566.99403109188,38.64481666666654,0.0,1228.2897,1207.1124797777777,3,3,16
state_only_mean14,eval_december,evaluation,2025-12-19,45163.92355793594,1406.616448600003,21824.979259461677,1855.7855386585939,6486.136941786514,30166.901739906785,23.14562333333322,0.0,1207.1124797777777,1200.0,3,3,21
state_only_mean14,eval_december,evaluation,2025-12-20,45593.77565000884,1318.00341111111,20763.000277480507,557.2548979294605,6134.032828937216,27454.28800434718,29.08884156378443,0.0,1200.0,1226.9074319999995,3,3,21
state_only_mean14,eval_december,evaluation,2025-12-21,92554.97903052552,1367.4245608222193,69630.77996764188,1466.3503098537783,9351.907894581356,80449.03817207701,160.2267650000001,0.0,1226.9074319999995,1221.0530347037034,3,3,8
rolling_margin_mean14,dev_march,development,2025-03-07,33419.57376488066,0.0,13749.013008706585,359.632182677767,0.0,14108.645191384352,355.7734430233211,9142.741433086418,1637.1139451629633,1669.4635312888918,3,2,0
rolling_margin_mean14,dev_march,development,2025-03-08,32326.184148781893,0.0,13258.345075648811,78.32437702161867,0.0,13336.66945267043,250.79985700000003,10063.229732674894,1669.4635312888918,1647.4427282765469,3,2,0
rolling_margin_mean14,dev_march,development,2025-03-09,69185.47809797186,0.0,43767.695571449454,3785.485928967448,0.0,47553.181500416904,1838.973181673526,187.33829033332987,1647.4427282765469,1414.4095280592592,3,2,0
rolling_margin_mean14,dev_march,development,2025-03-10,74054.69562832967,0.0,47971.00131710992,1256.4118693155328,0.0,49227.41318642545,1751.3835143341848,122.07956679286812,1414.4095280592592,1394.5010634444457,3,2,0
rolling_margin_mean14,dev_march,development,2025-03-11,70598.22706858415,0.0,44934.39162526864,4300.6171892871025,0.0,49235.00881455574,1507.6364828737915,698.7177424842275,1394.5010634444457,1700.4579053777786,3,3,0
rolling_margin_mean14,dev_march,development,2025-03-12,67919.28323650983,0.0,42809.87254519018,3691.157887810578,0.0,46501.03043300076,1507.484697925465,232.62874722222395,1700.4579053777786,1382.948300785186,3,2,0
rolling_margin_mean14,dev_march,development,2025-03-13,74328.7996504104,57.69076854666787,47933.40272231742,1706.3034984344881,352.3885671966212,49992.094787948525,2792.1717896872437,105.99734999999987,1382.948300785186,1329.5776124518525,3,2,3
rolling_margin_mean14,dev_march,development,2025-03-14,32394.27900817045,0.0,13088.648200686726,298.3614517611993,0.0,13387.009652447925,387.8259755339656,12543.950460534978,1329.5776124518525,1829.4854045629627,3,2,0
rolling_margin_mean14,dev_march,development,2025-03-15,31407.297537563787,0.0,13070.289545381827,321.5665474217326,0.0,13391.85609280356,419.0977244389565,7691.9874254321,1829.4854045629627,1296.452180325929,3,2,0
rolling_margin_mean14,dev_march,development,2025-03-16,70839.2557629657,0.0,44386.03371675812,2049.3557255641635,0.0,46435.38944232228,2906.8070606803813,17.70892499999953,1296.452180325929,1737.277188281482,3,2,0
rolling_margin_mean14,dev_march,development,2025-03-17,63515.56901687246,0.0,38955.123403028905,2347.2279409412076,0.0,41302.35134397011,1451.9289844540915,63.77392574897042,1737.277188281482,1877.8624043777763,3,2,0
rolling_margin_mean14,dev_march,development,2025-03-18,67513.22084954285,0.0,42167.947105761086,3387.368564424775,0.0,45555.31567018586,1947.8844646584303,512.5571194444457,1877.8624043777763,1795.0196706049398,3,2,0
rolling_margin_mean14,dev_march,development,2025-03-19,66439.37764889849,0.0,41100.1097200512,2616.3813816287575,0.0,43716.49110167996,1809.366152895744,898.3498892222216,1795.0196706049398,2064.228248676542,3,2,0
rolling_margin_mean14,dev_march,development,2025-03-20,66682.9763420039,0.0,42094.39465665973,3517.5225248243923,0.0,45611.917181484125,890.8165280576119,0.0,2064.228248676542,1650.9419858222243,3,3,0
rolling_margin_mean14,dev_april,development,2025-04-17,58374.130181761255,0.0,35371.87290561258,1931.4630391682895,0.0,37303.33594478087,1280.263526019204,206.5259938244077,1702.8397013611866,1916.7631752925904,3,3,0
rolling_margin_mean14,dev_april,development,2025-04-18,26435.23377889575,0.0,10464.81708269646,135.8663785699797,0.0,10600.683461266439,296.8567453333336,17138.609323447185,1916.7631752925904,2083.4835828444484,3,2,0
rolling_margin_mean14,dev_april,development,2025-04-19,26827.0688420919,0.0,10615.087186979452,198.25820375286065,0.0,10813.345390732313,539.6044149999996,17111.49416286968,2083.4835828444484,2026.995575869135,3,1,0
rolling_margin_mean14,dev_april,development,2025-04-20,57561.484907030885,0.0,34738.7642130338,585.9660410547295,0.0,35324.73025408853,1521.4119157444438,168.70678703703987,2026.995575869135,2026.2102013851886,3,3,0
rolling_margin_mean14,dev_april,development,2025-04-21,53933.9468954609,0.0,32378.331329819397,2317.324485248955,0.0,34695.655815068356,522.2880667901221,1805.6197481481506,2026.2102013851886,1463.357318992593,3,3,0
rolling_margin_mean14,dev_april,development,2025-04-22,57155.74114234429,0.0,34418.28836688094,2457.922245503894,0.0,36876.21061238483,1022.4237519245468,0.0,1463.357318992593,1709.6011507678986,3,2,0
rolling_margin_mean14,dev_april,development,2025-04-23,56453.02360018863,0.0,34614.78035250294,1431.1413634259006,0.0,36045.92171592884,856.1362002061893,388.15921422222584,1709.6011507678986,1890.0886583259257,3,2,0
rolling_margin_mean14,dev_april,development,2025-04-24,54086.67827262277,0.0,33136.66355332891,797.8035552423881,0.0,33934.4671085713,1559.0706866666674,1929.4976533923214,1890.0886583259257,1797.9173000740752,3,3,0
rolling_margin_mean14,dev_april,development,2025-04-25,25548.2924537764,0.0,9711.22266366012,222.73590286185407,0.0,9933.958566521975,163.89579588888802,21093.51116870233,1797.9173000740752,1704.7132402790126,3,2,0
rolling_margin_mean14,dev_april,development,2025-04-26,26225.003660176953,0.0,10299.971658608356,191.40487761134074,0.0,10491.376536219697,352.851991,23441.146279275716,1704.7132402790126,1704.827042913582,3,2,0
rolling_margin_mean14,dev_april,development,2025-04-27,54479.65623221446,0.0,33000.3293049263,1099.1834559475235,0.0,34099.512760873826,362.53540566666663,1797.734445089165,1704.827042913582,1811.3484942444422,3,3,0
rolling_margin_mean14,dev_april,development,2025-04-28,63307.95420061662,0.0,38185.55263776104,1405.3561419452133,0.0,39590.90877970625,2531.034744994691,352.2663424814767,1811.3484942444422,1749.9428900074063,3,3,0
rolling_margin_mean14,dev_april,development,2025-04-29,53054.48481159584,0.0,32487.75756135115,1302.6066557747313,0.0,33790.36421712588,803.5189124703411,1218.599783937572,1749.9428900074063,1966.6785491407434,3,3,0
rolling_margin_mean14,dev_april,development,2025-04-30,52341.68189057754,0.0,31120.714193627096,559.221830333702,0.0,31679.9360239608,671.3360968271583,248.25953273799303,1966.6785491407434,1696.9410225111126,3,3,0
rolling_margin_mean14,val_june,validation,2025-06-08,69397.77568045433,93.37172733333307,46727.51062003409,3017.3007287394516,648.7171028619982,50393.52845163554,1170.0808089021962,0.0,1980.7640098607806,1503.1577732629587,3,3,5
rolling_margin_mean14,val_june,validation,2025-06-09,76534.64525919667,78.00865733333296,52520.5274455328,3245.9728223500997,546.1115516496642,56312.61181953257,1242.4384296378635,229.8986111522637,1503.1577732629587,1484.6368219148155,3,3,5
rolling_margin_mean14,val_june,validation,2025-06-10,77973.15836290535,6.828281333333621,53375.031785457715,1567.4769992705496,47.295346392001996,54989.80413112026,2002.349831005487,130.08093333333295,1484.6368219148155,1543.8342652740744,3,3,2
rolling_margin_mean14,val_june,validation,2025-06-11,82414.3786312181,38.8013306666669,56855.12009732393,1999.4026295146314,267.20016428666827,59121.72289112523,1612.5474551989078,0.0,1543.8342652740744,1823.1811476888868,3,3,2
rolling_margin_mean14,val_june,validation,2025-06-12,78131.90363325788,0.0,53586.50738897694,1658.8948413204316,0.0,55245.402230297375,1450.3817740137142,0.0,1823.1811476888868,1933.8561215308634,3,3,0
rolling_margin_mean14,val_june,validation,2025-06-13,35389.88325842516,0.0,17800.80462026882,768.0740726787027,0.0,18568.878692947525,81.95388805212889,4414.625792438956,1933.8561215308634,1960.769371907409,3,3,0
rolling_margin_mean14,val_june,validation,2025-06-14,35253.43313742847,0.0,18352.59872168116,490.7024431747108,0.0,18843.30116485587,5.572994777777694,6582.296713854601,1960.769371907409,2004.516941114812,3,3,0
rolling_margin_mean14,val_june,validation,2025-06-15,79457.00206778888,0.0,54309.300756197525,1675.5913786209883,0.0,55984.89213481851,4196.840565120717,0.0,2004.516941114812,2719.1016676666695,3,3,0
rolling_margin_mean14,val_june,validation,2025-06-16,79465.46182580182,12.987689333333492,54925.05447112171,1512.5133506258182,88.36975270866776,56525.9375744562,2725.4285369986274,0.0,2719.1016676666695,2689.235886130863,3,3,2
rolling_margin_mean14,val_june,validation,2025-06-17,81629.61456679861,0.0,56870.81408834497,2775.5277136259497,0.0,59646.34180197091,3395.870482801098,0.0,2689.235886130863,2320.1062938666696,3,3,0
rolling_margin_mean14,val_june,validation,2025-06-18,80034.07928624908,0.0,55382.55274515706,3816.607908157752,0.0,59199.160653314815,5061.021244674323,0.0,2320.1062938666696,2732.724351114817,3,3,0
rolling_margin_mean14,val_june,validation,2025-06-19,76866.42124899999,67.66514244444454,52471.259679610186,3512.42402635672,465.7382666565563,56449.42197262346,4224.397373390949,579.656504773661,2732.724351114817,2634.8520032691385,3,3,2
rolling_margin_mean14,val_june,validation,2025-06-20,35122.52310690333,0.0,18200.004860139514,251.3456587889537,0.0,18451.350518928466,1009.9403796233354,9211.774387183814,2634.8520032691385,2928.778918229633,3,3,0
rolling_margin_mean14,val_june,validation,2025-06-21,35231.76509539333,0.0,18159.152662943696,179.43660580471047,0.0,18338.589268748405,1476.062080355558,11739.180376285321,2928.778918229633,3308.8714523407407,3,3,0
rolling_margin_mean14,val_august,validation,2025-08-18,75390.35762820183,23.48906866666698,55418.36232115086,970.6377949568541,197.6966745416693,56586.69679064939,3646.2338528518494,2742.4231914156435,1761.9221305047624,2741.459062814817,3,3,2
rolling_margin_mean14,val_august,validation,2025-08-19,71756.57534720575,44.936123333333285,53491.27225785124,2403.1879923437996,384.2793553603329,56278.739605555376,2264.232566883402,2162.4942559753044,2741.459062814817,2446.2473551654325,3,3,3
rolling_margin_mean14,val_august,validation,2025-08-20,77947.57557344376,0.0,57574.53963554102,2746.865075232492,0.0,60321.40471077351,3156.371112191816,404.9002014444449,2446.2473551654325,2362.330335700003,3,3,0
rolling_margin_mean14,val_august,validation,2025-08-21,73099.32523277882,0.0,53899.136429609964,2400.3970545560524,0.0,56299.533484166015,2983.7086836759386,782.0622746255189,2362.330335700003,2439.5278141111135,3,3,0
rolling_margin_mean14,val_august,validation,2025-08-22,40474.26920063803,0.0,23213.36120809028,600.8701766511422,0.0,23814.23138474142,262.80542115518256,16927.802601264742,2439.5278141111135,2021.0512413185206,3,3,0
rolling_margin_mean14,val_august,validation,2025-08-23,41913.277331035555,0.0,23441.199259751553,275.7298161377312,0.0,23716.929075889282,894.6340341111119,15787.570831363506,2021.0512413185206,2283.1833377777784,3,3,0
rolling_margin_mean14,val_august,validation,2025-08-24,71539.66284806174,0.0,53880.00295953141,3498.609335630715,0.0,57378.61229516213,2039.9629405473247,1910.2974814691406,2283.1833377777784,2467.7186229444505,3,3,0
rolling_margin_mean14,val_august,validation,2025-08-25,78314.95691422083,12.567735999999968,57114.31284269749,6328.317247234473,105.36789862399974,63547.99798855596,3297.718965855969,671.1679166666668,2467.7186229444505,2263.9440229333327,3,3,1
rolling_margin_mean14,val_august,validation,2025-08-26,72866.6848065048,0.0,53816.13092825161,1521.7538880494908,0.0,55337.8848163011,2638.8940412537695,772.5747119561074,2263.9440229333327,2500.469202533333,3,3,0
rolling_margin_mean14,val_august,validation,2025-08-27,77744.92552660083,10.91566666666688,56862.46596157437,3568.569322294611,90.22344283333508,60521.25872670232,3789.4655090205783,2850.707034090541,2500.469202533333,2053.578514288891,3,3,1
rolling_margin_mean14,val_august,validation,2025-08-28,78644.70489730178,23.559602666666592,56886.983708255924,3339.721915046697,198.1244786253327,60424.83010192795,3517.1205842002723,413.49021255555994,2053.578514288891,2100.7993691925944,3,3,1
rolling_margin_mean14,val_august,validation,2025-08-29,42061.413289635115,0.0,23632.228396878232,986.9386004089996,0.0,24619.166997287233,1067.2719945939652,15894.433719086419,2100.7993691925944,1968.1840071037068,3,3,0
rolling_margin_mean14,val_august,validation,2025-08-30,40651.42199139369,0.0,23204.534728752522,430.0675352339032,0.0,23634.602263986424,445.3948534458163,19540.8892919904,1968.1840071037068,1725.7350354592645,3,3,0
rolling_margin_mean14,val_august,validation,2025-08-31,72644.00998761623,23.55866999999978,52705.63965127841,1132.4675912716605,194.21867309166484,54032.32591564174,1041.1360524677652,411.25521777778,1725.7350354592645,2496.912165927164,3,3,2
rolling_margin_mean14,eval_september,evaluation,2025-09-10,72965.80496737962,0.0,48693.10434260126,2350.237480232874,0.0,51043.34182283413,7689.522777342592,270.6870402510302,4786.287876925929,4661.513129585185,3,3,0
rolling_margin_mean14,eval_september,evaluation,2025-09-11,64371.37986311935,0.0,43698.267265759234,2755.6211581245147,0.0,46453.88842388375,5576.727336325107,1415.1063201646082,4661.513129585185,4856.15544788889,3,3,0
rolling_margin_mean14,eval_september,evaluation,2025-09-12,36400.66361443484,0.0,18333.956058045398,485.6695214969916,0.0,18819.62557954239,1816.0903716666658,20298.43623610151,4856.15544788889,5240.482364814812,3,2,0
rolling_margin_mean14,eval_september,evaluation,2025-09-13,35719.89809033333,0.0,17975.311155293297,133.72793842275266,0.0,18109.03909371605,1013.310471666666,23973.213030707815,5240.482364814812,5596.541691340738,3,3,0
rolling_margin_mean14,eval_september,evaluation,2025-09-14,70187.5842085967,0.0,47347.33351597694,2774.992114432594,0.0,50122.325630409534,5678.000543847728,1502.1883088888858,5596.541691340738,5076.902880051853,3,3,0
rolling_margin_mean14,eval_september,evaluation,2025-09-15,62979.65116186304,51.00918344444726,43067.26217369316,361.96821069120483,258.12638374695996,43687.35676813133,4043.6743549947287,759.210650000001,5076.902880051853,4447.365222629628,3,2,3
rolling_margin_mean14,eval_september,evaluation,2025-09-16,68680.64716543395,0.0,45961.97691232743,2757.344912658954,0.0,48719.321824986386,4159.996641837249,1794.9764318930042,4447.365222629628,4054.622652037035,3,2,0
rolling_margin_mean14,eval_september,evaluation,2025-09-17,68856.89672827983,0.0,46268.82793470778,1485.9725667131138,0.0,47754.80050142089,4225.138653902608,781.1640338888864,4054.622652037035,4250.741551751852,3,3,0
rolling_margin_mean14,eval_september,evaluation,2025-09-18,69583.55711219477,0.0,45857.08175452014,3285.4222011794777,0.0,49142.50395569962,5764.053597658431,1374.357559209877,4250.741551751852,4095.9434777611104,3,3,0
rolling_margin_mean14,eval_september,evaluation,2025-09-19,34960.77647203497,0.0,17331.347548102407,356.2484162436401,0.0,17687.59596434605,841.3863757016452,14997.042175117278,4095.9434777611104,4614.134328087654,3,2,0
rolling_margin_mean14,eval_september,evaluation,2025-09-20,34539.30272747188,0.0,16816.843712367343,247.44896922642096,0.0,17064.292681593764,649.1685594444446,15631.965551602196,4614.134328087654,4687.8117350925895,3,2,0
rolling_margin_mean14,eval_september,evaluation,2025-09-21,68371.76253414292,0.0,46235.57281573133,1089.6649267367734,0.0,47325.2377424681,4502.912890209877,2597.0984657873814,4687.8117350925895,4220.873264740742,3,2,0
rolling_margin_mean14,eval_september,evaluation,2025-09-22,66437.36822778874,0.0,44967.872563403085,2556.2283687174427,0.0,47524.10093212053,3022.948984493829,0.0,4220.873264740742,3255.3770460740757,3,2,0
rolling_margin_mean14,eval_september,evaluation,2025-09-23,69656.48098080794,0.0,46500.71218368736,1339.3624356029277,0.0,47840.07461929029,3172.4576193580224,443.93678922222455,3255.3770460740757,3203.861927925927,3,2,0
rolling_margin_mean14,eval_december,evaluation,2025-12-08,94430.84960270095,6.472703333333243,71457.72197143029,2233.562421943053,46.65848197833268,73737.94287535167,1702.336037592595,0.0,1246.1286812716075,1714.858869392592,3,2,1
rolling_margin_mean14,eval_december,evaluation,2025-12-09,92526.14132416136,82.24581033333322,68717.7927540812,2281.995400397863,603.6013317031102,71603.38948618216,591.1338865720189,0.0,1714.858869392592,1613.7932149851827,3,3,3
rolling_margin_mean14,eval_december,evaluation,2025-12-10,94032.33768131002,116.73233264222341,70905.91151313692,1911.3453562053603,764.5106575468272,73581.7675268891,1229.2757733607668,0.0,1613.7932149851827,1536.6110043333347,3,2,3
rolling_margin_mean14,eval_december,evaluation,2025-12-11,92248.1253333783,0.0,67693.3786668959,2281.5621947810014,0.0,69974.94086167689,1610.0734622685538,0.0,1536.6110043333347,1728.4487627703727,3,2,0
rolling_margin_mean14,eval_december,evaluation,2025-12-12,49529.8917474986,0.0,22667.641160356445,945.8983867797504,0.0,23613.539547136195,1621.5977763696628,283.2605521111108,1728.4487627703727,1776.875665318517,3,2,0
rolling_margin_mean14,eval_december,evaluation,2025-12-13,49194.189635280854,0.0,22805.26479440169,1592.9595326964666,0.0,24398.224327098156,1044.951527186559,364.25279677777735,1776.875665318517,1839.644098614817,3,2,0
rolling_margin_mean14,eval_december,evaluation,2025-12-14,95235.57449612208,183.3338003333336,72348.84944589186,1327.8857346860068,1267.5748479060019,74944.31002848386,2276.7202755884823,0.0,1839.644098614817,1626.5907549407418,3,2,2
rolling_margin_mean14,eval_december,evaluation,2025-12-15,96783.25299369683,0.0,73518.96090124249,2511.689637188506,0.0,76030.650538431,2647.385617187922,0.0,1626.5907549407418,1794.0530877925944,3,2,0
rolling_margin_mean14,eval_december,evaluation,2025-12-16,95972.9633682565,0.0,72616.76825100582,1729.2722924843467,0.0,74346.04054349016,2266.0354046405996,0.0,1794.0530877925944,1726.0809720296334,3,2,0
rolling_margin_mean14,eval_december,evaluation,2025-12-17,94372.16255864456,0.0,71074.41403421704,2855.26172635463,0.0,73929.67576057167,1632.8757523414226,0.0,1726.0809720296334,1800.1928121925978,3,2,0
rolling_margin_mean14,eval_december,evaluation,2025-12-18,94277.0532794266,0.0,71000.850193544,1362.052985325579,0.0,72362.90317886957,2472.999540212622,0.0,1800.1928121925978,1792.549210474078,3,2,0
rolling_margin_mean14,eval_december,evaluation,2025-12-19,48338.10663341838,0.0,22263.751695745046,1173.1499305471366,0.0,23436.901626292183,1663.6729081481535,125.92990671605536,1792.549210474078,1628.0823530814826,3,2,0
rolling_margin_mean14,eval_december,evaluation,2025-12-20,48732.60303415501,0.0,22466.29994376244,1132.6905375934557,0.0,23598.990481355893,1357.484609164611,445.494394444445,1628.0823530814826,1838.9430580271624,3,2,0
rolling_margin_mean14,eval_december,evaluation,2025-12-21,96990.25475599314,0.0,73225.71295810981,1876.6485009537573,0.0,75102.36145906357,3427.3207848120746,0.0,1838.9430580271624,1860.9625091333344,3,2,0
rolling_scenario_mean14,dev_march,development,2025-03-07,33580.39808500412,0.0,13894.036971097825,355.1738449240784,0.0,14249.210816021903,421.7792449382713,9022.5939494321,1637.1139451629633,1897.6078481925933,3,2,0
rolling_scenario_mean14,dev_march,development,2025-03-08,32120.012535297665,0.0,13241.826454132588,11.222654510221288,0.0,13253.04910864281,181.85164222330428,9959.08445168724,1897.6078481925933,1864.3206579012383,3,1,0
rolling_scenario_mean14,dev_march,development,2025-03-09,69421.18725265807,0.0,43948.686526606725,3475.4532316298414,0.0,47424.13975823657,2115.134533683461,164.10347333333465,1864.3206579012383,1607.9159280740735,3,2,0
rolling_scenario_mean14,dev_march,development,2025-03-10,74257.39414772618,0.0,48128.593960447586,915.2686522522615,0.0,49043.86261269985,2004.8036171015092,106.389931333336,1607.9159280740735,1544.7016533703738,3,2,0
rolling_scenario_mean14,dev_march,development,2025-03-11,70796.53630400138,0.0,44761.957433628646,3886.4036984855243,0.0,48648.36113211417,2293.759647776412,52.442421673528315,1544.7016533703738,1825.6103099555562,3,2,0
rolling_scenario_mean14,dev_march,development,2025-03-12,67435.29697300258,0.0,42728.09464125837,4811.295316334677,0.0,47539.38995759305,945.1630660534918,224.6825068888935,1825.6103099555562,1551.3713342574079,3,2,0
rolling_scenario_mean14,dev_march,development,2025-03-13,73587.33973199883,35.092187053332054,47671.15897346468,3510.4056301431683,219.34965493131182,51400.91425853916,2055.143042539092,105.99734999999987,1551.3713342574079,1426.3788377808894,3,2,2
rolling_scenario_mean14,dev_march,development,2025-03-14,32458.86138071122,0.0,13137.073325935688,530.8713535058348,0.0,13667.944679441522,458.3061158395088,12494.940032973935,1426.3788377808894,1971.5361842222226,3,2,0
rolling_scenario_mean14,dev_march,development,2025-03-15,31399.189288576126,0.0,13080.599524013129,520.6661159053574,0.0,13601.265639918485,454.50782722222357,7675.903239201645,1971.5361842222226,1432.1321230518477,3,2,0
rolling_scenario_mean14,dev_march,development,2025-03-16,69977.08048353202,1.6400000000001,44206.74599543162,2717.077623631922,8.081100000000493,46931.90471906355,2025.9171524554192,24.829060000000155,1432.1321230518477,1916.3900627111182,3,2,1
rolling_scenario_mean14,dev_march,development,2025-03-17,63050.322196059344,0.0,38793.511857387144,2248.096228614128,0.0,41041.60808600127,1094.7702059026046,0.0,1916.3900627111182,2054.547113259264,3,3,0
rolling_scenario_mean14,dev_march,development,2025-03-18,67410.50210628673,0.0,42259.572879437575,3909.571088806373,0.0,46169.14396824395,1957.8876881138508,529.6268884444464,2054.547113259264,1923.4232841185183,3,2,0
rolling_scenario_mean14,dev_march,development,2025-03-19,66482.01493899451,0.0,41093.18553831326,2789.850374769883,0.0,43883.03591308314,1865.482763971191,938.6000431111104,1923.4232841185183,2148.8383878740738,3,2,0
rolling_scenario_mean14,dev_march,development,2025-03-20,66485.29485102769,0.0,42243.474914816994,3505.9755812158596,0.0,45749.450496032856,848.6848030288045,0.0,2148.8383878740738,1731.440832185703,3,3,0
rolling_scenario_mean14,dev_april,development,2025-04-17,58487.929574221766,46.41690166666517,35472.73658183172,1896.6113552978327,222.27904472165946,37591.626981851216,1288.2896145473308,210.06656666666413,1702.8397013611866,2021.7860408498168,3,2,2
rolling_scenario_mean14,dev_april,development,2025-04-18,26427.47207420802,0.0,10460.131380645236,108.78822812994781,0.0,10568.919608775184,231.37573677777752,17329.36178234156,2021.7860408498168,2072.391314520992,3,1,0
rolling_scenario_mean14,dev_april,development,2025-04-19,26706.340541562404,0.0,10500.49729688829,94.01606333579481,0.0,10594.513360224086,391.5913488436141,17298.180504004114,2072.391314520992,1867.111569234568,3,1,0
rolling_scenario_mean14,dev_april,development,2025-04-20,58100.88820781735,0.0,35076.588370576836,450.8406237216076,0.0,35527.42899429844,1626.1602206500004,416.65936959259307,1867.111569234568,2037.9194308543247,3,2,0
rolling_scenario_mean14,dev_april,development,2025-04-21,53830.499403161855,0.0,32323.999731108026,2241.0802696728506,0.0,34565.08000078088,396.22038669684207,1857.1657783264768,2037.9194308543247,1449.9013066296295,3,1,0
rolling_scenario_mean14,dev_april,development,2025-04-22,57485.655815844984,0.0,34623.90974692791,2527.615239411296,0.0,37151.5249863392,1251.0512463882042,154.7242284650169,1449.9013066296295,1701.0543398444404,3,2,0
rolling_scenario_mean14,dev_april,development,2025-04-23,56567.96344491281,0.0,34592.49533397331,1112.818208903852,0.0,35705.313542877164,821.1814463936917,578.0881486666683,1701.0543398444404,1853.0116735580227,3,2,0
rolling_scenario_mean14,dev_april,development,2025-04-24,54271.19053861853,0.0,33000.4830444612,904.9842195137622,0.0,33905.46726397496,1256.3704503304689,2428.9017740740746,1853.0116735580227,1749.18162394568,3,1,0
rolling_scenario_mean14,dev_april,development,2025-04-25,25666.253050528117,0.0,9706.381327213712,281.1975339280808,0.0,9987.578861141794,135.74896441700815,21270.36072291084,1749.18162394568,1619.966942101235,3,2,0
rolling_scenario_mean14,dev_april,development,2025-04-26,26260.223358470503,0.0,10203.153722762592,55.6053695267253,0.0,10258.759092289318,195.5160150000054,23636.000720924556,1619.966942101235,1602.7355047036986,3,1,0
rolling_scenario_mean14,dev_april,development,2025-04-27,55603.37018789429,0.0,33565.60010835763,1357.110568969258,0.0,34922.71067732688,440.5422896666663,2670.7314875953384,1602.7355047036986,1852.1348327259252,3,3,0
rolling_scenario_mean14,dev_april,development,2025-04-28,63096.93051326474,0.0,38087.38780497914,1870.6428125542132,0.0,39958.03061753335,2430.656834722902,389.13803833333657,1852.1348327259252,1770.5664450197548,3,2,0
rolling_scenario_mean14,dev_april,development,2025-04-29,53461.809798420494,0.0,32617.87182027788,1638.4525351606085,0.0,34256.32435543849,707.3925109252925,1668.11506309877,1770.5664450197548,2029.6477472098786,3,2,0
rolling_scenario_mean14,dev_april,development,2025-04-30,52020.140234532235,0.0,30893.056103570303,1159.1829499076302,0.0,32052.239053477933,373.68627368587545,282.57384188888955,2029.6477472098786,1693.1472904864224,3,2,0
rolling_scenario_mean14,val_june,validation,2025-06-08,73302.92437135662,0.0,49780.945157943184,4156.492900543777,0.0,53937.438058486965,3850.2687455311707,0.0,1980.7640098607806,2655.951824172842,3,2,0
rolling_scenario_mean14,val_june,validation,2025-06-09,79139.04996767807,1.8381779999999708,55086.52331835488,2343.673231520944,12.993161192999795,57443.18971106882,4183.775226724278,0.0,2655.951824172842,2564.670969792594,3,3,1
rolling_scenario_mean14,val_june,validation,2025-06-10,79167.4743549498,0.0,54929.06308342196,1385.4894434245543,0.0,56314.55252684651,3758.1758166735267,0.0,2564.670969792594,2317.228201071979,3,2,0
rolling_scenario_mean14,val_june,validation,2025-06-11,84216.9907596815,0.0,58792.21807507261,2767.843321881223,0.0,61560.06139695383,3569.5166920768224,0.0,2317.228201071979,2545.6803172951727,3,3,0
rolling_scenario_mean14,val_june,validation,2025-06-12,79437.4101965675,0.0,54950.09696493146,3315.8489509921787,0.0,58265.945915923636,2934.1539980946463,0.0,2545.6803172951727,2549.945473522077,3,2,0
rolling_scenario_mean14,val_june,validation,2025-06-13,35365.11859944032,0.0,18132.357393797,1352.3398483985227,0.0,19484.69724219552,758.978772304522,4166.543089423866,2549.945473522077,2202.195835643064,3,3,0
rolling_scenario_mean14,val_june,validation,2025-06-14,34317.87827428928,0.0,18115.47941331605,607.2915250633325,0.0,18722.770938379384,336.4690192935574,5490.512148662554,2202.195835643064,2097.0079739758357,3,3,0
rolling_scenario_mean14,val_june,validation,2025-06-15,79886.30467635921,0.0,54670.404392315606,2531.5587016606037,0.0,57201.96309397621,4653.431860104255,0.0,2097.0079739758357,2815.959162977164,3,3,0
rolling_scenario_mean14,val_june,validation,2025-06-16,79093.7727155322,3.9355200000001105,54826.343788955994,1751.6467781648785,26.543114640000745,56604.53368176087,2434.387305792864,0.0,2815.959162977164,2695.0078310049366,3,2,1
rolling_scenario_mean14,val_june,validation,2025-06-17,81659.24126326296,0.0,56949.83111508411,3208.2560545693314,0.0,60158.087169653445,3402.340548803842,0.0,2695.0078310049366,2225.3589914924064,3,2,0
rolling_scenario_mean14,val_june,validation,2025-06-18,79129.68619132218,0.0,54489.12899349359,4743.089372864236,0.0,59232.218366357825,4472.3028744115245,0.0,2225.3589914924064,2143.3978155759505,3,3,0
rolling_scenario_mean14,val_june,validation,2025-06-19,76482.64136997561,56.70548777777776,52486.16295498027,5990.439696024585,387.7203605472222,58864.32301155208,4285.192228163235,0.0,2143.3978155759505,2058.420424752912,3,2,2
rolling_scenario_mean14,val_june,validation,2025-06-20,34977.95379391926,0.0,17893.881490796746,633.5463639108992,0.0,18527.427854707646,955.4776700233205,8913.305893434845,2058.420424752912,2506.53547791111,3,2,0
rolling_scenario_mean14,val_june,validation,2025-06-21,34618.51687545997,0.0,17597.32803430299,627.8061240222901,0.0,18225.13415832528,1585.1666459218116,11342.643848750346,2506.53547791111,2549.47953379052,3,3,0
rolling_scenario_mean14,val_august,validation,2025-08-18,71464.29584217166,75.22429333333343,52766.41667164607,853.62439155514,633.1895043583341,54253.23056755954,1332.582199727024,1659.6466068532318,1761.9221305047624,2133.5433856790105,3,2,4
rolling_scenario_mean14,val_august,validation,2025-08-19,68721.56890212558,83.08497200000045,51129.28969256333,1517.0799063434224,709.6769635966705,53356.04656250343,541.1480809829225,826.6508933333347,2133.5433856790105,1813.9020800370342,3,2,3
rolling_scenario_mean14,val_august,validation,2025-08-20,76040.89632747187,2.4664093333333312,55861.385273106986,2925.8064274515436,20.943638285333343,58808.13533884386,1425.0674819231808,0.0,1813.9020800370342,1835.915904807408,3,2,2
rolling_scenario_mean14,val_august,validation,2025-08-21,70625.6896765679,0.0,52125.15635827215,2494.598364000452,0.0,54619.7547222726,1213.1698594348395,21.940561897117128,1835.915904807408,1903.2408529925917,3,2,0
rolling_scenario_mean14,val_august,validation,2025-08-22,39585.069484182444,67.27957876555121,22482.437055228038,354.71685568460543,138.82987660759696,22975.98378752024,14.943259333333572,16241.862048930041,1903.2408529925917,1498.144515000001,3,2,3
rolling_scenario_mean14,val_august,validation,2025-08-23,40925.73145806888,0.0,22729.63168081895,332.57643418391274,0.0,23062.208115002864,460.18055252213713,15322.98750521536,1498.144515000001,1662.489797401331,3,2,0
rolling_scenario_mean14,val_august,validation,2025-08-24,70154.44833459129,0.0,52818.353738213526,2319.789627568337,0.0,55138.14336578186,1384.3124161330577,1140.7951709190693,1662.489797401331,1817.9289444275798,3,2,0
rolling_scenario_mean14,val_august,validation,2025-08-25,78100.61260271558,11.04320000000007,56733.38093799417,5802.020823815876,92.58618880000058,62627.98795061004,2592.2091619341613,671.1679166666668,1817.9289444275798,2037.4507297012358,3,2,1
rolling_scenario_mean14,val_august,validation,2025-08-26,72443.48395446502,0.0,53356.11900141806,2752.4734585663646,0.0,56108.59245998443,2103.006289694096,818.5418414581659,2037.4507297012358,2312.804533725927,3,3,0
rolling_scenario_mean14,val_august,validation,2025-08-27,77387.90739143072,26.112793333333684,56324.86886770895,5010.041792987764,216.89820133333626,61551.808862030055,3557.184830499315,2716.7591432688664,2312.804533725927,1866.1047522074077,3,2,2
rolling_scenario_mean14,val_august,validation,2025-08-28,77328.20296494146,32.688449333333324,55973.839833495935,3893.4471307966273,276.8115463326666,60144.098510625234,2761.049008290807,0.0,1866.1047522074077,1705.1523572650271,3,2,2
rolling_scenario_mean14,val_august,validation,2025-08-29,42117.02378283858,0.0,23536.365649764644,903.5903178511389,0.0,24439.955967615784,967.5133282002754,15783.538703495196,1705.1523572650271,1783.8664528765437,3,3,0
rolling_scenario_mean14,val_august,validation,2025-08-30,40881.44977191889,0.0,23232.0799721487,888.6061812571251,0.0,24120.686153405823,554.3809434485586,19551.037122643345,1783.8664528765437,1611.41010633704,3,3,0
rolling_scenario_mean14,val_august,validation,2025-08-31,72173.32201327896,46.152453333333256,52327.92601758455,1484.9446047494498,381.176990941666,54194.04761327567,841.6671728491023,195.4121541111133,1611.41010633704,2341.972129475307,3,2,3
rolling_scenario_mean14,eval_september,evaluation,2025-09-10,72379.8104484362,31.683725122220736,48248.13515847981,2403.234492214625,161.34191271306986,50812.7115634075,7178.653439732507,268.46057333333505,4786.287876925929,4596.137299259258,3,3,2
rolling_scenario_mean14,eval_september,evaluation,2025-09-11,63081.8347148834,0.0,42903.666102286545,2630.0966002325995,0.0,45533.76270251915,4299.790993401921,1364.111073333332,4596.137299259258,4802.636300481483,3,3,0
rolling_scenario_mean14,eval_september,evaluation,2025-09-12,35880.344200706444,0.0,18004.80009160787,514.7868096456946,0.0,18519.586901253566,1799.6425516666663,19928.264309471877,4802.636300481483,5037.657409975304,3,2,0
rolling_scenario_mean14,eval_september,evaluation,2025-09-13,35423.09904435556,0.0,17725.361987070562,171.5167107489166,0.0,17896.87869781948,1013.310471666666,23642.80884722908,5037.657409975304,5398.0461929259245,3,3,0
rolling_scenario_mean14,eval_september,evaluation,2025-09-14,69973.97894353908,0.0,47056.67065574431,3056.7625316178355,0.0,50113.43318736215,5399.387116684485,1514.2221705555557,5398.0461929259245,4909.557864518523,3,2,0
rolling_scenario_mean14,eval_september,evaluation,2025-09-15,63059.08840827159,0.0,42998.801451821186,339.46200225496193,0.0,43338.26345407615,3976.5352676995826,830.3327826474647,4909.557864518523,4298.500035777779,3,2,0
rolling_scenario_mean14,eval_september,evaluation,2025-09-16,68083.74339873045,0.0,45504.91875273626,3015.5785151064774,0.0,48520.49726784274,3857.0197388539127,1446.046631872433,4298.500035777779,3911.170309907406,3,3,0
rolling_scenario_mean14,eval_september,evaluation,2025-09-17,68837.02300896433,7.62916666666672,46183.40560590777,1495.675955218966,38.19542291666694,47717.276984043405,4735.005928820311,183.08230674896862,3911.170309907406,4128.0860476481475,3,2,1
rolling_scenario_mean14,eval_september,evaluation,2025-09-18,69362.23798794691,0.0,45578.78768870861,2762.7314127600785,0.0,48341.519101468686,5474.10283102915,1349.4524355555545,4128.0860476481475,3994.8590715246946,3,2,0
rolling_scenario_mean14,eval_september,evaluation,2025-09-19,34759.15309036351,0.0,17227.973738043795,356.06492757008095,0.0,17584.038665613876,812.6706638888888,14758.892100329213,3994.8590715246946,4570.133000425925,3,2,0
rolling_scenario_mean14,eval_september,evaluation,2025-09-20,34308.41839860768,0.0,16741.346714838353,232.3345310502235,0.0,16973.681245888576,649.1685594444446,15365.232652002745,4570.133000425925,4674.492564962961,3,2,0
rolling_scenario_mean14,eval_september,evaluation,2025-09-21,68079.33035277361,0.0,45979.31383461784,1482.1501279582162,0.0,47461.463962576054,4651.241211543208,2052.792623466394,4674.492564962961,4220.873264740742,3,2,0
rolling_scenario_mean14,eval_september,evaluation,2025-09-22,66363.2228943292,0.0,44915.3938235212,2780.9731146565264,0.0,47696.36693817772,2944.749757668036,31.268044257890956,4220.873264740742,3255.3770460740757,3,2,0
rolling_scenario_mean14,eval_september,evaluation,2025-09-23,69590.8574684705,0.0,46596.77371268764,1560.9529604776067,0.0,48157.72667316524,3105.660031913576,498.52107055555905,3255.3770460740757,3203.861927925927,3,2,0
rolling_scenario_mean14,eval_december,evaluation,2025-12-08,96775.81549187681,0.0,73839.21987070232,2666.7607709850813,0.0,76505.9806416874,3960.523418240328,0.0,1246.1286812716075,1969.0073277703743,3,2,0
rolling_scenario_mean14,eval_december,evaluation,2025-12-09,94585.3463499026,5.587619999999902,70746.32770940676,2273.175499012633,41.323243709999275,73060.82645212939,2853.71439458985,0.0,1969.0073277703743,1874.3701682888886,3,2,1
rolling_scenario_mean14,eval_december,evaluation,2025-12-10,95825.28436060081,0.0,72459.69829631102,2691.2000590352222,0.0,75150.89835534625,3104.777093657058,0.0,1874.3701682888886,1791.3262966296318,3,2,0
rolling_scenario_mean14,eval_december,evaluation,2025-12-11,93671.71439828645,0.0,68975.08502429117,2577.013118732212,0.0,71552.09814302338,3243.6591191794514,0.0,1791.3262966296318,1933.0051543555612,3,2,0
rolling_scenario_mean14,eval_december,evaluation,2025-12-12,49676.718945215645,0.0,22809.632681803207,1484.3988037781592,0.0,24294.031485581367,2053.8402467565525,232.39218166666365,1933.0051543555612,1868.3120362342227,3,3,0
rolling_scenario_mean14,eval_december,evaluation,2025-12-13,49274.75522706364,0.0,23069.87142806133,1528.2317713031357,0.0,24598.10319936447,1679.3888169674374,248.34265722222187,1868.3120362342227,1666.9754799860943,3,2,0
rolling_scenario_mean14,eval_december,evaluation,2025-12-14,96205.00080970422,0.0,73099.26767539352,2593.3037307738678,0.0,75692.5714061674,3045.043975511658,0.0,1666.9754799860943,1456.9982609300496,3,2,0
rolling_scenario_mean14,eval_december,evaluation,2025-12-15,98037.62955410154,0.0,74524.57318745315,3360.6034942187807,0.0,77885.17668167193,3689.9365139689635,0.0,1456.9982609300496,1872.949403303704,3,2,0
rolling_scenario_mean14,eval_december,evaluation,2025-12-16,95827.38498267763,0.0,72612.95667853337,2404.0899171049023,0.0,75017.04659563827,2224.758444370368,0.0,1872.949403303704,1723.187374600003,3,2,0
rolling_scenario_mean14,eval_december,evaluation,2025-12-17,94388.81731775645,0.0,71162.37804099888,3434.9084548664678,0.0,74597.28649586535,1625.8927846823879,0.0,1723.187374600003,1827.0892285703735,3,2,0
rolling_scenario_mean14,eval_december,evaluation,2025-12-18,94013.41343651552,0.0,71029.25994824307,1520.4315933729526,0.0,72549.69154161602,2295.9725452192283,0.0,1827.0892285703735,1796.3650097185198,3,2,0
rolling_scenario_mean14,eval_december,evaluation,2025-12-19,47771.53398637174,0.0,21920.726363597438,523.5949891294558,0.0,22444.321352726893,1153.4407424883384,55.59674716049522,1796.3650097185198,1614.6178467740726,3,1,0
rolling_scenario_mean14,eval_december,evaluation,2025-12-20,47813.578505550795,0.0,21853.88442046007,1554.1555016184839,0.0,23408.03992207855,927.9186885418367,237.31401326474264,1614.6178467740726,1458.6456330740727,3,2,0
rolling_scenario_mean14,eval_december,evaluation,2025-12-21,95497.73612401872,43.054866666666726,71954.4995494765,3561.8789742087592,302.7402949666671,75819.11881865193,1848.4316794856018,0.0,1458.6456330740727,1493.6274060414835,3,3,1
rolling_scenario_shuffled,dev_march,development,2025-03-07,33580.39808500412,0.0,13894.036971097825,355.1738449240784,0.0,14249.210816021903,421.7792449382713,9022.5939494321,1637.1139451629633,1897.6078481925933,3,2,0
rolling_scenario_shuffled,dev_march,development,2025-03-08,32120.012535297665,0.0,13241.826454132588,11.222654510221288,0.0,13253.04910864281,181.85164222330428,9959.08445168724,1897.6078481925933,1864.3206579012383,3,1,0
rolling_scenario_shuffled,dev_march,development,2025-03-09,68358.58945461157,51.74159276214682,43156.119575171004,3334.47408247432,270.510687977179,46761.1043456225,1492.2823294403302,56.783743888889376,1864.3206579012383,1300.1976920508891,3,3,5
rolling_scenario_shuffled,dev_march,development,2025-03-10,74599.30329886304,0.0,48279.683614334965,915.2686522522615,0.0,49194.95226658723,2004.8036171015092,106.389931333336,1300.1976920508891,1544.7016533703738,3,2,0
rolling_scenario_shuffled,dev_march,development,2025-03-11,70583.37602455693,0.0,44664.54181129614,2759.3025499719897,0.0,47423.84436126813,2052.375091397818,80.6666986076772,1544.7016533703738,1825.6103099555562,3,2,0
rolling_scenario_shuffled,dev_march,development,2025-03-12,67278.61421606861,37.881572446667406,42367.9636501888,3332.2608631274493,248.4462928914682,45948.670806207716,1359.927581084585,0.0,1825.6103099555562,1281.737516825705,3,3,1
rolling_scenario_shuffled,dev_march,development,2025-03-13,73811.3427921268,70.58381949858904,47225.598050799614,1836.2292552462645,425.27210637869285,49487.09941242458,2152.6419473333335,0.0,1281.737516825705,1225.3914654000012,3,2,2
rolling_scenario_shuffled,dev_march,development,2025-03-14,32009.32346404145,0.0,12821.811944823834,389.74237458234865,0.0,13211.554319406183,208.1872120438919,12494.940032973935,1225.3914654000012,1561.283119639161,3,2,0
rolling_scenario_shuffled,dev_march,development,2025-03-15,31265.95564622521,152.9397384111095,12883.636080139453,368.47622255251815,308.0843984840519,13560.196701176023,240.4822821975311,7675.903239201647,1561.283119639161,1200.0,3,2,4
rolling_scenario_shuffled,dev_march,development,2025-03-16,70334.52564065371,0.0,44185.09051833038,1363.0400096956541,0.0,45548.13052802603,2142.5223606468585,0.0,1200.0,1912.2567562666718,3,1,0
rolling_scenario_shuffled,dev_march,development,2025-03-17,62886.06204768771,6.064225766664322,38516.14065912027,2141.037944802719,39.99053681826787,40697.16914074125,1221.0372019094639,0.0,1912.2567562666718,1716.4478971874073,3,3,1
rolling_scenario_shuffled,dev_march,development,2025-03-18,67786.16790192212,0.0,42415.023341137785,3909.571088806373,0.0,46324.59442994416,1957.8876881138517,529.6268884444464,1716.4478971874073,1923.4232841185183,3,2,0
rolling_scenario_shuffled,dev_march,development,2025-03-19,66225.22967962305,0.0,40897.16142139206,985.511615397205,0.0,41882.67303678927,2366.0732302940974,479.08867613169514,1923.4232841185183,1838.178819052245,3,2,0
rolling_scenario_shuffled,dev_march,development,2025-03-20,66775.46143952364,0.0,42283.90665692314,3453.527157513286,0.0,45737.43381443643,961.200906362139,0.0,1838.178819052245,1551.5879860725945,3,3,0
rolling_scenario_shuffled,dev_april,development,2025-04-17,56587.81901198689,202.5029520798335,34496.771306019844,1705.0639765851647,1004.5307958281138,37206.36607843312,374.8915176543279,0.0,1702.8397013611866,1548.9959509462972,3,2,5
rolling_scenario_shuffled,dev_april,development,2025-04-18,26853.41731302151,0.0,10743.698843968834,285.12131610637675,0.0,11028.82016007521,263.5030307393697,17148.777023203016,1548.9959509462972,2082.374043082027,3,1,0
rolling_scenario_shuffled,dev_april,development,2025-04-19,26491.478345734675,0.0,10389.363374280725,235.45313683405044,0.0,10624.816511114775,396.6364643399978,17298.180504004114,2082.374043082027,1627.485172065492,3,3,0
rolling_scenario_shuffled,dev_april,development,2025-04-20,56419.347675508325,193.72965055555431,34040.35611960033,706.9456165886648,976.1706753152716,35723.47241150426,770.2739781659782,0.0,1627.485172065492,1584.8986885931643,3,2,3
rolling_scenario_shuffled,dev_april,development,2025-04-21,52423.415323689616,247.1849916318895,31401.349616963937,2307.5812825627704,798.4721909498221,34507.403090476524,156.62084238422526,586.6300688888798,1584.8986885931643,1216.356495832963,3,3,9
rolling_scenario_shuffled,dev_april,development,2025-04-22,56384.95366732401,0.0,33965.832693841985,1596.020611167915,0.0,35561.8533050099,474.9116437270261,0.0,1216.356495832963,1251.4420155500543,3,3,0
rolling_scenario_shuffled,dev_april,development,2025-04-23,55814.243909265846,0.0,34159.0474323808,1280.3508330740885,0.0,35439.39826545489,522.7031808539112,48.71684033950401,1251.4420155500543,1450.9115183456775,3,2,0
rolling_scenario_shuffled,dev_april,development,2025-04-24,54673.94917752114,0.0,33139.733684710234,932.3990701804898,0.0,34072.13275489072,1246.528065108247,2428.9017740740746,1450.9115183456775,1711.207261600002,3,2,0
rolling_scenario_shuffled,dev_april,development,2025-04-25,25708.44678646776,0.0,9721.311958522556,281.1975339280808,0.0,10002.509492450637,146.56530844444404,21260.268913311385,1711.207261600002,1619.966942101235,3,2,0
rolling_scenario_shuffled,dev_april,development,2025-04-26,26260.223358470503,0.0,10203.153722762592,55.6053695267253,0.0,10258.759092289318,195.5160150000054,23636.000720924556,1619.966942101235,1602.7355047036986,3,1,0
rolling_scenario_shuffled,dev_april,development,2025-04-27,53355.952548668836,0.0,32811.835787248405,2254.2172261114456,0.0,35066.05301335985,250.85946000000024,1215.9730130589833,1602.7355047036986,1350.1448577564208,3,3,0
rolling_scenario_shuffled,dev_april,development,2025-04-28,61845.130579592405,12.703348312999491,37248.421402745764,2053.912364350169,60.671191542885566,39363.00495863881,1317.454480403647,0.0,1350.1448577564208,1316.0411512323462,3,3,1
rolling_scenario_shuffled,dev_april,development,2025-04-29,51901.82404434073,0.0,31725.39816932536,1209.4994557611521,0.0,32934.89762508651,179.33870187306582,654.3739663580233,1316.0411512323462,1517.2154249629618,3,3,0
rolling_scenario_shuffled,dev_april,development,2025-04-30,51196.44849939119,289.4844066666669,30802.77911650442,546.0378941685326,1532.1377418000013,32880.95475247296,65.7558044444446,0.0,1517.2154249629618,1265.3233534965918,3,3,3
rolling_scenario_shuffled,val_june,validation,2025-06-08,69762.3905447863,0.0,47310.192088939104,2910.22351233482,0.0,50220.415601273926,810.4397595473266,0.0,1980.7640098607806,2072.0893113085176,3,3,0
rolling_scenario_shuffled,val_june,validation,2025-06-09,77134.98200566364,0.0,53573.844086925725,652.5558704806097,0.0,54226.399957406335,1887.7641645769545,114.75871666666671,2072.0893113085176,2104.2868435153946,3,3,0
rolling_scenario_shuffled,val_june,validation,2025-06-10,78634.66535160695,0.0,54392.80776928514,2789.739305693959,0.0,57182.5470749791,2864.4460061810596,0.0,2104.2868435153946,2139.630841222223,3,2,0
rolling_scenario_shuffled,val_june,validation,2025-06-11,82644.39528535402,0.0,57453.61307447562,2594.0245580719425,0.0,60047.637632547565,2263.4226167050733,0.0,2139.630841222223,2020.4331764558551,3,3,0
rolling_scenario_shuffled,val_june,validation,2025-06-12,77654.80502583132,0.0,53423.96021126144,3526.366836851633,0.0,56950.32704811307,1050.5829269547316,0.0,2020.4331764558551,1918.4674499396422,3,3,0
rolling_scenario_shuffled,val_june,validation,2025-06-13,35978.72175505563,0.0,18081.99580664876,717.5611210162745,0.0,18799.556927665035,356.6230631449506,4761.812722775034,1918.4674499396422,1904.3527220911783,3,2,0
rolling_scenario_shuffled,val_june,validation,2025-06-14,34464.78998021644,0.0,18045.417647354017,895.0107019361757,0.0,18940.428349290192,31.525499999999965,5449.961976570649,1904.3527220911783,2170.821448661288,3,2,0
rolling_scenario_shuffled,val_june,validation,2025-06-15,78271.3777336079,0.0,53586.93674513179,2253.739906654154,0.0,55840.67665178594,3427.4270836163273,0.0,2170.821448661288,2388.7120754074112,3,1,0
rolling_scenario_shuffled,val_june,validation,2025-06-16,77849.23395041494,15.041276666666704,53782.36795836442,2295.502246994655,101.4458904783336,56179.31609583741,983.3969764609072,0.0,2388.7120754074112,2351.168820236901,3,3,1
rolling_scenario_shuffled,val_june,validation,2025-06-17,80556.17167361498,0.0,55766.754509527345,2231.031283295228,0.0,57997.78579282257,2497.8382709657103,0.0,2351.168820236901,1594.4579614489592,3,2,0
rolling_scenario_shuffled,val_june,validation,2025-06-18,79486.0573855116,0.0,54836.64996226713,3700.7325810928946,0.0,58537.38254336003,3652.109654482847,0.0,1594.4579614489592,2612.5045988818674,3,3,0
rolling_scenario_shuffled,val_june,validation,2025-06-19,74315.8720362916,56.804410000000075,51034.181611534856,5467.399592650298,388.4152891583339,56889.99649334349,2890.0155158367593,0.0,2612.5045988818674,1764.0309487004724,3,2,2
rolling_scenario_shuffled,val_june,validation,2025-06-20,35194.62686386642,0.0,17946.828163445687,208.41798637707092,0.0,18155.246149822757,849.5904648463642,8898.249186657065,1764.0309487004724,2511.8934634740776,3,2,0
rolling_scenario_shuffled,val_june,validation,2025-06-21,34700.932820618655,0.0,17662.065244887344,0.0,0.0,17662.065244887344,1356.3539806666681,11342.643848750346,2511.8934634740776,2848.3000507185193,3,0,0
rolling_scenario_shuffled,val_august,validation,2025-08-18,69958.51605618483,117.9563599999999,51563.844527066365,1081.3663807587068,996.9369678749991,53642.14787570007,661.9058730452666,1104.394040493831,1761.9221305047624,1868.829189296296,3,3,4
rolling_scenario_shuffled,val_august,validation,2025-08-19,68981.98603779149,135.87763666666683,50988.95342772891,901.1378579604998,1156.4818541783347,53046.573139867745,877.9514452194763,810.1919141426611,1868.829189296296,1491.5442232037024,3,3,5
rolling_scenario_shuffled,val_august,validation,2025-08-20,75309.86367397833,17.801226666666253,55190.399211320895,2940.3437055387367,149.46180245332994,58280.204719312955,779.3251882304535,0.0,1491.5442232037024,1338.9358157556017,3,3,4
rolling_scenario_shuffled,val_august,validation,2025-08-21,70777.24706802463,0.0,52223.914186356036,2252.4430990194405,0.0,54476.357285375474,788.9743126611826,0.0,1338.9358157556017,1915.7180789777733,3,3,0
rolling_scenario_shuffled,val_august,validation,2025-08-22,38833.52021304074,224.60645407674517,22227.031442359985,692.5373081458913,650.8857726539919,23570.45452315987,0.0,15811.60768333333,1915.7180789777733,1370.5165129817099,3,2,9
rolling_scenario_shuffled,val_august,validation,2025-08-23,40041.757958316455,0.0,22032.65129164349,342.37677493277727,0.0,22375.02806657627,287.0955578600803,14596.411991344305,1370.5165129817099,1488.1982899999982,3,1,0
rolling_scenario_shuffled,val_august,validation,2025-08-24,69645.75600674805,0.0,52110.49355395278,2777.108047341162,0.0,54887.60160129394,1123.210475288058,753.0746172222273,1488.1982899999982,1705.748109839506,3,2,0
rolling_scenario_shuffled,val_august,validation,2025-08-25,77288.15985640867,0.0,56664.5041169458,5806.989595970482,0.0,62471.49371291628,2225.496517210139,0.0,1705.748109839506,2134.5734142897954,3,2,0
rolling_scenario_shuffled,val_august,validation,2025-08-26,71362.3284767164,0.0,52823.83460794094,1840.1577522584605,0.0,54663.9923601994,1633.6402238875107,286.8764832222233,2134.5734142897954,2322.4155437259265,3,2,0
rolling_scenario_shuffled,val_august,validation,2025-08-27,74957.29116687516,46.93000000000029,54584.47306403288,3413.8691526305884,388.2566316666691,58386.59884833014,2262.553064238683,1820.5058990123484,2322.4155437259265,1561.8222880370383,3,3,3
rolling_scenario_shuffled,val_august,validation,2025-08-28,76586.7681759434,204.8784616666657,55274.27762284409,3146.533570829003,1415.0045591741607,59835.81575284725,2036.4310517489728,0.0,1561.8222880370383,1500.7619374551953,3,3,7
rolling_scenario_shuffled,val_august,validation,2025-08-29,41186.04554787557,0.0,22841.510306843862,888.7530833081659,0.0,23730.263390152028,686.1677428395059,15171.421393936896,1500.7619374551953,1490.5568369135833,3,2,0
rolling_scenario_shuffled,val_august,validation,2025-08-30,39839.44265056927,25.85744996666683,22425.451201375075,366.7223223161094,67.10008266350043,22859.273606354684,190.05047685185087,18905.36695556241,1490.5568369135833,1227.8728350000004,3,2,1
rolling_scenario_shuffled,val_august,validation,2025-08-31,72000.47556507449,51.11595333333321,52229.30116777175,1142.295569742752,422.3194424416656,53793.91617995617,776.6909875308685,0.0,1227.8728350000004,2052.165066925925,3,3,3
rolling_scenario_shuffled,eval_september,evaluation,2025-09-10,72379.8104484362,31.683725122220736,48248.13515847981,2403.234492214625,161.34191271306986,50812.7115634075,7178.653439732507,268.46057333333505,4786.287876925929,4596.137299259258,3,3,2
rolling_scenario_shuffled,eval_september,evaluation,2025-09-11,63081.8347148834,0.0,42903.666102286545,2630.0966002325995,0.0,45533.76270251915,4299.790993401921,1364.111073333332,4596.137299259258,4802.636300481483,3,3,0
rolling_scenario_shuffled,eval_september,evaluation,2025-09-12,35880.344200706444,0.0,18004.80009160787,514.7868096456946,0.0,18519.586901253566,1799.6425516666663,19928.264309471877,4802.636300481483,5037.657409975304,3,2,0
rolling_scenario_shuffled,eval_september,evaluation,2025-09-13,35423.09904435556,0.0,17725.361987070562,171.5167107489166,0.0,17896.87869781948,1013.310471666666,23642.80884722908,5037.657409975304,5398.0461929259245,3,3,0
rolling_scenario_shuffled,eval_september,evaluation,2025-09-14,69936.01485631686,0.0,47038.95509408293,2442.4822072118845,0.0,49481.43730129481,5359.641998209862,1514.2221705555557,5398.0461929259245,4909.557864518523,3,2,0
rolling_scenario_shuffled,eval_september,evaluation,2025-09-15,62782.02776493826,200.0369238888908,42854.79962349388,398.6518216881826,1084.6454203263997,44338.09686550846,3957.1204756995826,759.210650000001,4909.557864518523,4298.500035777779,3,2,4
rolling_scenario_shuffled,eval_september,evaluation,2025-09-16,68041.82035484156,0.0,45484.36472277842,2336.5509729422142,0.0,47820.91569572063,3815.0966949650237,1446.046631872433,4298.500035777779,3911.170309907406,3,3,0
rolling_scenario_shuffled,eval_september,evaluation,2025-09-17,68837.02300896433,7.62916666666672,46196.54373483195,1322.599996636862,38.19542291666694,47557.339154385474,4728.196562153644,189.89167341563603,3911.170309907406,4128.0860476481475,3,2,1
rolling_scenario_shuffled,eval_september,evaluation,2025-09-18,69311.09544364232,0.0,45606.46716012186,3252.5831098720546,0.0,48859.05026999391,5414.953602695817,1349.4524355555545,4128.0860476481475,3994.8590715246946,3,2,0
rolling_scenario_shuffled,eval_september,evaluation,2025-09-19,34759.15309036351,0.0,17227.973738043795,356.06492757008095,0.0,17584.038665613876,812.6706638888888,14758.892100329213,3994.8590715246946,4570.133000425925,3,2,0
rolling_scenario_shuffled,eval_september,evaluation,2025-09-20,34308.41839860768,0.0,16741.346714838353,232.3345310502235,0.0,16973.681245888576,649.1685594444446,15365.232652002745,4570.133000425925,4674.492564962961,3,2,0
rolling_scenario_shuffled,eval_september,evaluation,2025-09-21,67354.14935763374,0.0,45662.58893934419,1049.045452286983,0.0,46711.634391631174,4230.202183888889,1789.477595939643,4674.492564962961,4220.873264740742,3,2,0
rolling_scenario_shuffled,eval_september,evaluation,2025-09-22,66411.88964183812,0.0,45056.93117620848,1937.05778856006,0.0,46993.98896476854,2972.3798994924546,0.0,4220.873264740742,3255.3770460740757,3,2,0
rolling_scenario_shuffled,eval_september,evaluation,2025-09-23,69566.79177119341,0.0,46375.54230725202,751.4744025890599,0.0,47127.01670984108,3098.722301358021,392.73555000000283,3255.3770460740757,3203.861927925927,3,2,0
rolling_scenario_shuffled,eval_december,evaluation,2025-12-08,97087.50441011139,0.0,74226.50514629566,1586.2076044647433,0.0,75812.7127507604,4267.372793749247,0.0,1246.1286812716075,1969.0073277703743,3,1,0
rolling_scenario_shuffled,eval_december,evaluation,2025-12-09,94585.3463499026,5.587619999999902,70746.32770940676,2273.175499012633,41.323243709999275,73060.82645212939,2853.71439458985,0.0,1969.0073277703743,1874.3701682888886,3,2,1
rolling_scenario_shuffled,eval_december,evaluation,2025-12-10,94302.81988591113,0.0,71339.46347124346,2960.4771323949312,0.0,74299.94060363839,1452.770839182948,0.0,1874.3701682888886,1800.4717593314317,3,3,0
rolling_scenario_shuffled,eval_december,evaluation,2025-12-11,93661.55277306223,0.0,68970.64376790887,2577.013118732212,0.0,71547.65688664108,3243.6591191794505,0.0,1800.4717593314317,1933.0051543555612,3,2,0
rolling_scenario_shuffled,eval_december,evaluation,2025-12-12,48834.757627015635,0.0,22249.38547405904,1244.0079320003333,0.0,23493.393406059375,1314.840361837038,265.0330727777796,1933.0051543555612,1599.192837946676,3,3,0
rolling_scenario_shuffled,eval_december,evaluation,2025-12-13,50315.24057687435,0.0,23470.476612001206,1736.2947273732034,0.0,25206.77133937441,1634.8665498902587,615.0005674444483,1599.192837946676,2020.8838429111047,3,2,0
rolling_scenario_shuffled,eval_december,evaluation,2025-12-14,93469.86361322881,706.1711078146111,70859.48265221642,2541.768903857861,4721.281530879121,78122.5330869534,1430.4065067969811,0.0,2020.8838429111047,1360.150137536667,3,2,3
rolling_scenario_shuffled,eval_december,evaluation,2025-12-15,97187.21042717289,0.0,73710.17015247655,1242.5674643821808,0.0,74952.73761685874,2652.568054650202,0.0,1360.150137536667,1876.8976455925927,3,2,0
rolling_scenario_shuffled,eval_december,evaluation,2025-12-16,95822.99804680109,0.0,72610.99878905168,2404.0899171049023,0.0,75015.08870615659,2224.7584443703704,0.0,1876.8976455925927,1723.187374600003,3,2,0
rolling_scenario_shuffled,eval_december,evaluation,2025-12-17,94388.81731775645,0.0,71162.37804099888,3434.9084548664678,0.0,74597.28649586535,1625.8927846823879,0.0,1723.187374600003,1827.0892285703735,3,2,0
rolling_scenario_shuffled,eval_december,evaluation,2025-12-18,94356.15312799507,0.0,71439.95113828822,871.2971553296086,0.0,72311.24829361783,2640.676822833213,0.0,1827.0892285703735,1796.3650097185198,3,1,0
rolling_scenario_shuffled,eval_december,evaluation,2025-12-19,47706.1940603266,0.0,21787.25206835189,1099.0388495623652,0.0,22886.290917914255,967.3382244632458,55.596747160493194,1796.3650097185198,1620.9303634787407,3,2,0
rolling_scenario_shuffled,eval_december,evaluation,2025-12-20,48426.104900296596,0.0,22223.545026814103,1431.3887972514337,0.0,23654.933824065538,1084.1734653648791,340.54540866666895,1620.9303634787407,1840.3867495925933,3,2,0
rolling_scenario_shuffled,eval_december,evaluation,2025-12-21,95115.02551849575,267.72273891555795,71474.8843917642,3719.3863115568083,1740.5477863558256,76934.81848967682,2068.3743266858714,0.0,1840.3867495925933,1508.8511163639987,3,3,3
rolling_scenario_price_update,dev_march,development,2025-03-07,33580.39808500412,0.0,13894.036971097825,355.1738449240784,0.0,14249.210816021903,421.7792449382713,9022.5939494321,1637.1139451629633,1897.6078481925933,3,2,0
rolling_scenario_price_update,dev_march,development,2025-03-08,32120.1204040279,0.0,13241.852236462304,11.20976334536441,0.0,13253.061999807669,182.55254365431966,9959.08445168724,1897.6078481925933,1863.809700758027,3,1,0
rolling_scenario_price_update,dev_march,development,2025-03-09,69281.58195959704,0.0,43933.561359730265,3483.1372809356153,0.0,47416.69864066588,2065.2834936834615,164.10347333333465,1863.809700758027,1607.9159280740735,3,2,0
rolling_scenario_price_update,dev_march,development,2025-03-10,74257.39414772618,0.0,48128.593960447586,915.2686522522615,0.0,49043.86261269985,2004.8036171015092,106.389931333336,1607.9159280740735,1544.7016533703738,3,2,0
rolling_scenario_price_update,dev_march,development,2025-03-11,70796.53630400138,0.0,44761.957433628646,3886.278591357601,0.0,48648.23602498625,2293.759647776412,52.442421673528315,1544.7016533703738,1825.6103099555562,3,2,0
rolling_scenario_price_update,dev_march,development,2025-03-12,67297.4448146896,0.0,42709.90111287284,4820.392080527445,0.0,47530.293193400285,918.278188275714,224.6825068888915,1825.6103099555562,1551.3713342574079,3,2,0
rolling_scenario_price_update,dev_march,development,2025-03-13,73575.14578168333,35.092187053332054,47676.836155838144,3510.7311965761205,219.34965493131182,51406.917007345575,2055.143042539092,105.99734999999987,1551.3713342574079,1426.3788377808894,3,2,2
rolling_scenario_price_update,dev_march,development,2025-03-14,32458.86138071122,0.0,13137.073325935688,530.8713535058353,0.0,13667.944679441523,458.3061158395088,12494.940032973935,1426.3788377808894,1971.5361842222226,3,2,0
rolling_scenario_price_update,dev_march,development,2025-03-15,31399.189288576126,0.0,13080.599524013129,520.6661159053574,0.0,13601.265639918485,454.50782722222357,7675.903239201645,1971.5361842222226,1432.1321230518477,3,2,0
rolling_scenario_price_update,dev_march,development,2025-03-16,69977.08048353202,1.6400000000001,44206.74599543162,2717.077623631922,8.081100000000493,46931.90471906355,2025.9171524554192,24.829060000000155,1432.1321230518477,1916.390062711118,3,2,1
rolling_scenario_price_update,dev_march,development,2025-03-17,63050.322196059344,0.0,38793.511857387144,2248.096228614128,0.0,41041.60808600127,1094.7702059026046,0.0,1916.390062711118,2054.547113259264,3,3,0
rolling_scenario_price_update,dev_march,development,2025-03-18,67410.50210628673,0.0,42259.572879437575,3909.571088806373,0.0,46169.14396824395,1957.8876881138508,529.6268884444464,2054.547113259264,1923.4232841185183,3,2,0
rolling_scenario_price_update,dev_march,development,2025-03-19,66482.01493899451,0.0,41093.18553831326,2789.850374769883,0.0,43883.03591308314,1865.482763971191,938.6000431111104,1923.4232841185183,2148.8383878740738,3,2,0
rolling_scenario_price_update,dev_march,development,2025-03-20,66484.2504320477,0.0,42243.350372694986,3499.889600332459,0.0,45743.23997302745,848.6848030288045,0.0,2148.8383878740738,1730.5008551037026,3,3,0
rolling_scenario_price_update,dev_april,development,2025-04-17,58487.929574221766,46.41690166666517,35472.73658183172,1896.6113552978327,222.27904472165946,37591.626981851216,1288.2896145473308,210.06656666666413,1702.8397013611866,2021.7860408498168,3,2,2
rolling_scenario_price_update,dev_april,development,2025-04-18,26427.47207420802,0.0,10460.131380645236,108.78822812994781,0.0,10568.919608775184,231.37573677777752,17329.36178234156,2021.7860408498168,2072.391314520992,3,1,0
rolling_scenario_price_update,dev_april,development,2025-04-19,26704.865799674997,0.0,10496.621054928786,97.99398586436863,0.0,10594.615040793155,391.5913488436141,17298.180504004114,2072.391314520992,1865.7843015359008,3,1,0
rolling_scenario_price_update,dev_april,development,2025-04-20,58102.36294970476,0.0,35077.21956010465,451.1636617952814,0.0,35528.38322189993,1626.1602206500004,416.65936959259307,1865.7843015359008,2037.9194308543247,3,2,0
rolling_scenario_price_update,dev_april,development,2025-04-21,53830.499403161855,0.0,32323.999731108026,2241.0802696728506,0.0,34565.08000078088,396.22038669684207,1857.1657783264768,2037.9194308543247,1449.9013066296295,3,1,0
rolling_scenario_price_update,dev_april,development,2025-04-22,57485.655815844984,0.0,34623.90974692791,2527.615239411296,0.0,37151.5249863392,1251.0512463882042,154.7242284650169,1449.9013066296295,1701.0543398444404,3,2,0
rolling_scenario_price_update,dev_april,development,2025-04-23,56567.96344491281,0.0,34592.49533397331,1112.818208903852,0.0,35705.313542877164,821.1814463936917,578.0881486666683,1701.0543398444404,1853.0116735580227,3,2,0
rolling_scenario_price_update,dev_april,development,2025-04-24,54271.19053861853,0.0,33000.4830444612,904.9842195137622,0.0,33905.46726397496,1256.3704503304689,2428.9017740740746,1853.0116735580227,1749.18162394568,3,1,0
rolling_scenario_price_update,dev_april,development,2025-04-25,25666.253050528117,0.0,9706.381327213712,281.1975339280808,0.0,9987.578861141794,135.74896441700815,21270.36072291084,1749.18162394568,1619.966942101235,3,2,0
rolling_scenario_price_update,dev_april,development,2025-04-26,26260.223358470506,0.0,10203.153722762596,55.605369526725156,0.0,10258.759092289321,195.51601499999967,23636.000720924556,1619.966942101235,1602.7355047037065,3,1,0
rolling_scenario_price_update,dev_april,development,2025-04-27,55603.370187894274,0.0,33565.60010835763,1357.110568969258,0.0,34922.71067732688,440.5422896666663,2670.7314875953384,1602.7355047037065,1852.1348327259252,3,3,0
rolling_scenario_price_update,dev_april,development,2025-04-28,63096.93051326474,0.0,38087.38780497914,1870.6428125542132,0.0,39958.03061753335,2430.656834722902,389.13803833333657,1852.1348327259252,1770.5664450197548,3,2,0
rolling_scenario_price_update,dev_april,development,2025-04-29,53461.809798420494,0.0,32617.87182027788,1638.4525351606085,0.0,34256.32435543849,707.3925109252925,1668.11506309877,1770.5664450197548,2029.6477472098786,3,2,0
rolling_scenario_price_update,dev_april,development,2025-04-30,52020.140234532235,0.0,30893.056103570303,1159.1829499076302,0.0,32052.239053477933,373.68627368587545,282.57384188888955,2029.6477472098786,1693.1472904864224,3,2,0
rolling_scenario_price_update,val_june,validation,2025-06-08,73302.92437135662,0.0,49780.945157943184,4147.538315166416,0.0,53928.4834731096,3850.2687455311707,0.0,1980.7640098607806,2655.951824172842,3,2,0
rolling_scenario_price_update,val_june,validation,2025-06-09,79061.2481424458,1.8381779999999708,55019.59012475355,2377.139828321608,12.993161192999795,57409.72311426816,4145.23506005761,0.0,2655.951824172842,2564.670969792594,3,3,1
rolling_scenario_price_update,val_june,validation,2025-06-10,79147.89998852825,0.0,54953.048950286706,1348.1275484489242,0.0,56301.17649873563,3731.379163285325,0.0,2564.670969792594,2323.8008745271645,3,2,0
rolling_scenario_price_update,val_june,validation,2025-06-11,84084.03469822924,0.0,58770.356056754514,2758.5593943630165,0.0,61528.91545111753,3569.5166920768224,0.0,2323.8008745271645,2545.6803172951727,3,3,0
rolling_scenario_price_update,val_june,validation,2025-06-12,79395.39091894885,0.0,54956.099087008144,3316.1898412946884,0.0,58272.288928302834,2931.825833850475,0.0,2545.6803172951727,2549.945473522077,3,2,0
rolling_scenario_price_update,val_june,validation,2025-06-13,35340.28121451504,0.0,18058.931824617368,1286.0317288391266,0.0,19344.963553456495,746.348117216666,4166.543089423866,2549.945473522077,2195.6877829259247,3,3,0
rolling_scenario_price_update,val_june,validation,2025-06-14,34323.73552173471,0.0,18117.675295383342,607.2915250633326,0.0,18724.966820446676,336.4690192935574,5490.512148662554,2195.6877829259247,2097.0079739758357,3,3,0
rolling_scenario_price_update,val_june,validation,2025-06-15,79860.82988867746,0.0,54683.99706863344,2538.355039819522,0.0,57222.352108452964,4653.431860104252,0.0,2097.0079739758357,2815.959162977164,3,3,0
rolling_scenario_price_update,val_june,validation,2025-06-16,79093.7727155322,3.9355200000001105,54826.343788955994,1751.6467781648785,26.543114640000745,56604.53368176087,2434.387305792864,0.0,2815.959162977164,2695.0078310049366,3,2,1
rolling_scenario_price_update,val_june,validation,2025-06-17,81627.68012748964,0.0,56958.416740681896,3212.5488673682257,0.0,60170.96560805012,3402.340548803841,0.0,2695.0078310049366,2225.3589914924064,3,2,0
rolling_scenario_price_update,val_june,validation,2025-06-18,79102.04242535889,0.0,54513.610166313214,4737.903734088251,0.0,59251.51390040146,4472.302874411526,0.0,2225.3589914924064,2146.2799366719505,3,3,0
rolling_scenario_price_update,val_june,validation,2025-06-19,76458.28341941627,56.70548777777776,52482.25891601019,5989.185630198297,387.7203605472222,58859.164906755715,4254.91153771056,0.0,2146.2799366719505,2068.5594210492077,3,2,2
rolling_scenario_price_update,val_june,validation,2025-06-20,34966.68824247894,0.0,17890.125555946543,633.5463639108984,0.0,18523.671919857443,955.4776700233205,8913.305893434848,2068.5594210492077,2506.535477911111,3,2,0
rolling_scenario_price_update,val_june,validation,2025-06-21,34719.70875042203,0.0,17703.031149039824,780.115955466997,0.0,18483.14710450682,1353.1760433333334,11342.643848750346,2506.535477911111,2864.348099381063,3,3,0
rolling_scenario_price_update,val_august,validation,2025-08-18,71464.29584217166,75.22429333333343,52766.41667164607,850.8599524648681,633.1895043583341,54250.46612846927,1332.582199727024,1659.6466068532318,1761.9221305047624,2133.5433856790105,3,2,4
rolling_scenario_price_update,val_august,validation,2025-08-19,68721.56890212558,83.08497200000045,51129.28969256333,1517.0799063434224,709.6769635966705,53356.04656250343,541.1480809829225,826.6508933333347,2133.5433856790105,1813.9020800370342,3,2,3
rolling_scenario_price_update,val_august,validation,2025-08-20,76040.89632747187,2.4664093333333312,55861.385273106986,2925.8064274515436,20.943638285333343,58808.13533884386,1425.0674819231808,0.0,1813.9020800370342,1835.915904807408,3,2,2
rolling_scenario_price_update,val_august,validation,2025-08-21,70625.6896765679,0.0,52125.15635827215,2494.598364000452,0.0,54619.7547222726,1213.1698594348395,21.940561897117128,1835.915904807408,1903.2408529925917,3,2,0
rolling_scenario_price_update,val_august,validation,2025-08-22,39585.069484182444,67.27957876555121,22482.437055228038,354.71685568460543,138.82987660759696,22975.98378752024,14.943259333333572,16241.862048930041,1903.2408529925917,1498.144515000001,3,2,3
rolling_scenario_price_update,val_august,validation,2025-08-23,40925.73145806888,0.0,22729.63168081895,332.57643418391274,0.0,23062.208115002864,460.18055252213713,15322.98750521536,1498.144515000001,1662.489797401331,3,2,0
rolling_scenario_price_update,val_august,validation,2025-08-24,70154.44833459129,0.0,52818.353738213526,2319.789627568337,0.0,55138.14336578186,1384.3124161330577,1140.7951709190693,1662.489797401331,1817.9289444275798,3,2,0
rolling_scenario_price_update,val_august,validation,2025-08-25,78100.61260271558,11.04320000000007,56733.38093799417,5802.020823815876,92.58618880000058,62627.98795061004,2592.2091619341613,671.1679166666668,1817.9289444275798,2037.4507297012358,3,2,1
rolling_scenario_price_update,val_august,validation,2025-08-26,72443.48395446502,0.0,53356.11900141806,2752.4734585663646,0.0,56108.59245998443,2103.006289694096,818.5418414581659,2037.4507297012358,2312.804533725927,3,3,0
rolling_scenario_price_update,val_august,validation,2025-08-27,77387.90739143072,26.112793333333684,56324.86886770895,5010.041792987764,216.89820133333626,61551.808862030055,3557.184830499315,2716.7591432688664,2312.804533725927,1866.1047522074077,3,2,2
rolling_scenario_price_update,val_august,validation,2025-08-28,77550.83785621739,32.688449333333324,56090.388451481616,3951.721439789471,276.8115463326666,60318.921437603756,2761.049008290807,0.0,1866.1047522074077,1933.991896541977,3,3,2
rolling_scenario_price_update,val_august,validation,2025-08-29,41862.757628086416,0.0,23430.050561907537,903.5903178511393,0.0,24333.640879758677,956.3936782002755,15794.658353495197,1933.991896541977,1783.8664528765437,3,3,0
rolling_scenario_price_update,val_august,validation,2025-08-30,40881.44977191889,0.0,23232.0799721487,888.6061812571251,0.0,24120.686153405823,554.3809434485586,19551.037122643345,1783.8664528765437,1611.41010633704,3,3,0
rolling_scenario_price_update,val_august,validation,2025-08-31,72173.32201327896,46.152453333333256,52327.92601758455,1484.9446047494498,381.176990941666,54194.04761327567,841.6671728491023,195.4121541111133,1611.41010633704,2341.972129475307,3,2,3
rolling_scenario_price_update,eval_september,evaluation,2025-09-10,72379.8104484362,31.683725122220736,48248.13515847981,2403.234492214625,161.34191271306986,50812.7115634075,7178.653439732507,268.46057333333505,4786.287876925929,4596.137299259258,3,3,2
rolling_scenario_price_update,eval_september,evaluation,2025-09-11,63081.8347148834,0.0,42903.666102286545,2630.0966002325995,0.0,45533.76270251915,4299.790993401921,1364.111073333332,4596.137299259258,4802.636300481483,3,3,0
rolling_scenario_price_update,eval_september,evaluation,2025-09-12,35880.344200706444,0.0,18004.80009160787,514.7868096456946,0.0,18519.586901253566,1799.6425516666663,19928.264309471877,4802.636300481483,5037.657409975304,3,2,0
rolling_scenario_price_update,eval_september,evaluation,2025-09-13,35423.09904435556,0.0,17725.361987070562,171.5167107489166,0.0,17896.87869781948,1013.310471666666,23642.80884722908,5037.657409975304,5398.0461929259245,3,3,0
rolling_scenario_price_update,eval_september,evaluation,2025-09-14,69965.2860115432,0.0,47057.01745797867,3056.5891305006544,0.0,50113.60658847932,5399.387116684485,1514.2221705555557,5398.0461929259245,4909.557864518523,3,2,0
rolling_scenario_price_update,eval_september,evaluation,2025-09-15,63057.13375590534,0.0,42997.358074788084,338.7403137384084,0.0,43336.098388526494,3974.5806153333274,830.3327826474647,4909.557864518523,4298.500035777779,3,2,0
rolling_scenario_price_update,eval_september,evaluation,2025-09-16,68083.74339873045,0.0,45504.91875273626,3015.5785151064774,0.0,48520.49726784274,3857.0197388539127,1446.046631872433,4298.500035777779,3911.170309907406,3,3,0
rolling_scenario_price_update,eval_september,evaluation,2025-09-17,68837.02300896433,7.62916666666672,46183.40560590777,1495.675955218966,38.19542291666694,47717.276984043405,4735.005928820311,183.08230674896862,3911.170309907406,4128.0860476481475,3,2,1
rolling_scenario_price_update,eval_september,evaluation,2025-09-18,69362.23798794691,0.0,45578.78768870861,2762.7314127600785,0.0,48341.519101468686,5474.10283102915,1349.4524355555545,4128.0860476481475,3994.8590715246946,3,2,0
rolling_scenario_price_update,eval_september,evaluation,2025-09-19,34759.15309036351,0.0,17227.973738043795,356.06492757008095,0.0,17584.038665613876,812.6706638888888,14758.892100329213,3994.8590715246946,4570.133000425925,3,2,0
rolling_scenario_price_update,eval_september,evaluation,2025-09-20,34308.41839860768,0.0,16741.346714838353,232.3345310502235,0.0,16973.681245888576,649.1685594444446,15365.232652002745,4570.133000425925,4674.492564962961,3,2,0
rolling_scenario_price_update,eval_september,evaluation,2025-09-21,68079.33035277361,0.0,45979.31383461784,1482.1501279582162,0.0,47461.463962576054,4651.241211543208,2052.792623466394,4674.492564962961,4220.873264740742,3,2,0
rolling_scenario_price_update,eval_september,evaluation,2025-09-22,66363.2228943292,0.0,44915.3938235212,2780.9731146565264,0.0,47696.36693817772,2944.749757668036,31.268044257890956,4220.873264740742,3255.3770460740757,3,2,0
rolling_scenario_price_update,eval_september,evaluation,2025-09-23,69590.8574684705,0.0,46596.77371268764,1560.9529604776067,0.0,48157.72667316524,3105.660031913576,498.52107055555905,3255.3770460740757,3203.861927925927,3,2,0
rolling_scenario_price_update,eval_december,evaluation,2025-12-08,96775.81549187681,0.0,73839.21987070232,2666.7607709850813,0.0,76505.9806416874,3960.523418240328,0.0,1246.1286812716075,1969.0073277703743,3,2,0
rolling_scenario_price_update,eval_december,evaluation,2025-12-09,94585.3463499026,5.587619999999902,70746.32770940676,2273.175499012631,41.323243709999275,73060.82645212939,2853.71439458985,0.0,1969.0073277703743,1874.3701682888886,3,2,1
rolling_scenario_price_update,eval_december,evaluation,2025-12-10,95825.28436060081,0.0,72459.69829631102,2677.5104936592998,0.0,75137.20878997032,3104.777093657058,0.0,1874.3701682888886,1791.3262966296318,3,2,0
rolling_scenario_price_update,eval_december,evaluation,2025-12-11,93671.71439828645,0.0,68975.08502429117,2577.013118732212,0.0,71552.09814302338,3243.6591191794514,0.0,1791.3262966296318,1933.0051543555612,3,2,0
rolling_scenario_price_update,eval_december,evaluation,2025-12-12,49677.80214694717,0.0,22809.40107188928,1485.447761895315,0.0,24294.848833784592,2053.8402467565525,232.39218166666365,1933.0051543555612,1869.8881049016916,3,3,0
rolling_scenario_price_update,eval_december,evaluation,2025-12-13,49274.36742386102,0.0,23062.480235453113,1540.7731878898508,0.0,24603.253423342965,1681.010623434843,248.34265722222187,1869.8881049016916,1656.850185287786,3,2,0
rolling_scenario_price_update,eval_december,evaluation,2025-12-14,96217.43125091633,0.0,73108.63366767847,2589.1605687183655,0.0,75697.79423639683,3045.043975511658,0.0,1656.850185287786,1459.3716008443614,3,2,0
rolling_scenario_price_update,eval_december,evaluation,2025-12-15,97989.79727144368,0.0,74495.77451546934,3374.4236034193746,0.0,77870.19811888871,3689.9365139689635,0.0,1459.3716008443614,1872.949403303704,3,2,0
rolling_scenario_price_update,eval_december,evaluation,2025-12-16,95827.38498267763,0.0,72612.95667853337,2404.0899171049023,0.0,75017.04659563827,2224.758444370368,0.0,1872.949403303704,1723.187374600003,3,2,0
rolling_scenario_price_update,eval_december,evaluation,2025-12-17,94337.02741010625,0.0,71162.23957114053,3434.9776897956417,0.0,74597.21726093617,1625.89278468239,0.0,1723.187374600003,1827.0892285703735,3,2,0
rolling_scenario_price_update,eval_december,evaluation,2025-12-18,93950.15820225213,0.0,71040.38321472715,1514.8699601309168,0.0,72555.25317485807,2291.7682514908315,0.0,1827.0892285703735,1796.3650097185198,3,2,0
rolling_scenario_price_update,eval_december,evaluation,2025-12-19,47771.53398637174,0.0,21920.726363597438,523.5949891294556,0.0,22444.321352726893,1153.4407424883384,55.59674716049522,1796.3650097185198,1614.617846774073,3,1,0
rolling_scenario_price_update,eval_december,evaluation,2025-12-20,47817.594491365235,0.0,21854.286737691604,1553.9543430027152,0.0,23408.24108069432,949.0554559862816,237.31401326474264,1614.617846774073,1439.6225423740723,3,2,0
rolling_scenario_price_update,eval_december,evaluation,2025-12-21,95518.87289146316,43.054866666666726,71964.17384793583,3561.8789742087592,302.7402949666671,75828.79311711126,1848.4316794856018,0.0,1439.6225423740723,1493.6274060414835,3,3,1
