strategy,window,period,date,issue_hour,plan_version,chosen_source,candidate_count,chosen_score,scenario_mean,scenario_cvar,increase_kwh,decrease_kwh,adjustment_cost,decision_adjustment_cost,changed,price_bias,solver
state_only_mean14,dev_march,development,2025-03-07,6,1,point,1,12401.787125376495,12401.787125376495,12401.787125376495,0.0,2.2737367544323206e-13,7.630660547874868e-14,8.293536016675977e-14,0,0.0,MILP
state_only_mean14,dev_march,development,2025-03-07,12,2,point,1,15235.64938803088,15235.64938803088,15235.64938803088,2.2737367544323206e-13,5.684341886080801e-13,3.8667735680064653e-13,4.251284784524095e-13,0,0.0,LP
state_only_mean14,dev_march,development,2025-03-07,18,3,point,2,11139.378484954823,11139.378484954823,11139.378484954823,34.76045500000163,0.0,17.29332636250081,19.680252320661634,1,0.0,LP
state_only_mean14,dev_march,development,2025-03-08,6,1,point,1,10594.720825361559,10594.720825361559,10594.720825361559,3.296918293926865e-12,1.6484591469634324e-12,1.7553617226440112e-12,2.3620300128511315e-12,0,0.0,MILP
state_only_mean14,dev_march,development,2025-03-08,12,2,point,1,14274.669980605668,14274.669980605668,14274.669980605668,1.6484591469634324e-12,5.684341886080801e-13,8.928310535338825e-13,1.1615518198076252e-12,0,0.0,LP
state_only_mean14,dev_march,development,2025-03-08,18,3,point,2,11258.637003346603,11258.637003346603,11258.637003346603,111.00534386666294,0.0,55.56372487245814,62.76519655580789,1,0.0,LP
state_only_mean14,dev_march,development,2025-03-09,6,1,point,2,38821.22108287914,38821.22108287914,38821.22108287914,0.0,70.88133333333246,32.6946253521774,31.238043387936123,1,0.0,LP
state_only_mean14,dev_march,development,2025-03-09,12,2,point,2,30578.139230185207,30578.139230185207,30578.139230185207,0.0,1755.1662298600806,445.3546209491461,477.697585824067,1,0.0,LP
state_only_mean14,dev_march,development,2025-03-09,18,3,point,2,18506.54676485871,18506.54676485871,18506.54676485871,178.9899249999986,0.0,112.81273273458248,109.68514416499916,1,0.0,LP
state_only_mean14,dev_march,development,2025-03-10,6,1,point,2,36430.54267686549,36430.54267686549,36430.54267686549,0.0,65.52345679012228,22.35987962962923,23.03921746913539,1,0.0,LP
state_only_mean14,dev_march,development,2025-03-10,12,2,point,2,28436.76038874283,28436.76038874283,28436.76038874283,0.0,56.958751666665535,23.63503400408286,19.39974396944009,1,0.0,LP
state_only_mean14,dev_march,development,2025-03-10,18,3,point,2,18640.24579528135,18640.24579528135,18640.24579528135,272.31630944444413,0.0,168.48789599966648,166.75151421234904,1,0.0,LP
state_only_mean14,dev_march,development,2025-03-11,6,1,point,2,31469.64149792082,31469.64149792082,31469.64149792082,0.0,63.59300000000019,27.198726100000084,26.75198527500008,1,0.0,LP
state_only_mean14,dev_march,development,2025-03-11,12,2,point,2,27387.83998043963,27387.83998043963,27387.83998043963,2408.092013333332,0.0,903.189400918833,806.7022018650079,1,0.0,LP
state_only_mean14,dev_march,development,2025-03-11,18,3,point,2,19951.718189525745,19951.718189525745,19951.718189525745,1707.8495860722292,0.0,1105.8959213437493,1047.4024029393438,1,0.0,LP
state_only_mean14,dev_march,development,2025-03-12,6,1,point,2,37448.78175134339,37448.78175134339,37448.78175134339,0.0,47.37666666666644,19.341524166666574,20.326958833333233,1,0.0,LP
state_only_mean14,dev_march,development,2025-03-12,12,2,point,2,30853.45052771885,30853.45052771885,30853.45052771885,0.0,2470.4340883813447,628.898041938902,607.4400434265319,1,0.0,LP
state_only_mean14,dev_march,development,2025-03-12,18,3,point,2,18493.44966016077,18493.44966016077,18493.44966016077,118.37989333333246,0.0,77.30989409816611,72.46684568526138,1,0.0,LP
state_only_mean14,dev_march,development,2025-03-13,6,1,point,2,37208.37289052106,37208.37289052106,37208.37289052106,0.0,8.168333333332384,3.7100569999995687,3.6678150476186215,1,0.0,LP
state_only_mean14,dev_march,development,2025-03-13,12,2,point,2,28371.737314491955,28371.737314491955,28371.737314491955,0.0,2843.7091876063087,845.0519447946695,661.9722056769969,1,0.0,LP
state_only_mean14,dev_march,development,2025-03-13,18,3,point,2,19287.70428686837,19287.70428686837,19287.70428686837,1066.1310730277783,0.0,687.9529809211421,654.6213790218293,1,0.0,LP
state_only_mean14,dev_march,development,2025-03-14,6,1,point,1,9920.980158682323,9920.980158682323,9920.980158682323,3.296918293926865e-12,1.6342482922482304e-12,1.8095349219038326e-12,2.2763641384569512e-12,0,0.0,MILP
state_only_mean14,dev_march,development,2025-03-14,12,2,point,1,13695.868197561374,13695.868197561374,13695.868197561374,1.6342482922482304e-12,2.7036151095671812e-12,1.4965312544745758e-12,1.844869831505288e-12,0,0.0,LP
state_only_mean14,dev_march,development,2025-03-14,18,3,point,2,11412.775339746626,11412.775339746626,11412.775339746626,423.7553038111137,0.0,221.05195423306745,237.9295226191444,1,0.0,LP
state_only_mean14,dev_march,development,2025-03-15,6,1,point,1,9402.560534612621,9402.560534612621,9402.560534612621,2.2737367544323206e-13,0.0,8.798224371275865e-14,1.0213950320446331e-13,0,0.0,MILP
state_only_mean14,dev_march,development,2025-03-15,12,2,point,1,12213.51011082334,12213.51011082334,12213.51011082334,2.6618605804782177e-13,2.2737367544323206e-13,1.2802993614605344e-13,1.6191538519707378e-13,0,0.0,MILP
state_only_mean14,dev_march,development,2025-03-15,18,3,point,2,11445.735963349542,11445.735963349542,11445.735963349542,372.1474383333314,3.410605131648481e-13,195.97284102633247,208.99667227000504,1,0.0,LP
state_only_mean14,dev_march,development,2025-03-16,6,1,point,2,35093.150111628536,35093.150111628536,35093.150111628536,0.0,2.221399176954492,0.8212512757200756,0.748119641387338,1,0.0,LP
state_only_mean14,dev_march,development,2025-03-16,12,2,point,2,29368.022899312116,29368.022899312116,29368.022899312116,0.0,495.47660004801105,131.15595512432793,118.45199060872352,1,0.0,LP
state_only_mean14,dev_march,development,2025-03-16,18,3,point,2,18523.026275107015,18523.026275107015,18523.026275107015,185.68897108888848,0.0,119.61155072690751,113.76035861291729,1,0.0,LP
state_only_mean14,dev_march,development,2025-03-17,6,1,point,2,31340.849650239958,31340.849650239958,31340.849650239958,0.0,72.27818930040985,22.680895802468612,20.84683674897071,1,0.0,LP
state_only_mean14,dev_march,development,2025-03-17,12,2,point,2,26688.69725503033,26688.69725503033,26688.69725503033,1.5916157281026244e-12,950.1841852674927,242.25676356226674,242.99674997702954,1,0.0,LP
state_only_mean14,dev_march,development,2025-03-17,18,3,point,2,19101.063366916205,19101.063366916205,19101.063366916205,712.1600331666633,0.0,435.14874359677293,436.87829816754675,1,0.0,LP
state_only_mean14,dev_march,development,2025-03-18,6,1,point,2,37568.10183678061,37568.10183678061,37568.10183678061,0.0,45.135333333334216,21.42334545866709,19.852841287583725,1,0.0,LP
state_only_mean14,dev_march,development,2025-03-18,12,2,point,2,29672.02866067894,29672.02866067894,29672.02866067894,0.0,4477.307396666667,1188.2650159876666,1098.5063778439999,1,0.0,LP
state_only_mean14,dev_march,development,2025-03-18,18,3,point,2,18633.82986779215,18633.82986779215,18633.82986779215,85.25592999999924,0.0,53.56884171749954,52.1248079296781,1,0.0,LP
state_only_mean14,dev_march,development,2025-03-19,6,1,point,2,29392.098391550295,29392.098391550295,29392.098391550295,0.0,9.370666666668114,3.920686933333939,3.8919056000006007,1,0.0,LP
state_only_mean14,dev_march,development,2025-03-19,12,2,point,2,24370.746463791264,24370.746463791264,24370.746463791264,1042.182282654319,7.958078640513122e-13,311.41285133227143,322.36554380891664,1,0.0,LP
state_only_mean14,dev_march,development,2025-03-19,18,3,point,2,20340.64030617954,20340.64030617954,20340.64030617954,1685.4976028388858,0.0,1041.111355488002,1034.5394701794917,1,0.0,LP
state_only_mean14,dev_march,development,2025-03-20,6,1,point,2,33967.60090618758,33967.60090618758,33967.60090618758,0.0,2.4186666666668657,0.9622665333334125,0.9499486095238877,1,0.0,LP
state_only_mean14,dev_march,development,2025-03-20,12,2,point,2,29921.26869864822,29921.26869864822,29921.26869864822,1223.4479087860118,0.0,428.8352814382773,406.5855259502041,1,0.0,LP
state_only_mean14,dev_march,development,2025-03-20,18,3,keep_previous,2,18575.709178258247,18575.709178258247,18575.709178258247,0.0,0.0,0.0,0.0,0,0.0,LP
state_only_mean14,dev_april,development,2025-04-17,6,1,point,2,23395.279775385807,23395.279775385807,23395.279775385807,127.25584673333273,0.0,40.08559172099981,39.17071308002053,1,0.0,LP
state_only_mean14,dev_april,development,2025-04-17,12,2,point,2,22297.421266826066,22297.421266826066,22297.421266826066,1620.947833333335,0.0,376.71227633441674,351.25658890466275,1,0.0,LP
state_only_mean14,dev_april,development,2025-04-17,18,3,point,2,18963.313644888814,18963.313644888814,18963.313644888814,837.8319653666669,0.0,526.9224799871213,510.6995266716535,1,0.0,LP
state_only_mean14,dev_april,development,2025-04-18,6,1,point,2,5862.149989832176,5862.149989832176,5862.149989832176,373.8855351777777,2.0463630789890885e-12,115.60423616200411,144.85816184481223,1,0.0,MILP
state_only_mean14,dev_april,development,2025-04-18,12,2,point,1,11609.11185868391,11609.11185868391,11609.11185868391,2.0463630789890885e-12,5.684341886080801e-13,1.1062866178690454e-12,1.2548897286381233e-12,0,0.0,LP
state_only_mean14,dev_april,development,2025-04-18,18,3,keep_previous,2,10802.799117635384,10802.799117635384,10802.799117635384,0.0,0.0,0.0,0.0,0,0.0,LP
state_only_mean14,dev_april,development,2025-04-19,6,1,point,2,5669.955801325467,5669.955801325467,5669.955801325467,173.7805902444465,0.0,55.85654231559624,62.71417604007812,1,0.0,MILP
state_only_mean14,dev_april,development,2025-04-19,12,2,point,1,11331.167380490973,11331.167380490973,11331.167380490973,4.035882739117369e-12,2.3874235921539366e-12,1.503650537415524e-12,1.9637259437591378e-12,0,0.0,LP
state_only_mean14,dev_april,development,2025-04-19,18,3,point,2,11046.929859091513,11046.929859091513,11046.929859091513,302.9117418666667,4.035882739117369e-12,123.1033318946139,141.6188121162141,1,0.0,LP
state_only_mean14,dev_april,development,2025-04-20,6,1,point,2,23741.547095943155,23741.547095943155,23741.547095943155,279.2110966555522,0.0,91.71231880503663,88.06912544331105,1,0.0,LP
state_only_mean14,dev_april,development,2025-04-20,12,2,point,2,21034.76191978796,21034.76191978796,21034.76191978796,1.1368683772161603e-13,1030.269278888889,225.21181929788895,181.37227596598817,1,0.0,MILP
state_only_mean14,dev_april,development,2025-04-20,18,3,point,2,19579.754589489472,19579.754589489472,19579.754589489472,1739.7161991888847,0.0,1074.6168563636397,1060.0360197540604,1,0.0,LP
state_only_mean14,dev_april,development,2025-04-21,6,1,point,2,24950.54287992456,24950.54287992456,24950.54287992456,725.6829100685841,0.0,167.01382522359185,148.0669979481461,1,0.0,LP
state_only_mean14,dev_april,development,2025-04-21,12,2,point,2,23065.910479776594,23065.910479776594,23065.910479776594,4.547473508864641e-13,765.6206815363522,133.13581875452445,143.27072539514154,1,0.0,LP
state_only_mean14,dev_april,development,2025-04-21,18,3,point,2,17822.089594626603,17822.089594626603,17822.089594626603,7.942266666667479,4.547473508864641e-13,4.984963673334128,4.821211153810291,1,0.0,LP
state_only_mean14,dev_april,development,2025-04-22,6,1,point,2,22676.854804307633,22676.854804307633,22676.854804307633,347.62825403333534,0.0,116.85617151196402,108.92992848887701,1,0.0,MILP
state_only_mean14,dev_april,development,2025-04-22,12,2,point,1,20555.396656362147,20555.396656362147,20555.396656362147,0.0,4.547473508864641e-13,2.6375346351414917e-13,2.5723595951733713e-13,0,0.0,MILP
state_only_mean14,dev_april,development,2025-04-22,18,3,point,2,20055.33769638867,20055.33769638867,20055.33769638867,2269.426824099997,2.2737367544323206e-13,1445.6392195687677,1380.5783597247005,1,0.0,LP
state_only_mean14,dev_april,development,2025-04-23,6,1,point,2,21174.48771425649,21174.48771425649,21174.48771425649,474.132527077776,2.2737367544323206e-13,165.57268736205492,155.30285097752918,1,0.0,MILP
state_only_mean14,dev_april,development,2025-04-23,12,2,point,1,19344.318612831023,19344.318612831023,19344.318612831023,0.0,0.0,0.0,0.0,0,0.0,MILP
state_only_mean14,dev_april,development,2025-04-23,18,3,point,2,21111.520172757402,21111.520172757402,21111.520172757402,3330.3239016666666,0.0,2147.4960652641666,2028.8058144579286,1,0.0,LP
state_only_mean14,dev_april,development,2025-04-24,6,1,point,2,21934.708563933338,21934.708563933338,21934.708563933338,183.13486004444334,0.0,55.090041323511045,55.98407652568056,1,0.0,MILP
state_only_mean14,dev_april,development,2025-04-24,12,2,point,1,20296.830552296673,20296.830552296673,20296.830552296673,1.2505552149377763e-12,1.2505552149377763e-12,1.5120463103812654e-12,1.4581965095723198e-12,0,0.0,MILP
state_only_mean14,dev_april,development,2025-04-24,18,3,point,2,18101.60939254059,18101.60939254059,18101.60939254059,221.70826433333343,1.1368683772161603e-13,138.04855935896677,134.97531598368582,1,0.0,LP
state_only_mean14,dev_april,development,2025-04-25,6,1,point,2,5385.2536797713265,5385.2536797713265,5385.2536797713265,71.23318845555795,2.2737367544323206e-13,20.557683590736904,26.678276768051884,1,0.0,MILP
state_only_mean14,dev_april,development,2025-04-25,12,2,point,1,11521.137893124334,11521.137893124334,11521.137893124334,2.2737367544323206e-13,3.979039320256561e-13,3.011308535860735e-13,3.396507963771e-13,0,0.0,LP
state_only_mean14,dev_april,development,2025-04-25,18,3,keep_previous,2,10703.444634744736,10703.444634744736,10703.444634744736,0.0,0.0,0.0,0.0,0,0.0,LP
state_only_mean14,dev_april,development,2025-04-26,6,1,point,2,5369.99265257286,5369.99265257286,5369.99265257286,245.7807137888908,0.0,70.8224008409556,95.2194345310534,1,0.0,MILP
state_only_mean14,dev_april,development,2025-04-26,12,2,point,1,11465.197577813558,11465.197577813558,11465.197577813558,0.0,6.252776074688882e-13,3.273441961937351e-13,3.68471627812791e-13,0,0.0,LP
state_only_mean14,dev_april,development,2025-04-26,18,3,point,2,10774.26746824401,10774.26746824401,10774.26746824401,14.002791500000342,0.0,5.876271452975144,6.572610270282304,1,0.0,LP
state_only_mean14,dev_april,development,2025-04-27,6,1,point,2,20939.391267161096,20939.391267161096,20939.391267161096,64.87089422222397,0.0,20.933837565511674,19.17375119620369,1,0.0,MILP
state_only_mean14,dev_april,development,2025-04-27,12,2,point,2,20423.461784485346,20423.461784485346,20423.461784485346,284.92834722222085,2.2737367544323206e-13,38.75025522222218,44.025500050793575,1,0.0,LP
state_only_mean14,dev_april,development,2025-04-27,18,3,point,2,18707.153962896155,18707.153962896155,18707.153962896155,1047.6954722222235,0.0,661.5262718370009,639.262171096219,1,0.0,LP
state_only_mean14,dev_april,development,2025-04-28,6,1,point,2,25393.904588599635,25393.904588599635,25393.904588599635,214.34188676110972,0.0,67.70974598174475,59.762180307328144,1,0.0,LP
state_only_mean14,dev_april,development,2025-04-28,12,2,point,2,23079.81025127722,23079.81025127722,23079.81025127722,348.43610833333514,2.0463630789890885e-12,100.48897364333489,80.0668844509835,1,0.0,LP
state_only_mean14,dev_april,development,2025-04-28,18,3,point,2,17899.980746147812,17899.980746147812,17899.980746147812,170.5155105555561,0.0,107.58676138502811,103.91641502031977,1,0.0,LP
state_only_mean14,dev_april,development,2025-04-29,6,1,point,2,20881.7711617755,20881.7711617755,20881.7711617755,89.54276995555468,1.5916157281026244e-12,29.67031482620956,29.03818572514001,1,0.0,LP
state_only_mean14,dev_april,development,2025-04-29,12,2,point,2,21453.678124723483,21453.678124723483,21453.678124723483,150.4700327777755,0.0,25.41438853616628,26.1280464059123,1,0.0,LP
state_only_mean14,dev_april,development,2025-04-29,18,3,point,2,18988.78671470128,18988.78671470128,18988.78671470128,1117.261528183331,0.0,730.4770164087017,681.8532796152206,1,0.0,LP
state_only_mean14,dev_april,development,2025-04-30,6,1,point,2,20196.62550796193,20196.62550796193,20196.62550796193,6.4775803000003656,1.7053025658242404e-12,2.0090215300462333,1.8996198256222183,1,0.0,MILP
state_only_mean14,dev_april,development,2025-04-30,12,2,point,2,19985.60129853706,19985.60129853706,19985.60129853706,623.5356877777791,4.547473508864641e-13,142.72381211783454,98.36788540030672,1,0.0,LP
state_only_mean14,dev_april,development,2025-04-30,18,3,point,2,18518.358641982748,18518.358641982748,18518.358641982748,610.773749561113,1.5916157281026244e-12,395.18181724883584,372.88759579313086,1,0.0,LP
state_only_mean14,val_june,validation,2025-06-08,6,1,point,2,31551.301655902313,31551.301655902313,31551.301655902313,1047.6436434370494,0.0,353.1057679732795,306.6058149399895,1,0.0,LP
state_only_mean14,val_june,validation,2025-06-08,12,2,point,2,28780.44161561918,28780.44161561918,28780.44161561918,3.410605131648481e-13,2588.5915177777774,700.4744456253891,555.8475207513177,1,0.0,MILP
state_only_mean14,val_june,validation,2025-06-08,18,3,point,2,25034.603406931456,25034.603406931456,25034.603406931456,3234.916552927772,2.2737367544323206e-13,2210.1922500224023,2087.2101865619616,1,0.0,LP
state_only_mean14,val_june,validation,2025-06-09,6,1,point,2,37599.85603734264,37599.85603734264,37599.85603734264,623.2996226111109,0.0,247.16342433878458,232.63045039660108,1,0.0,LP
state_only_mean14,val_june,validation,2025-06-09,12,2,point,2,32262.090397603617,32262.090397603617,32262.090397603617,0.0,2307.744104259264,664.3987520688809,562.4176078062384,1,0.0,LP
state_only_mean14,val_june,validation,2025-06-09,18,3,point,2,22426.200372663225,22426.200372663225,22426.200372663225,557.7316851888872,0.0,384.47233718495943,359.47998199187026,1,0.0,LP
state_only_mean14,val_june,validation,2025-06-10,6,1,point,2,34088.58908664787,34088.58908664787,34088.58908664787,1270.135729108371,0.0,384.32768374219074,357.4673059532689,1,0.0,LP
state_only_mean14,val_june,validation,2025-06-10,12,2,point,2,29704.165765519156,29704.165765519156,29704.165765519156,450.07705842935434,0.0,158.22720277522896,131.11255061532282,1,0.0,LP
state_only_mean14,val_june,validation,2025-06-10,18,3,point,2,24654.726357841268,24654.726357841268,24654.726357841268,2658.595893406792,0.0,1811.2079189603364,1728.0276295954031,1,0.0,LP
state_only_mean14,val_june,validation,2025-06-11,6,1,point,2,38347.36692131113,38347.36692131113,38347.36692131113,61.648728233332804,0.0,25.88938342158811,22.410413582963496,1,0.0,LP
state_only_mean14,val_june,validation,2025-06-11,12,2,point,2,34104.68700152864,34104.68700152864,34104.68700152864,1543.9620218655712,0.0,722.4643511803889,594.6331411691399,1,0.0,LP
state_only_mean14,val_june,validation,2025-06-11,18,3,point,2,22417.416947213074,22417.416947213074,22417.416947213074,369.0714333333357,0.0,259.4756712050016,240.0572413626206,1,0.0,LP
state_only_mean14,val_june,validation,2025-06-12,6,1,point,2,36817.103805619045,36817.103805619045,36817.103805619045,448.7090901851879,0.0,168.6024406370848,134.1223521212831,1,0.0,LP
state_only_mean14,val_june,validation,2025-06-12,12,2,point,2,31813.03116059484,31813.03116059484,31813.03116059484,0.0,690.7073683607692,259.533293661559,206.45736602709363,1,0.0,LP
state_only_mean14,val_june,validation,2025-06-12,18,3,point,2,24493.039579456028,24493.039579456028,24493.039579456028,2364.187130229563,0.0,1609.1728461811724,1541.9340431012474,1,0.0,LP
state_only_mean14,val_june,validation,2025-06-13,6,1,point,2,9610.010727420124,9610.010727420124,9610.010727420124,118.71084464444391,1.0231815394945443e-12,32.60719772966363,38.66596634309723,1,0.0,MILP
state_only_mean14,val_june,validation,2025-06-13,12,2,point,1,13111.738026334471,13111.738026334471,13111.738026334471,1.2087335258090512e-12,2.0463630789890885e-12,1.3794898387619494e-12,1.5221244913082724e-12,0,0.0,MILP
state_only_mean14,val_june,validation,2025-06-13,18,3,point,2,15132.062629473668,15132.062629473668,15132.062629473668,1263.6327766666684,6.252776074688882e-13,719.5125720976678,782.5892456158704,1,0.0,LP
state_only_mean14,val_june,validation,2025-06-14,6,1,point,2,9660.011012696608,9660.011012696608,9660.011012696608,5.671547255554993,0.0,1.70118059930372,2.0432559209173373,1,0.0,MILP
state_only_mean14,val_june,validation,2025-06-14,12,2,point,1,15708.031563133132,15708.031563133132,15708.031563133132,0.0,1.6484591469634324e-12,7.037272098386893e-13,8.750315519786714e-13,0,0.0,MILP
state_only_mean14,val_june,validation,2025-06-14,18,3,point,2,15429.979953133248,15429.979953133248,15429.979953133248,963.7998649999988,2.2737367544323206e-13,560.2632629001662,601.7756842151185,1,0.0,LP
state_only_mean14,val_june,validation,2025-06-15,6,1,point,2,35297.13623252993,35297.13623252993,35297.13623252993,78.8945679561038,0.0,22.129926311687118,20.119241894062988,1,0.0,LP
state_only_mean14,val_june,validation,2025-06-15,12,2,point,2,32988.48118031775,32988.48118031775,32988.48118031775,3319.0383752469115,0.0,1344.624465231088,1265.3902944732458,1,0.0,LP
state_only_mean14,val_june,validation,2025-06-15,18,3,point,2,25770.451793816927,25770.451793816927,25770.451793816927,2511.2259255000004,0.0,1748.1506235244337,1656.8288391263513,1,0.0,LP
state_only_mean14,val_june,validation,2025-06-16,6,1,point,2,37157.40282569292,37157.40282569292,37157.40282569292,238.19464041028925,0.0,74.73727896951534,69.39849105869942,1,0.0,LP
state_only_mean14,val_june,validation,2025-06-16,12,2,point,2,34368.72173744983,34368.72173744983,34368.72173744983,2397.555371028807,0.0,1022.0311758487596,881.9243855816095,1,0.0,LP
state_only_mean14,val_june,validation,2025-06-16,18,3,point,2,23901.858928201476,23901.858928201476,23901.858928201476,966.0127275000034,0.0,656.4764324823773,637.0676033964755,1,0.0,LP
state_only_mean14,val_june,validation,2025-06-17,6,1,point,2,38710.55341608692,38710.55341608692,38710.55341608692,343.04080034293736,0.0,104.12459548002963,89.12932199722957,1,0.0,LP
state_only_mean14,val_june,validation,2025-06-17,12,2,point,2,36215.536630142495,36215.536630142495,36215.536630142495,2776.823910283334,0.0,1327.7357177459778,1120.4331448062899,1,0.0,LP
state_only_mean14,val_june,validation,2025-06-17,18,3,point,2,24281.655528500774,24281.655528500774,24281.655528500774,1103.473887787167,0.0,760.2633585444621,727.8994492537528,1,0.0,LP
state_only_mean14,val_june,validation,2025-06-18,6,1,point,2,38776.605073297156,38776.605073297156,38776.605073297156,118.73997994513297,0.0,34.29804320715166,32.29557825964837,1,0.0,LP
state_only_mean14,val_june,validation,2025-06-18,12,2,point,2,34733.67454776421,34733.67454776421,34733.67454776421,1115.6457712333352,0.0,452.53403062826874,407.96213535993627,1,0.0,LP
state_only_mean14,val_june,validation,2025-06-18,18,3,point,2,23875.138771535378,23875.138771535378,23875.138771535378,848.5861198333318,0.0,577.4329014571322,559.3791069053061,1,0.0,LP
state_only_mean14,val_june,validation,2025-06-19,6,1,point,2,35501.22492468037,35501.22492468037,35501.22492468037,201.59974822222196,0.0,76.09147694788876,76.48774482930472,1,0.0,LP
state_only_mean14,val_june,validation,2025-06-19,12,2,point,2,29988.367827243215,29988.367827243215,29988.367827243215,0.0,2250.0616426886127,553.1681628362243,569.8798621545086,1,0.0,LP
state_only_mean14,val_june,validation,2025-06-19,18,3,point,2,26173.83938693493,26173.83938693493,26173.83938693493,3330.6253607506865,0.0,2245.6687286156794,2202.1725006137094,1,0.0,LP
state_only_mean14,val_june,validation,2025-06-20,6,1,point,1,10669.859786274194,10669.859786274194,10669.859786274194,0.0,0.0,0.0,0.0,0,0.0,MILP
state_only_mean14,val_june,validation,2025-06-20,12,2,point,1,17333.264169563758,17333.264169563758,17333.264169563758,0.0,2.589928271845565e-12,9.222144825571378e-13,1.2053056457667868e-12,0,0.0,LP
state_only_mean14,val_june,validation,2025-06-20,18,3,point,2,14885.820109043772,14885.820109043772,14885.820109043772,45.38990546666628,0.0,27.1204685163331,28.30725243748119,1,0.0,LP
state_only_mean14,val_june,validation,2025-06-21,6,1,point,1,10154.766276132505,10154.766276132505,10154.766276132505,4.547473508864641e-13,0.0,2.205240434705047e-13,2.4765378319508656e-13,0,0.0,MILP
state_only_mean14,val_june,validation,2025-06-21,12,2,point,1,16956.732436661725,16956.732436661725,16956.732436661725,0.0,1.7621459846850485e-12,8.627750958112302e-13,9.726150551614407e-13,0,0.0,LP
state_only_mean14,val_june,validation,2025-06-21,18,3,point,2,15237.038888061577,15237.038888061577,15237.038888061577,228.8213550000017,0.0,128.8304613761675,142.17796798595927,1,0.0,LP
state_only_mean14,val_august,validation,2025-08-18,6,1,point,2,40131.87273776946,40131.87273776946,40131.87273776946,0.0,84.0714003292153,16.456976614443896,15.59794705608002,1,0.0,LP
state_only_mean14,val_august,validation,2025-08-18,12,2,point,2,38693.33016925966,38693.33016925966,38693.33016925966,0.0,992.0276255555552,200.15374753805548,170.5940519457658,1,0.0,MILP
state_only_mean14,val_august,validation,2025-08-18,18,3,point,1,30785.46319656224,30785.46319656224,30785.46319656224,0.0,2.2737367544323206e-13,1.2759073797496968e-13,1.2340381415145073e-13,0,0.0,LP
state_only_mean14,val_august,validation,2025-08-19,6,1,point,2,38444.50541036813,38444.50541036813,38444.50541036813,0.0,48.880103443070766,11.640796634967304,9.210757206654641,1,0.0,LP
state_only_mean14,val_august,validation,2025-08-19,12,2,point,2,37525.87932892605,37525.87932892605,37525.87932892605,0.0,975.3303006995941,226.6285314137935,173.37596861521803,1,0.0,LP
state_only_mean14,val_august,validation,2025-08-19,18,3,point,1,30664.006523287,30664.006523287,30664.006523287,0.0,2.2737367544323206e-13,1.294779394811485e-13,1.2307818256626238e-13,0,0.0,LP
state_only_mean14,val_august,validation,2025-08-20,6,1,point,2,42857.390405579594,42857.390405579594,42857.390405579594,0.0,3.0308094444444578,1.1120039851666716,1.0086966803888935,1,0.0,LP
state_only_mean14,val_august,validation,2025-08-20,12,2,point,2,38768.24217291505,38768.24217291505,38768.24217291505,0.0,145.9490594444428,35.246697855832934,27.958627323146512,1,0.0,LP
state_only_mean14,val_august,validation,2025-08-20,18,3,point,2,31085.63532879221,31085.63532879221,31085.63532879221,478.7727683666667,0.0,404.9732212811567,379.40603400121495,1,0.0,LP
state_only_mean14,val_august,validation,2025-08-21,6,1,point,2,40579.63074645955,40579.63074645955,40579.63074645955,0.0,222.76053304526863,51.821596270082594,45.747062321668956,1,0.0,LP
state_only_mean14,val_august,validation,2025-08-21,12,2,point,2,39495.689497863226,39495.689497863226,39495.689497863226,0.0,2351.523388888889,614.8395932122777,425.8389331799285,1,0.0,MILP
state_only_mean14,val_august,validation,2025-08-21,18,3,point,1,30410.972192976427,30410.972192976427,30410.972192976427,0.0,0.0,0.0,0.0,0,0.0,LP
state_only_mean14,val_august,validation,2025-08-22,6,1,point,2,17140.781627114546,17140.781627114546,17140.781627114546,33.44572672222155,0.0,9.60895728729425,12.135901390182099,1,0.0,MILP
state_only_mean14,val_august,validation,2025-08-22,12,2,point,1,24260.243244479872,24260.243244479872,24260.243244479872,0.0,3.410605131648481e-13,2.43267095356714e-13,2.6330683665167136e-13,0,0.0,LP
state_only_mean14,val_august,validation,2025-08-22,18,3,point,1,20968.77787473621,20968.77787473621,20968.77787473621,0.0,0.0,0.0,0.0,0,0.0,LP
state_only_mean14,val_august,validation,2025-08-23,6,1,point,1,16679.732777319823,16679.732777319823,16679.732777319823,0.0,0.0,0.0,0.0,0,0.0,MILP
state_only_mean14,val_august,validation,2025-08-23,12,2,point,1,23180.390926090782,23180.390926090782,23180.390926090782,0.0,1.1368683772161603e-13,8.508891369274351e-14,9.103148711022054e-14,0,0.0,LP
state_only_mean14,val_august,validation,2025-08-23,18,3,point,2,21626.85755202853,21626.85755202853,21626.85755202853,471.54789724999864,0.0,309.3975245933158,337.02960021540144,1,0.0,LP
state_only_mean14,val_august,validation,2025-08-24,6,1,point,2,39279.89897072429,39279.89897072429,39279.89897072429,0.0,165.76036508916428,28.97491181758592,29.354384653379316,1,0.0,LP
state_only_mean14,val_august,validation,2025-08-24,12,2,point,2,38525.997912930965,38525.997912930965,38525.997912930965,696.1105805144032,0.0,125.90077448037036,126.01793320529815,1,0.0,LP
state_only_mean14,val_august,validation,2025-08-24,18,3,point,1,30581.806187500115,30581.806187500115,30581.806187500115,0.0,0.0,0.0,0.0,0,0.0,LP
state_only_mean14,val_august,validation,2025-08-25,6,1,point,2,51220.39824096553,51220.39824096553,51220.39824096553,0.0,15.432527434841177,4.880536801268522,4.573925550839874,1,0.0,LP
state_only_mean14,val_august,validation,2025-08-25,12,2,point,2,47589.755198458326,47589.755198458326,47589.755198458326,0.0,3833.7916755281176,994.995687427773,762.7475262311713,1,0.0,LP
state_only_mean14,val_august,validation,2025-08-25,18,3,point,1,30327.404638537268,30327.404638537268,30327.404638537268,0.0,0.0,0.0,0.0,0,0.0,LP
state_only_mean14,val_august,validation,2025-08-26,6,1,point,2,40340.7362526932,40340.7362526932,40340.7362526932,1.1937117960769683e-12,303.5920377777745,49.61669895111086,52.759549132166406,1,0.0,MILP
state_only_mean14,val_august,validation,2025-08-26,12,2,point,1,38195.06941128102,38195.06941128102,38195.06941128102,3.3514913093004503e-13,0.0,6.081280980725668e-14,6.021792009985585e-14,0,0.0,MILP
state_only_mean14,val_august,validation,2025-08-26,18,3,point,1,30537.138427615115,30537.138427615115,30537.138427615115,0.0,0.0,0.0,0.0,0,0.0,LP
state_only_mean14,val_august,validation,2025-08-27,6,1,point,2,40478.53467395178,40478.53467395178,40478.53467395178,8.387687222222155,0.0,3.0313101621110867,3.0565630918551348,1,0.0,LP
state_only_mean14,val_august,validation,2025-08-27,12,2,point,2,37581.42997685405,37581.42997685405,37581.42997685405,0.0,643.1746383333356,117.91873586875047,113.77640771816114,1,0.0,MILP
state_only_mean14,val_august,validation,2025-08-27,18,3,point,2,31679.902504119862,31679.902504119862,31679.902504119862,1081.8213542823066,0.0,894.2561070487071,860.086371522478,1,0.0,LP
state_only_mean14,val_august,validation,2025-08-28,6,1,point,2,38699.45143123928,38699.45143123928,38699.45143123928,0.0,270.0825395198895,72.93368897640428,53.31291279866322,1,0.0,LP
state_only_mean14,val_august,validation,2025-08-28,12,2,point,2,34097.94581418748,34097.94581418748,34097.94581418748,297.18649294238605,0.0,88.11579515741747,74.95998594305719,1,0.0,LP
state_only_mean14,val_august,validation,2025-08-28,18,3,point,2,34544.098764167415,34544.098764167415,34544.098764167415,3380.0703770388936,0.0,2763.378483653815,2691.2431920662652,1,0.0,LP
state_only_mean14,val_august,validation,2025-08-29,6,1,point,1,19487.47998824073,19487.47998824073,19487.47998824073,0.0,0.0,0.0,0.0,0,0.0,MILP
state_only_mean14,val_august,validation,2025-08-29,12,2,point,1,25108.81221230267,25108.81221230267,25108.81221230267,0.0,3.410605131648481e-13,2.462570591887925e-13,2.7281714665150504e-13,0,0.0,LP
state_only_mean14,val_august,validation,2025-08-29,18,3,point,1,20959.10568353368,20959.10568353368,20959.10568353368,0.0,0.0,0.0,0.0,0,0.0,LP
state_only_mean14,val_august,validation,2025-08-30,6,1,point,1,18047.270878016723,18047.270878016723,18047.270878016723,0.0,0.0,0.0,0.0,0,0.0,MILP
state_only_mean14,val_august,validation,2025-08-30,12,2,point,1,24732.174622585517,24732.174622585517,24732.174622585517,2.0463630789890885e-12,1.1581846592889633e-12,1.6257772017524986e-12,1.7704136569461426e-12,0,0.0,LP
state_only_mean14,val_august,validation,2025-08-30,18,3,point,2,21004.650070102718,21004.650070102718,21004.650070102718,1.1096524999987878,2.0463630789890885e-12,0.7691556303751246,0.7845124283662688,1,0.0,LP
state_only_mean14,val_august,validation,2025-08-31,6,1,point,2,39453.0630912047,39453.0630912047,39453.0630912047,0.0,646.0808009876529,150.63876638895022,119.23886577270676,1,0.0,LP
state_only_mean14,val_august,validation,2025-08-31,12,2,point,2,37842.82544951198,37842.82544951198,37842.82544951198,1686.7913659876542,0.0,443.3595893588676,355.7345762964038,1,0.0,LP
state_only_mean14,val_august,validation,2025-08-31,18,3,point,1,30380.226225672945,30380.226225672945,30380.226225672945,0.0,0.0,0.0,0.0,0,0.0,LP
state_only_mean14,eval_september,evaluation,2025-09-10,6,1,point,2,39874.729347980676,39874.729347980676,39874.729347980676,3.0891152263372987,0.0,0.9950040144032439,0.9118626845972514,1,0.0,LP
state_only_mean14,eval_september,evaluation,2025-09-10,12,2,point,2,35926.15992336402,35926.15992336402,35926.15992336402,0.0,1379.6313372839518,375.35390803316693,286.35487313272995,1,0.0,LP
state_only_mean14,eval_september,evaluation,2025-09-10,18,3,point,1,26535.715175263176,26535.715175263176,26535.715175263176,0.0,0.0,0.0,0.0,0,0.0,LP
state_only_mean14,eval_september,evaluation,2025-09-11,6,1,point,2,40083.69863701041,40083.69863701041,40083.69863701041,0.0,1139.8828795061702,244.87616504745006,236.09006053286237,1,0.0,LP
state_only_mean14,eval_september,evaluation,2025-09-11,12,2,point,2,37599.33733539956,37599.33733539956,37599.33733539956,0.0,441.11574872428207,76.31302452930079,78.3626373474804,1,0.0,LP
state_only_mean14,eval_september,evaluation,2025-09-11,18,3,point,1,26310.434501123942,26310.434501123942,26310.434501123942,0.0,0.0,0.0,0.0,0,0.0,LP
state_only_mean14,eval_september,evaluation,2025-09-12,6,1,point,1,17785.112221041603,17785.112221041603,17785.112221041603,0.0,0.0,0.0,0.0,0,0.0,MILP
state_only_mean14,eval_september,evaluation,2025-09-12,12,2,point,1,21486.255237816462,21486.255237816462,21486.255237816462,0.0,3.410605131648481e-13,1.928356141434051e-13,2.2626807094638935e-13,0,0.0,LP
state_only_mean14,eval_september,evaluation,2025-09-12,18,3,point,1,17783.2977352858,17783.2977352858,17783.2977352858,1.4779288903810084e-12,0.0,5.865160801477031e-13,7.040061486155278e-13,0,0.0,LP
state_only_mean14,eval_september,evaluation,2025-09-13,6,1,point,1,17666.42005613267,17666.42005613267,17666.42005613267,7.958078640513122e-13,0.0,4.708397227659589e-13,5.072166686659331e-13,0,0.0,MILP
state_only_mean14,eval_september,evaluation,2025-09-13,12,2,point,1,21265.292495220194,21265.292495220194,21265.292495220194,7.958078640513122e-13,2.2737367544323206e-13,5.650633738696342e-13,6.332990259189892e-13,0,0.0,LP
state_only_mean14,eval_september,evaluation,2025-09-13,18,3,point,1,17720.458715755354,17720.458715755354,17720.458715755354,0.0,0.0,0.0,0.0,0,0.0,LP
state_only_mean14,eval_september,evaluation,2025-09-14,6,1,point,2,41605.532228551456,41605.532228551456,41605.532228551456,0.0,50.39583333333343,20.25660520833337,19.4301135416667,1,0.0,LP
state_only_mean14,eval_september,evaluation,2025-09-14,12,2,point,2,37527.235219066075,37527.235219066075,37527.235219066075,0.0,3408.658996666663,797.5922306889157,595.7791782434516,1,0.0,LP
state_only_mean14,eval_september,evaluation,2025-09-14,18,3,point,1,25517.664158152635,25517.664158152635,25517.664158152635,0.0,0.0,0.0,0.0,0,0.0,LP
state_only_mean14,eval_september,evaluation,2025-09-15,6,1,point,2,33164.337018049664,33164.337018049664,33164.337018049664,38.63117055555688,2.0463630789890885e-12,13.142324223001324,11.345560886769045,1,0.0,MILP
state_only_mean14,eval_september,evaluation,2025-09-15,12,2,point,1,31727.633262165728,31727.633262165728,31727.633262165728,2.0463630789890885e-12,0.0,8.742063073441387e-13,7.984762565424066e-13,0,0.0,MILP
state_only_mean14,eval_september,evaluation,2025-09-15,18,3,point,1,24311.068625262797,24311.068625262797,24311.068625262797,0.0,0.0,0.0,0.0,0,0.0,LP
state_only_mean14,eval_september,evaluation,2025-09-16,6,1,point,2,39083.909119571894,39083.909119571894,39083.909119571894,0.0,29.322966666666986,10.393525535000112,8.701485633452478,1,0.0,LP
state_only_mean14,eval_september,evaluation,2025-09-16,12,2,point,2,36259.97337491758,36259.97337491758,36259.97337491758,0.0,1988.0792235185197,478.1682948972316,361.6049541424287,1,0.0,LP
state_only_mean14,eval_september,evaluation,2025-09-16,18,3,point,1,24456.43264122505,24456.43264122505,24456.43264122505,0.0,0.0,0.0,0.0,0,0.0,LP
state_only_mean14,eval_september,evaluation,2025-09-17,6,1,point,2,37917.78615458313,37917.78615458313,37917.78615458313,4.976050000001493,0.0,1.876468455000563,1.6990367292862238,1,0.0,LP
state_only_mean14,eval_september,evaluation,2025-09-17,12,2,point,2,34545.22281868057,34545.22281868057,34545.22281868057,524.940715000001,0.0,134.25830518050034,125.70828496844081,1,0.0,LP
state_only_mean14,eval_september,evaluation,2025-09-17,18,3,point,1,24431.63567034644,24431.63567034644,24431.63567034644,0.0,0.0,0.0,0.0,0,0.0,LP
state_only_mean14,eval_september,evaluation,2025-09-18,6,1,point,2,33835.45026676006,33835.45026676006,33835.45026676006,9.237055564881302e-13,66.9286133333311,13.091236768000002,10.115064751523882,1,0.0,MILP
state_only_mean14,eval_september,evaluation,2025-09-18,12,2,point,2,31682.25786259668,31682.25786259668,31682.25786259668,2139.998909999999,6.394884621840902e-13,525.7436184943334,430.6888789805338,1,0.0,LP
state_only_mean14,eval_september,evaluation,2025-09-18,18,3,point,1,24426.38097154804,24426.38097154804,24426.38097154804,0.0,0.0,0.0,0.0,0,0.0,LP
state_only_mean14,eval_september,evaluation,2025-09-19,6,1,point,1,16362.811044249444,16362.811044249444,16362.811044249444,0.0,1.2505552149377763e-12,7.173184712883085e-13,7.906813997189081e-13,0,0.0,MILP
state_only_mean14,eval_september,evaluation,2025-09-19,12,2,point,1,20520.587237315813,20520.587237315813,20520.587237315813,1.2505552149377763e-12,4.547473508864641e-13,9.766154107637704e-13,1.0798836618570409e-12,0,0.0,LP
state_only_mean14,eval_september,evaluation,2025-09-19,18,3,keep_previous,2,16711.009365706803,16711.009365706803,16711.009365706803,0.0,0.0,0.0,0.0,0,0.0,LP
state_only_mean14,eval_september,evaluation,2025-09-20,6,1,point,1,16770.30842718897,16770.30842718897,16770.30842718897,4.547473508864641e-13,0.0,1.699163476587273e-13,2.1102063588581849e-13,0,0.0,MILP
state_only_mean14,eval_september,evaluation,2025-09-20,12,2,point,1,20674.851318971487,20674.851318971487,20674.851318971487,2.0463630789890885e-12,7.958078640513122e-13,1.2123734904889715e-12,1.4515925223739551e-12,0,0.0,LP
state_only_mean14,eval_september,evaluation,2025-09-20,18,3,keep_previous,2,16740.53421505916,16740.53421505916,16740.53421505916,0.0,0.0,0.0,0.0,0,0.0,LP
state_only_mean14,eval_september,evaluation,2025-09-21,6,1,point,2,37188.2357213363,37188.2357213363,37188.2357213363,0.0,17.00533333333405,6.223101733333595,5.969054200000252,1,0.0,LP
state_only_mean14,eval_september,evaluation,2025-09-21,12,2,point,2,34469.38272208225,34469.38272208225,34469.38272208225,0.0,2045.486353333333,437.11559086966656,339.6189998090476,1,0.0,MILP
state_only_mean14,eval_september,evaluation,2025-09-21,18,3,keep_previous,2,24734.1982923065,24734.1982923065,24734.1982923065,0.0,0.0,0.0,0.0,0,0.0,LP
state_only_mean14,eval_september,evaluation,2025-09-22,6,1,point,2,38604.78701169492,38604.78701169492,38604.78701169492,0.0,49.18133333333452,16.888869866667072,15.31208119047656,1,0.0,LP
state_only_mean14,eval_september,evaluation,2025-09-22,12,2,point,2,35462.95434326736,35462.95434326736,35462.95434326736,0.0,160.4770711111106,33.60389869066656,27.960263979126896,1,0.0,LP
state_only_mean14,eval_september,evaluation,2025-09-22,18,3,keep_previous,2,23721.385982857926,23721.385982857926,23721.385982857926,0.0,0.0,0.0,0.0,0,0.0,LP
state_only_mean14,eval_september,evaluation,2025-09-23,6,1,point,2,37562.521760393705,37562.521760393705,37562.521760393705,0.0,10.977999999999668,4.4438943999998655,3.8757828999998822,1,0.0,LP
state_only_mean14,eval_september,evaluation,2025-09-23,12,2,point,2,33535.498675176364,33535.498675176364,33535.498675176364,0.0,278.1754521399165,53.67395349039689,48.40252867234546,1,0.0,LP
state_only_mean14,eval_september,evaluation,2025-09-23,18,3,keep_previous,2,23899.71927629637,23899.71927629637,23899.71927629637,0.0,0.0,0.0,0.0,0,0.0,LP
state_only_mean14,eval_december,evaluation,2025-12-08,6,1,point,2,55834.68723917139,55834.68723917139,55834.68723917139,2001.3881138333356,0.0,995.3378814209013,908.0755421274869,1,0.0,LP
state_only_mean14,eval_december,evaluation,2025-12-08,12,2,point,2,37223.49569367479,37223.49569367479,37223.49569367479,0.0,147.41386500000067,69.79313074224828,63.0772481120272,1,0.0,LP
state_only_mean14,eval_december,evaluation,2025-12-08,18,3,point,2,19917.2591296785,19917.2591296785,19917.2591296785,980.1922551999972,0.0,678.9764356030512,627.4341457910285,1,0.0,LP
state_only_mean14,eval_december,evaluation,2025-12-09,6,1,point,2,55326.04777352901,55326.04777352901,55326.04777352901,1865.268214581623,1.6484591469634324e-12,958.8700308615322,854.2659015709733,1,0.0,LP
state_only_mean14,eval_december,evaluation,2025-12-09,12,2,point,2,37154.91572899588,37154.91572899588,37154.91572899588,0.0,151.00182944444282,68.72719582750958,65.10676513981677,1,0.0,LP
state_only_mean14,eval_december,evaluation,2025-12-09,18,3,point,2,20236.403285159642,20236.403285159642,20236.403285159642,1156.4713718999978,0.0,828.7124583009468,749.3783391549008,1,0.0,LP
state_only_mean14,eval_december,evaluation,2025-12-10,6,1,point,2,52256.05391386681,52256.05391386681,52256.05391386681,1693.9284516666644,0.0,882.3282508731659,824.3802964874792,1,0.0,LP
state_only_mean14,eval_december,evaluation,2025-12-10,12,2,point,2,38819.241467099935,38819.241467099935,38819.241467099935,1845.3444933333346,0.0,929.6615093645893,802.8133042338511,1,0.0,LP
state_only_mean14,eval_december,evaluation,2025-12-10,18,3,point,2,19956.993190857393,19956.993190857393,19956.993190857393,1010.1394793944432,0.0,708.8570832504362,651.7024681361848,1,0.0,LP
state_only_mean14,eval_december,evaluation,2025-12-11,6,1,point,2,55044.54083216407,55044.54083216407,55044.54083216407,1523.5155621938252,0.0,761.4618117628731,717.2896246533963,1,0.0,LP
state_only_mean14,eval_december,evaluation,2025-12-11,12,2,point,2,37890.34219395963,37890.34219395963,37890.34219395963,23.72880000000191,0.0,11.084908920000894,10.36126526571512,1,0.0,LP
state_only_mean14,eval_december,evaluation,2025-12-11,18,3,point,2,19196.452054753943,19196.452054753943,19196.452054753943,144.32748409444343,0.0,98.8138119852607,91.7685689402505,1,0.0,LP
state_only_mean14,eval_december,evaluation,2025-12-12,6,1,point,2,18644.75405705411,18644.75405705411,18644.75405705411,1885.0595621399182,0.0,471.1646883359475,559.3760857299552,1,0.0,LP
state_only_mean14,eval_december,evaluation,2025-12-12,12,2,point,2,14654.288027167768,14654.288027167768,14654.288027167768,966.6094079629643,0.0,283.2987027030652,346.6745593432485,1,0.0,LP
state_only_mean14,eval_december,evaluation,2025-12-12,18,3,point,2,13244.476270131876,13244.476270131876,13244.476270131876,1784.708303383337,0.0,980.2137719158111,1097.6850855426417,1,0.0,LP
state_only_mean14,eval_december,evaluation,2025-12-13,6,1,point,2,19716.667143847986,19716.667143847986,19716.667143847986,1861.7102777732453,0.0,494.48724904399376,650.0019654409988,1,0.0,LP
state_only_mean14,eval_december,evaluation,2025-12-13,12,2,point,2,14456.722457708189,14456.722457708189,14456.722457708189,0.0,104.23174666666546,25.531566345999703,31.71585922947582,1,0.0,LP
state_only_mean14,eval_december,evaluation,2025-12-13,18,3,point,2,13478.453284042276,13478.453284042276,13478.453284042276,1857.8921464000005,0.0,1051.2094873205735,1142.7187254550813,1,0.0,LP
state_only_mean14,eval_december,evaluation,2025-12-14,6,1,point,2,52069.10316690282,52069.10316690282,52069.10316690282,1529.2734841797005,0.0,729.7569686879585,715.9085433257253,1,0.0,LP
state_only_mean14,eval_december,evaluation,2025-12-14,12,2,point,2,37514.87642616239,37514.87642616239,37514.87642616239,1798.3750516707796,0.0,869.5711326368884,800.7876254483551,1,0.0,LP
state_only_mean14,eval_december,evaluation,2025-12-14,18,3,point,2,22212.788250985268,22212.788250985268,22212.788250985268,2450.657097694446,0.0,1831.7863407585148,1712.1337747731202,1,0.0,LP
state_only_mean14,eval_december,evaluation,2025-12-15,6,1,point,2,52769.2635938945,52769.2635938945,52769.2635938945,1323.9784355898464,0.0,647.816605742835,590.7254993199078,1,0.0,LP
state_only_mean14,eval_december,evaluation,2025-12-15,12,2,point,2,37521.45492746064,37521.45492746064,37521.45492746064,1897.553698628261,0.0,976.4324217208699,853.4687674771296,1,0.0,LP
state_only_mean14,eval_december,evaluation,2025-12-15,18,3,point,2,22124.428189889943,22124.428189889943,22124.428189889943,2303.474952766667,0.0,1689.73629401988,1626.3609231601663,1,0.0,LP
state_only_mean14,eval_december,evaluation,2025-12-16,6,1,point,2,57758.73809789562,57758.73809789562,57758.73809789562,1423.6220232921783,0.0,662.4150021307254,652.6167571543244,1,0.0,LP
state_only_mean14,eval_december,evaluation,2025-12-16,12,2,point,2,39299.983061466955,39299.983061466955,39299.983061466955,780.8127200000002,0.0,375.9310910176298,348.8034572226933,1,0.0,LP
state_only_mean14,eval_december,evaluation,2025-12-16,18,3,point,2,19605.031990469088,19605.031990469088,19605.031990469088,119.93463000000065,0.0,80.27224785900044,78.76663991453613,1,0.0,LP
state_only_mean14,eval_december,evaluation,2025-12-17,6,1,point,2,57932.85013679698,57932.85013679698,57932.85013679698,1604.204650905354,0.0,760.7696026649011,719.3021417848524,1,0.0,LP
state_only_mean14,eval_december,evaluation,2025-12-17,12,2,point,2,37915.762696852194,37915.762696852194,37915.762696852194,0.0,163.58440234567888,80.96519958063567,76.58489692820623,1,0.0,LP
state_only_mean14,eval_december,evaluation,2025-12-17,18,3,point,2,19935.373210575286,19935.373210575286,19935.373210575286,659.338774355554,0.0,433.2989930502034,432.14714731644835,1,0.0,LP
state_only_mean14,eval_december,evaluation,2025-12-18,6,1,point,2,54510.06163089611,54510.06163089611,54510.06163089611,1619.3920137860084,0.0,778.932474218457,726.7542660359422,1,0.0,LP
state_only_mean14,eval_december,evaluation,2025-12-18,12,2,point,2,36512.32395320822,36512.32395320822,36512.32395320822,463.40246975308594,0.0,232.7562851183393,220.200016983813,1,0.0,LP
state_only_mean14,eval_december,evaluation,2025-12-18,18,3,point,2,21157.285782219624,21157.285782219624,21157.285782219624,1640.3483856242817,0.0,1183.2092723347719,1144.7856691377651,1,0.0,LP
state_only_mean14,eval_december,evaluation,2025-12-19,6,1,point,2,18197.02281135908,18197.02281135908,18197.02281135908,1277.0045677366238,0.0,289.0166090546561,376.672848674062,1,0.0,LP
state_only_mean14,eval_december,evaluation,2025-12-19,12,2,point,2,15023.958206430441,15023.958206430441,15023.958206430441,1379.4930644855976,0.0,393.95821764745483,496.2541369649218,1,0.0,LP
state_only_mean14,eval_december,evaluation,2025-12-19,18,3,point,2,13596.336298547645,13596.336298547645,13596.336298547645,2030.5671224888863,0.0,1172.810711956483,1252.2376877393897,1,0.0,LP
state_only_mean14,eval_december,evaluation,2025-12-20,6,1,point,2,20226.697038854447,20226.697038854447,20226.697038854447,1265.8623787318313,0.0,322.87064610799916,425.33976863414966,1,0.0,LP
state_only_mean14,eval_december,evaluation,2025-12-20,12,2,point,2,15952.113860780066,15952.113860780066,15952.113860780066,579.6604272222232,0.0,159.576699802167,209.12589273910757,1,0.0,LP
state_only_mean14,eval_december,evaluation,2025-12-20,18,3,point,2,12038.452771285634,12038.452771285634,12038.452771285634,129.6828499944428,0.0,74.80755201929432,78.62022780913094,1,0.0,LP
state_only_mean14,eval_december,evaluation,2025-12-21,6,1,point,2,56671.12896062536,56671.12896062536,56671.12896062536,1540.2744481893023,0.0,723.2564367096388,689.0075035034362,1,0.0,LP
state_only_mean14,eval_december,evaluation,2025-12-21,12,2,point,2,38107.09106939,38107.09106939,38107.09106939,411.8556973251033,0.0,209.3303859560353,194.50142997109737,1,0.0,LP
state_only_mean14,eval_december,evaluation,2025-12-21,18,3,point,2,20276.40369270317,20276.40369270317,20276.40369270317,785.9444050111101,0.0,533.7634871881042,526.0474824664922,1,0.0,LP
rolling_margin_mean14,dev_march,development,2025-03-07,6,1,margin,2,12668.816173510695,12668.816173510695,12668.816173510695,1.3073986337985843e-12,1114.765144264748,337.88794186919483,449.6079934879043,1,0.0,MILP
rolling_margin_mean14,dev_march,development,2025-03-07,12,2,margin,2,14945.173046360665,14945.173046360665,14945.173046360665,5.045936666666876,58.83544488888788,21.744240808572172,28.563392080078003,1,0.0,LP
rolling_margin_mean14,dev_march,development,2025-03-07,18,3,keep_previous,2,11341.74374460951,11341.74374460951,11341.74374460951,0.0,0.0,0.0,0.0,0,0.0,LP
rolling_margin_mean14,dev_march,development,2025-03-08,6,1,margin,2,11202.46609534735,11202.46609534735,11202.46609534735,5.684341886080802e-14,99.93193277778141,34.14361170981788,45.60589696978136,1,0.0,MILP
rolling_margin_mean14,dev_march,development,2025-03-08,12,2,margin,2,14921.157889084307,14921.157889084307,14921.157889084307,131.82214944444644,3.410605131648481e-13,44.18076531180079,58.12881080459743,1,0.0,LP
rolling_margin_mean14,dev_march,development,2025-03-08,18,3,keep_previous,2,11406.260106090967,11406.260106090967,11406.260106090967,0.0,0.0,0.0,0.0,0,0.0,LP
rolling_margin_mean14,dev_march,development,2025-03-09,6,1,margin,2,37221.37837922659,37221.37837922659,37221.37837922659,3.0496901111113175,8392.413837732964,2834.245130181499,2697.3686506449794,1,0.0,LP
rolling_margin_mean14,dev_march,development,2025-03-09,12,2,margin,2,29039.19452461048,29039.19452461048,29039.19452461048,1629.2059412949259,1420.8271402194782,951.2407987859492,932.333678607394,1,0.0,LP
rolling_margin_mean14,dev_march,development,2025-03-09,18,3,margin,1,18632.70728246726,18632.70728246726,18632.70728246726,0.0,0.0,0.0,0.0,0,0.0,LP
rolling_margin_mean14,dev_march,development,2025-03-10,6,1,margin,2,38541.02183206879,38541.02183206879,38541.02183206879,966.3726914618824,467.98966378189357,629.5090352112314,600.8168410544192,1,0.0,LP
rolling_margin_mean14,dev_march,development,2025-03-10,12,2,margin,2,29736.216806707846,29736.216806707846,29736.216806707846,272.6396974466675,1337.153316481476,626.9028341043015,527.7846146514036,1,0.0,LP
rolling_margin_mean14,dev_march,development,2025-03-10,18,3,margin,1,18710.143539965953,18710.143539965953,18710.143539965953,0.0,0.0,0.0,0.0,0,0.0,LP
rolling_margin_mean14,dev_march,development,2025-03-11,6,1,margin,2,40354.40404131441,40354.40404131441,40354.40404131441,8659.705221167093,0.0,2875.471834339296,2600.012609087124,1,0.0,LP
rolling_margin_mean14,dev_march,development,2025-03-11,12,2,margin,2,30306.83606380036,30306.83606380036,30306.83606380036,4.547473508864641e-13,3980.010579032919,1393.339226358486,1281.223969726951,1,0.0,LP
rolling_margin_mean14,dev_march,development,2025-03-11,18,3,margin,2,18690.673141451174,18690.673141451174,18690.673141451174,50.203028315555684,4.547473508864641e-13,31.80612858932051,30.773021985198255,1,0.0,LP
rolling_margin_mean14,dev_march,development,2025-03-12,6,1,margin,2,36117.21241049593,36117.21241049593,36117.21241049593,3.3122900000000755,8083.980444755436,2845.077303583199,2685.7869449675923,1,0.0,LP
rolling_margin_mean14,dev_march,development,2025-03-12,12,2,margin,2,29247.158331065446,29247.158331065446,29247.158331065446,1357.2486662793785,1090.1801597201566,846.0805842273791,775.0926117225947,1,0.0,LP
rolling_margin_mean14,dev_march,development,2025-03-12,18,3,margin,1,18742.74825849884,18742.74825849884,18742.74825849884,0.0,0.0,0.0,0.0,0,0.0,LP
rolling_margin_mean14,dev_march,development,2025-03-13,6,1,margin,2,39739.026917204,39739.026917204,39739.026917204,1460.6851174334638,943.803001246665,984.1301455649393,906.0825842319903,1,0.0,LP
rolling_margin_mean14,dev_march,development,2025-03-13,12,2,margin,2,30181.343802255273,30181.343802255273,30181.343802255273,0.0,2085.3097872578815,722.1733528695489,610.995024005259,1,0.0,LP
rolling_margin_mean14,dev_march,development,2025-03-13,18,3,margin,1,18627.82547784527,18627.82547784527,18627.82547784527,0.0,0.0,0.0,0.0,0,0.0,LP
rolling_margin_mean14,dev_march,development,2025-03-14,6,1,margin,2,11529.854781468744,11529.854781468744,11529.854781468744,642.9182105555572,1.7053025658242404e-13,210.74565248077292,272.50779662225636,1,0.0,MILP
rolling_margin_mean14,dev_march,development,2025-03-14,12,2,margin,2,14831.849232425164,14831.849232425164,14831.849232425164,0.4406320511120043,280.3102610000018,87.61579928042642,111.7624794751342,1,0.0,LP
rolling_margin_mean14,dev_march,development,2025-03-14,18,3,keep_previous,2,11392.95201026941,11392.95201026941,11392.95201026941,0.0,0.0,0.0,0.0,0,0.0,LP
rolling_margin_mean14,dev_march,development,2025-03-15,6,1,margin,2,11193.73961409918,11193.73961409918,11193.73961409918,752.5009096666683,2.8421709430404007e-13,235.10598793822285,322.97682292341824,1,0.0,MILP
rolling_margin_mean14,dev_march,development,2025-03-15,12,2,margin,2,13559.623707408013,13559.623707408013,13559.623707408013,5.684341886080802e-14,300.2074283333307,86.46055948350973,121.95965873806514,1,0.0,MILP
rolling_margin_mean14,dev_march,development,2025-03-15,18,3,keep_previous,2,11479.545229549069,11479.545229549069,11479.545229549069,0.0,0.0,0.0,0.0,0,0.0,LP
rolling_margin_mean14,dev_march,development,2025-03-16,6,1,margin,2,38387.89847268443,38387.89847268443,38387.89847268443,2010.7992832655375,100.91749622222233,628.2786809821508,592.5399651876728,1,0.0,LP
rolling_margin_mean14,dev_march,development,2025-03-16,12,2,margin,2,30484.273123042673,30484.273123042673,30484.273123042673,0.0,4000.341522981587,1421.0770445820128,1279.3111728519252,1,0.0,LP
rolling_margin_mean14,dev_march,development,2025-03-16,18,3,margin,1,18782.95938001896,18782.95938001896,18782.95938001896,0.0,0.0,0.0,0.0,0,0.0,LP
rolling_margin_mean14,dev_march,development,2025-03-17,6,1,margin,2,31288.93600172663,31288.93600172663,31288.93600172663,4.564536333333194,6343.061757042432,1676.7102749008727,1695.476151023997,1,0.0,LP
rolling_margin_mean14,dev_march,development,2025-03-17,12,2,margin,2,27451.466923404434,27451.466923404434,27451.466923404434,1874.534240740784,0.0,670.5176660403351,639.0569173086487,1,0.0,LP
rolling_margin_mean14,dev_march,development,2025-03-17,18,3,margin,1,18844.51544837138,18844.51544837138,18844.51544837138,0.0,0.0,0.0,0.0,0,0.0,LP
rolling_margin_mean14,dev_march,development,2025-03-18,6,1,margin,2,38025.42565938405,38025.42565938405,38025.42565938405,318.30587394666077,4903.563922433822,1954.1743842990313,1817.3916718726723,1,0.0,LP
rolling_margin_mean14,dev_march,development,2025-03-18,12,2,margin,2,28724.026726052736,28724.026726052736,28724.026726052736,0.0,4596.54737904407,1433.1941801257435,1334.3958756398238,1,0.0,LP
rolling_margin_mean14,dev_march,development,2025-03-18,18,3,keep_previous,2,19013.152311029247,19013.152311029247,19013.152311029247,0.0,0.0,0.0,0.0,0,0.0,LP
rolling_margin_mean14,dev_march,development,2025-03-19,6,1,margin,2,35932.857810989895,35932.857810989895,35932.857810989895,5665.6638042674895,0.0,1820.614785794115,1707.3257128988948,1,0.0,LP
rolling_margin_mean14,dev_march,development,2025-03-19,12,2,margin,2,28094.19247222005,28094.19247222005,28094.19247222005,0.0,2275.4317527736625,795.7665958346427,750.9579667725451,1,0.0,LP
rolling_margin_mean14,dev_march,development,2025-03-19,18,3,keep_previous,2,19173.625990231063,19173.625990231063,19173.625990231063,0.0,0.0,0.0,0.0,0,0.0,LP
rolling_margin_mean14,dev_march,development,2025-03-20,6,1,margin,2,33993.030960529926,33993.030960529926,33993.030960529926,481.6538380000006,7397.976585285329,2732.3234124451837,2513.026705480848,1,0.0,LP
rolling_margin_mean14,dev_march,development,2025-03-20,12,2,margin,2,27775.431668187826,27775.431668187826,27775.431668187826,2209.4296252218955,0.0,727.3943955778793,668.6288612024243,1,0.0,LP
rolling_margin_mean14,dev_march,development,2025-03-20,18,3,margin,2,19144.503822415198,19144.503822415198,19144.503822415198,94.50619929915689,0.0,57.80471680132931,57.7274242311882,1,0.0,LP
rolling_margin_mean14,dev_april,development,2025-04-17,6,1,margin,2,28636.12383307122,28636.12383307122,28636.12383307122,5048.258152117771,0.0,1191.6922151036056,1037.4868710203286,1,0.0,LP
rolling_margin_mean14,dev_april,development,2025-04-17,12,2,margin,2,24838.707973143708,24838.707973143708,24838.707973143708,3.410605131648481e-13,3003.543337968903,734.7526994412178,694.9785314513733,1,0.0,MILP
rolling_margin_mean14,dev_april,development,2025-04-17,18,3,margin,2,18762.031175177915,18762.031175177915,18762.031175177915,7.946667666665519,3.410605131648481e-13,5.018124623466166,4.831206702530067,1,0.0,LP
rolling_margin_mean14,dev_april,development,2025-04-18,6,1,margin,2,6643.232954541127,6643.232954541127,6643.232954541127,3.410605131648481e-13,212.58632233333515,70.45301853126722,93.3075456280477,1,0.0,MILP
rolling_margin_mean14,dev_april,development,2025-04-18,12,2,margin,2,12508.799337250959,12508.799337250959,12508.799337250959,203.7839195555588,4.547473508864641e-13,65.4133600387125,88.61933174681445,1,0.0,LP
rolling_margin_mean14,dev_april,development,2025-04-18,18,3,keep_previous,2,11316.439556389782,11316.439556389782,11316.439556389782,0.0,0.0,0.0,0.0,0,0.0,LP
rolling_margin_mean14,dev_april,development,2025-04-19,6,1,keep_previous,2,6673.064541848508,6673.064541848508,6673.064541848508,0.0,0.0,0.0,0.0,0,0.0,MILP
rolling_margin_mean14,dev_april,development,2025-04-19,12,2,margin,2,12917.075816584,12917.075816584,12917.075816584,647.6038206666644,4.547473508864641e-13,198.25820375286065,274.08997566193784,1,0.0,LP
rolling_margin_mean14,dev_april,development,2025-04-19,18,3,keep_previous,2,11450.408537232648,11450.408537232648,11450.408537232648,0.0,0.0,0.0,0.0,0,0.0,LP
rolling_margin_mean14,dev_april,development,2025-04-20,6,1,margin,2,26224.024055721944,26224.024055721944,26224.024055721944,541.7090467478074,167.27263088888935,163.586373763743,135.30871313057935,1,0.0,LP
rolling_margin_mean14,dev_april,development,2025-04-20,12,2,margin,2,24005.09148409454,24005.09148409454,24005.09148409454,395.4423540611105,1126.0616735637866,422.0662342672311,352.27150428892173,1,0.0,LP
rolling_margin_mean14,dev_april,development,2025-04-20,18,3,margin,2,18577.27367258801,18577.27367258801,18577.27367258801,0.5057811355571857,0.0,0.313433023755447,0.30789072316495336,1,0.0,LP
rolling_margin_mean14,dev_april,development,2025-04-21,6,1,margin,2,25518.907815891173,25518.907815891173,25518.907815891173,5.684341886080801e-13,8250.07978123457,2114.1600014123655,2043.0564573757351,1,0.0,MILP
rolling_margin_mean14,dev_april,development,2025-04-21,12,2,margin,2,22184.303026591446,22184.303026591446,22184.303026591446,516.8918251111144,1.1368683772161603e-13,199.16289548802393,189.34749775467824,1,0.0,MILP
rolling_margin_mean14,dev_april,development,2025-04-21,18,3,margin,2,18402.000928195517,18402.000928195517,18402.000928195517,0.0,6.388811333331745,4.001588348565667,3.8755085993617335,1,0.0,LP
rolling_margin_mean14,dev_april,development,2025-04-22,6,1,margin,2,28179.578140415833,28179.578140415833,28179.578140415833,5338.598553119333,0.0,1527.538519388143,1300.3168531612482,1,0.0,LP
rolling_margin_mean14,dev_april,development,2025-04-22,12,2,margin,2,24299.565455352735,24299.565455352735,24299.565455352735,1.1368683772161603e-13,3488.775440351171,930.383726115751,784.6477958258836,1,0.0,MILP
rolling_margin_mean14,dev_april,development,2025-04-22,18,3,keep_previous,2,18597.71080307799,18597.71080307799,18597.71080307799,0.0,0.0,0.0,0.0,0,0.0,LP
rolling_margin_mean14,dev_april,development,2025-04-23,6,1,margin,2,25884.797651359004,25884.797651359004,25884.797651359004,4258.975119745548,0.0,1156.7824275084906,964.1754020222501,1,0.0,LP
rolling_margin_mean14,dev_april,development,2025-04-23,12,2,margin,2,23345.90546025502,23345.90546025502,23345.90546025502,0.0,1171.049130293544,274.3589359174101,233.4026296516466,1,0.0,LP
rolling_margin_mean14,dev_april,development,2025-04-23,18,3,keep_previous,2,18555.663891256143,18555.663891256143,18555.663891256143,0.0,0.0,0.0,0.0,0,0.0,LP
rolling_margin_mean14,dev_april,development,2025-04-24,6,1,margin,2,24142.406114793757,24142.406114793757,24142.406114793757,65.74109772555636,2058.48609211111,472.0009092894556,412.60140744854607,1,0.0,MILP
rolling_margin_mean14,dev_april,development,2025-04-24,12,2,margin,2,22946.02359103596,22946.02359103596,22946.02359103596,690.8831840522223,0.0,296.25540358290505,272.9322659967031,1,0.0,MILP
rolling_margin_mean14,dev_april,development,2025-04-24,18,3,margin,2,18606.849868836354,18606.849868836354,18606.849868836354,0.0,47.53958166666615,29.547242370027462,28.8578320955473,1,0.0,LP
rolling_margin_mean14,dev_april,development,2025-04-25,6,1,margin,2,6772.461787758278,6772.461787758278,6772.461787758278,1.6480452222192525,175.38914577777774,52.22340923306536,72.7866012520839,1,0.0,MILP
rolling_margin_mean14,dev_april,development,2025-04-25,12,2,margin,2,12080.366931765591,12080.366931765591,12080.366931765591,0.0,518.7599059999997,170.51249362878872,223.83744960932052,1,0.0,LP
rolling_margin_mean14,dev_april,development,2025-04-25,18,3,keep_previous,2,11222.429778990856,11222.429778990856,11222.429778990856,0.0,0.0,0.0,0.0,0,0.0,LP
rolling_margin_mean14,dev_april,development,2025-04-26,6,1,margin,2,6504.643785046718,6504.643785046718,6504.643785046718,2.0463630789890885e-12,252.96205655555815,90.10987137997375,112.62971778632237,1,0.0,MILP
rolling_margin_mean14,dev_april,development,2025-04-26,12,2,margin,2,12530.53505518944,12530.53505518944,12530.53505518944,303.5044188888892,1.0800249583553523e-12,101.29500623136698,129.5291476197844,1,0.0,LP
rolling_margin_mean14,dev_april,development,2025-04-26,18,3,keep_previous,2,11320.841985199222,11320.841985199222,11320.841985199222,0.0,0.0,0.0,0.0,0,0.0,LP
rolling_margin_mean14,dev_april,development,2025-04-27,6,1,margin,2,25344.27513013171,25344.27513013171,25344.27513013171,1530.8603117231078,31.336888222222115,500.78459065389967,464.5662850688182,1,0.0,LP
rolling_margin_mean14,dev_april,development,2025-04-27,12,2,margin,2,23485.57319471053,23485.57319471053,23485.57319471053,166.8823696822185,2459.746764960217,580.7624490411845,574.3977233727853,1,0.0,MILP
rolling_margin_mean14,dev_april,development,2025-04-27,18,3,margin,2,18552.362105402226,18552.362105402226,18552.362105402226,28.224493858514165,4.547473508864641e-13,17.63641625243935,17.222553116898204,1,0.0,LP
rolling_margin_mean14,dev_april,development,2025-04-28,6,1,margin,2,29540.595528587364,29540.595528587364,29540.595528587364,479.0395260644731,155.30096700000092,193.3693695333336,143.25485463890809,1,0.0,LP
rolling_margin_mean14,dev_april,development,2025-04-28,12,2,margin,2,25164.310173925594,25164.310173925594,25164.310173925594,16.451796636663403,4003.7264253415588,1206.741515977141,966.0014839565792,1,0.0,LP
rolling_margin_mean14,dev_april,development,2025-04-28,18,3,margin,2,18483.84693525286,18483.84693525286,18483.84693525286,0.0,8.244660999999496,5.245256434738565,5.005360366040167,1,0.0,LP
rolling_margin_mean14,dev_april,development,2025-04-29,6,1,margin,2,24525.95155161106,24525.95155161106,24525.95155161106,578.266214476668,3237.107200068587,958.7342682869026,854.2935595079167,1,0.0,LP
rolling_margin_mean14,dev_april,development,2025-04-29,12,2,margin,2,23797.115206382477,23797.115206382477,23797.115206382477,219.95469635236464,1435.571875111106,342.3055056245993,317.8656410311925,1,0.0,MILP
rolling_margin_mean14,dev_april,development,2025-04-29,18,3,margin,2,18687.808676434557,18687.808676434557,18687.808676434557,2.5326438888912435,1.1368683772161603e-13,1.566881863229393,1.528818588107064,1,0.0,LP
rolling_margin_mean14,dev_april,development,2025-04-30,6,1,margin,2,23278.777852101117,23278.777852101117,23278.777852101117,62.08945228948899,164.29727988888965,93.74308127465365,85.39331751413745,1,0.0,LP
rolling_margin_mean14,dev_april,development,2025-04-30,12,2,margin,2,21580.303536788877,21580.303536788877,21580.303536788877,0.0,1176.1803238230432,456.09375944741134,434.7732950051643,1,0.0,LP
rolling_margin_mean14,dev_april,development,2025-04-30,18,3,margin,2,18582.511913390987,18582.511913390987,18582.511913390987,15.242146555552495,0.0,9.384989611636987,9.156558345277922,1,0.0,LP
rolling_margin_mean14,val_june,validation,2025-06-08,6,1,margin,2,38714.532102516125,38714.532102516125,38714.532102516125,2179.302841289328,4980.667722849874,2330.937064519232,1980.237726792076,1,0.0,LP
rolling_margin_mean14,val_june,validation,2025-06-08,12,2,margin,2,34051.06277749995,34051.06277749995,34051.06277749995,0.8257166333317514,2313.9031334938313,685.4691622932348,555.7017811185979,1,0.0,LP
rolling_margin_mean14,val_june,validation,2025-06-08,18,3,margin,2,24740.588773952146,24740.588773952146,24740.588773952146,1.3539724922190999,0.0,0.8945019269845482,0.8714408740724309,1,0.0,LP
rolling_margin_mean14,val_june,validation,2025-06-09,6,1,margin,2,41911.091622306194,41911.091622306194,41911.091622306194,0.0,7358.983918246911,2901.6647239659023,2475.365589993652,1,0.0,LP
rolling_margin_mean14,val_june,validation,2025-06-09,12,2,margin,2,35464.1871251067,35464.1871251067,35464.1871251067,426.63252113292265,406.76612510973894,336.47074190604286,281.43803280480586,1,0.0,LP
rolling_margin_mean14,val_june,validation,2025-06-09,18,3,margin,2,24771.748189621838,24771.748189621838,24771.748189621838,11.369197763334114,0.0,7.837356478154372,7.327894605523825,1,0.0,LP
rolling_margin_mean14,val_june,validation,2025-06-10,6,1,margin,2,40495.10433951216,40495.10433951216,40495.10433951216,298.56077711111425,1989.5172446337392,847.6953868018134,699.654166004053,1,0.0,LP
rolling_margin_mean14,val_june,validation,2025-06-10,12,2,margin,2,36731.97537708329,36731.97537708329,36731.97537708329,1710.2693022825745,0.0,697.6600952381142,570.510002909245,1,0.0,LP
rolling_margin_mean14,val_june,validation,2025-06-10,18,3,margin,2,25059.72195803068,25059.72195803068,25059.72195803068,0.0,33.46926199999973,22.12151723062202,21.011360040935127,1,0.0,LP
rolling_margin_mean14,val_june,validation,2025-06-11,6,1,margin,2,45722.06335875212,45722.06335875212,45722.06335875212,857.3816788558079,1638.1000036419698,1134.4160972641212,998.7075271785525,1,0.0,LP
rolling_margin_mean14,val_june,validation,2025-06-11,12,2,margin,2,38258.48888162817,38258.48888162817,38258.48888162817,558.890172975305,1217.9372936666614,861.7149305497476,752.174378622265,1,0.0,LP
rolling_margin_mean14,val_june,validation,2025-06-11,18,3,margin,2,25136.161424839265,25136.161424839265,25136.161424839265,0.0,4.9312960576108935,3.2716017007625338,3.1330246429244095,1,0.0,LP
rolling_margin_mean14,val_june,validation,2025-06-12,6,1,margin,2,44142.03120331331,44142.03120331331,44142.03120331331,407.54526475889224,1183.8542750438937,650.4861783345972,582.3743810138674,1,0.0,LP
rolling_margin_mean14,val_june,validation,2025-06-12,12,2,margin,2,37968.10870440055,37968.10870440055,37968.10870440055,0.0,2483.1266184337837,998.5282101449782,850.6418728227579,1,0.0,LP
rolling_margin_mean14,val_june,validation,2025-06-12,18,3,margin,2,25228.660388987453,25228.660388987453,25228.660388987453,15.121044333334453,0.0,9.880452840856316,9.443765307763417,1,0.0,LP
rolling_margin_mean14,val_june,validation,2025-06-13,6,1,margin,2,14393.02755465943,14393.02755465943,14393.02755465943,3.410605131648481e-13,1115.2825816666661,383.92001068866074,475.9702893851306,1,0.0,MILP
rolling_margin_mean14,val_june,validation,2025-06-13,12,2,margin,2,18705.07847654703,18705.07847654703,18705.07847654703,909.4502026666651,1.1368683772161603e-13,336.8624308659936,411.78706040533876,1,0.0,MILP
rolling_margin_mean14,val_june,validation,2025-06-13,18,3,margin,2,17118.496337910092,17118.496337910092,17118.496337910092,82.26062119333494,2.2737367544323206e-13,47.2916311240484,52.16057853489534,1,0.0,LP
rolling_margin_mean14,val_june,validation,2025-06-14,6,1,margin,2,15138.132622286514,15138.132622286514,15138.132622286514,9.663381206337363e-13,85.8585187215362,34.80347493700647,42.86896785332388,1,0.0,MILP
rolling_margin_mean14,val_june,validation,2025-06-14,12,2,margin,2,20584.51963907929,20584.51963907929,20584.51963907929,0.0,748.3125496118005,271.1416955176071,334.05114419979753,1,0.0,LP
rolling_margin_mean14,val_june,validation,2025-06-14,18,3,margin,2,17845.110632006763,17845.110632006763,17845.110632006763,318.70737281666953,0.0,184.75727272009723,202.84017096467355,1,0.0,LP
rolling_margin_mean14,val_june,validation,2025-06-15,6,1,margin,2,45796.04321351754,45796.04321351754,45796.04321351754,3612.7580068327707,136.94478088888923,1269.816315367349,1178.1916831155932,1,0.0,LP
rolling_margin_mean14,val_june,validation,2025-06-15,12,2,margin,2,38908.552564683836,38908.552564683836,38908.552564683836,0.2911041111109398,1201.7706771728353,385.29451676989123,359.4186888905855,1,0.0,LP
rolling_margin_mean14,val_june,validation,2025-06-15,18,3,margin,2,26372.194713295798,26372.194713295798,26372.194713295798,0.0,30.638715315500917,20.480546483748057,19.66790702482728,1,0.0,LP
rolling_margin_mean14,val_june,validation,2025-06-16,6,1,margin,2,46328.04125551138,46328.04125551138,46328.04125551138,1579.7925679566597,56.63632344444454,576.1113681812976,516.6712920035824,1,0.0,LP
rolling_margin_mean14,val_june,validation,2025-06-16,12,2,margin,2,39218.7720154172,39218.7720154172,39218.7720154172,0.20077077777762042,2083.86312891632,917.5485508613256,828.0989588852339,1,0.0,LP
rolling_margin_mean14,val_june,validation,2025-06-16,18,3,margin,2,26282.904233056237,26282.904233056237,26282.904233056237,28.843191666667735,0.0,18.85343158319516,18.22054964989156,1,0.0,LP
rolling_margin_mean14,val_june,validation,2025-06-17,6,1,margin,2,50093.65994226924,50093.65994226924,50093.65994226924,3039.667049661766,118.23566711111198,1312.2182152324112,1212.3659954118639,1,0.0,LP
rolling_margin_mean14,val_june,validation,2025-06-17,12,2,margin,2,42296.13767892453,42296.13767892453,42296.13767892453,0.19803744444436688,3448.1065889020547,1462.6184465012616,1271.8759934260488,1,0.0,LP
rolling_margin_mean14,val_june,validation,2025-06-17,18,3,margin,2,26419.15987981236,26419.15987981236,26419.15987981236,0.06045666666682337,0.9571883333317146,0.6910518922767925,0.6707292396696571,1,0.0,LP
rolling_margin_mean14,val_june,validation,2025-06-18,6,1,margin,2,50316.3036744841,50316.3036744841,50316.3036744841,3132.0443658035942,0.0,1304.19672107076,1180.2524881460668,1,0.0,LP
rolling_margin_mean14,val_june,validation,2025-06-18,12,2,margin,2,41614.732699415516,41614.732699415516,41614.732699415516,19.582463908888712,6252.806367002497,2489.066821442966,2226.6908153441955,1,0.0,LP
rolling_margin_mean14,val_june,validation,2025-06-18,18,3,margin,2,26322.64938248545,26322.64938248545,26322.64938248545,0.0,35.437519777774355,23.34436564402548,22.66128640067713,1,0.0,LP
rolling_margin_mean14,val_june,validation,2025-06-19,6,1,margin,2,43932.36175339696,43932.36175339696,43932.36175339696,2164.8712412104264,5189.00890420432,2722.382619383652,2587.3205368870663,1,0.0,LP
rolling_margin_mean14,val_june,validation,2025-06-19,12,2,margin,2,38546.624211437105,38546.624211437105,38546.624211437105,1942.7588272407402,0.0,775.0035122060933,730.4024152255735,1,0.0,LP
rolling_margin_mean14,val_june,validation,2025-06-19,18,3,margin,2,26168.909108782856,26168.909108782856,26168.909108782856,22.977134122224584,0.0,15.037894766974347,14.47843889878412,1,0.0,LP
rolling_margin_mean14,val_june,validation,2025-06-20,6,1,margin,2,16184.829788402527,16184.829788402527,16184.829788402527,3.979039320256561e-13,599.059623777777,228.62098046703906,287.9739839451549,1,0.0,MILP
rolling_margin_mean14,val_june,validation,2025-06-20,12,2,margin,2,21558.30861600118,21558.30861600118,21558.30861600118,29.47296262333505,3.410605131648481e-13,8.84555608658281,11.905977261123834,1,0.0,LP
rolling_margin_mean14,val_june,validation,2025-06-20,18,3,margin,2,17979.92108780582,17979.92108780582,17979.92108780582,0.0,24.134226666664006,13.879122235331819,15.319970667028056,1,0.0,LP
rolling_margin_mean14,val_june,validation,2025-06-21,6,1,margin,2,15810.804932462957,15810.804932462957,15810.804932462957,115.12317466666585,235.16463635665315,124.82633330191413,166.38382034762984,1,0.0,MILP
rolling_margin_mean14,val_june,validation,2025-06-21,12,2,margin,2,21517.617039164543,21517.617039164543,21517.617039164543,46.07814571221006,3.410605131648481e-13,12.87002909988076,18.81720339345301,1,0.0,LP
rolling_margin_mean14,val_june,validation,2025-06-21,18,3,margin,2,18320.66713586502,18320.66713586502,18320.66713586502,0.0,72.22164333333149,41.740243402915574,45.64200173043334,1,0.0,LP
rolling_margin_mean14,val_august,validation,2025-08-18,6,1,margin,2,43959.69820527115,43959.69820527115,43959.69820527115,0.0,246.90122504526335,152.6623696565225,138.0800209179736,1,0.0,LP
rolling_margin_mean14,val_august,validation,2025-08-18,12,2,margin,2,42119.70120416891,42119.70120416891,42119.70120416891,5.933031843596837e-13,2635.174439268863,811.4000374674655,716.0723719441445,1,0.0,MILP
rolling_margin_mean14,val_august,validation,2025-08-18,18,3,margin,2,32119.063091578562,32119.063091578562,32119.063091578562,0.0,9.25646199999926,6.57538783286614,6.393918941672499,1,0.0,LP
rolling_margin_mean14,val_august,validation,2025-08-19,6,1,margin,2,41944.990891822374,41944.990891822374,41944.990891822374,0.0,3749.815328657076,1329.8064921791474,1170.726581418569,1,0.0,LP
rolling_margin_mean14,val_august,validation,2025-08-19,12,2,margin,2,41823.687990991704,41823.687990991704,41823.687990991704,1635.1574061604947,1571.765768240051,1068.7713020485073,931.3182831367415,1,0.0,MILP
rolling_margin_mean14,val_august,validation,2025-08-19,18,3,margin,2,31998.652991612507,31998.652991612507,31998.652991612507,6.97313866666741,0.0,4.610198116144961,4.649286883078277,1,0.0,LP
rolling_margin_mean14,val_august,validation,2025-08-20,6,1,margin,2,46570.181255407275,46570.181255407275,46570.181255407275,1167.9255136459687,5815.775424820298,2250.6834789605887,1915.7775242394914,1,0.0,LP
rolling_margin_mean14,val_august,validation,2025-08-20,12,2,margin,2,40559.96746891299,40559.96746891299,40559.96746891299,4.758088271113138,1889.9824887037087,489.306600021103,391.3035285933731,1,0.0,LP
rolling_margin_mean14,val_august,validation,2025-08-20,18,3,margin,2,31823.937639537846,31823.937639537846,31823.937639537846,8.198654231110254,0.0,6.874996250800352,6.448796553138305,1,0.0,LP
rolling_margin_mean14,val_august,validation,2025-08-21,6,1,margin,2,43630.033294622976,43630.033294622976,43630.033294622976,441.2189597377802,6128.071605161865,1896.8002577539492,1630.1867860095635,1,0.0,LP
rolling_margin_mean14,val_august,validation,2025-08-21,12,2,margin,2,41097.91030095905,41097.91030095905,41097.91030095905,229.67448842546193,1536.7803741111106,483.5409451012987,345.7530481594413,1,0.0,MILP
rolling_margin_mean14,val_august,validation,2025-08-21,18,3,margin,2,31663.79567861643,31663.79567861643,31663.79567861643,0.0,27.947219337779984,20.055851700804542,18.971161975518076,1,0.0,LP
rolling_margin_mean14,val_august,validation,2025-08-22,6,1,margin,2,19226.673997792022,19226.673997792022,19226.673997792022,0.0,1496.4572510000012,524.0230730908938,660.6361652117171,1,0.0,MILP
rolling_margin_mean14,val_august,validation,2025-08-22,12,2,margin,2,24990.424635182164,24990.424635182164,24990.424635182164,154.3514424144459,6.821210263296962e-13,55.087596276654025,69.00027683657011,1,0.0,LP
rolling_margin_mean14,val_august,validation,2025-08-22,18,3,margin,2,22066.042753559894,22066.042753559894,22066.042753559894,35.09578166666654,0.0,21.759507283594367,23.569863089388797,1,0.0,LP
rolling_margin_mean14,val_august,validation,2025-08-23,6,1,margin,2,19906.94125791473,19906.94125791473,19906.94125791473,524.4732400000021,2.8421709430404007e-13,206.46020522290115,257.8372658013411,1,0.0,MILP
rolling_margin_mean14,val_august,validation,2025-08-23,12,2,margin,2,25520.077804902623,25520.077804902623,25520.077804902623,169.96024988889252,4.547473508864641e-13,62.701254472074154,77.73538870284752,1,0.0,LP
rolling_margin_mean14,val_august,validation,2025-08-23,18,3,margin,2,22286.98974426382,22286.98974426382,22286.98974426382,0.0,10.683761333333791,6.568356442755862,7.226511170465409,1,0.0,LP
rolling_margin_mean14,val_august,validation,2025-08-24,6,1,margin,2,41289.01051883775,41289.01051883775,41289.01051883775,0.0,6132.866428213976,2131.9066686984597,1900.2709229727975,1,0.0,LP
rolling_margin_mean14,val_august,validation,2025-08-24,12,2,margin,2,41850.06919108459,41850.06919108459,41850.06919108459,2983.104824406037,0.0,1336.893588563478,1178.3523419340074,1,0.0,MILP
rolling_margin_mean14,val_august,validation,2025-08-24,18,3,margin,2,31620.472874154973,31620.472874154973,31620.472874154973,0.0,41.977905333332615,29.80907836877718,28.376252721147043,1,0.0,LP
rolling_margin_mean14,val_august,validation,2025-08-25,6,1,margin,2,50392.91762051446,50392.91762051446,50392.91762051446,22.54849276110656,15173.332224187918,5210.436929128358,4431.372340625542,1,0.0,LP
rolling_margin_mean14,val_august,validation,2025-08-25,12,2,margin,2,42680.729019469334,42680.729019469334,42680.729019469334,0.0,2960.220739632165,1106.2449520891983,936.9744277204362,1,0.0,LP
rolling_margin_mean14,val_august,validation,2025-08-25,18,3,margin,2,31322.577860695663,31322.577860695663,31322.577860695663,16.48533766666617,0.0,11.635366016916254,11.276866495821018,1,0.0,LP
rolling_margin_mean14,val_august,validation,2025-08-26,6,1,margin,2,44389.26965506622,44389.26965506622,44389.26965506622,1703.912753314142,0.0,429.896107138195,382.7761858488045,1,0.0,LP
rolling_margin_mean14,val_august,validation,2025-08-26,12,2,margin,2,41423.63732877125,41423.63732877125,41423.63732877125,0.0,3512.2897153278445,1087.6024508802127,978.1671207428022,1,0.0,MILP
rolling_margin_mean14,val_august,validation,2025-08-26,18,3,margin,2,31389.755741545458,31389.755741545458,31389.755741545458,5.6892399999997,0.01804366666669921,4.255330031083082,4.139814945893001,1,0.0,LP
rolling_margin_mean14,val_august,validation,2025-08-27,6,1,margin,2,48850.37407620733,48850.37407620733,48850.37407620733,7025.5129700926445,0.0,2221.6092025559856,1950.3795776416835,1,0.0,LP
rolling_margin_mean14,val_august,validation,2025-08-27,12,2,margin,2,43441.368750621594,43441.368750621594,43441.368750621594,0.6299511111113594,4834.181786594697,1338.1597626376586,1242.7701479555642,1,0.0,MILP
rolling_margin_mean14,val_august,validation,2025-08-27,18,3,margin,2,31132.42912770448,31132.42912770448,31132.42912770448,12.477211333333571,0.0,8.800357100966835,8.614951437670804,1,0.0,LP
rolling_margin_mean14,val_august,validation,2025-08-28,6,1,margin,2,47357.648711502676,47357.648711502676,47357.648711502676,6436.527608823046,77.36623244444445,2481.1743532197106,2111.2373201673695,1,0.0,LP
rolling_margin_mean14,val_august,validation,2025-08-28,12,2,margin,2,40304.86335876417,40304.86335876417,40304.86335876417,0.0,2317.9065162743505,856.5586691189209,738.9521664719618,1,0.0,LP
rolling_margin_mean14,val_august,validation,2025-08-28,18,3,margin,2,30989.815736513745,30989.815736513745,30989.815736513745,2.7010926666653177,0.0,1.988892708065638,1.9458674671958176,1,0.0,LP
rolling_margin_mean14,val_august,validation,2025-08-29,6,1,margin,2,20230.23629782706,20230.23629782706,20230.23629782706,1.1368683772161603e-13,1830.126494999999,651.4105425399996,817.3697661146459,1,0.0,MILP
rolling_margin_mean14,val_august,validation,2025-08-29,12,2,margin,2,25756.60638050446,25756.60638050446,25756.60638050446,907.7957681111127,3.410605131648481e-13,331.54141423091727,416.00441169719045,1,0.0,LP
rolling_margin_mean14,val_august,validation,2025-08-29,18,3,margin,2,21645.143908324655,21645.143908324655,21645.143908324655,1.9329297777776446,4.46460711111024,3.9866436380827097,4.370269378791779,1,0.0,LP
rolling_margin_mean14,val_august,validation,2025-08-30,6,1,margin,2,19466.232352649244,19466.232352649244,19466.232352649244,79.03228764555678,805.2843245514413,263.0104773610749,319.43016987042387,1,0.0,MILP
rolling_margin_mean14,val_august,validation,2025-08-30,12,2,margin,2,25180.227185970478,25180.227185970478,25180.227185970478,2.266212222223146,431.65028031222374,153.55431170129572,195.2657827374829,1,0.0,LP
rolling_margin_mean14,val_august,validation,2025-08-30,18,3,margin,2,21682.48229890876,21682.48229890876,21682.48229890876,0.0,21.408650999998883,13.50274617153257,14.598673918050403,1,0.0,LP
rolling_margin_mean14,val_august,validation,2025-08-31,6,1,margin,2,42616.410507435205,42616.410507435205,42616.410507435205,1033.625071264705,73.3311215061716,321.22290019134925,266.1320507884922,1,0.0,LP
rolling_margin_mean14,val_august,validation,2025-08-31,12,2,margin,2,39092.32517724097,39092.32517724097,39092.32517724097,0.6100566666663099,2122.9409277160507,803.4818921835788,697.2788125319471,1,0.0,LP
rolling_margin_mean14,val_august,validation,2025-08-31,18,3,margin,2,31080.747404285885,31080.747404285885,31080.747404285885,9.403753963334111,0.0,7.762798896732309,7.423894320860864,1,0.0,LP
rolling_margin_mean14,eval_september,evaluation,2025-09-10,6,1,margin,2,39850.58684307872,39850.58684307872,39850.58684307872,0.4214406211064272,5331.784459163806,1604.1994102610984,1364.140675893918,1,0.0,LP
rolling_margin_mean14,eval_september,evaluation,2025-09-10,12,2,margin,2,37057.741517652306,37057.741517652306,37057.741517652306,2095.228718229028,0.0,742.9676856621602,666.4182813522372,1,0.0,LP
rolling_margin_mean14,eval_september,evaluation,2025-09-10,18,3,margin,2,26850.55015910998,26850.55015910998,26850.55015910998,0.0,4.6574589999984255,3.070384309615635,3.0978554262549003,1,0.0,LP
rolling_margin_mean14,eval_september,evaluation,2025-09-11,6,1,margin,2,38561.23923341081,38561.23923341081,38561.23923341081,61.99728366666841,9784.045338271608,2485.653915770448,2339.8513878903677,1,0.0,LP
rolling_margin_mean14,eval_september,evaluation,2025-09-11,12,2,margin,2,33882.86572527381,33882.86572527381,33882.86572527381,50.05122344444317,1112.75697135391,267.9989320979669,267.4159607239916,1,0.0,MILP
rolling_margin_mean14,eval_september,evaluation,2025-09-11,18,3,margin,2,26581.52381712561,26581.52381712561,26581.52381712561,2.9688763333333554,0.0,1.9683102561000143,1.9543456391773963,1,0.0,LP
rolling_margin_mean14,eval_september,evaluation,2025-09-12,6,1,margin,2,18011.194335013206,18011.194335013206,18011.194335013206,2.6147972675971687e-12,684.0777155555576,222.86340690456848,292.59723561564374,1,0.0,MILP
rolling_margin_mean14,eval_september,evaluation,2025-09-12,12,2,margin,2,22212.117621374487,22212.117621374487,22212.117621374487,825.4473377777772,2.6147972675971687e-12,262.8061145924231,345.9611971342255,1,0.0,LP
rolling_margin_mean14,eval_september,evaluation,2025-09-12,18,3,keep_previous,2,18031.808723245776,18031.808723245776,18031.808723245776,0.0,0.0,0.0,0.0,0,0.0,LP
rolling_margin_mean14,eval_september,evaluation,2025-09-13,6,1,margin,2,18066.62529856308,18066.62529856308,18066.62529856308,1.1368683772161603e-13,170.4799289382686,67.07603514767624,83.90948856025189,1,0.0,MILP
rolling_margin_mean14,eval_september,evaluation,2025-09-13,12,2,margin,2,21602.124002734072,21602.124002734072,21602.124002734072,184.27160393827023,1.1368683772161603e-13,64.40680464287752,79.25386493073745,1,0.0,LP
rolling_margin_mean14,eval_september,evaluation,2025-09-13,18,3,margin,2,17970.548361755595,17970.548361755595,17970.548361755595,3.9680139999980497,0.0,2.2450986321989115,2.538440692403512,1,0.0,LP
rolling_margin_mean14,eval_september,evaluation,2025-09-14,6,1,margin,2,40718.89420333773,40718.89420333773,40718.89420333773,0.0,7207.425527053495,2380.693177862171,2130.5343798156255,1,0.0,LP
rolling_margin_mean14,eval_september,evaluation,2025-09-14,12,2,margin,2,35565.90144138892,35565.90144138892,35565.90144138892,155.7805218724248,1419.4281508120755,388.1958226201345,282.51269990665,1,0.0,LP
rolling_margin_mean14,eval_september,evaluation,2025-09-14,18,3,margin,2,25739.73525915063,25739.73525915063,25739.73525915063,9.293998111110568,0.0,6.1031139502885186,5.956196825723454,1,0.0,LP
rolling_margin_mean14,eval_september,evaluation,2025-09-15,6,1,margin,2,34460.23482403332,34460.23482403332,34460.23482403332,900.9784753500018,2.2737367544323206e-13,268.2415973334504,246.390974103397,1,0.0,LP
rolling_margin_mean14,eval_september,evaluation,2025-09-15,12,2,margin,2,32440.532001647596,32440.532001647596,32440.532001647596,64.40616335666192,434.14925828806304,93.72661335775445,86.35006187055791,1,0.0,MILP
rolling_margin_mean14,eval_september,evaluation,2025-09-15,18,3,keep_previous,2,24496.379364958226,24496.379364958226,24496.379364958226,0.0,0.0,0.0,0.0,0,0.0,LP
rolling_margin_mean14,eval_september,evaluation,2025-09-16,6,1,margin,2,39041.856985913524,39041.856985913524,39041.856985913524,135.1037880777833,5070.597091589765,1817.1146171987066,1529.6351996678375,1,0.0,LP
rolling_margin_mean14,eval_september,evaluation,2025-09-16,12,2,margin,2,34479.37179183211,34479.37179183211,34479.37179183211,2.5417507388910963,3677.086786722909,940.2302954602476,725.4958824406519,1,0.0,MILP
rolling_margin_mean14,eval_september,evaluation,2025-09-16,18,3,keep_previous,2,24644.588840158307,24644.588840158307,24644.588840158307,0.0,0.0,0.0,0.0,0,0.0,LP
rolling_margin_mean14,eval_september,evaluation,2025-09-17,6,1,margin,2,38198.17044806681,38198.17044806681,38198.17044806681,0.0,2714.0596554883327,875.6453671100294,786.1226193457895,1,0.0,LP
rolling_margin_mean14,eval_september,evaluation,2025-09-17,12,2,margin,2,33054.660523500985,33054.660523500985,33054.660523500985,3.583045999999399,1642.539045524008,606.389873461573,550.004078745514,1,0.0,LP
rolling_margin_mean14,eval_september,evaluation,2025-09-17,18,3,margin,2,24579.32728053417,24579.32728053417,24579.32728053417,5.986805333333791,0.0,3.9373261415114102,3.8165229303368005,1,0.0,LP
rolling_margin_mean14,eval_september,evaluation,2025-09-18,6,1,margin,2,40467.85097048159,40467.85097048159,40467.85097048159,8585.438486599336,0.0,2227.2977868431717,1909.5549175940905,1,0.0,LP
rolling_margin_mean14,eval_september,evaluation,2025-09-18,12,2,margin,2,34342.72479259178,34342.72479259178,34342.72479259178,0.0,3904.9830093133305,1055.3543354874555,893.6036294313508,1,0.0,LP
rolling_margin_mean14,eval_september,evaluation,2025-09-18,18,3,margin,2,24552.248715588477,24552.248715588477,24552.248715588477,4.164468166667234,0.0,2.7700788488503814,2.657854591099165,1,0.0,LP
rolling_margin_mean14,eval_september,evaluation,2025-09-19,6,1,margin,2,16990.854232034944,16990.854232034944,16990.854232034944,332.33017168666527,3.410605131648481e-13,104.51346159723643,133.08542004808075,1,0.0,MILP
rolling_margin_mean14,eval_september,evaluation,2025-09-19,12,2,margin,2,20542.085941320114,20542.085941320114,20542.085941320114,0.0,765.238294797778,251.7349546464037,318.2790078266537,1,0.0,LP
rolling_margin_mean14,eval_september,evaluation,2025-09-19,18,3,keep_previous,2,16773.70074896584,16773.70074896584,16773.70074896584,0.0,0.0,0.0,0.0,0,0.0,LP
rolling_margin_mean14,eval_september,evaluation,2025-09-20,6,1,margin,2,16817.253186717055,16817.253186717055,16817.253186717055,2.2737367544323206e-13,342.0356136666652,116.24922874069928,144.07130375378375,1,0.0,MILP
rolling_margin_mean14,eval_september,evaluation,2025-09-20,12,2,margin,2,20272.921155718468,20272.921155718468,20272.921155718468,12.720784999998727,362.88188888888936,131.1997404857217,162.52745416130307,1,0.0,LP
rolling_margin_mean14,eval_september,evaluation,2025-09-20,18,3,keep_previous,2,16759.997988106465,16759.997988106465,16759.997988106465,0.0,0.0,0.0,0.0,0,0.0,LP
rolling_margin_mean14,eval_september,evaluation,2025-09-21,6,1,margin,2,38071.703627564115,38071.703627564115,38071.703627564115,67.34065833333307,1083.2751416019285,431.84359026889626,402.6135324538029,1,0.0,LP
rolling_margin_mean14,eval_september,evaluation,2025-09-21,12,2,margin,2,34776.877820177135,34776.877820177135,34776.877820177135,4.547473508864641e-13,2767.6082557119344,657.8213364678771,533.8330008707046,1,0.0,MILP
rolling_margin_mean14,eval_september,evaluation,2025-09-21,18,3,keep_previous,2,24734.1982923065,24734.1982923065,24734.1982923065,0.0,0.0,0.0,0.0,0,0.0,LP
rolling_margin_mean14,eval_september,evaluation,2025-09-22,6,1,margin,2,37645.46858429686,37645.46858429686,37645.46858429686,0.0,7842.435856699597,2408.6941661497835,2057.5813744375305,1,0.0,LP
rolling_margin_mean14,eval_september,evaluation,2025-09-22,12,2,margin,2,31897.69864289161,31897.69864289161,31897.69864289161,0.0,283.6622211330588,147.53420256765918,129.0159403878278,1,0.0,LP
rolling_margin_mean14,eval_september,evaluation,2025-09-22,18,3,keep_previous,2,23721.385982857926,23721.385982857926,23721.385982857926,0.0,0.0,0.0,0.0,0,0.0,LP
rolling_margin_mean14,eval_september,evaluation,2025-09-23,6,1,margin,2,37901.91880441693,37901.91880441693,37901.91880441693,0.0,2981.8791666845004,941.7388766133263,811.0096990838083,1,0.0,LP
rolling_margin_mean14,eval_september,evaluation,2025-09-23,12,2,margin,2,32765.81175972274,32765.81175972274,32765.81175972274,0.0,1358.3818778984923,397.62355898960146,340.6634863062362,1,0.0,LP
rolling_margin_mean14,eval_september,evaluation,2025-09-23,18,3,keep_previous,2,23899.71927629637,23899.71927629637,23899.71927629637,0.0,0.0,0.0,0.0,0,0.0,LP
rolling_margin_mean14,eval_december,evaluation,2025-12-08,6,1,margin,2,60530.98042255315,60530.98042255315,60530.98042255315,503.9337048233306,813.4330783059063,692.2673127721694,597.3348458230366,1,0.0,LP
rolling_margin_mean14,eval_december,evaluation,2025-12-08,12,2,margin,2,40505.27014305699,40505.27014305699,40505.27014305699,0.0,3573.367721502338,1541.2951091708833,1350.9274742589455,1,0.0,LP
rolling_margin_mean14,eval_december,evaluation,2025-12-08,18,3,margin,1,19519.788071980533,19519.788071980533,19519.788071980533,0.0,0.0,0.0,0.0,0,0.0,LP
rolling_margin_mean14,eval_december,evaluation,2025-12-09,6,1,margin,2,58417.28051612343,58417.28051612343,58417.28051612343,178.98551770777647,4276.974337087279,2102.3278102471613,1873.3316358731963,1,0.0,LP
rolling_margin_mean14,eval_december,evaluation,2025-12-09,12,2,margin,2,38920.291154864906,38920.291154864906,38920.291154864906,0.0,347.2963867590388,159.3623541982331,148.46928226496487,1,0.0,LP
rolling_margin_mean14,eval_december,evaluation,2025-12-09,18,3,margin,2,19660.373894752374,19660.373894752374,19660.373894752374,29.749082048887942,0.0,20.305235952468465,18.710472661204868,1,0.0,LP
rolling_margin_mean14,eval_december,evaluation,2025-12-10,6,1,margin,2,59740.938000626884,59740.938000626884,59740.938000626884,2452.784112179699,185.8144325555561,1178.111048628803,1025.9019449692612,1,0.0,LP
rolling_margin_mean14,eval_december,evaluation,2025-12-10,12,2,margin,2,40470.065381369786,40470.065381369786,40470.065381369786,0.0,1467.6844683964332,733.2343075765573,641.1596500130124,1,0.0,LP
rolling_margin_mean14,eval_december,evaluation,2025-12-10,18,3,margin,1,19527.704222213048,19527.704222213048,19527.704222213048,0.0,0.0,0.0,0.0,0,0.0,LP
rolling_margin_mean14,eval_december,evaluation,2025-12-11,6,1,margin,2,58419.05744156285,58419.05744156285,58419.05744156285,4.463195222222339,4339.851283886145,1982.7414920548158,1833.774873802429,1,0.0,LP
rolling_margin_mean14,eval_december,evaluation,2025-12-11,12,2,margin,2,38149.265958243,38149.265958243,38149.265958243,67.7280157322208,590.8287833648798,298.8207027261856,271.0788777729813,1,0.0,LP
rolling_margin_mean14,eval_december,evaluation,2025-12-11,18,3,margin,1,19661.619929298286,19661.619929298286,19661.619929298286,0.0,0.0,0.0,0.0,0,0.0,LP
rolling_margin_mean14,eval_december,evaluation,2025-12-12,6,1,margin,2,24336.920039556288,24336.920039556288,24336.920039556288,1423.283529418341,0.0,392.1384289156739,486.1183299678209,1,0.0,LP
rolling_margin_mean14,eval_december,evaluation,2025-12-12,12,2,margin,2,18125.954729841946,18125.954729841946,18125.954729841946,315.0784497428223,1726.5432263621371,553.7599578640765,643.4561133799028,1,0.0,LP
rolling_margin_mean14,eval_december,evaluation,2025-12-12,18,3,keep_previous,2,12120.00727642843,12120.00727642843,12120.00727642843,0.0,0.0,0.0,0.0,0,0.0,LP
rolling_margin_mean14,eval_december,evaluation,2025-12-13,6,1,margin,2,25423.436143638395,25423.436143638395,25423.436143638395,1664.0252172805897,1824.9695488288912,1121.897911186833,1374.183841753977,1,0.0,LP
rolling_margin_mean14,eval_december,evaluation,2025-12-13,12,2,margin,2,18130.184565292715,18130.184565292715,18130.184565292715,2.4152653333335365,1528.6808547030864,471.0616215096336,593.1329626441068,1,0.0,LP
rolling_margin_mean14,eval_december,evaluation,2025-12-13,18,3,keep_previous,2,12307.255166346018,12307.255166346018,12307.255166346018,0.0,0.0,0.0,0.0,0,0.0,LP
rolling_margin_mean14,eval_december,evaluation,2025-12-14,6,1,margin,2,60387.519158027964,60387.519158027964,60387.519158027964,2498.1147262318204,32.473683111111086,1204.6600308039183,1063.471784188823,1,0.0,LP
rolling_margin_mean14,eval_december,evaluation,2025-12-14,12,2,margin,2,40633.47276848713,40633.47276848713,40633.47276848713,272.6421322784664,0.0,123.2257038820886,111.30816523012015,1,0.0,LP
rolling_margin_mean14,eval_december,evaluation,2025-12-14,18,3,margin,1,20024.267105787574,20024.267105787574,20024.267105787574,0.0,0.0,0.0,0.0,0,0.0,LP
rolling_margin_mean14,eval_december,evaluation,2025-12-15,6,1,margin,2,63456.67123584137,63456.67123584137,63456.67123584137,3783.6225201920383,0.0,1834.5908373732482,1644.7229485920016,1,0.0,LP
rolling_margin_mean14,eval_december,evaluation,2025-12-15,12,2,margin,2,40631.82691709526,40631.82691709526,40631.82691709526,1.2478513333328465,1379.3630756447158,677.098799815258,610.9672596872623,1,0.0,LP
rolling_margin_mean14,eval_december,evaluation,2025-12-15,18,3,margin,1,20074.262096172042,20074.262096172042,20074.262096172042,0.0,0.0,0.0,0.0,0,0.0,LP
rolling_margin_mean14,eval_december,evaluation,2025-12-16,6,1,margin,2,62417.552688258496,62417.552688258496,62417.552688258496,0.0,2819.403350814818,1398.1425305549697,1288.403336956747,1,0.0,LP
rolling_margin_mean14,eval_december,evaluation,2025-12-16,12,2,margin,2,40213.035318605136,40213.035318605136,40213.035318605136,2.3600000000003547,709.8081163813392,331.129761929377,312.95707416444685,1,0.0,LP
rolling_margin_mean14,eval_december,evaluation,2025-12-16,18,3,margin,1,20127.93949907302,20127.93949907302,20127.93949907302,0.0,0.0,0.0,0.0,0,0.0,LP
rolling_margin_mean14,eval_december,evaluation,2025-12-17,6,1,margin,2,61395.11853374845,61395.11853374845,61395.11853374845,0.0,5284.956066732515,2606.8917707810024,2381.462382536354,1,0.0,LP
rolling_margin_mean14,eval_december,evaluation,2025-12-17,12,2,margin,2,39653.179114674334,39653.179114674334,39653.179114674334,73.84567098888942,418.6511548052159,248.36995557362735,232.5074976314309,1,0.0,LP
rolling_margin_mean14,eval_december,evaluation,2025-12-17,18,3,margin,1,19912.442631460795,19912.442631460795,19912.442631460795,0.0,0.0,0.0,0.0,0,0.0,LP
rolling_margin_mean14,eval_december,evaluation,2025-12-18,6,1,margin,2,61479.81057421814,61479.81057421814,61479.81057421814,947.5735925870979,144.6487905555565,507.61342955914165,476.3317592946579,1,0.0,LP
rolling_margin_mean14,eval_december,evaluation,2025-12-18,12,2,margin,2,40044.83849488566,40044.83849488566,40044.83849488566,0.15534133333335376,1872.1647126543144,854.4395557664371,819.1403018665401,1,0.0,LP
rolling_margin_mean14,eval_december,evaluation,2025-12-18,18,3,margin,1,19923.97285911333,19923.97285911333,19923.97285911333,0.0,0.0,0.0,0.0,0,0.0,LP
rolling_margin_mean14,eval_december,evaluation,2025-12-19,6,1,margin,2,25086.979705706,25086.979705706,25086.979705706,1981.7375725349657,0.0,464.9826213473052,626.7262806745606,1,0.0,LP
rolling_margin_mean14,eval_december,evaluation,2025-12-19,12,2,margin,2,18540.977941655285,18540.977941655285,18540.977941655285,5.115907697472721e-13,2897.0295398449857,708.1673091998314,953.0152184130618,1,0.0,LP
rolling_margin_mean14,eval_december,evaluation,2025-12-19,18,3,keep_previous,2,12296.245681772163,12296.245681772163,12296.245681772163,0.0,0.0,0.0,0.0,0,0.0,LP
rolling_margin_mean14,eval_december,evaluation,2025-12-20,6,1,margin,2,24450.865577652217,24450.865577652217,24450.865577652217,0.0,2870.0374985130325,845.6892561857126,1128.2205278045458,1,0.0,LP
rolling_margin_mean14,eval_december,evaluation,2025-12-20,12,2,margin,2,17698.25601651385,17698.25601651385,17698.25601651385,110.29676016323754,1228.7926166625484,287.00128140774325,420.8681174474376,1,0.0,LP
rolling_margin_mean14,eval_december,evaluation,2025-12-20,18,3,keep_previous,2,12470.378025480426,12470.378025480426,12470.378025480426,0.0,0.0,0.0,0.0,0,0.0,LP
rolling_margin_mean14,eval_december,evaluation,2025-12-21,6,1,margin,2,61328.10634551782,61328.10634551782,61328.10634551782,9.202419526668791,2820.7758935459556,1310.3937187519891,1191.9607032581598,1,0.0,LP
rolling_margin_mean14,eval_december,evaluation,2025-12-21,12,2,margin,2,41556.481533466205,41556.481533466205,41556.481533466205,1281.239573632467,0.0,566.2547822017682,521.761914285464,1,0.0,LP
rolling_margin_mean14,eval_december,evaluation,2025-12-21,18,3,margin,1,20103.12931021051,20103.12931021051,20103.12931021051,0.0,0.0,0.0,0.0,0,0.0,LP
rolling_scenario_mean14,dev_march,development,2025-03-07,6,1,margin,11,12365.021891856977,12329.832399419261,12470.590369170128,5.684341886080802e-14,1072.046259694099,322.6535793772281,429.6179322943416,1,0.0,MILP
rolling_scenario_mean14,dev_march,development,2025-03-07,12,2,margin,11,14723.400412270814,14689.583895847392,14824.849961541076,3.2888428888876433,94.5612168888913,32.52026554685034,43.13034296594293,1,0.0,LP
rolling_scenario_mean14,dev_march,development,2025-03-07,18,3,keep_previous,11,11065.469723544627,11048.771927057449,11115.563113006165,0.0,0.0,0.0,0.0,0,0.0,LP
rolling_scenario_mean14,dev_march,development,2025-03-08,6,1,margin,11,10868.087797329506,10835.834263407241,10964.8483990963,1.1368683772161603e-13,32.195231936902246,11.222654510221288,15.505687388833376,1,0.0,MILP
rolling_scenario_mean14,dev_march,development,2025-03-08,12,2,keep_previous,11,14521.967801072995,14492.044681692509,14611.737159214452,0.0,0.0,0.0,0.0,0,0.0,LP
rolling_scenario_mean14,dev_march,development,2025-03-08,18,3,keep_previous,11,11123.033498210218,11109.683980770078,11163.082050530636,0.0,0.0,0.0,0.0,0,0.0,LP
rolling_scenario_mean14,dev_march,development,2025-03-09,6,1,margin,11,36840.83981314288,36826.98740965206,36882.39702361534,0.0,7557.581935900547,2541.6062288933454,2418.809530945669,1,0.0,LP
rolling_scenario_mean14,dev_march,development,2025-03-09,12,2,margin,11,28863.422551711617,28850.38371222052,28902.539070184917,1584.3497356107573,1424.7821063840868,933.847002736496,916.2213950598507,1,0.0,LP+MILP
rolling_scenario_mean14,dev_march,development,2025-03-09,18,3,margin,10,18373.15060745015,18359.959137994134,18412.72501581819,0.0,0.0,0.0,0.0,0,0.0,LP
rolling_scenario_mean14,dev_march,development,2025-03-10,6,1,margin,11,38360.17006659668,38338.14467079134,38426.24625401267,1255.81448528978,36.794494222222056,513.7534288993545,497.68404981569813,1,0.0,LP
rolling_scenario_mean14,dev_march,development,2025-03-10,12,2,margin,11,29345.023529304177,29326.112998143246,29401.755122786974,5.481202192222895,1067.3306743676217,401.51522335290707,331.30364858478674,1,0.0,LP
rolling_scenario_mean14,dev_march,development,2025-03-10,18,3,margin,10,18432.847739182835,18412.001766233712,18495.38565803021,0.0,0.0,0.0,0.0,0,0.0,LP
rolling_scenario_mean14,dev_march,development,2025-03-11,6,1,residual_6,11,40903.05308021206,39967.929550067805,43708.42367064484,8004.462849079886,248.22855424691375,2693.237325910461,2407.1052171383462,1,0.0,LP
rolling_scenario_mean14,dev_march,development,2025-03-11,12,2,margin,11,29736.561203618592,29709.751294910693,29816.990929742282,248.22855424691397,2763.795868538041,1193.1663725750632,1073.5569414316426,1,0.0,LP
rolling_scenario_mean14,dev_march,development,2025-03-11,18,3,margin,10,18401.949689437755,18373.871444840144,18486.184423230592,0.0,2.2737367544323206e-13,1.1099245966761372e-13,1.0878287477161004e-13,0,0.0,LP
rolling_scenario_mean14,dev_march,development,2025-03-12,6,1,margin,11,37466.8152826165,37253.82008201629,38105.800884417156,776.8505338600012,10992.125900430512,4101.500215664586,3886.9646591620676,1,0.0,LP
rolling_scenario_mean14,dev_march,development,2025-03-12,12,2,margin,11,28930.24688663295,28902.315216369214,29014.04189742417,1155.9065150285176,869.1623721714641,709.7951006700916,648.8163854809242,1,0.0,LP
rolling_scenario_mean14,dev_march,development,2025-03-12,18,3,margin,10,18447.48271902436,18417.587721108095,18537.167712773145,0.0,1.1368683772161603e-13,5.250626600172836e-14,5.097839610763393e-14,0,0.0,LP
rolling_scenario_mean14,dev_march,development,2025-03-13,6,1,margin,11,41822.63723010446,41399.90404800332,43090.83677640787,2535.1323514867827,3826.691065934449,2567.7985087967304,2275.199925797816,1,0.0,LP
rolling_scenario_mean14,dev_march,development,2025-03-13,12,2,margin,11,30166.68424794581,30132.666058845403,30268.738815247027,1.1368683772161603e-13,2570.3438861207096,942.6071213464379,831.9019442836056,1,0.0,LP
rolling_scenario_mean14,dev_march,development,2025-03-13,18,3,margin,10,18333.139437178204,18296.815110807078,18442.11241629158,0.0,1.1368683772161603e-13,5.189804141991772e-14,5.1440451898088215e-14,0,0.0,LP
rolling_scenario_mean14,dev_march,development,2025-03-14,6,1,margin,11,11637.075293997546,11582.375242718072,11801.175447835967,1028.2076696666704,1.1368683772161603e-13,334.5582047999292,433.95667079850654,1,0.0,MILP
rolling_scenario_mean14,dev_march,development,2025-03-14,12,2,margin,11,14671.286215255612,14610.72279194162,14852.976485197589,0.0,618.3738718888887,196.3131487059057,253.3436860324648,1,0.0,LP
rolling_scenario_mean14,dev_march,development,2025-03-14,18,3,keep_previous,11,11099.471535591983,11038.46901713226,11282.479090971152,0.0,0.0,0.0,0.0,0,0.0,LP
rolling_scenario_mean14,dev_march,development,2025-03-15,6,1,margin,11,11261.254676031796,11203.6968251779,11433.928228593484,1081.6733723333318,5.684341886080802e-14,335.4448482250109,461.79293534762576,1,0.0,MILP
rolling_scenario_mean14,dev_march,development,2025-03-15,12,2,margin,11,13354.62619364243,13291.592202518294,13543.728167014842,7.389644451905042e-13,623.8742347777812,185.22126768034653,258.3596745570301,1,0.0,MILP
rolling_scenario_mean14,dev_march,development,2025-03-15,18,3,keep_previous,11,11173.124325242625,11111.01763609146,11359.44439269612,0.0,0.0,0.0,0.0,0,0.0,LP
rolling_scenario_mean14,dev_march,development,2025-03-16,6,1,margin,11,39398.21946916538,39071.878913926,40377.241134883516,1592.75285292667,777.8198675666629,955.6776601973497,906.3604378038415,1,0.0,LP
rolling_scenario_mean14,dev_march,development,2025-03-16,12,2,margin,11,30490.339865709873,30421.982490131708,30695.411992444377,0.0,4782.908057359256,1761.3999634345723,1586.8634691977538,1,0.0,LP
rolling_scenario_mean14,dev_march,development,2025-03-16,18,3,margin,10,18554.12589905856,18482.190248323604,18769.932851263424,0.0,0.0,0.0,0.0,0,0.0,LP
rolling_scenario_mean14,dev_march,development,2025-03-17,6,1,margin,11,31556.54850577552,31494.03343371247,31744.093721964684,11.480173222222675,6421.206827115595,1724.2638359515165,1740.191756520144,1,0.0,LP+MILP
rolling_scenario_mean14,dev_march,development,2025-03-17,12,2,residual_1,11,26763.359886232305,26597.849976429847,27259.889615639673,267.3764662488573,326.73562892181144,176.06835978911,170.73785243157016,1,0.0,LP
rolling_scenario_mean14,dev_march,development,2025-03-17,18,3,margin,11,19109.13604460603,19038.40199876642,19321.338182124862,731.8975471273636,0.0,347.76403287350144,344.3871216621972,1,0.0,LP
rolling_scenario_mean14,dev_march,development,2025-03-18,6,1,margin,11,39163.24106020299,38812.89782139638,40214.27077662283,561.4160863633334,5258.6130712880195,2175.400562074492,2033.602608174853,1,0.0,LP
rolling_scenario_mean14,dev_march,development,2025-03-18,12,2,margin,11,28779.072196500263,28708.93464289796,28989.484857307172,0.0,5470.401898360595,1734.1705267318814,1617.9929190375692,1,0.0,LP+MILP
rolling_scenario_mean14,dev_march,development,2025-03-18,18,3,keep_previous,11,18750.376909728162,18673.50190201662,18981.001932862786,0.0,0.0,0.0,0.0,0,0.0,LP
rolling_scenario_mean14,dev_march,development,2025-03-19,6,1,margin,11,36979.497893528714,36453.14801423747,38558.547531402444,5410.92204371056,0.0,1774.5036127948667,1706.3586820201058,1,0.0,LP
rolling_scenario_mean14,dev_march,development,2025-03-19,12,2,margin,11,28002.444895771332,27929.756217981758,28220.51092914005,0.0,2894.1840856213953,1015.3467619750162,960.4818421902573,1,0.0,LP
rolling_scenario_mean14,dev_march,development,2025-03-19,18,3,keep_previous,11,18877.813471171394,18798.45342752755,19115.893602102922,0.0,0.0,0.0,0.0,0,0.0,LP
rolling_scenario_mean14,dev_march,development,2025-03-20,6,1,margin,11,34542.90638184321,34330.67604512505,35179.5973919977,506.0049395555567,7251.394090700963,2753.971328398193,2538.1276849670876,1,0.0,LP+MILP
rolling_scenario_mean14,dev_march,development,2025-03-20,12,2,residual_0,11,26818.001299120257,26645.649653651304,27335.056235527118,393.6550210109781,250.266762436213,202.91012182193953,183.76185532857508,1,0.0,LP
rolling_scenario_mean14,dev_march,development,2025-03-20,18,3,margin,11,19552.413778331218,19468.524667843158,19804.081109795392,976.8176878795464,0.0,549.0941309957271,537.016000117855,1,0.0,LP
rolling_scenario_mean14,dev_april,development,2025-04-17,6,1,residual_5,11,28838.95911972484,28633.271515166714,29456.02193339922,3653.529581890102,402.3493704197536,947.6542196294309,833.2939747761642,1,0.0,LP
rolling_scenario_mean14,dev_april,development,2025-04-17,12,2,margin,11,24796.216192281736,24766.223919788736,24886.193009760733,361.24918390308716,3319.7426817462306,948.9571356684019,903.8402596606277,1,0.0,LP+MILP
rolling_scenario_mean14,dev_april,development,2025-04-17,18,3,keep_previous,11,18417.67551880883,18386.492903891034,18511.223363562214,0.0,0.0,0.0,0.0,0,0.0,LP
rolling_scenario_mean14,dev_april,development,2025-04-18,6,1,margin,11,6542.818994454188,6494.683900813509,6687.224275376225,1.1368683772161603e-13,326.9757001111053,108.78822812994781,147.18072227379014,1,0.0,MILP
rolling_scenario_mean14,dev_april,development,2025-04-18,12,2,keep_previous,11,12020.965926348721,11960.240744666604,12203.141471395073,0.0,0.0,0.0,0.0,0,0.0,LP
rolling_scenario_mean14,dev_april,development,2025-04-18,18,3,keep_previous,11,10912.065501686844,10875.102732858371,11022.953808172264,0.0,0.0,0.0,0.0,0,0.0,LP
rolling_scenario_mean14,dev_april,development,2025-04-19,6,1,keep_previous,11,6523.3570595185065,6491.486496624267,6618.968748201225,0.0,0.0,0.0,0.0,0,0.0,MILP
rolling_scenario_mean14,dev_april,development,2025-04-19,12,2,residual_0,11,12489.746199288293,12313.782336689916,13017.637787083428,223.7734007777717,98.13800498353902,94.01606333579481,126.39770344615542,1,0.0,LP
rolling_scenario_mean14,dev_april,development,2025-04-19,18,3,keep_previous,11,11023.514363984554,10986.405908427278,11134.839730656382,0.0,0.0,0.0,0.0,0,0.0,LP
rolling_scenario_mean14,dev_april,development,2025-04-20,6,1,margin,11,26330.380570185247,26289.611093996235,26452.688998752285,380.2623536104156,241.0383756666679,144.42264206459336,120.3755920745443,1,0.0,LP+MILP
rolling_scenario_mean14,dev_april,development,2025-04-20,12,2,margin,11,23764.425450603434,23731.027582659946,23864.61905443389,74.16000687222413,1117.457093270224,306.4179816570142,247.51252996377988,1,0.0,LP+MILP
rolling_scenario_mean14,dev_april,development,2025-04-20,18,3,keep_previous,11,18170.917502547272,18132.72141104172,18285.505777063925,0.0,0.0,0.0,0.0,0,0.0,LP
rolling_scenario_mean14,dev_april,development,2025-04-21,6,1,margin,11,25721.01585260433,25631.113704004438,25990.722298404,5.684341886080801e-13,8750.822024611803,2241.0802696728506,2162.6866034122313,1,0.0,MILP
rolling_scenario_mean14,dev_april,development,2025-04-21,12,2,keep_previous,11,21603.01524278902,21558.509796919618,21736.531580397233,0.0,0.0,0.0,0.0,0,0.0,MILP
rolling_scenario_mean14,dev_april,development,2025-04-21,18,3,keep_previous,11,18016.72912231676,17978.42249913681,18131.648991856604,0.0,0.0,0.0,0.0,0,0.0,LP
rolling_scenario_mean14,dev_april,development,2025-04-22,6,1,margin,11,28293.550199046047,28204.7365016916,28559.99129110938,5024.515819722894,0.0,1452.5403184329573,1245.0469840538476,1,0.0,LP+MILP
rolling_scenario_mean14,dev_april,development,2025-04-22,12,2,margin,11,24274.21940794008,24219.169864716565,24439.36803761062,6.821210263296962e-13,3882.772370864192,1075.074920978339,913.4425314009898,1,0.0,LP+MILP
rolling_scenario_mean14,dev_april,development,2025-04-22,18,3,keep_previous,11,18210.445475654495,18147.882131353163,18398.135508558484,0.0,0.0,0.0,0.0,0,0.0,LP
rolling_scenario_mean14,dev_april,development,2025-04-23,6,1,margin,11,26073.99751421874,25707.99561363351,27172.003215974422,2591.811906351106,0.0,748.4717407177365,624.3254742518236,1,0.0,LP
rolling_scenario_mean14,dev_april,development,2025-04-23,12,2,margin,11,23124.655276389072,23068.590214177893,23292.85046302261,0.0,1298.7225353271833,364.34646818611566,318.36822119014687,1,0.0,LP
rolling_scenario_mean14,dev_april,development,2025-04-23,18,3,keep_previous,11,18152.738675353317,18088.96871231818,18344.048564458728,0.0,0.0,0.0,0.0,0,0.0,LP
rolling_scenario_mean14,dev_april,development,2025-04-24,6,1,margin,11,24952.491490503566,24696.286385379164,25721.10680587677,125.51153779000225,3877.5640573991836,904.9842195137622,791.4048115531893,1,0.0,MILP
rolling_scenario_mean14,dev_april,development,2025-04-24,12,2,keep_previous,11,22618.069624246695,22459.15479617643,23094.814108457496,0.0,0.0,0.0,0.0,0,0.0,MILP
rolling_scenario_mean14,dev_april,development,2025-04-24,18,3,keep_previous,11,18178.110836112788,18123.580723266696,18341.70117465106,0.0,0.0,0.0,0.0,0,0.0,LP
rolling_scenario_mean14,dev_april,development,2025-04-25,6,1,margin,11,6497.193134837232,6429.700225308176,6699.671863424398,69.51500855555798,125.58761555556026,66.07985543630247,84.09956333678605,1,0.0,MILP
rolling_scenario_mean14,dev_april,development,2025-04-25,12,2,margin,11,11612.679794390953,11542.248098333426,11823.974882563536,0.0,653.0817260000003,215.11767849177838,281.19734881081393,1,0.0,LP+MILP
rolling_scenario_mean14,dev_april,development,2025-04-25,18,3,keep_previous,11,10775.591642129792,10702.869159553022,10993.759089860097,0.0,0.0,0.0,0.0,0,0.0,LP
rolling_scenario_mean14,dev_april,development,2025-04-26,6,1,margin,11,6180.671693784204,6116.489142157154,6373.219348665355,4.831690603168681e-13,160.21169433333947,55.6053695267253,71.44054948850811,1,0.0,MILP
rolling_scenario_mean14,dev_april,development,2025-04-26,12,2,keep_previous,11,11794.093051799191,11718.666359217548,12020.373129544121,0.0,0.0,0.0,0.0,0,0.0,LP
rolling_scenario_mean14,dev_april,development,2025-04-26,18,3,keep_previous,11,10877.075660649121,10811.297011425275,11074.411608320663,0.0,0.0,0.0,0.0,0,0.0,LP
rolling_scenario_mean14,dev_april,development,2025-04-27,6,1,margin,11,25781.470668232025,25546.39976581734,26486.683375476074,845.190796003337,361.2251566117926,454.5579700730162,422.4264535204853,1,0.0,LP
rolling_scenario_mean14,dev_april,development,2025-04-27,12,2,margin,11,23486.305824545714,23438.817446007866,23628.77096015926,26.137864164444636,2856.434559000003,645.0868612415967,634.6127458674669,1,0.0,MILP
rolling_scenario_mean14,dev_april,development,2025-04-27,18,3,margin,11,18512.003647871592,18460.106985780163,18667.693634145875,412.1737210022243,4.547473508864641e-13,257.46573765464524,251.67914052415713,1,0.0,LP
rolling_scenario_mean14,dev_april,development,2025-04-28,6,1,margin,11,29869.676576276,29826.492926632563,29999.22752520631,76.176079000002,1084.5352478106952,390.11168799828124,319.0015491600251,1,0.0,LP
rolling_scenario_mean14,dev_april,development,2025-04-28,12,2,margin,11,25071.314208447646,25034.059244837037,25183.079099279475,0.2624255555583659,5082.647283628261,1480.531124555932,1160.7024448231361,1,0.0,LP+MILP
rolling_scenario_mean14,dev_april,development,2025-04-28,18,3,keep_previous,11,18122.47056195034,18079.294552914544,18251.99858905773,0.0,0.0,0.0,0.0,0,0.0,LP
rolling_scenario_mean14,dev_april,development,2025-04-29,6,1,margin,11,24992.28755999746,24945.78512134252,25131.79487596229,630.8857288888875,4750.663207152267,1328.9468562501984,1178.4213530170614,1,0.0,LP+MILP
rolling_scenario_mean14,dev_april,development,2025-04-29,12,2,margin,11,23633.116864155872,23601.95069842741,23726.61536134126,25.067385593332574,1626.849979799718,309.5056789104102,290.54505713381053,1,0.0,MILP
rolling_scenario_mean14,dev_april,development,2025-04-29,18,3,keep_previous,11,18364.85592496408,18326.6029009919,18479.61499688061,0.0,0.0,0.0,0.0,0,0.0,LP
rolling_scenario_mean14,dev_april,development,2025-04-30,6,1,margin,11,23363.922393428096,23299.11758654631,23558.336814073467,0.0,1848.6791775960905,609.376180048294,513.5263565165112,1,0.0,LP+MILP
rolling_scenario_mean14,dev_april,development,2025-04-30,12,2,margin,11,21207.594781672182,21168.419059017095,21325.12194963745,34.54667399999926,1755.4276803147372,549.8067698593363,495.7251509365352,1,0.0,LP+MILP
rolling_scenario_mean14,dev_april,development,2025-04-30,18,3,keep_previous,11,18198.93316934254,18151.880326977174,18340.09169643864,0.0,0.0,0.0,0.0,0,0.0,LP
rolling_scenario_mean14,val_june,validation,2025-06-08,6,1,residual_4,11,41740.818283489265,41474.685524115666,42539.21656161005,4493.296098973936,3190.0724260508605,2699.831291323238,2295.342934902007,1,0.0,LP
rolling_scenario_mean14,val_june,validation,2025-06-08,12,2,margin,11,36373.66661088388,36092.36345747582,37217.57607110808,497.70927577670693,3563.24307874212,1456.6616092205388,1223.556059240819,1,0.0,LP
rolling_scenario_mean14,val_june,validation,2025-06-08,18,3,keep_previous,11,25198.82577542775,24903.010188306907,26086.27253679029,0.0,0.0,0.0,0.0,0,0.0,LP
rolling_scenario_mean14,val_june,validation,2025-06-09,6,1,residual_3,11,43839.481774328306,43615.855677539344,44510.360064695196,12.115302000000042,4124.937820286238,1532.774230999242,1350.3877153599556,1,0.0,LP
rolling_scenario_mean14,val_june,validation,2025-06-09,12,2,margin,11,37844.54532961544,37613.18681419642,38538.62087587249,559.7215303895721,1070.6031810150957,771.8902664757593,678.5535265150115,1,0.0,LP
rolling_scenario_mean14,val_june,validation,2025-06-09,18,3,margin,11,25388.110956846565,25150.722354433266,26100.276764086462,0.0,58.432834333330675,39.008734045942646,36.77487444530941,1,0.0,LP
rolling_scenario_mean14,val_june,validation,2025-06-10,6,1,residual_2,11,43672.29313281672,43319.556025867176,44730.50445366536,3199.0601435415683,214.79393722222233,1205.6519816993434,1046.8956141658202,1,0.0,LP
rolling_scenario_mean14,val_june,validation,2025-06-10,12,2,keep_previous,11,37801.94294565865,37459.15758156339,38830.29903794442,0.0,0.0,0.0,0.0,0,0.0,LP
rolling_scenario_mean14,val_june,validation,2025-06-10,18,3,residual_0,11,25484.05529661092,25280.77653215927,26093.89158996587,250.00483033333262,74.70361277777795,179.83746172521103,171.53513056304993,1,0.0,LP
rolling_scenario_mean14,val_june,validation,2025-06-11,6,1,margin,11,48786.383784193575,48616.89122453488,49294.86146316966,4560.602529491797,484.010332938272,1904.7918196325797,1640.01969715071,1,0.0,LP
rolling_scenario_mean14,val_june,validation,2025-06-11,12,2,margin,11,39544.01399662711,39329.96176892181,40186.17067974301,30.739356374447652,1851.8862294142655,842.2030850058889,745.1638743761084,1,0.0,LP
rolling_scenario_mean14,val_june,validation,2025-06-11,18,3,margin,11,25283.91246600037,25091.193993819626,25862.0678825426,0.0,31.201462707782298,20.84841724275413,19.59958208176878,1,0.0,LP
rolling_scenario_mean14,val_june,validation,2025-06-12,6,1,residual_0,11,46840.71277937316,46683.51108309779,47312.317868199294,3754.3590535533685,156.20821666666666,1550.112600395679,1307.1433368186479,1,0.0,LP
rolling_scenario_mean14,val_june,validation,2025-06-12,12,2,margin,11,39685.002117950295,39305.64264522026,40823.08053614041,262.97153690522316,3697.18046330577,1765.7363505964997,1521.8434863797218,1,0.0,LP
rolling_scenario_mean14,val_june,validation,2025-06-12,18,3,keep_previous,11,25147.41400639677,24985.99908202611,25631.658779508754,0.0,0.0,0.0,0.0,0,0.0,LP
rolling_scenario_mean14,val_june,validation,2025-06-13,6,1,margin,11,15240.23062931227,14857.046880474272,16389.781875826262,271.6254895166626,2045.3667096666677,781.7871617748955,967.1939854336208,1,0.0,MILP
rolling_scenario_mean14,val_june,validation,2025-06-13,12,2,residual_1,11,19199.0742984453,18899.542211262622,20097.67055999333,1126.0092024299984,330.782158436543,513.2108409357477,616.0166078137916,1,0.0,MILP
rolling_scenario_mean14,val_june,validation,2025-06-13,18,3,residual_0,11,16773.751947959452,16573.794142085822,17373.62536558034,147.85076419478378,1.1368683772161603e-13,57.34184568787943,60.706438990461386,1,0.0,LP
rolling_scenario_mean14,val_june,validation,2025-06-14,6,1,residual_1,11,15145.161253600716,14813.348319288136,16140.600056538458,676.1206195500031,2.2737367544323206e-13,210.10424465627375,263.92725813150156,1,0.0,MILP
rolling_scenario_mean14,val_june,validation,2025-06-14,12,2,residual_0,11,20148.002177017504,19964.96849743507,20697.1032157648,292.1762865111101,888.992963019548,396.87981597568944,484.2711511783714,1,0.0,MILP
rolling_scenario_mean14,val_june,validation,2025-06-14,18,3,residual_0,11,17128.079067112078,16936.712145906076,17702.179830730074,0.0,0.5281966735242918,0.30746443136936524,0.3232765292143692,1,0.0,LP
rolling_scenario_mean14,val_june,validation,2025-06-15,6,1,residual_0,11,46758.47139082706,46636.246648354136,47125.14561824582,4467.233837175071,384.49384566255344,1772.5004770314868,1666.4850340096655,1,0.0,LP
rolling_scenario_mean14,val_june,validation,2025-06-15,12,2,margin,11,39015.00295259887,38884.7856784711,39405.65477498219,187.21015971810812,1855.1822365381693,750.269578100889,704.175470050232,1,0.0,LP
rolling_scenario_mean14,val_june,validation,2025-06-15,18,3,margin,11,25865.36531851983,25727.1440341208,26280.029171716928,0.0,13.38817694444458,8.788646528227853,8.567985550652242,1,0.0,LP
rolling_scenario_mean14,val_june,validation,2025-06-16,6,1,residual_5,11,45717.72450230876,45521.25876132757,46307.121725252335,650.676580606667,1358.80161741758,870.8747455520164,799.4796526385436,1,0.0,LP
rolling_scenario_mean14,val_june,validation,2025-06-16,12,2,margin,11,38786.263718384944,38631.21116534224,39251.42137751305,669.4191007983543,1392.5320353309494,880.772032612862,812.6454319503933,1,0.0,LP
rolling_scenario_mean14,val_june,validation,2025-06-16,18,3,keep_previous,11,25592.50929068128,25423.252837279826,26100.278650885637,0.0,0.0,0.0,0.0,0,0.0,LP
rolling_scenario_mean14,val_june,validation,2025-06-17,6,1,residual_4,11,49733.53005373599,49519.037768380935,50377.00690980113,2916.2735384588786,1627.7796741488892,1919.2141590790277,1741.1891150135482,1,0.0,LP
rolling_scenario_mean14,val_june,validation,2025-06-17,12,2,margin,11,41524.21348124847,41341.974432124254,42070.93062862114,548.8622620738679,2366.717059374031,1289.041895490304,1173.8928420577276,1,0.0,LP
rolling_scenario_mean14,val_june,validation,2025-06-17,18,3,keep_previous,11,25716.830237246904,25522.110410701254,26300.989716883858,0.0,0.0,0.0,0.0,0,0.0,LP
rolling_scenario_mean14,val_june,validation,2025-06-18,6,1,residual_3,11,50050.77552289978,49844.47373670451,50669.680881485576,3041.481915643551,2136.0524857020573,2176.387515339819,2003.814128228039,1,0.0,LP
rolling_scenario_mean14,val_june,validation,2025-06-18,12,2,residual_4,11,40787.85784433887,40598.281385278344,41356.58722152046,73.59658345983473,5669.974846723114,2439.4455669415197,2221.2190908684984,1,0.0,LP
rolling_scenario_mean14,val_june,validation,2025-06-18,18,3,residual_0,11,25404.719991048936,25249.91373172974,25869.138769006528,228.61959945720332,107.91969266666672,127.25629058289681,122.68274180182897,1,0.0,LP
rolling_scenario_mean14,val_june,validation,2025-06-19,6,1,residual_2,11,44902.65958460151,44596.85409514335,45820.07605297597,3845.0532341816324,8964.04555651551,4751.12806722909,4450.760827350903,1,0.0,LP
rolling_scenario_mean14,val_june,validation,2025-06-19,12,2,residual_3,11,38073.68494292884,37927.28654170173,38512.88014661019,3148.3792325765953,138.22128864609078,1239.3116287954947,1182.1602584993977,1,0.0,LP
rolling_scenario_mean14,val_june,validation,2025-06-19,18,3,keep_previous,11,25129.768153082503,24967.78626045097,25615.713830977107,0.0,0.0,0.0,0.0,0,0.0,LP
rolling_scenario_mean14,val_june,validation,2025-06-20,6,1,residual_1,11,15600.219840145453,15464.475394044734,16007.453178447613,367.93460400111087,391.9664136790136,245.84775779301626,303.80810575983196,1,0.0,MILP
rolling_scenario_mean14,val_june,validation,2025-06-20,12,2,margin,11,20907.16677664294,20720.63900614601,21466.750088133715,350.56373967901334,772.1084207788891,387.69860611788295,480.96995467514,1,0.0,LP
rolling_scenario_mean14,val_june,validation,2025-06-20,18,3,keep_previous,11,16772.810418893383,16626.07081497354,17213.02923065291,0.0,0.0,0.0,0.0,0,0.0,LP
rolling_scenario_mean14,val_june,validation,2025-06-21,6,1,residual_0,11,15385.183109638834,15234.290659675382,15837.860459529189,862.0234070322217,317.7643597860098,391.11826200370126,516.7088834941874,1,0.0,MILP
rolling_scenario_mean14,val_june,validation,2025-06-21,12,2,residual_1,11,20872.157252710404,20619.725224207607,21629.453338218795,22.900545951361096,613.9326350978115,206.79898646020786,277.3386079873452,1,0.0,LP
rolling_scenario_mean14,val_june,validation,2025-06-21,18,3,residual_0,11,17073.244686147103,16914.634042705027,17549.076616473336,8.131254560485445,49.72747511111129,29.888875558380917,32.92460345254439,1,0.0,LP
rolling_scenario_mean14,val_august,validation,2025-08-18,6,1,margin,11,41384.815309516634,41310.03023346933,41609.170537658545,24.954006591208213,87.4905818189269,65.89586565647404,60.95080707625928,1,0.0,LP+MILP
rolling_scenario_mean14,val_august,validation,2025-08-18,12,2,margin,11,39490.795837974016,39414.53191382796,39719.58761041219,0.04029744444449079,2354.7567391549987,787.728525898666,693.0791681440869,1,0.0,MILP
rolling_scenario_mean14,val_august,validation,2025-08-18,18,3,keep_previous,11,30853.002637746347,30772.598057015308,31094.21637993947,0.0,0.0,0.0,0.0,0,0.0,LP
rolling_scenario_mean14,val_august,validation,2025-08-19,6,1,margin,11,39142.71377062422,39081.9026118682,39325.147246892295,5.674936222221845,2208.3834309904096,880.6312984865477,799.3571365092173,1,0.0,LP+MILP
rolling_scenario_mean14,val_august,validation,2025-08-19,12,2,point,11,38298.67755872087,38211.20095809933,38561.10736058547,698.2873831804545,1502.7518279341568,636.4486078568747,537.5009011705521,1,0.0,LP+MILP
rolling_scenario_mean14,val_august,validation,2025-08-19,18,3,keep_previous,11,30770.721933299395,30691.51757066334,31008.335021207553,0.0,0.0,0.0,0.0,0,0.0,LP
rolling_scenario_mean14,val_august,validation,2025-08-20,6,1,margin,11,44909.36947808679,44758.1170240035,45363.126840336656,1746.5320403333294,5481.083468079561,2390.525553135868,2013.7598562174735,1,0.0,LP
rolling_scenario_mean14,val_august,validation,2025-08-20,12,2,margin,11,38394.16084725949,38261.22718366867,38792.96183803194,0.0,1493.4057469190657,535.2808743156754,456.7193635928729,1,0.0,LP
rolling_scenario_mean14,val_august,validation,2025-08-20,18,3,keep_previous,11,30672.128496111054,30535.55889309231,31081.837305167282,0.0,0.0,0.0,0.0,0,0.0,LP
rolling_scenario_mean14,val_august,validation,2025-08-21,6,1,margin,11,42224.86483482992,42081.274886303145,42655.63468041024,937.4781976666618,5813.321701604938,2022.971021545894,1689.6091557186523,1,0.0,LP+MILP
rolling_scenario_mean14,val_august,validation,2025-08-21,12,2,margin,11,39087.523059142215,38961.169322178364,39466.58427003376,0.0,1321.8814894814827,471.627342454558,389.0612299372648,1,0.0,MILP
rolling_scenario_mean14,val_august,validation,2025-08-21,18,3,keep_previous,11,30624.069181047227,30495.29298070764,31010.397782065993,0.0,0.0,0.0,0.0,0,0.0,LP
rolling_scenario_mean14,val_august,validation,2025-08-22,6,1,margin,11,17471.90249700643,17394.810615776067,17703.178140697524,8.386109666667153,802.7744117777765,279.8186709784887,357.0472925254013,1,0.0,MILP
rolling_scenario_mean14,val_august,validation,2025-08-22,12,2,margin,11,23729.214073840263,23647.769753885757,23973.547033703777,0.0,141.37595298628128,74.89818470611677,86.12150578889099,1,0.0,LP
rolling_scenario_mean14,val_august,validation,2025-08-22,18,3,keep_previous,11,20855.24613201392,20776.07461016655,21092.76069755603,0.0,0.0,0.0,0.0,0,0.0,LP
rolling_scenario_mean14,val_august,validation,2025-08-23,6,1,residual_7,11,18747.870034791897,18666.905180451475,18990.764597813162,754.6952482355574,334.58136200000087,319.14577587396946,404.1114749045551,1,0.0,MILP
rolling_scenario_mean14,val_august,validation,2025-08-23,12,2,residual_7,11,24321.80599399658,24241.676117148978,24562.195624539378,35.91708233333003,1.5676916666668603,13.430658309943285,17.407754963081405,1,0.0,LP
rolling_scenario_mean14,val_august,validation,2025-08-23,18,3,keep_previous,11,21348.359460234413,21265.745861720534,21596.200255776046,0.0,0.0,0.0,0.0,0,0.0,LP
rolling_scenario_mean14,val_august,validation,2025-08-24,6,1,margin,11,39933.87742262768,39725.07221442301,40560.29304724169,9.767759043337009,2770.8311738010952,1245.5177158083575,1094.7178084159732,1,0.0,LP+MILP
rolling_scenario_mean14,val_august,validation,2025-08-24,12,2,residual_6,11,40024.78709674917,39902.34299322408,40392.11940732443,1995.2564629883907,808.0975941111093,1074.2719117599793,972.6415391510022,1,0.0,MILP
rolling_scenario_mean14,val_august,validation,2025-08-24,18,3,keep_previous,11,30959.10738470764,30846.512503411497,31296.892028596063,0.0,0.0,0.0,0.0,0,0.0,LP
rolling_scenario_mean14,val_august,validation,2025-08-25,6,1,margin,11,49946.53523847802,49815.75516439687,50338.875460721465,186.18488810111353,11834.913741260621,4032.7591538547313,3413.1626219625996,1,0.0,LP
rolling_scenario_mean14,val_august,validation,2025-08-25,12,2,margin,11,42630.27984429975,42432.20152390923,43224.51480547131,0.0,4500.034618435815,1769.261669961144,1508.1425087822781,1,0.0,LP
rolling_scenario_mean14,val_august,validation,2025-08-25,18,3,keep_previous,11,30869.600398040093,30683.996143086017,31426.41316290232,0.0,0.0,0.0,0.0,0,0.0,LP
rolling_scenario_mean14,val_august,validation,2025-08-26,6,1,margin,11,45710.09400942527,45422.08689373064,46574.11535650917,4876.582356290821,0.0,1263.1343862868139,1144.0976227349156,1,0.0,LP+MILP
rolling_scenario_mean14,val_august,validation,2025-08-26,12,2,margin,11,41365.143045015255,41142.90419381749,42031.85959860854,0.0,4656.254091773664,1481.0287311547568,1335.139802569644,1,0.0,MILP
rolling_scenario_mean14,val_august,validation,2025-08-26,18,3,margin,11,30987.29766920356,30779.808219012695,31609.76601977615,0.0,11.595204333332617,8.310341124793926,7.966760203842355,1,0.0,LP
rolling_scenario_mean14,val_august,validation,2025-08-27,6,1,margin,11,50796.35268577118,50180.70740173198,52643.28853788876,9569.362825775039,0.0,3088.7845683303385,2682.7260433164593,1,0.0,LP
rolling_scenario_mean14,val_august,validation,2025-08-27,12,2,margin,11,43386.279593084095,43098.2025094658,44250.51084393898,0.0,6235.296906965708,1921.2572246574252,1761.4833949454114,1,0.0,MILP
rolling_scenario_mean14,val_august,validation,2025-08-27,18,3,keep_previous,11,30805.233567957614,30542.522394375643,31593.36708870353,0.0,0.0,0.0,0.0,0,0.0,LP
rolling_scenario_mean14,val_august,validation,2025-08-28,6,1,residual_2,11,49586.69974054214,47980.17982739392,54406.259479986795,7018.855986714271,378.8864324444452,2759.5424418535463,2371.6365135965875,1,0.0,LP
rolling_scenario_mean14,val_august,validation,2025-08-28,12,2,residual_2,11,39542.49115878864,39384.703897263826,40015.85294336307,0.0,3180.5586379497454,1133.904688943081,972.861910460209,1,0.0,LP
rolling_scenario_mean14,val_august,validation,2025-08-28,18,3,keep_previous,11,30417.471370867814,30337.583625423355,30657.134607201195,0.0,0.0,0.0,0.0,0,0.0,LP
rolling_scenario_mean14,val_august,validation,2025-08-29,6,1,margin,11,20129.278520358257,19784.98547374375,21162.157660201778,2.7619312222236942,1901.2070597355528,663.3423458507928,835.1631733661808,1,0.0,MILP
rolling_scenario_mean14,val_august,validation,2025-08-29,12,2,margin,11,25122.23365560149,24879.089949010926,25851.664775373174,646.4067816666671,2.2737367544323206e-13,234.44985590602286,296.3553874056118,1,0.0,LP
rolling_scenario_mean14,val_august,validation,2025-08-29,18,3,margin,11,20941.87173037602,20839.66952852659,21248.47833592431,0.0,9.198994000001676,5.79811609432329,6.343980129340077,1,0.0,LP
rolling_scenario_mean14,val_august,validation,2025-08-30,6,1,residual_2,11,19745.514712832293,19594.801563638164,20197.654160414684,174.28489511110791,1172.58847051852,374.9623747719754,443.61094036412885,1,0.0,MILP
rolling_scenario_mean14,val_august,validation,2025-08-30,12,2,residual_0,11,25038.5631846341,24902.30229527173,25447.345852721202,173.437604979424,1139.6118313717423,392.9836279555809,491.0912245893586,1,0.0,LP
rolling_scenario_mean14,val_august,validation,2025-08-30,18,3,margin,11,21123.92194025997,21022.732122121735,21427.491394674675,419.88433327005833,0.0,120.66017852956877,138.24524637679613,1,0.0,LP
rolling_scenario_mean14,val_august,validation,2025-08-31,6,1,margin,11,42545.369240795924,42451.36391532157,42827.38521721899,511.33620103205453,362.3529095555533,305.97280836697513,261.9043874403639,1,0.0,LP+MILP
rolling_scenario_mean14,val_august,validation,2025-08-31,12,2,margin,11,38718.24153551641,38612.93046309936,39034.17475276758,3.836850888887625,3148.277995783259,1178.9717963824746,1024.4919851605782,1,0.0,LP
rolling_scenario_mean14,val_august,validation,2025-08-31,18,3,keep_previous,11,30433.545861211805,30330.96147698935,30741.29901387918,0.0,0.0,0.0,0.0,0,0.0,LP
rolling_scenario_mean14,eval_september,evaluation,2025-09-10,6,1,point,11,36705.62371457993,36031.63292047239,38727.59609690256,0.0,4603.118918113854,1357.4418182315962,1144.3976630243285,1,0.0,LP+MILP
rolling_scenario_mean14,eval_september,evaluation,2025-09-10,12,2,point,10,34808.96433320134,34106.852291533985,36915.3004582034,2954.5966727366217,0.0,1045.5609228910844,918.6929365837209,1,0.0,LP
rolling_scenario_mean14,eval_september,evaluation,2025-09-10,18,3,point,10,24214.075133545186,23437.937231214375,26542.48884053762,0.35141666666663696,0.0,0.23175109194442414,0.228604155694426,1,0.0,LP
rolling_scenario_mean14,eval_september,evaluation,2025-09-11,6,1,point,11,35948.7992527941,35299.7288021373,37896.01060476451,0.0,10268.185316790124,2565.0879692311178,2423.7780927787585,1,0.0,LP+MILP
rolling_scenario_mean14,eval_september,evaluation,2025-09-11,12,2,point,10,31242.2542172287,30567.411197630914,33266.78327602206,60.49803333333341,211.51191436213867,63.415424038981286,65.55818624703835,1,0.0,LP+MILP
rolling_scenario_mean14,eval_september,evaluation,2025-09-11,18,3,point,10,24070.956921000114,23327.452296765656,26301.470793703495,0.0,2.4206250000004275,1.5932069625002678,1.569445070089558,1,0.0,LP
rolling_scenario_mean14,eval_september,evaluation,2025-09-12,6,1,point,10,15305.086572247277,14582.082064733133,17474.10009478971,2.2737367544323206e-13,740.2803711111112,235.13646601708322,311.0121262518928,1,0.0,MILP
rolling_scenario_mean14,eval_september,evaluation,2025-09-12,12,2,point,10,19717.163898736922,18965.874678269152,21971.03156014023,886.3553766666669,5.684341886080801e-13,279.6503436286113,368.93352494251815,1,0.0,LP
rolling_scenario_mean14,eval_september,evaluation,2025-09-12,18,3,keep_previous,10,15298.900323254282,14471.35109196755,17781.54801711448,0.0,0.0,0.0,0.0,0,0.0,LP
rolling_scenario_mean14,eval_september,evaluation,2025-09-13,6,1,point,10,15475.273002014725,14779.07346766669,17563.871605058823,1.1368683772161603e-13,226.52633333333364,81.08592032944455,102.54845107384935,1,0.0,MILP
rolling_scenario_mean14,eval_september,evaluation,2025-09-13,12,2,point,10,19218.93880126624,18495.90898153158,21388.028260470215,261.47121166666574,2.2737367544323206e-13,88.14790197113852,109.27755579924164,1,0.0,LP
rolling_scenario_mean14,eval_september,evaluation,2025-09-13,18,3,point,10,15341.243482827475,14546.1389730076,17726.5570122871,4.034750000000372,0.0,2.2828884483335443,2.581135247024047,1,0.0,LP
rolling_scenario_mean14,eval_september,evaluation,2025-09-14,6,1,point,11,38293.303789030775,37624.3879525959,40300.05129833542,0.0,8374.700960382712,2737.4940458478895,2454.7624578785003,1,0.0,LP+MILP
rolling_scenario_mean14,eval_september,evaluation,2025-09-14,12,2,point,10,33001.06488158404,32299.94535557011,35104.42345962583,416.37734444444084,734.1873655967112,319.26848576994615,249.33896469764295,1,0.0,LP+MILP
rolling_scenario_mean14,eval_september,evaluation,2025-09-14,18,3,keep_previous,10,23207.932040807194,22440.333584782198,25510.72740888219,0.0,0.0,0.0,0.0,0,0.0,LP
rolling_scenario_mean14,eval_september,evaluation,2025-09-15,6,1,point,10,32085.257067861334,31433.92062409533,34039.26639915934,358.3771445833317,183.7600565102883,224.4142469778868,198.82437226649228,1,0.0,LP+MILP
rolling_scenario_mean14,eval_september,evaluation,2025-09-15,12,2,point,10,30292.313107098686,29618.99781438388,32312.2589852431,300.7498914248962,0.0,115.04775527707514,92.51453006319005,1,0.0,MILP
rolling_scenario_mean14,eval_september,evaluation,2025-09-15,18,3,keep_previous,10,22104.071026111167,21367.27150587513,24314.46958681928,0.0,0.0,0.0,0.0,0,0.0,LP
rolling_scenario_mean14,eval_september,evaluation,2025-09-16,6,1,point,11,36979.673972398836,36419.2831281469,38660.84650515466,149.38738611111182,6386.777256787978,2228.314387145031,1860.3708085341282,1,0.0,LP
rolling_scenario_mean14,eval_september,evaluation,2025-09-16,12,2,point,10,32056.85539163914,31425.506070800202,33950.90335415595,32.58568105556009,3148.8163293827147,785.1776896614462,599.343032660175,1,0.0,MILP
rolling_scenario_mean14,eval_september,evaluation,2025-09-16,18,3,point,10,22397.559850172634,21707.003530407474,24469.228809468113,3.15362499999992,0.0,2.0864382999999473,2.0115930175297105,1,0.0,LP
rolling_scenario_mean14,eval_september,evaluation,2025-09-17,6,1,point,11,36289.256875547275,35760.12814711568,37876.643060842034,0.0,3793.3387137270247,1191.6927343487737,1045.1425114724968,1,0.0,LP+MILP
rolling_scenario_mean14,eval_september,evaluation,2025-09-17,12,2,point,10,30748.797517988492,30142.4097946108,32567.96068812157,0.0,656.3173677160435,303.9832208701922,273.2524275495737,1,0.0,LP+MILP
rolling_scenario_mean14,eval_september,evaluation,2025-09-17,18,3,keep_previous,10,22437.72724110035,21775.708494924624,24423.783479627527,0.0,0.0,0.0,0.0,0,0.0,LP
rolling_scenario_mean14,eval_september,evaluation,2025-09-18,6,1,point,11,38011.03205456817,37497.07455015396,39552.90456781081,7601.158022440744,0.0,1904.5736645100378,1621.5524835615843,1,0.0,LP
rolling_scenario_mean14,eval_september,evaluation,2025-09-18,12,2,point,10,32188.967528007197,31602.689955747188,33947.80024478723,0.7574633611134232,3196.5594451100837,858.1577482500409,728.1892675874985,1,0.0,LP+MILP
rolling_scenario_mean14,eval_september,evaluation,2025-09-18,18,3,keep_previous,10,22506.82013309741,21867.361860466834,24425.194950989153,0.0,0.0,0.0,0.0,0,0.0,LP
rolling_scenario_mean14,eval_september,evaluation,2025-09-19,6,1,point,10,15065.779102960538,14496.150454801886,16774.665047436494,340.63749083333056,1.7053025658242404e-13,107.61747308708232,137.2846677290165,1,0.0,MILP
rolling_scenario_mean14,eval_september,evaluation,2025-09-19,12,2,point,10,18717.699631142772,18130.385918505308,20479.640769055164,0.0,762.5635119444414,248.44745448299867,315.51580371868283,1,0.0,LP
rolling_scenario_mean14,eval_september,evaluation,2025-09-19,18,3,keep_previous,10,14843.624923253949,14222.114857837501,16708.15511950329,0.0,0.0,0.0,0.0,0,0.0,LP
rolling_scenario_mean14,eval_september,evaluation,2025-09-20,6,1,point,10,14969.091797137748,14413.760257479344,16635.08641611296,0.4694083333353092,329.4732933333331,108.78669274550114,136.41135097018565,1,0.0,MILP
rolling_scenario_mean14,eval_september,evaluation,2025-09-20,12,2,point,10,18534.01166487258,17962.50060939709,20248.544831299056,0.0,363.2028972222225,123.54783830472235,154.67312562622038,1,0.0,LP
rolling_scenario_mean14,eval_september,evaluation,2025-09-20,18,3,keep_previous,10,14928.833557926295,14324.867337849106,16740.732218157864,0.0,0.0,0.0,0.0,0,0.0,LP
rolling_scenario_mean14,eval_september,evaluation,2025-09-21,6,1,point,11,36586.440655683415,36050.63490458247,38193.85790898626,67.34065833333307,2182.6616792675254,823.7533283904058,775.0448217491687,1,0.0,LP
rolling_scenario_mean14,eval_september,evaluation,2025-09-21,12,2,point,10,32756.382454347553,32205.169985201068,34410.019861787005,4.547473508864641e-13,2759.620771711934,658.3967995678104,534.4223381446523,1,0.0,MILP
rolling_scenario_mean14,eval_september,evaluation,2025-09-21,18,3,keep_previous,10,22992.533035358683,22411.977949709413,24734.1982923065,0.0,0.0,0.0,0.0,0,0.0,LP
rolling_scenario_mean14,eval_september,evaluation,2025-09-22,6,1,margin,11,36375.02239319289,35879.813901140566,37860.647869349865,0.0,8492.728114651814,2574.486282103694,2190.515476171644,1,0.0,LP+MILP
rolling_scenario_mean14,eval_september,evaluation,2025-09-22,12,2,point,10,30358.388503422604,29831.131782934386,31940.158664887254,0.0,412.0887119259273,206.48683255283208,180.51619464142172,1,0.0,LP
rolling_scenario_mean14,eval_september,evaluation,2025-09-22,18,3,keep_previous,10,22060.09341365918,21506.329223926263,23721.385982857926,0.0,0.0,0.0,0.0,0,0.0,LP
rolling_scenario_mean14,eval_september,evaluation,2025-09-23,6,1,margin,11,36823.69209370496,36348.39282607937,38249.58989658174,0.0,3507.592764759948,1101.7647165136004,956.5267725279723,1,0.0,LP
rolling_scenario_mean14,eval_september,evaluation,2025-09-23,12,2,point,10,31470.98235210944,30978.970587155633,32947.01764697086,0.0,1690.0979667914949,459.18824396400623,395.98574371764556,1,0.0,LP+MILP
rolling_scenario_mean14,eval_september,evaluation,2025-09-23,18,3,keep_previous,10,22349.84310574772,21833.21771556484,23899.71927629637,0.0,0.0,0.0,0.0,0,0.0,LP
rolling_scenario_mean14,eval_december,evaluation,2025-12-08,6,1,margin,11,62596.925140222505,62521.299793020604,62823.80118182821,883.156358861105,560.8750199945141,757.4708229039245,654.3592142851473,1,0.0,LP
rolling_scenario_mean14,eval_december,evaluation,2025-12-08,12,2,margin,11,41275.48473676019,41243.37456284656,41371.81525850107,12.290452577778296,4604.794658088815,1909.2899480811568,1650.4025030408434,1,0.0,LP
rolling_scenario_mean14,eval_december,evaluation,2025-12-08,18,3,margin,10,19278.570242706606,19246.89545686038,19373.59460024529,0.0,0.0,0.0,0.0,0,0.0,LP
rolling_scenario_mean14,eval_december,evaluation,2025-12-09,6,1,margin,11,60046.99928804702,59911.62556520019,60453.12045658752,273.07827146110685,3350.667481274439,1718.5282948744473,1516.3017040648374,1,0.0,LP
rolling_scenario_mean14,eval_december,evaluation,2025-12-09,12,2,margin,11,39548.79273950247,39513.52547218956,39654.594541441176,0.0,1317.2946771002466,554.6472041381846,496.7851030659841,1,0.0,LP
rolling_scenario_mean14,eval_december,evaluation,2025-12-09,18,3,margin,10,19379.541803965294,19344.70709306942,19484.04593665291,1.2505552149377763e-12,0.0,8.344954949279781e-13,7.626510978298029e-13,0,0.0,LP
rolling_scenario_mean14,eval_december,evaluation,2025-12-10,6,1,margin,11,61960.83700254905,61633.49115685309,62942.874539636934,3075.4884304279885,216.25171097942462,1533.8732788773343,1342.4207060912054,1,0.0,LP
rolling_scenario_mean14,eval_december,evaluation,2025-12-10,12,2,margin,11,40955.64810285863,40919.46452733172,41064.198829439345,0.0,2312.386329971198,1157.326780157888,1014.1174323053094,1,0.0,LP
rolling_scenario_mean14,eval_december,evaluation,2025-12-10,18,3,margin,10,19278.733631863335,19243.12218783258,19385.567963955596,0.0,0.0,0.0,0.0,0,0.0,LP
rolling_scenario_mean14,eval_december,evaluation,2025-12-11,6,1,margin,11,60228.90281370781,59811.02027596492,61482.550426936505,2.2426033333333635,4312.4755921851865,1967.9033068561755,1815.71928900795,1,0.0,LP
rolling_scenario_mean14,eval_december,evaluation,2025-12-11,12,2,margin,11,38540.961468074485,38504.895875819195,38649.15824484037,75.59546146888977,1326.5513303881949,609.1098118760369,545.6478768066028,1,0.0,LP
rolling_scenario_mean14,eval_december,evaluation,2025-12-11,18,3,margin,10,19362.902159750858,19327.150793861187,19470.156257419872,0.0,0.0,0.0,0.0,0,0.0,LP
rolling_scenario_mean14,eval_december,evaluation,2025-12-12,6,1,margin,11,25889.438341972997,25426.105870877505,27279.435755259474,2213.7898008661177,0.0,605.3501360645353,751.7454189780422,1,0.0,LP
rolling_scenario_mean14,eval_december,evaluation,2025-12-12,12,2,residual_2,11,18127.303205576594,18032.229689570628,18412.52375359449,5.56883866666675,3256.7667939518606,852.5662017158592,1005.0906371154899,1,0.0,LP+MILP
rolling_scenario_mean14,eval_december,evaluation,2025-12-12,18,3,margin,11,11786.119147482781,11731.434832900026,11950.172091231048,151.15552980757087,0.0,26.48246599776472,29.86660938911588,1,0.0,LP
rolling_scenario_mean14,eval_december,evaluation,2025-12-13,6,1,residual_2,11,26242.530262572818,25820.95993377066,27507.24124897929,1725.276066362223,406.93995740967324,668.3880417552091,834.7371766171807,1,0.0,LP
rolling_scenario_mean14,eval_december,evaluation,2025-12-13,12,2,residual_1,11,18308.733727738152,18248.122244718077,18490.56817679837,3.160940000000153,3174.4760160731053,859.8437295479266,1090.7220015470364,1,0.0,LP
rolling_scenario_mean14,eval_december,evaluation,2025-12-13,18,3,keep_previous,11,11982.675789452489,11928.08441594737,12146.449909967847,0.0,0.0,0.0,0.0,0,0.0,LP
rolling_scenario_mean14,eval_december,evaluation,2025-12-14,6,1,residual_1,11,62351.059514086126,62222.52468927256,62736.6639885268,4661.387860805216,306.6923236982169,2301.7016671195797,2039.7262604311343,1,0.0,LP
rolling_scenario_mean14,eval_december,evaluation,2025-12-14,12,2,residual_0,11,40376.48545600728,40311.167290033714,40572.43995392796,39.41723950222138,800.5195910493829,291.6020636542878,265.3838185714666,1,0.0,LP
rolling_scenario_mean14,eval_december,evaluation,2025-12-14,18,3,keep_previous,11,19750.13306720945,19702.409954428545,19893.302405552156,0.0,0.0,0.0,0.0,0,0.0,LP
rolling_scenario_mean14,eval_december,evaluation,2025-12-15,6,1,residual_0,11,64699.610965575885,64624.129188002684,64926.05629829549,4798.858532534448,260.7402505308652,2349.9806593214043,2103.5974902153516,1,0.0,LP
rolling_scenario_mean14,eval_december,evaluation,2025-12-15,12,2,margin,11,40763.7697210023,40709.16699279389,40927.577905627535,195.67711353086474,2070.561190119669,1010.6228348973764,908.0810147197393,1,0.0,LP
rolling_scenario_mean14,eval_december,evaluation,2025-12-15,18,3,keep_previous,11,19739.11400360736,19684.9088675266,19901.729411849643,0.0,0.0,0.0,0.0,0,0.0,LP
rolling_scenario_mean14,eval_december,evaluation,2025-12-16,6,1,margin,11,62853.8750403039,62763.41422296964,63125.25749230669,0.0,4059.777777108357,1991.9530797838643,1823.4379411292673,1,0.0,LP
rolling_scenario_mean14,eval_december,evaluation,2025-12-16,12,2,margin,11,39922.30479015778,39892.19694934004,40012.62831261101,0.16680000000042128,885.0687264032995,412.1368373210378,389.5546565760695,1,0.0,LP
rolling_scenario_mean14,eval_december,evaluation,2025-12-16,18,3,keep_previous,11,19724.870778408796,19695.15786952705,19814.009505054026,0.0,0.0,0.0,0.0,0,0.0,LP
rolling_scenario_mean14,eval_december,evaluation,2025-12-17,6,1,margin,11,61928.267394342736,61838.69278702876,62196.991216284674,0.0,6213.780297522631,3057.9188786548084,2792.413257915065,1,0.0,LP
rolling_scenario_mean14,eval_december,evaluation,2025-12-17,12,2,margin,11,39445.1320423323,39415.78145079335,39533.18381694914,28.386805962221956,729.1642782633738,376.9895762116596,353.2313611772556,1,0.0,LP
rolling_scenario_mean14,eval_december,evaluation,2025-12-17,18,3,margin,10,19506.303505161603,19477.453797967373,19592.852626744298,0.0,0.0,0.0,0.0,0,0.0,LP
rolling_scenario_mean14,eval_december,evaluation,2025-12-18,6,1,margin,11,61334.985979631485,61298.54618688362,61444.30535787509,479.95278386554867,1003.213018460907,655.29985621117,614.6832488041841,1,0.0,LP
rolling_scenario_mean14,eval_december,evaluation,2025-12-18,12,2,margin,11,39674.48806905578,39642.411031726544,39770.719181043474,0.0,2021.910047983768,865.1317371617826,845.951831339369,1,0.0,LP
rolling_scenario_mean14,eval_december,evaluation,2025-12-18,18,3,margin,10,19483.87555371099,19452.35743933796,19578.429896830083,0.0,0.0,0.0,0.0,0,0.0,LP
rolling_scenario_mean14,eval_december,evaluation,2025-12-19,6,1,keep_previous,11,23073.92744272864,23045.173301916842,23160.189865164037,0.0,0.0,0.0,0.0,0,0.0,LP
rolling_scenario_mean14,eval_december,evaluation,2025-12-19,12,2,margin,11,17512.185332952213,17489.89014714067,17579.070890386836,0.0,1997.9615285418363,523.5949891294558,704.6698586649994,1,0.0,LP
rolling_scenario_mean14,eval_december,evaluation,2025-12-19,18,3,keep_previous,11,11779.648600222037,11752.426498915009,11861.314904143126,0.0,0.0,0.0,0.0,0,0.0,LP
rolling_scenario_mean14,eval_december,evaluation,2025-12-20,6,1,margin,11,24106.300564307454,24052.606578703755,24267.382521118554,0.0,4184.566998325099,1205.5784974781711,1604.1742720199413,1,0.0,LP
rolling_scenario_mean14,eval_december,evaluation,2025-12-20,12,2,residual_7,11,16899.087522594637,16817.22628526217,17144.671234592035,0.0,1455.0917917441298,348.57700414031285,484.9538219663172,1,0.0,LP
rolling_scenario_mean14,eval_december,evaluation,2025-12-20,18,3,keep_previous,11,12031.325453917772,11987.41646902159,12163.052408606325,0.0,0.0,0.0,0.0,0,0.0,LP
rolling_scenario_mean14,eval_december,evaluation,2025-12-21,6,1,residual_1,11,61799.71138395028,61490.32036129011,62727.88445193077,102.78884444444373,5152.772372303085,2486.850970582881,2258.7621190192917,1,0.0,LP
rolling_scenario_mean14,eval_december,evaluation,2025-12-21,12,2,residual_6,11,41168.80467140811,41124.16092831487,41302.73590068782,2234.8103515893035,17.295333333333247,1016.3253484935447,952.3889834596624,1,0.0,LP
rolling_scenario_mean14,eval_december,evaluation,2025-12-21,18,3,residual_6,11,19658.26896823726,19611.38491107076,19798.92113973676,0.0,91.11146666666684,58.70265513233345,56.293517562119156,1,0.0,LP
rolling_scenario_shuffled,dev_march,development,2025-03-07,6,1,margin,11,12376.182716711712,12329.852802638597,12515.172458931058,5.684341886080802e-14,1072.046259694099,322.6535793772281,429.6179322943416,1,0.0,MILP
rolling_scenario_shuffled,dev_march,development,2025-03-07,12,2,margin,11,14712.478448065103,14690.048119684403,14779.769433207206,3.2888428888876433,94.5612168888913,32.52026554685034,43.13034296594293,1,0.0,LP
rolling_scenario_shuffled,dev_march,development,2025-03-07,18,3,keep_previous,11,11068.907982397166,11048.771927057449,11129.31614841632,0.0,0.0,0.0,0.0,0,0.0,LP
rolling_scenario_shuffled,dev_march,development,2025-03-08,6,1,margin,11,10849.642166452415,10834.386763462382,10895.408375422516,1.1368683772161603e-13,32.195231936902246,11.222654510221288,15.505687388833376,1,0.0,MILP
rolling_scenario_shuffled,dev_march,development,2025-03-08,12,2,keep_previous,11,14525.044689484062,14489.57094168509,14631.465932880983,0.0,0.0,0.0,0.0,0,0.0,LP
rolling_scenario_shuffled,dev_march,development,2025-03-08,18,3,keep_previous,11,11134.199764678917,11109.68398077008,11207.747116405426,0.0,0.0,0.0,0.0,0,0.0,LP
rolling_scenario_shuffled,dev_march,development,2025-03-09,6,1,margin,11,36836.24980533411,36826.51472945305,36865.45503297729,0.0,7557.581935900547,2541.6062288933454,2418.809530945669,1,0.0,LP
rolling_scenario_shuffled,dev_march,development,2025-03-09,12,2,residual_3,11,28665.383180515382,28541.919909806686,29035.77299264148,805.925752870551,1904.5589389149525,734.8898464578883,739.3738563603558,1,0.0,LP
rolling_scenario_shuffled,dev_march,development,2025-03-09,18,3,residual_5,11,18546.424725271827,18490.128333764078,18715.313899795066,195.603017224567,0.0,57.97800712308617,55.58729916933047,1,0.0,LP
rolling_scenario_shuffled,dev_march,development,2025-03-10,6,1,margin,11,38354.130613858484,38334.89153008276,38411.84786518566,1255.81448528978,36.794494222222056,513.7534288993545,497.68404981569813,1,0.0,LP
rolling_scenario_shuffled,dev_march,development,2025-03-10,12,2,margin,11,29343.416955482426,29320.14210377389,29413.241510608026,5.481202192222895,1067.3306743676217,401.51522335290707,331.30364858478674,1,0.0,LP
rolling_scenario_shuffled,dev_march,development,2025-03-10,18,3,margin,10,18445.32300180424,18412.001766233705,18545.286708515847,0.0,0.0,0.0,0.0,0,0.0,LP
rolling_scenario_shuffled,dev_march,development,2025-03-11,6,1,residual_7,11,39354.90493750404,38417.02508657324,42168.54449029645,6405.996445289437,293.032851218107,2105.3328460705666,1881.1107951507825,1,0.0,LP
rolling_scenario_shuffled,dev_march,development,2025-03-11,12,2,margin,11,29265.255206299724,29238.182187657178,29346.474262227362,293.0328512181072,1378.4897441920345,653.969703901423,592.029195072325,1,0.0,LP
rolling_scenario_shuffled,dev_march,development,2025-03-11,18,3,margin,10,18430.597119065496,18382.06974874087,18576.17923003937,0.0,2.2737367544323206e-13,1.3500311979441904e-13,1.2777182486648337e-13,0,0.0,LP
rolling_scenario_shuffled,dev_march,development,2025-03-12,6,1,margin,11,35789.84810539083,35751.45978219779,35905.01307496997,663.2094000000012,6767.77313294273,2622.2764427357065,2485.2253367476865,1,0.0,LP
rolling_scenario_shuffled,dev_march,development,2025-03-12,12,2,residual_0,11,28788.815686796603,28672.884411042196,29136.609514059815,787.4663857279311,1461.1253136296273,675.8414667185338,626.7257076226999,1,0.0,LP
rolling_scenario_shuffled,dev_march,development,2025-03-12,18,3,residual_7,11,18622.689955767928,18531.441538650848,18896.435207119175,132.58564549843777,0.0,34.142953673209,32.47362912074773,1,0.0,LP
rolling_scenario_shuffled,dev_march,development,2025-03-13,6,1,residual_0,11,40232.92481684103,39440.52163067374,42610.13437534287,1134.0413680946465,3199.065753711152,1758.0217344033883,1636.8782484793473,1,0.0,LP
rolling_scenario_shuffled,dev_march,development,2025-03-13,12,2,residual_7,11,28836.50011928474,28782.62411190261,28998.12814143114,172.92934181795454,98.15156931356955,78.20752084287622,70.1437315071598,1,0.0,LP
rolling_scenario_shuffled,dev_march,development,2025-03-13,18,3,keep_previous,11,18320.883203947906,18307.137926047544,18362.11903764899,0.0,0.0,0.0,0.0,0,0.0,LP
rolling_scenario_shuffled,dev_march,development,2025-03-14,6,1,residual_1,11,11372.384734169667,11203.392834307444,11879.360433756341,488.2152580866718,218.6407900246923,216.03824020813252,265.9074727362521,1,0.0,MILP
rolling_scenario_shuffled,dev_march,development,2025-03-14,12,2,residual_3,11,14478.492066075096,14452.395171703887,14556.782749188724,18.40524369110534,551.003133290506,173.70413437421612,215.9195349125421,1,0.0,LP
rolling_scenario_shuffled,dev_march,development,2025-03-14,18,3,keep_previous,11,11128.22160657523,11099.994296909475,11212.9035355725,0.0,0.0,0.0,0.0,0,0.0,LP
rolling_scenario_shuffled,dev_march,development,2025-03-15,6,1,residual_2,11,10938.700764610236,10782.553341457628,11407.14303406806,552.6664293333321,253.8867520987663,225.52821377360166,296.1621349021546,1,0.0,MILP
rolling_scenario_shuffled,dev_march,development,2025-03-15,12,2,residual_2,11,13223.068669311186,13174.282046784754,13369.428536890484,8.995293600251547e-13,430.05092045555597,142.94800877891652,186.20530788371477,1,0.0,MILP
rolling_scenario_shuffled,dev_march,development,2025-03-15,18,3,keep_previous,11,11219.273535199573,11171.600669339845,11362.292132778759,0.0,0.0,0.0,0.0,0,0.0,LP
rolling_scenario_shuffled,dev_march,development,2025-03-16,6,1,keep_previous,11,37003.947855320526,36959.54377271517,37137.16010313657,0.0,0.0,0.0,0.0,0,0.0,LP
rolling_scenario_shuffled,dev_march,development,2025-03-16,12,2,margin,11,30082.269275473165,30036.715504161613,30218.93058940782,28.042386084443706,3647.4200327640638,1363.0400096956541,1228.7755503723174,1,0.0,LP
rolling_scenario_shuffled,dev_march,development,2025-03-16,18,3,margin,10,18506.062470366753,18481.879809100315,18578.61045416606,0.0,0.0,0.0,0.0,0,0.0,LP
rolling_scenario_shuffled,dev_march,development,2025-03-17,6,1,margin,11,31490.017037003643,31468.586665528386,31554.30815142942,11.480173222222675,6421.206827115595,1724.2638359515165,1740.191756520144,1,0.0,LP
rolling_scenario_shuffled,dev_march,development,2025-03-17,12,2,point,11,26791.692924140123,26580.79751876017,27424.379140279976,417.9286867889398,391.689798666667,218.06499629585278,213.54665239289375,1,0.0,LP
rolling_scenario_shuffled,dev_march,development,2025-03-17,18,3,residual_1,11,18977.789671543425,18926.447136929866,19131.817275384095,477.4467852444492,0.0,198.7091125553496,193.6013470886107,1,0.0,LP
rolling_scenario_shuffled,dev_march,development,2025-03-18,6,1,margin,11,38484.16661338101,38454.01287517772,38574.627827990844,561.4160863633334,5258.6130712880195,2175.400562074492,2033.602608174853,1,0.0,LP
rolling_scenario_shuffled,dev_march,development,2025-03-18,12,2,margin,11,28735.18884528593,28701.448938054575,28836.408566980004,0.0,5470.401898360595,1734.1705267318814,1617.9929190375692,1,0.0,LP+MILP
rolling_scenario_shuffled,dev_march,development,2025-03-18,18,3,keep_previous,11,18707.14379059259,18673.50190201662,18808.069456320503,0.0,0.0,0.0,0.0,0,0.0,LP
rolling_scenario_shuffled,dev_march,development,2025-03-19,6,1,residual_4,11,34735.91180977311,34345.0469099535,35908.50650923194,2657.478831689372,450.3508801399171,941.2218562916062,888.6687773163012,1,0.0,LP
rolling_scenario_shuffled,dev_march,development,2025-03-19,12,2,keep_previous,11,27018.05373775358,26911.79078263002,27336.842603124256,0.0,0.0,0.0,0.0,0,0.0,LP
rolling_scenario_shuffled,dev_march,development,2025-03-19,18,3,residual_6,11,18907.860338732342,18854.408628794026,19068.21546854729,93.29675537999992,40.47200821175761,44.28975910559881,42.92550564040001,1,0.0,LP
rolling_scenario_shuffled,dev_march,development,2025-03-20,6,1,margin,11,34169.186259912676,34125.068570977455,34301.539326718324,506.0049395555567,7251.394090700963,2753.971328398193,2538.1276849670876,1,0.0,LP
rolling_scenario_shuffled,dev_march,development,2025-03-20,12,2,point,11,26554.011620568926,26512.21213746515,26679.41006988025,485.7649831426612,346.89209866666664,221.70378320715122,202.73321536217088,1,0.0,LP
rolling_scenario_shuffled,dev_march,development,2025-03-20,18,3,residual_3,11,19466.732061440514,19393.997531964324,19684.935649869083,926.3223517833367,0.0,477.8520459079419,474.2575333214205,1,0.0,LP
rolling_scenario_shuffled,dev_april,development,2025-04-17,6,1,residual_2,11,27755.944485895037,27572.95636338322,28304.908853430486,5199.565800932106,37.56911604938273,1249.7341647377716,1152.1822277770027,1,0.0,LP
rolling_scenario_shuffled,dev_april,development,2025-04-17,12,2,residual_1,11,23723.365507215192,23614.303204699052,24050.55241476361,136.45143166872367,1797.3881421742087,455.3298118473931,439.4613119151957,1,0.0,LP
rolling_scenario_shuffled,dev_april,development,2025-04-17,18,3,keep_previous,11,18553.87243205787,18464.769799218975,18821.180330574545,0.0,0.0,0.0,0.0,0,0.0,LP
rolling_scenario_shuffled,dev_april,development,2025-04-18,6,1,margin,11,6668.039310771423,6629.033125386451,6785.057866926338,977.6409285311146,3.410605131648481e-13,285.12131610637675,355.423464383523,1,0.0,MILP
rolling_scenario_shuffled,dev_april,development,2025-04-18,12,2,keep_previous,11,12027.735932711741,11986.03867031182,12152.827719911504,0.0,0.0,0.0,0.0,0,0.0,LP
rolling_scenario_shuffled,dev_april,development,2025-04-18,18,3,keep_previous,11,10911.840191371579,10884.770611919901,10993.048929726614,0.0,0.0,0.0,0.0,0,0.0,LP
rolling_scenario_shuffled,dev_april,development,2025-04-19,6,1,margin,11,6503.931668337683,6478.02384041359,6581.655152109961,1.1368683772161603e-13,244.58059866666366,88.62175329893779,111.55785508745383,1,0.0,MILP
rolling_scenario_shuffled,dev_april,development,2025-04-19,12,2,residual_0,11,12374.762720525798,12334.413134190729,12495.811479531005,288.2184383399978,223.6785593909466,120.74050860814401,161.43320363411814,1,0.0,LP
rolling_scenario_shuffled,dev_april,development,2025-04-19,18,3,residual_1,11,11121.382090407886,11062.177819585819,11298.994902874088,119.69997109761124,17.794130790123234,26.090874926968645,32.802546778084874,1,0.0,LP
rolling_scenario_shuffled,dev_april,development,2025-04-20,6,1,residual_3,11,26009.406076615214,25673.47390197914,27017.20260052343,2054.291450171746,60.831885637860296,523.310294815053,449.93585443675335,1,0.0,LP
rolling_scenario_shuffled,dev_april,development,2025-04-20,12,2,residual_5,11,23154.00588619159,23014.935584178384,23571.21679223121,187.95720737222086,445.6546556734326,183.63532177361185,158.01666046358426,1,0.0,LP
rolling_scenario_shuffled,dev_april,development,2025-04-20,18,3,keep_previous,11,18192.142194029304,18163.60656026071,18277.749095335086,0.0,0.0,0.0,0.0,0,0.0,LP
rolling_scenario_shuffled,dev_april,development,2025-04-21,6,1,residual_3,11,24404.29172566894,24229.5558100991,24928.499472378466,258.2148392555568,7618.161143004114,2037.8711096739498,1961.5445936902001,1,0.0,MILP
rolling_scenario_shuffled,dev_april,development,2025-04-21,12,2,residual_1,11,21145.78816765845,20987.142856702267,21621.724100526997,608.3878010357998,64.46556742757286,174.6540886079592,168.43194453037307,1,0.0,LP+MILP
rolling_scenario_shuffled,dev_april,development,2025-04-21,18,3,residual_1,11,18094.344893570727,18050.921276683228,18224.61574423323,127.14347294444599,44.37641114403277,95.05608428086151,90.61755537238324,1,0.0,LP
rolling_scenario_shuffled,dev_april,development,2025-04-22,6,1,residual_3,11,27623.48078986756,27151.700213094664,29038.822520186248,2234.2375071477613,295.43255756378574,678.6366110822556,558.114732289214,1,0.0,LP
rolling_scenario_shuffled,dev_april,development,2025-04-22,12,2,residual_3,11,23655.72239887105,23409.38812739973,24394.725213285015,100.33936038555248,2570.797560741729,772.0913130654258,650.9014452088122,1,0.0,LP+MILP
rolling_scenario_shuffled,dev_april,development,2025-04-22,18,3,residual_6,11,18502.50302566045,18434.78651513641,18705.652557232574,313.20031689140507,1.1368683772161603e-13,145.29268702023342,137.91459716039458,1,0.0,LP
rolling_scenario_shuffled,dev_april,development,2025-04-23,6,1,residual_0,11,25239.860382415467,24833.820131597946,26457.98113486803,3989.447884598286,49.641666666667504,1157.5526007744513,1018.3362007467883,1,0.0,LP
rolling_scenario_shuffled,dev_april,development,2025-04-23,12,2,residual_7,11,22153.706032646136,22097.565633778486,22322.12722924909,564.2765809508876,0.0,122.79823229963729,103.05799126225362,1,0.0,LP
rolling_scenario_shuffled,dev_april,development,2025-04-23,18,3,keep_previous,11,18269.530851316227,18152.14858285132,18621.67765671095,0.0,0.0,0.0,0.0,0,0.0,LP
rolling_scenario_shuffled,dev_april,development,2025-04-24,6,1,margin,11,24601.693980707114,24565.41044813434,24710.544578425444,125.51153779000225,3877.5640573991836,904.9842195137622,791.4048115531893,1,0.0,MILP
rolling_scenario_shuffled,dev_april,development,2025-04-24,12,2,keep_previous,11,22218.58514817253,22200.450033320052,22272.99049272996,0.0,0.0,0.0,0.0,0,0.0,MILP
rolling_scenario_shuffled,dev_april,development,2025-04-24,18,3,margin,11,18163.327773082827,18120.2246908032,18292.63701992171,0.0,44.01931133333312,27.414850666727645,26.758818995950662,1,0.0,LP
rolling_scenario_shuffled,dev_april,development,2025-04-25,6,1,margin,11,6465.145795466917,6420.084609572693,6600.32935314959,69.51500855555798,125.58761555556026,66.07985543630247,84.09956333678605,1,0.0,MILP
rolling_scenario_shuffled,dev_april,development,2025-04-25,12,2,margin,11,11569.620412802376,11540.568132947285,11656.77725236765,0.0,653.0817260000003,215.11767849177838,281.19734881081393,1,0.0,LP
rolling_scenario_shuffled,dev_april,development,2025-04-25,18,3,keep_previous,11,10737.106650501173,10702.869159553022,10839.81912334563,0.0,0.0,0.0,0.0,0,0.0,LP
rolling_scenario_shuffled,dev_april,development,2025-04-26,6,1,margin,11,6146.6491240485475,6112.60160248602,6248.791688736131,4.831690603168681e-13,160.21169433333947,55.6053695267253,71.44054948850811,1,0.0,MILP
rolling_scenario_shuffled,dev_april,development,2025-04-26,12,2,keep_previous,11,11750.867081707183,11710.808510712484,11871.042794691277,0.0,0.0,0.0,0.0,0,0.0,LP
rolling_scenario_shuffled,dev_april,development,2025-04-26,18,3,keep_previous,11,10857.326831515116,10811.297011425273,10995.416291784648,0.0,0.0,0.0,0.0,0,0.0,LP
rolling_scenario_shuffled,dev_april,development,2025-04-27,6,1,residual_1,11,25556.17433336342,25056.870644568866,27054.085399747073,3670.2327319811357,77.53338000000088,1088.7641412631826,1043.2276512451333,1,0.0,LP
rolling_scenario_shuffled,dev_april,development,2025-04-27,12,2,residual_1,11,22413.99116195494,22266.076310826,22857.735715341747,311.0647567492193,2261.523415370367,643.6573499005219,620.6176572670729,1,0.0,MILP
rolling_scenario_shuffled,dev_april,development,2025-04-27,18,3,residual_5,11,18888.258001664977,18832.410169210674,19055.80149902789,778.4531767261306,69.06168656817431,521.7957349477412,508.1866772092656,1,0.0,LP
rolling_scenario_shuffled,dev_april,development,2025-04-28,6,1,residual_3,11,30095.448256265576,29337.076195616184,32370.564438213747,2558.2050481600136,725.6033033333339,996.3652553269764,765.0711899235728,1,0.0,LP
rolling_scenario_shuffled,dev_april,development,2025-04-28,12,2,residual_1,11,24222.70603944044,23961.699466963295,25005.72575687188,181.31311321944474,3214.8660162345714,1044.9550528649913,843.1324343756971,1,0.0,LP
rolling_scenario_shuffled,dev_april,development,2025-04-28,18,3,residual_5,11,18250.906839371874,18124.82299519907,18629.158371890288,12.115872709112296,17.32565008230449,12.592056158201236,11.841560251025754,1,0.0,LP
rolling_scenario_shuffled,dev_april,development,2025-04-29,6,1,residual_3,11,23818.195176226982,23588.00355860324,24508.770029098203,1312.136398855555,2114.6782863305843,893.4457824588229,809.7941265248577,1,0.0,LP+MILP
rolling_scenario_shuffled,dev_april,development,2025-04-29,12,2,residual_1,11,22946.24895589726,22746.647115390915,23545.054477416284,489.84647683973105,439.98031301769777,295.72842903480444,269.04988744551173,1,0.0,MILP
rolling_scenario_shuffled,dev_april,development,2025-04-29,18,3,residual_2,11,18407.720463527723,18322.29542720875,18663.995572484633,70.72866543296243,1.1368683772161603e-13,20.32524426752482,19.88159406558415,1,0.0,LP
rolling_scenario_shuffled,dev_april,development,2025-04-30,6,1,residual_0,11,22352.139148107613,21943.591813358846,23577.78115235391,295.88909753614854,212.66085888888915,207.43289424514657,192.47511019741017,1,0.0,LP+MILP
rolling_scenario_shuffled,dev_april,development,2025-04-30,12,2,residual_6,11,20801.893265375642,20577.842830280293,21474.044570661692,376.7292104166793,47.831873333333306,149.590922797907,131.39033422794648,1,0.0,LP
rolling_scenario_shuffled,dev_april,development,2025-04-30,18,3,residual_3,11,18534.84264252613,18431.26286338293,18845.581979955736,301.54945010778056,2.4133333333332985,189.014077125479,177.69268349462035,1,0.0,LP
rolling_scenario_shuffled,val_june,validation,2025-06-08,6,1,residual_1,11,39604.34904864317,39165.97289692295,40919.47750380385,4049.888851295747,717.2014737242847,1749.4657527422467,1501.7288570391693,1,0.0,LP
rolling_scenario_shuffled,val_june,validation,2025-06-08,12,2,residual_7,11,35478.11811063091,35007.82495202941,36888.99758643539,391.7669997666684,2216.7012761118012,977.5625710871652,844.1333116651371,1,0.0,LP
rolling_scenario_shuffled,val_june,validation,2025-06-08,18,3,residual_0,11,25129.252227599885,24945.78313491006,25679.65950566937,304.00490733868367,75.83333755177375,183.195188505408,170.11035674506232,1,0.0,LP
rolling_scenario_shuffled,val_june,validation,2025-06-09,6,1,residual_3,11,41457.82576098938,41283.60309051895,41980.493772400674,168.23230151110556,1053.7676269958833,404.2206079551609,347.75951299539815,1,0.0,LP
rolling_scenario_shuffled,val_june,validation,2025-06-09,12,2,residual_6,11,36421.469720178255,36306.18927284397,36767.31106218109,159.9539505978097,190.5919766666674,183.97207703336102,173.9047749276391,1,0.0,LP
rolling_scenario_shuffled,val_june,validation,2025-06-09,18,3,residual_3,11,25102.997302402047,24995.007325885468,25426.967231951785,121.81289152441013,38.74150555555548,64.36318549208772,60.55938967226214,1,0.0,LP
rolling_scenario_shuffled,val_june,validation,2025-06-10,6,1,residual_1,11,43107.79315956088,42665.73845303341,44433.95727914331,4902.74101241845,374.1221807407409,1715.9183018799072,1509.870498344157,1,0.0,LP
rolling_scenario_shuffled,val_june,validation,2025-06-10,12,2,residual_7,11,37937.72474969936,37804.85343330192,38336.338698891675,2726.648391071182,62.14738333333321,1073.8210038140517,905.0323752877098,1,0.0,LP
rolling_scenario_shuffled,val_june,validation,2025-06-10,18,3,keep_previous,11,25620.819522477916,25409.77359900042,26253.957292910403,0.0,0.0,0.0,0.0,0,0.0,LP
rolling_scenario_shuffled,val_june,validation,2025-06-11,6,1,residual_4,11,48142.05595857167,47637.92535458924,49654.44777051896,1327.7275392244405,1943.4144991289381,1531.6665252058654,1383.6288005075326,1,0.0,LP
rolling_scenario_shuffled,val_june,validation,2025-06-11,12,2,residual_4,11,39367.9797180187,38949.35111574065,40623.86552485288,554.7390744081057,1511.733119290813,947.0576073905303,841.6210895966285,1,0.0,LP
rolling_scenario_shuffled,val_june,validation,2025-06-11,18,3,residual_6,11,25401.727498767337,25253.072725951035,25847.691817216248,149.8786386617702,62.66843352918556,115.3004254755468,110.1223817421814,1,0.0,LP
rolling_scenario_shuffled,val_june,validation,2025-06-12,6,1,residual_5,11,45845.90487630091,45692.279954563106,46306.77964151434,4055.945086581003,271.8212166666665,1714.7334124317313,1479.794713593509,1,0.0,LP
rolling_scenario_shuffled,val_june,validation,2025-06-12,12,2,residual_0,11,38372.708981204516,38134.042208993465,39088.70929783765,238.8904018106665,3740.3184675301786,1709.5619320505023,1473.2662942067554,1,0.0,LP
rolling_scenario_shuffled,val_june,validation,2025-06-12,18,3,residual_5,11,25309.41985928785,25160.02484415325,25757.604904691652,186.14881331803895,2.557038477366291,102.07149236939928,96.06356038177445,1,0.0,LP
rolling_scenario_shuffled,val_june,validation,2025-06-13,6,1,margin,11,14812.474505483435,14690.322966016467,15178.929123884338,1.9895196601282805e-13,1301.3011600000023,442.5800217473784,553.3661548040378,1,0.0,MILP
rolling_scenario_shuffled,val_june,validation,2025-06-13,12,2,residual_2,11,18718.99340075321,18570.655305772998,19164.007685693847,561.9956484522206,304.33153263374504,274.9810992688961,333.14141667610875,1,0.0,MILP
rolling_scenario_shuffled,val_june,validation,2025-06-13,18,3,keep_previous,11,16639.00452539653,16499.5184842347,17057.462648882014,0.0,0.0,0.0,0.0,0,0.0,LP
rolling_scenario_shuffled,val_june,validation,2025-06-14,6,1,residual_4,11,14647.517324167122,14443.094061870906,15260.787111055766,794.0074363888881,46.44596718333375,282.518755282961,342.7853075868326,1,0.0,MILP
rolling_scenario_shuffled,val_june,validation,2025-06-14,12,2,margin,11,19929.32147686245,19810.58324051672,20285.53618589964,719.7780552711138,924.3128464999993,612.4919466532147,714.2408386511021,1,0.0,MILP
rolling_scenario_shuffled,val_june,validation,2025-06-14,18,3,keep_previous,11,16945.881128954497,16845.2488916726,17247.777840800198,0.0,0.0,0.0,0.0,0,0.0,LP
rolling_scenario_shuffled,val_june,validation,2025-06-15,6,1,residual_2,11,46277.64951086097,45729.60479373618,47921.78366223534,6488.537780789855,181.0948671193413,2253.739906654154,2038.5166863933573,1,0.0,LP
rolling_scenario_shuffled,val_june,validation,2025-06-15,12,2,keep_previous,11,38160.799019718426,37990.322042845364,38672.229950337605,0.0,0.0,0.0,0.0,0,0.0,LP
rolling_scenario_shuffled,val_june,validation,2025-06-15,18,3,keep_previous,11,25925.67459477252,25788.096053482746,26338.410218641842,0.0,0.0,0.0,0.0,0,0.0,LP
rolling_scenario_shuffled,val_june,validation,2025-06-16,6,1,residual_2,11,46270.090774605145,45855.57266125567,47513.64511465358,3676.7132499980858,512.1523191563789,1419.8534543484043,1307.5453275715277,1,0.0,LP
rolling_scenario_shuffled,val_june,validation,2025-06-16,12,2,residual_2,11,38076.836427861956,37807.87907017875,38883.70850091157,353.510966856379,1211.6967485222995,656.5927628694403,587.8582446518444,1,0.0,LP
rolling_scenario_shuffled,val_june,validation,2025-06-16,18,3,residual_2,11,25810.5260107778,25634.93643211854,26337.294746755593,295.03800344368415,66.44951966679105,219.05602977681022,211.6037543858059,1,0.0,LP
rolling_scenario_shuffled,val_june,validation,2025-06-17,6,1,residual_2,11,49470.17907506316,48803.55395754994,51470.05442760282,1616.0588679355537,1345.2520602551433,1119.4432774031984,1010.635710852651,1,0.0,LP
rolling_scenario_shuffled,val_june,validation,2025-06-17,12,2,residual_3,11,40479.5821975328,40379.777969259216,40778.99488235356,90.71699168403052,2375.997667300406,1111.5880058920297,994.7908872731683,1,0.0,LP
rolling_scenario_shuffled,val_june,validation,2025-06-17,18,3,keep_previous,11,25648.3585456162,25515.90695506726,26045.713317263013,0.0,0.0,0.0,0.0,0,0.0,LP
rolling_scenario_shuffled,val_june,validation,2025-06-18,6,1,residual_5,11,49842.33572478685,49286.99151699993,51508.3683481476,3650.8249118805206,184.7093222222228,1623.993630736611,1483.3080577955118,1,0.0,LP
rolling_scenario_shuffled,val_june,validation,2025-06-18,12,2,margin,11,40266.60674108808,40126.665688471316,40686.429898938375,780.6999508455569,4083.11236508368,2058.2411595438048,1854.8800778381296,1,0.0,LP
rolling_scenario_shuffled,val_june,validation,2025-06-18,18,3,margin,11,25363.407420976277,25268.854621948474,25647.06581805969,0.002510000000256696,27.813564109742288,18.497790812478698,17.80910605934036,1,0.0,LP
rolling_scenario_shuffled,val_june,validation,2025-06-19,6,1,residual_2,11,42635.37223840214,42307.67391037685,43618.46722247799,2909.173868846777,7068.801312270231,3604.151464033869,3383.275389083748,1,0.0,LP
rolling_scenario_shuffled,val_june,validation,2025-06-19,12,2,residual_5,11,38516.66344640302,38199.53311171524,39468.054450466385,4664.20089413799,64.11830333333342,1863.2481286164286,1767.2111909048238,1,0.0,LP
rolling_scenario_shuffled,val_june,validation,2025-06-19,18,3,keep_previous,11,25242.178005546444,25134.51868804994,25565.15595803596,0.0,0.0,0.0,0.0,0,0.0,LP
rolling_scenario_shuffled,val_june,validation,2025-06-20,6,1,margin,11,14678.220535646162,14571.011374861513,14999.84801800011,5.684341886080802e-14,545.7892093333344,202.5275124672055,257.1068440171604,1,0.0,MILP
rolling_scenario_shuffled,val_june,validation,2025-06-20,12,2,keep_previous,11,20210.25280292421,20122.297212325197,20474.11957472125,0.0,0.0,0.0,0.0,0,0.0,LP
rolling_scenario_shuffled,val_june,validation,2025-06-20,18,3,margin,11,16785.927556676368,16643.798897071734,17212.313535490262,0.0,10.213629333331141,5.890473909865422,6.468410427895025,1,0.0,LP
rolling_scenario_shuffled,val_june,validation,2025-06-21,6,1,keep_previous,11,14052.917474941452,13954.305670892565,14348.752887088118,0.0,0.0,0.0,0.0,0,0.0,MILP
rolling_scenario_shuffled,val_june,validation,2025-06-21,12,2,keep_previous,11,20078.219773721,19999.630995084626,20313.986109630125,0.0,0.0,0.0,0.0,0,0.0,LP
rolling_scenario_shuffled,val_june,validation,2025-06-21,18,3,keep_previous,11,16945.184934913897,16872.00604827856,17164.721594819915,0.0,0.0,0.0,0.0,0,0.0,LP
rolling_scenario_shuffled,val_august,validation,2025-08-18,6,1,point,11,41138.999099193396,40923.69404722198,41784.914255107644,1150.4458766419798,0.0,268.57103359952964,236.47077130902736,1,0.0,LP+MILP
rolling_scenario_shuffled,val_august,validation,2025-08-18,12,2,point,11,39094.468642307875,38780.48027087636,40036.43375660242,0.0,2493.78602396708,777.0751548049984,683.1802633115672,1,0.0,MILP
rolling_scenario_shuffled,val_august,validation,2025-08-18,18,3,point,11,30807.684491009866,30728.620833121175,31044.87546467594,42.79661217777357,0.0,35.72019235417865,33.66213384355822,1,0.0,LP
rolling_scenario_shuffled,val_august,validation,2025-08-19,6,1,point,11,38669.86767152776,38393.55458218563,39498.80693955416,0.0,755.2773752332001,374.29998066480664,351.175546633683,1,0.0,LP
rolling_scenario_shuffled,val_august,validation,2025-08-19,12,2,point,11,38315.8654686753,38096.98127014315,38972.51806427173,812.0290108299055,655.0074208093301,519.290647395693,461.6883898746611,1,0.0,LP+MILP
rolling_scenario_shuffled,val_august,validation,2025-08-19,18,3,point,11,30935.55327540439,30711.926018463033,31606.435046228464,11.24550000000022,2.2737367544323206e-13,7.547229900000163,7.547746657500157,1,0.0,LP
rolling_scenario_shuffled,val_august,validation,2025-08-20,6,1,point,11,44620.45207952518,44168.610948814225,45975.97547165805,1739.0870827777785,4834.590780157754,2200.326449145942,1853.712221989588,1,0.0,LP
rolling_scenario_shuffled,val_august,validation,2025-08-20,12,2,point,11,38082.234894647234,37856.76309259911,38758.65030079159,0.0,892.5499450685918,294.3426345913182,246.1637119425081,1,0.0,LP
rolling_scenario_shuffled,val_august,validation,2025-08-20,18,3,residual_0,11,31128.77623530748,31012.974139788847,31476.182521863382,359.2151849934153,381.21987090534924,445.67462180147623,421.588250067894,1,0.0,LP
rolling_scenario_shuffled,val_august,validation,2025-08-21,6,1,point,11,41382.80995006714,41134.61446075974,42127.39641798935,886.2772027777777,4729.425824156382,1743.5467490821961,1476.603120785953,1,0.0,LP+MILP
rolling_scenario_shuffled,val_august,validation,2025-08-21,12,2,point,11,38535.9120977165,38368.399441931484,39038.45006507154,0.0,754.3361812787646,196.83108679920554,139.55293380930854,1,0.0,LP+MILP
rolling_scenario_shuffled,val_august,validation,2025-08-21,18,3,margin,11,30905.134841985822,30810.025006254244,31190.464349180562,431.17651407300434,0.0,312.06526313803863,304.09306605749816,1,0.0,LP
rolling_scenario_shuffled,val_august,validation,2025-08-22,6,1,point,11,17282.973566279798,16908.340159909763,18406.873785389904,121.652621166666,861.9052416666664,337.67773889738856,427.0872949221375,1,0.0,MILP
rolling_scenario_shuffled,val_august,validation,2025-08-22,12,2,keep_previous,11,23912.493589997674,23538.607991353245,25034.150385930956,0.0,0.0,0.0,0.0,0,0.0,LP
rolling_scenario_shuffled,val_august,validation,2025-08-22,18,3,residual_7,11,21402.38980585054,21303.982440246866,21697.611902661567,484.0487824666653,197.84574584362122,354.8595692485028,391.6238589520246,1,0.0,LP
rolling_scenario_shuffled,val_august,validation,2025-08-23,6,1,point,11,18331.32617548882,18104.964168125174,19010.412197579753,856.8481833333321,8.526512829121202e-14,342.37677493277727,425.4084729443644,1,0.0,MILP
rolling_scenario_shuffled,val_august,validation,2025-08-23,12,2,keep_previous,11,24712.97970954759,24345.1947194808,25816.334679747957,0.0,0.0,0.0,0.0,0,0.0,LP
rolling_scenario_shuffled,val_august,validation,2025-08-23,18,3,keep_previous,11,21245.350899878715,21158.769756612528,21505.094329677275,0.0,0.0,0.0,0.0,0,0.0,LP
rolling_scenario_shuffled,val_august,validation,2025-08-24,6,1,residual_0,11,39499.07810767724,39204.54594587178,40382.67459309362,286.611299611112,3546.2521535596725,1589.7807698674555,1420.11805336535,1,0.0,LP+MILP
rolling_scenario_shuffled,val_august,validation,2025-08-24,12,2,point,11,39569.50926507974,39375.95318281013,40150.177511888556,3125.38748798057,0.0,1187.3272774737065,1058.8953364708027,1,0.0,LP
rolling_scenario_shuffled,val_august,validation,2025-08-24,18,3,keep_previous,11,31034.96475321833,30844.550789879984,31606.206643233367,0.0,0.0,0.0,0.0,0,0.0,LP
rolling_scenario_shuffled,val_august,validation,2025-08-25,6,1,residual_2,11,48912.39889459239,48623.51871640832,49779.0394291446,533.8214408999985,14698.406299183802,5088.288062206078,4298.170511952542,1,0.0,LP
rolling_scenario_shuffled,val_august,validation,2025-08-25,12,2,margin,11,41092.397025449056,41041.90898191292,41243.861156057465,611.2308953476363,1003.0885546674949,718.7015337644032,652.5613030762531,1,0.0,LP
rolling_scenario_shuffled,val_august,validation,2025-08-25,18,3,keep_previous,11,30623.825187717084,30497.307209490442,31003.37912239701,0.0,0.0,0.0,0.0,0,0.0,LP
rolling_scenario_shuffled,val_august,validation,2025-08-26,6,1,residual_6,11,44936.82409090579,43856.262545070604,48178.50872841135,3167.8443605322977,270.9683665020575,819.7119977911914,759.6082065172076,1,0.0,LP
rolling_scenario_shuffled,val_august,validation,2025-08-26,12,2,margin,11,40342.96090345867,40089.533675023675,41103.24258876364,689.050490502056,2115.4409618217405,1020.4457544672691,941.3953391987147,1,0.0,LP+MILP
rolling_scenario_shuffled,val_august,validation,2025-08-26,18,3,keep_previous,11,30868.273961500014,30749.345165016446,31225.060350950713,0.0,0.0,0.0,0.0,0,0.0,LP
rolling_scenario_shuffled,val_august,validation,2025-08-27,6,1,point,11,50295.822632309515,49080.90649549253,53940.57104276047,7795.685024348419,0.0,2318.756939847051,2026.141702321959,1,0.0,LP
rolling_scenario_shuffled,val_august,validation,2025-08-27,12,2,point,11,41675.0205162764,41530.102646698215,42109.774125010976,0.0,4135.561056028804,1091.8685432393706,1019.765682299761,1,0.0,MILP
rolling_scenario_shuffled,val_august,validation,2025-08-27,18,3,point,11,30654.20412506287,30466.44562158539,31217.479635495318,4.7030833333334385,0.0,3.2436695441667505,3.1736865443850037,1,0.0,LP
rolling_scenario_shuffled,val_august,validation,2025-08-28,6,1,point,11,46411.40833054295,45817.86671488114,48192.033177528414,6760.858548735667,11.828794444444611,2577.559182445737,2140.872829291198,1,0.0,LP
rolling_scenario_shuffled,val_august,validation,2025-08-28,12,2,point,11,38723.86844224078,38525.28871829734,39319.607614071116,0.0,1025.4436831687262,444.7238315706693,406.39085694644257,1,0.0,LP
rolling_scenario_shuffled,val_august,validation,2025-08-28,18,3,residual_5,11,30522.809977149784,30400.693342734354,30889.15988039607,92.68227038333214,164.347930267489,124.2505568125969,120.552763362808,1,0.0,LP
rolling_scenario_shuffled,val_august,validation,2025-08-29,6,1,point,11,19002.979814112678,18800.785864449255,19609.56166310294,3.410605131648481e-13,1599.9499749999982,573.3419340260823,718.1834584705387,1,0.0,MILP
rolling_scenario_shuffled,val_august,validation,2025-08-29,12,2,point,11,25279.04262508091,24988.722388057147,26150.003336152193,863.5776349999999,3.410605131648481e-13,315.41114928208356,395.8663291943931,1,0.0,LP
rolling_scenario_shuffled,val_august,validation,2025-08-29,18,3,keep_previous,11,20861.34042366018,20747.746927543638,21202.120912009792,0.0,0.0,0.0,0.0,0,0.0,LP
rolling_scenario_shuffled,val_august,validation,2025-08-30,6,1,point,11,18166.529373561385,17988.85570870066,18699.550368143566,173.36575000000062,566.4774825308646,232.45110185277562,286.3617385850489,1,0.0,MILP
rolling_scenario_shuffled,val_august,validation,2025-08-30,12,2,point,11,24242.50104624484,24145.143393836028,24534.574003471287,0.0,370.10538611111156,134.2712204633338,171.08255027711354,1,0.0,LP
rolling_scenario_shuffled,val_august,validation,2025-08-30,18,3,keep_previous,11,21102.70945659843,20847.220548642923,21869.176180464958,0.0,0.0,0.0,0.0,0,0.0,LP
rolling_scenario_shuffled,val_august,validation,2025-08-31,6,1,point,11,41437.86162648474,41179.71460205588,42212.302699771295,2248.9182634428007,4.30756666666673,601.3487326033598,507.87022809924974,1,0.0,LP
rolling_scenario_shuffled,val_august,validation,2025-08-31,12,2,point,11,37886.936092651296,37691.992810809206,38471.765938177574,0.0,970.5268341769524,404.0177818521968,354.46878295367526,1,0.0,LP
rolling_scenario_shuffled,val_august,validation,2025-08-31,18,3,point,11,30736.520394707248,30576.605116728726,31216.266228642817,165.87408272222342,0.0,136.92905528719535,130.9510718273741,1,0.0,LP
rolling_scenario_shuffled,eval_september,evaluation,2025-09-10,6,1,point,11,36705.62371457993,36031.63292047239,38727.59609690256,0.0,4603.118918113854,1357.4418182315962,1144.3976630243285,1,0.0,LP
rolling_scenario_shuffled,eval_september,evaluation,2025-09-10,12,2,point,10,34808.96433320134,34106.852291533985,36915.3004582034,2954.5966727366217,0.0,1045.5609228910844,918.6929365837209,1,0.0,LP
rolling_scenario_shuffled,eval_september,evaluation,2025-09-10,18,3,point,10,24214.075133545186,23437.937231214375,26542.48884053762,0.35141666666663696,0.0,0.23175109194442414,0.228604155694426,1,0.0,LP
rolling_scenario_shuffled,eval_september,evaluation,2025-09-11,6,1,point,11,35948.7992527941,35299.7288021373,37896.01060476451,0.0,10268.185316790124,2565.0879692311178,2423.7780927787585,1,0.0,LP+MILP
rolling_scenario_shuffled,eval_september,evaluation,2025-09-11,12,2,point,10,31242.2542172287,30567.411197630914,33266.78327602206,60.49803333333341,211.51191436213867,63.415424038981286,65.55818624703835,1,0.0,LP+MILP
rolling_scenario_shuffled,eval_september,evaluation,2025-09-11,18,3,point,10,24070.956921000117,23327.45229676566,26301.470793703495,0.0,2.4206250000004275,1.5932069625002678,1.569445070089558,1,0.0,LP
rolling_scenario_shuffled,eval_september,evaluation,2025-09-12,6,1,point,10,15305.086572247277,14582.082064733133,17474.10009478971,2.2737367544323206e-13,740.2803711111112,235.13646601708322,311.0121262518928,1,0.0,MILP
rolling_scenario_shuffled,eval_september,evaluation,2025-09-12,12,2,point,10,19717.16389873692,18965.87467826915,21971.03156014023,886.3553766666669,5.684341886080801e-13,279.6503436286113,368.93352494251815,1,0.0,LP
rolling_scenario_shuffled,eval_september,evaluation,2025-09-12,18,3,keep_previous,10,15298.900323254282,14471.35109196755,17781.54801711448,0.0,0.0,0.0,0.0,0,0.0,LP
rolling_scenario_shuffled,eval_september,evaluation,2025-09-13,6,1,point,10,15475.273002014725,14779.07346766669,17563.871605058823,1.1368683772161603e-13,226.52633333333364,81.08592032944455,102.54845107384935,1,0.0,MILP
rolling_scenario_shuffled,eval_september,evaluation,2025-09-13,12,2,point,10,19218.93880126624,18495.90898153158,21388.028260470215,261.47121166666574,2.2737367544323206e-13,88.14790197113852,109.27755579924164,1,0.0,LP
rolling_scenario_shuffled,eval_september,evaluation,2025-09-13,18,3,point,10,15341.243482827475,14546.1389730076,17726.5570122871,4.034750000000372,0.0,2.2828884483335443,2.581135247024047,1,0.0,LP
rolling_scenario_shuffled,eval_september,evaluation,2025-09-14,6,1,point,11,37709.249997945866,37033.95813350281,39735.12559127502,0.0,6713.041034362136,2123.2137214419386,1889.8367508180977,1,0.0,LP
rolling_scenario_shuffled,eval_september,evaluation,2025-09-14,12,2,point,10,33001.06488158404,32299.94535557011,35104.42345962583,416.37734444444084,734.1873655967112,319.26848576994615,249.33896469764295,1,0.0,LP+MILP
rolling_scenario_shuffled,eval_september,evaluation,2025-09-14,18,3,keep_previous,10,23207.932040807194,22440.333584782198,25510.72740888219,0.0,0.0,0.0,0.0,0,0.0,LP
rolling_scenario_shuffled,eval_september,evaluation,2025-09-15,6,1,point,11,31872.987124846117,31221.650681080115,33826.99645614412,664.8245662499983,51.378449279837696,283.6040664111074,252.394014091237,1,0.0,LP+MILP
rolling_scenario_shuffled,eval_september,evaluation,2025-09-15,12,2,point,10,30244.768505000153,29571.45321228535,32264.714383144572,300.74989142489653,0.0,115.0477552770752,92.51453006319011,1,0.0,MILP
rolling_scenario_shuffled,eval_september,evaluation,2025-09-15,18,3,keep_previous,10,22104.071026111167,21367.27150587513,24314.46958681928,0.0,0.0,0.0,0.0,0,0.0,LP
rolling_scenario_shuffled,eval_september,evaluation,2025-09-16,6,1,point,11,36255.78833848958,35645.46965928084,38086.7443761158,149.38738611111182,4380.554227263368,1549.2868449807681,1286.268679495265,1,0.0,LP
rolling_scenario_shuffled,eval_september,evaluation,2025-09-16,12,2,point,10,32056.85539163914,31425.506070800202,33950.90335415595,32.58568105556009,3148.8163293827147,785.1776896614462,599.343032660175,1,0.0,MILP
rolling_scenario_shuffled,eval_september,evaluation,2025-09-16,18,3,point,10,22397.559850172634,21707.003530407474,24469.228809468113,3.15362499999992,0.0,2.0864382999999473,2.0115930175297105,1,0.0,LP
rolling_scenario_shuffled,eval_september,evaluation,2025-09-17,6,1,point,11,35992.27732129427,35406.132460664405,37750.71190318385,532.1037250000006,2526.496398669408,1018.6167757666698,913.9358464829448,1,0.0,LP
rolling_scenario_shuffled,eval_september,evaluation,2025-09-17,12,2,point,10,30760.581936199982,30154.194212822287,32579.74510633306,0.0,656.3173677160435,303.9832208701922,273.2524275495737,1,0.0,LP
rolling_scenario_shuffled,eval_september,evaluation,2025-09-17,18,3,keep_previous,10,22437.72724110035,21775.708494924624,24423.783479627527,0.0,0.0,0.0,0.0,0,0.0,LP
rolling_scenario_shuffled,eval_september,evaluation,2025-09-18,6,1,point,11,38262.96773493947,37702.74192858411,39943.64515400556,9379.877441324079,0.0,2392.4870220864627,2032.6932741646585,1,0.0,LP
rolling_scenario_shuffled,eval_september,evaluation,2025-09-18,12,2,point,10,32181.879214793247,31595.60164253324,33940.71193157328,0.7574633611134232,3193.1882756313466,860.0960877855919,731.0807140037853,1,0.0,LP+MILP
rolling_scenario_shuffled,eval_september,evaluation,2025-09-18,18,3,keep_previous,10,22506.82013309741,21867.36186046683,24425.194950989153,0.0,0.0,0.0,0.0,0,0.0,LP
rolling_scenario_shuffled,eval_september,evaluation,2025-09-19,6,1,point,10,15065.779102960538,14496.150454801886,16774.665047436494,340.63749083333056,1.7053025658242404e-13,107.61747308708232,137.2846677290165,1,0.0,MILP
rolling_scenario_shuffled,eval_september,evaluation,2025-09-19,12,2,point,10,18717.699631142772,18130.385918505308,20479.640769055164,0.0,762.5635119444414,248.44745448299867,315.51580371868283,1,0.0,LP
rolling_scenario_shuffled,eval_september,evaluation,2025-09-19,18,3,keep_previous,10,14843.624923253949,14222.114857837501,16708.15511950329,0.0,0.0,0.0,0.0,0,0.0,LP
rolling_scenario_shuffled,eval_september,evaluation,2025-09-20,6,1,point,10,14969.091797137746,14413.760257479342,16635.08641611296,0.4694083333353092,329.4732933333331,108.78669274550114,136.41135097018565,1,0.0,MILP
rolling_scenario_shuffled,eval_september,evaluation,2025-09-20,12,2,point,10,18534.01166487258,17962.50060939709,20248.544831299056,0.0,363.2028972222225,123.54783830472235,154.67312562622038,1,0.0,LP
rolling_scenario_shuffled,eval_september,evaluation,2025-09-20,18,3,keep_previous,10,14928.833557926295,14324.867337849106,16740.732218157864,0.0,0.0,0.0,0.0,0,0.0,LP
rolling_scenario_shuffled,eval_september,evaluation,2025-09-21,6,1,point,11,36071.96129227923,35536.155541178276,37679.378545582076,852.7161612345706,0.0,207.8579189816272,161.72459001525817,1,0.0,LP
rolling_scenario_shuffled,eval_september,evaluation,2025-09-21,12,2,point,10,32735.158100478642,32183.945631332157,34388.79550791809,4.547473508864641e-13,3443.974826893002,841.1875333053557,690.9553905895272,1,0.0,MILP
rolling_scenario_shuffled,eval_september,evaluation,2025-09-21,18,3,keep_previous,10,22992.533035358683,22411.977949709413,24734.1982923065,0.0,0.0,0.0,0.0,0,0.0,LP
rolling_scenario_shuffled,eval_september,evaluation,2025-09-22,6,1,point,11,35540.12096653276,35027.32463209669,37078.509969841005,61.97999166666534,6075.149305699591,1896.2991805871811,1618.7763483806993,1,0.0,LP+MILP
rolling_scenario_shuffled,eval_september,evaluation,2025-09-22,12,2,point,10,30257.016858398725,29729.760137910507,31838.787019863375,56.16958333333332,50.27938775034602,40.758607972879005,33.082068038905476,1,0.0,LP
rolling_scenario_shuffled,eval_september,evaluation,2025-09-22,18,3,keep_previous,10,22060.09341365918,21506.329223926263,23721.385982857926,0.0,0.0,0.0,0.0,0,0.0,LP
rolling_scenario_shuffled,eval_september,evaluation,2025-09-23,6,1,point,11,35796.552448331975,35318.75968869832,37229.93072723293,0.0,1259.680410795612,416.34634131598165,336.46681606078573,1,0.0,LP
rolling_scenario_shuffled,eval_september,evaluation,2025-09-23,12,2,point,10,31137.345834529653,30645.33406957585,32613.38112939107,0.0,1033.9063267352522,335.12806127307823,286.1273783839616,1,0.0,LP
rolling_scenario_shuffled,eval_september,evaluation,2025-09-23,18,3,keep_previous,10,22349.84310574772,21833.21771556484,23899.71927629637,0.0,0.0,0.0,0.0,0,0.0,LP
rolling_scenario_shuffled,eval_december,evaluation,2025-12-08,6,1,keep_previous,11,61516.544002261784,61466.78199646291,61665.83001965841,0.0,0.0,0.0,0.0,0,0.0,LP
rolling_scenario_shuffled,eval_december,evaluation,2025-12-08,12,2,margin,11,41045.44270523831,41014.60406770348,41137.95861784279,88.94935468888696,4047.483303098764,1586.2076044647433,1372.5533750589839,1,0.0,LP
rolling_scenario_shuffled,eval_december,evaluation,2025-12-08,18,3,margin,10,19280.809514292592,19247.970132657556,19379.3276591977,0.0,0.0,0.0,0.0,0,0.0,LP
rolling_scenario_shuffled,eval_december,evaluation,2025-12-09,6,1,margin,11,60005.20683399685,59911.30931353777,60286.89939537408,273.07827146110685,3350.667481274439,1718.5282948744473,1516.3017040648374,1,0.0,LP
rolling_scenario_shuffled,eval_december,evaluation,2025-12-09,12,2,margin,11,39544.8302723178,39513.0823180035,39640.07413526069,0.0,1317.2946771002466,554.6472041381846,496.7851030659841,1,0.0,LP
rolling_scenario_shuffled,eval_december,evaluation,2025-12-09,18,3,margin,10,19432.15632577016,19363.711176297707,19637.491774187514,1.2505552149377763e-12,0.0,8.344954949279781e-13,7.626510978298029e-13,0,0.0,LP
rolling_scenario_shuffled,eval_december,evaluation,2025-12-10,6,1,residual_0,11,61199.3240898464,60920.650709613175,62035.34423054606,4365.78226437428,421.7496000000002,2119.6301730333366,1854.003652453995,1,0.0,LP
rolling_scenario_shuffled,eval_december,evaluation,2025-12-10,12,2,residual_5,11,40477.446181120584,40257.36120621753,41137.70110582975,57.99937002221918,1220.8792205075392,628.4642467442696,550.0210584013277,1,0.0,LP
rolling_scenario_shuffled,eval_december,evaluation,2025-12-10,18,3,margin,11,19494.555198288894,19440.740684043623,19655.998741024698,549.7519513760786,0.9285909465013447,212.3827126173248,196.83286271146562,1,0.0,LP
rolling_scenario_shuffled,eval_december,evaluation,2025-12-11,6,1,margin,11,59640.22967868786,59574.05448359146,59838.75526397704,2.2426033333333635,4312.4755921851865,1967.9033068561755,1815.71928900795,1,0.0,LP
rolling_scenario_shuffled,eval_december,evaluation,2025-12-11,12,2,margin,11,38560.41168424467,38512.043494509104,38705.516253451366,75.59546146888977,1326.5513303881949,609.1098118760369,545.6478768066028,1,0.0,LP
rolling_scenario_shuffled,eval_december,evaluation,2025-12-11,18,3,margin,10,19361.90904119794,19325.011185965832,19472.60260689427,0.0,0.0,0.0,0.0,0,0.0,LP
rolling_scenario_shuffled,eval_december,evaluation,2025-12-12,6,1,residual_7,11,24968.46228096468,24472.5394947201,26456.230639698424,2922.6179448875855,51.26690288065811,802.423149241527,995.57005234784,1,0.0,LP
rolling_scenario_shuffled,eval_december,evaluation,2025-12-12,12,2,residual_0,11,17583.79848402858,17429.94672262018,18045.35376825377,271.5693134471963,1314.407893504801,419.5171430352315,490.16680703602066,1,0.0,LP
rolling_scenario_shuffled,eval_december,evaluation,2025-12-12,18,3,residual_3,11,11826.760656086479,11745.05483034318,12071.878133316372,77.08459264444429,9.985590982787471,22.067639723574732,25.52593408374937,1,0.0,LP
rolling_scenario_shuffled,eval_december,evaluation,2025-12-13,6,1,margin,11,25845.646425701594,25782.168990249305,26036.078732058464,2240.9452574622746,1057.5208526211156,1054.5750432595414,1313.2607679783846,1,0.0,LP
rolling_scenario_shuffled,eval_december,evaluation,2025-12-13,12,2,margin,11,18332.689857023815,18277.496169355352,18498.2709200292,0.0,2294.9393535816125,681.7196841136621,861.2444045034063,1,0.0,LP
rolling_scenario_shuffled,eval_december,evaluation,2025-12-13,18,3,keep_previous,11,11915.63124447102,11866.158139252528,12064.050560126496,0.0,0.0,0.0,0.0,0,0.0,LP
rolling_scenario_shuffled,eval_december,evaluation,2025-12-14,6,1,residual_5,11,61667.64001150546,61245.173675144586,62935.03902058806,4699.513800018245,207.84253460905325,2237.8371753186198,1997.92484668111,1,0.0,LP
rolling_scenario_shuffled,eval_december,evaluation,2025-12-14,12,2,residual_1,11,40704.787701848196,40416.87014251454,41568.54037984916,556.7947544178346,140.84207463250902,303.9317285392412,274.04132853998226,1,0.0,LP
rolling_scenario_shuffled,eval_december,evaluation,2025-12-14,18,3,keep_previous,11,19841.564252687353,19721.16986504635,20202.747415610353,0.0,0.0,0.0,0.0,0,0.0,LP
rolling_scenario_shuffled,eval_december,evaluation,2025-12-15,6,1,residual_6,11,62879.52834594147,62282.37067664902,64671.001353818814,1921.2192981920496,611.1009299067225,1131.8517665626655,1021.4836732141704,1,0.0,LP
rolling_scenario_shuffled,eval_december,evaluation,2025-12-15,12,2,keep_previous,11,39915.17176212195,39803.4625549041,40250.2993837755,0.0,0.0,0.0,0.0,0,0.0,LP
rolling_scenario_shuffled,eval_december,evaluation,2025-12-15,18,3,margin,11,19823.976189912915,19790.977898323603,19922.97106468085,395.08768420814897,0.0,110.71569781951527,108.40753090180378,1,0.0,LP
rolling_scenario_shuffled,eval_december,evaluation,2025-12-16,6,1,margin,11,62774.1701281407,62735.140204640105,62891.25989864248,0.0,4059.777777108357,1991.9530797838643,1823.4379411292673,1,0.0,LP
rolling_scenario_shuffled,eval_december,evaluation,2025-12-16,12,2,margin,11,39931.296560074516,39886.7417485055,40064.96099478158,0.16680000000042128,885.0687264032995,412.1368373210378,389.5546565760695,1,0.0,LP
rolling_scenario_shuffled,eval_december,evaluation,2025-12-16,18,3,keep_previous,11,19725.70485537392,19691.391231639445,19828.645726577342,0.0,0.0,0.0,0.0,0,0.0,LP
rolling_scenario_shuffled,eval_december,evaluation,2025-12-17,6,1,margin,11,61871.88888929198,61809.84945808955,62058.007182899266,0.0,6213.780297522631,3057.9188786548084,2792.413257915065,1,0.0,LP
rolling_scenario_shuffled,eval_december,evaluation,2025-12-17,12,2,margin,11,39442.86875079857,39412.949622681954,39532.626135148406,28.386805962221956,729.1642782633738,376.9895762116596,353.2313611772556,1,0.0,LP
rolling_scenario_shuffled,eval_december,evaluation,2025-12-17,18,3,margin,10,19501.67906252573,19473.527771463774,19586.1329357116,0.0,0.0,0.0,0.0,0,0.0,LP
rolling_scenario_shuffled,eval_december,evaluation,2025-12-18,6,1,keep_previous,11,61111.08195969431,61049.23910891451,61296.610512033716,0.0,0.0,0.0,0.0,0,0.0,LP
rolling_scenario_shuffled,eval_december,evaluation,2025-12-18,12,2,margin,11,39742.32982959451,39706.0830980768,39851.07002414766,25.326535067776035,2227.7571261673484,871.2971553296086,866.7164948509503,1,0.0,LP
rolling_scenario_shuffled,eval_december,evaluation,2025-12-18,18,3,margin,10,19487.129145286992,19451.91693980932,19592.76576172001,0.0,0.0,0.0,0.0,0,0.0,LP
rolling_scenario_shuffled,eval_december,evaluation,2025-12-19,6,1,residual_0,11,23964.02280397604,23603.278238241583,25046.256501179418,2288.637810573382,0.0,534.6517690113529,710.8566854214754,1,0.0,LP
rolling_scenario_shuffled,eval_december,evaluation,2025-12-19,12,2,margin,11,17435.10878223341,17404.01673868197,17528.384912887715,563.490626317003,1417.9609551961578,564.3870805510121,742.2176595360095,1,0.0,LP
rolling_scenario_shuffled,eval_december,evaluation,2025-12-19,18,3,keep_previous,11,11791.036374746196,11753.734826254684,11902.94102022073,0.0,0.0,0.0,0.0,0,0.0,LP
rolling_scenario_shuffled,eval_december,evaluation,2025-12-20,6,1,margin,11,24051.727806467432,24021.108548793232,24143.58557949003,0.0,4184.566998325099,1205.5784974781711,1604.1742720199413,1,0.0,LP
rolling_scenario_shuffled,eval_december,evaluation,2025-12-20,12,2,margin,11,16925.715603630168,16870.03516215366,17092.756928059687,96.51655104937942,932.0680405980742,225.81029977326264,327.1344915273811,1,0.0,LP
rolling_scenario_shuffled,eval_december,evaluation,2025-12-20,18,3,keep_previous,11,11977.883251544501,11933.75719136415,12110.261432085557,0.0,0.0,0.0,0.0,0,0.0,LP
rolling_scenario_shuffled,eval_december,evaluation,2025-12-21,6,1,residual_4,11,60685.90980761883,60561.94553255082,61057.80263282288,0.0,5760.111674248605,2676.2916611844234,2455.9498138451554,1,0.0,LP
rolling_scenario_shuffled,eval_december,evaluation,2025-12-21,12,2,residual_3,11,41315.88304798967,41157.07465488513,41792.30822730328,2034.686731949254,94.50240175308727,968.3518413075108,901.8004276605873,1,0.0,LP
rolling_scenario_shuffled,eval_december,evaluation,2025-12-21,18,3,residual_1,11,19692.435402715517,19646.86429121245,19829.14873722472,154.33060012460953,63.68767060111168,74.74280906487404,72.17330140070712,1,0.0,LP
rolling_scenario_price_update,dev_march,development,2025-03-07,6,1,margin,11,11080.204017603302,11048.13221242047,11176.419433151796,5.684341886080802e-14,1072.046259694099,322.6535793772281,388.9544093752978,1,-0.07586150793650795,MILP
rolling_scenario_price_update,dev_march,development,2025-03-07,12,2,margin,11,11893.743535481124,11865.642231858592,11978.04744634872,3.2888428888876433,94.5612168888913,32.52026554685034,36.11266869860254,1,-0.14343730158730159,LP
rolling_scenario_price_update,dev_march,development,2025-03-07,18,3,keep_previous,11,8571.845699779968,8558.221115716478,8612.719451970435,0.0,0.0,0.0,0.0,0,-0.1591027116402116,LP
rolling_scenario_price_update,dev_march,development,2025-03-08,6,1,margin,11,9701.900371050659,9672.528683136961,9790.015434791749,2.1032064978498966e-12,32.08736320667066,11.20976334536441,14.277150005098724,1,-0.07644563492063494,MILP
rolling_scenario_price_update,dev_march,development,2025-03-08,12,2,keep_previous,11,11706.765408932355,11681.893190390234,11781.382064558722,0.0,0.0,0.0,0.0,0,-0.14372867063492067,LP
rolling_scenario_price_update,dev_march,development,2025-03-08,18,3,keep_previous,11,8401.531803663009,8390.83418439555,8433.624661465385,0.0,0.0,0.0,0.0,0,-0.17183154761904762,LP
rolling_scenario_price_update,dev_march,development,2025-03-09,6,1,margin,11,37991.540614439684,37977.30441389218,38034.24921608217,0.0,7656.881182989024,2540.6454745472674,2508.706172197927,1,0.023616666666666675,LP
rolling_scenario_price_update,dev_march,development,2025-03-09,12,2,margin,11,30203.315447142202,30189.71541997422,30244.11552864614,1584.3497356107573,1465.655882515773,942.4918063883479,981.1316350293488,1,0.036466269841269834,LP+MILP
rolling_scenario_price_update,dev_march,development,2025-03-09,18,3,margin,10,19246.582898088407,19232.83015915586,19287.841114886054,0.0,0.0,0.0,0.0,0,0.03676362433862433,LP
rolling_scenario_price_update,dev_march,development,2025-03-10,6,1,margin,11,39887.28610720228,39864.490806513146,39955.67200926969,1255.81448528978,36.794494222222056,513.7534288993545,516.8783955163267,1,0.029698611111111106,LP
rolling_scenario_price_update,dev_march,development,2025-03-10,12,2,margin,11,31289.075439053104,31269.016788352266,31349.251391155616,5.481202192222895,1067.3306743676217,401.51522335290707,358.83739732562003,1,0.051330059523809514,LP
rolling_scenario_price_update,dev_march,development,2025-03-10,18,3,margin,10,19865.43286806257,19843.14089350395,19932.30879173843,0.0,0.0,0.0,0.0,0,0.059918055555555544,LP
rolling_scenario_price_update,dev_march,development,2025-03-11,6,1,residual_6,11,42346.98605016605,41387.997277000424,45223.95236966294,7999.945487942396,248.22855424691375,2693.174772346499,2516.1509519586775,1,0.026433928571428567,LP
rolling_scenario_price_update,dev_march,development,2025-03-11,12,2,margin,11,31274.55776072147,31246.472902620044,31358.81233502574,248.22855424691397,2759.2785074005506,1193.1038190111015,1134.04953182305,1,0.040207837301587314,LP
rolling_scenario_price_update,dev_march,development,2025-03-11,18,3,margin,10,19536.41464348227,19506.790406913897,19625.287353187377,0.0,2.2737367544323206e-13,1.1099245966761372e-13,1.1419145840547917e-13,0,0.04757440476190476,LP
rolling_scenario_price_update,dev_march,development,2025-03-12,6,1,margin,11,38441.11948942838,38224.359411872516,39091.39972209599,776.8505338600012,11113.824189401927,4106.7636666625995,4003.6483738433076,1,0.01966130952380951,LP
rolling_scenario_price_update,dev_march,development,2025-03-12,12,2,margin,11,29697.33254952631,29668.71233109511,29783.19320481991,1155.9065150285176,885.3162415130286,713.6284138648449,673.7499961894453,1,0.02083601190476191,LP
rolling_scenario_price_update,dev_march,development,2025-03-12,18,3,margin,10,19217.100047262848,19186.0905668002,19310.128488650786,0.0,1.1368683772161603e-13,5.250626600172836e-14,5.280801733581857e-14,0,0.032187037037037035,LP
rolling_scenario_price_update,dev_march,development,2025-03-13,6,1,margin,11,43414.78912321538,42982.52635485934,44711.577428283475,2528.3360961850003,3826.691065934449,2569.3805876065735,2365.6523464155453,1,0.028441269841269837,LP
rolling_scenario_price_update,dev_march,development,2025-03-13,12,2,margin,11,32256.58644061401,32220.39244266177,32365.168434470732,0.0,2575.741581134427,941.3506089695471,901.3749493089981,1,0.05399335317460319,LP
rolling_scenario_price_update,dev_march,development,2025-03-13,18,3,margin,10,19805.37759319306,19766.441229183405,19922.186685222034,1.1368683772161603e-13,0.0,4.9595882956054996e-14,5.322036521065264e-14,0,0.06212685185185186,LP
rolling_scenario_price_update,dev_march,development,2025-03-14,6,1,margin,11,10439.52900842582,10389.57657789083,10589.386300030785,1028.2076696666709,1.1368683772161603e-13,334.5582047999294,396.1333172357686,1,-0.07357142857142857,MILP
rolling_scenario_price_update,dev_march,development,2025-03-14,12,2,margin,11,11635.536842754907,11585.92380026936,11784.375970211546,0.0,618.3738718888893,196.31314870590592,206.10617957480997,1,-0.1527797619047619,LP
rolling_scenario_price_update,dev_march,development,2025-03-14,18,3,keep_previous,11,8425.353485742497,8376.308794425704,8572.487559692876,0.0,0.0,0.0,0.0,0,-0.1695181878306878,LP
rolling_scenario_price_update,dev_march,development,2025-03-15,6,1,margin,11,10239.298760794536,10186.119144900462,10398.837608476762,1081.6733723333318,5.684341886080802e-14,335.4448482250109,427.00908826213634,1,-0.06431488095238097,MILP
rolling_scenario_price_update,dev_march,development,2025-03-15,12,2,margin,11,11166.513042638722,11112.368685332105,11328.94611455857,7.389644451905042e-13,623.8742347777812,185.22126768034653,221.20988253685425,1,-0.1190938492063492,MILP
rolling_scenario_price_update,dev_march,development,2025-03-15,18,3,keep_previous,11,8786.732396181604,8735.372091798017,8940.813309332361,0.0,0.0,0.0,0.0,0,-0.149611044973545,LP
rolling_scenario_price_update,dev_march,development,2025-03-16,6,1,margin,11,40599.455030622965,40266.78348879001,41597.46965612182,1592.75285292667,777.8198675666629,955.6776601973497,933.5430049988316,1,0.022933333333333337,LP
rolling_scenario_price_update,dev_march,development,2025-03-16,12,2,margin,11,31780.866456205156,31709.82618414732,31993.98727237867,0.0,4782.908057359256,1761.3999634345723,1666.0713684956745,1,0.033121230158730156,LP
rolling_scenario_price_update,dev_march,development,2025-03-16,18,3,margin,10,19641.61142372278,19565.90141924749,19868.741437148656,0.0,1.1368683772161603e-13,5.1784354582196103e-14,5.145816283368698e-14,0,0.045318716931216946,LP
rolling_scenario_price_update,dev_march,development,2025-03-17,6,1,margin,11,32305.76374070155,32241.91028557425,32497.32410608345,11.480173222222675,6421.206827115595,1724.2638359515165,1798.1618809669383,1,0.018023611111111126,LP+MILP
rolling_scenario_price_update,dev_march,development,2025-03-17,12,2,residual_1,11,27229.186893906757,27062.08690169268,27730.48687054899,267.3764662488573,326.73562892181144,176.06835978911,174.83183290643152,1,0.013781845238095253,LP
rolling_scenario_price_update,dev_march,development,2025-03-17,18,3,margin,11,19556.098313462484,19483.87138742053,19772.77909158835,731.8975471273636,0.0,347.76403287350144,351.06469445832465,1,0.01824728835978837,LP
rolling_scenario_price_update,dev_march,development,2025-03-18,6,1,margin,11,40291.89243315683,39935.64986679921,41360.620132229655,561.4160863633334,5258.6130712880195,2175.400562074492,2096.377511955342,1,0.021572023809523826,LP
rolling_scenario_price_update,dev_march,development,2025-03-18,12,2,margin,11,30293.643038933296,30220.041048171508,30514.44901121867,0.0,5470.401898360595,1734.1705267318814,1731.3252105888137,1,0.04143472222222223,LP+MILP
rolling_scenario_price_update,dev_march,development,2025-03-18,18,3,keep_previous,11,19726.273989370544,19645.772121362377,19967.77959339505,0.0,0.0,0.0,0.0,0,0.04078154761904763,LP
rolling_scenario_price_update,dev_march,development,2025-03-19,6,1,margin,11,38434.18420831976,37895.49199986587,40050.26083368142,5410.92204371056,0.0,1774.5036127948667,1787.2058019609042,1,0.029882936507936504,LP
rolling_scenario_price_update,dev_march,development,2025-03-19,12,2,margin,11,29525.688910800673,29449.286477851234,29754.896209648992,0.0,2894.1840856213953,1015.3467619750162,1022.3952732719013,1,0.04278472222222222,LP
rolling_scenario_price_update,dev_march,development,2025-03-19,18,3,keep_previous,11,19855.132583227678,19772.05198282716,20104.374384429233,0.0,0.0,0.0,0.0,0,0.04054761904761905,LP
rolling_scenario_price_update,dev_march,development,2025-03-20,6,1,margin,11,36030.700876493676,35813.04165668151,36683.67853593018,506.0049395555567,7251.394090700963,2753.971328398193,2664.527883749278,1,0.03258829365079366,LP+MILP
rolling_scenario_price_update,dev_march,development,2025-03-20,12,2,residual_0,11,28327.106501843948,28150.40670078448,28857.20590502235,388.1580790109782,243.48041428806522,198.9406996143397,193.83451563040302,1,0.04451001984126983,LP
rolling_scenario_price_update,dev_march,development,2025-03-20,18,3,margin,11,20821.38153443132,20732.443696194678,21088.195049141243,974.4838627513984,0.0,546.9775723199263,560.2944899600706,1,0.05219999999999999,LP
rolling_scenario_price_update,dev_april,development,2025-04-17,6,1,residual_5,11,29991.264514543607,29779.440893240197,30626.735378453843,3653.529581890102,402.3493704197536,947.6542196294309,890.5225072670451,1,0.02822003968253969,LP
rolling_scenario_price_update,dev_april,development,2025-04-17,12,2,margin,11,26301.581637462165,26269.861971427024,26396.74063556759,361.24918390308716,3319.7426817462306,948.9571356684019,988.9133497889209,1,0.046222916666666655,LP+MILP
rolling_scenario_price_update,dev_april,development,2025-04-17,18,3,keep_previous,11,19638.793931799617,19605.75458360674,19737.911976378247,0.0,0.0,0.0,0.0,0,0.051394444444444444,LP
rolling_scenario_price_update,dev_april,development,2025-04-18,6,1,margin,11,5911.836191357935,5867.341480190142,6045.320324861314,1.1368683772161603e-13,326.9757001111053,108.78822812994781,137.4168321240736,1,-0.05972242063492064,MILP
rolling_scenario_price_update,dev_april,development,2025-04-18,12,2,keep_previous,11,9814.526746434023,9763.410513016015,9967.875446688045,0.0,0.0,0.0,0.0,0,-0.12675386904761904,LP
rolling_scenario_price_update,dev_april,development,2025-04-18,18,3,keep_previous,11,8553.464165582009,8522.998521191563,8644.861098753348,0.0,0.0,0.0,0.0,0,-0.1515042328042328,LP
rolling_scenario_price_update,dev_april,development,2025-04-19,6,1,keep_previous,11,5806.778987058704,5777.6094813132695,5894.287504295008,0.0,0.0,0.0,0.0,0,-0.06689722222222222,MILP
rolling_scenario_price_update,dev_april,development,2025-04-19,12,2,residual_0,11,10321.063073918429,10163.374407014153,10794.129074631255,230.0604582977719,105.89980439094683,97.99398586436863,110.76990872580225,1,-0.12043462301587302,LP
rolling_scenario_price_update,dev_april,development,2025-04-19,18,3,keep_previous,11,8578.462177085114,8548.328940518304,8668.86188678554,0.0,0.0,0.0,0.0,0,-0.1542595238095238,LP
rolling_scenario_price_update,dev_april,development,2025-04-20,6,1,margin,11,27151.142381924983,27109.013571060004,27277.528814519927,378.95980837584756,241.0383756666679,144.58416110143034,127.43782923276042,1,0.022751785714285714,LP+MILP
rolling_scenario_price_update,dev_april,development,2025-04-20,12,2,margin,11,25069.882260189992,25034.746426822054,25175.289760293806,74.16000687222413,1116.154548035656,306.5795006938511,272.255714904418,1,0.04155873015873016,LP+MILP
rolling_scenario_price_update,dev_april,development,2025-04-20,18,3,keep_previous,11,19386.754000769328,19346.27514337923,19508.190572939628,0.0,0.0,0.0,0.0,0,0.05141514550264551,LP
rolling_scenario_price_update,dev_april,development,2025-04-21,6,1,margin,11,26799.112034505142,26706.56761596482,27076.745290126106,5.684341886080801e-13,8750.822024611803,2241.0802696728506,2297.9484414269828,1,0.030914087301587314,MILP
rolling_scenario_price_update,dev_april,development,2025-04-21,12,2,keep_previous,11,22801.36327731509,22754.47129075333,22942.039237000372,0.0,0.0,0.0,0.0,0,0.04281101190476192,MILP
rolling_scenario_price_update,dev_april,development,2025-04-21,18,3,keep_previous,11,18896.695986336206,18856.72348491031,19016.613490613894,0.0,0.0,0.0,0.0,0,0.037395965608465614,LP
rolling_scenario_price_update,dev_april,development,2025-04-22,6,1,margin,11,29547.046301605504,29455.53071906524,29821.5930492263,5024.515819722894,0.0,1452.5403184329573,1324.2349484570677,1,0.03152063492063493,LP+MILP
rolling_scenario_price_update,dev_april,development,2025-04-22,12,2,margin,11,25655.194421216635,25597.179548283395,25829.239040016353,6.821210263296962e-13,3882.772370864192,1075.074920978339,996.6467224692956,1,0.042858134920634935,LP+MILP
rolling_scenario_price_update,dev_april,development,2025-04-22,18,3,keep_previous,11,19556.56478177792,19489.87516992489,19756.63361733701,0.0,0.0,0.0,0.0,0,0.0566681216931217,LP
rolling_scenario_price_update,dev_april,development,2025-04-23,6,1,margin,11,27606.08420124026,27227.617422559983,28741.484537281096,2591.811906351106,0.0,748.4717407177365,679.1564379019876,1,0.04231091269841271,LP
rolling_scenario_price_update,dev_april,development,2025-04-23,12,2,margin,11,24606.292943923872,24546.853944472394,24784.609942278315,0.0,1298.7225353271833,364.34646818611566,349.4778439928481,1,0.04790803571428572,LP
rolling_scenario_price_update,dev_april,development,2025-04-23,18,3,keep_previous,11,19482.527312526654,19414.59834255303,19686.314222447534,0.0,0.0,0.0,0.0,0,0.05606805555555556,LP
rolling_scenario_price_update,dev_april,development,2025-04-24,6,1,margin,11,25965.24275880622,25702.542324421807,26753.344061959455,125.51153779000225,3877.5640573991836,904.9842195137622,852.6200977183522,1,0.030584126984127005,MILP
rolling_scenario_price_update,dev_april,development,2025-04-24,12,2,keep_previous,11,23926.880077234022,23760.361328171533,24426.43632442149,0.0,0.0,0.0,0.0,0,0.04498482142857146,MILP
rolling_scenario_price_update,dev_april,development,2025-04-24,18,3,keep_previous,11,19215.461678324293,19158.14309701554,19387.41742225055,0.0,0.0,0.0,0.0,0,0.043973214285714296,LP
rolling_scenario_price_update,dev_april,development,2025-04-25,6,1,margin,11,5664.56733553163,5603.891762316574,5846.594055176796,69.51500855555798,125.58761555556026,66.07985543630247,76.41277156725576,1,-0.07879742063492061,MILP
rolling_scenario_price_update,dev_april,development,2025-04-25,12,2,margin,11,9258.589375706984,9200.439304003296,9433.03959081805,0.0,653.0817260000003,215.11767849177838,236.09476677196483,1,-0.13812232142857142,LP+MILP
rolling_scenario_price_update,dev_april,development,2025-04-25,18,3,keep_previous,11,8154.24116020922,8095.876487201111,8329.335179233547,0.0,0.0,0.0,0.0,0,-0.16963915343915342,LP
rolling_scenario_price_update,dev_april,development,2025-04-26,6,1,margin,11,5371.936684368344,5314.196755575525,5545.1564707468015,2.0179413695586845e-12,160.2116943333389,55.605369526725156,65.17288681439112,1,-0.07824226190476193,MILP
rolling_scenario_price_update,dev_april,development,2025-04-26,12,2,keep_previous,11,8916.929793529966,8857.2354067349,9096.01295391516,0.0,0.0,0.0,0.0,0,-0.1651780753968254,LP
rolling_scenario_price_update,dev_april,development,2025-04-26,18,3,keep_previous,11,8079.065168229981,8026.915038485911,8235.51555746219,0.0,0.0,0.0,0.0,0,-0.1780570105820106,LP
rolling_scenario_price_update,dev_april,development,2025-04-27,6,1,margin,11,26274.077738235046,26035.28518130469,26990.455409026115,845.190796003337,361.2251566117926,454.5579700730162,430.7477314904726,1,0.01379503968253969,LP
rolling_scenario_price_update,dev_april,development,2025-04-27,12,2,margin,11,24572.714729095882,24523.130447118856,24721.467575026956,26.137864164444636,2856.434559000003,645.0868612415967,684.9162083770643,1,0.03490178571428573,MILP
rolling_scenario_price_update,dev_april,development,2025-04-27,18,3,margin,11,19608.488559491114,19553.816340476773,19772.50521653414,412.1737210022243,4.547473508864641e-13,257.46573765464524,261.15874083479076,1,0.04599808201058203,LP
rolling_scenario_price_update,dev_april,development,2025-04-28,6,1,margin,11,31122.57162714554,31077.834346201653,31256.783469977192,76.176079000002,1084.5352478106952,390.11168799828124,335.1880601221732,1,0.0278906746031746,LP
rolling_scenario_price_update,dev_april,development,2025-04-28,12,2,margin,11,27731.95290499951,27691.03855686483,27854.69594940355,0.2624255555583659,5082.647283628261,1480.531124555932,1357.9490926974884,1,0.07761170634920633,LP+MILP
rolling_scenario_price_update,dev_april,development,2025-04-28,18,3,keep_previous,11,20247.19230607596,20199.51636319236,20390.220134726747,0.0,0.0,0.0,0.0,0,0.08972056878306878,LP
rolling_scenario_price_update,dev_april,development,2025-04-29,6,1,margin,11,25516.883065895403,25469.528530867843,25658.946670978075,630.8857288888875,4750.663207152267,1328.9468562501984,1218.72637835213,1,0.01497896825396826,LP+MILP
rolling_scenario_price_update,dev_april,development,2025-04-29,12,2,margin,11,24423.625962526687,24391.464080341408,24520.111609082524,25.067385593332574,1626.849979799718,309.5056789104102,311.431487322499,1,0.025287500000000004,MILP
rolling_scenario_price_update,dev_april,development,2025-04-29,18,3,keep_previous,11,19364.707531255153,19324.59484822248,19485.045580353173,0.0,0.0,0.0,0.0,0,0.04185793650793651,LP
rolling_scenario_price_update,dev_april,development,2025-04-30,6,1,margin,11,23956.19975545776,23890.046047510725,24154.660879298874,0.0,1848.6791775960905,609.376180048294,530.4522248321031,1,0.01831130952380953,LP+MILP
rolling_scenario_price_update,dev_april,development,2025-04-30,12,2,margin,11,22168.558075943176,22127.720119240796,22291.07194605032,34.54667399999926,1755.4276803147372,549.8067698593363,525.7522370953961,1,0.033550297619047625,LP+MILP
rolling_scenario_price_update,dev_april,development,2025-04-30,18,3,keep_previous,11,19130.678853788682,19081.480684094902,19278.273362870015,0.0,0.0,0.0,0.0,0,0.039243253968253976,LP
rolling_scenario_price_update,val_june,validation,2025-06-08,6,1,residual_4,11,43671.76841505324,43396.25376123349,44498.31237651246,4466.121117794238,3190.0724260508605,2695.3539986345577,2431.0051658135017,1,0.0354172619047619,LP
rolling_scenario_price_update,val_june,validation,2025-06-08,12,2,margin,11,38199.49872935194,37906.84973366068,39077.44571642569,497.70927577670693,3536.068097562422,1452.1843165318585,1305.4168179602348,1,0.040547222222222214,LP
rolling_scenario_price_update,val_june,validation,2025-06-08,18,3,keep_previous,11,27111.933175128357,26797.93905747434,28053.9155280904,0.0,0.0,0.0,0.0,0,0.06437433862433861,LP
rolling_scenario_price_update,val_june,validation,2025-06-09,6,1,residual_3,11,46540.930738246854,46307.33129393056,47241.72907119575,12.115302000000042,4174.767256176952,1553.3191696771723,1448.3375513460408,1,0.04714642857142856,LP
rolling_scenario_price_update,val_june,validation,2025-06-09,12,2,margin,11,41214.70679921989,40967.61525748075,41955.98142443733,559.7215303895721,1098.5755703566583,784.8119245984931,748.6709966346245,1,0.07147301587301588,LP
rolling_scenario_price_update,val_june,validation,2025-06-09,18,3,margin,11,28160.5285331226,27902.68955092055,28934.04547972875,0.0,58.432834333330675,39.008734045942646,39.49258672953425,1,0.09302003968253969,LP
rolling_scenario_price_update,val_june,validation,2025-06-10,6,1,residual_2,11,45808.226649407836,45441.22637419935,46909.22747503329,3172.2634901533656,214.79393722222233,1200.6561687801666,1110.6144971077254,1,0.03759265873015871,LP
rolling_scenario_price_update,val_june,validation,2025-06-10,12,2,keep_previous,11,40884.83536318035,40520.07777199349,41979.108136740906,0.0,0.0,0.0,0.0,0,0.0659469246031746,LP
rolling_scenario_price_update,val_june,validation,2025-06-10,18,3,residual_0,11,27983.077422172057,27763.09227053978,28643.032877068883,219.2150806333326,36.69157611111143,147.47137966875778,152.82950760505335,1,0.08410482804232802,LP
rolling_scenario_price_update,val_june,validation,2025-06-11,6,1,margin,11,50829.777713595315,50654.48050562929,51355.66933749338,4434.878575008944,484.010332938272,1895.5395291401771,1719.7965600710017,1,0.032296626984126976,LP
rolling_scenario_price_update,val_june,validation,2025-06-11,12,2,margin,11,43487.154690450596,43255.278187695956,44182.78419871452,30.739356374447652,1851.8153658779152,842.1714479800853,820.7421807644265,1,0.0803220238095238,LP
rolling_scenario_price_update,val_june,validation,2025-06-11,18,3,margin,11,28175.446420009754,27964.34318207882,28808.756133802548,0.0,31.201462707782298,20.84841724275413,21.1247104043607,1,0.09776005291005291,LP
rolling_scenario_price_update,val_june,validation,2025-06-12,6,1,residual_0,11,48392.83450015592,48231.49015232431,48876.86754365075,3730.9629314177046,156.20821666666666,1551.7835760661053,1357.5177180010483,1,0.02581051587301587,LP
rolling_scenario_price_update,val_june,validation,2025-06-12,12,2,margin,11,42107.19440268931,41710.82753168231,43296.2950157103,262.97153690522316,3715.803618788762,1764.4062652285832,1621.5556782735766,1,0.05020585317460318,LP
rolling_scenario_price_update,val_june,validation,2025-06-12,18,3,keep_previous,11,27369.618749720143,27194.865570726095,27893.87828670229,0.0,0.0,0.0,0.0,0,0.07617268518518516,LP
rolling_scenario_price_update,val_june,validation,2025-06-13,6,1,residual_2,11,13813.706058384185,13528.112664096085,14670.486241248484,12.57007333333388,2217.655806069966,725.2542752837044,813.0224534105855,1,-0.0735142857142857,MILP
rolling_scenario_price_update,val_june,validation,2025-06-13,12,2,residual_1,11,16834.479849702944,16583.375948361117,17587.79155372842,1286.0147947339512,37.06964000000028,462.1867782201594,487.14975103598624,1,-0.09691557539682541,MILP
rolling_scenario_price_update,val_june,validation,2025-06-13,18,3,residual_0,11,14123.172780581346,13941.547744911228,14668.047887591698,190.89489439712037,90.25511328148343,98.59067533526274,92.19240531547239,1,-0.12713617724867726,LP
rolling_scenario_price_update,val_june,validation,2025-06-14,6,1,residual_1,11,13749.155950848784,13449.602955476123,14647.814936966774,676.1206195500031,4.604316927725449e-12,210.1042446562756,239.52567593428606,1,-0.07218115079365081,MILP
rolling_scenario_price_update,val_june,validation,2025-06-14,12,2,residual_0,11,17027.346018008422,16870.074680735663,17499.160029826693,292.1762865111101,888.992963019544,396.87981597568773,410.057103717519,1,-0.12566200396825397,MILP
rolling_scenario_price_update,val_june,validation,2025-06-14,18,3,residual_0,11,14118.491140335882,13955.894459079009,14606.281184106498,0.0,0.5281966735242918,0.30746443136936524,0.28585024913046664,1,-0.1417134259259259,LP
rolling_scenario_price_update,val_june,validation,2025-06-15,6,1,residual_0,11,48023.00867808322,47898.30000571036,48397.134695201785,4441.7590494933165,384.49384566255344,1779.2968151904047,1718.6161402516414,1,0.02154920634920633,LP
rolling_scenario_price_update,val_june,validation,2025-06-15,12,2,margin,11,41172.39355445053,41036.46493254321,41580.17942017249,187.21015971810812,1855.182236538171,750.2695781008897,751.6911820797432,1,0.046529464285714285,LP
rolling_scenario_price_update,val_june,validation,2025-06-15,18,3,margin,11,27524.613253803844,27377.95755021545,27964.580364569018,0.0,13.38817694444458,8.788646528227853,8.943527898520385,1,0.05610059523809525,LP
rolling_scenario_price_update,val_june,validation,2025-06-16,6,1,residual_5,11,47417.77582803979,47213.92645731684,48029.32394020865,650.676580606667,1358.80161741758,870.8747455520164,829.446394972572,1,0.029825396825396817,LP
rolling_scenario_price_update,val_june,validation,2025-06-16,12,2,margin,11,41314.36298044788,41151.03683758981,41804.341409022076,669.4191007983543,1392.5320353309494,880.772032612862,868.8682731001525,1,0.05453363095238095,LP
rolling_scenario_price_update,val_june,validation,2025-06-16,18,3,keep_previous,11,27497.306489414917,27317.679410589622,28036.187725890803,0.0,0.0,0.0,0.0,0,0.06502592592592592,LP
rolling_scenario_price_update,val_june,validation,2025-06-17,6,1,residual_4,11,51621.88524582535,51399.69115241996,52288.46752604154,2884.712402685558,1627.7796741488892,1923.5069718779218,1810.3275709649633,1,0.0305156746031746,LP
rolling_scenario_price_update,val_june,validation,2025-06-17,12,2,margin,11,44214.24434948602,44022.224827907194,44790.3029142225,548.8622620738679,2366.717059374031,1289.041895490304,1252.8402510173778,1,0.054155555555555554,LP
rolling_scenario_price_update,val_june,validation,2025-06-17,18,3,keep_previous,11,27780.315279780898,27572.53644095753,28403.651796251004,0.0,0.0,0.0,0.0,0,0.0701772486772487,LP
rolling_scenario_price_update,val_june,validation,2025-06-18,6,1,residual_3,11,51416.4636951606,51204.833817437786,52051.35332832905,2973.5532012566637,2136.0524857020573,2183.316422967056,2059.6903235297036,1,0.021806547619047625,LP
rolling_scenario_price_update,val_june,validation,2025-06-18,12,2,residual_4,11,43029.84600601759,42825.95433043149,43641.521032775905,73.59658345983473,5632.892255072851,2440.743190167156,2352.219827091087,1,0.04608482142857144,LP
rolling_scenario_price_update,val_june,validation,2025-06-18,18,3,residual_0,11,27061.492448791207,26906.489224146168,27526.50212272632,214.96744689720333,91.06518333333338,113.84412095403947,117.9253439656313,1,0.05735145502645505,LP
rolling_scenario_price_update,val_june,validation,2025-06-19,6,1,residual_2,11,46304.62423132498,45989.755683365285,47249.22987520407,3845.0532341816324,8964.04555651551,4751.12806722909,4612.628188854773,1,0.02527380952380952,LP
rolling_scenario_price_update,val_june,validation,2025-06-19,12,2,residual_3,11,39984.96192952743,39829.89151130386,40450.173184198145,3127.2236387905878,138.22128864609078,1238.057562969207,1250.8409821270482,1,0.04195575396825397,LP
rolling_scenario_price_update,val_june,validation,2025-06-19,18,3,keep_previous,11,26302.532705167698,26134.13707874349,26807.719584440318,0.0,0.0,0.0,0.0,0,0.040831679894179906,LP
rolling_scenario_price_update,val_june,validation,2025-06-20,6,1,residual_1,11,14091.638332674276,13967.82219337391,14463.086750575374,367.9346040011127,391.9664136790137,245.84775779301603,274.42496486151106,1,-0.07733412698412696,MILP
rolling_scenario_price_update,val_june,validation,2025-06-20,12,2,margin,11,17381.48492601325,17223.212594084922,17856.301921798233,350.56373967901357,772.1084207788879,387.6986061178824,403.102783553118,1,-0.1387175595238095,LP
rolling_scenario_price_update,val_june,validation,2025-06-20,18,3,keep_previous,11,13389.856262270838,13268.408083256047,13754.200799315215,0.0,0.0,0.0,0.0,0,-0.1631709656084656,LP
rolling_scenario_price_update,val_june,validation,2025-06-21,6,1,residual_0,11,14153.431093011262,14013.485898741623,14573.266675820181,862.0234070322217,317.7643597860098,391.11826200370126,479.1298341025343,1,-0.0637047619047619,MILP
rolling_scenario_price_update,val_june,validation,2025-06-21,12,2,margin,11,17420.44249238502,17160.6086417163,18199.944044391184,324.62553318267487,825.7167320000001,371.9884677839689,418.0945769527429,1,-0.13773392857142858,LP
rolling_scenario_price_update,val_june,validation,2025-06-21,18,3,margin,11,13380.527897171089,13245.621094117312,13785.248306332418,0.0,30.34523591769414,17.009225679326835,16.11503514554867,1,-0.17461785714285713,LP
rolling_scenario_price_update,val_august,validation,2025-08-18,6,1,margin,11,43312.540834843574,43235.59536824479,43543.37723463992,17.407080327839253,79.94365555555703,60.05794084544445,57.95881388644247,1,0.041733134920634934,LP+MILP
rolling_scenario_price_update,val_august,validation,2025-08-18,12,2,margin,11,41810.69313582456,41731.553666582906,42048.11154354951,0.04029744444449079,2354.7567391549997,790.8020116194236,759.7895800976357,1,0.05452063492063491,MILP
rolling_scenario_price_update,val_august,validation,2025-08-18,18,3,keep_previous,11,32939.95532929431,32853.840365112876,33198.30022183862,0.0,0.0,0.0,0.0,0,0.06567175925925925,LP
rolling_scenario_price_update,val_august,validation,2025-08-19,6,1,margin,11,40702.543770442426,40638.67867514201,40894.139056343694,5.674936222221845,2208.3834309904096,880.6312984865477,838.5448713656432,1,0.03539900793650795,LP+MILP
rolling_scenario_price_update,val_august,validation,2025-08-19,12,2,point,11,40364.38221743134,40271.530517772175,40642.937316408825,698.2873831804545,1502.7518279341568,636.4486078568747,592.1793661801149,1,0.04968422619047618,LP+MILP
rolling_scenario_price_update,val_august,validation,2025-08-19,18,3,keep_previous,11,32591.462617098357,32507.346333459795,32843.81146801404,0.0,0.0,0.0,0.0,0,0.05765859788359787,LP
rolling_scenario_price_update,val_august,validation,2025-08-20,6,1,margin,11,46793.99141081459,46638.73352265177,47259.76507530306,1746.5320403333294,5481.083468079561,2390.525553135868,2141.402557602507,1,0.03532083333333334,LP
rolling_scenario_price_update,val_august,validation,2025-08-20,12,2,margin,11,41797.21893097741,41656.864020364905,42218.28366281492,0.0,1493.4057469190657,535.2808743156754,517.2387425547759,1,0.08104880952380952,LP
rolling_scenario_price_update,val_august,validation,2025-08-20,18,3,keep_previous,11,33360.98554281295,33216.51417577399,33794.39964392984,0.0,0.0,0.0,0.0,0,0.08537685185185186,LP
rolling_scenario_price_update,val_august,validation,2025-08-21,6,1,margin,11,43520.10728995351,43373.64717590995,43959.48763208416,937.4781976666618,5813.321701604938,2022.971021545894,1780.298249643262,1,0.02686765873015872,LP+MILP
rolling_scenario_price_update,val_august,validation,2025-08-21,12,2,margin,11,41069.40188442563,40938.955095679914,41460.74225066277,0.0,1321.8814894814827,471.627342454558,420.367003045598,1,0.04736547619047618,MILP
rolling_scenario_price_update,val_august,validation,2025-08-21,18,3,keep_previous,11,32664.304498961068,32529.89718009913,33067.526455546875,0.0,0.0,0.0,0.0,0,0.06506097883597883,LP
rolling_scenario_price_update,val_august,validation,2025-08-22,6,1,margin,11,16283.460816255696,16211.427332753598,16499.561266761993,8.386109666667153,802.7744117777765,279.8186709784887,333.2873708071869,1,-0.058582539682539694,MILP
rolling_scenario_price_update,val_august,validation,2025-08-22,12,2,margin,11,20448.38507126141,20377.461726332185,20661.155106049086,0.0,141.37595298628128,74.89818470611677,77.47706753338795,1,-0.12229007936507935,LP
rolling_scenario_price_update,val_august,validation,2025-08-22,18,3,keep_previous,11,17652.07029002969,17583.17275532299,17858.762894149786,0.0,0.0,0.0,0.0,0,-0.13889365079365076,LP
rolling_scenario_price_update,val_august,validation,2025-08-23,6,1,residual_7,11,16984.212334506523,16911.31574474561,17202.90210378926,754.6952482355574,334.58136200000087,319.14577587396946,359.94746795938244,1,-0.0810886904761905,MILP
rolling_scenario_price_update,val_august,validation,2025-08-23,12,2,residual_7,11,21110.57413704475,21040.353501149835,21321.236044729492,35.91708233333003,1.5676916666668603,13.430658309943285,15.207960257146073,1,-0.11737003968253967,LP
rolling_scenario_price_update,val_august,validation,2025-08-23,18,3,keep_previous,11,18001.11307376391,17929.532108807718,18215.85596863249,0.0,0.0,0.0,0.0,0,-0.1429042328042328,LP
rolling_scenario_price_update,val_august,validation,2025-08-24,6,1,margin,11,40995.552696450424,40782.60481986369,41634.396326210626,9.767759043337009,2770.8311738010952,1245.5177158083575,1128.6664938789988,1,0.024418253968253954,LP+MILP
rolling_scenario_price_update,val_august,validation,2025-08-24,12,2,residual_6,11,41824.00676259633,41698.264061905196,42201.234864669714,1995.2564629883907,808.0975941111093,1074.2719117599793,1031.177407392682,1,0.04176130952380952,MILP
rolling_scenario_price_update,val_august,validation,2025-08-24,18,3,keep_previous,11,32511.073463031044,32395.086438426995,32859.03453684319,0.0,0.0,0.0,0.0,0,0.04909325396825397,LP
rolling_scenario_price_update,val_august,validation,2025-08-25,6,1,margin,11,51368.94600264788,51235.99150700394,51767.809489579675,186.18488810111353,11834.913741260621,4032.7591538547313,3552.8697313110583,1,0.02324365079365078,LP
rolling_scenario_price_update,val_august,validation,2025-08-25,12,2,margin,11,45313.627988840264,45107.25082624829,45932.75947661618,0.0,4500.034618435815,1769.261669961144,1634.9106715004436,1,0.056340972222222216,LP
rolling_scenario_price_update,val_august,validation,2025-08-25,18,3,keep_previous,11,33329.51696960703,33133.95022236343,33916.217211337826,0.0,0.0,0.0,0.0,0,0.07749424603174603,LP
rolling_scenario_price_update,val_august,validation,2025-08-26,6,1,margin,11,46308.225078657706,46017.97888075219,47178.963672374266,4876.582356290821,0.0,1263.1343862868139,1171.4103542336015,1,0.011201587301587289,LP+MILP
rolling_scenario_price_update,val_august,validation,2025-08-26,12,2,margin,11,43167.994163723335,42939.31465537806,43854.032688759165,0.0,4656.254091773664,1481.0287311547568,1428.220539128053,1,0.039980952380952374,MILP
rolling_scenario_price_update,val_august,validation,2025-08-26,18,3,margin,11,32743.81382914503,32528.58644610137,33389.495978276005,0.0,11.595204333332617,8.310341124793926,8.286890605173861,1,0.05521772486772487,LP
rolling_scenario_price_update,val_august,validation,2025-08-27,6,1,margin,11,51692.9305945543,51071.622358599394,53556.855302419026,9569.362825775039,0.0,3088.7845683303385,2751.9548771799505,1,0.014468849206349213,LP
rolling_scenario_price_update,val_august,validation,2025-08-27,12,2,margin,11,45929.878234239135,45630.886707214704,46826.85281531244,0.0,6235.296906965708,1921.2572246574252,1927.021867690758,1,0.053097222222222226,MILP
rolling_scenario_price_update,val_august,validation,2025-08-27,18,3,keep_previous,11,32941.8046820474,32667.360582459907,33765.13698080986,0.0,0.0,0.0,0.0,0,0.06740039682539682,LP
rolling_scenario_price_update,val_august,validation,2025-08-28,6,1,residual_2,11,50850.305073462805,49222.404082731926,55734.00804565543,7018.855986714271,378.8864324444452,2759.5424418535463,2451.4213123678182,1,0.021570039682539677,LP
rolling_scenario_price_update,val_august,validation,2025-08-28,12,2,residual_2,11,43149.12525932316,42969.26649388839,43688.701555627486,0.0,3180.5586379497454,1133.904688943081,1104.3048068057005,1,0.08265396825396826,LP
rolling_scenario_price_update,val_august,validation,2025-08-28,18,3,margin,11,32954.19057449986,32872.4242860953,33199.489439713536,222.63489127592175,0.0,58.274308992843686,65.08626237107211,1,0.08286256613756615,LP
rolling_scenario_price_update,val_august,validation,2025-08-29,6,1,margin,11,18475.38230503742,18150.112806936173,19451.19079934115,2.7619312222252077,1901.2070597355528,663.3423458507931,766.6422004459623,1,-0.07197698412698411,MILP
rolling_scenario_price_update,val_august,validation,2025-08-29,12,2,margin,11,21970.131809216957,21752.42942643717,22623.23895755631,646.4067816666671,2.2737367544323206e-13,234.44985590602286,260.28778075449065,1,-0.11159414682539683,LP
rolling_scenario_price_update,val_august,validation,2025-08-29,18,3,margin,11,17751.678069960104,17662.655887164656,18018.74461834645,0.0,9.198994000001676,5.79811609432329,5.710576461720517,1,-0.13771150793650794,LP
rolling_scenario_price_update,val_august,validation,2025-08-30,6,1,residual_2,11,18181.461450863077,18046.785699333403,18585.48870545209,174.28489511110791,1172.58847051852,374.9623747719754,398.1959204484153,1,-0.0674376984126984,MILP
rolling_scenario_price_update,val_august,validation,2025-08-30,12,2,residual_0,11,20895.471800924686,20789.471136815973,21213.47379325082,173.437604979424,1139.6118313717423,392.9836279555809,395.3129306864614,1,-0.14588680555555553,LP
rolling_scenario_price_update,val_august,validation,2025-08-30,18,3,margin,11,17409.93244436492,17323.71382469654,17668.588303370063,419.88433327005833,0.0,120.66017852956877,105.12957717758682,1,-0.1577371031746032,LP
rolling_scenario_price_update,val_august,validation,2025-08-31,6,1,margin,11,42996.486352207765,42901.671627651485,43280.93052587659,511.33620103205453,362.3529095555533,305.97280836697513,265.8967479684171,1,0.0091390873015873,LP+MILP
rolling_scenario_price_update,val_august,validation,2025-08-31,12,2,margin,11,40673.13678783387,40563.4163159694,41002.298203427286,3.836850888887625,3148.277995783259,1178.9717963824746,1096.4025758434457,1,0.04562688492063493,LP
rolling_scenario_price_update,val_august,validation,2025-08-31,18,3,keep_previous,11,32257.618944202586,32150.072746435944,32580.257537502508,0.0,0.0,0.0,0.0,0,0.05787533068783071,LP
rolling_scenario_price_update,eval_september,evaluation,2025-09-10,6,1,point,11,37579.12867358159,36890.055087113935,39646.349432984556,0.0,4603.118918113854,1357.4418182315962,1187.3532563807153,1,0.018663690476190476,LP+MILP
rolling_scenario_price_update,eval_september,evaluation,2025-09-10,12,2,point,10,37055.85392454631,36311.1882531372,39289.85093877363,2954.5966727366217,0.0,1045.5609228910844,996.4823667802389,1,0.052656547619047624,LP
rolling_scenario_price_update,eval_september,evaluation,2025-09-10,18,3,point,10,26082.26006288846,25251.97012832641,28573.12986657461,0.35141666666663696,0.0,0.23175109194442414,0.2403781247475555,1,0.06700859788359788,LP
rolling_scenario_price_update,eval_september,evaluation,2025-09-11,6,1,point,11,36684.77002385282,36022.715108892844,38670.93476873276,0.0,10268.185316790124,2565.0879692311178,2508.8318758169917,1,0.01656646825396825,LP+MILP
rolling_scenario_price_update,eval_september,evaluation,2025-09-11,12,2,point,10,32562.479970044238,31859.194449899187,34672.3365304794,60.49803333333341,211.51191436213867,63.415424038981286,70.49365563133509,1,0.03628888888888888,LP+MILP
rolling_scenario_price_update,eval_september,evaluation,2025-09-11,18,3,point,10,24951.75194352043,24183.437628059946,27256.694889901883,0.0,2.4206250000004275,1.5932069625002678,1.6077561834948224,1,0.03165390211640211,LP
rolling_scenario_price_update,eval_september,evaluation,2025-09-12,6,1,point,10,13672.161147912018,13022.901740604173,15619.939369835556,2.2737367544323206e-13,740.2803711111112,235.13646601708322,280.0997658385023,1,-0.08351527777777776,MILP
rolling_scenario_price_update,eval_september,evaluation,2025-09-12,12,2,point,10,16531.66023423303,15894.256680306442,18443.8708960128,886.3553766666669,5.684341886080801e-13,279.6503436286113,311.7603056944799,1,-0.12900744047619048,LP
rolling_scenario_price_update,eval_september,evaluation,2025-09-12,18,3,keep_previous,10,12259.62674980629,11569.62658970113,14329.627230121765,0.0,0.0,0.0,0.0,0,-0.15577466931216932,LP
rolling_scenario_price_update,eval_september,evaluation,2025-09-13,6,1,point,10,13978.894516413682,13347.013144535556,15874.538632048063,1.1368683772161603e-13,226.52633333333364,81.08592032944455,94.05528667338638,1,-0.0749861111111111,MILP
rolling_scenario_price_update,eval_september,evaluation,2025-09-13,12,2,point,10,15762.550579884288,15161.39053443146,17566.030716242767,261.47121166666574,2.2737367544323206e-13,88.14790197113852,90.71130993820945,1,-0.1420136904761905,LP
rolling_scenario_price_update,eval_september,evaluation,2025-09-13,18,3,point,10,12160.842714666398,11503.636148937365,14132.462411853496,4.034750000000372,0.0,2.2828884483335443,2.256998589021372,1,-0.16067248677248677,LP
rolling_scenario_price_update,eval_september,evaluation,2025-09-14,6,1,point,11,39745.904931357225,39054.02765781289,41821.53675199023,0.0,8383.393892378595,2737.3206447307084,2575.5171473993073,1,0.028812896825396832,LP+MILP
rolling_scenario_price_update,eval_september,evaluation,2025-09-14,12,2,point,10,35648.031917354005,34891.78226354531,37916.78087878007,416.37734444444084,734.1873655967112,319.26848576994615,287.02595147602216,1,0.06551041666666667,LP+MILP
rolling_scenario_price_update,eval_september,evaluation,2025-09-14,18,3,keep_previous,10,25360.41637708924,24527.570336391494,27858.95449918248,0.0,0.0,0.0,0.0,0,0.07770992063492062,LP
rolling_scenario_price_update,eval_september,evaluation,2025-09-15,6,1,point,10,33642.28603125374,32958.258594813626,35694.36834057409,358.3771445833317,183.7600565102883,224.4142469778868,209.69228694412976,1,0.04009285714285715,LP+MILP
rolling_scenario_price_update,eval_september,evaluation,2025-09-15,12,2,point,10,32225.623253845624,31509.184380825776,34374.93987290516,298.7952390586411,0.0,114.32606676052164,100.45912085883171,1,0.0528576388888889,MILP
rolling_scenario_price_update,eval_september,evaluation,2025-09-15,18,3,keep_previous,10,23761.9152584272,22974.748763683907,26123.41474265708,0.0,0.0,0.0,0.0,0,0.06174107142857143,LP
rolling_scenario_price_update,eval_september,evaluation,2025-09-16,6,1,point,11,38481.25032575268,37899.60232804094,40226.19431888787,149.38738611111182,6386.777256787978,2228.314387145031,1958.690157374293,1,0.030084722222222225,LP
rolling_scenario_price_update,eval_september,evaluation,2025-09-16,12,2,point,10,34532.41005891069,33853.068073684495,36570.43601458927,32.58568105556009,3148.8163293827147,785.1776896614462,699.2822950811343,1,0.06282718253968254,MILP
rolling_scenario_price_update,eval_september,evaluation,2025-09-16,18,3,point,10,24507.005490519467,23756.809080558156,26757.5947204034,3.15362499999992,0.0,2.0864382999999473,2.1346825261647937,1,0.07806223544973544,LP
rolling_scenario_price_update,eval_september,evaluation,2025-09-17,6,1,point,11,37852.58507046841,37301.15280060252,39506.88188006609,0.0,3793.3387137270247,1191.6927343487737,1108.8344748277418,1,0.03358095238095238,LP+MILP
rolling_scenario_price_update,eval_september,evaluation,2025-09-17,12,2,point,10,33642.2858728746,32979.84805918121,35629.59931395477,0.0,656.3173677160435,303.9832208701922,298.4032187887172,1,0.0766421626984127,LP+MILP
rolling_scenario_price_update,eval_september,evaluation,2025-09-17,18,3,keep_previous,10,24586.207845587003,23866.137783688333,26746.418031283014,0.0,0.0,0.0,0.0,0,0.07936395502645502,LP
rolling_scenario_price_update,eval_september,evaluation,2025-09-18,6,1,point,11,39224.804571153705,38695.79037142006,40811.84717035465,7601.158022440744,0.0,1904.5736645100378,1710.4475741841466,1,0.023389880952380943,LP
rolling_scenario_price_update,eval_september,evaluation,2025-09-18,12,2,point,10,34595.25138346094,33966.157367405816,36482.5334316263,0.7574633611134232,3196.5594451100837,858.1577482500409,824.9650404164774,1,0.06053561507936508,LP+MILP
rolling_scenario_price_update,eval_september,evaluation,2025-09-18,18,3,keep_previous,10,24294.758449600133,23608.517212955867,26353.482159532934,0.0,0.0,0.0,0.0,0,0.06616329365079364,LP
rolling_scenario_price_update,eval_september,evaluation,2025-09-19,6,1,point,10,13726.350605514916,13205.036951774462,15290.29156673628,340.63749083333056,1.7053025658242404e-13,107.61747308708232,125.66342096709536,1,-0.06823234126984129,MILP
rolling_scenario_price_update,eval_september,evaluation,2025-09-19,12,2,point,10,16228.05550109943,15714.297959614652,17769.328125553766,0.0,762.5635119444414,248.44745448299867,275.9368283446438,1,-0.10380505952380953,LP
rolling_scenario_price_update,eval_september,evaluation,2025-09-19,18,3,keep_previous,10,12443.820129551632,11908.262643448506,14050.49258786101,0.0,0.0,0.0,0.0,0,-0.1250832671957672,LP
rolling_scenario_price_update,eval_september,evaluation,2025-09-20,6,1,point,10,13364.17062407665,12865.274169148846,14860.859988860062,0.4694083333353092,329.4732933333331,108.78669274550114,122.87018171615898,1,-0.08208194444444444,MILP
rolling_scenario_price_update,eval_september,evaluation,2025-09-20,12,2,point,10,15755.266543389353,15264.094150066576,17228.783723357687,0.0,363.2028972222225,123.54783830472235,133.46297722927898,1,-0.11679503968253968,LP
rolling_scenario_price_update,eval_september,evaluation,2025-09-20,18,3,keep_previous,10,12339.393705567809,11824.827298950122,13883.092925420868,0.0,0.0,0.0,0.0,0,-0.13388915343915342,LP
rolling_scenario_price_update,eval_september,evaluation,2025-09-21,6,1,point,11,38195.4503620784,37637.56022551183,39869.12077177813,67.34065833333307,2182.6616792675254,823.7533283904058,812.6082536321869,1,0.033389682539682525,LP
rolling_scenario_price_update,eval_september,evaluation,2025-09-21,12,2,point,10,34992.70006801688,34404.12998093819,36758.410329252954,4.547473508864641e-13,2759.620771711934,658.3967995678104,612.3598600793089,1,0.05648422619047618,MILP
rolling_scenario_price_update,eval_september,evaluation,2025-09-21,18,3,keep_previous,10,24814.79527010612,24191.350923521113,26685.12830986114,0.0,0.0,0.0,0.0,0,0.06677705026455028,LP
rolling_scenario_price_update,eval_september,evaluation,2025-09-22,6,1,margin,11,37952.42566143974,37436.83008130154,39499.21240185435,0.0,8492.728114651814,2574.486282103694,2331.7534203680384,1,0.03326091269841269,LP+MILP
rolling_scenario_price_update,eval_september,evaluation,2025-09-22,12,2,point,10,32675.81102754557,32109.516141801996,34374.695684776285,0.0,412.0887119259273,206.48683255283208,193.24305166290907,1,0.06176755952380951,LP
rolling_scenario_price_update,eval_september,evaluation,2025-09-22,18,3,keep_previous,10,24032.04071972149,23432.444245909206,25830.830141158352,0.0,0.0,0.0,0.0,0,0.07479087301587303,LP
rolling_scenario_price_update,eval_september,evaluation,2025-09-23,6,1,margin,11,37958.81911413069,37469.76258389549,39425.988704836294,0.0,3507.592764759948,1101.7647165136004,997.7204569610128,1,0.02348829365079365,LP
rolling_scenario_price_update,eval_september,evaluation,2025-09-23,12,2,point,10,33684.32946172247,33158.43592531725,35262.010070938115,0.0,1690.0979667914949,459.18824396400623,444.54202356773646,1,0.05745972222222221,LP+MILP
rolling_scenario_price_update,eval_september,evaluation,2025-09-23,18,3,keep_previous,10,24310.912406340514,23752.168798227314,25987.143230680114,0.0,0.0,0.0,0.0,0,0.0737130291005291,LP
rolling_scenario_price_update,eval_december,evaluation,2025-12-08,6,1,margin,11,66763.94082400287,66684.30016710552,67002.8627946949,883.156358861105,560.8750199945141,757.4708229039245,694.615456911941,1,0.05575535714285714,LP
rolling_scenario_price_update,eval_december,evaluation,2025-12-08,12,2,margin,11,45602.973181939116,45567.789992430815,45708.52275046401,12.290452577778296,4604.794658088815,1909.2899480811568,1853.5902043765614,1,0.08801557539682542,LP
rolling_scenario_price_update,eval_december,evaluation,2025-12-08,18,3,margin,10,21685.16232889841,21650.034095014875,21790.54703054901,0.0,0.0,0.0,0.0,0,0.09891170634920635,LP
rolling_scenario_price_update,eval_december,evaluation,2025-12-09,6,1,margin,11,62734.910841859964,62595.267241931455,63153.84164164551,273.07827146110685,3350.667481274439,1718.5282948744473,1584.6283649289912,1,0.037710515873015875,LP
rolling_scenario_price_update,eval_december,evaluation,2025-12-09,12,2,margin,11,43170.164374800384,43131.980120433844,43284.7171379,0.0,1317.2946771002453,554.6472041381837,547.2207616474675,1,0.07657460317460317,LP
rolling_scenario_price_update,eval_december,evaluation,2025-12-09,18,3,margin,10,21565.44631917073,21527.187653575133,21680.222315957522,0.0,0.0,0.0,0.0,0,0.08962824074074074,LP
rolling_scenario_price_update,eval_december,evaluation,2025-12-10,6,1,margin,11,64947.51789587508,64608.941004512,65963.2485699643,3042.148037403337,216.25171097942462,1527.028496189373,1408.9448876601716,1,0.04061210317460317,LP
rolling_scenario_price_update,eval_december,evaluation,2025-12-10,12,2,margin,11,44750.58124475609,44711.388344808984,44868.15994459739,0.0,2279.0459369465466,1150.4819974699267,1102.8307860845987,1,0.07753630952380952,LP
rolling_scenario_price_update,eval_december,evaluation,2025-12-10,18,3,margin,10,21561.283223807754,21522.014177504694,21679.090362716935,0.0,0.0,0.0,0.0,0,0.094239417989418,LP
rolling_scenario_price_update,eval_december,evaluation,2025-12-11,6,1,margin,11,62086.2337219621,61659.23335055179,63367.23483619303,2.2426033333333635,4312.4755921851865,1967.9033068561755,1872.192871913639,1,0.026177182539682542,LP
rolling_scenario_price_update,eval_december,evaluation,2025-12-11,12,2,margin,11,41246.915405019274,41208.58155571405,41361.916952934924,75.59546146888977,1326.5513303881949,609.1098118760369,587.0571803325286,1,0.05906557539682541,LP
rolling_scenario_price_update,eval_december,evaluation,2025-12-11,18,3,margin,10,20963.89932991508,20925.577686310437,21078.86426072901,0.0,0.0,0.0,0.0,0,0.06644041005291007,LP
rolling_scenario_price_update,eval_december,evaluation,2025-12-12,6,1,margin,11,23437.777344588198,23002.861945863868,24742.523540761187,2213.7898008661177,0.0,605.3501360645353,671.5146458109982,1,-0.07248273809523809,LP
rolling_scenario_price_update,eval_december,evaluation,2025-12-12,12,2,residual_2,11,15596.097325081157,15510.523845487112,15852.817763863291,6.770084006666707,3258.2498128901316,853.3509930927086,827.2649565179344,1,-0.10948164682539681,LP+MILP
rolling_scenario_price_update,eval_december,evaluation,2025-12-12,18,3,margin,11,9724.075883323108,9676.893920846813,9865.621770751994,152.52050513736475,0.0,26.746632738071057,20.236627749437325,1,-0.12831309523809523,LP
rolling_scenario_price_update,eval_december,evaluation,2025-12-13,6,1,residual_2,11,24309.89580347776,23915.106728968745,25494.2630270048,1731.6741274897138,406.93995740967324,668.80756935814,773.1584352355682,1,-0.05771250000000002,LP
rolling_scenario_price_update,eval_december,evaluation,2025-12-13,12,2,residual_1,11,15728.934003094822,15675.632915485043,15888.837265924158,24.62456266666669,3200.9743156615828,871.9656185317107,924.8223125925451,1,-0.11059146825396825,LP
rolling_scenario_price_update,eval_december,evaluation,2025-12-13,18,3,keep_previous,11,9875.63776607703,9827.68493318421,10019.49626475549,0.0,0.0,0.0,0.0,0,-0.1292008597883598,LP
rolling_scenario_price_update,eval_december,evaluation,2025-12-14,6,1,residual_1,11,64319.54278713466,64187.381405464024,64716.02693214656,4661.387860805216,306.6923236982169,2301.7016671195797,2106.4587160602227,1,0.026864484126984133,LP
rolling_scenario_price_update,eval_december,evaluation,2025-12-14,12,2,residual_0,11,43426.22928894921,43356.32484605096,43635.94261764396,34.38622816888801,794.3084659465023,287.4589015987858,288.07560100003275,1,0.06410069444444445,LP
rolling_scenario_price_update,eval_december,evaluation,2025-12-14,18,3,keep_previous,11,21589.46626161794,21538.045452684946,21743.72868841693,0.0,0.0,0.0,0.0,0,0.07568399470899471,LP
rolling_scenario_price_update,eval_december,evaluation,2025-12-15,6,1,residual_0,11,66222.14158485082,66145.11896497113,66453.20944448991,4798.858532534448,260.7402505308652,2349.9806593214043,2154.5724460104116,1,0.020149801587301577,LP
rolling_scenario_price_update,eval_december,evaluation,2025-12-15,12,2,margin,11,43423.9825021929,43366.243398286686,43597.19981391155,195.67711353086474,2115.7564284283094,1024.4429440979704,971.4240084472216,1,0.055352976190476175,LP
rolling_scenario_price_update,eval_december,evaluation,2025-12-15,18,3,keep_previous,11,21340.863873553157,21282.889980708234,21514.78555208793,0.0,0.0,0.0,0.0,0,0.06600171957671959,LP
rolling_scenario_price_update,eval_december,evaluation,2025-12-16,6,1,margin,11,64499.49588979994,64407.40158653931,64775.778799581836,0.0,4059.777777108357,1991.9530797838643,1869.5466255793365,1,0.022714880952380948,LP
rolling_scenario_price_update,eval_december,evaluation,2025-12-16,12,2,margin,11,42291.57656797476,42259.890910203365,42386.63354128893,0.16680000000042128,885.0687264032995,412.1368373210378,411.92604250292334,1,0.05054335317460315,LP
rolling_scenario_price_update,eval_december,evaluation,2025-12-16,18,3,keep_previous,11,21186.7623160796,21155.163229257167,21281.559576546897,0.0,0.0,0.0,0.0,0,0.06024510582010583,LP
rolling_scenario_price_update,eval_december,evaluation,2025-12-17,6,1,margin,11,64357.80515552801,64265.84725529591,64633.67885622431,0.0,6213.780297522631,3057.9188786548084,2897.526625715866,1,0.033832341269841276,LP
rolling_scenario_price_update,eval_december,evaluation,2025-12-17,12,2,margin,11,41940.28039437925,41909.295366431645,42033.23547822209,28.386805962221956,780.9541859135779,377.0588111408332,373.8681989991973,1,0.0536861111111111,LP
rolling_scenario_price_update,eval_december,evaluation,2025-12-17,18,3,margin,10,20973.76410741397,20943.0636924529,21065.865352297173,0.0,0.0,0.0,0.0,0,0.0607899470899471,LP
rolling_scenario_price_update,eval_december,evaluation,2025-12-18,6,1,margin,11,63681.45494888315,63643.82207884235,63794.35355900554,479.95278386554867,1003.213018460907,655.29985621117,639.3841392704294,1,0.033308333333333336,LP
rolling_scenario_price_update,eval_december,evaluation,2025-12-18,12,2,margin,11,42203.907469322185,42170.012696341575,42305.591788264006,0.0,2085.1652822471424,859.5701039197468,901.3483484919585,1,0.05460069444444446,LP
rolling_scenario_price_update,eval_december,evaluation,2025-12-18,18,3,margin,10,20843.455923436948,20810.049488737674,20943.675227534768,0.0,0.0,0.0,0.0,0,0.056720899470899484,LP
rolling_scenario_price_update,eval_december,evaluation,2025-12-19,6,1,keep_previous,11,21055.91435224403,21029.174253681864,21136.134647930532,0.0,0.0,0.0,0.0,0,-0.06923789682539684,LP
rolling_scenario_price_update,eval_december,evaluation,2025-12-19,12,2,margin,11,14764.918708104367,14745.486052368926,14823.21667531069,0.0,1997.9615285418356,523.5949891294556,581.0697743427652,1,-0.12372619047619048,LP
rolling_scenario_price_update,eval_december,evaluation,2025-12-19,18,3,keep_previous,11,9461.19114637332,9438.17122987521,9530.250895867648,0.0,0.0,0.0,0.0,0,-0.1461612433862434,LP
rolling_scenario_price_update,eval_december,evaluation,2025-12-20,6,1,margin,11,22242.340561647878,22191.579859479305,22394.6226681536,0.0,4184.566998325099,1205.5784974781711,1477.0215542569463,1,-0.06077222222222224,LP
rolling_scenario_price_update,eval_december,evaluation,2025-12-20,12,2,residual_7,11,14323.489845093287,14254.579662716673,14530.220392223127,0.0,1451.0758059296854,348.37584552454416,398.10130422392604,1,-0.11942876984126984,LP
rolling_scenario_price_update,eval_december,evaluation,2025-12-20,18,3,keep_previous,11,9562.510066463112,9525.66479543599,9673.045879544477,0.0,0.0,0.0,0.0,0,-0.15242671957671958,LP
rolling_scenario_price_update,eval_december,evaluation,2025-12-21,6,1,residual_1,11,63486.26983067034,63170.24316493996,64434.34982786147,102.78884444444373,5152.772372303085,2486.850970582881,2320.958661986259,1,0.0236688492063492,LP
rolling_scenario_price_update,eval_december,evaluation,2025-12-21,12,2,residual_6,11,43756.681597856004,43709.66462464436,43897.73251749094,2234.8103515893035,17.295333333333247,1016.3253484935447,1012.4117332917368,1,0.05330367063492066,LP
rolling_scenario_price_update,eval_december,evaluation,2025-12-21,18,3,residual_6,11,21088.95619937666,21039.152131360526,21238.368403425055,0.0,91.11146666666684,58.70265513233345,58.9805345147823,1,0.0589830687830688,LP
