load_kwh,pv_kwh,e_start,e_end,charge_kwh,discharge_kwh,pv_load_kwh,grid_load_kwh,pv_charge_kwh,grid_charge_kwh,pv_spill_kwh,paid_grid_spill_kwh,emergency_kwh,slot,price,emergency_cost,total_cost,strategy,date,issue_hour,plan_version,ordinary_kwh,ordinary_cost,adjustment_cost
549.8448166666667,0.0,2049.2880373481507,2799.2880373481507,833.3333333333333,0.0,0.0,549.8448166666667,0.0,833.3333333333333,0.0,45.837116666666816,0.0,0,0.4248,0.0,607.04568528,rolling_scenario,2025-03-20,0,0,1429.0152666666668,607.04568528,0.0
570.3135,0.0,2799.2880373481507,3549.2880373481507,833.3333333333333,0.0,0.0,570.3135,0.0,833.3333333333333,0.0,22.759390000000167,0.0,1,0.4245,0.0,605.509441805,rolling_scenario,2025-03-20,0,0,1426.4062233333334,605.509441805,0.0
613.8516666666667,0.0,3549.2880373481507,4274.73032234815,806.0469833333332,0.0,0.0,613.8516666666667,0.0,806.0469833333332,0.0,0.0,0.0,2,0.4269,0.0,606.154733685,rolling_scenario,2025-03-20,0,0,1419.8986499999999,606.154733685,0.0
579.4561666666666,0.0,4274.73032234815,5024.73032234815,833.3333333333333,0.0,0.0,579.4561666666666,0.0,833.3333333333333,0.0,27.129056666666656,0.0,3,0.4272,0.0,615.133207408,rolling_scenario,2025-03-20,0,0,1439.9185566666665,615.133207408,0.0
550.4449166666666,0.0,5024.73032234815,5774.73032234815,833.3333333333333,0.0,0.0,550.4449166666666,0.0,833.3333333333333,0.0,66.19444000000021,0.0,4,0.4271,0.0,619.283335899,rolling_scenario,2025-03-20,0,0,1449.97269,619.283335899,0.0
571.1566666666666,0.0,5774.73032234815,6524.73032234815,833.3333333333333,0.0,0.0,571.1566666666666,0.0,833.3333333333333,0.0,39.92764999999997,0.0,5,0.4285,0.0,618.9329630249999,rolling_scenario,2025-03-20,0,0,1444.4176499999999,618.9329630249999,0.0
601.5890499999999,0.0,6524.73032234815,6530.17409714815,6.048638666666761,0.0,0.0,601.5890499999999,0.0,6.048638666666761,0.0,0.0,0.0,6,0.4311,0.0,261.9526075842,rolling_scenario,2025-03-20,0,0,607.6376886666667,261.9526075842,0.0
611.48375,0.0,6530.17409714815,7268.944294948151,820.8557753333333,0.0,0.0,611.48375,0.0,820.8557753333333,0.0,0.0,0.0,7,0.4302,0.0,616.1924637984,rolling_scenario,2025-03-20,0,0,1432.3395253333333,616.1924637984,0.0
598.2166666666667,0.0,7268.944294948151,8004.520377748151,817.3067586666666,0.0,0.0,598.2166666666667,0.0,817.3067586666666,0.0,0.0,0.0,8,0.4279,0.0,605.7024737001333,rolling_scenario,2025-03-20,0,0,1415.5234253333333,605.7024737001333,0.0
583.9359499999999,0.0,8004.520377748151,8014.978196548152,11.619798666666725,0.0,0.0,583.9359499999999,0.0,11.619798666666725,0.0,0.0,0.0,9,0.4312,0.0,256.8036388250667,rolling_scenario,2025-03-20,0,0,595.5557486666667,256.8036388250667,0.0
590.99505,0.0,8014.978196548152,8028.796555348152,15.353732000000036,0.0,0.0,590.99505,0.0,15.353732000000036,0.0,0.0,0.0,10,0.4333,0.0,262.7309272406,rolling_scenario,2025-03-20,0,0,606.348782,262.7309272406,0.0
598.4433333333333,0.0,8028.796555348152,8530.4944008,557.4420505020543,0.0,0.0,598.4433333333333,0.0,557.4420505020543,0.0,0.0,0.0,11,0.4311,0.0,498.30218897143556,rolling_scenario,2025-03-20,0,0,1155.8853838353875,498.30218897143556,0.0
565.9836166666666,0.0,8530.4944008,9280.4944008,833.3333333333333,0.0,0.0,565.9836166666666,0.0,833.3333333333333,0.0,20.935210000000097,0.0,12,0.4293,0.0,609.714252288,rolling_scenario,2025-03-20,0,0,1420.25216,609.714252288,0.0
546.1207666666667,0.0,9280.4944008,9320.9818158,44.986016666666615,0.0,0.0,546.1207666666667,0.0,44.986016666666615,0.0,0.0,0.0,13,0.4324,0.0,255.59457311333333,rolling_scenario,2025-03-20,0,0,591.1067833333333,255.59457311333333,0.0
565.7133333333334,0.0,9320.9818158,9350.9290158,33.274666666666576,0.0,0.0,565.7133333333334,0.0,33.274666666666576,0.0,0.0,0.0,14,0.4367,0.0,261.57805959999996,rolling_scenario,2025-03-20,0,0,598.9879999999999,261.57805959999996,0.0
597.9265666666666,0.0,9350.9290158,9351.6457008,0.7963166666665984,0.0,0.0,597.9265666666666,0.0,0.7963166666665984,0.0,0.0,0.0,15,0.4348,0.0,260.3247096733333,rolling_scenario,2025-03-20,0,0,598.7228833333332,260.3247096733333,0.0
600.9544666666666,0.0,9351.6457008,9354.1687758,2.803416666666749,0.0,0.0,600.9544666666666,0.0,2.803416666666749,0.0,0.0,0.0,16,0.4335,0.0,261.729042425,rolling_scenario,2025-03-20,0,0,603.7578833333333,261.729042425,0.0
587.1316666666667,0.0,9354.1687758,9375.562975800001,23.771333333333246,0.0,0.0,587.1316666666667,0.0,23.771333333333246,0.0,0.0,0.0,17,0.4357,0.0,266.17043709999996,rolling_scenario,2025-03-20,0,0,610.9029999999999,266.17043709999996,0.0
605.2103,0.0,9375.562975800001,9372.987883207408,0.0,2.3175833333333458,0.0,602.8927166666666,0.0,0.0,0.0,0.0,0.0,18,0.4374,0.0,263.70527426999996,rolling_scenario,2025-03-20,0,0,602.8927166666666,263.70527426999996,0.0
621.8923833333333,0.0,9372.987883207408,9346.434390614815,0.0,23.89814333333345,0.0,597.9942399999999,0.0,0.0,0.0,0.0,0.0,19,0.4371,0.0,261.3832823039999,rolling_scenario,2025-03-20,0,0,597.9942399999999,261.3832823039999,0.0
620.1683333333333,0.0,9346.434390614815,9336.785501725926,0.0,8.684000000000083,0.0,611.4843333333332,0.0,0.0,0.0,0.0,0.0,20,0.4356,0.0,266.36257559999996,rolling_scenario,2025-03-20,0,0,611.4843333333332,266.36257559999996,0.0
616.6230833333333,0.0,9336.785501725926,9356.092166725926,21.451849999999922,0.0,0.0,616.6230833333333,0.0,21.451849999999922,0.0,0.0,0.0,21,0.4353,0.0,277.75401847999996,rolling_scenario,2025-03-20,0,0,638.0749333333332,277.75401847999996,0.0
612.4637499999999,0.0,9356.092166725926,9381.784736725927,28.547300000000178,0.0,0.0,612.4637499999999,0.0,28.547300000000178,0.0,0.0,0.0,22,0.436,0.0,279.4808178,rolling_scenario,2025-03-20,0,0,641.0110500000001,279.4808178,0.0
603.93,0.0,9381.784736725927,9403.208936725927,23.804666666666662,0.0,0.0,603.93,0.0,23.804666666666662,0.0,0.0,0.0,23,0.4378,0.0,274.8222370666667,rolling_scenario,2025-03-20,0,0,627.7346666666666,274.8222370666667,0.0
589.79495,0.00031666666666666665,9403.208936725927,9447.106727725926,48.77532333333329,0.0,0.00031666666666666665,589.7946333333333,0.0,48.77532333333329,0.0,0.0,0.0,24,0.4401,0.0,281.034637929,rolling_scenario,2025-03-20,0,0,638.5699566666666,281.034637929,0.0
581.4640499999999,0.0,9447.106727725926,9499.563722725927,58.285549999999944,0.0,0.0,581.4640499999999,0.0,58.285549999999944,0.0,0.0,0.0,25,0.4389,0.0,280.78609943999993,rolling_scenario,2025-03-20,0,0,639.7495999999999,280.78609943999993,0.0
585.585,0.0,9499.563722725927,9536.136422725927,40.636333333333255,0.0,0.0,585.585,0.0,40.636333333333255,0.0,0.0,0.0,26,0.4364,0.0,273.28298986666664,rolling_scenario,2025-03-20,0,0,626.2213333333333,273.28298986666664,0.0
599.72965,0.004516666666666666,9536.136422725927,9563.279798725927,30.15930666666668,0.0,0.004516666666666666,599.7251333333334,0.0,30.15930666666668,0.0,0.0,0.0,27,0.4393,0.0,276.70823449200003,rolling_scenario,2025-03-20,0,0,629.88444,276.70823449200003,0.0
616.7393166666666,0.0,9563.279798725927,9583.863350725927,22.870613333333495,0.0,0.0,616.7393166666666,0.0,22.870613333333495,0.0,0.0,0.0,28,0.4422,0.0,282.835511046,rolling_scenario,2025-03-20,0,0,639.6099300000001,282.835511046,0.0
625.595,0.0,9583.863350725927,9598.706750725927,16.492666666666537,0.0,0.0,625.595,0.0,16.492666666666537,0.0,0.0,0.0,29,0.4395,0.0,282.1975295,rolling_scenario,2025-03-20,0,0,642.0876666666666,282.1975295,0.0
619.49685,0.06293333333333333,9598.706750725927,9614.759708725927,17.83662000000004,0.0,0.06293333333333333,619.4339166666666,0.0,17.83662000000004,0.0,0.0,0.0,30,0.4333,0.0,276.12932353766666,rolling_scenario,2025-03-20,0,0,637.2705366666667,276.12932353766666,0.0
617.8444,0.0,9614.759708725927,9635.240873725927,22.756849999999986,0.0,0.0,617.8444,0.0,22.756849999999986,0.0,0.0,0.0,31,0.4439,0.0,284.362894875,rolling_scenario,2025-03-20,0,0,640.6012499999999,284.362894875,0.0
607.115,0.0,9635.240873725927,10385.240873725927,833.3333333333333,0.0,0.0,607.115,0.0,833.3333333333333,0.0,37.854333333333216,0.0,32,0.4301,0.0,635.8179769333333,rolling_scenario,2025-03-20,0,0,1478.3026666666665,635.8179769333333,0.0
576.3066333333334,0.8765666666666667,10385.240873725927,10800.0,460.84347363785935,0.0,0.8765666666666667,575.4300666666667,0.0,460.84347363785935,0.0,439.01616636214044,0.0,33,0.3713,0.0,547.7750680853333,rolling_scenario,2025-03-20,0,0,1475.2897066666665,547.7750680853333,0.0
671.4631166666666,0.0,10800.0,10800.0,0.0,0.0,0.0,671.4631166666666,0.0,0.0,0.0,45.22305333333338,0.0,34,0.5708,0.0,409.08446583599994,rolling_scenario,2025-03-20,0,0,716.68617,409.08446583599994,0.0
827.015,0.0,10800.0,9881.094444444445,0.0,827.015,0.0,-0.0,0.0,0.0,0.0,0.0,0.0,35,0.9099,0.0,0.0,rolling_scenario,2025-03-20,0,0,-0.0,-0.0,0.0
817.5199666666667,25.57003333333333,9881.094444444445,9001.150074074074,0.0,791.9499333333334,25.57003333333333,-0.0,0.0,0.0,0.0,0.0,0.0,36,0.9368,0.0,0.0,rolling_scenario,2025-03-20,6,1,-0.0,-0.0,0.0
776.8039833333333,66.84066666666666,9001.150074074074,8212.301944444444,0.0,709.9633166666667,66.84066666666666,-0.0,0.0,0.0,0.0,0.0,0.0,37,0.8758,0.0,0.0,rolling_scenario,2025-03-20,6,1,-0.0,-0.0,0.0
783.9583333333333,112.58749999999999,8212.301944444444,7466.334351851851,0.0,671.3708333333333,112.58749999999999,-0.0,0.0,0.0,0.0,0.0,0.0,38,0.8759,0.0,0.0,rolling_scenario,2025-03-20,6,1,-0.0,-0.0,0.0
787.8168000000001,158.77193333333332,7466.334351851851,6767.39561111111,0.0,629.0448666666667,158.77193333333332,-0.0,0.0,0.0,0.0,0.0,0.0,39,0.8601,0.0,0.0,rolling_scenario,2025-03-20,6,1,-0.0,-0.0,0.0
803.2455499999999,217.08963333333332,6767.39561111111,6116.111259259258,0.0,586.1559166666666,217.08963333333332,-0.0,0.0,0.0,0.0,0.0,0.0,40,0.8442,0.0,0.0,rolling_scenario,2025-03-20,6,1,-0.0,-0.0,0.0
813.3883333333333,282.20624999999995,6116.111259259258,5525.9089444444435,0.0,531.1820833333334,282.20624999999995,-0.0,0.0,0.0,0.0,0.0,0.0,41,0.8334,0.0,0.0,rolling_scenario,2025-03-20,6,1,-0.0,-0.0,0.0
781.5626833333333,334.9871833333333,5525.9089444444435,5381.398452962962,0.0,130.05944233333264,334.9871833333333,316.5160576666674,0.0,0.0,0.0,0.0,0.0,42,0.8092,0.0,256.12479386386724,rolling_scenario,2025-03-20,6,1,316.5160576666674,256.12479386386724,0.0
785.5607666666666,384.31915000000004,5381.398452962962,5439.171557962963,64.19233888888897,0.0,384.31915000000004,401.2416166666666,0.0,64.19233888888897,0.0,0.0,0.0,43,0.7972,0.0,371.0439493688889,rolling_scenario,2025-03-20,6,1,465.43395555555554,371.0439493688889,0.0
804.5333333333333,434.95625,5439.171557962963,5465.252897962962,28.979266666666774,0.0,434.95625,369.5770833333333,0.0,28.979266666666774,0.0,0.0,0.0,44,0.7644,0.0,304.65647394,rolling_scenario,2025-03-20,6,1,398.55635000000007,304.65647394,0.0
763.026,482.33579999999995,5465.252897962962,5498.599266962962,37.05152111111107,0.0,482.33579999999995,280.6902,0.0,37.05152111111107,0.0,0.0,0.0,45,0.6899,0.0,219.21001339455552,rolling_scenario,2025-03-20,6,1,317.7417211111111,219.21001339455552,0.0
864.5061333333333,529.9280666666666,5498.599266962962,5126.845859555555,0.0,334.5780666666667,529.9280666666666,-0.0,0.0,0.0,0.0,0.0,0.0,46,0.86,0.0,0.0,rolling_scenario,2025-03-20,6,1,-0.0,-0.0,0.0
1067.5983333333334,579.4187499999999,5126.845859555555,4584.424100296295,0.0,488.1795833333334,579.4187499999999,-0.0,0.0,0.0,0.0,0.0,0.0,47,1.1617,0.0,0.0,rolling_scenario,2025-03-20,6,1,-0.0,-0.0,0.0
1109.6747666666665,626.8709166666666,4584.424100296295,4047.9753780740734,0.0,482.8038499999999,626.8709166666666,-0.0,0.0,0.0,0.0,0.0,0.0,48,1.1683,0.0,0.0,rolling_scenario,2025-03-20,6,1,-0.0,-0.0,0.0
1101.1000166666665,662.7286166666667,4047.9753780740734,3560.8960447407403,0.0,438.3713999999999,662.7286166666667,-0.0,0.0,0.0,0.0,0.0,0.0,49,1.0956,0.0,0.0,rolling_scenario,2025-03-20,6,1,-0.0,-0.0,0.0
1114.545,703.3874999999999,3560.8960447407403,3104.0543780740736,0.0,411.15750000000014,703.3874999999999,-0.0,0.0,0.0,0.0,0.0,0.0,50,1.0849,0.0,0.0,rolling_scenario,2025-03-20,6,1,-0.0,-0.0,0.0
1108.2959999999998,775.6238166666667,3104.0543780740736,2734.4186188148146,0.0,332.6721833333331,775.6238166666667,-0.0,0.0,0.0,0.0,0.0,0.0,51,1.061,0.0,0.0,rolling_scenario,2025-03-20,6,1,-0.0,-0.0,0.0
1117.5889166666666,839.5837833333333,2734.4186188148146,2425.524026222222,0.0,278.00513333333333,839.5837833333333,-0.0,0.0,0.0,0.0,0.0,0.0,52,1.043,0.0,0.0,rolling_scenario,2025-03-20,6,1,-0.0,-0.0,0.0
1126.3016666666667,863.4812499999999,2425.524026222222,2133.5013410370366,0.0,262.8204166666668,863.4812499999999,-0.0,0.0,0.0,0.0,0.0,0.0,53,1.036,0.0,0.0,rolling_scenario,2025-03-20,6,1,-0.0,-0.0,0.0
1082.3667333333333,861.0829666666666,2133.5013410370366,1887.6304891851846,0.0,221.28376666666668,861.0829666666666,-0.0,0.0,0.0,0.0,0.0,0.0,54,1.0147,0.0,0.0,rolling_scenario,2025-03-20,6,1,-0.0,-0.0,0.0
1072.7398666666666,922.2214999999999,1887.6304891851846,1720.387859555555,0.0,150.51836666666668,922.2214999999999,-0.0,0.0,0.0,0.0,0.0,0.0,55,0.9922,0.0,0.0,rolling_scenario,2025-03-20,6,1,-0.0,-0.0,0.0
1095.1416666666667,1017.95625,1720.387859555555,1634.6262854814809,0.0,77.1854166666667,1017.95625,-0.0,0.0,0.0,0.0,0.0,0.0,56,0.97,0.0,0.0,rolling_scenario,2025-03-20,6,1,-0.0,-0.0,0.0
1066.5605833333334,1030.4658333333332,1634.6262854814809,1594.521007703703,0.0,36.094750000000204,1030.4658333333332,-0.0,0.0,0.0,0.0,0.0,0.0,57,0.9422,0.0,0.0,rolling_scenario,2025-03-20,6,1,-0.0,-0.0,0.0
1074.321683333333,1033.0643333333333,1594.521007703703,1548.6795077037032,0.0,41.25734999999986,1033.0643333333333,-0.0,0.0,0.0,0.0,0.0,0.0,58,0.9569,0.0,0.0,rolling_scenario,2025-03-20,6,1,-0.0,-0.0,0.0
1116.2383333333332,1071.03125,1548.6795077037032,1498.4494151111107,0.0,45.20708333333323,1071.03125,0.0,0.0,0.0,0.0,0.0,0.0,59,0.9977,0.0,0.0,rolling_scenario,2025-03-20,6,1,0.0,0.0,0.0
1096.3326,1112.54135,1498.4494151111107,1513.0372901111107,16.20875000000001,0.0,1096.3326,-0.0,16.20875000000001,0.0,0.0,0.0,0.0,60,0.9919,0.0,0.0,rolling_scenario,2025-03-20,6,1,-0.0,-0.0,0.0
1074.2128666666667,1129.0006666666666,1513.0372901111107,1562.3463101111106,54.787799999999834,0.0,1074.2128666666667,0.0,54.787799999999834,0.0,0.0,0.0,0.0,61,0.9588,0.0,0.0,rolling_scenario,2025-03-20,6,1,0.0,0.0,0.0
1078.935,1146.5124999999998,1562.3463101111106,1623.1660601111105,67.57749999999987,0.0,1078.935,0.0,67.57749999999987,0.0,0.0,0.0,0.0,62,0.9549,0.0,0.0,rolling_scenario,2025-03-20,6,1,0.0,0.0,0.0
1075.7058833333333,1211.41895,1623.1660601111105,1745.3078201111105,135.7130666666667,0.0,1075.7058833333333,0.0,135.7130666666667,0.0,0.0,0.0,0.0,63,0.9839,0.0,0.0,rolling_scenario,2025-03-20,6,1,0.0,0.0,0.0
1058.7226666666666,1242.5592333333334,1745.3078201111105,1910.7607301111107,183.83656666666684,0.0,1058.7226666666666,0.0,183.83656666666684,0.0,0.0,0.0,0.0,64,0.799,0.0,0.0,rolling_scenario,2025-03-20,6,1,0.0,0.0,0.0
1046.6499999999999,1210.5,1910.7607301111107,2058.225730111111,163.85000000000014,0.0,1046.6499999999999,0.0,163.85000000000014,0.0,0.0,0.0,0.0,65,0.5025,0.0,0.0,rolling_scenario,2025-03-20,6,1,0.0,0.0,0.0
1060.3406,1170.2779833333334,2058.225730111111,2691.2785112111105,703.3919789999998,0.0,1060.3406,0.0,109.9373833333334,593.4545956666664,0.0,0.0,0.0,66,0.4662,0.0,276.6685324997999,rolling_scenario,2025-03-20,6,1,593.4545956666664,276.6685324997999,0.0
1065.6395499999999,1175.4807,2691.2785112111105,3168.3862410111133,530.119699777781,0.0,1065.6395499999999,0.0,109.8411500000002,420.27854977778077,0.0,0.0,0.0,67,0.5007,0.0,210.43346987373485,rolling_scenario,2025-03-20,6,1,420.27854977778077,210.43346987373485,0.0
1060.0166666666667,1219.59375,3168.3862410111133,3858.016724111113,766.2560923333333,0.0,1060.0166666666667,0.0,159.57708333333335,606.679009,0.0,0.0,0.0,68,0.4827,0.0,292.84395764429996,rolling_scenario,2025-03-20,6,1,606.679009,292.84395764429996,0.0
1070.6712666666667,1250.9388833333333,3858.016724111113,4565.901786511113,786.5389582222219,0.0,1070.6712666666667,0.0,180.26761666666653,606.2713415555554,0.0,0.0,0.0,69,0.4785,0.0,290.10083693433324,rolling_scenario,2025-03-20,6,1,606.2713415555554,290.10083693433324,0.0
1063.2702666666667,1272.5053833333332,4565.901786511113,5266.155799411113,778.0600143333329,0.0,1063.2702666666667,0.0,209.2351166666665,568.8248976666664,0.0,0.0,0.0,70,0.4662,0.0,265.18616729219985,rolling_scenario,2025-03-20,6,1,568.8248976666664,265.18616729219985,0.0
1028.0533333333333,1303.0749999999998,5266.155799411113,5979.327427811113,792.4129204444444,0.0,1028.0533333333333,0.0,275.02166666666653,517.3912537777778,0.0,0.0,0.0,71,0.4432,0.0,229.30780367431112,rolling_scenario,2025-03-20,6,1,517.3912537777778,229.30780367431112,0.0
993.1352666666667,1347.1565833333334,5979.327427811113,6729.327427811113,833.3333333333333,0.0,993.1352666666667,0.0,354.02131666666673,479.3120166666665,0.0,36.35573833333365,0.0,72,0.4411,0.0,227.46104673050007,rolling_scenario,2025-03-20,12,2,515.6677550000002,227.46104673050007,0.0
975.87165,1348.4284499999999,6729.327427811113,7479.327427811113,833.3333333333333,0.0,975.87165,0.0,372.55679999999984,460.7765333333334,0.0,52.651973333333444,0.0,73,0.4551,0.0,233.6613133840001,rolling_scenario,2025-03-20,12,2,513.4285066666669,233.6613133840001,0.0
980.6099999999999,1284.89375,7479.327427811113,8229.327427811113,833.3333333333333,0.0,980.6099999999999,0.0,304.28375000000005,529.0495833333332,0.0,14.80067500000041,0.0,74,0.4463,0.0,242.72037029416677,rolling_scenario,2025-03-20,12,2,543.8502583333336,242.72037029416677,0.0
1001.0465666666666,1200.876,8229.327427811113,8879.661127811112,722.5930000000001,0.0,1001.0465666666666,0.0,199.82943333333333,522.7635666666667,0.0,0.0,0.0,75,0.4113,0.0,215.01265497000003,rolling_scenario,2025-03-20,12,2,522.7635666666667,215.01265497000003,0.0
1028.0591333333332,1201.1573666666666,8879.661127811112,9092.792539106176,236.8126792167381,0.0,1028.0591333333332,0.0,173.09823333333338,63.71444588340472,0.0,0.0,0.0,76,0.5682,0.0,36.20254815095056,rolling_scenario,2025-03-20,12,2,63.71444588340472,36.20254815095056,0.0
1058.5633333333333,1254.3,9092.792539106176,9268.955539106177,195.73666666666668,0.0,1058.5633333333333,0.0,195.73666666666668,0.0,0.0,0.0,0.0,77,0.8279,0.0,0.0,rolling_scenario,2025-03-20,12,2,0.0,0.0,0.0
1085.1036,1223.1791666666666,9268.955539106177,9393.223549106177,138.07556666666665,0.0,1085.1036,0.0,138.07556666666665,0.0,0.0,0.0,0.0,78,0.8636,0.0,0.0,rolling_scenario,2025-03-20,12,2,0.0,0.0,0.0
1059.80525,1150.1056333333331,9393.223549106177,9474.493894106177,90.30038333333323,0.0,1059.80525,0.0,90.30038333333323,0.0,0.0,0.0,0.0,79,0.8416,0.0,0.0,rolling_scenario,2025-03-20,12,2,0.0,0.0,0.0
1006.55,1101.6687499999998,9474.493894106177,9560.100769106177,95.11874999999986,0.0,1006.55,0.0,95.11874999999986,0.0,0.0,0.0,0.0,80,0.8618,0.0,0.0,rolling_scenario,2025-03-20,12,2,0.0,0.0,0.0
1004.8308,1107.0299166666666,9560.100769106177,9652.079974106176,102.19911666666667,0.0,1004.8308,0.0,102.19911666666667,0.0,0.0,0.0,0.0,81,0.8623,0.0,0.0,rolling_scenario,2025-03-20,12,2,0.0,0.0,0.0
1029.6302166666665,1134.42295,9652.079974106176,9746.393434106176,104.79273333333344,0.0,1029.6302166666665,0.0,104.79273333333344,0.0,0.0,0.0,0.0,82,0.9026,0.0,0.0,rolling_scenario,2025-03-20,12,2,0.0,0.0,0.0
1046.67,1133.3249999999998,9746.393434106176,9824.382934106176,86.65499999999975,0.0,1046.67,0.0,86.65499999999975,0.0,0.0,0.0,0.0,83,0.9754,0.0,0.0,rolling_scenario,2025-03-20,12,2,0.0,0.0,0.0
1047.24705,1075.6022833333332,9824.382934106176,9849.902644106176,28.355233333333217,0.0,1047.24705,0.0,28.355233333333217,0.0,0.0,0.0,0.0,84,1.0002,0.0,0.0,rolling_scenario,2025-03-20,12,2,0.0,0.0,0.0
1052.4853333333333,1033.9314333333332,9849.902644106176,9829.287199661732,0.0,18.553900000000112,1033.9314333333332,0.0,0.0,0.0,0.0,0.0,0.0,85,0.9978,0.0,0.0,rolling_scenario,2025-03-20,12,2,0.0,0.0,0.0
1058.7983333333332,1019.28125,9829.287199661732,9785.379329291362,0.0,39.517083333333176,1019.28125,-0.0,0.0,0.0,0.0,0.0,0.0,86,1.0271,0.0,0.0,rolling_scenario,2025-03-20,12,2,-0.0,-0.0,0.0
1043.2368833333333,972.9436000000001,9785.379329291362,9707.275681143214,0.0,70.29328333333319,972.9436000000001,-0.0,0.0,0.0,0.0,0.0,0.0,87,1.0906,0.0,0.0,rolling_scenario,2025-03-20,12,2,-0.0,-0.0,0.0
1031.6857666666665,905.3272499999999,9707.275681143214,9566.877329291361,0.0,126.35851666666656,905.3272499999999,-0.0,0.0,0.0,0.0,0.0,0.0,88,0.9376,0.0,0.0,rolling_scenario,2025-03-20,12,2,-0.0,-0.0,0.0
1026.1066666666666,845.4624999999999,9566.877329291361,9570.44273929136,3.9615666666663856,0.0,845.4624999999999,180.6441666666667,0.0,3.9615666666663856,0.0,0.0,0.0,89,0.6694,0.0,123.57507789333317,rolling_scenario,2025-03-20,12,2,184.6057333333331,123.57507789333317,0.0
1006.5609833333333,809.2424166666666,9570.44273929136,9762.709107881483,213.62929843347035,0.0,809.2424166666666,197.3185666666667,0.0,213.62929843347035,0.0,0.0,0.0,90,0.66,0.0,271.22559096609046,rolling_scenario,2025-03-20,12,2,410.94786510013705,271.22559096609046,0.0
1009.1131499999999,760.3063833333333,9762.709107881483,9791.163385681482,31.615864222222058,0.0,760.3063833333333,248.8067666666666,0.0,31.615864222222058,0.0,0.0,0.0,91,0.7217,0.0,202.38101271251094,rolling_scenario,2025-03-20,12,2,280.42263088888865,202.38101271251094,0.0
1031.28,691.1374999999999,9791.163385681482,9786.970155804938,0.0,3.7739068888892007,691.1374999999999,336.36859311111084,0.0,0.0,0.0,0.0,0.0,92,0.7308,0.0,245.81816784559982,rolling_scenario,2025-03-20,12,2,336.36859311111084,245.81816784559982,0.0
1032.5620166666665,629.7797499999999,9786.970155804938,9786.644680249383,0.0,0.2929280000005292,629.7797499999999,402.4893386666661,0.0,0.0,0.0,0.0,0.0,93,0.7534,0.0,303.2354677514662,rolling_scenario,2025-03-20,12,2,402.4893386666661,303.2354677514662,0.0
1031.0229333333332,578.5704833333333,9786.644680249383,9791.240297049382,5.1062408888889195,0.0,578.5704833333333,452.4524499999999,0.0,5.1062408888889195,0.0,0.0,0.0,94,0.7823,0.0,357.9481638823777,rolling_scenario,2025-03-20,12,2,457.5586908888888,357.9481638823777,0.0
1033.3616666666667,526.0374999999999,9791.240297049382,9783.041881987654,0.0,7.378573555556159,526.0374999999999,499.9455931111106,0.0,0.0,0.0,0.0,0.0,95,0.8055,0.0,402.7061752509996,rolling_scenario,2025-03-20,12,2,499.9455931111106,402.7061752509996,0.0
1025.5623833333334,463.3008333333333,9783.041881987654,9748.791203098765,0.0,30.825611000000663,463.3008333333333,531.4359389999995,0.0,0.0,0.0,0.0,0.0,96,0.8271,0.0,439.5506651468996,rolling_scenario,2025-03-20,12,2,531.4359389999995,439.5506651468996,0.0
1016.9598666666667,417.89265,9748.791203098765,9744.407749518517,0.0,3.9451082222221885,417.89265,595.1221084444445,0.0,0.0,0.0,0.0,0.0,97,0.8519,0.0,506.98452418382226,rolling_scenario,2025-03-20,12,2,595.1221084444445,506.98452418382226,0.0
1019.8249999999999,389.06874999999997,9744.407749518517,9768.607661618518,26.888791222222153,0.0,389.06874999999997,630.7562499999999,0.0,26.888791222222153,0.0,0.0,0.0,98,0.8791,0.0,578.1357557384554,rolling_scenario,2025-03-20,12,2,657.6450412222221,578.1357557384554,0.0
1034.9158166666666,346.1802666666666,9768.607661618518,9776.398377218518,8.656350666666299,0.0,346.1802666666666,688.73555,0.0,8.656350666666299,0.0,0.0,0.0,99,0.9024,0.0,629.3264511615996,rolling_scenario,2025-03-20,12,2,697.3919006666663,629.3264511615996,0.0
1031.6998333333331,288.97555,9776.398377218518,9779.652372318518,3.615550111111247,0.0,288.97555,742.7242833333331,0.0,3.615550111111247,0.0,0.0,0.0,100,0.9163,0.0,683.8711893851444,rolling_scenario,2025-03-20,12,2,746.3398334444444,683.8711893851444,0.0
1017.0316666666665,229.61875,9779.652372318518,9801.330776918518,24.087116222222107,0.0,229.61875,787.4129166666665,0.0,24.087116222222107,0.0,0.0,0.0,101,0.9264,0.0,751.7736304682664,rolling_scenario,2025-03-20,12,2,811.5000328888887,751.7736304682664,0.0
1023.8828166666667,180.65036666666666,9801.330776918518,9804.570010218516,3.5991481111107078,0.0,180.65036666666666,843.2324500000001,0.0,3.5991481111107078,0.0,0.0,0.0,102,0.9462,0.0,801.272058132733,rolling_scenario,2025-03-20,12,2,846.8315981111108,801.272058132733,0.0
1012.5022333333333,138.64704999999998,9804.570010218516,9807.455504018517,3.206104222222166,0.0,138.64704999999998,873.8551833333333,0.0,3.206104222222166,0.0,0.0,0.0,103,0.9742,0.0,854.4331063366221,rolling_scenario,2025-03-20,12,2,877.0612875555555,854.4331063366221,0.0
1004.28,99.55624999999999,9807.455504018517,9827.058743318517,21.781376999999907,0.0,99.55624999999999,904.72375,0.0,21.781376999999907,0.0,0.0,0.0,104,0.9862,0.0,913.7193562473999,rolling_scenario,2025-03-20,12,2,926.5051269999999,913.7193562473999,0.0
1035.5736,62.48285,9827.058743318517,9857.238218118517,33.53274977777755,0.0,62.48285,973.09075,0.0,33.53274977777755,0.0,0.0,0.0,105,0.976,0.0,982.4645357831108,rolling_scenario,2025-03-20,12,2,1006.6234997777775,982.4645357831108,0.0
899.02445,26.021266666666666,9857.238218118517,9904.897825418517,52.955119222222265,0.0,26.021266666666666,873.0031833333334,0.0,52.955119222222265,0.0,0.0,0.0,106,1.0742,0.0,994.6644086051779,rolling_scenario,2025-03-20,12,2,925.9583025555556,994.6644086051779,0.0
682.3533333333332,0.0,9904.897825418517,9970.375632218516,72.75311866666675,0.0,0.0,682.3533333333332,0.0,72.75311866666675,0.0,0.0,0.0,107,1.2313,0.0,929.7625743476,rolling_scenario,2025-03-20,12,2,755.106452,929.7625743476,0.0
697.9972833333333,0.0,9970.375632218516,9972.235831418517,2.066887999999949,0.0,0.0,697.9972833333333,0.0,2.066887999999949,0.0,0.0,0.0,108,1.2561,0.0,879.3506056117999,rolling_scenario,2025-03-20,18,3,700.0641713333332,879.3506056117999,0.0
740.2377833333333,0.9295666666666667,9972.235831418517,9970.629873640739,0.0,1.4453620000000456,0.9295666666666667,737.8628546666665,0.0,0.0,0.0,0.0,0.0,109,1.2447,0.0,918.4178952035998,rolling_scenario,2025-03-20,18,3,737.8628546666665,918.4178952035998,0.0
709.2416666666666,0.0,9970.629873640739,9999.19134484074,31.734967999999867,0.0,0.0,709.2416666666666,0.0,31.734967999999867,0.0,0.0,0.0,110,1.2545,0.0,929.555188189333,rolling_scenario,2025-03-20,18,3,740.9766346666664,929.555188189333,0.0
714.4228166666667,0.0,9999.19134484074,10022.40123604074,25.78876799999989,0.0,0.0,714.4228166666667,0.0,25.78876799999989,0.0,0.0,0.0,111,1.2522,0.0,926.8929463195999,rolling_scenario,2025-03-20,18,3,740.2115846666666,926.8929463195999,0.0
745.0410666666667,0.06673333333333333,10022.40123604074,10002.998593077777,0.0,17.462378666666837,0.06673333333333333,727.5119546666665,0.0,0.0,0.0,0.0,0.0,112,1.2881,0.0,937.1081488061332,rolling_scenario,2025-03-20,18,3,727.5119546666665,937.1081488061332,0.0
763.2066666666666,0.0,10002.998593077777,9154.99118567037,0.0,763.2066666666666,0.0,-0.0,0.0,0.0,0.0,0.0,0.0,113,1.3466,0.0,0.0,rolling_scenario,2025-03-20,18,3,-0.0,-0.0,0.0
746.7180333333333,0.0,9154.99118567037,8325.304481966665,0.0,746.7180333333333,0.0,-0.0,0.0,0.0,0.0,0.0,0.0,114,1.3523,0.0,0.0,rolling_scenario,2025-03-20,18,3,-0.0,-0.0,0.0
714.2603,0.0048,8325.304481966665,7531.687259744443,0.0,714.2555,0.0048,-0.0,0.0,0.0,0.0,0.0,0.0,115,1.3445,0.0,0.0,rolling_scenario,2025-03-20,18,3,-0.0,-0.0,0.0
699.4633333333333,0.0,7531.687259744443,6754.505778262961,0.0,699.4633333333333,0.0,-0.0,0.0,0.0,0.0,0.0,0.0,116,1.3483,0.0,0.0,rolling_scenario,2025-03-20,18,3,-0.0,-0.0,0.0
721.8114,0.0,6754.505778262961,5952.4931115962945,0.0,721.8114,0.0,-0.0,0.0,0.0,0.0,0.0,0.0,117,1.349,0.0,0.0,rolling_scenario,2025-03-20,18,3,-0.0,-0.0,0.0
728.4913499999999,0.00034999999999999994,5952.4931115962945,5143.05866715185,0.0,728.4909999999999,0.00034999999999999994,-0.0,0.0,0.0,0.0,0.0,0.0,118,1.3473,0.0,0.0,rolling_scenario,2025-03-20,18,3,-0.0,-0.0,0.0
726.3683333333333,0.0,5143.05866715185,4335.982741225925,0.0,726.3683333333333,0.0,-0.0,0.0,0.0,0.0,0.0,0.0,119,1.3482,0.0,0.0,rolling_scenario,2025-03-20,18,3,-0.0,-0.0,0.0
764.3365166666667,0.0,4335.982741225925,3486.7199449296286,0.0,764.3365166666667,0.0,-0.0,0.0,0.0,0.0,0.0,0.0,120,1.3513,0.0,0.0,rolling_scenario,2025-03-20,18,3,-0.0,-0.0,0.0
753.9438166666666,0.0,3486.7199449296286,2925.9475304888906,0.0,504.69517299666404,0.0,249.2486436700026,0.0,0.0,0.0,0.0,0.0,121,1.34,0.0,333.9931825178035,rolling_scenario,2025-03-20,18,3,249.2486436700026,333.9931825178035,0.0
702.5616666666666,0.0,2925.9475304888906,2145.3234564148165,0.0,702.5616666666666,0.0,-0.0,0.0,0.0,0.0,0.0,0.0,122,1.3489,0.0,0.0,rolling_scenario,2025-03-20,18,3,-0.0,-0.0,0.0
709.3744833333333,0.0,2145.3234564148165,1357.1295860444461,0.0,709.3744833333333,0.0,-0.0,0.0,0.0,0.0,0.0,0.0,123,1.3952,0.0,0.0,rolling_scenario,2025-03-20,18,3,-0.0,-0.0,0.0
719.8359833333334,0.0,1357.1295860444461,1382.831499244446,28.55768133333322,0.0,0.0,719.8359833333334,0.0,28.55768133333322,0.0,0.0,0.0,124,1.2226,0.0,914.9860944214665,rolling_scenario,2025-03-20,18,3,748.3936646666666,914.9860944214665,0.0
709.5416666666666,0.0,1382.831499244446,1427.0582264444458,49.14080799999999,0.0,0.0,709.5416666666666,0.0,49.14080799999999,0.0,0.0,0.0,125,0.9332,0.0,708.0024853589333,rolling_scenario,2025-03-20,18,3,758.6824746666666,708.0024853589333,0.0
715.0446833333333,0.0,1427.0582264444458,1459.4654996444458,36.008081333333394,0.0,0.0,715.0446833333333,0.0,36.008081333333394,0.0,0.0,0.0,126,0.9068,0.0,681.0546469997333,rolling_scenario,2025-03-20,18,3,751.0527646666667,681.0546469997333,0.0
736.4505999999999,0.0,1459.4654996444458,1461.817275844446,2.6130846666667367,0.0,0.0,736.4505999999999,0.0,2.6130846666667367,0.0,0.0,0.0,127,0.9371,0.0,692.5765789011333,rolling_scenario,2025-03-20,18,3,739.0636846666666,692.5765789011333,0.0
758.9333333333334,0.0,1461.817275844446,1442.1168625111125,0.0,17.730372000000102,0.0,741.2029613333333,0.0,0.0,0.0,0.0,0.0,128,0.9371,0.0,694.5812950654666,rolling_scenario,2025-03-20,18,3,741.2029613333333,694.5812950654666,0.0
754.3754666666666,0.0,1442.1168625111125,1445.4592657111125,3.7137813333333725,0.0,0.0,754.3754666666666,0.0,3.7137813333333725,0.0,0.0,0.0,129,0.9871,0.0,748.3098967008,rolling_scenario,2025-03-20,18,3,758.089248,748.3098967008,0.0
666.9375333333332,0.0,1445.4592657111125,1457.0423089111127,12.870048000000224,0.0,0.0,666.9375333333332,0.0,12.870048000000224,0.0,0.0,0.0,130,0.7764,0.0,527.8026061472001,rolling_scenario,2025-03-20,18,3,679.8075813333335,527.8026061472001,0.0
553.1566666666666,0.0,1457.0423089111127,1457.9392741111128,0.9966280000001007,0.0,0.0,553.1566666666666,0.0,0.9966280000001007,0.0,0.0,0.0,131,0.4209,0.0,233.24312172520004,rolling_scenario,2025-03-20,18,3,554.1532946666667,233.24312172520004,0.0
538.9014666666667,0.0,1457.9392741111128,1473.1392493111127,16.888861333333352,0.0,0.0,538.9014666666667,0.0,16.888861333333352,0.0,0.0,0.0,132,0.3859,0.0,214.47948757520004,rolling_scenario,2025-03-20,18,3,555.790328,214.47948757520004,0.0
553.3285,0.0,1473.1392493111127,1495.7365915111127,25.108158000000003,0.0,0.0,553.3285,0.0,25.108158000000003,0.0,0.0,0.0,133,0.4368,0.0,252.6611322144,rolling_scenario,2025-03-20,18,3,578.436658,252.6611322144,0.0
542.64,0.0,1495.7365915111127,1524.7658587111127,32.25474133333341,0.0,0.0,542.64,0.0,32.25474133333341,0.0,0.0,0.0,134,0.4198,0.0,241.34081241173337,rolling_scenario,2025-03-20,18,3,574.8947413333334,241.34081241173337,0.0
524.0220999999999,0.0,1524.7658587111127,1576.8149569111129,57.832331333333514,0.0,0.0,524.0220999999999,0.0,57.832331333333514,0.0,0.0,0.0,135,0.4186,0.0,243.5642649561334,rolling_scenario,2025-03-20,18,3,581.8544313333334,243.5642649561334,0.0
526.9695666666667,0.0,1576.8149569111129,1630.157874111113,59.2699080000001,0.0,0.0,526.9695666666667,0.0,59.2699080000001,0.0,0.0,0.0,136,0.4241,0.0,248.62416120613335,rolling_scenario,2025-03-20,18,3,586.2394746666668,248.62416120613335,0.0
549.4,0.0,1630.157874111113,1662.8309413111128,36.30340799999999,0.0,0.0,549.4,0.0,36.30340799999999,0.0,0.0,0.0,137,0.4237,0.0,248.1625339696,rolling_scenario,2025-03-20,18,3,585.703408,248.1625339696,0.0
559.40135,0.0,1662.8309413111128,1687.9778983111128,27.941063333333204,0.0,0.0,559.40135,0.0,27.941063333333204,0.0,0.0,0.0,138,0.4248,0.0,249.50305718399994,rolling_scenario,2025-03-20,18,3,587.3424133333332,249.50305718399994,0.0
543.6279333333333,0.0,1687.9778983111128,1723.2136033111128,39.150783333333266,0.0,0.0,543.6279333333333,0.0,39.150783333333266,0.0,0.0,0.0,139,0.424,0.0,247.09817586666662,rolling_scenario,2025-03-20,18,3,582.7787166666666,247.09817586666662,0.0
544.6216666666667,0.0,1723.2136033111128,1749.6348433111127,29.35693333333313,0.0,0.0,544.6216666666667,0.0,29.35693333333313,0.0,0.0,0.0,140,0.422,0.0,242.21896919999992,rolling_scenario,2025-03-20,18,3,573.9785999999998,242.21896919999992,0.0
600.6793333333333,0.0,1749.6348433111127,1726.3531692370386,0.0,20.953506666666613,0.0,579.7258266666666,0.0,0.0,0.0,0.0,0.0,141,0.424,0.0,245.80375050666666,rolling_scenario,2025-03-20,18,3,579.7258266666666,245.80375050666666,0.0
540.9781833333333,0.0,1726.3531692370386,1702.2064359037051,0.0,21.73206000000016,0.0,519.2461233333331,0.0,0.0,0.0,0.0,0.0,142,0.4271,0.0,221.77001927566656,rolling_scenario,2025-03-20,18,3,519.2461233333331,221.77001927566656,0.0
400.16666666666663,0.0,1702.2064359037051,1724.911875903705,25.228266666666627,0.0,0.0,400.16666666666663,0.0,25.228266666666627,0.0,0.0,0.0,143,0.4276,0.0,181.8988734933333,rolling_scenario,2025-03-20,18,3,425.39493333333326,181.8988734933333,0.0
514.6639666666666,0.0,2513.545029748149,2545.191479548149,35.16272200000003,0.0,0.0,514.6639666666666,0.0,35.16272200000003,0.0,0.0,0.0,0,0.4248,0.0,233.5663773456,rolling_scenario,2025-06-21,0,0,549.8266886666667,233.5663773456,0.0
533.3486499999999,0.0,2545.191479548149,2880.4836151308646,372.5468173141286,0.0,0.0,533.3486499999999,0.0,372.5468173141286,0.0,0.0,0.0,1,0.4245,0.0,384.55262587484754,rolling_scenario,2025-06-21,0,0,905.8954673141285,384.55262587484754,0.0
566.91,0.0,2880.4836151308646,2845.2457358716056,0.0,31.714091333333272,0.0,535.1959086666667,0.0,0.0,0.0,0.0,0.0,2,0.4269,0.0,228.4751334098,rolling_scenario,2025-06-21,0,0,535.1959086666667,228.4751334098,0.0
510.5876833333333,0.0,2845.2457358716056,2877.678680671606,36.036605333333455,0.0,0.0,510.5876833333333,0.0,36.036605333333455,0.0,0.0,0.0,3,0.4272,0.0,233.51789611840005,rolling_scenario,2025-06-21,0,0,546.6242886666668,233.51789611840005,0.0
470.04286666666667,0.0,2877.678680671606,2950.308592471606,80.69990200000007,0.0,0.0,470.04286666666667,0.0,80.69990200000007,0.0,0.0,0.0,4,0.4271,0.0,235.22223649753334,rolling_scenario,2025-06-21,0,0,550.7427686666667,235.22223649753334,0.0
480.56333333333333,0.0,2950.308592471606,3004.372710271606,60.07124200000004,0.0,0.0,480.56333333333333,0.0,60.07124200000004,0.0,0.0,0.0,5,0.4285,0.0,231.66191553033335,rolling_scenario,2025-06-21,0,0,540.6345753333334,231.66191553033335,0.0
478.3299333333333,0.0,3004.372710271606,3037.3495760716064,36.64096200000006,0.0,0.0,478.3299333333333,0.0,36.64096200000006,0.0,0.0,0.0,6,0.4311,0.0,222.0039529782,rolling_scenario,2025-06-21,0,0,514.9708953333334,222.0039529782,0.0
497.63811666666663,0.0,3037.3495760716064,3048.4024958716063,12.281022000000007,0.0,0.0,497.63811666666663,0.0,12.281022000000007,0.0,0.0,0.0,7,0.4302,0.0,219.3672134544,rolling_scenario,2025-06-21,0,0,509.91913866666664,219.3672134544,0.0
527.3633333333332,0.0,3048.4024958716063,3021.9219277234583,0.0,23.83251133333323,0.0,503.530822,0.0,0.0,0.0,0.0,0.0,8,0.4279,0.0,215.4608387338,rolling_scenario,2025-06-21,0,0,503.530822,215.4608387338,0.0
510.8076166666666,0.0,3021.9219277234583,3028.1282155234585,6.895875333333379,0.0,0.0,510.8076166666666,0.0,6.895875333333379,0.0,0.0,0.0,9,0.4312,0.0,223.2337457504,rolling_scenario,2025-06-21,0,0,517.703492,223.2337457504,0.0
492.3409833333333,0.0,3028.1282155234585,3052.5013543234586,27.081265333333306,0.0,0.0,492.3409833333333,0.0,27.081265333333306,0.0,0.0,0.0,10,0.4333,0.0,225.06566034726666,rolling_scenario,2025-06-21,0,0,519.4222486666666,225.06566034726666,0.0
499.1033333333333,0.0,3052.5013543234586,3060.8171941234586,9.239822000000004,0.0,0.0,499.1033333333333,0.0,9.239822000000004,0.0,0.0,0.0,11,0.4311,0.0,219.14673426419998,rolling_scenario,2025-06-21,0,0,508.3431553333333,219.14673426419998,0.0
512.0669,0.0,3060.8171941234586,3048.9746430123473,0.0,10.65829600000012,0.0,501.4086039999999,0.0,0.0,0.0,0.0,0.0,12,0.4293,0.0,215.25471369719997,rolling_scenario,2025-06-21,0,0,501.4086039999999,215.25471369719997,0.0
502.18358333333333,0.0,3048.9746430123473,3042.9071104197546,0.0,5.460779333333335,0.0,496.722804,0.0,0.0,0.0,0.0,0.0,13,0.4324,0.0,214.7829404496,rolling_scenario,2025-06-21,0,0,496.722804,214.7829404496,0.0
473.125,0.0,3042.9071104197546,3054.1058410197547,12.443034000000011,0.0,0.0,473.125,0.0,12.443034000000011,0.0,0.0,0.0,14,0.4367,0.0,212.04756044779998,rolling_scenario,2025-06-21,0,0,485.568034,212.04756044779998,0.0
458.3199833333333,0.0,3054.1058410197547,3093.5603536197546,43.83834733333333,0.0,0.0,458.3199833333333,0.0,43.83834733333333,0.0,0.0,0.0,15,0.4348,0.0,218.33844217386667,rolling_scenario,2025-06-21,0,0,502.15833066666664,218.33844217386667,0.0
470.09745,0.0,3093.5603536197546,3119.6572852197546,28.99659066666669,0.0,0.0,470.09745,0.0,28.99659066666669,0.0,0.0,0.0,16,0.4335,0.0,216.357266629,rolling_scenario,2025-06-21,0,0,499.0940406666667,216.357266629,0.0
489.3733333333333,0.0,3119.6572852197546,3105.2306563308657,0.0,12.983965999999953,0.0,476.3893673333333,0.0,0.0,0.0,0.0,0.0,17,0.4357,0.0,207.56284734713333,rolling_scenario,2025-06-21,0,0,476.3893673333333,207.56284734713333,0.0
486.69823333333335,0.00019999999999999998,3105.2306563308657,3082.7302941086436,0.0,20.250325999999916,0.00019999999999999998,466.4477073333334,0.0,0.0,0.0,0.0,0.0,18,0.4374,0.0,204.02422718760005,rolling_scenario,2025-06-21,0,0,466.4477073333334,204.02422718760005,0.0
491.8388,0.0,3082.7302941086436,3068.224572627162,0.0,13.055149333333247,0.0,478.78365066666674,0.0,0.0,0.0,0.0,0.0,19,0.4371,0.0,209.27633370640004,rolling_scenario,2025-06-21,0,0,478.78365066666674,209.27633370640004,0.0
496.25166666666667,0.0,3068.224572627162,3052.4007437382734,0.0,14.24144599999994,0.0,482.0102206666667,0.0,0.0,0.0,0.0,0.0,20,0.4356,0.0,209.96365212240002,rolling_scenario,2025-06-21,0,0,482.0102206666667,209.96365212240002,0.0
463.3829999999999,0.0026999999999999997,3052.4007437382734,3074.4499523382733,24.499120666666784,0.0,0.0026999999999999997,463.3802999999999,0.0,24.499120666666784,0.0,0.0,0.0,21,0.4353,0.0,212.37391181620004,rolling_scenario,2025-06-21,0,0,487.8794206666667,212.37391181620004,0.0
454.71764999999994,0.0,3074.4499523382733,3109.3805399382736,38.81176400000015,0.0,0.0,454.71764999999994,0.0,38.81176400000015,0.0,0.0,0.0,22,0.436,0.0,215.17882450400003,rolling_scenario,2025-06-21,0,0,493.5294140000001,215.17882450400003,0.0
477.03166666666664,0.0,3109.3805399382736,3124.8121385382738,17.146220666666693,0.0,0.0,477.03166666666664,0.0,17.146220666666693,0.0,0.0,0.0,23,0.4378,0.0,216.35107907453335,rolling_scenario,2025-06-21,0,0,494.17788733333333,216.35107907453335,0.0
474.3197,0.03771666666666666,3124.8121385382738,3131.081502238274,6.96595966666672,0.0,0.03771666666666666,474.28198333333336,0.0,6.96595966666672,0.0,0.0,0.0,24,0.4401,0.0,211.79721971430004,rolling_scenario,2025-06-21,0,0,481.2479430000001,211.79721971430004,0.0
458.1585,0.0,3131.081502238274,3140.940453438274,10.954390222222287,0.0,0.0,458.1585,0.0,10.954390222222287,0.0,0.0,0.0,25,0.4389,0.0,205.89364751853336,rolling_scenario,2025-06-21,0,0,469.1128902222223,205.89364751853336,0.0
446.2183333333333,0.0,3140.940453438274,3154.685332138274,15.272087444444537,0.0,0.0,446.2183333333333,0.0,15.272087444444537,0.0,0.0,0.0,26,0.4364,0.0,201.39441962742225,rolling_scenario,2025-06-21,0,0,461.49042077777784,201.39441962742225,0.0
443.4785499999999,0.5252666666666667,3154.685332138274,3177.950861338274,25.85058800000013,0.0,0.5252666666666667,442.9532833333333,0.0,25.85058800000013,0.0,0.0,0.0,27,0.4393,0.0,205.94554067673337,rolling_scenario,2025-06-21,0,0,468.8038713333334,205.94554067673337,0.0
450.38674999999995,0.0,3177.950861338274,3197.3191600382743,21.520331888889018,0.0,0.0,450.38674999999995,0.0,21.520331888889018,0.0,0.0,0.0,28,0.4422,0.0,208.6773116112667,rolling_scenario,2025-06-21,0,0,471.90708188888897,208.6773116112667,0.0
455.38666666666666,1.2125,3197.3191600382743,3209.5856762382746,13.629462444444528,0.0,1.2125,454.1741666666667,0.0,13.629462444444528,0.0,0.0,0.0,29,0.4395,0.0,205.5996949943334,rolling_scenario,2025-06-21,0,0,467.8036291111112,205.5996949943334,0.0
444.1196333333333,19.460916666666666,3209.5856762382746,3240.2559589382745,34.07809188888882,0.0,19.460916666666666,424.65871666666663,0.0,34.07809188888882,0.0,0.0,0.0,30,0.4333,0.0,198.7706591471222,rolling_scenario,2025-06-21,0,0,458.73680855555546,198.7706591471222,0.0
434.4785,43.99505,3240.2559589382745,3277.0320961382745,40.86237466666677,0.0,43.99505,390.48345,0.0,40.86237466666677,0.0,0.0,0.0,31,0.4439,0.0,191.47441156953337,rolling_scenario,2025-06-21,0,0,431.3458246666668,191.47441156953337,0.0
440.35833333333335,69.51249999999999,3277.0320961382745,3306.0819818382743,32.27765077777775,0.0,69.51249999999999,370.84583333333336,0.0,32.27765077777775,0.0,0.0,0.0,32,0.4301,0.0,173.3834105161889,rolling_scenario,2025-06-21,0,0,403.1234841111111,173.3834105161889,0.0
457.5106833333333,97.93268333333333,3306.0819818382743,4056.0819818382743,833.3333333333333,0.0,97.93268333333333,359.578,0.0,833.3333333333333,0.0,33.88558688888884,0.0,33,0.3713,0.0,455.5096964785111,rolling_scenario,2025-06-21,0,0,1226.796920222222,455.5096964785111,0.0
459.67366666666663,122.63874999999999,4056.0819818382743,3681.5987410975335,0.0,337.03491666666656,122.63874999999999,5.684341886080802e-14,0.0,0.0,0.0,0.0,0.0,34,0.5708,0.0,3.2446223485749213e-14,rolling_scenario,2025-06-21,0,0,5.684341886080802e-14,3.2446223485749213e-14,0.0
456.93999999999994,148.45,3681.5987410975335,3338.832074430867,0.0,308.4899999999999,148.45,5.684341886080802e-14,0.0,0.0,0.0,0.0,0.0,35,0.9099,0.0,5.1721826821449215e-14,rolling_scenario,2025-06-21,0,0,5.684341886080802e-14,5.1721826821449215e-14,0.0
481.45506666666665,189.49256666666668,3338.832074430867,3014.4292966530893,0.0,291.96249999999986,189.49256666666668,8.526512829121202e-14,0.0,0.0,0.0,0.0,0.0,36,0.9368,0.0,7.987637218320742e-14,rolling_scenario,2025-06-21,6,1,8.526512829121202e-14,7.987637218320742e-14,0.0
488.7051666666667,242.2338,3014.4292966530893,2740.572222579015,0.0,246.47136666666668,242.2338,0.0,0.0,0.0,0.0,0.0,0.0,37,0.8758,0.0,0.0,rolling_scenario,2025-06-21,6,1,0.0,0.0,0.0
460.66999999999996,294.31874999999997,2740.572222579015,2555.7375003567927,0.0,166.35125,294.31874999999997,0.0,0.0,0.0,0.0,0.0,0.0,38,0.8759,0.0,0.0,rolling_scenario,2025-06-21,6,1,0.0,0.0,0.0
434.43561666666665,337.05043333333333,2555.7375003567927,2447.5317410975335,0.0,97.38518333333332,337.05043333333333,0.0,0.0,0.0,0.0,0.0,0.0,39,0.8601,0.0,0.0,rolling_scenario,2025-06-21,6,1,0.0,0.0,0.0
477.9608166666667,391.7487166666666,2447.5317410975335,2351.7405188753114,0.0,86.21210000000008,391.7487166666666,0.0,0.0,0.0,0.0,0.0,0.0,40,0.8442,0.0,0.0,rolling_scenario,2025-06-21,6,1,0.0,0.0,0.0
550.7116666666666,449.875,2351.7405188753114,2239.699778134571,0.0,100.83666666666659,449.875,0.0,0.0,0.0,0.0,0.0,0.0,41,0.8334,0.0,0.0,rolling_scenario,2025-06-21,6,1,0.0,0.0,0.0
542.3861499999999,479.10384999999997,2239.699778134571,2169.3861114679044,0.0,63.28229999999978,479.10384999999997,1.8118839761882555e-13,0.0,0.0,0.0,0.0,0.0,42,0.8092,0.0,1.4661765135315365e-13,rolling_scenario,2025-06-21,6,1,1.8118839761882555e-13,1.4661765135315365e-13,0.0
522.9324666666666,501.0047833333333,2169.3861114679044,2145.022018875312,0.0,21.927683333333334,501.0047833333333,0.0,0.0,0.0,0.0,0.0,0.0,43,0.7972,0.0,0.0,rolling_scenario,2025-06-21,6,1,0.0,0.0,0.0
529.1416666666667,537.4812499999999,2145.022018875312,2152.5276438753117,8.33958333333328,0.0,529.1416666666667,0.0,8.33958333333328,0.0,0.0,0.0,0.0,44,0.7644,0.0,0.0,rolling_scenario,2025-06-21,6,1,0.0,0.0,0.0
526.62105,589.5878333333333,2152.5276438753117,2209.197748875312,62.9667833333333,0.0,526.62105,0.0,62.9667833333333,0.0,0.0,0.0,0.0,45,0.6899,0.0,0.0,rolling_scenario,2025-06-21,6,1,0.0,0.0,0.0
514.59605,630.8997666666667,2209.197748875312,2313.871093875312,116.30371666666667,0.0,514.59605,0.0,116.30371666666667,0.0,0.0,0.0,0.0,46,0.86,0.0,0.0,rolling_scenario,2025-06-21,6,1,0.0,0.0,0.0
510.3933333333333,667.2375,2313.871093875312,2455.030843875312,156.84416666666664,0.0,510.3933333333333,0.0,156.84416666666664,0.0,0.0,0.0,0.0,47,1.1617,0.0,0.0,rolling_scenario,2025-06-21,6,1,0.0,0.0,0.0
527.0032833333332,722.4553999999999,2455.030843875312,2630.9377488753116,195.4521166666667,0.0,527.0032833333332,0.0,195.4521166666667,0.0,0.0,0.0,0.0,48,1.1683,0.0,0.0,rolling_scenario,2025-06-21,6,1,0.0,0.0,0.0
526.8320333333334,740.3005833333333,2630.9377488753116,2823.0594438753114,213.46854999999994,0.0,526.8320333333334,0.0,213.46854999999994,0.0,0.0,0.0,0.0,49,1.0956,0.0,0.0,rolling_scenario,2025-06-21,6,1,0.0,0.0,0.0
506.265,726.4499999999999,2823.0594438753114,3021.2259438753113,220.18499999999995,0.0,506.265,0.0,220.18499999999995,0.0,0.0,0.0,0.0,50,1.0849,0.0,0.0,rolling_scenario,2025-06-21,6,1,0.0,0.0,0.0
505.16623333333337,746.6491666666667,3021.2259438753113,3238.5605838753113,241.48293333333334,0.0,505.16623333333337,0.0,241.48293333333334,0.0,0.0,0.0,0.0,51,1.061,0.0,0.0,rolling_scenario,2025-06-21,6,1,0.0,0.0,0.0
548.3231666666666,778.0861,3238.5605838753113,3445.3472238753116,229.76293333333342,0.0,548.3231666666666,0.0,229.76293333333342,0.0,0.0,0.0,0.0,52,1.043,0.0,0.0,rolling_scenario,2025-06-21,6,1,0.0,0.0,0.0
608.4366666666666,791.0124999999999,3445.3472238753116,3609.6654738753114,182.57583333333332,0.0,608.4366666666666,0.0,182.57583333333332,0.0,0.0,0.0,0.0,53,1.036,0.0,0.0,rolling_scenario,2025-06-21,6,1,0.0,0.0,0.0
630.9835166666667,791.1589,3609.6654738753114,3753.8233188753115,160.17538333333334,0.0,630.9835166666667,0.0,160.17538333333334,0.0,0.0,0.0,0.0,54,1.0147,0.0,0.0,rolling_scenario,2025-06-21,6,1,0.0,0.0,0.0
641.6030499999999,856.5730166666667,3753.8233188753115,3947.296288875312,214.96996666666678,0.0,641.6030499999999,0.0,214.96996666666678,0.0,0.0,0.0,0.0,55,0.9922,0.0,0.0,rolling_scenario,2025-06-21,6,1,0.0,0.0,0.0
637.4333333333333,965.71875,3947.296288875312,4242.753163875312,328.2854166666667,0.0,637.4333333333333,0.0,328.2854166666667,0.0,0.0,0.0,0.0,56,0.97,0.0,0.0,rolling_scenario,2025-06-21,6,1,0.0,0.0,0.0
597.0597666666666,1018.178,4242.753163875312,4621.759573875312,421.11823333333336,0.0,597.0597666666666,0.0,421.11823333333336,0.0,0.0,0.0,0.0,57,0.9422,0.0,0.0,rolling_scenario,2025-06-21,6,1,0.0,0.0,0.0
614.6574499999999,1064.1836333333333,4621.759573875312,5026.333138875311,449.5261833333334,0.0,614.6574499999999,0.0,449.5261833333334,0.0,0.0,0.0,0.0,58,0.9569,0.0,0.0,rolling_scenario,2025-06-21,6,1,0.0,0.0,0.0
666.6899999999999,1107.25625,5026.333138875311,5422.842763875311,440.56624999999997,0.0,666.6899999999999,0.0,440.56624999999997,0.0,0.0,0.0,0.0,59,0.9977,0.0,0.0,rolling_scenario,2025-06-21,6,1,0.0,0.0,0.0
637.6840166666666,1098.3148833333332,5422.842763875311,5837.410543875311,460.63086666666663,0.0,637.6840166666666,0.0,460.63086666666663,0.0,0.0,0.0,0.0,60,0.9919,0.0,0.0,rolling_scenario,2025-06-21,6,1,0.0,0.0,0.0
626.9162666666666,1115.9334,5837.410543875311,6277.525963875311,489.0171333333333,0.0,626.9162666666666,0.0,489.0171333333333,0.0,0.0,0.0,0.0,61,0.9588,0.0,0.0,rolling_scenario,2025-06-21,6,1,0.0,0.0,0.0
650.3183333333333,1166.83125,6277.525963875311,6742.387588875312,516.5129166666667,0.0,650.3183333333333,0.0,516.5129166666667,0.0,0.0,0.0,0.0,62,0.9549,0.0,0.0,rolling_scenario,2025-06-21,6,1,0.0,0.0,0.0
621.1255833333332,1182.3068166666667,6742.387588875312,7247.450698875312,561.1812333333335,0.0,621.1255833333332,0.0,561.1812333333335,0.0,0.0,0.0,0.0,63,0.9839,0.0,0.0,rolling_scenario,2025-06-21,6,1,0.0,0.0,0.0
594.26015,1207.1864666666665,7247.450698875312,7799.084383875312,612.9263166666666,0.0,594.26015,0.0,612.9263166666666,0.0,0.0,0.0,0.0,64,0.799,0.0,0.0,rolling_scenario,2025-06-21,6,1,0.0,0.0,0.0
613.2016666666666,1233.35,7799.084383875312,8357.217883875312,620.1483333333333,0.0,613.2016666666666,0.0,620.1483333333333,0.0,0.0,0.0,0.0,65,0.5025,0.0,0.0,rolling_scenario,2025-06-21,6,1,0.0,0.0,0.0
657.6027666666666,1217.7636,8357.217883875312,8861.362633875311,560.1608333333334,0.0,657.6027666666666,0.0,560.1608333333334,0.0,0.0,0.0,0.0,66,0.4662,0.0,0.0,rolling_scenario,2025-06-21,6,1,0.0,0.0,0.0
650.1067166666667,1297.1492333333333,8861.362633875311,9443.700898875311,647.0425166666666,0.0,650.1067166666667,0.0,647.0425166666666,0.0,0.0,0.0,0.0,67,0.5007,0.0,0.0,rolling_scenario,2025-06-21,6,1,0.0,0.0,0.0
607.6266666666667,1415.0375,9443.700898875311,10170.37064887531,807.4108333333332,0.0,607.6266666666667,0.0,807.4108333333332,0.0,0.0,0.0,0.0,68,0.4827,0.0,0.0,rolling_scenario,2025-06-21,6,1,0.0,0.0,0.0
617.5237833333333,1363.4527333333333,10170.37064887531,10800.0,699.5881679163216,0.0,617.5237833333333,0.0,699.5881679163216,0.0,46.34078208367839,0.0,0.0,69,0.4785,0.0,0.0,rolling_scenario,2025-06-21,6,1,0.0,0.0,0.0
620.7188833333332,1279.6117666666667,10800.0,10800.0,0.0,0.0,620.7188833333332,0.0,0.0,0.0,658.8928833333334,0.0,0.0,70,0.4662,0.0,0.0,rolling_scenario,2025-06-21,6,1,0.0,0.0,0.0
605.18,1277.51875,10800.0,10800.0,0.0,0.0,605.18,0.0,0.0,0.0,672.33875,0.0,0.0,71,0.4432,0.0,0.0,rolling_scenario,2025-06-21,6,1,0.0,0.0,0.0
622.59025,1340.7105166666665,10800.0,10800.0,0.0,0.0,622.59025,0.0,0.0,0.0,718.1202666666666,0.0,0.0,72,0.4411,0.0,0.0,rolling_scenario,2025-06-21,12,2,0.0,0.0,0.0
642.0391999999999,1383.4959166666667,10800.0,10800.0,0.0,0.0,642.0391999999999,0.0,0.0,0.0,741.4567166666668,0.0,0.0,73,0.4551,0.0,0.0,rolling_scenario,2025-06-21,12,2,0.0,0.0,0.0
654.76,1397.16875,10800.0,10800.0,0.0,0.0,654.76,0.0,0.0,0.0,742.40875,0.0,0.0,74,0.4463,0.0,0.0,rolling_scenario,2025-06-21,12,2,0.0,0.0,0.0
676.6507333333333,1434.2979500000001,10800.0,10800.0,0.0,0.0,676.6507333333333,0.0,0.0,0.0,757.6472166666668,0.0,0.0,75,0.4113,0.0,0.0,rolling_scenario,2025-06-21,12,2,0.0,0.0,0.0
652.0988,1423.7868166666667,10800.0,10800.0,0.0,0.0,652.0988,0.0,0.0,0.0,771.6880166666667,0.0,0.0,76,0.5682,0.0,0.0,rolling_scenario,2025-06-21,12,2,0.0,0.0,0.0
614.6683333333333,1341.6,10800.0,10800.0,0.0,0.0,614.6683333333333,0.0,0.0,0.0,726.9316666666666,0.0,0.0,77,0.8279,0.0,0.0,rolling_scenario,2025-06-21,12,2,0.0,0.0,0.0
651.7447166666666,1248.9026999999999,10800.0,10800.0,0.0,0.0,651.7447166666666,0.0,0.0,0.0,597.1579833333333,0.0,0.0,78,0.8636,0.0,0.0,rolling_scenario,2025-06-21,12,2,0.0,0.0,0.0
643.7692333333333,1225.8205166666667,10800.0,10800.0,0.0,0.0,643.7692333333333,0.0,0.0,0.0,582.0512833333333,0.0,0.0,79,0.8416,0.0,0.0,rolling_scenario,2025-06-21,12,2,0.0,0.0,0.0
598.2149999999999,1223.4812499999998,10800.0,10800.0,0.0,0.0,598.2149999999999,0.0,0.0,0.0,625.2662499999999,0.0,0.0,80,0.8618,0.0,0.0,rolling_scenario,2025-06-21,12,2,0.0,0.0,0.0
641.5370166666667,1119.1241499999999,10800.0,10800.0,0.0,0.0,641.5370166666667,0.0,0.0,0.0,477.5871333333332,0.0,0.0,81,0.8623,0.0,0.0,rolling_scenario,2025-06-21,12,2,0.0,0.0,0.0
663.0396999999999,1021.2925,10800.0,10800.0,0.0,0.0,663.0396999999999,0.0,0.0,0.0,358.2528000000001,0.0,0.0,82,0.9026,0.0,0.0,rolling_scenario,2025-06-21,12,2,0.0,0.0,0.0
643.6416666666667,992.6999999999999,10800.0,10800.0,0.0,0.0,643.6416666666667,0.0,0.0,0.0,349.0583333333333,0.0,0.0,83,0.9754,0.0,0.0,rolling_scenario,2025-06-21,12,2,0.0,0.0,0.0
674.6484166666667,990.2996333333333,10800.0,10800.0,0.0,0.0,674.6484166666667,0.0,0.0,0.0,315.65121666666664,0.0,0.0,84,1.0002,0.0,0.0,rolling_scenario,2025-06-21,12,2,0.0,0.0,0.0
682.5380166666666,971.2156666666666,10800.0,10800.0,0.0,0.0,682.5380166666666,0.0,0.0,0.0,288.67764999999997,0.0,0.0,85,0.9978,0.0,0.0,rolling_scenario,2025-06-21,12,2,0.0,0.0,0.0
667.8983333333333,956.3562499999999,10800.0,10800.0,0.0,0.0,667.8983333333333,0.0,0.0,0.0,288.4579166666666,0.0,0.0,86,1.0271,0.0,0.0,rolling_scenario,2025-06-21,12,2,0.0,0.0,0.0
704.50855,994.0434499999999,10800.0,10800.0,0.0,0.0,704.50855,0.0,0.0,0.0,289.5348999999999,0.0,0.0,87,1.0906,0.0,0.0,rolling_scenario,2025-06-21,12,2,0.0,0.0,0.0
697.0747666666666,996.54085,10800.0,10800.0,0.0,0.0,697.0747666666666,0.0,0.0,0.0,299.46608333333336,0.0,0.0,88,0.9376,0.0,0.0,rolling_scenario,2025-06-21,12,2,0.0,0.0,0.0
646.6133333333332,946.7437499999999,10800.0,10800.0,0.0,0.0,646.6133333333332,0.0,0.0,0.0,300.13041666666663,0.0,0.0,89,0.6694,0.0,0.0,rolling_scenario,2025-06-21,12,2,0.0,0.0,0.0
652.7055833333333,909.52565,10800.0,10800.0,0.0,0.0,652.7055833333333,0.0,0.0,0.0,256.8200666666668,0.0,0.0,90,0.66,0.0,0.0,rolling_scenario,2025-06-21,12,2,0.0,0.0,0.0
654.0566333333334,858.8448,10800.0,10800.0,0.0,0.0,654.0566333333334,0.0,0.0,0.0,204.7881666666666,0.0,0.0,91,0.7217,0.0,0.0,rolling_scenario,2025-06-21,12,2,0.0,0.0,0.0
645.9166666666666,801.85,10800.0,10800.0,0.0,0.0,645.9166666666666,0.0,0.0,0.0,155.9333333333334,0.0,0.0,92,0.7308,0.0,0.0,rolling_scenario,2025-06-21,12,2,0.0,0.0,0.0
689.5025833333334,780.1588666666667,10800.0,10800.0,0.0,0.0,689.5025833333334,0.0,0.0,0.0,90.65628333333325,63.721082222222094,0.0,93,0.7534,0.0,48.007463346222124,rolling_scenario,2025-06-21,12,2,63.721082222222094,48.007463346222124,0.0
719.5433666666665,746.8723499999999,10800.0,10800.0,0.0,0.0,719.5433666666665,0.0,0.0,0.0,27.328983333333326,106.00059111111113,0.0,94,0.7823,0.0,82.92426242622224,rolling_scenario,2025-06-21,12,2,106.00059111111113,82.92426242622224,0.0
702.905,675.9,10800.0,10800.0,0.0,0.0,675.9,27.004999999999995,0.0,0.0,0.0,109.78923559670878,0.0,95,0.8055,0.0,110.18775677314892,rolling_scenario,2025-06-21,12,2,136.79423559670877,110.18775677314892,0.0
672.3809666666666,593.8094166666666,10800.0,10800.0,0.0,0.0,593.8094166666666,78.57155,0.0,0.0,0.0,115.7224249999997,0.0,96,0.8271,0.0,160.70054672249975,rolling_scenario,2025-06-21,12,2,194.2939749999997,160.70054672249975,0.0
663.4524333333333,560.2481333333333,10800.0,10800.0,0.0,0.0,560.2481333333333,103.20429999999999,0.0,0.0,0.0,94.64871333333326,0.0,97,0.8519,0.0,168.5509820586666,rolling_scenario,2025-06-21,12,2,197.85301333333325,168.5509820586666,0.0
673.67,567.7624999999999,10800.0,10800.0,0.0,0.0,567.7624999999999,105.90750000000003,0.0,0.0,0.0,74.51889166666672,0.0,98,0.8791,0.0,158.61284091416672,rolling_scenario,2025-06-21,12,2,180.42639166666675,158.61284091416672,0.0
663.9623333333333,548.5382999999999,10800.0,10800.0,0.0,0.0,548.5382999999999,115.42403333333334,0.0,0.0,0.0,165.3765166666667,0.0,99,0.9024,0.0,253.39441632000003,rolling_scenario,2025-06-21,12,2,280.80055000000004,253.39441632000003,0.0
603.6488499999999,494.0291666666667,10800.0,10800.0,0.0,0.0,494.0291666666667,109.61968333333323,0.0,0.0,0.0,176.80613500000032,0.0,100,0.9163,0.0,262.45197733883356,rolling_scenario,2025-06-21,12,2,286.42581833333355,262.45197733883356,0.0
540.05,437.26875,10800.0,10800.0,0.0,0.0,437.26875,102.78124999999994,0.0,0.0,0.0,102.8591166666667,0.0,101,0.9264,0.0,190.50523567999997,rolling_scenario,2025-06-21,12,2,205.64036666666664,190.50523567999997,0.0
555.8345333333333,413.20709999999997,10800.0,10800.0,0.0,0.0,413.20709999999997,142.62743333333333,0.0,0.0,0.0,122.4274005555555,0.0,102,0.9462,0.0,250.7948838256666,rolling_scenario,2025-06-21,12,2,265.0548338888888,250.7948838256666,0.0
577.1041333333333,364.3091333333333,10800.0,10800.0,0.0,0.0,364.3091333333333,212.79499999999996,0.0,0.0,0.0,141.6575662139914,0.0,103,0.9742,0.0,345.3076900056704,rolling_scenario,2025-06-21,12,2,354.45256621399136,345.3076900056704,0.0
580.7116666666666,291.74375,10800.0,10800.0,0.0,0.0,291.74375,288.9679166666666,0.0,0.0,0.0,61.31573333333347,0.0,104,0.9862,0.0,345.4497356300001,rolling_scenario,2025-06-21,12,2,350.2836500000001,345.4497356300001,0.0
608.2013499999999,254.73118333333332,10800.0,10800.0,0.0,0.0,254.73118333333332,353.4701666666666,0.0,0.0,0.0,17.576215555555564,0.0,105,0.976,0.0,362.14126904888883,rolling_scenario,2025-06-21,12,2,371.0463822222222,362.14126904888883,0.0
600.7254833333333,218.40456666666665,10800.0,10800.0,0.0,0.0,218.40456666666665,382.3209166666666,0.0,0.0,0.0,24.437387777777758,0.0,106,1.0742,0.0,436.93977063422216,rolling_scenario,2025-06-21,12,2,406.7583044444444,436.93977063422216,0.0
558.2516666666667,172.34999999999997,10800.0,10800.0,0.0,0.0,172.34999999999997,385.9016666666667,0.0,0.0,0.0,61.57310000000001,0.0,107,1.2313,0.0,550.9756801966668,rolling_scenario,2025-06-21,12,2,447.4747666666667,550.9756801966668,0.0
545.7471333333333,143.3881,10800.0,10352.934407407407,0.0,402.3590333333333,143.3881,-0.0,0.0,0.0,0.0,0.0,0.0,108,1.2561,0.0,0.0,rolling_scenario,2025-06-21,18,3,-0.0,-0.0,0.0
549.5005333333334,112.87578333333332,10352.934407407407,10425.054820407408,80.13379222222216,0.0,112.87578333333332,436.62475000000006,0.0,80.13379222222216,0.0,0.0,0.0,109,1.2447,0.0,643.209357504,rolling_scenario,2025-06-21,18,3,516.7585422222222,643.209357504,0.0
557.1316666666667,75.44999999999999,10425.054820407408,10132.060062999999,0.0,263.6952816666676,75.44999999999999,217.98638499999907,0.0,0.0,0.0,0.0,0.0,110,1.2545,0.0,273.46391998249885,rolling_scenario,2025-06-21,18,3,217.98638499999907,273.46391998249885,0.0
576.1385666666666,46.0094,10132.060062999999,10177.553939,50.54875111111096,0.0,46.0094,530.1291666666666,0.0,50.54875111111096,0.0,0.0,0.0,111,1.2522,0.0,727.1248886413331,rolling_scenario,2025-06-21,18,3,580.6779177777776,727.1248886413331,0.0
605.7608,20.306116666666664,10177.553939,9527.048735296295,0.0,585.4546833333334,20.306116666666664,-0.0,0.0,0.0,0.0,0.0,0.0,112,1.2881,0.0,0.0,rolling_scenario,2025-06-21,18,3,-0.0,-0.0,0.0
642.1199999999999,1.29375,9527.048735296295,8815.019568629628,0.0,640.8262499999998,1.29375,-0.0,0.0,0.0,0.0,0.0,0.0,113,1.3466,0.0,0.0,rolling_scenario,2025-06-21,18,3,-0.0,-0.0,0.0
667.4907,0.0,8815.019568629628,8073.363235296295,0.0,667.4907,0.0,-0.0,0.0,0.0,0.0,0.0,0.0,114,1.3523,0.0,0.0,rolling_scenario,2025-06-21,18,3,-0.0,-0.0,0.0
617.7905666666666,0.54365,8073.363235296295,7387.5333278888875,0.0,617.2469166666666,0.54365,-0.0,0.0,0.0,0.0,0.0,0.0,115,1.3445,0.0,0.0,rolling_scenario,2025-06-21,18,3,-0.0,-0.0,0.0
548.9133333333333,0.0,7387.5333278888875,6777.629624185184,0.0,548.9133333333333,0.0,-0.0,0.0,0.0,0.0,0.0,0.0,116,1.3483,0.0,0.0,rolling_scenario,2025-06-21,18,3,-0.0,-0.0,0.0
582.0875666666666,0.0,6777.629624185184,6130.865661222221,0.0,582.0875666666666,0.0,-0.0,0.0,0.0,0.0,0.0,0.0,117,1.349,0.0,0.0,rolling_scenario,2025-06-21,18,3,-0.0,-0.0,0.0
581.7777833333333,0.03903333333333333,6130.865661222221,5484.489272333332,0.0,581.73875,0.03903333333333333,-0.0,0.0,0.0,0.0,0.0,0.0,118,1.3473,0.0,0.0,rolling_scenario,2025-06-21,18,3,-0.0,-0.0,0.0
531.6033333333332,0.0,5484.489272333332,4893.818901962962,0.0,531.6033333333332,0.0,-0.0,0.0,0.0,0.0,0.0,0.0,119,1.3482,0.0,0.0,rolling_scenario,2025-06-21,18,3,-0.0,-0.0,0.0
558.0394333333334,0.0,4893.818901962962,4273.775087148147,0.0,558.0394333333334,0.0,-0.0,0.0,0.0,0.0,0.0,0.0,120,1.3513,0.0,0.0,rolling_scenario,2025-06-21,18,3,-0.0,-0.0,0.0
620.8675333333333,0.0027999999999999995,4273.775087148147,3583.925383444443,0.0,620.8647333333333,0.0027999999999999995,-0.0,0.0,0.0,0.0,0.0,0.0,121,1.34,0.0,0.0,rolling_scenario,2025-06-21,18,3,-0.0,-0.0,0.0
660.0216666666666,0.0,3583.925383444443,2850.567976037036,0.0,660.0216666666666,0.0,-0.0,0.0,0.0,0.0,0.0,0.0,122,1.3489,0.0,0.0,rolling_scenario,2025-06-21,18,3,-0.0,-0.0,0.0
646.97075,0.0,2850.567976037036,2131.711587148147,0.0,646.97075,0.0,-0.0,0.0,0.0,0.0,0.0,0.0,123,1.3952,0.0,0.0,rolling_scenario,2025-06-21,18,3,-0.0,-0.0,0.0
585.6121499999999,0.00019999999999999998,2131.711587148147,2234.796684148147,114.53899666666666,0.0,0.00019999999999999998,585.61195,0.0,114.53899666666666,0.0,0.0,0.0,124,1.2226,0.0,856.0045473946666,rolling_scenario,2025-06-21,18,3,700.1509466666666,856.0045473946666,0.0
526.72,0.0,2234.796684148147,2375.493384148147,156.32966666666664,0.0,0.0,526.72,0.0,156.32966666666664,0.0,0.0,0.0,125,0.9332,0.0,637.4219489333334,rolling_scenario,2025-06-21,18,3,683.0496666666667,637.4219489333334,0.0
535.7850999999999,0.0,2375.493384148147,2427.122190148147,57.36534000000006,0.0,0.0,535.7850999999999,0.0,57.36534000000006,0.0,0.0,0.0,126,0.9068,0.0,537.868818992,rolling_scenario,2025-06-21,18,3,593.15044,537.868818992,0.0
581.5171499999999,0.0,2427.122190148147,2416.5758123703695,0.0,9.491739999999936,0.0,572.02541,0.0,0.0,0.0,0.0,0.0,127,0.9371,0.0,536.045011711,rolling_scenario,2025-06-21,18,3,572.02541,536.045011711,0.0
618.915,0.0,2416.5758123703695,2415.949145703703,0.0,0.5640000000000782,0.0,618.3509999999999,0.0,0.0,0.0,0.0,0.0,128,0.9371,0.0,579.4567220999999,rolling_scenario,2025-06-21,18,3,618.3509999999999,579.4567220999999,0.0
619.2412833333333,0.0,2415.949145703703,2401.2974531111104,0.0,13.186523333333298,0.0,606.05476,0.0,0.0,0.0,0.0,0.0,129,0.9871,0.0,598.236653596,rolling_scenario,2025-06-21,18,3,606.05476,598.236653596,0.0
576.7794666666666,0.0,2401.2974531111104,2375.3945419999995,0.0,23.312619999999924,0.0,553.4668466666667,0.0,0.0,0.0,0.0,0.0,130,0.7764,0.0,429.711659752,rolling_scenario,2025-06-21,18,3,553.4668466666667,429.711659752,0.0
528.28,0.0,2375.3945419999995,2386.1672035999995,11.969624000000067,0.0,0.0,528.28,0.0,11.969624000000067,0.0,0.0,0.0,131,0.4209,0.0,227.3910667416,rolling_scenario,2025-06-21,18,3,540.249624,227.3910667416,0.0
526.8737333333333,0.0,2386.1672035999995,2420.9727325999997,38.67281000000003,0.0,0.0,526.8737333333333,0.0,38.67281000000003,0.0,0.0,0.0,132,0.3859,0.0,218.24441107233335,rolling_scenario,2025-06-21,18,3,565.5465433333334,218.24441107233335,0.0
544.7410833333333,0.0,2420.9727325999997,2424.3215815999997,3.7209433333332527,0.0,0.0,544.7410833333333,0.0,3.7209433333332527,0.0,0.0,0.0,133,0.4368,0.0,239.56821324799998,rolling_scenario,2025-06-21,18,3,548.4620266666666,239.56821324799998,0.0
552.865,0.0,2424.3215815999997,2419.1288415999998,0.0,4.673465999999962,0.0,548.191534,0.0,0.0,0.0,0.0,0.0,134,0.4198,0.0,230.1308059732,rolling_scenario,2025-06-21,18,3,548.191534,230.1308059732,0.0
546.83985,0.0,2419.1288415999998,2441.944685734001,25.350937926667825,0.0,0.0,546.83985,0.0,25.350937926667825,0.0,0.0,0.0,135,0.4186,0.0,239.51906382610315,rolling_scenario,2025-06-21,18,3,572.1907879266678,239.51906382610315,0.0
541.7928999999999,0.0,2441.944685734001,2456.970197734001,16.69501333333335,0.0,0.0,541.7928999999999,0.0,16.69501333333335,0.0,0.0,0.0,136,0.4241,0.0,236.85472404466663,rolling_scenario,2025-06-21,18,3,558.4879133333333,236.85472404466663,0.0
531.7316666666666,0.0,2456.970197734001,2498.4588783340014,46.0985340000002,0.0,0.0,531.7316666666666,0.0,46.0985340000002,0.0,0.0,0.0,137,0.4237,0.0,244.82665602246672,rolling_scenario,2025-06-21,18,3,577.8302006666668,244.82665602246672,0.0
499.8227166666666,0.0,2498.4588783340014,2474.694933889557,0.0,21.387549999999976,0.0,478.43516666666665,0.0,0.0,0.0,0.0,0.0,138,0.4248,0.0,203.2392588,rolling_scenario,2025-06-21,18,3,478.43516666666665,203.2392588,0.0
486.82904999999994,0.0,2474.694933889557,2518.155651977715,48.28968676462,0.0,0.0,486.82904999999994,0.0,48.28968676462,0.0,0.0,0.0,139,0.424,0.0,226.89034438819886,rolling_scenario,2025-06-21,18,3,535.1187367646199,226.89034438819886,0.0
498.2166666666667,0.0,2518.155651977715,2568.964870577715,56.45468733333337,0.0,0.0,498.2166666666667,0.0,56.45468733333337,0.0,0.0,0.0,140,0.422,0.0,234.07131138800003,rolling_scenario,2025-06-21,18,3,554.6713540000001,234.07131138800003,0.0
504.0951666666666,0.0,2568.964870577715,2598.883637370307,33.24307421399112,0.0,0.0,504.0951666666666,0.0,33.24307421399112,0.0,0.0,0.0,141,0.424,0.0,227.83141413339888,rolling_scenario,2025-06-21,18,3,537.3382408806577,227.83141413339888,0.0
532.2190166666667,0.0,2598.883637370307,2636.961299370307,42.308513333333394,0.0,0.0,532.2190166666667,0.0,42.308513333333394,0.0,0.0,0.0,142,0.4271,0.0,245.38070806300001,rolling_scenario,2025-06-21,18,3,574.5275300000001,245.38070806300001,0.0
606.0233333333333,0.0,2636.961299370307,2693.584199370307,62.914333333333275,0.0,0.0,606.0233333333333,0.0,62.914333333333275,0.0,0.0,0.0,143,0.4276,0.0,286.0377462666666,rolling_scenario,2025-06-21,18,3,668.9376666666666,286.0377462666666,0.0
570.1843333333334,0.0,2889.0294006666663,3639.0294006666663,833.3333333333333,0.0,0.0,570.1843333333334,0.0,833.3333333333333,0.0,116.42911666666669,0.0,0,0.4248,0.0,645.67339356,rolling_scenario,2025-09-23,0,0,1519.9467833333333,645.67339356,0.0
560.3181833333333,0.0,3639.0294006666663,4389.029400666666,833.3333333333333,0.0,0.0,560.3181833333333,0.0,833.3333333333333,0.0,114.76221999999984,0.0,1,0.4245,0.0,640.3216312149999,rolling_scenario,2025-09-23,0,0,1508.4137366666664,640.3216312149999,0.0
564.7666666666667,0.0,4389.029400666666,5139.029400666666,833.3333333333333,0.0,0.0,564.7666666666667,0.0,833.3333333333333,0.0,82.69466666666676,0.0,2,0.4269,0.0,632.1512432,rolling_scenario,2025-09-23,0,0,1480.7946666666667,632.1512432,0.0
598.5089166666667,0.0,5139.029400666666,5889.029400666666,833.3333333333333,0.0,0.0,598.5089166666667,0.0,833.3333333333333,0.0,44.47082,0.0,3,0.4272,0.0,630.680943504,rolling_scenario,2025-09-23,0,0,1476.31307,630.680943504,0.0
606.5106499999999,0.0,5889.029400666666,6639.029400666666,833.3333333333333,0.0,0.0,606.5106499999999,0.0,833.3333333333333,0.0,39.496796666666796,0.0,4,0.4271,0.0,631.8264471379999,rolling_scenario,2025-09-23,0,0,1479.34078,631.8264471379999,0.0
589.77,0.0,6639.029400666666,7389.029400666666,833.3333333333333,0.0,0.0,589.77,0.0,833.3333333333333,0.0,52.441666666666606,0.0,5,0.4285,0.0,632.2710324999999,rolling_scenario,2025-09-23,0,0,1475.5449999999998,632.2710324999999,0.0
597.35335,0.0,7389.029400666666,7422.363762666666,37.0381799999999,0.0,0.0,597.35335,0.0,37.0381799999999,0.0,0.0,0.0,6,0.4311,0.0,273.48618858299994,rolling_scenario,2025-09-23,0,0,634.3915299999999,273.48618858299994,0.0
579.9716666666666,0.0,7422.363762666666,7879.6943249999995,508.14506925925957,0.0,0.0,579.9716666666666,0.0,508.14506925925957,0.0,0.0,0.0,7,0.4302,0.0,468.10781979533346,rolling_scenario,2025-09-23,0,0,1088.1167359259262,468.10781979533346,0.0
552.68,0.0,7879.6943249999995,8629.694325,833.3333333333333,0.0,0.0,552.68,0.0,833.3333333333333,0.0,79.97899999999993,0.0,8,0.4279,0.0,627.2981194333332,rolling_scenario,2025-09-23,0,0,1465.9923333333331,627.2981194333332,0.0
584.0533499999999,0.0,8629.694325,8672.069358,47.083369999999945,0.0,0.0,584.0533499999999,0.0,47.083369999999945,0.0,0.0,0.0,9,0.4312,0.0,272.14615366399994,rolling_scenario,2025-09-23,0,0,631.1367199999999,272.14615366399994,0.0
601.8616166666666,0.0,8672.069358,8705.987766,37.687120000000164,0.0,0.0,601.8616166666666,0.0,37.687120000000164,0.0,0.0,0.0,10,0.4333,0.0,277.1164675976667,rolling_scenario,2025-09-23,0,0,639.5487366666667,277.1164675976667,0.0
590.6066666666666,0.0,8705.987766,8756.626566,56.2653333333335,0.0,0.0,590.6066666666666,0.0,56.2653333333335,0.0,0.0,0.0,11,0.4311,0.0,278.8665192,rolling_scenario,2025-09-23,0,0,646.8720000000001,278.8665192,0.0
604.56305,0.0,8756.626566,9506.626566,833.3333333333333,0.0,0.0,604.56305,0.0,833.3333333333333,0.0,25.463600000000042,0.0,12,0.4293,0.0,628.220440845,rolling_scenario,2025-09-23,0,0,1463.3599833333333,628.220440845,0.0
607.79955,0.0,9506.626566,9526.521039000001,22.10496999999998,0.0,0.0,607.79955,0.0,22.10496999999998,0.0,0.0,0.0,13,0.4324,0.0,272.370714448,rolling_scenario,2025-09-23,0,0,629.9045199999999,272.370714448,0.0
594.9866666666667,0.0,9526.521039000001,9576.656439,55.705999999999904,0.0,0.0,594.9866666666667,0.0,55.705999999999904,0.0,0.0,0.0,14,0.4367,0.0,284.15748753333327,rolling_scenario,2025-09-23,0,0,650.6926666666666,284.15748753333327,0.0
598.5124,0.0,9576.656439,9627.213411,56.174413333333405,0.0,0.0,598.5124,0.0,56.174413333333405,0.0,0.0,0.0,15,0.4348,0.0,284.65782643733337,rolling_scenario,2025-09-23,0,0,654.6868133333334,284.65782643733337,0.0
587.2797666666667,0.0,9627.213411,9682.092858,60.97716333333324,0.0,0.0,587.2797666666667,0.0,60.97716333333324,0.0,0.0,0.0,16,0.4335,0.0,281.01937915499997,rolling_scenario,2025-09-23,0,0,648.2569299999999,281.01937915499997,0.0
567.005,0.0,9682.092858,9747.835158,73.04699999999991,0.0,0.0,567.005,0.0,73.04699999999991,0.0,0.0,0.0,17,0.4357,0.0,278.8706563999999,rolling_scenario,2025-09-23,0,0,640.0519999999999,278.8706563999999,0.0
578.4799333333333,0.0,9747.835158,9795.736488,53.22370000000001,0.0,0.0,578.4799333333333,0.0,53.22370000000001,0.0,0.0,0.0,18,0.4374,0.0,276.30716922,rolling_scenario,2025-09-23,0,0,631.7036333333333,276.30716922,0.0
591.0519666666667,0.0,9795.736488,9833.753427,42.24104333333332,0.0,0.0,591.0519666666667,0.0,42.24104333333332,0.0,0.0,0.0,19,0.4371,0.0,276.812374671,rolling_scenario,2025-09-23,0,0,633.29301,276.812374671,0.0
586.8499999999999,0.0,9833.753427,9881.240727,52.76366666666672,0.0,0.0,586.8499999999999,0.0,52.76366666666672,0.0,0.0,0.0,20,0.4356,0.0,278.61571319999996,rolling_scenario,2025-09-23,0,0,639.6136666666666,278.61571319999996,0.0
582.1735833333332,0.0,9881.240727,9928.575276,52.593943333333414,0.0,0.0,582.1735833333332,0.0,52.593943333333414,0.0,0.0,0.0,21,0.4353,0.0,276.314304358,rolling_scenario,2025-09-23,0,0,634.7675266666666,276.314304358,0.0
602.7533333333333,0.0,9928.575276,9952.774116,26.88760000000002,0.0,0.0,602.7533333333333,0.0,26.88760000000002,0.0,0.0,0.0,22,0.436,0.0,274.52344693333333,rolling_scenario,2025-09-23,0,0,629.6409333333334,274.52344693333333,0.0
623.1283333333333,0.0,9952.774116,9960.365616000001,8.434999999999945,0.0,0.0,623.1283333333333,0.0,8.434999999999945,0.0,0.0,0.0,23,0.4378,0.0,276.4984273333333,rolling_scenario,2025-09-23,0,0,631.5633333333333,276.4984273333333,0.0
595.5229999999999,0.00031666666666666665,9960.365616000001,9998.166216000001,42.0006666666668,0.0,0.00031666666666666665,595.5226833333332,0.0,42.0006666666668,0.0,0.0,0.0,24,0.4401,0.0,280.57402633500004,rolling_scenario,2025-09-23,0,0,637.52335,280.57402633500004,0.0
591.4709333333333,0.0,9998.166216000001,10046.269083000001,53.447630000000004,0.0,0.0,591.4709333333333,0.0,53.447630000000004,0.0,0.0,0.0,25,0.4389,0.0,283.054757447,rolling_scenario,2025-09-23,0,0,644.9185633333333,283.054757447,0.0
616.0716666666666,0.0,10046.269083000001,10077.846183000001,35.085666666666725,0.0,0.0,616.0716666666666,0.0,35.085666666666725,0.0,0.0,0.0,26,0.4364,0.0,284.16506026666667,rolling_scenario,2025-09-23,0,0,651.1573333333333,284.16506026666667,0.0
604.9007666666666,0.0044666666666666665,10077.846183000001,10120.484676000002,47.37610333333316,0.0,0.0044666666666666665,604.8963,0.0,47.37610333333316,0.0,0.0,0.0,27,0.4393,0.0,286.5432667843333,rolling_scenario,2025-09-23,0,0,652.2724033333332,286.5432667843333,0.0
600.4158166666666,0.0,10120.484676000002,10156.343217000001,39.8428233333334,0.0,0.0,600.4158166666666,0.0,39.8428233333334,0.0,0.0,0.0,28,0.4422,0.0,283.122370608,rolling_scenario,2025-09-23,0,0,640.25864,283.122370608,0.0
618.1233333333332,0.0,10156.343217000001,10158.622617,2.532666666666728,0.0,0.0,618.1233333333332,0.0,2.532666666666728,0.0,0.0,0.0,29,0.4395,0.0,272.77831199999997,rolling_scenario,2025-09-23,0,0,620.656,272.77831199999997,0.0
625.22745,0.06218333333333333,10158.622617,10144.773568851853,0.0,12.464143333333368,0.06218333333333333,612.7011233333333,0.0,0.0,0.0,0.0,0.0,30,0.4333,0.0,265.4833967403333,rolling_scenario,2025-09-23,0,0,612.7011233333333,265.4833967403333,0.0
614.9081333333334,0.0,10144.773568851853,10158.533065851852,15.288329999999974,0.0,0.0,614.9081333333334,0.0,15.288329999999974,0.0,0.0,0.0,31,0.4439,0.0,279.7442100736667,rolling_scenario,2025-09-23,0,0,630.1964633333333,279.7442100736667,0.0
592.9466666666666,0.0,10158.533065851852,10800.0,712.7410379423862,0.0,0.0,592.9466666666666,0.0,712.7410379423862,0.0,167.3046287242803,0.0,32,0.4301,0.0,633.5340025666666,rolling_scenario,2025-09-23,0,0,1472.9923333333331,633.5340025666666,0.0
584.8440666666667,0.8660166666666667,10800.0,10800.0,0.0,0.0,0.8660166666666667,583.97805,0.0,0.0,0.0,856.3643099999998,0.0,33,0.3713,0.0,534.799118268,rolling_scenario,2025-09-23,0,0,1440.3423599999999,534.799118268,0.0
666.9134333333333,0.0,10800.0,10800.0,0.0,0.0,0.0,666.9134333333333,0.0,0.0,0.0,2.8293500000000904,0.0,34,0.5708,0.0,382.28918072666664,rolling_scenario,2025-09-23,0,0,669.7427833333334,382.28918072666664,0.0
790.6233333333332,0.0,10800.0,9921.52962962963,0.0,790.6233333333332,0.0,-0.0,0.0,0.0,0.0,0.0,0.0,35,0.9099,0.0,0.0,rolling_scenario,2025-09-23,0,0,-0.0,-0.0,0.0
818.5692999999999,24.797216666666664,9921.52962962963,9039.560648148148,0.0,793.7720833333332,24.797216666666664,-0.0,0.0,0.0,0.0,0.0,0.0,36,0.9368,0.0,0.0,rolling_scenario,2025-09-23,6,1,-0.0,-0.0,0.0
805.3289166666666,62.66909999999999,9039.560648148148,8214.383074074074,0.0,742.6598166666666,62.66909999999999,-0.0,0.0,0.0,0.0,0.0,0.0,37,0.8758,0.0,0.0,rolling_scenario,2025-09-23,6,1,-0.0,-0.0,0.0
798.6999999999999,108.23125,8214.383074074074,7447.195574074074,0.0,690.4687499999999,108.23125,-0.0,0.0,0.0,0.0,0.0,0.0,38,0.8759,0.0,0.0,rolling_scenario,2025-09-23,6,1,-0.0,-0.0,0.0
792.8847499999999,162.3007333333333,7447.195574074074,6746.546666666667,0.0,630.5840166666667,162.3007333333333,-0.0,0.0,0.0,0.0,0.0,0.0,39,0.8601,0.0,0.0,rolling_scenario,2025-09-23,6,1,-0.0,-0.0,0.0
792.5254333333334,207.64328333333333,6746.546666666667,6096.677611111111,0.0,584.88215,207.64328333333333,-0.0,0.0,0.0,0.0,0.0,0.0,40,0.8442,0.0,0.0,rolling_scenario,2025-09-23,6,1,-0.0,-0.0,0.0
798.175,251.9625,6096.677611111111,5489.774833333334,0.0,546.2125,251.9625,-0.0,0.0,0.0,0.0,0.0,0.0,41,0.8334,0.0,0.0,rolling_scenario,2025-09-23,6,1,-0.0,-0.0,0.0
802.7136666666667,317.9908333333333,5489.774833333334,4951.193907407408,0.0,484.72283333333337,317.9908333333333,-0.0,0.0,0.0,0.0,0.0,0.0,42,0.8092,0.0,0.0,rolling_scenario,2025-09-23,6,1,-0.0,-0.0,0.0
797.7029833333332,372.39463333333333,4951.193907407408,4740.5290617283945,0.0,189.59836111111227,372.39463333333333,235.70998888888764,0.0,0.0,0.0,0.0,0.0,43,0.7972,0.0,187.90800314222122,rolling_scenario,2025-09-23,6,1,235.70998888888764,187.90800314222122,0.0
776.7516666666667,415.43125,4740.5290617283945,4769.885852128395,32.61865599999999,0.0,415.43125,361.3204166666667,0.0,32.61865599999999,0.0,0.0,0.0,44,0.7644,0.0,301.1270271464,rolling_scenario,2025-09-23,6,1,393.9390726666667,301.1270271464,0.0
767.8136999999999,482.3454333333333,4769.885852128395,4773.403815528394,3.9088482222221614,0.0,482.3454333333333,285.46826666666664,0.0,3.9088482222221614,0.0,0.0,0.0,45,0.6899,0.0,199.64127156184438,rolling_scenario,2025-09-23,6,1,289.3771148888888,199.64127156184438,0.0
914.9736166666667,557.2434,4773.403815528394,4375.925797009876,0.0,357.7302166666667,557.2434,-0.0,0.0,0.0,0.0,0.0,0.0,46,0.86,0.0,0.0,rolling_scenario,2025-09-23,6,1,-0.0,-0.0,0.0
1116.8433333333332,625.51875,4375.925797009876,3830.0095933061725,0.0,491.3245833333333,625.51875,-0.0,0.0,0.0,0.0,0.0,0.0,47,1.1617,0.0,0.0,rolling_scenario,2025-09-23,6,1,-0.0,-0.0,0.0
1110.83115,686.6041499999999,3830.0095933061725,3358.6462599728393,0.0,424.2270000000001,686.6041499999999,-0.0,0.0,0.0,0.0,0.0,0.0,48,1.1683,0.0,0.0,rolling_scenario,2025-09-23,6,1,-0.0,-0.0,0.0
1078.2838,737.98415,3358.6462599728393,2980.535537750617,0.0,340.29964999999993,737.98415,-0.0,0.0,0.0,0.0,0.0,0.0,49,1.0956,0.0,0.0,rolling_scenario,2025-09-23,6,1,-0.0,-0.0,0.0
1105.995,783.1062499999999,2980.535537750617,2621.7702599728395,0.0,322.88874999999996,783.1062499999999,-0.0,0.0,0.0,0.0,0.0,0.0,50,1.0849,0.0,0.0,rolling_scenario,2025-09-23,6,1,-0.0,-0.0,0.0
1100.0135833333334,832.8488333333332,2621.7702599728395,2324.9205377506173,0.0,267.16475000000014,832.8488333333332,-0.0,0.0,0.0,0.0,0.0,0.0,51,1.061,0.0,0.0,rolling_scenario,2025-09-23,6,1,-0.0,-0.0,0.0
1077.07055,900.0535666666666,2324.9205377506173,2128.23500071358,0.0,177.01698333333331,900.0535666666666,-0.0,0.0,0.0,0.0,0.0,0.0,52,1.043,0.0,0.0,rolling_scenario,2025-09-23,6,1,-0.0,-0.0,0.0
1071.2616666666665,967.975,2128.23500071358,2013.4720377506173,0.0,103.28666666666652,967.975,-0.0,0.0,0.0,0.0,0.0,0.0,53,1.036,0.0,0.0,rolling_scenario,2025-09-23,6,1,-0.0,-0.0,0.0
1091.9557166666666,1003.4251833333333,2013.4720377506173,1915.104778491358,0.0,88.53053333333332,1003.4251833333333,-0.0,0.0,0.0,0.0,0.0,0.0,54,1.0147,0.0,0.0,rolling_scenario,2025-09-23,6,1,-0.0,-0.0,0.0
1101.9716166666667,1026.5778833333334,1915.104778491358,1831.3339636765431,0.0,75.39373333333333,1026.5778833333334,-0.0,0.0,0.0,0.0,0.0,0.0,55,0.9922,0.0,0.0,rolling_scenario,2025-09-23,6,1,-0.0,-0.0,0.0
1097.4033333333332,1051.0437499999998,1831.3339636765431,1779.823315528395,0.0,46.359583333333376,1051.0437499999998,-0.0,0.0,0.0,0.0,0.0,0.0,56,0.97,0.0,0.0,rolling_scenario,2025-09-23,6,1,-0.0,-0.0,0.0
1104.6482166666665,1070.56755,1779.823315528395,1741.9559081209877,0.0,34.0806666666665,1070.56755,-0.0,0.0,0.0,0.0,0.0,0.0,57,0.9422,0.0,0.0,rolling_scenario,2025-09-23,6,1,-0.0,-0.0,0.0
1094.5292666666664,1080.5508333333332,1741.9559081209877,1726.4243155283953,0.0,13.978433333333214,1080.5508333333332,-0.0,0.0,0.0,0.0,0.0,0.0,58,0.9569,0.0,0.0,rolling_scenario,2025-09-23,6,1,-0.0,-0.0,0.0
1075.9933333333333,1081.2937499999998,1726.4243155283953,1731.194690528395,5.300416666666479,0.0,1075.9933333333333,-0.0,5.300416666666479,0.0,0.0,0.0,0.0,59,0.9977,0.0,0.0,rolling_scenario,2025-09-23,6,1,-0.0,-0.0,0.0
1087.8485333333333,1084.4595666666667,1731.194690528395,1727.4291720098765,0.0,3.388966666666647,1084.4595666666667,-0.0,0.0,0.0,0.0,0.0,0.0,60,0.9919,0.0,0.0,rolling_scenario,2025-09-23,6,1,-0.0,-0.0,0.0
1081.4083166666665,1127.3218833333333,1727.4291720098765,1768.7513820098766,45.91356666666684,0.0,1081.4083166666665,0.0,45.91356666666684,0.0,0.0,0.0,0.0,61,0.9588,0.0,0.0,rolling_scenario,2025-09-23,6,1,0.0,0.0,0.0
1056.0183333333332,1189.9499999999998,1768.7513820098766,1889.2898820098765,133.93166666666662,0.0,1056.0183333333332,0.0,133.93166666666662,0.0,0.0,0.0,0.0,62,0.9549,0.0,0.0,rolling_scenario,2025-09-23,6,1,0.0,0.0,0.0
1062.8238666666666,1209.6129166666665,1889.2898820098765,2021.4000270098763,146.78904999999986,0.0,1062.8238666666666,0.0,146.78904999999986,0.0,0.0,0.0,0.0,63,0.9839,0.0,0.0,rolling_scenario,2025-09-23,6,1,0.0,0.0,0.0
1078.9491166666667,1206.7621833333333,2021.4000270098763,2136.431787009876,127.8130666666666,0.0,1078.9491166666667,0.0,127.8130666666666,0.0,0.0,0.0,0.0,64,0.799,0.0,0.0,rolling_scenario,2025-09-23,6,1,0.0,0.0,0.0
1078.4266666666667,1226.6125,2136.431787009876,2685.3530335098762,609.9124961111111,0.0,1078.4266666666667,0.0,148.18583333333322,461.72666277777785,0.0,0.0,0.0,65,0.5025,0.0,232.01764804583334,rolling_scenario,2025-09-23,6,1,461.72666277777785,232.01764804583334,0.0
1059.5224333333333,1297.4641499999998,2685.3530335098762,3435.3530335098762,833.3333333333333,0.0,1059.5224333333333,0.0,237.94171666666648,595.3916166666668,0.0,69.49133311111063,0.0,66,0.4662,0.0,309.9684311863998,rolling_scenario,2025-09-23,6,1,664.8829497777774,309.9684311863998,0.0
1051.7829166666666,1368.281433333333,3435.3530335098762,4185.353033509877,833.3333333333333,0.0,1051.7829166666666,0.0,316.49851666666655,516.8348166666667,0.0,120.15410088888848,0.0,67,0.5007,0.0,318.9403510200665,rolling_scenario,2025-09-23,6,1,636.9889175555552,318.9403510200665,0.0
1071.92,1399.9562499999997,4185.353033509877,4935.353033509877,833.3333333333333,0.0,1071.92,0.0,328.03624999999965,505.2970833333336,0.0,94.17564199999947,0.0,68,0.4827,0.0,289.3654845183999,rolling_scenario,2025-09-23,6,1,599.4727253333331,289.3654845183999,0.0
1100.6726166666667,1396.6131666666665,4935.353033509877,5685.353033509877,833.3333333333333,0.0,1100.6726166666667,0.0,295.9405499999998,537.3927833333335,0.0,16.615416444444236,0.0,69,0.4785,0.0,265.0929235936666,rolling_scenario,2025-09-23,6,1,554.0081997777777,265.0929235936666,0.0
1061.9253666666666,1405.9018166666667,5685.353033509877,6431.894706309877,829.4907475555556,0.0,1061.9253666666666,0.0,343.9764500000001,485.51429755555546,0.0,0.0,0.0,70,0.4662,0.0,226.34676552039997,rolling_scenario,2025-09-23,6,1,485.51429755555546,226.34676552039997,0.0
982.2816666666665,1435.59375,6431.894706309877,7181.894706309877,833.3333333333333,0.0,982.2816666666665,0.0,453.3120833333335,380.0212499999998,0.0,29.35544200000004,0.0,71,0.4432,0.0,181.43574989439992,rolling_scenario,2025-09-23,6,1,409.3766919999998,181.43574989439992,0.0
969.2598833333333,1448.3985833333331,7181.894706309877,7839.119388500001,730.2496468779156,0.0,969.2598833333333,0.0,479.13869999999986,251.1109468779157,0.0,0.0,0.0,72,0.4411,0.0,110.76503866784861,rolling_scenario,2025-09-23,12,2,251.1109468779157,110.76503866784861,0.0
988.3075333333333,1430.2115666666664,7839.119388500001,8236.833018500001,441.90403333333313,0.0,988.3075333333333,0.0,441.90403333333313,0.0,0.0,0.0,0.0,73,0.4551,0.0,0.0,rolling_scenario,2025-09-23,12,2,0.0,0.0,0.0
993.0716666666667,1414.0812499999997,8236.833018500001,8615.741643500001,421.009583333333,0.0,993.0716666666667,0.0,421.009583333333,0.0,0.0,0.0,0.0,74,0.4463,0.0,0.0,rolling_scenario,2025-09-23,12,2,0.0,0.0,0.0
980.4257666666667,1440.8882833333332,8615.741643500001,9365.741643500001,833.3333333333333,0.0,980.4257666666667,0.0,460.4625166666665,372.87081666666677,0.0,104.93862111111093,0.0,75,0.4113,0.0,196.52302175799997,rolling_scenario,2025-09-23,12,2,477.8094377777777,196.52302175799997,0.0
1015.2651999999999,1424.444,9365.741643500001,9734.002563500002,409.1788,0.0,1015.2651999999999,0.0,409.1788,0.0,0.0,0.0,0.0,76,0.5682,0.0,0.0,rolling_scenario,2025-09-23,12,2,0.0,0.0,0.0
1068.0883333333331,1355.8562499999998,9734.002563500002,9992.993688500002,287.7679166666667,0.0,1068.0883333333331,0.0,287.7679166666667,0.0,0.0,0.0,0.0,77,0.8279,0.0,0.0,rolling_scenario,2025-09-23,12,2,0.0,0.0,0.0
1042.2472166666666,1314.1581333333334,9992.993688500002,10237.713513500003,271.9109166666667,0.0,1042.2472166666666,0.0,271.9109166666667,0.0,0.0,0.0,0.0,78,0.8636,0.0,0.0,rolling_scenario,2025-09-23,12,2,0.0,0.0,0.0
1013.4041833333333,1292.3498,10237.713513500003,10488.764568500002,278.94561666666664,0.0,1013.4041833333333,0.0,278.94561666666664,0.0,0.0,0.0,0.0,79,0.8416,0.0,0.0,rolling_scenario,2025-09-23,12,2,0.0,0.0,0.0
1019.2716666666666,1267.88125,10488.764568500002,10712.513193500003,248.60958333333326,0.0,1019.2716666666666,0.0,248.60958333333326,0.0,0.0,0.0,0.0,80,0.8618,0.0,0.0,rolling_scenario,2025-09-23,12,2,0.0,0.0,0.0
1026.9902333333332,1232.4264166666667,10712.513193500003,10800.0,97.20756277777481,0.0,1026.9902333333332,0.0,97.20756277777481,0.0,108.22862055555866,0.0,0.0,81,0.8623,0.0,0.0,rolling_scenario,2025-09-23,12,2,0.0,0.0,0.0
1048.6416333333332,1204.69615,10800.0,10800.0,0.0,0.0,1048.6416333333332,0.0,0.0,0.0,156.0545166666668,0.0,0.0,82,0.9026,0.0,0.0,rolling_scenario,2025-09-23,12,2,0.0,0.0,0.0
1068.2549999999999,1182.4937499999999,10800.0,10800.0,0.0,0.0,1068.2549999999999,0.0,0.0,0.0,114.23874999999998,0.0,0.0,83,0.9754,0.0,0.0,rolling_scenario,2025-09-23,12,2,0.0,0.0,0.0
1049.77675,1139.6694666666667,10800.0,10800.0,0.0,0.0,1049.77675,0.0,0.0,0.0,89.89271666666673,0.0,0.0,84,1.0002,0.0,0.0,rolling_scenario,2025-09-23,12,2,0.0,0.0,0.0
1035.4709833333332,1065.57745,10800.0,10800.0,0.0,0.0,1035.4709833333332,-0.0,0.0,0.0,30.106466666666847,0.0,0.0,85,0.9978,0.0,0.0,rolling_scenario,2025-09-23,12,2,-0.0,-0.0,0.0
1039.4333333333334,975.675,10800.0,10729.157407407407,0.0,63.75833333333344,975.675,-0.0,0.0,0.0,0.0,0.0,0.0,86,1.0271,0.0,0.0,rolling_scenario,2025-09-23,12,2,-0.0,-0.0,0.0
1036.1879,898.9024333333333,10729.157407407407,10576.618,0.0,137.2854666666666,898.9024333333333,-0.0,0.0,0.0,0.0,0.0,0.0,87,1.0906,0.0,0.0,rolling_scenario,2025-09-23,12,2,-0.0,-0.0,0.0
1034.3812666666665,831.80015,10576.618,10351.527870370372,0.0,202.5811166666665,831.80015,-0.0,0.0,0.0,0.0,0.0,0.0,88,0.9376,0.0,0.0,rolling_scenario,2025-09-23,12,2,-0.0,-0.0,0.0
1043.78,793.6062499999999,10351.527870370372,10408.666305370372,63.48715000000004,0.0,793.6062499999999,250.17375000000004,0.0,63.48715000000004,0.0,0.0,0.0,89,0.6694,0.0,209.96460646000006,rolling_scenario,2025-09-23,12,2,313.6609000000001,209.96460646000006,0.0
1062.8975166666667,807.0136666666667,10408.666305370372,10800.0,434.8152162551418,0.0,807.0136666666667,255.88384999999994,0.0,434.8152162551418,0.0,259.0237147530884,0.0,90,0.66,0.0,626.8170354654319,rolling_scenario,2025-09-23,12,2,949.7227810082302,626.8170354654319,0.0
1076.8336166666666,789.0494166666667,10800.0,10800.0,0.0,0.0,789.0494166666667,287.7841999999998,0.0,0.0,0.0,76.99289666666687,0.0,91,0.7217,0.0,263.2596306643334,rolling_scenario,2025-09-23,12,2,364.7770966666667,263.2596306643334,0.0
1063.7416666666666,736.20625,10800.0,10800.0,0.0,0.0,736.20625,327.5354166666666,0.0,0.0,0.0,80.86134166666682,0.0,92,0.7308,0.0,298.4563509900001,rolling_scenario,2025-09-23,12,2,408.3967583333334,298.4563509900001,0.0
1020.0329333333334,717.7256666666667,10800.0,10800.0,0.0,0.0,717.7256666666667,302.3072666666667,0.0,0.0,0.0,147.98751333333325,0.0,93,0.7534,0.0,339.25208725199997,rolling_scenario,2025-09-23,12,2,450.29477999999995,339.25208725199997,0.0
1025.60495,672.6557666666666,10800.0,10800.0,0.0,0.0,672.6557666666666,352.9491833333333,0.0,0.0,0.0,128.39269833333333,0.0,94,0.7823,0.0,376.5537540278333,rolling_scenario,2025-09-23,12,2,481.3418816666666,376.5537540278333,0.0
1084.195,590.6125,10800.0,10800.0,0.0,0.0,590.6125,493.5825,0.0,0.0,0.0,15.587116666666816,0.0,95,0.8055,0.0,410.1361262250001,rolling_scenario,2025-09-23,12,2,509.1696166666668,410.1361262250001,0.0
1117.4951999999998,528.06255,10800.0,10783.874794444444,0.0,14.512684999999806,528.06255,574.919965,0.0,0.0,0.0,0.0,0.0,96,0.8271,0.0,475.5163030515,rolling_scenario,2025-09-23,12,2,574.919965,475.5163030515,0.0
1108.5640166666667,472.75036666666665,10783.874794444444,10787.773060444444,4.331406666666567,0.0,472.75036666666665,635.81365,0.0,4.331406666666567,0.0,0.0,0.0,97,0.8519,0.0,545.3395737743333,rolling_scenario,2025-09-23,12,2,640.1450566666666,545.3395737743333,0.0
1085.4916666666666,417.25624999999997,10787.773060444444,10800.0,13.58548839506208,0.0,417.25624999999997,668.2354166666667,0.0,13.58548839506208,0.0,13.446019938271283,0.0,98,0.8791,0.0,611.2091537675,rolling_scenario,2025-09-23,12,2,695.266925,611.2091537675,0.0
1086.1258833333331,369.77834999999993,10800.0,10800.0,0.0,0.0,369.77834999999993,716.3475333333332,0.0,0.0,0.0,28.99346000000014,0.0,99,0.9024,0.0,672.595712384,rolling_scenario,2025-09-23,12,2,745.3409933333334,672.595712384,0.0
1075.4214333333332,310.59875,10800.0,10800.0,0.0,0.0,310.59875,764.8226833333332,0.0,0.0,0.0,48.25123833333316,0.0,100,0.9163,0.0,745.0196344231664,rolling_scenario,2025-09-23,12,2,813.0739216666664,745.0196344231664,0.0
1058.2849999999999,244.23125,10800.0,10800.0,0.0,0.0,244.23125,814.0537499999998,0.0,0.0,0.0,76.57981666666683,0.0,101,0.9264,0.0,825.08293616,rolling_scenario,2025-09-23,12,2,890.6335666666666,825.08293616,0.0
1073.5455166666666,196.45853333333332,10800.0,10800.0,0.0,0.0,196.45853333333332,877.0869833333333,0.0,0.0,0.0,49.47025888888891,0.0,102,0.9462,0.0,876.7084625906666,rolling_scenario,2025-09-23,12,2,926.5572422222222,876.7084625906666,0.0
1066.3225166666666,152.9859,10800.0,10800.0,0.0,0.0,152.9859,913.3366166666666,0.0,0.0,0.0,38.49152777777783,0.0,103,0.9742,0.0,927.2709783177777,rolling_scenario,2025-09-23,12,2,951.8281444444444,927.2709783177777,0.0
1061.415,105.03125,10800.0,10800.0,0.0,0.0,105.03125,956.38375,0.0,0.0,0.0,46.04336666666666,0.0,104,0.9862,0.0,988.5936224566666,rolling_scenario,2025-09-23,12,2,1002.4271166666666,988.5936224566666,0.0
1111.2723333333333,59.409666666666666,10800.0,10800.0,0.0,0.0,59.409666666666666,1051.8626666666667,0.0,0.0,0.0,27.94088222222217,0.0,105,0.976,0.0,1053.8882637155555,rolling_scenario,2025-09-23,12,2,1079.8035488888888,1053.8882637155555,0.0
981.0726333333333,21.907316666666667,10800.0,10800.0,0.0,0.0,21.907316666666667,959.1653166666666,0.0,0.0,0.0,47.707761111110926,0.0,106,1.0742,0.0,1081.5830601488888,rolling_scenario,2025-09-23,12,2,1006.8730777777776,1081.5830601488888,0.0
752.645,0.0,10800.0,10800.0,0.0,0.0,0.0,752.645,0.0,0.0,0.0,96.15700000000004,0.0,107,1.2313,0.0,1045.1299026000002,rolling_scenario,2025-09-23,12,2,848.802,1045.1299026000002,0.0
764.3298499999999,0.0,10800.0,10800.0,0.0,0.0,0.0,764.3298499999999,0.0,0.0,0.0,59.71158000000014,0.0,108,1.2561,0.0,1035.078440223,rolling_scenario,2025-09-23,18,3,824.04143,1035.078440223,0.0
830.9645,0.7372333333333333,10800.0,10800.0,0.0,0.0,0.7372333333333333,830.2272666666668,0.0,0.0,0.0,31.06212999999991,0.0,109,1.2447,0.0,1072.046912031,rolling_scenario,2025-09-23,18,3,861.2893966666667,1072.046912031,0.0
834.4166666666666,0.0,10800.0,10800.0,0.0,0.0,0.0,834.4166666666666,0.0,0.0,0.0,31.51100000000008,0.0,110,1.2545,0.0,1086.3062578333333,rolling_scenario,2025-09-23,18,3,865.9276666666667,1086.3062578333333,0.0
836.15965,0.0,10800.0,10800.0,0.0,0.0,0.0,836.15965,0.0,0.0,0.0,19.731006666666644,0.0,111,1.2522,0.0,1071.746280278,rolling_scenario,2025-09-23,18,3,855.8906566666667,1071.746280278,0.0
810.4176333333332,0.05293333333333333,10800.0,10800.0,0.0,0.0,0.05293333333333333,810.3646999999999,0.0,0.0,0.0,39.04845333333344,0.0,112,1.2881,0.0,1094.1290828086667,rolling_scenario,2025-09-23,18,3,849.4131533333333,1094.1290828086667,0.0
777.4266666666667,0.0,10800.0,9956.713333333333,0.0,758.9580000000001,0.0,18.46866666666665,0.0,0.0,0.0,0.0,0.0,113,1.3466,0.0,24.86990653333331,rolling_scenario,2025-09-23,18,3,18.46866666666665,24.86990653333331,0.0
799.0988833333333,0.0,9956.713333333333,9095.640703703704,0.0,774.9653666666666,0.0,24.133516666666765,0.0,0.0,0.0,0.0,0.0,114,1.3523,0.0,32.63575458833347,rolling_scenario,2025-09-23,18,3,24.133516666666765,32.63575458833347,0.0
825.5996666666666,0.0038,9095.640703703704,8212.930166666667,0.0,794.4394833333332,0.0038,31.15638333333345,0.0,0.0,0.0,0.0,0.0,115,1.3445,0.0,41.889757391666826,rolling_scenario,2025-09-23,18,3,31.15638333333345,41.889757391666826,0.0
817.8166666666666,0.0,8212.930166666667,7351.94275925926,0.0,774.8886666666666,0.0,42.928,0.0,0.0,0.0,0.0,0.0,116,1.3483,0.0,57.8798224,rolling_scenario,2025-09-23,18,3,42.928,57.8798224,0.0
786.83635,0.0,7351.94275925926,6543.585600000001,0.0,727.5214433333332,0.0,59.31490666666684,0.0,0.0,0.0,0.0,0.0,117,1.349,0.0,80.01580909333357,rolling_scenario,2025-09-23,18,3,59.31490666666684,80.01580909333357,0.0
784.2191666666665,0.0002666666666666667,6543.585600000001,5729.122814814817,0.0,733.0165066666665,0.0002666666666666667,51.20239333333336,0.0,0.0,0.0,0.0,0.0,118,1.3473,0.0,68.98498453800003,rolling_scenario,2025-09-23,18,3,51.20239333333336,68.98498453800003,0.0
811.9116666666666,0.0,5729.122814814817,4861.824666666668,0.0,780.5683333333333,0.0,31.343333333333362,0.0,0.0,0.0,0.0,0.0,119,1.3482,0.0,42.25708200000004,rolling_scenario,2025-09-23,18,3,31.343333333333362,42.25708200000004,0.0
827.1781166666666,0.0,4861.824666666668,3985.3780888888905,0.0,788.8019199999998,0.0,38.37619666666683,0.0,0.0,0.0,0.0,0.0,120,1.3513,0.0,51.85775455566689,rolling_scenario,2025-09-23,18,3,38.37619666666683,51.85775455566689,0.0
843.5677000000001,0.0,3985.3780888888905,3647.5596481481493,0.0,304.03659666666704,0.0,539.531103333333,0.0,0.0,0.0,0.0,0.0,121,1.34,0.0,722.9716784666663,rolling_scenario,2025-09-23,18,3,539.531103333333,722.9716784666663,0.0
839.7083333333333,0.0,3647.5596481481493,2721.6337222222237,0.0,833.3333333333333,0.0,-0.0,0.0,0.0,0.0,0.0,6.375,122,1.3489,42.996187500000005,42.996187500000005,rolling_scenario,2025-09-23,18,3,-0.0,-0.0,0.0
784.8952833333333,0.0,2721.6337222222237,1862.543359259261,0.0,773.1813266666665,0.0,11.713956666666832,0.0,0.0,0.0,0.0,0.0,123,1.3952,0.0,16.343312341333565,rolling_scenario,2025-09-23,18,3,11.713956666666832,16.343312341333565,0.0
801.6618,0.0,1862.543359259261,1915.542721259261,58.888180000000034,0.0,0.0,801.6618,0.0,58.888180000000034,0.0,0.0,0.0,124,1.2226,0.0,1052.1084055479998,rolling_scenario,2025-09-23,18,3,860.54998,1052.1084055479998,0.0
869.2166666666667,0.0,1915.542721259261,1898.394943481483,0.0,15.433000000000106,0.0,853.7836666666666,0.0,0.0,0.0,0.0,0.0,125,0.9332,0.0,796.7509177333333,rolling_scenario,2025-09-23,18,3,853.7836666666666,796.7509177333333,0.0
842.5243833333334,0.0,1898.394943481483,1914.679039481483,18.093439999999873,0.0,0.0,842.5243833333334,0.0,18.093439999999873,0.0,0.0,0.0,126,0.9068,0.0,780.4082421986667,rolling_scenario,2025-09-23,18,3,860.6178233333333,780.4082421986667,0.0
804.5951833333334,0.0,1914.679039481483,1961.533795481483,52.060839999999985,0.0,0.0,804.5951833333334,0.0,52.060839999999985,0.0,0.0,0.0,127,0.9371,0.0,802.7723594656667,rolling_scenario,2025-09-23,18,3,856.6560233333333,802.7723594656667,0.0
813.3816666666667,0.0,1961.533795481483,1999.7045954814828,42.41199999999981,0.0,0.0,813.3816666666667,0.0,42.41199999999981,0.0,0.0,0.0,128,0.9371,0.0,801.9642450333332,rolling_scenario,2025-09-23,18,3,855.7936666666665,801.9642450333332,0.0
829.8691333333333,0.0,1999.7045954814828,2047.7303924814828,53.36199666666664,0.0,0.0,829.8691333333333,0.0,53.36199666666664,0.0,0.0,0.0,129,0.9871,0.0,871.8374484229998,rolling_scenario,2025-09-23,18,3,883.2311299999999,871.8374484229998,0.0
768.1864999999999,0.0,2047.7303924814828,2078.986324481483,34.72881333333339,0.0,0.0,768.1864999999999,0.0,34.72881333333339,0.0,0.0,0.0,130,0.7764,0.0,623.383449272,rolling_scenario,2025-09-23,18,3,802.9153133333333,623.383449272,0.0
639.2433333333333,0.0,2078.986324481483,2102.2864244814828,25.888999999999896,0.0,0.0,639.2433333333333,0.0,25.888999999999896,0.0,0.0,0.0,131,0.4209,0.0,279.9541991,rolling_scenario,2025-09-23,18,3,665.1323333333332,279.9541991,0.0
553.4415666666666,0.0,2102.2864244814828,2202.5678174814825,111.42376999999988,0.0,0.0,553.4415666666666,0.0,111.42376999999988,0.0,0.0,0.0,132,0.3859,0.0,256.5715334196666,rolling_scenario,2025-09-23,18,3,664.8653366666665,256.5715334196666,0.0
582.6785666666666,0.0,2202.5678174814825,2284.9823564814824,91.57170999999994,0.0,0.0,582.6785666666666,0.0,91.57170999999994,0.0,0.0,0.0,133,0.4368,0.0,294.51252084799995,rolling_scenario,2025-09-23,18,3,674.2502766666665,294.51252084799995,0.0
647.2066666666666,0.0,2284.9823564814824,2287.0502564814824,2.2976666666667143,0.0,0.0,647.2066666666666,0.0,2.2976666666667143,0.0,0.0,0.0,134,0.4198,0.0,272.6619191333333,rolling_scenario,2025-09-23,18,3,649.5043333333333,272.6619191333333,0.0
596.69985,0.0,2287.0502564814824,2357.5169324814824,78.29630666666674,0.0,0.0,596.69985,0.0,78.29630666666674,0.0,0.0,0.0,135,0.4186,0.0,282.5533911806667,rolling_scenario,2025-09-23,18,3,674.9961566666667,282.5533911806667,0.0
555.3522833333333,0.0,2357.5169324814824,2472.0060824814823,127.21016666666674,0.0,0.0,555.3522833333333,0.0,127.21016666666674,0.0,0.0,0.0,136,0.4241,0.0,289.474735045,rolling_scenario,2025-09-23,18,3,682.56245,289.474735045,0.0
569.3499999999999,0.0,2472.0060824814823,2549.6292824814823,86.24800000000005,0.0,0.0,569.3499999999999,0.0,86.24800000000005,0.0,0.0,0.0,137,0.4237,0.0,277.7768726,rolling_scenario,2025-09-23,18,3,655.598,277.7768726,0.0
564.6558666666666,0.0,2549.6292824814823,2627.494825481482,86.51727000000005,0.0,0.0,564.6558666666666,0.0,86.51727000000005,0.0,0.0,0.0,138,0.4248,0.0,276.618348456,rolling_scenario,2025-09-23,18,3,651.1731366666667,276.618348456,0.0
576.5015666666666,0.0,2627.494825481482,2698.840747481482,79.27324666666664,0.0,0.0,576.5015666666666,0.0,79.27324666666664,0.0,0.0,0.0,139,0.424,0.0,278.0485208533333,rolling_scenario,2025-09-23,18,3,655.7748133333332,278.0485208533333,0.0
610.3249999999999,0.0,2698.840747481482,2740.094647481482,45.837666666666564,0.0,0.0,610.3249999999999,0.0,45.837666666666564,0.0,0.0,0.0,140,0.422,0.0,276.9006453333333,rolling_scenario,2025-09-23,18,3,656.1626666666665,276.9006453333333,0.0
617.0672999999999,0.0,2740.094647481482,2775.812266481482,39.68624333333332,0.0,0.0,617.0672999999999,0.0,39.68624333333332,0.0,0.0,0.0,141,0.424,0.0,278.4635023733333,rolling_scenario,2025-09-23,18,3,656.7535433333333,278.4635023733333,0.0
568.2980833333334,0.0,2775.812266481482,2855.609332481482,88.66340666666667,0.0,0.0,568.2980833333334,0.0,88.66340666666667,0.0,0.0,0.0,142,0.4271,0.0,280.588252379,rolling_scenario,2025-09-23,18,3,656.96149,280.588252379,0.0
524.6016666666667,0.0,2855.609332481482,2974.080832481482,131.635,0.0,0.0,524.6016666666667,0.0,131.635,0.0,0.0,0.0,143,0.4276,0.0,280.60679866666663,rolling_scenario,2025-09-23,18,3,656.2366666666667,280.60679866666663,0.0
596.0177166666666,0.0,1840.3867495925933,2590.3867495925933,833.3333333333333,0.0,0.0,596.0177166666666,0.0,833.3333333333333,0.0,9.616529999999898,0.0,0,0.4248,0.0,611.2734279839999,rolling_scenario,2025-12-21,0,0,1438.9675799999998,611.2734279839999,0.0
589.6451666666667,0.0,2590.3867495925933,3321.3572725925933,812.1894699999998,0.0,0.0,589.6451666666667,0.0,812.1894699999998,0.0,0.0,0.0,1,0.4245,0.0,595.0788032649999,rolling_scenario,2025-12-21,0,0,1401.8346366666665,595.0788032649999,0.0
578.6833333333333,0.0,3321.3572725925933,4060.7423725925933,821.5389999999999,0.0,0.0,578.6833333333333,0.0,821.5389999999999,0.0,0.0,0.0,2,0.4269,0.0,597.7549141,rolling_scenario,2025-12-21,0,0,1400.2223333333332,597.7549141,0.0
564.7100333333333,0.0,4060.7423725925933,4810.742372592593,833.3333333333333,0.0,0.0,564.7100333333333,0.0,833.3333333333333,0.0,53.97164666666663,0.0,3,0.4272,0.0,620.300813696,rolling_scenario,2025-12-21,0,0,1452.0150133333332,620.300813696,0.0
549.9038833333333,0.0,4810.742372592593,5560.742372592593,833.3333333333333,0.0,0.0,549.9038833333333,0.0,833.3333333333333,0.0,88.95053333333351,0.0,4,0.4271,0.0,628.771388025,rolling_scenario,2025-12-21,0,0,1472.18775,628.771388025,0.0
558.21,0.0,5560.742372592593,6310.742372592593,833.3333333333333,0.0,0.0,558.21,0.0,833.3333333333333,0.0,56.817999999999984,0.0,5,0.4285,0.0,620.6228313333334,rolling_scenario,2025-12-21,0,0,1448.3613333333333,620.6228313333334,0.0
610.3485166666667,0.0,6310.742372592593,6311.570006592593,0.919593333333296,0.0,0.0,610.3485166666667,0.0,0.919593333333296,0.0,0.0,0.0,6,0.4311,0.0,263.517682221,rolling_scenario,2025-12-21,0,0,611.26811,263.517682221,0.0
633.23595,0.0,6311.570006592593,7038.213614592593,807.3817866666666,0.0,0.0,633.23595,0.0,807.3817866666666,0.0,0.0,0.0,7,0.4302,0.0,619.7537503140001,rolling_scenario,2025-12-21,0,0,1440.6177366666666,619.7537503140001,0.0
622.6966666666666,0.0,7038.213614592593,7764.901514592593,807.4310000000002,0.0,0.0,622.6966666666666,0.0,807.4310000000002,0.0,0.0,0.0,8,0.4279,0.0,611.9516285666667,rolling_scenario,2025-12-21,0,0,1430.1276666666668,611.9516285666667,0.0
637.4892666666666,0.0,7764.901514592593,7725.989247925927,0.0,35.02103999999997,0.0,602.4682266666666,0.0,0.0,0.0,0.0,0.0,9,0.4312,0.0,259.78429933866664,rolling_scenario,2025-12-21,0,0,602.4682266666666,259.78429933866664,0.0
622.3679999999999,0.0,7725.989247925927,7721.1563294074085,0.0,4.349626666666609,0.0,618.0183733333333,0.0,0.0,0.0,0.0,0.0,10,0.4333,0.0,267.7873611653333,rolling_scenario,2025-12-21,0,0,618.0183733333333,267.7873611653333,0.0
597.8583333333333,0.0,7721.1563294074085,8457.683179814814,818.3631671193405,0.0,0.0,597.8583333333333,0.0,818.3631671193405,0.0,0.0,0.0,11,0.4311,0.0,610.5330888451476,rolling_scenario,2025-12-21,0,0,1416.2215004526738,610.5330888451476,0.0
642.7462333333333,0.0,8457.683179814814,9191.374558814814,815.2126433333333,0.0,0.0,642.7462333333333,0.0,815.2126433333333,0.0,0.0,0.0,12,0.4293,0.0,625.901745753,rolling_scenario,2025-12-21,0,0,1457.9588766666666,625.901745753,0.0
653.8691166666666,0.0,9191.374558814814,9177.019421777777,0.0,12.919623333333334,0.0,640.9494933333333,0.0,0.0,0.0,0.0,0.0,13,0.4324,0.0,277.1465609173333,rolling_scenario,2025-12-21,0,0,640.9494933333333,277.1465609173333,0.0
621.75,0.0,9177.019421777777,9222.600521777777,50.64566666666667,0.0,0.0,621.75,0.0,50.64566666666667,0.0,0.0,0.0,14,0.4367,0.0,293.6351876333333,rolling_scenario,2025-12-21,0,0,672.3956666666667,293.6351876333333,0.0
636.6433333333333,0.0,9222.600521777777,9261.905360777777,43.67204333333325,0.0,0.0,636.6433333333333,0.0,43.67204333333325,0.0,0.0,0.0,15,0.4348,0.0,295.8011257746666,rolling_scenario,2025-12-21,0,0,680.3153766666666,295.8011257746666,0.0
631.9107333333333,0.0,9261.905360777777,9300.162992777778,42.50847999999996,0.0,0.0,631.9107333333333,0.0,42.50847999999996,0.0,0.0,0.0,16,0.4335,0.0,292.36072898,rolling_scenario,2025-12-21,0,0,674.4192133333332,292.36072898,0.0
625.2883333333333,0.0,9300.162992777778,9334.176392777777,37.79266666666672,0.0,0.0,625.2883333333333,0.0,37.79266666666672,0.0,0.0,0.0,17,0.4357,0.0,288.9043917,rolling_scenario,2025-12-21,0,0,663.081,288.9043917,0.0
696.7576833333333,0.0,9334.176392777777,9281.218307592591,0.0,47.662276666666685,0.0,649.0954066666666,0.0,0.0,0.0,0.0,0.0,18,0.4374,0.0,283.91433087599995,rolling_scenario,2025-12-21,0,0,649.0954066666666,283.91433087599995,0.0
685.8887833333333,0.0,9281.218307592591,9258.750418703703,0.0,20.22109999999998,0.0,665.6676833333333,0.0,0.0,0.0,0.0,0.0,19,0.4371,0.0,290.96334438499997,rolling_scenario,2025-12-21,0,0,665.6676833333333,290.96334438499997,0.0
624.79,0.0,9258.750418703703,9312.871018703703,60.134000000000015,0.0,0.0,624.79,0.0,60.134000000000015,0.0,0.0,0.0,20,0.4356,0.0,298.35289439999997,rolling_scenario,2025-12-21,0,0,684.924,298.35289439999997,0.0
703.4143,0.0,9312.871018703703,9250.464589074074,0.0,56.16578666666669,0.0,647.2485133333333,0.0,0.0,0.0,0.0,0.0,21,0.4353,0.0,281.747277854,rolling_scenario,2025-12-21,0,0,647.2485133333333,281.747277854,0.0
737.3209499999999,0.0,9250.464589074074,9138.716148333333,0.0,100.57359666666662,0.0,636.7473533333333,0.0,0.0,0.0,0.0,0.0,22,0.436,0.0,277.62184605333334,rolling_scenario,2025-12-21,0,0,636.7473533333333,277.62184605333334,0.0
679.8583333333333,0.0,9138.716148333333,9126.017259444445,0.0,11.429000000000087,0.0,668.4293333333333,0.0,0.0,0.0,0.0,0.0,23,0.4378,0.0,292.6383621333333,rolling_scenario,2025-12-21,0,0,668.4293333333333,292.6383621333333,0.0
673.1570666666667,0.0,9126.017259444445,9128.291988444445,2.52747666666653,0.0,0.0,673.1570666666667,0.0,2.52747666666653,0.0,0.0,0.0,24,0.4401,0.0,297.36876752099994,rolling_scenario,2025-12-21,0,0,675.6845433333332,297.36876752099994,0.0
680.3992333333333,0.0,9128.291988444445,9134.226411444446,6.593803333333312,0.0,0.0,680.3992333333333,0.0,6.593803333333312,0.0,0.0,0.0,25,0.4389,0.0,301.521243793,rolling_scenario,2025-12-21,0,0,686.9930366666666,301.521243793,0.0
677.4783333333332,0.0,9134.226411444446,9172.505811444445,42.53266666666673,0.0,0.0,677.4783333333332,0.0,42.53266666666673,0.0,0.0,0.0,26,0.4364,0.0,314.2128004,rolling_scenario,2025-12-21,0,0,720.011,314.2128004,0.0
686.9797333333332,0.0,9172.505811444445,9230.111964444446,64.0068366666668,0.0,0.0,686.9797333333332,0.0,64.0068366666668,0.0,0.0,0.0,27,0.4393,0.0,329.908400201,rolling_scenario,2025-12-21,0,0,750.98657,329.908400201,0.0
680.6025666666667,0.0,9230.111964444446,9280.446735444446,55.92752333333317,0.0,0.0,680.6025666666667,0.0,55.92752333333317,0.0,0.0,0.0,28,0.4422,0.0,325.6936057979999,rolling_scenario,2025-12-21,0,0,736.5300899999999,325.6936057979999,0.0
672.0516666666666,0.0,9280.446735444446,9302.048835444446,24.002333333333354,0.0,0.0,672.0516666666666,0.0,24.002333333333354,0.0,0.0,0.0,29,0.4395,0.0,305.915733,rolling_scenario,2025-12-21,0,0,696.054,305.915733,0.0
702.9903666666667,0.0003833333333333333,9302.048835444446,9290.614691000002,0.0,10.29072999999994,0.0003833333333333333,692.6992533333333,0.0,0.0,0.0,0.0,0.0,30,0.4333,0.0,300.14658646933333,rolling_scenario,2025-12-21,0,0,692.6992533333333,300.14658646933333,0.0
708.8747333333333,0.0,9290.614691000002,9277.324883592595,0.0,11.960826666666662,0.0,696.9139066666667,0.0,0.0,0.0,0.0,0.0,31,0.4439,0.0,309.36008316933334,rolling_scenario,2025-12-21,0,0,696.9139066666667,309.36008316933334,0.0
677.7633333333333,0.0,9277.324883592595,10027.324883592595,833.3333333333333,0.0,0.0,677.7633333333333,0.0,833.3333333333333,0.0,15.323333333333267,0.0,32,0.4301,0.0,656.5132419999999,rolling_scenario,2025-12-21,0,0,1526.4199999999998,656.5132419999999,0.0
679.6296833333333,0.005266666666666667,10027.324883592595,10777.324883592595,833.3333333333333,0.0,0.005266666666666667,679.6244166666667,0.0,833.3333333333333,0.0,28.38773333333313,0.0,33,0.3713,0.0,572.3015779616666,rolling_scenario,2025-12-21,0,0,1541.345483333333,572.3015779616666,0.0
786.2857666666666,0.0,10777.324883592595,10773.915520629633,0.0,3.0684266666665962,0.0,783.21734,0.0,0.0,0.0,0.0,0.0,34,0.5708,0.0,447.060457672,rolling_scenario,2025-12-21,0,0,783.21734,447.060457672,0.0
915.1083333333332,0.0,10773.915520629633,10739.162187296299,0.0,31.277999999999906,0.0,883.8303333333333,0.0,0.0,0.0,0.0,0.0,35,0.9099,0.0,804.1972203,rolling_scenario,2025-12-21,0,0,883.8303333333333,804.1972203,0.0
906.553,0.07343333333333332,10739.162187296299,10005.287124333336,0.0,660.4875566666666,0.07343333333333332,245.99201000000005,0.0,0.0,0.0,0.0,0.0,36,0.9368,0.0,230.44531496800005,rolling_scenario,2025-12-21,6,1,245.99201000000005,230.44531496800005,0.0
901.3054166666667,0.0,10005.287124333336,10012.297440333336,7.7892400000000634,0.0,0.0,901.3054166666667,0.0,7.7892400000000634,0.0,0.0,0.0,37,0.8758,0.0,796.1851003086667,rolling_scenario,2025-12-21,6,1,909.0946566666668,796.1851003086667,0.0
931.175,0.0,10012.297440333336,9970.173366259261,0.0,37.91166666666686,0.0,893.2633333333331,0.0,0.0,0.0,0.0,0.0,38,0.8759,0.0,782.4093536666664,rolling_scenario,2025-12-21,6,1,893.2633333333331,782.4093536666664,0.0
891.8811000000001,1.0227666666666666,9970.173366259261,9985.338831259261,16.85051666666675,0.0,1.0227666666666666,890.8583333333333,0.0,16.85051666666675,0.0,0.0,0.0,39,0.8601,0.0,780.720381885,rolling_scenario,2025-12-21,6,1,907.7088500000001,780.720381885,0.0
872.2081666666666,0.0,9985.338831259261,10038.988068259261,59.61026333333325,0.0,0.0,872.2081666666666,0.0,59.61026333333325,0.0,0.0,0.0,40,0.8442,0.0,786.6411186059997,rolling_scenario,2025-12-21,6,1,931.8184299999998,786.6411186059997,0.0
895.6999999999999,0.0,10038.988068259261,10071.58636825926,36.220333333333315,0.0,0.0,895.6999999999999,0.0,36.220333333333315,0.0,0.0,0.0,41,0.8334,0.0,776.6624058,rolling_scenario,2025-12-21,6,1,931.9203333333332,776.6624058,0.0
893.4640166666666,28.78048333333333,10071.58636825926,10080.37640075926,9.766702777777823,0.0,28.78048333333333,864.6835333333332,0.0,9.766702777777823,0.0,0.0,0.0,42,0.8092,0.0,707.6051310611111,rolling_scenario,2025-12-21,6,1,874.450236111111,707.6051310611111,0.0
886.8849333333333,70.00593333333333,10080.37640075926,10081.27473775926,0.998152222222302,0.0,70.00593333333333,816.8789999999999,0.0,0.998152222222302,0.0,0.0,0.0,43,0.7972,0.0,652.0116657515556,rolling_scenario,2025-12-21,6,1,817.8771522222222,652.0116657515556,0.0
871.9533333333334,115.11249999999998,10081.27473775926,10104.18833275926,25.459549999999922,0.0,115.11249999999998,756.8408333333334,0.0,25.459549999999922,0.0,0.0,0.0,44,0.7644,0.0,597.99041302,rolling_scenario,2025-12-21,6,1,782.3003833333333,597.99041302,0.0
844.3141166666666,166.12295,10104.18833275926,10800.0,773.1240747119328,0.0,166.12295,678.1911666666665,0.0,773.1240747119328,0.0,122.70848639917801,0.0,45,0.6899,0.0,1085.9189697938884,rolling_scenario,2025-12-21,6,1,1574.0237277777774,1085.9189697938884,0.0
981.5207666666666,212.78541666666666,10800.0,10800.0,0.0,0.0,212.78541666666666,768.7353499999999,0.0,0.0,0.0,22.859467222222293,0.0,46,0.86,0.0,680.7715428111111,rolling_scenario,2025-12-21,6,1,791.5948172222222,680.7715428111111,0.0
1196.7983333333332,256.64374999999995,10800.0,9874.074074074075,0.0,833.3333333333333,256.64374999999995,63.76638333333324,0.0,0.0,0.0,0.0,43.054866666666726,47,1.1617,250.08419303333366,324.1616005516669,rolling_scenario,2025-12-21,6,1,63.76638333333324,74.07740751833322,0.0
1209.0584999999999,310.0256833333333,9874.074074074075,8965.528962962964,0.0,817.6905999999998,310.0256833333333,81.34221666666679,0.0,0.0,0.0,0.0,0.0,48,1.1683,0.0,95.0321117316668,rolling_scenario,2025-12-21,6,1,81.34221666666679,95.0321117316668,0.0
1192.14925,368.6034333333333,8965.528962962964,8087.037703703705,0.0,790.6421333333334,368.6034333333333,32.90368333333322,0.0,0.0,0.0,0.0,0.0,49,1.0956,0.0,36.04927545999987,rolling_scenario,2025-12-21,6,1,32.90368333333322,36.04927545999987,0.0
1227.835,429.9375,8087.037703703705,7200.484925925927,0.0,797.8975,429.9375,-0.0,0.0,0.0,0.0,0.0,0.0,50,1.0849,0.0,0.0,rolling_scenario,2025-12-21,6,1,-0.0,-0.0,0.0
1222.1887666666667,492.19644999999997,7200.484925925927,6389.382351851853,0.0,729.9923166666667,492.19644999999997,-0.0,0.0,0.0,0.0,0.0,0.0,51,1.061,0.0,0.0,rolling_scenario,2025-12-21,6,1,-0.0,-0.0,0.0
1212.6767166666666,532.6005833333334,6389.382351851853,5633.742203703705,0.0,680.0761333333332,532.6005833333334,-0.0,0.0,0.0,0.0,0.0,0.0,52,1.043,0.0,0.0,rolling_scenario,2025-12-21,6,1,-0.0,-0.0,0.0
1209.2749999999999,556.93125,5633.742203703705,4908.915814814816,0.0,652.3437499999999,556.93125,-0.0,0.0,0.0,0.0,0.0,0.0,53,1.036,0.0,0.0,rolling_scenario,2025-12-21,6,1,-0.0,-0.0,0.0
1179.4681,595.4644499999999,4908.915814814816,4260.0228703703715,0.0,584.0036500000001,595.4644499999999,-0.0,0.0,0.0,0.0,0.0,0.0,54,1.0147,0.0,0.0,rolling_scenario,2025-12-21,6,1,-0.0,-0.0,0.0
1169.02805,641.3426833333333,4260.0228703703715,3673.7057962962976,0.0,527.6853666666666,641.3426833333333,-0.0,0.0,0.0,0.0,0.0,0.0,55,0.9922,0.0,0.0,rolling_scenario,2025-12-21,6,1,-0.0,-0.0,0.0
1191.7649999999999,686.1,3673.7057962962976,3111.8557962962977,0.0,505.66499999999985,686.1,-0.0,0.0,0.0,0.0,0.0,0.0,56,0.97,0.0,0.0,rolling_scenario,2025-12-21,6,1,-0.0,-0.0,0.0
1209.90835,728.4494833333333,3111.8557962962977,3108.0196407407425,0.0,3.4525399999997717,728.4494833333333,478.00632666666684,0.0,0.0,0.0,0.0,0.0,57,0.9422,0.0,450.3775609853335,rolling_scenario,2025-12-21,6,1,478.00632666666684,450.3775609853335,0.0
1190.447,763.84655,3108.0196407407425,3078.711770370373,0.0,26.37708333333262,763.84655,400.2233666666673,0.0,0.0,0.0,0.0,0.0,58,0.9569,0.0,382.97373956333394,rolling_scenario,2025-12-21,6,1,400.2233666666673,382.97373956333394,0.0
1152.0383333333332,791.7312499999999,3078.711770370373,2678.370566666669,0.0,360.30708333333325,791.7312499999999,-0.0,0.0,0.0,0.0,0.0,0.0,59,0.9977,0.0,0.0,rolling_scenario,2025-12-21,6,1,-0.0,-0.0,0.0
1145.5621333333333,814.3685166666667,2678.370566666669,2310.3776592592617,0.0,331.1936166666667,814.3685166666667,-0.0,0.0,0.0,0.0,0.0,0.0,60,0.9919,0.0,0.0,rolling_scenario,2025-12-21,6,1,-0.0,-0.0,0.0
1152.1980833333332,826.10465,2310.3776592592617,2013.7502173641965,0.0,266.96469770555865,826.10465,59.128735627774574,0.0,0.0,0.0,0.0,0.0,61,0.9588,0.0,56.69263171991026,rolling_scenario,2025-12-21,6,1,59.128735627774574,56.69263171991026,0.0
1158.5783333333334,826.7937499999999,2013.7502173641965,2054.7056098641965,45.505991666666546,0.0,826.7937499999999,331.78458333333344,0.0,45.505991666666546,0.0,0.0,0.0,62,0.9549,0.0,360.27477006749996,rolling_scenario,2025-12-21,6,1,377.290575,360.27477006749996,0.0
1173.4486499999998,824.36915,2054.7056098641965,1666.8394987530855,0.0,349.0794999999998,824.36915,-0.0,0.0,0.0,0.0,0.0,0.0,63,0.9839,0.0,0.0,rolling_scenario,2025-12-21,6,1,-0.0,-0.0,0.0
1199.1954,828.13465,1666.8394987530855,1615.964799370369,0.0,45.78722944444485,828.13465,325.27352055555525,0.0,0.0,0.0,0.0,0.0,64,0.799,0.0,259.8935429238887,rolling_scenario,2025-12-21,6,1,325.27352055555525,259.8935429238887,0.0
1211.1033333333332,829.8687499999999,1615.964799370369,2351.9915343703688,817.8074833333333,0.0,829.8687499999999,381.2345833333334,0.0,817.8074833333333,0.0,0.0,0.0,65,0.5025,0.0,602.5186385,rolling_scenario,2025-12-21,6,1,1199.0420666666666,602.5186385,0.0
1180.0967333333333,817.9991,2351.9915343703688,2997.2290233703684,716.9305433333329,0.0,817.9991,362.0976333333333,0.0,716.9305433333329,0.0,0.0,0.0,66,0.4662,0.0,503.04293596199983,rolling_scenario,2025-12-21,6,1,1079.0281766666662,503.04293596199983,0.0
1158.1015666666667,835.8504166666667,2997.2290233703684,3574.3652793703677,641.262506666666,0.0,835.8504166666667,322.25115000000005,0.0,641.262506666666,0.0,0.0,0.0,67,0.5007,0.0,482.4312878929997,rolling_scenario,2025-12-21,6,1,963.5136566666661,482.4312878929997,0.0
1159.0266666666666,876.0562499999999,3574.3652793703677,4162.1652243703675,653.1110499999995,0.0,876.0562499999999,282.9704166666668,0.0,653.1110499999995,0.0,0.0,0.0,68,0.4827,0.0,451.84652395999984,rolling_scenario,2025-12-21,6,1,936.0814666666663,451.84652395999984,0.0
1143.3451,891.3363666666667,4162.1652243703675,4780.471455370367,687.0069233333334,0.0,891.3363666666667,252.00873333333334,0.0,687.0069233333334,0.0,0.0,0.0,69,0.4785,0.0,449.318991715,rolling_scenario,2025-12-21,6,1,939.0156566666667,449.318991715,0.0
1094.3222833333332,929.6148666666666,4780.471455370367,5450.767809370367,744.7737266666666,0.0,929.6148666666666,164.70741666666663,0.0,744.7737266666666,0.0,0.0,0.0,70,0.4662,0.0,424.00010902199995,rolling_scenario,2025-12-21,6,1,909.4811433333332,424.00010902199995,0.0
1055.1499999999999,981.8,5450.767809370367,6145.165239370367,771.5527,0.0,981.8,73.34999999999991,0.0,771.5527,0.0,0.0,0.0,71,0.4432,0.0,374.4608766399999,rolling_scenario,2025-12-21,6,1,844.9026999999999,374.4608766399999,0.0
1083.6438333333333,984.1491333333333,6145.165239370367,6867.175012870367,802.2330816666667,0.0,984.1491333333333,99.49469999999997,0.0,802.2330816666667,0.0,0.0,0.0,72,0.4411,0.0,397.75212449316666,rolling_scenario,2025-12-21,12,2,901.7277816666667,397.75212449316666,0.0
1086.7223999999999,978.0274166666666,6867.175012870367,7604.405461870367,819.1449433333333,0.0,978.0274166666666,108.69498333333331,0.0,819.1449433333333,0.0,0.0,0.0,73,0.4551,0.0,422.259950626,rolling_scenario,2025-12-21,12,2,927.8399266666667,422.259950626,0.0
1045.5516666666667,977.4499999999999,7604.405461870367,8354.405461870367,833.3333333333333,0.0,977.4499999999999,68.1016666666668,0.0,833.3333333333333,0.0,89.16445833333307,0.0,74,0.4463,0.0,442.1045382541665,rolling_scenario,2025-12-21,12,2,990.5994583333331,442.1045382541665,0.0
1039.1261166666666,953.7943499999999,8354.405461870367,9104.405461870367,833.3333333333333,0.0,953.7943499999999,85.33176666666668,0.0,833.3333333333333,0.0,98.46956333333333,0.0,75,0.4113,0.0,418.347487029,rolling_scenario,2025-12-21,12,2,1017.1346633333333,418.347487029,0.0
1085.4605,924.9784,9104.405461870367,9854.405461870367,833.3333333333333,0.0,924.9784,160.48209999999995,0.0,833.3333333333333,0.0,49.50657166666656,0.0,76,0.5682,0.0,592.815563241,rolling_scenario,2025-12-21,12,2,1043.3220049999998,592.815563241,0.0
1139.4066666666665,898.40625,9854.405461870367,9854.470786870366,0.07258333333356859,0.0,898.40625,241.00041666666652,0.0,0.07258333333356859,0.0,0.0,0.0,77,0.8279,0.0,199.58433670000008,rolling_scenario,2025-12-21,12,2,241.0730000000001,199.58433670000008,0.0
1132.8890999999999,868.5766166666667,9854.470786870366,9798.5581047716,0.0,50.32141388888863,868.5766166666667,213.99106944444452,0.0,0.0,0.0,0.0,0.0,78,0.8636,0.0,184.80268757222228,rolling_scenario,2025-12-21,12,2,213.99106944444452,184.80268757222228,0.0
1092.3975999999998,867.0114333333332,9798.5581047716,9798.152485018514,0.0,0.3650577777776789,867.0114333333332,225.02110888888888,0.0,0.0,0.0,0.0,0.0,79,0.8416,0.0,189.3777652408889,rolling_scenario,2025-12-21,12,2,225.02110888888888,189.3777652408889,0.0
1058.3466666666666,881.3249999999999,9798.152485018514,9880.495817518515,91.49259166666639,0.0,881.3249999999999,177.02166666666665,0.0,91.49259166666639,0.0,0.0,0.0,80,0.8618,0.0,231.40558783166642,rolling_scenario,2025-12-21,12,2,268.51425833333303,231.40558783166642,0.0
1055.568,863.0582999999999,9880.495817518515,9954.475668518515,82.19983444444449,0.0,863.0582999999999,192.50970000000007,0.0,82.19983444444449,0.0,0.0,0.0,81,0.8623,0.0,236.88203155144453,rolling_scenario,2025-12-21,12,2,274.70953444444456,236.88203155144453,0.0
1085.9077333333332,832.2836166666666,9954.475668518515,9981.253654018516,29.753317222222563,0.0,832.2836166666666,253.62411666666662,0.0,29.753317222222563,0.0,0.0,0.0,82,0.9026,0.0,255.77647182811137,rolling_scenario,2025-12-21,12,2,283.3774338888892,255.77647182811137,0.0
1109.8016666666667,807.9187499999999,9981.253654018516,9645.828191055552,0.0,301.8829166666668,807.9187499999999,-0.0,0.0,0.0,0.0,0.0,0.0,83,0.9754,0.0,0.0,rolling_scenario,2025-12-21,12,2,-0.0,-0.0,0.0
1079.1305666666667,784.2339833333333,9645.828191055552,9318.165320685182,0.0,294.8965833333334,784.2339833333333,-0.0,0.0,0.0,0.0,0.0,0.0,84,1.0002,0.0,0.0,rolling_scenario,2025-12-21,12,2,-0.0,-0.0,0.0
1051.8516166666666,734.1358666666666,9318.165320685182,8965.147820685183,0.0,317.71574999999996,734.1358666666666,-0.0,0.0,0.0,0.0,0.0,0.0,85,0.9978,0.0,0.0,rolling_scenario,2025-12-21,12,2,-0.0,-0.0,0.0
1048.9283333333333,664.7312499999999,8965.147820685183,8538.262172537034,0.0,384.19708333333335,664.7312499999999,-0.0,0.0,0.0,0.0,0.0,0.0,86,1.0271,0.0,0.0,rolling_scenario,2025-12-21,12,2,-0.0,-0.0,0.0
1040.1812499999999,609.7969166666667,8538.262172537034,8060.0573577222185,0.0,430.3843333333332,609.7969166666667,-0.0,0.0,0.0,0.0,0.0,0.0,87,1.0906,0.0,0.0,rolling_scenario,2025-12-21,12,2,-0.0,-0.0,0.0
1044.6055,553.5727499999999,8060.0573577222185,7514.465413277774,0.0,491.03274999999996,553.5727499999999,-0.0,0.0,0.0,0.0,0.0,0.0,88,0.9376,0.0,0.0,rolling_scenario,2025-12-21,12,2,-0.0,-0.0,0.0
1051.4716666666666,492.93125,7514.465413277774,8264.465413277774,833.3333333333333,0.0,492.93125,558.5404166666666,0.0,833.3333333333333,0.0,107.99116666666657,0.0,89,0.6694,0.0,1004.0095752166665,rolling_scenario,2025-12-21,12,2,1499.8649166666664,1004.0095752166665,0.0
1030.7194166666666,444.26583333333326,8264.465413277774,9014.465413277774,833.3333333333333,0.0,444.26583333333326,586.4535833333333,0.0,833.3333333333333,0.0,98.62628888888901,0.0,90,0.66,0.0,1002.1527156666667,rolling_scenario,2025-12-21,12,2,1518.4132055555556,1002.1527156666667,0.0
1041.5735,400.76741666666663,9014.465413277774,9764.465413277774,833.3333333333333,0.0,400.76741666666663,640.8060833333334,0.0,833.3333333333333,0.0,46.37404777777783,0.0,91,0.7217,0.0,1097.3545672895557,rolling_scenario,2025-12-21,12,2,1520.5134644444445,1097.3545672895557,0.0
1068.8316666666665,361.14375,9764.465413277774,10514.465413277774,833.3333333333333,0.0,361.14375,707.6879166666665,0.0,833.3333333333333,0.0,34.413966666666965,0.0,92,0.7308,0.0,1151.32805634,rolling_scenario,2025-12-21,12,2,1575.4352166666667,1151.32805634,0.0
1038.2059166666666,329.51135,10514.465413277774,10800.0,317.2606519135843,0.0,329.51135,708.6945666666666,0.0,317.2606519135843,0.0,348.08865598765806,0.0,93,0.7534,0.0,1035.2046550994626,rolling_scenario,2025-12-21,12,2,1374.043874567909,1035.2046550994626,0.0
1023.3541333333333,286.50898333333333,10800.0,10800.0,0.0,0.0,286.50898333333333,736.8451499999999,0.0,0.0,0.0,108.57442666666645,0.0,94,0.7823,0.0,661.3717348263331,rolling_scenario,2025-12-21,12,2,845.4195766666663,661.3717348263331,0.0
1031.7366666666667,235.80625,10800.0,10800.0,0.0,0.0,235.80625,795.9304166666667,0.0,0.0,0.0,40.33154999999999,0.0,95,0.8055,0.0,673.60901415,rolling_scenario,2025-12-21,12,2,836.2619666666667,673.60901415,0.0
1001.2239999999999,199.84213333333332,10800.0,10800.0,0.0,0.0,199.84213333333332,801.3818666666666,0.0,0.0,0.0,72.6152555555559,0.0,96,0.8271,0.0,722.8830197900002,rolling_scenario,2025-12-21,12,2,873.9971222222225,722.8830197900002,0.0
1003.6383666666667,160.99521666666666,10800.0,10800.0,0.0,0.0,160.99521666666666,842.64315,0.0,0.0,0.0,81.85012444444453,0.0,97,0.8519,0.0,787.5758204992222,rolling_scenario,2025-12-21,12,2,924.4932744444445,787.5758204992222,0.0
1038.5466666666666,113.4375,10800.0,10800.0,0.0,0.0,113.4375,925.1091666666666,0.0,0.0,0.0,28.289299999999912,0.0,98,0.8791,0.0,838.1325920466666,rolling_scenario,2025-12-21,12,2,953.3984666666665,838.1325920466666,0.0
1029.6313666666665,69.83856666666667,10800.0,10800.0,0.0,0.0,69.83856666666667,959.7927999999998,0.0,0.0,0.0,69.31598888888891,0.0,99,0.9024,0.0,928.6677710933332,rolling_scenario,2025-12-21,12,2,1029.1087888888887,928.6677710933332,0.0
1021.8329333333332,28.96875,10800.0,10800.0,0.0,0.0,28.96875,992.8641833333332,0.0,0.0,0.0,75.55975777777815,0.0,100,0.9163,0.0,978.9968572401114,rolling_scenario,2025-12-21,12,2,1068.4239411111114,978.9968572401114,0.0
1028.7966666666666,0.0,10800.0,10800.0,0.0,0.0,0.0,1028.7966666666666,0.0,0.0,0.0,17.2646666666667,0.0,101,0.9264,0.0,969.0712192,rolling_scenario,2025-12-21,12,2,1046.0613333333333,969.0712192,0.0
1018.6957,0.0,10800.0,10800.0,0.0,0.0,0.0,1018.6957,0.0,0.0,0.0,19.85154333333344,0.0,102,0.9462,0.0,982.6734016420002,rolling_scenario,2025-12-21,12,2,1038.5472433333334,982.6734016420002,0.0
1026.7837833333333,1.0334833333333333,10800.0,10800.0,0.0,0.0,1.0334833333333333,1025.7503,0.0,0.0,0.0,31.637629999999945,0.0,103,0.9742,0.0,1030.1073214059998,rolling_scenario,2025-12-21,12,2,1057.3879299999999,1030.1073214059998,0.0
1056.4616666666666,0.0,10800.0,10792.48074074074,0.0,6.767333333333454,0.0,1049.6943333333331,0.0,0.0,0.0,0.0,0.0,104,0.9862,0.0,1035.208551533333,rolling_scenario,2025-12-21,12,2,1049.6943333333331,1035.208551533333,0.0
1048.3491333333332,0.0,10792.48074074074,10800.0,8.354732510288159,0.0,0.0,1048.3491333333332,0.0,8.354732510288159,0.0,2.0315641563786357,0.0,105,0.976,0.0,1033.3257796799999,rolling_scenario,2025-12-21,12,2,1058.73543,1033.3257796799999,0.0
898.8176333333333,0.07419999999999999,10800.0,10800.0,0.0,0.0,0.07419999999999999,898.7434333333333,0.0,0.0,0.0,21.374826666666422,0.0,106,1.0742,0.0,988.3910348919998,rolling_scenario,2025-12-21,12,2,920.1182599999997,988.3910348919998,0.0
712.6333333333333,0.0,10800.0,10800.0,0.0,0.0,0.0,712.6333333333333,0.0,0.0,0.0,5.409999999999968,0.0,107,1.2313,0.0,884.1267563333333,rolling_scenario,2025-12-21,12,2,718.0433333333333,884.1267563333333,0.0
715.41445,0.0,10800.0,10762.243240740741,0.0,33.981083333333345,0.0,681.4333666666666,0.0,0.0,0.0,0.0,0.0,108,1.2561,0.0,855.94845187,rolling_scenario,2025-12-21,18,3,681.4333666666666,855.94845187,0.0
748.2732666666667,0.005333333333333333,10762.243240740741,10707.543840740742,0.0,49.22946000000013,0.005333333333333333,699.0384733333333,0.0,0.0,0.0,0.0,0.0,109,1.2447,0.0,870.0931877579999,rolling_scenario,2025-12-21,18,3,699.0384733333333,870.0931877579999,0.0
730.0083333333333,0.0,10707.543840740742,10703.413470370371,0.0,3.717333333333386,0.0,726.2909999999999,0.0,0.0,0.0,0.0,0.0,110,1.2545,0.0,911.1320594999999,rolling_scenario,2025-12-21,18,3,726.2909999999999,911.1320594999999,0.0
734.3443833333333,0.0,10703.413470370371,10725.510591370372,24.552356666666697,0.0,0.0,734.3443833333333,0.0,24.552356666666697,0.0,0.0,0.0,111,1.2522,0.0,950.290497828,rolling_scenario,2025-12-21,18,3,758.89674,950.290497828,0.0
750.0835999999999,0.0003833333333333333,10725.510591370372,10114.555265444445,0.0,549.8597933333342,0.0003833333333333333,200.22342333333233,0.0,0.0,0.0,0.0,0.0,112,1.2881,0.0,257.9077915956654,rolling_scenario,2025-12-21,18,3,200.22342333333233,257.9077915956654,0.0
748.46,0.0,10114.555265444445,9282.933043222223,0.0,748.46,0.0,-0.0,0.0,0.0,0.0,0.0,0.0,113,1.3466,0.0,0.0,rolling_scenario,2025-12-21,18,3,-0.0,-0.0,0.0
722.4832333333334,0.0,9282.933043222223,8480.173895074075,0.0,722.4832333333334,0.0,-0.0,0.0,0.0,0.0,0.0,0.0,114,1.3523,0.0,0.0,rolling_scenario,2025-12-21,18,3,-0.0,-0.0,0.0
726.1655166666666,0.0,8480.173895074075,7673.323321000001,0.0,726.1655166666666,0.0,-0.0,0.0,0.0,0.0,0.0,0.0,115,1.3445,0.0,0.0,rolling_scenario,2025-12-21,18,3,-0.0,-0.0,0.0
744.4316666666666,0.0,7673.323321000001,6846.177024703705,0.0,744.4316666666666,0.0,-0.0,0.0,0.0,0.0,0.0,0.0,116,1.3483,0.0,0.0,rolling_scenario,2025-12-21,18,3,-0.0,-0.0,0.0
716.9286999999999,0.0,6846.177024703705,6049.58958025926,0.0,716.9286999999999,0.0,-0.0,0.0,0.0,0.0,0.0,0.0,117,1.349,0.0,0.0,rolling_scenario,2025-12-21,18,3,-0.0,-0.0,0.0
733.1194999999999,0.0,6049.58958025926,5235.012358037038,0.0,733.1194999999999,0.0,-0.0,0.0,0.0,0.0,0.0,0.0,118,1.3473,0.0,0.0,rolling_scenario,2025-12-21,18,3,-0.0,-0.0,0.0
780.2683333333332,0.0,5235.012358037038,4368.047543222224,0.0,780.2683333333332,0.0,-0.0,0.0,0.0,0.0,0.0,0.0,119,1.3482,0.0,0.0,rolling_scenario,2025-12-21,18,3,-0.0,-0.0,0.0
747.5859,0.0,4368.047543222224,3537.396543222224,0.0,747.5859,0.0,-0.0,0.0,0.0,0.0,0.0,0.0,120,1.3513,0.0,0.0,rolling_scenario,2025-12-21,18,3,-0.0,-0.0,0.0
692.8171,0.0,3537.396543222224,2767.5997654444463,0.0,692.8171,0.0,-0.0,0.0,0.0,0.0,0.0,0.0,121,1.34,0.0,0.0,rolling_scenario,2025-12-21,18,3,-0.0,-0.0,0.0
681.7516666666667,0.0,2767.5997654444463,2010.0979135925945,0.0,681.7516666666667,0.0,-0.0,0.0,0.0,0.0,0.0,0.0,122,1.3489,0.0,0.0,rolling_scenario,2025-12-21,18,3,-0.0,-0.0,0.0
720.3711,0.0,2010.0979135925945,1209.6855802592613,0.0,720.3711,0.0,-0.0,0.0,0.0,0.0,0.0,0.0,123,1.3952,0.0,0.0,rolling_scenario,2025-12-21,18,3,-0.0,-0.0,0.0
722.8001666666667,0.0,1209.6855802592613,1216.0562872592614,7.07856333333325,0.0,0.0,722.8001666666667,0.0,7.07856333333325,0.0,0.0,0.0,124,1.2226,0.0,892.3497352979998,rolling_scenario,2025-12-21,18,3,729.8787299999999,892.3497352979998,0.0
690.7433333333333,0.0,1216.0562872592614,1249.4909872592614,37.149666666666576,0.0,0.0,690.7433333333333,0.0,37.149666666666576,0.0,0.0,0.0,125,0.9332,0.0,679.2697476,rolling_scenario,2025-12-21,18,3,727.8929999999999,679.2697476,0.0
704.5435,0.0,1249.4909872592614,1271.1657652592612,24.08308666666653,0.0,0.0,704.5435,0.0,24.08308666666653,0.0,0.0,0.0,126,0.9068,0.0,660.7185887893332,rolling_scenario,2025-12-21,18,3,728.6265866666665,660.7185887893332,0.0
721.1607166666665,0.0,1271.1657652592612,1287.3956362592612,18.033190000000104,0.0,0.0,721.1607166666665,0.0,18.033190000000104,0.0,0.0,0.0,127,0.9371,0.0,692.6986099373333,rolling_scenario,2025-12-21,18,3,739.1939066666666,692.6986099373333,0.0
726.305,0.0,1287.3956362592612,1317.6629362592612,33.6303333333334,0.0,0.0,726.305,0.0,33.6303333333334,0.0,0.0,0.0,128,0.9371,0.0,712.1354008666667,rolling_scenario,2025-12-21,18,3,759.9353333333333,712.1354008666667,0.0
739.5190333333333,0.0,1317.6629362592612,1331.8289572592612,15.740023333333284,0.0,0.0,739.5190333333333,0.0,15.740023333333284,0.0,0.0,0.0,129,0.9871,0.0,745.5162148356666,rolling_scenario,2025-12-21,18,3,755.2590566666665,745.5162148356666,0.0
678.4992333333332,0.0,1331.8289572592612,1336.670249259261,5.379213333333269,0.0,0.0,678.4992333333332,0.0,5.379213333333269,0.0,0.0,0.0,130,0.7764,0.0,530.9632259919998,rolling_scenario,2025-12-21,18,3,683.8784466666665,530.9632259919998,0.0
572.4,0.0,1336.670249259261,1340.9116492592611,4.712666666666792,0.0,0.0,572.4,0.0,4.712666666666792,0.0,0.0,0.0,131,0.4209,0.0,242.90672140000004,rolling_scenario,2025-12-21,18,3,577.1126666666668,242.90672140000004,0.0
545.0923166666666,0.0,1340.9116492592611,1352.2142242592613,12.558416666666858,0.0,0.0,545.0923166666666,0.0,12.558416666666858,0.0,0.0,0.0,132,0.3859,0.0,215.1974179933334,rolling_scenario,2025-12-21,18,3,557.6507333333335,215.1974179933334,0.0
550.8361333333332,0.0,1352.2142242592613,1371.2969902592613,21.20307333333335,0.0,0.0,550.8361333333332,0.0,21.20307333333335,0.0,0.0,0.0,133,0.4368,0.0,249.86672547199998,rolling_scenario,2025-12-21,18,3,572.0392066666666,249.86672547199998,0.0
542.5999999999999,0.0,1371.2969902592613,1419.7688902592613,53.85766666666677,0.0,0.0,542.5999999999999,0.0,53.85766666666677,0.0,0.0,0.0,134,0.4198,0.0,250.3929284666667,rolling_scenario,2025-12-21,18,3,596.4576666666667,250.3929284666667,0.0
525.919,0.0,1419.7688902592613,1461.6874432592613,46.576169999999934,0.0,0.0,525.919,0.0,46.576169999999934,0.0,0.0,0.0,135,0.4186,0.0,239.646478162,rolling_scenario,2025-12-21,18,3,572.4951699999999,239.646478162,0.0
543.3939166666667,0.0,1461.6874432592613,1458.0880321481502,0.0,3.239469999999983,0.0,540.1544466666667,0.0,0.0,0.0,0.0,0.0,136,0.4241,0.0,229.07950083133332,rolling_scenario,2025-12-21,18,3,540.1544466666667,229.07950083133332,0.0
584.8283333333333,0.0,1458.0880321481502,1456.7513654814836,0.0,1.2029999999999745,0.0,583.6253333333333,0.0,0.0,0.0,0.0,0.0,137,0.4237,0.0,247.28205373333333,rolling_scenario,2025-12-21,18,3,583.6253333333333,247.28205373333333,0.0
592.4525666666666,0.0,1456.7513654814836,1454.0468432592613,0.0,2.4340700000000197,0.0,590.0184966666666,0.0,0.0,0.0,0.0,0.0,138,0.4248,0.0,250.63985738399998,rolling_scenario,2025-12-21,18,3,590.0184966666666,250.63985738399998,0.0
565.9438,0.0,1454.0468432592613,1487.9326352592614,37.65088000000003,0.0,0.0,565.9438,0.0,37.65088000000003,0.0,0.0,0.0,139,0.424,0.0,255.92414432,rolling_scenario,2025-12-21,18,3,603.59468,255.92414432,0.0
550.9316666666666,0.0,1487.9326352592614,1520.7571352592613,36.47166666666658,0.0,0.0,550.9316666666666,0.0,36.47166666666658,0.0,0.0,0.0,140,0.422,0.0,247.88420666666659,rolling_scenario,2025-12-21,18,3,587.4033333333332,247.88420666666659,0.0
589.9602166666666,0.0,1520.7571352592613,1498.9623557037057,0.0,19.615301599999952,0.0,570.3449150666667,0.0,0.0,0.0,0.0,0.0,141,0.424,0.0,241.82624398826667,rolling_scenario,2025-12-21,18,3,570.3449150666667,241.82624398826667,0.0
595.3318333333333,0.0,1498.9623557037057,1481.790466814817,0.0,15.454700000000003,0.0,579.8771333333333,0.0,0.0,0.0,0.0,0.0,142,0.4271,0.0,247.66552364666663,rolling_scenario,2025-12-21,18,3,579.8771333333333,247.66552364666663,0.0
577.4,0.0,1481.790466814817,1499.9137668148169,20.137000000000057,0.0,0.0,577.4,0.0,20.137000000000057,0.0,0.0,0.0,143,0.4276,0.0,255.5068212,rolling_scenario,2025-12-21,18,3,597.537,255.5068212,0.0
