strategy,period,date,issue_hour,plan_version,chosen_source,candidate_count,chosen_score,scenario_mean,scenario_cvar,increase_kwh,decrease_kwh,adjustment_cost,decision_adjustment_cost,changed,scenario_count,solver
rolling_scenario_mean14,development,2025-02-01,0,0,residual_6,10,25599.00559634724,25434.57660792865,26092.29256160301,0.0,0.0,0.0,0.0,0,9,LP+MILP
rolling_scenario_mean14,development,2025-02-01,6,1,margin,11,19519.965248272652,19475.300477182154,19653.95956154415,737.8991223750023,2577.4881403703694,1040.4069326763858,1365.4842701361129,1,9,MILP
rolling_scenario_mean14,development,2025-02-01,12,2,keep_previous,11,15878.86808111119,15820.713209736352,16053.332695235706,0.0,0.0,0.0,0.0,0,9,MILP
rolling_scenario_mean14,development,2025-02-01,18,3,keep_previous,11,12363.14572601438,12317.006427835713,12501.563620550378,0.0,0.0,0.0,0.0,0,9,LP
rolling_scenario_mean14,development,2025-02-02,0,0,margin,10,64183.55747168476,64125.25837511599,64358.45476139109,0.0,0.0,0.0,0.0,0,9,LP
rolling_scenario_mean14,development,2025-02-02,6,1,margin,11,54109.70892614269,54060.23372676046,54258.13452428937,5.373641944444557,4291.550751941009,1798.5830297859147,1748.8874615464008,1,9,LP
rolling_scenario_mean14,development,2025-02-02,12,2,residual_3,11,36958.32458855033,36911.23576778035,37099.59105086024,36.882925283330906,1411.937737239378,545.1577205359702,528.3303256202155,1,9,LP
rolling_scenario_mean14,development,2025-02-02,18,3,point,11,19863.928984587,19815.113738155116,20010.374723882655,76.28102784722216,117.6761190030195,89.97386960242181,90.877206097319,1,9,LP
rolling_scenario_mean14,development,2025-02-03,0,0,margin,10,65445.36533085696,65373.69011933375,65660.3909654266,0.0,0.0,0.0,0.0,0,9,LP
rolling_scenario_mean14,development,2025-02-03,6,1,margin,11,54873.93009474197,54806.91023177276,55074.989683649605,0.0,5732.521910051435,2514.606928988649,2407.263700547689,1,9,LP
rolling_scenario_mean14,development,2025-02-03,12,2,residual_2,11,36887.17173629609,36824.388909620415,37075.52021632311,0.0,1547.5190885253826,636.0364201573749,612.3040971809615,1,9,LP
rolling_scenario_mean14,development,2025-02-03,18,3,point,11,19708.713168159302,19645.018656479122,19899.79670319985,75.64982188703732,79.15337921701013,67.58347821846203,65.67080037468637,1,9,LP
rolling_scenario_mean14,development,2025-02-04,0,0,margin,10,67316.86891374696,67224.45737976232,67594.1035157009,0.0,0.0,0.0,0.0,0,9,LP
rolling_scenario_mean14,development,2025-02-04,6,1,margin,11,57347.00110050949,57283.237632985605,57538.29150308116,167.0778669444461,5138.105770534981,2323.069544120821,2224.7153318906185,1,9,LP
rolling_scenario_mean14,development,2025-02-04,12,2,margin,11,37661.73618033147,37586.17807173125,37888.410506132146,12.83145916666706,2138.6830838717387,857.4145556206479,823.0365635643143,1,9,LP
rolling_scenario_mean14,development,2025-02-04,18,3,margin,10,19458.259595755575,19380.77170019406,19690.723282440133,0.0,0.0,0.0,0.0,0,9,LP
rolling_scenario_mean14,development,2025-02-05,0,0,margin,10,62664.74686673246,62379.77836161629,63519.65238208095,0.0,0.0,0.0,0.0,0,9,LP
rolling_scenario_mean14,development,2025-02-05,6,1,margin,11,54898.4026498929,54826.25479686619,55114.84620897303,454.3301233333304,464.7933126611782,448.79943509089514,428.7536236184019,1,9,LP
rolling_scenario_mean14,development,2025-02-05,12,2,margin,11,36966.51398870478,36800.44158143735,37464.73121050705,0.04876999999999043,2259.717890816183,1008.6075863458511,964.6675095999034,1,9,LP
rolling_scenario_mean14,development,2025-02-05,18,3,margin,10,19504.69756353316,19413.929714045084,19777.001111997382,0.0,0.0,0.0,0.0,0,9,LP
rolling_scenario_mean14,development,2025-02-06,0,0,margin,10,67288.99675576098,66873.00339387164,68536.976841429,0.0,0.0,0.0,0.0,0,9,LP
rolling_scenario_mean14,development,2025-02-06,6,1,margin,11,56410.90042784623,56312.77860783227,56705.26588788813,0.0,5834.145271176229,2618.636883394065,2406.144680328741,1,9,LP
rolling_scenario_mean14,development,2025-02-06,12,2,margin,11,36712.19274148196,36615.292897720836,37002.89227276533,3.4567033333336212,3133.1647000857733,1315.1890075154415,1246.4842918859677,1,9,LP
rolling_scenario_mean14,development,2025-02-06,18,3,margin,10,19359.64813888061,19254.006021084773,19676.57449226812,0.0,0.0,0.0,0.0,0,9,LP
rolling_scenario_mean14,development,2025-02-07,0,0,residual_0,10,25244.055522599287,25009.62401675904,25947.350040120018,0.0,0.0,0.0,0.0,0,9,LP+MILP
rolling_scenario_mean14,development,2025-02-07,6,1,point,11,19398.261801671633,19177.957825857564,20059.17372911384,245.71224104166777,2650.4222123216696,758.6616807712874,1065.082742529244,1,9,LP+MILP
rolling_scenario_mean14,development,2025-02-07,12,2,margin,11,15150.27967948182,15022.27677619868,15534.28838933124,194.4378647407417,1993.2378022770924,484.00027519720715,750.0648500401671,1,9,MILP
rolling_scenario_mean14,development,2025-02-07,18,3,keep_previous,11,11488.520535289956,11364.004510118963,11862.068610802935,0.0,0.0,0.0,0.0,0,9,LP
rolling_scenario_mean14,development,2025-02-08,0,0,margin,10,19799.00970938845,19687.84686203408,20132.498251451565,0.0,0.0,0.0,0.0,0,9,MILP
rolling_scenario_mean14,development,2025-02-08,6,1,point,11,15840.429155687565,15704.031999243893,16249.620625018582,646.8206926888878,3.410605131648481e-13,214.70020130222645,275.517856856087,1,9,MILP
rolling_scenario_mean14,development,2025-02-08,12,2,point,11,14615.712548075102,14486.306883376257,15003.929542171638,8.21709514209041e-13,251.5235260222197,85.50054405738297,111.77453589190657,1,9,MILP
rolling_scenario_mean14,development,2025-02-08,18,3,point,11,11671.39266261,11544.588191324256,12051.806076467237,65.2029244333325,1.1368683772161603e-13,32.360211396262926,39.54417646329258,1,9,LP
rolling_scenario_mean14,development,2025-02-09,0,0,margin,10,62448.64131948685,60928.56942843014,67008.85699265696,0.0,0.0,0.0,0.0,0,9,LP
rolling_scenario_mean14,development,2025-02-09,6,1,point,11,53840.346171877165,53712.913924368884,54222.642914402,1282.6157173429337,959.2318404599985,1068.3051537865813,997.2935630226365,1,9,LP
rolling_scenario_mean14,development,2025-02-09,12,2,point,11,36243.1135488904,36118.59633011762,36616.66520520871,0.0,2535.2528294974773,985.6138967408026,889.4417584992036,1,9,LP
rolling_scenario_mean14,development,2025-02-09,18,3,point,10,18806.057076456193,18675.25184614787,19198.472767381165,0.0,0.0,0.0,0.0,0,9,LP
rolling_scenario_mean14,development,2025-02-10,0,0,margin,10,58307.88440978853,56868.04678185831,62627.39729357919,0.0,0.0,0.0,0.0,0,9,LP
rolling_scenario_mean14,development,2025-02-10,6,1,point,11,46147.19925252527,46023.14533904993,46519.36099295129,0.0,6249.2201853607685,2509.273175665924,2462.4189655647756,1,9,LP
rolling_scenario_mean14,development,2025-02-10,12,2,point,11,34144.33676039969,34025.134676406065,34501.94301238055,1987.1974560013714,0.0,826.8650098568035,791.897756109073,1,9,LP
rolling_scenario_mean14,development,2025-02-10,18,3,point,11,18782.578054841037,18657.1279434562,19158.928388995555,41.63284444999863,0.0,25.47930080339916,26.086694266178608,1,9,LP
rolling_scenario_mean14,development,2025-02-11,0,0,margin,10,58868.799809782824,57490.247745876455,63004.456001501916,0.0,0.0,0.0,0.0,0,9,LP
rolling_scenario_mean14,development,2025-02-11,6,1,margin,11,47858.93882538883,47742.38167774267,48208.610268327306,5.982313555555834,3359.9084989951975,1461.6245960900496,1416.3464487446147,1,9,LP
rolling_scenario_mean14,development,2025-02-11,12,2,point,11,32870.83619843354,32759.858263144277,33203.77000430133,0.0,1218.7999024759933,545.1433266985301,531.4015753089525,1,9,LP
rolling_scenario_mean14,development,2025-02-11,18,3,point,11,18568.148612317997,18449.85594222413,18923.02662259959,21.70982609999851,0.0,13.454664725474077,13.525454265578711,1,9,LP
rolling_scenario_mean14,development,2025-02-12,0,0,margin,10,58532.10062007878,57189.56211348892,62559.71613984837,0.0,0.0,0.0,0.0,0,9,LP
rolling_scenario_mean14,development,2025-02-12,6,1,margin,11,47252.28363188999,47148.00697969415,47565.11358847753,10.327779111110772,4432.877093864196,1824.2444584695077,1766.250086283737,1,9,LP
rolling_scenario_mean14,development,2025-02-12,12,2,point,11,32874.77099578009,32767.341559946984,33197.0593032794,0.0,441.2425591689739,215.6221655435064,204.1472615083194,1,9,LP
rolling_scenario_mean14,development,2025-02-12,18,3,point,11,18611.322888181516,18500.04615546963,18945.153086317176,36.839576566668825,0.0,23.960460598961404,22.869482852922765,1,9,LP
rolling_scenario_mean14,development,2025-02-13,0,0,margin,10,54056.30392889309,52817.687705175944,57772.15260004454,0.0,0.0,0.0,0.0,0,9,LP
rolling_scenario_mean14,development,2025-02-13,6,1,margin,11,43673.582928200034,43463.93164695432,44302.53677193718,93.50490386111164,3422.294558149524,1377.4370771351853,1351.348301140828,1,9,LP
rolling_scenario_mean14,development,2025-02-13,12,2,point,11,32154.397666421228,32041.467804492295,32493.18725220803,622.9474616889297,0.0,252.22341773707348,248.5740406260583,1,9,LP
rolling_scenario_mean14,development,2025-02-13,18,3,margin,10,18546.231179762144,18441.980513312457,18858.98317911121,0.0,0.0,0.0,0.0,0,9,LP
rolling_scenario_mean14,development,2025-02-14,0,0,margin,10,19058.92189733553,18972.4407624602,19318.365301961534,0.0,0.0,0.0,0.0,0,9,LP+MILP
rolling_scenario_mean14,development,2025-02-14,6,1,point,11,14914.46768793668,14800.996642647424,15254.88082380445,533.487141257778,2.8421709430404007e-13,173.2548698087808,226.87582719288497,1,9,MILP
rolling_scenario_mean14,development,2025-02-14,12,2,point,11,13613.046133694465,13504.479304812974,13938.746620338934,21.533437935557124,22.94024629629783,15.650725952576856,20.222340861793448,1,9,MILP
rolling_scenario_mean14,development,2025-02-14,18,3,point,11,11172.77948306088,11071.08330880474,11477.8680058293,102.86208388888616,4.547473508864641e-13,51.64705232060999,58.27100315846898,1,9,LP
rolling_scenario_mean14,development,2025-02-15,0,0,margin,10,19769.642003802604,19694.62551208232,19994.691478963465,0.0,0.0,0.0,0.0,0,9,LP+MILP
rolling_scenario_mean14,development,2025-02-15,6,1,margin,11,14543.585654558785,14444.0138164926,14842.301168757338,2.738537222219776,708.0294095555585,234.55429816648336,302.7545923321604,1,9,MILP
rolling_scenario_mean14,development,2025-02-15,12,2,point,11,14018.81412388463,13902.63573952523,14367.349276962825,19.196341037783533,2.2737367544323206e-13,5.489193719754358,7.360494179134016,1,9,MILP
rolling_scenario_mean14,development,2025-02-15,18,3,keep_previous,11,11155.143339951503,11062.144689763625,11434.139290515135,0.0,0.0,0.0,0.0,0,9,LP
rolling_scenario_mean14,development,2025-02-16,0,0,margin,10,57236.89082303047,56609.72523206938,59118.387595913744,0.0,0.0,0.0,0.0,0,9,LP
rolling_scenario_mean14,development,2025-02-16,6,1,margin,11,46495.89260059189,46410.49854922053,46752.07475470598,0.41799255555611126,6049.872789227713,2562.6365755306906,2366.6681490635992,1,9,LP
rolling_scenario_mean14,development,2025-02-16,12,2,margin,11,30953.38974014195,30864.86500898301,31218.963933618765,8.486938666666788,477.20010010777696,220.45826563393493,205.01991041341947,1,9,LP
rolling_scenario_mean14,development,2025-02-16,18,3,keep_previous,11,18592.313886750897,18506.212974573293,18850.616623283702,0.0,0.0,0.0,0.0,0,9,LP
rolling_scenario_mean14,development,2025-02-17,0,0,margin,10,55776.89403746202,55711.31521602176,55973.630501782805,0.0,0.0,0.0,0.0,0,9,LP
rolling_scenario_mean14,development,2025-02-17,6,1,margin,11,46075.23563344455,46001.818095945346,46295.48824594217,220.41672044888935,6589.113662610425,2664.29864829889,2546.7647608739503,1,9,LP
rolling_scenario_mean14,development,2025-02-17,12,2,margin,11,31701.45719933865,31624.022658788555,31933.760820988933,0.0,3796.934040303488,1368.5529817879965,1282.6670899660521,1,9,LP
rolling_scenario_mean14,development,2025-02-17,18,3,keep_previous,11,18612.771763963192,18535.391941282658,18844.911232004793,0.0,0.0,0.0,0.0,0,9,LP
rolling_scenario_mean14,development,2025-02-18,0,0,margin,10,49676.68815738562,49372.365478092586,50589.656195264746,0.0,0.0,0.0,0.0,0,9,LP
rolling_scenario_mean14,development,2025-02-18,6,1,residual_5,11,43076.17076541493,42894.66298479448,43620.69410727627,1150.1265469666705,218.94335534156477,381.42924125258696,360.6621938488709,1,9,LP
rolling_scenario_mean14,development,2025-02-18,12,2,point,11,31419.144858839023,31248.172508886757,31932.061908695818,187.21758773662606,1726.559658022704,611.8134372743925,553.1655613725268,1,9,LP
rolling_scenario_mean14,development,2025-02-18,18,3,point,11,18566.206800275442,18496.140782304356,18776.404854188702,233.09407251663004,0.0,147.6085773532708,139.2224720920454,1,9,LP
rolling_scenario_mean14,development,2025-02-19,0,0,margin,10,49816.45064120613,49763.62771232441,49974.91942785131,0.0,0.0,0.0,0.0,0,9,LP
rolling_scenario_mean14,development,2025-02-19,6,1,keep_previous,11,42367.43812844127,42291.494709766186,42595.2683844665,0.0,0.0,0.0,0.0,0,9,LP
rolling_scenario_mean14,development,2025-02-19,12,2,point,11,31600.943004997178,31343.54020172423,32373.151414816013,31.501802591222372,30.56188533333352,19.33041012799486,18.332863525746546,1,9,LP
rolling_scenario_mean14,development,2025-02-19,18,3,margin,10,18422.726988636525,18353.825502780233,18629.431446205406,0.0,0.0,0.0,0.0,0,9,LP
rolling_scenario_mean14,development,2025-02-20,0,0,margin,10,51640.238988703,51588.17411158336,51796.433620061944,0.0,0.0,0.0,0.0,0,9,LP
rolling_scenario_mean14,development,2025-02-20,6,1,margin,11,44843.62109638998,44756.04461653927,45106.35053594212,1074.3456468504855,2434.5796481355546,1410.539752231799,1305.711476285243,1,9,LP
rolling_scenario_mean14,development,2025-02-20,12,2,margin,11,31162.926418450148,31097.257944440487,31359.93184047913,0.4647162222221368,2568.760740294929,993.3918636864366,948.2584104403873,1,9,LP
rolling_scenario_mean14,development,2025-02-20,18,3,margin,10,18448.051650357404,18381.82185712011,18646.741030069286,0.0,0.0,0.0,0.0,0,9,LP
rolling_scenario_mean14,development,2025-02-21,0,0,margin,10,17919.864000331694,17866.805779477567,18079.03866289408,0.0,0.0,0.0,0.0,0,9,MILP
rolling_scenario_mean14,development,2025-02-21,6,1,keep_previous,11,12669.13902595016,12604.713029478398,12862.417015365445,0.0,0.0,0.0,0.0,0,9,MILP
rolling_scenario_mean14,development,2025-02-21,12,2,keep_previous,11,13496.158054453637,13445.448550233363,13648.28656711446,0.0,0.0,0.0,0.0,0,9,MILP
rolling_scenario_mean14,development,2025-02-21,18,3,residual_6,11,11095.973820087918,11029.86708965026,11294.294011400889,12.168718916665114,11.335807333333548,6.49280005343401,7.774242170323646,1,9,LP
rolling_scenario_mean14,development,2025-02-22,0,0,margin,10,18251.173788398515,18208.27376912593,18379.873846216262,0.0,0.0,0.0,0.0,0,9,MILP
rolling_scenario_mean14,development,2025-02-22,6,1,keep_previous,11,12770.715495331151,12704.145152886773,12970.426522664286,0.0,0.0,0.0,0.0,0,9,MILP
rolling_scenario_mean14,development,2025-02-22,12,2,margin,11,13117.468092711,13063.99603933522,13277.884252838343,47.151353655558125,291.9022008847742,92.86239327836259,126.2507783115617,1,9,MILP
rolling_scenario_mean14,development,2025-02-22,18,3,keep_previous,11,11165.615437010694,11105.086442785447,11347.202419686435,0.0,0.0,0.0,0.0,0,9,LP
rolling_scenario_mean14,development,2025-02-23,0,0,margin,10,50689.70529665818,50586.95490904005,50997.9564595126,0.0,0.0,0.0,0.0,0,9,LP
rolling_scenario_mean14,development,2025-02-23,6,1,keep_previous,11,43781.73371995378,43499.859663832336,44627.35588831812,0.0,0.0,0.0,0.0,0,9,LP
rolling_scenario_mean14,development,2025-02-23,12,2,margin,11,31007.20627877104,30952.640503844053,31170.903603551997,8.439772263333225,3536.329617796706,1463.623814236419,1320.339458752168,1,9,LP
rolling_scenario_mean14,development,2025-02-23,18,3,margin,10,18377.89033646021,18320.980158780912,18548.620869498092,0.0,0.0,0.0,0.0,0,9,LP
rolling_scenario_mean14,development,2025-02-24,0,0,margin,10,48840.558842949824,48726.02845281732,49184.150013347324,0.0,0.0,0.0,0.0,0,9,LP+MILP
rolling_scenario_mean14,development,2025-02-24,6,1,residual_3,11,41356.50285724747,41296.50599585837,41536.49344141476,70.62721011111114,316.88438934704755,190.24528332587204,178.61331766754714,1,9,LP
rolling_scenario_mean14,development,2025-02-24,12,2,margin,11,31239.92543843326,31188.07634902939,31395.472706644865,245.4836232359362,3125.227184942387,1250.3335714041239,1157.4703987561936,1,9,LP
rolling_scenario_mean14,development,2025-02-24,18,3,margin,10,18449.022730981047,18395.427094613762,18609.809640082898,0.0,0.0,0.0,0.0,0,9,LP
rolling_scenario_mean14,development,2025-02-25,0,0,margin,10,50462.318901984865,50377.578483840196,50716.54015641887,0.0,0.0,0.0,0.0,0,9,LP
rolling_scenario_mean14,development,2025-02-25,6,1,margin,11,41773.16814775867,41685.63250304374,42035.77508190346,211.19982522222358,3749.77762375111,1599.429893513934,1564.6068398901584,1,9,LP
rolling_scenario_mean14,development,2025-02-25,12,2,margin,11,30307.06798861392,30258.40385867055,30453.060378444017,12.433439333333354,4829.843928888887,1647.894413663825,1565.912549153474,1,9,LP
rolling_scenario_mean14,development,2025-02-25,18,3,margin,10,18359.224816198468,18309.919874810897,18507.139640361172,0.0,0.0,0.0,0.0,0,9,LP
rolling_scenario_mean14,development,2025-02-26,0,0,margin,10,45332.51822491882,45248.99124178135,45583.099174331255,0.0,0.0,0.0,0.0,0,9,LP
rolling_scenario_mean14,development,2025-02-26,6,1,keep_previous,11,38474.03939714515,38037.22864704812,39784.471647436236,0.0,0.0,0.0,0.0,0,9,LP
rolling_scenario_mean14,development,2025-02-26,12,2,point,11,30760.71631741052,30459.540566069267,31664.243571434272,861.8866387860114,198.36065333333295,367.4382056681393,333.12073678360974,1,9,LP
rolling_scenario_mean14,development,2025-02-26,18,3,keep_previous,11,18548.197151146698,18502.403698376103,18685.577509458475,0.0,0.0,0.0,0.0,0,9,LP
rolling_scenario_mean14,development,2025-02-27,0,0,margin,10,46783.61708207754,46584.96670329412,47379.56821842779,0.0,0.0,0.0,0.0,0,9,LP
rolling_scenario_mean14,development,2025-02-27,6,1,margin,11,39274.08787809735,39194.54507633084,39512.716283396876,661.0406821915866,1577.577781444445,708.2053703153783,694.0046215492082,1,9,LP
rolling_scenario_mean14,development,2025-02-27,12,2,margin,11,29161.987944890876,29121.000411456673,29284.950545193486,46.76914921444609,278.9117549300279,110.04323694119567,107.6295742832435,1,9,LP
rolling_scenario_mean14,development,2025-02-27,18,3,margin,10,18437.83346749111,18396.06494609767,18563.139031671428,0.0,0.0,0.0,0.0,0,9,LP
rolling_scenario_mean14,development,2025-02-28,0,0,margin,10,17584.507350542728,17552.299658829434,17681.13042568261,0.0,0.0,0.0,0.0,0,9,MILP
rolling_scenario_mean14,development,2025-02-28,6,1,margin,11,11661.620456109587,11625.946846463537,11768.641285047735,6.821210263296962e-13,519.3110648888864,173.40818905559405,236.30694436150415,1,9,MILP
rolling_scenario_mean14,development,2025-02-28,12,2,keep_previous,11,13713.743167555793,13667.221338578536,13853.308654487566,0.0,0.0,0.0,0.0,0,9,MILP
rolling_scenario_mean14,development,2025-02-28,18,3,keep_previous,11,11026.311607165791,10981.918601429286,11159.490624375308,0.0,0.0,0.0,0.0,0,9,LP
rolling_scenario_mean14,development,2025-03-01,0,0,margin,10,19833.408372499904,19809.14313046543,19906.204098603324,0.0,0.0,0.0,0.0,0,9,LP+MILP
rolling_scenario_mean14,development,2025-03-01,6,1,margin,11,14743.187669127077,14713.171998037911,14833.234682394574,2.6716406864579767e-12,1065.0260126721519,228.25477699661047,338.79527331179463,1,9,MILP
rolling_scenario_mean14,development,2025-03-01,12,2,margin,11,15072.456748464307,15042.731254178107,15161.633231322907,5.534836666667275,89.28872466666809,32.370785111362004,43.12807547694499,1,9,LP
rolling_scenario_mean14,development,2025-03-01,18,3,keep_previous,11,11132.992406670674,11094.488115712666,11248.505279544697,0.0,0.0,0.0,0.0,0,9,LP
rolling_scenario_mean14,development,2025-03-02,0,0,margin,10,52122.22643644516,51922.96113637722,52720.02233664899,0.0,0.0,0.0,0.0,0,9,LP
rolling_scenario_mean14,development,2025-03-02,6,1,margin,11,45823.605870645726,45761.46455514134,46010.029817158895,1307.1502944238687,1373.3163384033355,1244.8254462519271,1142.8853954793647,1,9,LP
rolling_scenario_mean14,development,2025-03-02,12,2,margin,11,34202.346211161755,34171.81202782554,34293.94876117041,77.35839533333456,3621.950715549861,1374.1995847298435,1123.862819132214,1,9,LP
rolling_scenario_mean14,development,2025-03-02,18,3,margin,10,18389.10204054471,18357.548000947754,18483.764159335573,0.0,0.0,0.0,0.0,0,9,LP
rolling_scenario_mean14,development,2025-03-03,0,0,margin,10,53822.905267155715,53422.01985601986,55025.56150056328,0.0,0.0,0.0,0.0,0,9,LP
rolling_scenario_mean14,development,2025-03-03,6,1,margin,11,45134.79824243198,45067.63581068401,45336.28553767587,1124.1485381111106,7041.985284307275,3307.7614709285053,2898.8577361953776,1,9,LP
rolling_scenario_mean14,development,2025-03-03,12,2,margin,11,31457.251598544004,31426.3837238913,31549.855222502116,3.561497444443944,918.782365965701,362.12260892865294,314.51093239704244,1,9,LP
rolling_scenario_mean14,development,2025-03-03,18,3,margin,10,18465.991279915892,18434.568224744224,18560.260445430897,0.0,0.0,0.0,0.0,0,9,LP
rolling_scenario_mean14,development,2025-03-04,0,0,margin,10,47493.25231539924,47235.10250896975,48267.7017346877,0.0,0.0,0.0,0.0,0,9,LP
rolling_scenario_mean14,development,2025-03-04,6,1,keep_previous,11,40692.721804469256,40309.294470179695,41843.003807337926,0.0,0.0,0.0,0.0,0,9,LP
rolling_scenario_mean14,development,2025-03-04,12,2,margin,11,30014.039636733858,29985.804749460676,30098.7442985534,2.8912296666663906,1670.3730940137116,602.5257214529101,528.1400410708518,1,9,LP
rolling_scenario_mean14,development,2025-03-04,18,3,margin,10,18418.705891865488,18390.452357822636,18503.466493994034,0.0,0.0,0.0,0.0,0,9,LP
rolling_scenario_mean14,development,2025-03-05,0,0,margin,10,49737.12842431773,49507.82191409102,50425.047954997855,0.0,0.0,0.0,0.0,0,9,LP
rolling_scenario_mean14,development,2025-03-05,6,1,margin,11,41113.30867901379,41064.134439624824,41260.83139718068,195.04642733333378,3492.861069501582,1439.0310229042927,1334.2970779678808,1,9,LP
rolling_scenario_mean14,development,2025-03-05,12,2,margin,11,30507.898401375154,30471.646809075013,30616.65317827558,0.0,4925.151307318243,1712.3789559572583,1553.2344422517313,1,9,LP
rolling_scenario_mean14,development,2025-03-05,18,3,keep_previous,11,18669.414548494613,18646.5712862969,18737.944335087755,0.0,0.0,0.0,0.0,0,9,LP
rolling_scenario_mean14,development,2025-03-06,0,0,margin,10,46160.08798059637,45994.92517138852,46655.57640821994,0.0,0.0,0.0,0.0,0,9,LP
rolling_scenario_mean14,development,2025-03-06,6,1,margin,11,38775.68048571019,38739.79274501651,38883.34370779123,400.89641373889015,1270.8489097407482,675.2022340219964,612.9531213709213,1,9,LP
rolling_scenario_mean14,development,2025-03-06,12,2,margin,11,30680.503456703038,30648.012981611144,30777.974881978727,51.577168333333134,2160.143566337444,654.1734344694718,606.7459902217762,1,9,LP
rolling_scenario_mean14,development,2025-03-06,18,3,keep_previous,11,18727.693843397963,18705.41253208431,18794.537777338926,0.0,0.0,0.0,0.0,0,9,LP
rolling_scenario_mean14,development,2025-03-07,0,0,margin,10,18270.383975589233,17888.870819665386,19414.923443360778,0.0,0.0,0.0,0.0,0,9,MILP
rolling_scenario_mean14,development,2025-03-07,6,1,margin,11,12378.78036486555,12343.590872427834,12484.3488421787,5.684341886080802e-14,1072.0462596941006,322.65357937722877,429.61793229434244,1,9,MILP
rolling_scenario_mean14,development,2025-03-07,12,2,margin,11,14723.400412270814,14689.583895847392,14824.849961541076,3.288842888889235,94.5612168888913,32.52026554685105,43.13034296594378,1,9,LP
rolling_scenario_mean14,development,2025-03-07,18,3,keep_previous,11,11065.469723544627,11048.771927057449,11115.563113006165,0.0,0.0,0.0,0.0,0,9,LP
rolling_scenario_mean14,development,2025-03-08,0,0,margin,10,16722.570096461932,16369.970902304256,17780.367678934952,0.0,0.0,0.0,0.0,0,9,MILP
rolling_scenario_mean14,development,2025-03-08,6,1,margin,11,10868.087797329506,10835.834263407241,10964.8483990963,1.1368683772161603e-13,32.195231936902246,11.222654510221288,15.505687388833376,1,9,MILP
rolling_scenario_mean14,development,2025-03-08,12,2,keep_previous,11,14521.967801072995,14492.044681692509,14611.737159214452,0.0,0.0,0.0,0.0,0,9,LP
rolling_scenario_mean14,development,2025-03-08,18,3,keep_previous,11,11123.033498210218,11109.683980770078,11163.082050530636,0.0,0.0,0.0,0.0,0,9,LP
rolling_scenario_mean14,development,2025-03-09,0,0,margin,10,46913.55935628215,46416.84421078427,48403.704792775796,0.0,0.0,0.0,0.0,0,9,LP
rolling_scenario_mean14,development,2025-03-09,6,1,margin,11,36840.83981314288,36826.98740965206,36882.39702361534,0.0,7557.581935900547,2541.6062288933454,2418.809530945669,1,9,LP
rolling_scenario_mean14,development,2025-03-09,12,2,margin,11,28863.422551711617,28850.38371222052,28902.539070184917,1584.3497356107573,1424.7821063840868,933.847002736496,916.2213950598507,1,9,LP+MILP
rolling_scenario_mean14,development,2025-03-09,18,3,margin,10,18373.15060745015,18359.959137994134,18412.72501581819,0.0,0.0,0.0,0.0,0,9,LP
rolling_scenario_mean14,development,2025-03-10,0,0,margin,10,44506.9856413277,44013.203505965386,45988.33204741463,0.0,0.0,0.0,0.0,0,9,LP
rolling_scenario_mean14,development,2025-03-10,6,1,margin,11,38360.17006659668,38338.14467079134,38426.24625401267,1255.81448528978,36.794494222222056,513.7534288993545,497.68404981569813,1,9,LP
rolling_scenario_mean14,development,2025-03-10,12,2,margin,11,29345.023529304177,29326.112998143246,29401.755122786974,5.481202192222895,1067.3306743676217,401.51522335290707,331.30364858478674,1,9,LP
rolling_scenario_mean14,development,2025-03-10,18,3,margin,10,18432.847739182835,18412.001766233712,18495.38565803021,0.0,0.0,0.0,0.0,0,9,LP
rolling_scenario_mean14,development,2025-03-11,0,0,margin,10,39606.22056836351,39161.5039389027,40940.370456745935,0.0,0.0,0.0,0.0,0,9,LP+MILP
rolling_scenario_mean14,development,2025-03-11,6,1,residual_6,11,40903.05308021206,39967.929550067805,43708.42367064484,8004.462849079886,248.22855424691375,2693.237325910461,2407.1052171383462,1,9,LP
rolling_scenario_mean14,development,2025-03-11,12,2,margin,11,29736.561203618592,29709.751294910693,29816.990929742282,248.22855424691397,2763.795868538041,1193.1663725750632,1073.5569414316426,1,9,LP
rolling_scenario_mean14,development,2025-03-11,18,3,margin,10,18401.949689437755,18373.871444840144,18486.184423230592,0.0,2.2737367544323206e-13,1.1099245966761372e-13,1.0878287477161004e-13,0,9,LP
rolling_scenario_mean14,development,2025-03-12,0,0,residual_7,10,48217.67087416292,47840.42071507804,49349.42135141756,0.0,0.0,0.0,0.0,0,9,LP
rolling_scenario_mean14,development,2025-03-12,6,1,margin,11,37466.8152826165,37253.82008201629,38105.800884417156,776.8505338600012,10992.125900430512,4101.500215664586,3886.9646591620676,1,9,LP
rolling_scenario_mean14,development,2025-03-12,12,2,margin,11,28930.24688663295,28902.315216369214,29014.04189742417,1155.9065150285176,869.1623721714641,709.7951006700916,648.8163854809242,1,9,LP
rolling_scenario_mean14,development,2025-03-12,18,3,margin,10,18447.48271902436,18417.587721108095,18537.167712773145,0.0,1.1368683772161603e-13,5.250626600172836e-14,5.097839610763393e-14,0,9,LP
rolling_scenario_mean14,development,2025-03-13,0,0,residual_6,10,48374.6592600716,47834.51984951,49995.07749175642,0.0,0.0,0.0,0.0,0,9,LP
rolling_scenario_mean14,development,2025-03-13,6,1,margin,11,41822.63723010446,41399.90404800332,43090.83677640787,2535.1323514867827,3826.691065934449,2567.7985087967304,2275.199925797816,1,9,LP
rolling_scenario_mean14,development,2025-03-13,12,2,margin,11,30166.68424794581,30132.666058845403,30268.738815247027,1.1368683772161603e-13,2570.3438861207096,942.6071213464379,831.9019442836056,1,9,LP
rolling_scenario_mean14,development,2025-03-13,18,3,margin,10,18333.139437178204,18296.815110807078,18442.11241629158,0.0,1.1368683772161603e-13,5.189804141991772e-14,5.1440451898088215e-14,0,9,LP
rolling_scenario_mean14,development,2025-03-14,0,0,margin,10,15510.827673681333,15458.14501547754,15668.875648292715,0.0,0.0,0.0,0.0,0,9,MILP
rolling_scenario_mean14,development,2025-03-14,6,1,margin,11,11637.075293997546,11582.375242718072,11801.175447835967,1028.2076696666704,1.1368683772161603e-13,334.5582047999292,433.95667079850654,1,9,MILP
rolling_scenario_mean14,development,2025-03-14,12,2,margin,11,14671.286215255612,14610.72279194162,14852.976485197589,0.0,618.3738718888887,196.3131487059057,253.3436860324648,1,9,LP
rolling_scenario_mean14,development,2025-03-14,18,3,keep_previous,11,11099.471535591983,11038.46901713226,11282.479090971152,0.0,0.0,0.0,0.0,0,9,LP
rolling_scenario_mean14,development,2025-03-15,0,0,margin,10,15307.628114302215,15254.168675106726,15468.006431888683,0.0,0.0,0.0,0.0,0,9,LP+MILP
rolling_scenario_mean14,development,2025-03-15,6,1,margin,11,11261.254676031796,11203.6968251779,11433.928228593484,1081.6733723333318,5.684341886080802e-14,335.4448482250109,461.79293534762576,1,9,MILP
rolling_scenario_mean14,development,2025-03-15,12,2,margin,11,13354.62619364243,13291.592202518294,13543.728167014842,7.389644451905042e-13,623.8742347777812,185.22126768034653,258.3596745570301,1,9,MILP
rolling_scenario_mean14,development,2025-03-15,18,3,keep_previous,11,11173.124325242625,11111.01763609146,11359.44439269612,0.0,0.0,0.0,0.0,0,9,LP
rolling_scenario_mean14,development,2025-03-16,0,0,residual_3,10,47017.33305834052,46373.60201427927,48948.526190524266,0.0,0.0,0.0,0.0,0,9,LP
rolling_scenario_mean14,development,2025-03-16,6,1,margin,11,39398.21946916538,39071.878913926,40377.241134883516,1592.75285292667,777.8198675666629,955.6776601973497,906.3604378038415,1,9,LP
rolling_scenario_mean14,development,2025-03-16,12,2,margin,11,30490.339865709873,30421.982490131708,30695.411992444377,0.0,4782.908057359256,1761.3999634345723,1586.8634691977538,1,9,LP
rolling_scenario_mean14,development,2025-03-16,18,3,margin,10,18554.12589905856,18482.190248323604,18769.932851263424,0.0,0.0,0.0,0.0,0,9,LP
rolling_scenario_mean14,development,2025-03-17,0,0,margin,10,43118.51638125793,41061.84279080486,49288.53715261712,0.0,0.0,0.0,0.0,0,9,LP
rolling_scenario_mean14,development,2025-03-17,6,1,margin,11,31556.54850577552,31494.03343371247,31744.093721964684,11.480173222222675,6421.206827115595,1724.2638359515165,1740.191756520144,1,9,LP+MILP
rolling_scenario_mean14,development,2025-03-17,12,2,residual_1,11,26763.359886232305,26597.849976429847,27259.889615639673,267.3764662488573,326.73562892181144,176.06835978911,170.73785243157016,1,9,LP
rolling_scenario_mean14,development,2025-03-17,18,3,margin,11,19109.13604460603,19038.40199876642,19321.338182124862,731.8975471273636,0.0,347.76403287350144,344.3871216621972,1,9,LP
rolling_scenario_mean14,development,2025-03-18,0,0,margin,10,49334.21766472921,47470.40434138835,54925.6576347518,0.0,0.0,0.0,0.0,0,9,LP
rolling_scenario_mean14,development,2025-03-18,6,1,margin,11,39163.24106020299,38812.89782139638,40214.27077662283,561.4160863633334,5258.6130712880195,2175.400562074492,2033.602608174853,1,9,LP
rolling_scenario_mean14,development,2025-03-18,12,2,margin,11,28779.072196500263,28708.93464289796,28989.484857307172,0.0,5470.401898360595,1734.1705267318814,1617.9929190375692,1,9,LP+MILP
rolling_scenario_mean14,development,2025-03-18,18,3,keep_previous,11,18750.376909728162,18673.50190201662,18981.001932862786,0.0,0.0,0.0,0.0,0,9,LP
rolling_scenario_mean14,development,2025-03-19,0,0,margin,10,40746.89971934675,38744.56356785704,46753.9081738159,0.0,0.0,0.0,0.0,0,9,LP+MILP
rolling_scenario_mean14,development,2025-03-19,6,1,margin,11,36979.497893528714,36453.14801423747,38558.547531402444,5410.92204371056,0.0,1774.5036127948667,1706.3586820201058,1,9,LP
rolling_scenario_mean14,development,2025-03-19,12,2,margin,11,28002.444895771332,27929.756217981758,28220.51092914005,0.0,2894.1840856213953,1015.3467619750162,960.4818421902573,1,9,LP
rolling_scenario_mean14,development,2025-03-19,18,3,keep_previous,11,18877.813471171394,18798.45342752755,19115.893602102922,0.0,0.0,0.0,0.0,0,9,LP
rolling_scenario_mean14,development,2025-03-20,0,0,margin,10,43075.924986137325,42929.98501833578,43513.74488954196,0.0,0.0,0.0,0.0,0,9,LP
rolling_scenario_mean14,development,2025-03-20,6,1,margin,11,34542.90638184321,34330.67604512505,35179.5973919977,506.0049395555567,7251.394090700963,2753.971328398193,2538.1276849670876,1,9,LP+MILP
rolling_scenario_mean14,development,2025-03-20,12,2,residual_0,11,26818.001299120257,26645.649653651304,27335.056235527118,393.6550210109781,250.266762436213,202.91012182193953,183.76185532857508,1,9,LP
rolling_scenario_mean14,development,2025-03-20,18,3,margin,11,19552.413778331218,19468.524667843158,19804.081109795392,976.8176878795464,0.0,549.0941309957271,537.016000117855,1,9,LP
rolling_scenario_mean14,development,2025-03-21,0,0,margin,10,14898.658323006897,14811.133633777848,15161.232390694046,0.0,0.0,0.0,0.0,0,9,MILP
rolling_scenario_mean14,development,2025-03-21,6,1,margin,11,8895.869083512343,8821.36450098391,9119.382831097646,1.7053025658242404e-13,660.704855222222,208.83862984778315,285.54221566969153,1,9,MILP
rolling_scenario_mean14,development,2025-03-21,12,2,residual_0,11,13709.699075779834,13613.30192720586,13998.890521501758,215.42467454777676,255.40348815637844,136.4014588439395,174.54636844087116,1,9,LP
rolling_scenario_mean14,development,2025-03-21,18,3,margin,11,11077.889546401804,10986.791126767339,11351.184805305202,171.507533267486,0.0,32.8177614294061,41.07208109935915,1,9,LP
rolling_scenario_mean14,development,2025-03-22,0,0,margin,10,15483.086463138672,15392.500271925492,15754.84503677821,0.0,0.0,0.0,0.0,0,9,MILP
rolling_scenario_mean14,development,2025-03-22,6,1,margin,11,9922.480075580399,9846.119290263081,10151.562431532357,5.684341886080802e-14,158.63281738683105,50.5488373473596,66.45304852417729,1,9,MILP
rolling_scenario_mean14,development,2025-03-22,12,2,margin,11,14126.012626115738,14042.483627319169,14376.59962250545,0.0,280.4661843909479,92.13834941059639,121.74794377769464,1,9,LP
rolling_scenario_mean14,development,2025-03-22,18,3,keep_previous,11,11238.322533372007,11147.561708086458,11510.605009228657,0.0,0.0,0.0,0.0,0,9,LP
rolling_scenario_mean14,development,2025-03-23,0,0,margin,10,43926.424147911035,43259.62423537079,45926.82388553176,0.0,0.0,0.0,0.0,0,9,LP
rolling_scenario_mean14,development,2025-03-23,6,1,margin,11,35559.42955695901,35301.98512007299,36331.76286761707,24.47065236666765,2312.6158496707917,923.7784916868677,890.7440171310687,1,9,LP
rolling_scenario_mean14,development,2025-03-23,12,2,margin,11,27456.28519777226,27372.553041567255,27707.481666387273,0.0,4952.751884174619,1427.6043275124316,1323.9688510054511,1,9,MILP
rolling_scenario_mean14,development,2025-03-23,18,3,keep_previous,11,18770.158981923134,18658.730293964698,19104.445045798442,0.0,0.0,0.0,0.0,0,9,LP
rolling_scenario_mean14,development,2025-03-24,0,0,margin,10,41073.459406752016,40163.29023320272,43803.9669273999,0.0,0.0,0.0,0.0,0,9,LP
rolling_scenario_mean14,development,2025-03-24,6,1,margin,11,34649.01887380913,34391.429855717695,35421.78592808344,1957.0881636666686,2323.560248205761,1544.0622838304346,1459.7411206639276,1,9,LP
rolling_scenario_mean14,development,2025-03-24,12,2,margin,11,27475.370395471888,27425.557457831062,27624.80920839436,0.0,3242.34532489869,921.2735112921232,848.6578656922595,1,9,LP+MILP
rolling_scenario_mean14,development,2025-03-24,18,3,keep_previous,11,18707.48645138336,18649.702470024844,18880.8383954589,0.0,0.0,0.0,0.0,0,9,LP
rolling_scenario_mean14,development,2025-03-25,0,0,margin,10,46116.12816389601,44838.707301246,49948.390751846055,0.0,0.0,0.0,0.0,0,9,LP
rolling_scenario_mean14,development,2025-03-25,6,1,margin,11,34866.08585706985,34578.159366786065,35729.8653279212,10.404831111111775,9308.862738953365,3199.993975666457,2933.707829905029,1,9,LP
rolling_scenario_mean14,development,2025-03-25,12,2,margin,11,25839.729952744587,25788.69964343803,25992.82088066425,479.66103839780783,1157.4349169464995,459.4769918386399,416.60928704456967,1,9,LP+MILP
rolling_scenario_mean14,development,2025-03-25,18,3,keep_previous,11,18540.426338410216,18480.745955380688,18719.467487498794,0.0,0.0,0.0,0.0,0,9,LP
rolling_scenario_mean14,development,2025-03-26,0,0,margin,10,39551.63608141823,38311.2821785196,43272.697790114136,0.0,0.0,0.0,0.0,0,9,LP+MILP
rolling_scenario_mean14,development,2025-03-26,6,1,margin,11,32386.583216674844,32318.67103212494,32590.319770324553,1496.7550812149507,55.62546728120833,465.92924128126594,457.4319073967777,1,9,LP
rolling_scenario_mean14,development,2025-03-26,12,2,margin,11,27246.786042635013,27204.739233976165,27372.926468611553,5.684341886080801e-13,4407.758471535934,1272.1337001602478,1199.319005114599,1,9,MILP
rolling_scenario_mean14,development,2025-03-26,18,3,keep_previous,11,18680.711760354192,18630.86594120304,18830.249217807643,0.0,0.0,0.0,0.0,0,9,LP
rolling_scenario_mean14,development,2025-03-27,0,0,margin,10,42111.93990217037,40719.640669044864,46288.83760154689,0.0,0.0,0.0,0.0,0,9,LP
rolling_scenario_mean14,development,2025-03-27,6,1,margin,11,35195.72954261837,34934.82106197725,35978.45498454172,2089.4773706008177,2565.561955136653,1756.281090744419,1677.7588257959096,1,9,LP
rolling_scenario_mean14,development,2025-03-27,12,2,margin,11,27355.166333095287,27314.863687359135,27476.074270303736,0.0,4599.6805633923195,1569.219716560872,1479.164170193629,1,9,LP+MILP
rolling_scenario_mean14,development,2025-03-27,18,3,margin,11,18636.220546083612,18586.208096581297,18786.257894590555,9.932377816662779,0.0,6.339209223151686,6.075882422479764,1,9,LP
rolling_scenario_mean14,development,2025-03-28,0,0,margin,10,14493.56844841997,14459.01542399515,14597.227521694429,0.0,0.0,0.0,0.0,0,9,MILP
rolling_scenario_mean14,development,2025-03-28,6,1,keep_previous,11,9267.827813944617,9165.546713345617,9574.671115741621,0.0,0.0,0.0,0.0,0,9,MILP
rolling_scenario_mean14,development,2025-03-28,12,2,margin,11,13234.829130284577,13197.657334002144,13346.344519131875,0.0,39.50302658984654,13.472013686640341,18.641193371437762,1,9,LP
rolling_scenario_mean14,development,2025-03-28,18,3,keep_previous,11,11028.4992926363,10984.84398744035,11159.465208224148,0.0,0.0,0.0,0.0,0,9,LP
rolling_scenario_mean14,development,2025-03-29,0,0,margin,10,13764.20101739847,13730.700255107322,13864.70330427192,0.0,0.0,0.0,0.0,0,9,MILP
rolling_scenario_mean14,development,2025-03-29,6,1,margin,11,9075.52924981551,8982.201510069903,9355.512469052333,679.7162767777779,2.2737367544323206e-13,222.15599165260568,295.6610205535163,1,9,MILP
rolling_scenario_mean14,development,2025-03-29,12,2,margin,11,13439.879096963128,13404.431276078387,13546.222559617354,0.0,231.57587099999915,77.03769301509416,103.60411886141466,1,9,LP
rolling_scenario_mean14,development,2025-03-29,18,3,keep_previous,11,11160.318587469083,11116.571266253492,11291.560551115857,0.0,0.0,0.0,0.0,0,9,LP
rolling_scenario_mean14,development,2025-03-30,0,0,margin,10,38421.62617523488,37992.626133567384,39708.62630023737,0.0,0.0,0.0,0.0,0,9,LP
rolling_scenario_mean14,development,2025-03-30,6,1,residual_3,11,30165.680803762472,29952.663442011773,30804.732889014573,148.03855870666916,6019.462047758579,1599.1331309429702,1471.6068984123663,1,9,LP+MILP
rolling_scenario_mean14,development,2025-03-30,12,2,margin,11,24048.256501129046,24009.818560168285,24163.570324011325,151.74129349732561,1678.4602206120144,705.8016982109713,647.5412544837061,1,9,LP
rolling_scenario_mean14,development,2025-03-30,18,3,residual_3,11,18728.72229496909,18689.60944324381,18846.06085014493,265.679405212225,151.74129349732561,218.23208537979224,204.30028888643108,1,9,LP
rolling_scenario_mean14,development,2025-03-31,0,0,margin,10,34016.64830145621,33623.26258865323,35196.80543986514,0.0,0.0,0.0,0.0,0,9,LP+MILP
rolling_scenario_mean14,development,2025-03-31,6,1,residual_2,11,34933.64861464115,34620.47249391105,35873.17697683145,9303.826770769336,148.03036600000087,2919.543744327598,2513.2796680286947,1,9,LP
rolling_scenario_mean14,development,2025-03-31,12,2,margin,11,27865.576918544364,27694.35242051324,28379.250412637735,158.79822166666565,5765.811912865365,2127.9992698463984,1812.8184604711553,1,9,LP
rolling_scenario_mean14,development,2025-03-31,18,3,keep_previous,11,18386.97530466822,18346.20639946348,18509.28202028244,0.0,0.0,0.0,0.0,0,9,LP
rolling_scenario_mean14,development,2025-04-01,0,0,residual_7,10,43726.58671044864,42703.4134986024,46796.10634598734,0.0,0.0,0.0,0.0,0,9,LP
rolling_scenario_mean14,development,2025-04-01,6,1,residual_1,11,34276.53962123116,34243.34760999943,34376.11565492634,1570.9584603111148,5348.675343342865,2401.225595452336,2058.193234147202,1,9,LP
rolling_scenario_mean14,development,2025-04-01,12,2,margin,11,27507.00833977195,27470.005789637507,27618.01599017527,346.99081317999674,4525.897475419757,1688.1787042214037,1408.4914390938475,1,9,LP
rolling_scenario_mean14,development,2025-04-01,18,3,keep_previous,11,18315.194595089197,18270.345609100117,18449.74155305644,0.0,0.0,0.0,0.0,0,9,LP
rolling_scenario_mean14,development,2025-04-02,0,0,margin,10,41959.281407922776,39914.92074346373,48092.36340129991,0.0,0.0,0.0,0.0,0,9,LP
rolling_scenario_mean14,development,2025-04-02,6,1,residual_0,11,33916.939787653304,33758.70540183317,34391.642945113716,1953.5132762367762,925.1458841564252,1036.5309389340553,964.7701583935757,1,9,LP
rolling_scenario_mean14,development,2025-04-02,12,2,margin,11,25916.663224770382,25879.94355356965,26026.822238372577,148.08177192642063,3957.6963635810835,1281.1684588276062,1126.442741474477,1,9,LP
rolling_scenario_mean14,development,2025-04-02,18,3,keep_previous,11,18317.996492797054,18273.5039209239,18451.47420841652,0.0,0.0,0.0,0.0,0,9,LP
rolling_scenario_mean14,development,2025-04-03,0,0,margin,10,43509.08354742222,41378.24763510956,49901.59128436019,0.0,0.0,0.0,0.0,0,9,LP
rolling_scenario_mean14,development,2025-04-03,6,1,margin,11,31009.54878201381,30971.316439798586,31124.245808659485,0.0,7172.814731069966,2464.5219607498275,2279.1621426605557,1,9,LP
rolling_scenario_mean14,development,2025-04-03,12,2,margin,11,26118.511119190727,26096.979811774167,26183.105041440416,1165.687992864661,1865.802263555555,823.209627958132,753.7801341364357,1,9,MILP
rolling_scenario_mean14,development,2025-04-03,18,3,keep_previous,11,18356.16686059339,18334.49756198016,18421.174756433084,0.0,0.0,0.0,0.0,0,9,LP
rolling_scenario_mean14,development,2025-04-04,0,0,margin,10,13643.738609736505,13513.985763594152,14032.997148163564,0.0,0.0,0.0,0.0,0,9,MILP
rolling_scenario_mean14,development,2025-04-04,6,1,margin,11,7535.423899286996,7504.606430589363,7627.876305379894,1.9895196601282805e-13,453.1169651111145,147.46334717324555,197.99175484908727,1,9,MILP
rolling_scenario_mean14,development,2025-04-04,12,2,margin,11,12944.172788850297,12913.740277368805,13035.470323294776,544.2840638888896,4.547473508864641e-13,177.60951294727263,238.52638542858432,1,9,LP
rolling_scenario_mean14,development,2025-04-04,18,3,keep_previous,11,10955.019443468544,10933.939296057288,11018.259885702311,0.0,0.0,0.0,0.0,0,9,LP
rolling_scenario_mean14,development,2025-04-05,0,0,margin,10,13370.377527397504,13241.086079908344,13758.251869864984,0.0,0.0,0.0,0.0,0,9,MILP
rolling_scenario_mean14,development,2025-04-05,6,1,keep_previous,11,7263.319865183077,7227.061586057809,7372.094702558883,0.0,0.0,0.0,0.0,0,9,MILP
rolling_scenario_mean14,development,2025-04-05,12,2,keep_previous,11,12659.823409407314,12617.537168730138,12786.682131438843,0.0,0.0,0.0,0.0,0,9,LP
rolling_scenario_mean14,development,2025-04-05,18,3,keep_previous,11,11125.7871940484,11100.569621426666,11201.439911913605,0.0,0.0,0.0,0.0,0,9,LP
rolling_scenario_mean14,development,2025-04-06,0,0,residual_7,10,39723.42996594068,38201.48116859234,44289.27635798569,0.0,0.0,0.0,0.0,0,9,LP
rolling_scenario_mean14,development,2025-04-06,6,1,residual_7,11,29526.240894982584,29413.177823990194,29865.430107959757,274.455733333332,5766.68816288752,1841.6966830583501,1634.5172104064293,1,9,LP+MILP
rolling_scenario_mean14,development,2025-04-06,12,2,residual_7,11,25639.576731826062,25436.32229635022,26249.340038253584,890.037619650212,102.97544444444395,357.2529557205985,329.89200069422134,1,9,LP
rolling_scenario_mean14,development,2025-04-06,18,3,keep_previous,11,18472.538639562033,18368.90662070179,18783.43469614277,0.0,0.0,0.0,0.0,0,9,LP
rolling_scenario_mean14,development,2025-04-07,0,0,residual_6,10,35276.80647100239,33765.836694529615,39809.71580042071,0.0,0.0,0.0,0.0,0,9,LP+MILP
rolling_scenario_mean14,development,2025-04-07,6,1,residual_6,11,29118.077911814184,28994.533732961234,29488.71044837303,3240.597665555556,0.0,1056.0108662618231,935.0899200541198,1,9,LP+MILP
rolling_scenario_mean14,development,2025-04-07,12,2,residual_6,11,25976.055003279565,25772.00064913762,26588.218065705412,0.0,1641.106482352543,555.1828778480256,498.3417546019949,1,9,LP
rolling_scenario_mean14,development,2025-04-07,18,3,residual_3,11,18450.21715837382,18421.235783346103,18537.161283456975,97.20610156666737,131.9932918106997,83.45770444815258,81.03223623268046,1,9,LP
rolling_scenario_mean14,development,2025-04-08,0,0,margin,10,40364.82659811344,39316.423222047415,43510.03672631151,0.0,0.0,0.0,0.0,0,9,LP
rolling_scenario_mean14,development,2025-04-08,6,1,residual_5,11,31252.8498447925,30823.66277910424,32540.411041857278,105.87137065555021,6454.085378120711,1946.6838634991384,1833.7293668024913,1,9,LP+MILP
rolling_scenario_mean14,development,2025-04-08,12,2,residual_5,11,24707.35167402807,24507.127346051522,25308.024657957707,0.0,1547.9875836020597,532.4420699177665,487.59116411309435,1,9,LP+MILP
rolling_scenario_mean14,development,2025-04-08,18,3,keep_previous,11,18328.990184311373,18294.44159345736,18432.63595687341,0.0,0.0,0.0,0.0,0,9,LP
rolling_scenario_mean14,development,2025-04-09,0,0,residual_4,10,37643.80482394213,37405.12653688326,38359.83968511876,0.0,0.0,0.0,0.0,0,9,LP+MILP
rolling_scenario_mean14,development,2025-04-09,6,1,residual_4,11,32335.042825940065,32055.99248678994,33172.19384339044,2108.198729183808,502.90058333333354,739.4062205000839,580.5794671012852,1,9,LP
rolling_scenario_mean14,development,2025-04-09,12,2,residual_4,11,26928.38129487822,26710.60710943356,27581.7038512122,8.738541666665242,1326.4713309945082,500.5252443301579,435.17409742776226,1,9,LP
rolling_scenario_mean14,development,2025-04-09,18,3,residual_7,11,18475.570347633282,18421.802919175083,18636.87263300788,242.3668902333328,0.0,103.4838031323005,102.91149673480695,1,9,LP
rolling_scenario_mean14,development,2025-04-10,0,0,residual_3,10,37668.25823165473,37155.13142544771,39207.63865027578,0.0,0.0,0.0,0.0,0,9,LP+MILP
rolling_scenario_mean14,development,2025-04-10,6,1,residual_3,11,31072.048508021908,30872.532089561882,31670.59776340198,1718.4552681001346,59.41650000000027,350.71189099500884,341.8754817831789,1,9,LP
rolling_scenario_mean14,development,2025-04-10,12,2,residual_3,11,26156.944204702413,25943.66591257619,26796.779081081073,0.0,4135.756433155005,1477.6851527795484,1318.2210937443438,1,9,LP+MILP
rolling_scenario_mean14,development,2025-04-10,18,3,residual_6,11,18632.588863181565,18584.689030152822,18776.28836226779,377.78473735555576,0.0,197.77287303354603,185.03212540223427,1,9,LP
rolling_scenario_mean14,development,2025-04-11,0,0,margin,10,12489.17723871448,12437.247450020715,12644.96660479577,0.0,0.0,0.0,0.0,0,9,MILP
rolling_scenario_mean14,development,2025-04-11,6,1,residual_2,11,6868.996761092984,6826.582042218504,6996.240917716425,235.71692999999703,242.30074105349644,124.8279407773276,163.9796764241952,1,9,MILP
rolling_scenario_mean14,development,2025-04-11,12,2,residual_5,11,12216.473945922291,12157.444901900479,12393.561077987724,0.0,306.6664026118528,94.19794091375037,130.00092959619104,1,9,LP
rolling_scenario_mean14,development,2025-04-11,18,3,residual_5,11,11072.16655752636,11020.719060608391,11226.509048280264,193.51580834999714,0.0,56.709699060324375,67.76087138987494,1,9,LP
rolling_scenario_mean14,development,2025-04-12,0,0,margin,10,14113.828753557938,14009.115733980841,14427.967812289227,0.0,0.0,0.0,0.0,0,9,MILP
rolling_scenario_mean14,development,2025-04-12,6,1,margin,11,7684.356885857359,7643.685749307175,7806.370295507911,2.8421709430404007e-13,1296.9004051111128,380.09810315267856,525.7216458808554,1,9,MILP
rolling_scenario_mean14,development,2025-04-12,12,2,keep_previous,11,12628.249226759868,12476.9716160245,13082.082058965974,0.0,0.0,0.0,0.0,0,9,LP
rolling_scenario_mean14,development,2025-04-12,18,3,keep_previous,11,11162.131209771334,11114.907489677196,11303.802370053745,0.0,0.0,0.0,0.0,0,9,LP
rolling_scenario_mean14,development,2025-04-13,0,0,residual_6,10,36933.77699797495,36218.840119925524,39078.58763212322,0.0,0.0,0.0,0.0,0,9,LP+MILP
rolling_scenario_mean14,development,2025-04-13,6,1,residual_0,11,28052.224658068753,27931.310177237887,28414.968100561353,0.6334399999999505,4131.470912846365,1327.2003743034913,1203.6546601154462,1,9,LP+MILP
rolling_scenario_mean14,development,2025-04-13,12,2,residual_0,11,24538.71179400978,24358.751331316875,25078.593182088494,912.75086716063,356.21603222222166,436.84538671596675,392.784570147073,1,9,LP
rolling_scenario_mean14,development,2025-04-13,18,3,residual_3,11,18356.84988381339,18309.852566336325,18497.84183624459,183.4093955604934,0.0,69.03973641827912,65.61323521234357,1,9,LP
rolling_scenario_mean14,development,2025-04-14,0,0,residual_5,10,39088.62199553858,38454.28965278936,40991.61902378625,0.0,0.0,0.0,0.0,0,9,LP+MILP
rolling_scenario_mean14,development,2025-04-14,6,1,residual_7,11,28019.539544972504,27891.124091438036,28404.78590557591,9.500950938892743,12801.61568572016,3840.326420768191,3509.296153856292,1,9,LP+MILP
rolling_scenario_mean14,development,2025-04-14,12,2,residual_2,11,21444.800501141726,21369.888772854807,21669.535686002484,660.3577252740035,1.1368683772161603e-13,150.29778257869216,134.50810959036858,1,9,LP
rolling_scenario_mean14,development,2025-04-14,18,3,residual_2,11,19155.714820541692,19108.73100001561,19296.666282119942,1038.790482316666,0.0,629.868390176088,629.8564235272731,1,9,LP
rolling_scenario_mean14,development,2025-04-15,0,0,residual_4,10,33086.69242780228,32875.77265666831,33719.451741204175,0.0,0.0,0.0,0.0,0,9,LP+MILP
rolling_scenario_mean14,development,2025-04-15,6,1,margin,11,29517.04368830339,28630.02260598959,32178.10693524479,2657.8318496037764,1557.12042729218,1367.2674681278427,1312.5032904191223,1,9,LP+MILP
rolling_scenario_mean14,development,2025-04-15,12,2,margin,11,25329.74349537548,25287.45452921505,25456.610393856754,3.410605131648481e-13,3084.104461348605,838.3865512000943,780.484042280676,1,9,MILP
rolling_scenario_mean14,development,2025-04-15,18,3,keep_previous,11,18291.634465658808,18243.230452351127,18436.84650558185,0.0,0.0,0.0,0.0,0,9,LP
rolling_scenario_mean14,development,2025-04-16,0,0,residual_3,10,37398.28029873689,36456.9891311956,40222.153801360764,0.0,0.0,0.0,0.0,0,9,LP
rolling_scenario_mean14,development,2025-04-16,6,1,margin,11,32251.946517078686,31266.94742015972,35206.943807835596,2572.3225013574493,3054.197400850475,2044.910050657499,1811.632467095316,1,9,LP
rolling_scenario_mean14,development,2025-04-16,12,2,margin,11,25033.32052369221,24995.508196332674,25146.757505770824,9.83467666666644,3106.7155730027434,955.608998151481,773.1587908199466,1,9,LP+MILP
rolling_scenario_mean14,development,2025-04-16,18,3,keep_previous,11,18375.197902389715,18329.261808473144,18513.006184139424,0.0,0.0,0.0,0.0,0,9,LP
rolling_scenario_mean14,development,2025-04-17,0,0,margin,10,34951.64099714638,33867.683152377685,38203.51453145246,0.0,0.0,0.0,0.0,0,9,LP+MILP
rolling_scenario_mean14,development,2025-04-17,6,1,residual_5,11,28838.95911972484,28633.271515166714,29456.02193339922,3653.529581890102,402.3493704197536,947.6542196294309,833.2939747761642,1,9,LP
rolling_scenario_mean14,development,2025-04-17,12,2,margin,11,24796.216192281736,24766.223919788736,24886.193009760733,361.24918390308716,3319.7426817462306,948.9571356684019,903.8402596606277,1,9,LP+MILP
rolling_scenario_mean14,development,2025-04-17,18,3,keep_previous,11,18417.67551880883,18386.492903891034,18511.223363562214,0.0,0.0,0.0,0.0,0,9,LP
rolling_scenario_mean14,development,2025-04-18,0,0,margin,10,12833.26197437757,12787.96330025333,12969.15799675029,0.0,0.0,0.0,0.0,0,9,MILP
rolling_scenario_mean14,development,2025-04-18,6,1,margin,11,6542.818994454188,6494.683900813509,6687.224275376225,1.1368683772161603e-13,326.9757001111053,108.78822812994781,147.18072227379014,1,9,MILP
rolling_scenario_mean14,development,2025-04-18,12,2,keep_previous,11,12020.965926348721,11960.240744666604,12203.141471395073,0.0,0.0,0.0,0.0,0,9,LP
rolling_scenario_mean14,development,2025-04-18,18,3,keep_previous,11,10912.065501686844,10875.102732858371,11022.953808172264,0.0,0.0,0.0,0.0,0,9,LP
rolling_scenario_mean14,development,2025-04-19,0,0,margin,10,12542.05969273488,12495.769493528138,12680.930290355107,0.0,0.0,0.0,0.0,0,9,MILP
rolling_scenario_mean14,development,2025-04-19,6,1,keep_previous,11,6523.3570595185065,6491.486496624267,6618.968748201225,0.0,0.0,0.0,0.0,0,9,MILP
rolling_scenario_mean14,development,2025-04-19,12,2,residual_0,11,12489.746199288293,12313.782336689916,13017.637787083428,223.7734007777717,98.13800498353902,94.01606333579481,126.39770344615542,1,9,LP
rolling_scenario_mean14,development,2025-04-19,18,3,keep_previous,11,11023.514363984554,10986.405908427278,11134.839730656382,0.0,0.0,0.0,0.0,0,9,LP
rolling_scenario_mean14,development,2025-04-20,0,0,margin,10,33843.00471996325,33376.92637659158,35241.23975007826,0.0,0.0,0.0,0.0,0,9,LP+MILP
rolling_scenario_mean14,development,2025-04-20,6,1,margin,11,26330.380570185247,26289.611093996235,26452.688998752285,380.2623536104156,241.0383756666679,144.42264206459336,120.3755920745443,1,9,LP+MILP
rolling_scenario_mean14,development,2025-04-20,12,2,margin,11,23764.425450603434,23731.027582659946,23864.61905443389,74.16000687222413,1117.457093270224,306.4179816570142,247.51252996377988,1,9,LP+MILP
rolling_scenario_mean14,development,2025-04-20,18,3,keep_previous,11,18170.917502547272,18132.72141104172,18285.505777063925,0.0,0.0,0.0,0.0,0,9,LP
rolling_scenario_mean14,development,2025-04-21,0,0,margin,10,34873.21330795945,34838.77394370464,34976.531400723885,0.0,0.0,0.0,0.0,0,9,LP
rolling_scenario_mean14,development,2025-04-21,6,1,margin,11,25721.01585260433,25631.113704004438,25990.722298404,5.684341886080801e-13,8750.822024611803,2241.0802696728506,2162.6866034122313,1,9,MILP
rolling_scenario_mean14,development,2025-04-21,12,2,keep_previous,11,21603.01524278902,21558.509796919618,21736.531580397233,0.0,0.0,0.0,0.0,0,9,MILP
rolling_scenario_mean14,development,2025-04-21,18,3,keep_previous,11,18016.72912231676,17978.42249913681,18131.648991856604,0.0,0.0,0.0,0.0,0,9,LP
rolling_scenario_mean14,development,2025-04-22,0,0,margin,10,32107.167718655593,31640.939316101838,33505.85292631686,0.0,0.0,0.0,0.0,0,9,LP+MILP
rolling_scenario_mean14,development,2025-04-22,6,1,margin,11,28293.550199046047,28204.7365016916,28559.99129110938,5024.515819722894,0.0,1452.5403184329573,1245.0469840538476,1,9,LP+MILP
rolling_scenario_mean14,development,2025-04-22,12,2,margin,11,24274.21940794008,24219.169864716565,24439.36803761062,6.821210263296962e-13,3882.772370864192,1075.074920978339,913.4425314009898,1,9,LP+MILP
rolling_scenario_mean14,development,2025-04-22,18,3,keep_previous,11,18210.445475654495,18147.882131353163,18398.135508558484,0.0,0.0,0.0,0.0,0,9,LP
rolling_scenario_mean14,development,2025-04-23,0,0,margin,10,30927.356687982076,30887.387172534927,31047.265234323517,0.0,0.0,0.0,0.0,0,9,LP+MILP
rolling_scenario_mean14,development,2025-04-23,6,1,margin,11,26073.99751421874,25707.99561363351,27172.003215974422,2591.811906351106,0.0,748.4717407177365,624.3254742518236,1,9,LP
rolling_scenario_mean14,development,2025-04-23,12,2,margin,11,23124.655276389072,23068.590214177893,23292.85046302261,0.0,1298.7225353271833,364.34646818611566,318.36822119014687,1,9,LP
rolling_scenario_mean14,development,2025-04-23,18,3,keep_previous,11,18152.738675353317,18088.96871231818,18344.048564458728,0.0,0.0,0.0,0.0,0,9,LP
rolling_scenario_mean14,development,2025-04-24,0,0,margin,10,32270.292935630703,32232.439151553164,32383.854287863316,0.0,0.0,0.0,0.0,0,9,LP+MILP
rolling_scenario_mean14,development,2025-04-24,6,1,margin,11,24952.491490503566,24696.286385379164,25721.10680587677,125.51153779000225,3877.5640573991836,904.9842195137622,791.4048115531893,1,9,MILP
rolling_scenario_mean14,development,2025-04-24,12,2,keep_previous,11,22618.069624246695,22459.15479617643,23094.814108457496,0.0,0.0,0.0,0.0,0,9,MILP
rolling_scenario_mean14,development,2025-04-24,18,3,keep_previous,11,18178.110836112788,18123.580723266696,18341.70117465106,0.0,0.0,0.0,0.0,0,9,LP
rolling_scenario_mean14,development,2025-04-25,0,0,margin,10,12490.720579622412,12450.505059389452,12611.367140321288,0.0,0.0,0.0,0.0,0,9,MILP
rolling_scenario_mean14,development,2025-04-25,6,1,margin,11,6497.193134837232,6429.700225308176,6699.671863424398,69.51500855555798,125.58761555556026,66.07985543630247,84.09956333678605,1,9,MILP
rolling_scenario_mean14,development,2025-04-25,12,2,margin,11,11612.679794390953,11542.248098333426,11823.974882563536,0.0,653.0817260000003,215.11767849177838,281.19734881081393,1,9,LP+MILP
rolling_scenario_mean14,development,2025-04-25,18,3,keep_previous,11,10775.591642129792,10702.869159553022,10993.759089860097,0.0,0.0,0.0,0.0,0,9,LP
rolling_scenario_mean14,development,2025-04-26,0,0,margin,10,12306.3196165643,12271.244027582921,12411.546383508436,0.0,0.0,0.0,0.0,0,9,MILP
rolling_scenario_mean14,development,2025-04-26,6,1,margin,11,6180.671693784204,6116.489142157154,6373.219348665355,4.831690603168681e-13,160.21169433333947,55.6053695267253,71.44054948850811,1,9,MILP
rolling_scenario_mean14,development,2025-04-26,12,2,keep_previous,11,11794.093051799191,11718.666359217548,12020.373129544121,0.0,0.0,0.0,0.0,0,9,LP
rolling_scenario_mean14,development,2025-04-26,18,3,keep_previous,11,10877.075660649121,10811.297011425275,11074.411608320663,0.0,0.0,0.0,0.0,0,9,LP
rolling_scenario_mean14,development,2025-04-27,0,0,margin,10,31771.956746569587,31739.263645161758,31870.036050793078,0.0,0.0,0.0,0.0,0,9,LP+MILP
rolling_scenario_mean14,development,2025-04-27,6,1,margin,11,25781.470668232025,25546.39976581734,26486.683375476074,845.190796003337,361.2251566117926,454.5579700730162,422.4264535204853,1,9,LP
rolling_scenario_mean14,development,2025-04-27,12,2,margin,11,23486.305824545714,23438.817446007866,23628.77096015926,26.137864164444636,2856.434559000003,645.0868612415967,634.6127458674669,1,9,MILP
rolling_scenario_mean14,development,2025-04-27,18,3,margin,11,18512.003647871592,18460.106985780163,18667.693634145875,412.1737210022243,4.547473508864641e-13,257.46573765464524,251.67914052415713,1,9,LP
rolling_scenario_mean14,development,2025-04-28,0,0,margin,10,37359.24642145797,37214.02198446377,37794.91973244056,0.0,0.0,0.0,0.0,0,9,LP
rolling_scenario_mean14,development,2025-04-28,6,1,margin,11,29869.676576276,29826.492926632563,29999.22752520631,76.176079000002,1084.5352478106952,390.11168799828124,319.0015491600251,1,9,LP
rolling_scenario_mean14,development,2025-04-28,12,2,margin,11,25071.314208447646,25034.059244837037,25183.079099279475,0.2624255555583659,5082.647283628261,1480.531124555932,1160.7024448231361,1,9,LP+MILP
rolling_scenario_mean14,development,2025-04-28,18,3,keep_previous,11,18122.47056195034,18079.294552914544,18251.99858905773,0.0,0.0,0.0,0.0,0,9,LP
rolling_scenario_mean14,development,2025-04-29,0,0,margin,10,32657.205193190825,32574.258204813672,32906.04615832228,0.0,0.0,0.0,0.0,0,9,LP+MILP
rolling_scenario_mean14,development,2025-04-29,6,1,margin,11,24992.28755999746,24945.78512134252,25131.79487596229,630.8857288888875,4750.663207152267,1328.9468562501984,1178.4213530170614,1,9,LP+MILP
rolling_scenario_mean14,development,2025-04-29,12,2,margin,11,23633.116864155872,23601.95069842741,23726.61536134126,25.067385593332574,1626.849979799718,309.5056789104102,290.54505713381053,1,9,MILP
rolling_scenario_mean14,development,2025-04-29,18,3,keep_previous,11,18364.85592496408,18326.6029009919,18479.61499688061,0.0,0.0,0.0,0.0,0,9,LP
rolling_scenario_mean14,development,2025-04-30,0,0,margin,10,31344.284273225556,31310.778202869962,31444.80248429234,0.0,0.0,0.0,0.0,0,9,LP+MILP
rolling_scenario_mean14,development,2025-04-30,6,1,margin,11,23363.922393428096,23299.11758654631,23558.336814073467,0.0,1848.6791775960905,609.376180048294,513.5263565165112,1,9,LP+MILP
rolling_scenario_mean14,development,2025-04-30,12,2,margin,11,21207.594781672182,21168.419059017095,21325.12194963745,34.54667399999926,1755.4276803147372,549.8067698593363,495.7251509365352,1,9,LP+MILP
rolling_scenario_mean14,development,2025-04-30,18,3,keep_previous,11,18198.93316934254,18151.880326977174,18340.09169643864,0.0,0.0,0.0,0.0,0,9,LP
rolling_scenario_mean14,validation,2025-05-01,0,0,margin,10,32209.30714096607,32178.68506917513,32301.17335633888,0.0,0.0,0.0,0.0,0,9,LP+MILP
rolling_scenario_mean14,validation,2025-05-01,6,1,margin,11,25103.484536586137,25055.619947299896,25247.078304444858,606.6650768599983,2678.7733095070735,836.6536781329787,701.8558485805947,1,9,LP+MILP
rolling_scenario_mean14,validation,2025-05-01,12,2,margin,11,23001.643832753092,22962.614100967003,23118.733028111365,3.907985046680551e-13,853.1391403831861,234.4506080393817,190.43084351628644,1,9,MILP
rolling_scenario_mean14,validation,2025-05-01,18,3,residual_3,11,18487.214975666597,18450.439799855514,18597.540503099837,186.0465668744443,260.4504130534983,212.2483492451638,197.16682206895075,1,9,LP
rolling_scenario_mean14,validation,2025-05-02,0,0,residual_7,10,14130.965538046947,13807.416087611771,15101.613889352473,0.0,0.0,0.0,0.0,0,9,MILP
rolling_scenario_mean14,validation,2025-05-02,6,1,residual_7,11,7691.8295775906245,7321.184198408087,8803.765715138237,1.1755708656846788e-12,174.74495360082287,75.81785231091578,87.42900306713238,1,9,MILP
rolling_scenario_mean14,validation,2025-05-02,12,2,residual_7,11,13162.611047745932,12755.313176236548,14384.504662274083,14.046094444446112,64.78395010288202,28.504784731585723,35.5074741191061,1,9,LP
rolling_scenario_mean14,validation,2025-05-02,18,3,residual_7,11,11571.727301072113,11149.137437239422,12839.496892570183,48.374448437035255,0.0,26.968755003647154,29.161154113168504,1,9,LP
rolling_scenario_mean14,validation,2025-05-03,0,0,residual_6,10,13473.937729977812,13212.458166304723,14258.376420997076,0.0,0.0,0.0,0.0,0,9,MILP
rolling_scenario_mean14,validation,2025-05-03,6,1,residual_6,11,6971.389683158834,6621.389839167159,8021.389215133858,1.0231815394945443e-12,342.8218749999988,113.39710773124992,146.97188584663678,1,9,MILP
rolling_scenario_mean14,validation,2025-05-03,12,2,residual_6,11,13106.404290643055,12743.942355549392,14193.790095924047,362.333083333334,1.3073986337985843e-12,123.71823915900106,158.9408956067333,1,9,LP
rolling_scenario_mean14,validation,2025-05-03,18,3,keep_previous,11,11777.20203659515,11399.706281885532,12909.689300724003,0.0,0.0,0.0,0.0,0,9,LP
rolling_scenario_mean14,validation,2025-05-04,0,0,residual_5,10,34715.799655563984,33724.818889368034,37688.74195415182,0.0,0.0,0.0,0.0,0,9,LP
rolling_scenario_mean14,validation,2025-05-04,6,1,residual_7,11,25364.73181287437,25057.34255985672,26286.89957192731,337.0199364833312,4277.04719024691,1166.9527682189075,951.2289015725265,1,9,LP+MILP
rolling_scenario_mean14,validation,2025-05-04,12,2,keep_previous,11,23499.320705291575,23203.638005315137,24386.36880522088,0.0,0.0,0.0,0.0,0,9,LP+MILP
rolling_scenario_mean14,validation,2025-05-04,18,3,residual_5,11,19614.93054177991,19291.238695995293,20586.006079133764,375.1411309157885,2.2737367544323206e-13,143.58121014983786,134.49081125302945,1,9,LP
rolling_scenario_mean14,validation,2025-05-05,0,0,margin,10,36383.14942798871,35920.48709270262,37771.13643384697,0.0,0.0,0.0,0.0,0,9,LP+MILP
rolling_scenario_mean14,validation,2025-05-05,6,1,margin,11,28705.33011895969,28293.641288103143,29940.396611529337,0.0,1110.1891432084917,572.5340845484991,511.44984546751425,1,9,LP
rolling_scenario_mean14,validation,2025-05-05,12,2,residual_7,11,25725.694589946605,25276.008356677765,27074.753289753124,400.6500755929409,2412.643534705069,880.5521512773587,779.9822497781527,1,9,MILP
rolling_scenario_mean14,validation,2025-05-05,18,3,margin,11,19805.315000134513,19480.252725477745,20780.50182410481,295.734552847405,18.44316160255198,140.6139361029901,129.2595018450668,1,9,LP
rolling_scenario_mean14,validation,2025-05-06,0,0,residual_3,10,31409.995695260408,30958.693455005065,32763.90241602644,0.0,0.0,0.0,0.0,0,9,LP+MILP
rolling_scenario_mean14,validation,2025-05-06,6,1,margin,11,28070.801135441903,27608.409272893132,29457.976723088213,6124.900346654695,5.684341886080801e-13,1704.4470337898929,1589.3901499952412,1,9,LP+MILP
rolling_scenario_mean14,validation,2025-05-06,12,2,margin,11,24613.619693628476,24392.506541919007,25276.959148756876,731.0093778722194,1826.1855829135807,666.6159245600688,622.8788403133133,1,9,MILP
rolling_scenario_mean14,validation,2025-05-06,18,3,margin,11,20021.022162579982,19806.1610949775,20665.605365387437,0.0,44.53266184087863,27.679644368475614,26.504899082777865,1,9,LP
rolling_scenario_mean14,validation,2025-05-07,0,0,residual_7,10,35151.21989781392,34697.97679396969,36510.94920934661,0.0,0.0,0.0,0.0,0,9,LP+MILP
rolling_scenario_mean14,validation,2025-05-07,6,1,residual_2,11,29615.941670965178,28845.391614870805,31927.591839248293,453.91680168662657,643.2846445747676,395.9667409273427,367.8185903213753,1,9,LP+MILP
rolling_scenario_mean14,validation,2025-05-07,12,2,residual_5,11,25705.102852935663,25462.87589296446,26431.78373284926,710.3095820809342,177.0532588814125,242.66036027348088,218.22364791858178,1,9,LP
rolling_scenario_mean14,validation,2025-05-07,18,3,keep_previous,11,20450.96572483756,20177.211300658186,21272.228997375685,0.0,0.0,0.0,0.0,0,9,LP
rolling_scenario_mean14,validation,2025-05-08,0,0,residual_6,10,37937.24133578452,37561.821990139106,39063.499372720784,0.0,0.0,0.0,0.0,0,9,LP
rolling_scenario_mean14,validation,2025-05-08,6,1,margin,11,30355.708658043033,30221.596420256938,30758.045371401327,1071.5932473066664,5745.940444864878,2198.487734715618,1810.9042087882592,1,9,LP+MILP
rolling_scenario_mean14,validation,2025-05-08,12,2,residual_4,11,26504.311111432864,26374.3513698208,26894.190336269046,354.5187144416289,1774.919201296217,537.9331200050864,451.59504165134825,1,9,LP
rolling_scenario_mean14,validation,2025-05-08,18,3,margin,11,20996.47392433101,20844.105572112174,21453.578980987513,292.69607997111154,23.396903333333285,88.66768006340882,82.13770315224855,1,9,LP
rolling_scenario_mean14,validation,2025-05-09,0,0,margin,10,14778.14575291596,14669.24653288993,15104.84341299405,0.0,0.0,0.0,0.0,0,9,MILP
rolling_scenario_mean14,validation,2025-05-09,6,1,margin,11,9595.248882241262,9489.741069984882,9911.772319010399,639.5745695555527,4.198032444444948,246.9944912539823,310.9624208007571,1,9,MILP
rolling_scenario_mean14,validation,2025-05-09,12,2,margin,11,14697.571357989113,14602.499082048307,14982.788185811525,4.952200000002051,94.76611489711789,35.0789860617888,45.799031710292354,1,9,LP
rolling_scenario_mean14,validation,2025-05-09,18,3,keep_previous,11,13055.01873634748,12952.743866998895,13361.84334439323,0.0,0.0,0.0,0.0,0,9,LP
rolling_scenario_mean14,validation,2025-05-10,0,0,residual_4,10,15347.468339913801,15128.590588851133,16004.101593101808,0.0,0.0,0.0,0.0,0,9,MILP
rolling_scenario_mean14,validation,2025-05-10,6,1,margin,11,10792.258305945039,10670.200922489807,11158.430456310736,1558.5898203533325,2.8421709430404007e-13,597.7339897063558,728.8274914742133,1,9,MILP
rolling_scenario_mean14,validation,2025-05-10,12,2,margin,11,14857.343102116456,14758.988787910976,15152.4060447329,0.0,482.6083824444424,162.5603049085214,215.24965767699777,1,9,LP
rolling_scenario_mean14,validation,2025-05-10,18,3,keep_previous,11,13107.757491678001,13004.071362646984,13418.815878771053,0.0,0.0,0.0,0.0,0,9,LP
rolling_scenario_mean14,validation,2025-05-11,0,0,residual_3,10,38030.30488311004,37339.77599835998,40101.89153736021,0.0,0.0,0.0,0.0,0,9,LP
rolling_scenario_mean14,validation,2025-05-11,6,1,margin,11,31634.419903264054,31544.510533295786,31904.148013168848,2874.610877417657,3354.627689183809,2068.5462291707954,1818.8752871618865,1,9,LP
rolling_scenario_mean14,validation,2025-05-11,12,2,residual_1,11,26947.25141908928,26788.553996473496,27423.343686936627,30.095795555556037,4094.830562430002,1146.568285593447,999.3107709410385,1,9,MILP
rolling_scenario_mean14,validation,2025-05-11,18,3,keep_previous,11,20835.97919494058,20700.899963912074,21241.2168880261,0.0,0.0,0.0,0.0,0,9,LP
rolling_scenario_mean14,validation,2025-05-12,0,0,residual_2,10,34570.29899364144,33981.947525672105,36335.35339754944,0.0,0.0,0.0,0.0,0,9,LP+MILP
rolling_scenario_mean14,validation,2025-05-12,6,1,margin,11,30857.505957853726,30759.870951940124,31150.410975594536,5801.308936370938,0.0,2105.8267426682155,1872.3025300789418,1,9,LP
rolling_scenario_mean14,validation,2025-05-12,12,2,margin,11,28240.572479590828,28119.568161362044,28603.585434277178,2.2737367544323206e-13,4061.1484326519612,1223.9600269868229,970.1770565034274,1,9,MILP
rolling_scenario_mean14,validation,2025-05-12,18,3,keep_previous,11,21027.485955773325,20900.474960714208,21408.518940950675,0.0,0.0,0.0,0.0,0,9,LP
rolling_scenario_mean14,validation,2025-05-13,0,0,margin,10,40277.95675894029,38936.22622683255,44303.14835526348,0.0,0.0,0.0,0.0,0,9,LP+MILP
rolling_scenario_mean14,validation,2025-05-13,6,1,residual_0,11,29959.655734846252,29749.991822795982,30588.647470997057,385.0194285788933,10035.242793897118,2858.9305979191918,2404.6754968293,1,9,LP+MILP
rolling_scenario_mean14,validation,2025-05-13,12,2,residual_0,11,25798.158453486765,25667.938101772197,26188.81950863047,1579.8131839506154,13.772458196164166,323.31002128406965,291.0221752210834,1,9,LP
rolling_scenario_mean14,validation,2025-05-13,18,3,residual_1,11,21087.356030602972,20941.866827058748,21523.82364123565,207.12388074658588,205.9067563209877,139.3628476517081,132.47244704801386,1,9,LP
rolling_scenario_mean14,validation,2025-05-14,0,0,margin,10,37920.66949987865,37785.05130644737,38327.52408017247,0.0,0.0,0.0,0.0,0,9,LP+MILP
rolling_scenario_mean14,validation,2025-05-14,6,1,keep_previous,11,30639.591945925516,30505.157991849985,31042.89380815212,0.0,0.0,0.0,0.0,0,9,LP
rolling_scenario_mean14,validation,2025-05-14,12,2,margin,11,27294.190097394734,27166.545045216015,27677.125253930888,1.1368683772161603e-13,5724.86797524691,1771.6802627793545,1610.3122376213591,1,9,MILP
rolling_scenario_mean14,validation,2025-05-14,18,3,keep_previous,11,21056.392343022933,20917.208864297554,21473.94277919907,0.0,0.0,0.0,0.0,0,9,LP
rolling_scenario_mean14,validation,2025-05-15,0,0,margin,10,37904.30186692283,37675.8888172252,38589.541016015755,0.0,0.0,0.0,0.0,0,9,LP+MILP
rolling_scenario_mean14,validation,2025-05-15,6,1,residual_1,11,31474.12654986002,31242.915702985614,32167.759090483232,763.5589728846221,441.4246105514404,383.77820878579496,343.1762920383775,1,9,LP
rolling_scenario_mean14,validation,2025-05-15,12,2,margin,11,28370.747786308122,28173.799086905223,28961.59388451682,223.96735955143959,4478.378748825634,1669.4043475003211,1464.2217534405606,1,9,LP+MILP
rolling_scenario_mean14,validation,2025-05-15,18,3,keep_previous,11,21552.162757529637,21331.997433455494,22212.658729752064,0.0,0.0,0.0,0.0,0,9,LP
rolling_scenario_mean14,validation,2025-05-16,0,0,residual_3,10,15484.227298261538,15065.274799824294,16741.084793573267,0.0,0.0,0.0,0.0,0,9,MILP
rolling_scenario_mean14,validation,2025-05-16,6,1,margin,11,8119.976119533469,7952.915360103219,8621.158397824216,170.32979652666637,600.4676435185188,218.09853210029263,297.4889191624893,1,9,MILP
rolling_scenario_mean14,validation,2025-05-16,12,2,margin,11,14099.76508478363,13967.339391530002,14497.042164544517,0.0,81.26510266666526,31.398602035032646,39.66654575333614,1,9,LP
rolling_scenario_mean14,validation,2025-05-16,18,3,keep_previous,11,13057.724431324987,12904.551924313237,13517.241952360238,0.0,0.0,0.0,0.0,0,9,LP
rolling_scenario_mean14,validation,2025-05-17,0,0,margin,10,15023.023671516734,14774.425105771557,15768.819368752267,0.0,0.0,0.0,0.0,0,9,MILP
rolling_scenario_mean14,validation,2025-05-17,6,1,residual_2,11,8247.613415412576,8089.819906540801,8720.993942027899,14.000910333335923,1226.7630302757216,392.96110367712583,491.55464369007905,1,9,MILP
rolling_scenario_mean14,validation,2025-05-17,12,2,residual_2,11,14154.712722993285,14021.839495605356,14553.332405157073,0.0,107.15889135802311,48.58915748723686,58.73671191636043,1,9,LP
rolling_scenario_mean14,validation,2025-05-17,18,3,residual_2,11,13479.678648687433,13321.062453559633,13955.52723407084,195.73262636666837,0.0,111.1369852509943,118.97188266641439,1,9,LP
rolling_scenario_mean14,validation,2025-05-18,0,0,margin,10,38389.33184134681,38114.261676892034,39214.54233471114,0.0,0.0,0.0,0.0,0,9,LP
rolling_scenario_mean14,validation,2025-05-18,6,1,margin,11,30523.867048187207,30061.253283136975,31911.7083433379,11.02362133333429,5295.355217500682,1538.7781040939196,1311.0719252838649,1,9,LP+MILP
rolling_scenario_mean14,validation,2025-05-18,12,2,residual_1,11,26819.334953747777,26690.99739237941,27204.34763785288,138.39165788888886,3316.637965569282,1149.3174698202681,889.3084752347465,1,9,LP+MILP
rolling_scenario_mean14,validation,2025-05-18,18,3,residual_1,11,21154.800312662097,21031.291261829734,21525.32746515918,9.301916666666216,1.1368683772161603e-13,5.8785322758330665,5.746834853769585,1,9,LP
rolling_scenario_mean14,validation,2025-05-19,0,0,margin,10,35265.64612493935,34991.58164552806,36087.8395631732,0.0,0.0,0.0,0.0,0,9,LP+MILP
rolling_scenario_mean14,validation,2025-05-19,6,1,residual_0,11,27348.755230301995,27226.525470899356,27715.44450850991,132.43643036666748,5073.9442189492465,1132.3629660368633,1177.1561986464194,1,9,MILP
rolling_scenario_mean14,validation,2025-05-19,12,2,residual_0,11,25593.702098407797,25467.128853770908,25973.421832318458,43.219474876667014,0.0,13.862646566690861,13.37025326363172,1,9,MILP
rolling_scenario_mean14,validation,2025-05-19,18,3,keep_previous,11,20970.745327912402,20829.447369731988,21394.639202453647,0.0,0.0,0.0,0.0,0,9,LP
rolling_scenario_mean14,validation,2025-05-20,0,0,residual_0,10,35056.445905614964,34809.13762637271,35798.37074334172,0.0,0.0,0.0,0.0,0,9,LP+MILP
rolling_scenario_mean14,validation,2025-05-20,6,1,margin,11,28615.80543715407,28499.58759516126,28964.4589631325,2322.3648515076893,142.79195900000082,805.7371816405971,690.7916332352373,1,9,LP
rolling_scenario_mean14,validation,2025-05-20,12,2,margin,11,26801.17515034233,26686.26971280573,27145.89146295213,3.6066843333331917,1293.5716838377011,445.36006999064574,379.12994711024334,1,9,LP
rolling_scenario_mean14,validation,2025-05-20,18,3,keep_previous,11,20941.48215329729,20826.377632530985,21286.795715596207,0.0,0.0,0.0,0.0,0,9,LP
rolling_scenario_mean14,validation,2025-05-21,0,0,margin,10,32984.1458645246,32570.93554176716,34223.77683279694,0.0,0.0,0.0,0.0,0,9,LP+MILP
rolling_scenario_mean14,validation,2025-05-21,6,1,margin,11,29307.77566436747,29011.001328950355,30198.098670618812,4871.916424761321,25.76555366666571,1508.150124271528,1377.9497605719616,1,9,LP
rolling_scenario_mean14,validation,2025-05-21,12,2,margin,11,26440.29132343494,26307.99171084209,26837.19016121349,7.494660381114315,2238.2015399890274,530.6166122418019,501.826476424148,1,9,MILP
rolling_scenario_mean14,validation,2025-05-21,18,3,keep_previous,11,20997.00101100771,20864.423526142888,21394.733465602178,0.0,0.0,0.0,0.0,0,9,LP
rolling_scenario_mean14,validation,2025-05-22,0,0,margin,10,34986.94969570854,34755.26506833377,35682.00357783287,0.0,0.0,0.0,0.0,0,9,LP+MILP
rolling_scenario_mean14,validation,2025-05-22,6,1,residual_3,11,28123.09600953548,27998.469238449678,28496.976322792885,382.50668750888536,2760.042049507539,881.1141380769741,787.7292339331184,1,9,MILP
rolling_scenario_mean14,validation,2025-05-22,12,2,residual_3,11,26020.1479802778,25748.416106286502,26835.3436022517,1.8125398367082437e-13,1200.54505181204,561.9553786931051,521.5163604800972,1,9,LP+MILP
rolling_scenario_mean14,validation,2025-05-22,18,3,residual_6,11,21306.98306009866,21184.231222330774,21675.238573402326,40.38615546666654,49.83088581070206,42.79803176793004,42.13471827420752,1,9,LP
rolling_scenario_mean14,validation,2025-05-23,0,0,residual_2,10,13663.426281461632,13475.834957099054,14226.200254549365,0.0,0.0,0.0,0.0,0,9,MILP
rolling_scenario_mean14,validation,2025-05-23,6,1,residual_2,11,7620.20814171833,7509.888226243066,7951.167888144121,350.90415833333407,3.410605131648481e-13,112.80146027750052,151.81451439310575,1,9,MILP
rolling_scenario_mean14,validation,2025-05-23,12,2,residual_2,11,14728.688080004056,14589.84149143947,15145.227845697817,629.5657799999999,5.684341886080802e-14,187.96251356213895,256.94404242750005,1,9,LP
rolling_scenario_mean14,validation,2025-05-23,18,3,keep_previous,11,13088.252730280768,12981.222564154492,13409.343228659596,0.0,0.0,0.0,0.0,0,9,LP
rolling_scenario_mean14,validation,2025-05-24,0,0,residual_1,10,14194.521512644114,14011.644876055514,14743.151422409914,0.0,0.0,0.0,0.0,0,9,MILP
rolling_scenario_mean14,validation,2025-05-24,6,1,residual_1,11,7591.779684059407,7497.056262265479,7875.949949441194,52.314193344444064,264.5825590877911,119.69918711630737,151.76893370970697,1,9,MILP
rolling_scenario_mean14,validation,2025-05-24,12,2,keep_previous,11,14024.052301092135,13925.08278464192,14320.96085044278,0.0,0.0,0.0,0.0,0,9,LP
rolling_scenario_mean14,validation,2025-05-24,18,3,keep_previous,11,13338.460344337675,13232.77302426992,13655.522304540937,0.0,0.0,0.0,0.0,0,9,LP
rolling_scenario_mean14,validation,2025-05-25,0,0,margin,10,34681.459531436565,34502.79759301141,35217.44534671203,0.0,0.0,0.0,0.0,0,9,LP
rolling_scenario_mean14,validation,2025-05-25,6,1,residual_0,11,27350.46520031524,27194.299834171776,27818.961298745635,576.3595701288812,5753.211666513032,1545.6965602564633,1421.091528523348,1,9,LP+MILP
rolling_scenario_mean14,validation,2025-05-25,12,2,residual_0,11,25637.955333380894,25469.870236743605,26142.210623292754,0.0,391.232078677583,188.7103749959515,177.6175901249261,1,9,MILP
rolling_scenario_mean14,validation,2025-05-25,18,3,residual_0,11,21056.037414314025,20894.597245862027,21540.357919670016,114.64234373628221,1.1368683772161603e-13,74.77109996717417,71.60890396977796,1,9,LP
rolling_scenario_mean14,validation,2025-05-26,0,0,margin,10,34149.65819545634,33940.49489423052,34777.148099133796,0.0,0.0,0.0,0.0,0,9,LP+MILP
rolling_scenario_mean14,validation,2025-05-26,6,1,margin,11,28055.942560394877,27835.82874565653,28716.284004609908,1402.1526347743652,8.642545555555444,456.04428858727243,388.65496049874224,1,9,LP
rolling_scenario_mean14,validation,2025-05-26,12,2,keep_previous,11,25002.153445815842,24785.303429559703,25652.703494584264,0.0,0.0,0.0,0.0,0,9,LP
rolling_scenario_mean14,validation,2025-05-26,18,3,margin,11,21041.640045082608,20816.22283419096,21717.891677757543,0.0,25.992067666666458,15.901821315699838,15.991788356155817,1,9,LP
rolling_scenario_mean14,validation,2025-05-27,0,0,margin,10,33061.947774287,32856.196020924785,33679.203034373655,0.0,0.0,0.0,0.0,0,9,LP+MILP
rolling_scenario_mean14,validation,2025-05-27,6,1,residual_7,11,27803.81134230519,27304.40799852331,29302.02137365083,1401.4190325198847,735.7835617969826,643.7870478167566,600.0068656035156,1,9,LP
rolling_scenario_mean14,validation,2025-05-27,12,2,residual_1,11,25095.658856732007,24898.87761118404,25686.00259337591,400.7643123945271,2856.400783563786,943.5066411650711,874.5799278726728,1,9,LP+MILP
rolling_scenario_mean14,validation,2025-05-27,18,3,keep_previous,11,20978.508516681362,20762.519423135385,21626.475797319297,0.0,0.0,0.0,0.0,0,9,LP
rolling_scenario_mean14,validation,2025-05-28,0,0,margin,10,36666.48077087563,36490.61684999422,37194.07253351985,0.0,0.0,0.0,0.0,0,9,LP
rolling_scenario_mean14,validation,2025-05-28,6,1,margin,11,29177.666439461893,29017.84845593299,29657.12039004859,355.25065364666466,4815.412027703716,1471.5527486079532,1145.5553102034114,1,9,LP+MILP
rolling_scenario_mean14,validation,2025-05-28,12,2,residual_0,11,24832.46666820735,24719.62067441833,25171.004649574425,40.97408666666706,2624.459068471522,727.5884723913869,598.976354576211,1,9,MILP
rolling_scenario_mean14,validation,2025-05-28,18,3,residual_0,11,20811.26251379934,20688.942282679825,21178.22320715788,0.0,24.3464119931416,15.5760033739687,14.98886130237399,1,9,LP
rolling_scenario_mean14,validation,2025-05-29,0,0,margin,10,36683.02467170292,36254.08008499468,37969.85843182763,0.0,0.0,0.0,0.0,0,9,LP
rolling_scenario_mean14,validation,2025-05-29,6,1,margin,11,30343.77370214683,30237.287463798835,30663.232417190822,1211.9149885339518,140.13615877777806,413.4261789543522,357.4578826748292,1,9,LP
rolling_scenario_mean14,validation,2025-05-29,12,2,margin,11,26482.43713388498,26366.097753528884,26831.455274953267,2.8405034444464263,3868.7049379783994,1045.7275193829487,928.0356468767454,1,9,MILP
rolling_scenario_mean14,validation,2025-05-29,18,3,residual_0,11,21098.754704386432,20974.938698722875,21470.202721377096,156.86368759000044,102.4174749218131,130.79077276590317,124.91014515696057,1,9,LP
rolling_scenario_mean14,validation,2025-05-30,0,0,margin,10,14386.565334669596,14313.04912753966,14607.113956059406,0.0,0.0,0.0,0.0,0,9,MILP
rolling_scenario_mean14,validation,2025-05-30,6,1,margin,11,8648.575657378518,8564.889364066566,8899.63453731437,229.47560033333417,1.5916157281026244e-12,72.0050572130676,92.45152518175205,1,9,MILP
rolling_scenario_mean14,validation,2025-05-30,12,2,margin,11,14336.452736286124,14282.361306258133,14498.727026370096,10.77485500000165,187.3191376666718,64.71996424965242,81.46516136292412,1,9,LP
rolling_scenario_mean14,validation,2025-05-30,18,3,keep_previous,11,13041.916279173163,12991.051948430357,13194.509271401585,0.0,0.0,0.0,0.0,0,9,LP
rolling_scenario_mean14,validation,2025-05-31,0,0,margin,10,16011.681704691026,15925.743472874605,16269.496400140286,0.0,0.0,0.0,0.0,0,9,MILP
rolling_scenario_mean14,validation,2025-05-31,6,1,margin,11,9329.787732880493,9262.68362372979,9531.100060332601,5.684341886080802e-14,1571.4739193333348,461.7898231474332,636.211984006291,1,9,MILP
rolling_scenario_mean14,validation,2025-05-31,12,2,margin,11,14040.073934020736,13976.908716340982,14229.569587059996,15.142597222219877,49.96086776406165,24.18172741584577,30.808436967483892,1,9,LP
rolling_scenario_mean14,validation,2025-05-31,18,3,keep_previous,11,13206.65190941549,13146.634925788,13386.702860297959,0.0,0.0,0.0,0.0,0,9,LP
rolling_scenario_mean14,validation,2025-06-01,0,0,margin,10,44905.29907922892,44218.082974118435,46966.94739456039,0.0,0.0,0.0,0.0,0,9,LP
rolling_scenario_mean14,validation,2025-06-01,6,1,margin,11,35608.879033915684,35392.16526962742,36259.02032678047,741.8368584650152,5244.6766386735235,2313.7261208772698,1725.3331934016453,1,9,LP
rolling_scenario_mean14,validation,2025-06-01,12,2,margin,11,28023.640910662703,27948.800065231826,28248.16344695534,4.344397333332381,3300.0649077544563,1287.7050188047917,987.7049744803651,1,9,LP
rolling_scenario_mean14,validation,2025-06-01,18,3,margin,11,23021.98026127687,22937.96263433182,23274.033142112014,2243.7889543666633,0.0,1512.818958903155,1416.0088439283859,1,9,LP
rolling_scenario_mean14,validation,2025-06-02,0,0,margin,10,48630.996679981145,46631.94457011505,54628.15300957944,0.0,0.0,0.0,0.0,0,9,LP
rolling_scenario_mean14,validation,2025-06-02,6,1,residual_7,11,36850.06164492181,36188.6385946362,38834.33079577864,2047.7203612633366,13717.016109582995,5480.624306161617,4476.371180147908,1,9,LP
rolling_scenario_mean14,validation,2025-06-02,12,2,residual_7,11,32081.811650281124,31595.981036409452,33539.303491896135,3997.5481080653785,0.0,1700.8139026364622,1247.6227019791238,1,9,LP
rolling_scenario_mean14,validation,2025-06-02,18,3,residual_7,11,21973.82553884421,21417.990423396644,23641.3308851869,104.7998420220872,0.0,72.39573086885784,66.15602313189278,1,9,LP
rolling_scenario_mean14,validation,2025-06-03,0,0,margin,10,45884.28524833912,44127.10850567379,51155.8154763351,0.0,0.0,0.0,0.0,0,9,LP
rolling_scenario_mean14,validation,2025-06-03,6,1,residual_7,11,39897.99790630268,39215.884998904636,41944.33662849681,3746.7416380599975,422.826882035652,1911.9952022544376,1646.8379521065217,1,9,LP
rolling_scenario_mean14,validation,2025-06-03,12,2,residual_6,11,32411.022139427347,31888.09954621972,33979.78991905022,227.69022166131208,4885.549142657062,1722.9932021497857,1431.4715556377716,1,9,MILP
rolling_scenario_mean14,validation,2025-06-03,18,3,residual_6,11,22437.6548252681,21927.226402796587,23968.940092682635,167.02626999999848,0.0,114.7904487451323,105.53089542996807,1,9,LP
rolling_scenario_mean14,validation,2025-06-04,0,0,margin,10,51678.08355184692,50509.66566254916,55183.33721974019,0.0,0.0,0.0,0.0,0,9,LP
rolling_scenario_mean14,validation,2025-06-04,6,1,residual_6,11,37908.11329594492,37402.369064192535,39425.34599120205,396.2785807177769,15150.994781470508,5846.306413411887,4707.840444918714,1,9,LP
rolling_scenario_mean14,validation,2025-06-04,12,2,residual_5,11,33605.79869227597,33068.70478080582,35217.080426686414,4376.214420932641,264.16961985530713,1808.0332644545197,1460.0136157831348,1,9,LP
rolling_scenario_mean14,validation,2025-06-04,18,3,keep_previous,11,22780.04230354896,22248.11378214141,24375.8278677716,0.0,0.0,0.0,0.0,0,9,LP
rolling_scenario_mean14,validation,2025-06-05,0,0,margin,10,44711.810597183365,43467.57034482504,48444.531354258324,0.0,0.0,0.0,0.0,0,9,LP
rolling_scenario_mean14,validation,2025-06-05,6,1,residual_7,11,42003.39676079869,40941.94742777418,45187.74475987222,5939.488083594897,357.2690108518515,2666.727771771185,1997.391414943644,1,9,LP
rolling_scenario_mean14,validation,2025-06-05,12,2,residual_4,11,33573.04344435915,33117.68257041964,34939.126066177705,474.7563897985218,4243.082185390949,1880.039560155025,1429.3701242439147,1,9,LP
rolling_scenario_mean14,validation,2025-06-05,18,3,keep_previous,11,23357.856997406474,22900.634892751088,24729.523311372628,0.0,0.0,0.0,0.0,0,9,LP
rolling_scenario_mean14,validation,2025-06-06,0,0,residual_7,10,21969.841699790777,21383.620050429137,23728.506647875703,0.0,0.0,0.0,0.0,0,9,MILP
rolling_scenario_mean14,validation,2025-06-06,6,1,margin,11,14319.643565383869,13776.846016842894,15948.036211006796,645.646409701113,1720.764768888891,871.9093268893312,939.5334918381697,1,9,MILP
rolling_scenario_mean14,validation,2025-06-06,12,2,margin,11,17498.839748960883,17172.78050921353,18477.017468202946,29.93178167666855,60.12575080932737,39.169369696678544,43.98100549371617,1,9,MILP
rolling_scenario_mean14,validation,2025-06-06,18,3,keep_previous,11,15533.978741316572,15093.703362417575,16854.804878013565,0.0,0.0,0.0,0.0,0,9,LP
rolling_scenario_mean14,validation,2025-06-07,0,0,residual_6,10,22858.23103753817,22317.48317058738,24480.47463839054,0.0,0.0,0.0,0.0,0,9,LP+MILP
rolling_scenario_mean14,validation,2025-06-07,6,1,margin,11,15312.000239057674,15054.864534800336,16083.40735182969,763.4835514533339,2827.519046333334,1105.3286771112178,1215.9556717490068,1,9,MILP
rolling_scenario_mean14,validation,2025-06-07,12,2,residual_2,11,18889.479966330633,18508.321705130802,20032.954749930133,834.4581068766687,302.51219316526795,354.39345459174734,423.58429817345746,1,9,MILP
rolling_scenario_mean14,validation,2025-06-07,18,3,keep_previous,11,16181.564889888548,15896.43783253505,17036.946061949046,0.0,0.0,0.0,0.0,0,9,LP
rolling_scenario_mean14,validation,2025-06-08,0,0,margin,10,46692.531837609546,45929.22214213674,48982.46092402796,0.0,0.0,0.0,0.0,0,9,LP
rolling_scenario_mean14,validation,2025-06-08,6,1,residual_4,11,41740.818283489265,41474.685524115666,42539.21656161005,4493.296098973936,3190.0724260508605,2699.831291323238,2295.342934902007,1,9,LP
rolling_scenario_mean14,validation,2025-06-08,12,2,margin,11,36373.66661088388,36092.36345747582,37217.57607110808,497.70927577670693,3563.24307874212,1456.6616092205388,1223.556059240819,1,9,LP
rolling_scenario_mean14,validation,2025-06-08,18,3,keep_previous,11,25198.82577542775,24903.010188306907,26086.27253679029,0.0,0.0,0.0,0.0,0,9,LP
rolling_scenario_mean14,validation,2025-06-09,0,0,margin,10,53062.285518178316,52761.626664578835,53964.26207897675,0.0,0.0,0.0,0.0,0,9,LP
rolling_scenario_mean14,validation,2025-06-09,6,1,residual_3,11,43839.481774328306,43615.855677539344,44510.360064695196,12.115302000000042,4124.937820286238,1532.774230999242,1350.3877153599556,1,9,LP
rolling_scenario_mean14,validation,2025-06-09,12,2,margin,11,37844.54532961544,37613.18681419642,38538.62087587249,559.7215303895721,1070.6031810150957,771.8902664757593,678.5535265150115,1,9,LP
rolling_scenario_mean14,validation,2025-06-09,18,3,margin,11,25388.110956846565,25150.722354433266,26100.276764086462,0.0,58.432834333330675,39.008734045942646,36.77487444530941,1,9,LP
rolling_scenario_mean14,validation,2025-06-10,0,0,residual_3,10,49033.73762057813,48603.09415866336,50325.66800632244,0.0,0.0,0.0,0.0,0,9,LP
rolling_scenario_mean14,validation,2025-06-10,6,1,residual_2,11,43672.29313281672,43319.556025867176,44730.50445366536,3199.0601435415683,214.79393722222233,1205.6519816993434,1046.8956141658202,1,9,LP
rolling_scenario_mean14,validation,2025-06-10,12,2,keep_previous,11,37801.94294565865,37459.15758156339,38830.29903794442,0.0,0.0,0.0,0.0,0,9,LP
rolling_scenario_mean14,validation,2025-06-10,18,3,residual_0,11,25484.05529661092,25280.77653215927,26093.89158996587,250.00483033333262,74.70361277777795,179.83746172521103,171.53513056304993,1,9,LP
rolling_scenario_mean14,validation,2025-06-11,0,0,residual_2,10,53868.414456833314,53357.07444020379,55402.434506721904,0.0,0.0,0.0,0.0,0,9,LP
rolling_scenario_mean14,validation,2025-06-11,6,1,margin,11,48786.383784193575,48616.89122453488,49294.86146316966,4560.602529491797,484.010332938272,1904.7918196325797,1640.01969715071,1,9,LP
rolling_scenario_mean14,validation,2025-06-11,12,2,margin,11,39544.01399662711,39329.96176892181,40186.17067974301,30.739356374447652,1851.8862294142655,842.2030850058889,745.1638743761084,1,9,LP
rolling_scenario_mean14,validation,2025-06-11,18,3,margin,11,25283.91246600037,25091.193993819626,25862.0678825426,0.0,31.201462707782298,20.84841724275413,19.59958208176878,1,9,LP
rolling_scenario_mean14,validation,2025-06-12,0,0,residual_1,10,52670.83565230394,51655.00911200975,55718.315273186505,0.0,0.0,0.0,0.0,0,9,LP
rolling_scenario_mean14,validation,2025-06-12,6,1,residual_0,11,46840.71277937316,46683.51108309779,47312.317868199294,3754.3590535533685,156.20821666666666,1550.112600395679,1307.1433368186479,1,9,LP
rolling_scenario_mean14,validation,2025-06-12,12,2,margin,11,39685.002117950295,39305.64264522026,40823.08053614041,262.97153690522316,3697.18046330577,1765.7363505964997,1521.8434863797218,1,9,LP
rolling_scenario_mean14,validation,2025-06-12,18,3,keep_previous,11,25147.41400639677,24985.99908202611,25631.658779508754,0.0,0.0,0.0,0.0,0,9,LP
rolling_scenario_mean14,validation,2025-06-13,0,0,residual_0,10,22257.757178403466,22100.82527694199,22728.5528827879,0.0,0.0,0.0,0.0,0,9,MILP
rolling_scenario_mean14,validation,2025-06-13,6,1,margin,11,15240.23062931227,14857.046880474272,16389.781875826262,271.6254895166626,2045.3667096666677,781.7871617748955,967.1939854336208,1,9,MILP
rolling_scenario_mean14,validation,2025-06-13,12,2,residual_1,11,19199.0742984453,18899.542211262622,20097.67055999333,1126.0092024299984,330.782158436543,513.2108409357477,616.0166078137916,1,9,MILP
rolling_scenario_mean14,validation,2025-06-13,18,3,residual_0,11,16773.751947959452,16573.794142085822,17373.62536558034,147.85076419478378,1.1368683772161603e-13,57.34184568787943,60.706438990461386,1,9,LP
rolling_scenario_mean14,validation,2025-06-14,0,0,residual_1,10,21725.341997078234,21221.231513050756,23237.673449160677,0.0,0.0,0.0,0.0,0,9,LP+MILP
rolling_scenario_mean14,validation,2025-06-14,6,1,residual_1,11,15145.161253600716,14813.348319288136,16140.600056538458,676.1206195500031,2.2737367544323206e-13,210.10424465627375,263.92725813150156,1,9,MILP
rolling_scenario_mean14,validation,2025-06-14,12,2,residual_0,11,20148.002177017504,19964.96849743507,20697.1032157648,292.1762865111101,888.992963019548,396.87981597568944,484.2711511783714,1,9,MILP
rolling_scenario_mean14,validation,2025-06-14,18,3,residual_0,11,17128.079067112078,16936.712145906076,17702.179830730074,0.0,0.5281966735242918,0.30746443136936524,0.3232765292143692,1,9,LP
rolling_scenario_mean14,validation,2025-06-15,0,0,margin,10,51541.36147108962,50659.51249953924,54186.90838574076,0.0,0.0,0.0,0.0,0,9,LP
rolling_scenario_mean14,validation,2025-06-15,6,1,residual_0,11,46758.47139082706,46636.246648354136,47125.14561824582,4467.233837175071,384.49384566255344,1772.5004770314868,1666.4850340096655,1,9,LP
rolling_scenario_mean14,validation,2025-06-15,12,2,margin,11,39015.00295259887,38884.7856784711,39405.65477498219,187.21015971810812,1855.1822365381693,750.269578100889,704.175470050232,1,9,LP
rolling_scenario_mean14,validation,2025-06-15,18,3,margin,11,25865.36531851983,25727.1440341208,26280.029171716928,0.0,13.38817694444458,8.788646528227853,8.567985550652242,1,9,LP
rolling_scenario_mean14,validation,2025-06-16,0,0,margin,10,54422.28394211711,53184.71155331007,58135.00110853821,0.0,0.0,0.0,0.0,0,9,LP
rolling_scenario_mean14,validation,2025-06-16,6,1,residual_5,11,45717.72450230876,45521.25876132757,46307.121725252335,650.676580606667,1358.80161741758,870.8747455520164,799.4796526385436,1,9,LP
rolling_scenario_mean14,validation,2025-06-16,12,2,margin,11,38786.263718384944,38631.21116534224,39251.42137751305,669.4191007983543,1392.5320353309494,880.772032612862,812.6454319503933,1,9,LP
rolling_scenario_mean14,validation,2025-06-16,18,3,keep_previous,11,25592.50929068128,25423.252837279826,26100.278650885637,0.0,0.0,0.0,0.0,0,9,LP
rolling_scenario_mean14,validation,2025-06-17,0,0,margin,10,53940.46415803392,53752.07698525892,54505.62567635891,0.0,0.0,0.0,0.0,0,9,LP
rolling_scenario_mean14,validation,2025-06-17,6,1,residual_4,11,49733.53005373599,49519.037768380935,50377.00690980113,2916.2735384588786,1627.7796741488892,1919.2141590790277,1741.1891150135482,1,9,LP
rolling_scenario_mean14,validation,2025-06-17,12,2,margin,11,41524.21348124847,41341.974432124254,42070.93062862114,548.8622620738679,2366.717059374031,1289.041895490304,1173.8928420577276,1,9,LP
rolling_scenario_mean14,validation,2025-06-17,18,3,keep_previous,11,25716.830237246904,25522.110410701254,26300.989716883858,0.0,0.0,0.0,0.0,0,9,LP
rolling_scenario_mean14,validation,2025-06-18,0,0,margin,10,54367.50894932205,54142.39267400842,55042.857775262935,0.0,0.0,0.0,0.0,0,9,LP
rolling_scenario_mean14,validation,2025-06-18,6,1,residual_3,11,50050.77552289978,49844.47373670451,50669.680881485576,3041.481915643551,2136.0524857020573,2176.387515339819,2003.814128228039,1,9,LP
rolling_scenario_mean14,validation,2025-06-18,12,2,residual_4,11,40787.85784433887,40598.281385278344,41356.58722152046,73.59658345983473,5669.974846723114,2439.4455669415197,2221.2190908684984,1,9,LP
rolling_scenario_mean14,validation,2025-06-18,18,3,residual_0,11,25404.719991048936,25249.91373172974,25869.138769006528,228.61959945720332,107.91969266666672,127.25629058289681,122.68274180182897,1,9,LP
rolling_scenario_mean14,validation,2025-06-19,0,0,margin,10,50692.70677099531,50348.93582380274,51724.019612573014,0.0,0.0,0.0,0.0,0,9,LP
rolling_scenario_mean14,validation,2025-06-19,6,1,residual_2,11,44902.65958460151,44596.85409514335,45820.07605297597,3845.0532341816324,8964.04555651551,4751.12806722909,4450.760827350903,1,9,LP
rolling_scenario_mean14,validation,2025-06-19,12,2,residual_3,11,38073.68494292884,37927.28654170173,38512.88014661019,3148.3792325765953,138.22128864609078,1239.3116287954947,1182.1602584993977,1,9,LP
rolling_scenario_mean14,validation,2025-06-19,18,3,keep_previous,11,25129.768153082503,24967.78626045097,25615.713830977107,0.0,0.0,0.0,0.0,0,9,LP
rolling_scenario_mean14,validation,2025-06-20,0,0,margin,10,21810.27343875169,21459.17198692164,22863.57779424184,0.0,0.0,0.0,0.0,0,9,MILP
rolling_scenario_mean14,validation,2025-06-20,6,1,residual_1,11,15600.219840145453,15464.475394044734,16007.453178447613,367.93460400111087,391.9664136790136,245.84775779301626,303.80810575983196,1,9,MILP
rolling_scenario_mean14,validation,2025-06-20,12,2,margin,11,20907.16677664294,20720.63900614601,21466.750088133715,350.56373967901334,772.1084207788891,387.69860611788295,480.96995467514,1,9,LP
rolling_scenario_mean14,validation,2025-06-20,18,3,keep_previous,11,16772.810418893383,16626.07081497354,17213.02923065291,0.0,0.0,0.0,0.0,0,9,LP
rolling_scenario_mean14,validation,2025-06-21,0,0,margin,10,21470.49274848375,21078.625176612895,22646.095464096314,0.0,0.0,0.0,0.0,0,9,MILP
rolling_scenario_mean14,validation,2025-06-21,6,1,residual_0,11,15385.183109638834,15234.290659675382,15837.860459529189,862.0234070322217,317.7643597860098,391.11826200370126,516.7088834941874,1,9,MILP
rolling_scenario_mean14,validation,2025-06-21,12,2,residual_1,11,20872.157252710404,20619.725224207607,21629.453338218795,22.900545951361096,613.9326350978115,206.79898646020786,277.3386079873452,1,9,LP
rolling_scenario_mean14,validation,2025-06-21,18,3,residual_0,11,17073.244686147103,16914.634042705027,17549.076616473336,8.131254560485445,49.72747511111129,29.888875558380917,32.92460345254439,1,9,LP
rolling_scenario_mean14,validation,2025-06-22,0,0,margin,10,50558.99484941944,49560.43152978602,53554.6848083197,0.0,0.0,0.0,0.0,0,9,LP
rolling_scenario_mean14,validation,2025-06-22,6,1,margin,11,44751.68636941856,44483.97549127836,45554.819003839155,3238.2391031207226,3615.2013217873673,2682.5084174202257,2441.6184521755076,1,9,LP
rolling_scenario_mean14,validation,2025-06-22,12,2,residual_0,11,38551.27424032492,38383.90428449509,39053.384107814425,118.88155433333304,1093.6461494771615,465.29414980113484,417.02037261507064,1,9,LP
rolling_scenario_mean14,validation,2025-06-22,18,3,margin,11,25681.6959973789,25528.964864949456,26139.889394667236,29.66885655418332,10.213490666666644,13.983170452180659,13.358329084161184,1,9,LP
rolling_scenario_mean14,validation,2025-06-23,0,0,margin,10,51941.36194475822,51166.54805965831,54265.803600057945,0.0,0.0,0.0,0.0,0,9,LP
rolling_scenario_mean14,validation,2025-06-23,6,1,margin,11,42901.30956515832,42711.686745309155,43470.17802470581,40.71042464555035,1245.7537360704496,460.91279475669864,452.61923353411214,1,9,LP
rolling_scenario_mean14,validation,2025-06-23,12,2,margin,11,38347.399163959904,38162.551096506584,38901.94336631987,0.3585652222218414,3052.703399867775,1015.6493592349691,931.3938590579257,1,9,LP+MILP
rolling_scenario_mean14,validation,2025-06-23,18,3,margin,11,25620.059619604166,25423.94795860367,26208.39460260565,0.0,20.825960999998642,13.741625531460208,13.405493236634042,1,9,LP
rolling_scenario_mean14,validation,2025-06-24,0,0,margin,10,59350.85602735485,58273.970548948404,62581.5124625742,0.0,0.0,0.0,0.0,0,9,LP
rolling_scenario_mean14,validation,2025-06-24,6,1,margin,11,48659.997914737934,48261.5200060369,49855.43164084104,9.548753888888996,5264.9787421262,2268.33679790312,1975.9893029854566,1,9,LP
rolling_scenario_mean14,validation,2025-06-24,12,2,keep_previous,11,38839.08032269089,38477.75006002674,39923.071110683355,0.0,0.0,0.0,0.0,0,9,LP
rolling_scenario_mean14,validation,2025-06-24,18,3,margin,11,25800.512585802542,25590.018318488845,26431.995387743627,0.029125000000021828,68.57960666666588,45.32305972941615,43.62527564623958,1,9,LP
rolling_scenario_mean14,validation,2025-06-25,0,0,margin,10,51759.78742129814,50485.08334137904,55583.899661055446,0.0,0.0,0.0,0.0,0,9,LP
rolling_scenario_mean14,validation,2025-06-25,6,1,residual_2,11,43791.05477334579,43563.56369213003,44473.52801699308,1290.3397771829889,1054.447025135597,899.7043794713368,860.8384323014814,1,9,LP
rolling_scenario_mean14,validation,2025-06-25,12,2,residual_0,11,36774.91972722018,36594.053368702844,37317.518802772174,656.3749902430166,2560.6879291440314,936.3364588743437,868.1878415069876,1,9,LP
rolling_scenario_mean14,validation,2025-06-25,18,3,keep_previous,11,25240.43816225976,25089.719751044973,25692.59339590413,0.0,0.0,0.0,0.0,0,9,LP
rolling_scenario_mean14,validation,2025-06-26,0,0,margin,10,49622.50241496272,48628.70695263958,52603.88880193215,0.0,0.0,0.0,0.0,0,9,LP
rolling_scenario_mean14,validation,2025-06-26,6,1,residual_1,11,42101.69417015521,41953.60440439756,42545.96346742816,1689.246278802471,290.225848565157,577.6429480467617,550.2602019363816,1,9,LP
rolling_scenario_mean14,validation,2025-06-26,12,2,margin,11,35639.02876812229,35499.35161156047,36058.060237807746,519.7837573321118,1793.2586498683163,622.3943797083854,605.0740900354464,1,9,LP
rolling_scenario_mean14,validation,2025-06-26,18,3,keep_previous,11,25258.77581334045,25118.24467358959,25680.369232593035,0.0,0.0,0.0,0.0,0,9,LP
rolling_scenario_mean14,validation,2025-06-27,0,0,residual_0,10,22313.874086816963,22156.235755974012,22786.78907934582,0.0,0.0,0.0,0.0,0,9,MILP
rolling_scenario_mean14,validation,2025-06-27,6,1,residual_0,11,14574.234005553028,14428.620247732406,15011.075279014894,1.7053025658242404e-13,2207.2015416666677,651.7875980083063,909.5564400246894,1,9,MILP
rolling_scenario_mean14,validation,2025-06-27,12,2,residual_0,11,19354.431223218024,19208.986217976082,19790.766238943845,0.0,567.2169499999986,190.7635052312491,257.7000781713681,1,9,LP
rolling_scenario_mean14,validation,2025-06-27,18,3,residual_0,11,16705.335484771927,16551.49271416739,17166.863796585534,0.0,18.72426872427883,10.700649045246347,11.717304889925886,1,9,LP
rolling_scenario_mean14,validation,2025-06-28,0,0,margin,10,20656.99727137446,20421.99501079104,21362.004053124725,0.0,0.0,0.0,0.0,0,9,MILP
rolling_scenario_mean14,validation,2025-06-28,6,1,margin,11,13462.350030152715,13335.4328226112,13843.10165277726,3.410605131648481e-13,379.646785817557,161.89188340367502,203.19533801500398,1,9,MILP
rolling_scenario_mean14,validation,2025-06-28,12,2,residual_0,11,19349.014629068093,19201.82792176562,19790.57475097551,0.0,445.4893161221085,155.22385510445105,190.08983121896378,1,9,LP+MILP
rolling_scenario_mean14,validation,2025-06-28,18,3,keep_previous,11,16459.93988035633,16318.820639664182,16883.297602432784,0.0,0.0,0.0,0.0,0,9,LP
rolling_scenario_mean14,validation,2025-06-29,0,0,residual_1,10,47405.46948284155,46504.0380064753,50109.76391194031,0.0,0.0,0.0,0.0,0,9,LP
rolling_scenario_mean14,validation,2025-06-29,6,1,margin,11,42506.728799353834,42308.27882531826,43102.078721460544,4762.687226431002,0.0,1988.8092855002935,1792.8701638152097,1,9,LP
rolling_scenario_mean14,validation,2025-06-29,12,2,residual_2,11,36207.31929649647,36010.14188784307,36798.85152245666,352.88104566940524,418.1495146200547,273.9975622843278,253.48322645486147,1,9,LP
rolling_scenario_mean14,validation,2025-06-29,18,3,keep_previous,11,25599.202695748463,25388.090730292824,26232.53859211538,0.0,0.0,0.0,0.0,0,9,LP
rolling_scenario_mean14,validation,2025-06-30,0,0,margin,10,53129.433867984466,52561.62656335313,54832.85578187846,0.0,0.0,0.0,0.0,0,9,LP
rolling_scenario_mean14,validation,2025-06-30,6,1,margin,11,43755.71567831937,43605.73466941502,44205.65870503243,433.2380823333317,4604.616635399175,1998.593261823125,1783.7488397304742,1,9,LP
rolling_scenario_mean14,validation,2025-06-30,12,2,keep_previous,11,36236.5094472842,36084.13979683239,36693.61839863965,0.0,0.0,0.0,0.0,0,9,LP
rolling_scenario_mean14,validation,2025-06-30,18,3,margin,11,25241.634039655546,25081.075778418588,25723.308823366417,6.6527317777782855,32.41209977777817,25.489841500800587,24.715340598099385,1,9,LP
rolling_scenario_mean14,validation,2025-07-01,0,0,margin,10,46635.42115590754,45784.63374308791,49187.78339436645,0.0,0.0,0.0,0.0,0,9,LP
rolling_scenario_mean14,validation,2025-07-01,6,1,margin,11,38581.50405691497,38424.0318193383,39053.920769645,2363.8921959511836,373.1795571906702,1123.7658296704449,979.6908137194694,1,9,LP
rolling_scenario_mean14,validation,2025-07-01,12,2,residual_0,11,32551.528452758368,32382.72849853662,33057.92831542361,602.9213801911059,359.340269954734,349.39046968131754,311.4817224565092,1,9,LP
rolling_scenario_mean14,validation,2025-07-01,18,3,residual_3,11,28616.01668943621,28465.80257197068,29066.659041832798,3463.21752634696,0.0,2812.6618472915334,2229.642157287654,1,9,LP
rolling_scenario_mean14,validation,2025-07-02,0,0,residual_7,10,49066.21433903271,48615.603767630666,50418.04605323885,0.0,0.0,0.0,0.0,0,9,LP
rolling_scenario_mean14,validation,2025-07-02,6,1,residual_7,11,39323.14975381049,38810.58930500335,40860.831100231924,0.0,2089.5435948902636,911.3527200359704,808.8100715554401,1,9,LP+MILP
rolling_scenario_mean14,validation,2025-07-02,12,2,residual_7,11,35223.58664484403,34695.43122356099,36808.05290869315,589.1608869135778,148.43183888888916,299.84357965059206,262.0600453555262,1,9,LP
rolling_scenario_mean14,validation,2025-07-02,18,3,residual_7,11,26356.410260022792,25788.40660144816,28060.42123574669,57.02112952222535,0.0,42.92719927027815,36.98368154087403,1,9,LP
rolling_scenario_mean14,validation,2025-07-03,0,0,residual_6,10,55677.30087439454,54799.683395376196,58310.153311449554,0.0,0.0,0.0,0.0,0,9,LP
rolling_scenario_mean14,validation,2025-07-03,6,1,residual_7,11,48215.57697924746,47205.99708004106,51244.31667686667,2104.7921360460173,1853.5660020576147,1533.6873129209644,1302.7969222716893,1,9,LP
rolling_scenario_mean14,validation,2025-07-03,12,2,residual_7,11,39859.359181711,38986.676623925014,42477.40685506896,0.0,3634.0835291271715,1322.077173161973,1130.1420524999926,1,9,LP
rolling_scenario_mean14,validation,2025-07-03,18,3,residual_7,11,27209.500529243087,26640.813689255378,28915.56104920621,94.39484893964573,0.0,62.819637430389655,55.99050527841216,1,9,LP
rolling_scenario_mean14,validation,2025-07-04,0,0,residual_5,10,24757.18593317676,23766.8683199366,27728.138772897244,0.0,0.0,0.0,0.0,0,9,MILP
rolling_scenario_mean14,validation,2025-07-04,6,1,residual_6,11,17068.98441662744,16454.99348031623,18910.95722556108,1200.0251507944454,377.71124150205833,558.2816322692933,658.8951543184094,1,9,MILP
rolling_scenario_mean14,validation,2025-07-04,12,2,residual_7,11,22426.716700706434,21781.503500937433,24362.356300013438,230.48651285805875,915.4880575827148,394.1860262425432,466.011692872769,1,9,LP
rolling_scenario_mean14,validation,2025-07-04,18,3,keep_previous,11,18778.01700941851,18156.89457170131,20641.384322570106,0.0,0.0,0.0,0.0,0,9,LP
rolling_scenario_mean14,validation,2025-07-05,0,0,residual_7,10,25056.135091621516,24589.295734318293,26456.653163531188,0.0,0.0,0.0,0.0,0,9,MILP
rolling_scenario_mean14,validation,2025-07-05,6,1,keep_previous,11,16406.605301053984,15958.801593149326,17750.016424767957,0.0,0.0,0.0,0.0,0,9,MILP
rolling_scenario_mean14,validation,2025-07-05,12,2,margin,11,22668.450168182477,22204.31116397726,24060.867180798115,166.6144132566687,127.56372627160522,82.35280877388378,99.43327231080815,1,9,LP
rolling_scenario_mean14,validation,2025-07-05,18,3,residual_7,11,19534.52951871668,18986.016987983396,21180.067110916538,360.78066173000065,30.966472601968803,239.81663694704076,250.3184387250826,1,9,LP
rolling_scenario_mean14,validation,2025-07-06,0,0,margin,10,56623.90558092512,55800.45126006052,59094.26854351891,0.0,0.0,0.0,0.0,0,9,LP
rolling_scenario_mean14,validation,2025-07-06,6,1,margin,11,51714.99785606267,51009.277548845304,53832.158777714765,5218.023050648826,171.26509222222262,1866.6582071165499,1663.3177312333005,1,9,LP
rolling_scenario_mean14,validation,2025-07-06,12,2,residual_7,11,44724.25911496239,44212.03196884993,46260.94055329979,165.05946292555586,852.053422364882,451.3118213805979,387.58422760789557,1,9,LP
rolling_scenario_mean14,validation,2025-07-06,18,3,residual_6,11,29500.75257531968,29007.718756028364,30979.854033193627,205.94087350575978,124.4681746666671,187.72336400809365,166.68832362887235,1,9,LP
rolling_scenario_mean14,validation,2025-07-07,0,0,margin,10,57892.99580662359,57392.373252243684,59394.86346976332,0.0,0.0,0.0,0.0,0,9,LP
rolling_scenario_mean14,validation,2025-07-07,6,1,margin,11,45501.84441606251,44934.15195696127,47204.92179336622,2.741771999999969,7681.1248575139025,2915.1635007464038,2613.6154965818278,1,9,LP+MILP
rolling_scenario_mean14,validation,2025-07-07,12,2,residual_6,11,42819.84641916593,42320.670464123665,44317.37428429271,3603.114092688503,309.6189085349805,1554.924547430037,1400.3783484758792,1,9,LP
rolling_scenario_mean14,validation,2025-07-07,18,3,residual_5,11,29813.297391604094,29393.842691552334,31071.66149175937,185.68297788724158,68.21480533333352,135.57477289352818,120.15459965401956,1,9,LP
rolling_scenario_mean14,validation,2025-07-08,0,0,margin,10,64825.10096764121,63442.387557862756,68973.24119697657,0.0,0.0,0.0,0.0,0,9,LP
rolling_scenario_mean14,validation,2025-07-08,6,1,margin,11,50382.38272967951,50052.040913605764,51373.408177900754,152.27629700000045,8167.669135211793,2947.1984634786604,2760.69138441101,1,9,LP
rolling_scenario_mean14,validation,2025-07-08,12,2,residual_5,11,44158.333242235254,43824.726907469034,45159.15224653392,1112.007051705043,652.2484028779149,691.1814505360039,615.0617401421495,1,9,LP+MILP
rolling_scenario_mean14,validation,2025-07-08,18,3,residual_4,11,31478.86821696783,31144.31656990968,32482.52315814227,148.0717226205743,135.89435800000047,172.92488199719284,157.73235145587435,1,9,LP
rolling_scenario_mean14,validation,2025-07-09,0,0,margin,10,65192.63624565723,63885.889512342605,69112.87644560111,0.0,0.0,0.0,0.0,0,9,LP
rolling_scenario_mean14,validation,2025-07-09,6,1,margin,11,50887.90869158714,50631.45772834067,51657.261581326544,14.051590333333706,5348.830312042459,2039.8018305915675,1901.4291371812408,1,9,LP
rolling_scenario_mean14,validation,2025-07-09,12,2,residual_4,11,44893.86305616581,44559.45154023189,45897.09760396755,416.01513814666384,4218.749721048016,1557.488722157137,1439.4677302437399,1,9,LP+MILP
rolling_scenario_mean14,validation,2025-07-09,18,3,residual_3,11,31512.398923853794,31277.03161671389,32218.5008452735,171.8339168228788,75.00561700000014,142.93701395969063,129.08248365618812,1,9,LP
rolling_scenario_mean14,validation,2025-07-10,0,0,margin,10,60567.82155697065,59711.91347685578,63135.54579731529,0.0,0.0,0.0,0.0,0,9,LP
rolling_scenario_mean14,validation,2025-07-10,6,1,margin,11,49444.412963116745,49171.76235296234,50262.36479357998,1571.4337199999986,3548.344651559666,1888.5569431516326,1734.3850911159107,1,9,LP
rolling_scenario_mean14,validation,2025-07-10,12,2,keep_previous,11,44394.474592156505,44075.83473196913,45350.39417271863,0.0,0.0,0.0,0.0,0,9,LP+MILP
rolling_scenario_mean14,validation,2025-07-10,18,3,margin,11,31987.553911413328,31636.50224883912,33040.70889913595,0.0,128.27380166666808,86.83699837650093,83.83730571225685,1,9,LP
rolling_scenario_mean14,validation,2025-07-11,0,0,margin,10,31493.61260737467,31137.179855897764,32562.910861805394,0.0,0.0,0.0,0.0,0,9,MILP
rolling_scenario_mean14,validation,2025-07-11,6,1,keep_previous,11,22544.792693773838,22148.162738946543,23734.68255825573,0.0,0.0,0.0,0.0,0,9,MILP
rolling_scenario_mean14,validation,2025-07-11,12,2,margin,11,27092.277141688966,26590.15674148634,28598.638342296857,0.0,1653.5398133333313,586.1822384194602,769.2119377887992,1,9,LP
rolling_scenario_mean14,validation,2025-07-11,18,3,residual_1,11,22483.89875853854,22184.306667381272,23382.675032010346,120.22960599999925,174.65773578600795,152.13249308248749,160.94899525575255,1,9,LP
rolling_scenario_mean14,validation,2025-07-12,0,0,residual_0,10,30201.572705059625,29696.2639329371,31717.499021427197,0.0,0.0,0.0,0.0,0,9,MILP
rolling_scenario_mean14,validation,2025-07-12,6,1,residual_1,11,22238.888025261218,21739.94119936076,23735.728502962593,1000.2717184333341,187.4379732030203,422.3821455108652,531.9558530345321,1,9,MILP
rolling_scenario_mean14,validation,2025-07-12,12,2,residual_1,11,27716.299959902775,27230.998092955953,29172.205560743234,207.29018619890593,4.547473508864641e-13,59.705846097530554,76.77950110725125,1,9,LP
rolling_scenario_mean14,validation,2025-07-12,18,3,residual_0,11,22459.721259069112,22123.635612457394,23467.978198904268,160.34855800411583,0.0,52.419260596564946,57.663230855840325,1,9,LP
rolling_scenario_mean14,validation,2025-07-13,0,0,margin,10,66501.62368276522,64608.33976038341,72181.47544991065,0.0,0.0,0.0,0.0,0,9,LP
rolling_scenario_mean14,validation,2025-07-13,6,1,residual_0,11,50048.06631254175,49226.81368358901,52511.82419939996,186.68213998666693,10873.096988668716,3985.363600620374,3829.9684860256552,1,9,LP+MILP
rolling_scenario_mean14,validation,2025-07-13,12,2,residual_0,11,41766.139630524536,41399.235802482544,42866.85111465052,0.0,1007.998101776397,447.01545708984804,438.59483655705833,1,9,LP+MILP
rolling_scenario_mean14,validation,2025-07-13,18,3,keep_previous,11,32085.36078334743,31706.29431255462,33222.56019572586,0.0,0.0,0.0,0.0,0,9,LP
rolling_scenario_mean14,validation,2025-07-14,0,0,residual_0,10,59186.81839113814,58914.66300533028,60003.284548561736,0.0,0.0,0.0,0.0,0,9,LP
rolling_scenario_mean14,validation,2025-07-14,6,1,residual_1,11,47116.8575092197,46939.585922827115,47648.67226839745,914.6269095311382,7050.044792373116,2550.043088625376,2390.3362580289067,1,9,LP
rolling_scenario_mean14,validation,2025-07-14,12,2,margin,11,41672.48136324296,41470.297232383055,42279.03375582265,166.52804072200388,1134.5557479423874,354.0086841561837,338.218047671117,1,9,LP+MILP
rolling_scenario_mean14,validation,2025-07-14,18,3,keep_previous,11,31792.592171825992,31568.838811695543,32463.852252217337,0.0,0.0,0.0,0.0,0,9,LP
rolling_scenario_mean14,validation,2025-07-15,0,0,residual_5,10,64644.02120240745,63625.57877827173,67699.3484748146,0.0,0.0,0.0,0.0,0,9,LP
rolling_scenario_mean14,validation,2025-07-15,6,1,residual_0,11,50267.85538542153,50079.76906841561,50832.11433643928,1182.503722199999,9276.026861790122,3805.8794451586455,3397.8615711604816,1,9,LP
rolling_scenario_mean14,validation,2025-07-15,12,2,margin,11,43997.743153685034,43765.05033470188,44695.821610634484,74.34882488888775,2057.447042861286,835.6964214602037,712.675227482333,1,9,LP
rolling_scenario_mean14,validation,2025-07-15,18,3,residual_0,11,32952.13035262142,32739.95960306267,33588.64260129765,93.67820565061015,52.50993394764964,61.583493970869284,60.77059195847641,1,9,LP
rolling_scenario_mean14,validation,2025-07-16,0,0,residual_4,10,63086.12859201458,61923.2475602094,66574.77168743014,0.0,0.0,0.0,0.0,0,9,LP
rolling_scenario_mean14,validation,2025-07-16,6,1,margin,11,48389.18106019693,48117.357431025564,49204.651947711005,516.6017037466673,7031.952140790126,2971.09945409572,2670.6064356785832,1,9,LP+MILP
rolling_scenario_mean14,validation,2025-07-16,12,2,margin,11,44262.59893339787,44097.51601669482,44757.84768350704,1161.7285164165787,727.7218495500686,696.7349894572652,590.1913254514012,1,9,LP
rolling_scenario_mean14,validation,2025-07-16,18,3,margin,11,32619.236826459695,32447.340980176225,33134.9243653101,0.0,72.60706833333245,52.42519387411038,49.24694888790405,1,9,LP
rolling_scenario_mean14,validation,2025-07-17,0,0,residual_3,10,61169.353647602285,59955.149007027205,64811.96756932753,0.0,0.0,0.0,0.0,0,9,LP
rolling_scenario_mean14,validation,2025-07-17,6,1,residual_5,11,49770.451338261904,49399.8387064702,50882.28923363704,1420.199307222223,4461.368736068174,2275.8435711282527,2145.419649821017,1,9,LP
rolling_scenario_mean14,validation,2025-07-17,12,2,residual_4,11,43982.30710446881,43707.29889719167,44807.33172630024,480.64255468449505,2041.8461214814838,745.0402543577422,690.4734910072245,1,9,LP
rolling_scenario_mean14,validation,2025-07-17,18,3,residual_5,11,32751.28028080069,32524.112292669066,33432.784245195566,2.803534866667178,89.98637489711882,65.45140571032572,62.811027952875406,1,9,LP
rolling_scenario_mean14,validation,2025-07-18,0,0,margin,10,32918.84384101165,32002.288318369494,35668.51040893813,0.0,0.0,0.0,0.0,0,9,LP+MILP
rolling_scenario_mean14,validation,2025-07-18,6,1,residual_4,11,22191.50619792905,22038.07238439501,22651.80763853117,103.18156830666709,2570.527129308646,784.7443897797211,1017.6259285967983,1,9,MILP
rolling_scenario_mean14,validation,2025-07-18,12,2,margin,11,26354.39317877029,26206.553570816144,26797.912002632722,331.4331825540695,1161.1657240227132,518.5043100712975,633.4105611701143,1,9,LP
rolling_scenario_mean14,validation,2025-07-18,18,3,keep_previous,11,22636.602097579882,22473.70996000355,23125.278510308883,0.0,0.0,0.0,0.0,0,9,LP
rolling_scenario_mean14,validation,2025-07-19,0,0,residual_3,10,31970.577318429998,31572.567351552352,33164.60721906294,0.0,0.0,0.0,0.0,0,9,MILP
rolling_scenario_mean14,validation,2025-07-19,6,1,residual_3,11,20847.21390158616,20660.490586550153,21407.38384669419,38.893224999998495,2939.0587047805225,942.5376272564023,1251.1633761369567,1,9,MILP
rolling_scenario_mean14,validation,2025-07-19,12,2,residual_2,11,27004.662010941374,26789.150824278087,27651.19557093123,319.885832305556,63.768584938271715,156.6979133752761,190.67464493191375,1,9,LP
rolling_scenario_mean14,validation,2025-07-19,18,3,margin,11,22784.587300351734,22580.350738825222,23397.296984931272,380.4944757866672,160.56148203333316,230.57670165566557,252.48096060625593,1,9,LP
rolling_scenario_mean14,validation,2025-07-20,0,0,residual_0,10,63454.880344684905,62084.24046926483,67566.79997094515,0.0,0.0,0.0,0.0,0,9,LP
rolling_scenario_mean14,validation,2025-07-20,6,1,margin,11,51581.07220162695,50885.09522081714,53669.00314405639,666.0282793955566,4113.740838883661,1814.395406053045,1655.2013602153347,1,9,LP
rolling_scenario_mean14,validation,2025-07-20,12,2,margin,11,44505.1277793709,44177.386280215425,45488.35227683732,203.06602954777782,5532.702684617783,1671.2139447055943,1596.8171631759506,1,9,LP+MILP
rolling_scenario_mean14,validation,2025-07-20,18,3,margin,11,32254.29601490164,31960.892600351,33134.50625855356,0.0,24.685011691356294,17.46717147800735,16.906327498979156,1,9,LP
rolling_scenario_mean14,validation,2025-07-21,0,0,residual_1,10,61126.27908769022,59339.01364396029,66488.07541888003,0.0,0.0,0.0,0.0,0,9,LP
rolling_scenario_mean14,validation,2025-07-21,6,1,margin,11,48782.07569525512,48437.15962819555,49816.82389643383,1365.7147414192043,142.5969724444442,546.8689818851906,476.41761012002866,1,9,LP
rolling_scenario_mean14,validation,2025-07-21,12,2,margin,11,44568.16086876737,44175.95944388249,45744.765143422024,38.79566788888758,763.2038488840928,323.3347065163963,281.24501895830775,1,9,LP
rolling_scenario_mean14,validation,2025-07-21,18,3,keep_previous,11,32319.879657927428,31917.837204133284,33526.007019309865,0.0,0.0,0.0,0.0,0,9,LP
rolling_scenario_mean14,validation,2025-07-22,0,0,residual_0,10,60461.544285917436,58586.94601707012,66085.3390924594,0.0,0.0,0.0,0.0,0,9,LP
rolling_scenario_mean14,validation,2025-07-22,6,1,margin,11,61174.30911878427,60756.05915572256,62429.05900796941,14975.959700516592,0.0,5104.497292005884,4581.168908530926,1,9,LP
rolling_scenario_mean14,validation,2025-07-22,12,2,residual_0,11,48967.68072409867,48553.06083344378,50211.540396063334,0.0,11594.0426713369,4318.821252908335,3866.980388144015,1,9,MILP
rolling_scenario_mean14,validation,2025-07-22,18,3,residual_0,11,32935.368998329854,32716.304532465558,33592.56239592275,27.87179166666681,0.0,19.144854977916786,18.499264649226312,1,9,LP
rolling_scenario_mean14,validation,2025-07-23,0,0,margin,10,68106.00976624119,66345.60489325995,73387.22438518492,0.0,0.0,0.0,0.0,0,9,LP
rolling_scenario_mean14,validation,2025-07-23,6,1,residual_4,11,52853.002277679116,52652.96497251352,53453.11419317591,97.37010333333353,8388.733446678665,3382.55165202681,3137.8830005509258,1,9,LP+MILP
rolling_scenario_mean14,validation,2025-07-23,12,2,residual_3,11,45014.38536082396,44698.331770195335,45962.54613270982,328.6035990048963,3142.8386449807945,1149.7154995388867,1086.5965275481249,1,9,LP
rolling_scenario_mean14,validation,2025-07-23,18,3,margin,11,32376.194511862344,32201.616479756834,32899.928608178874,369.16542532180927,0.0,165.62282562012174,161.11687870148603,1,9,LP
rolling_scenario_mean14,validation,2025-07-24,0,0,residual_1,10,67226.75322637758,65816.07695953448,71458.78202690688,0.0,0.0,0.0,0.0,0,9,LP
rolling_scenario_mean14,validation,2025-07-24,6,1,residual_3,11,52992.55712510433,52815.837935988995,53522.71469245034,378.0393084166674,3127.0470312086363,1623.3440178936407,1447.0981372593542,1,9,LP+MILP
rolling_scenario_mean14,validation,2025-07-24,12,2,margin,11,47468.29038167607,47326.2367017193,47894.451421546386,384.9496537465021,5078.393972286705,1982.328784144924,1741.2807883619266,1,9,LP
rolling_scenario_mean14,validation,2025-07-24,18,3,keep_previous,11,32103.528875520813,31953.613331175715,32553.275508556108,0.0,0.0,0.0,0.0,0,9,LP
rolling_scenario_mean14,validation,2025-07-25,0,0,residual_0,10,30271.695768570535,29521.46472419206,32522.388901705963,0.0,0.0,0.0,0.0,0,9,MILP
rolling_scenario_mean14,validation,2025-07-25,6,1,residual_2,11,20052.91088295644,19906.15879516711,20493.167146324427,551.2292056444464,689.5301709739376,488.15645573751067,580.122884514897,1,9,MILP
rolling_scenario_mean14,validation,2025-07-25,12,2,margin,11,26153.88688729835,25996.32705618366,26626.566380642413,316.3150098509461,995.5396238189294,431.4672924168376,555.2496687157749,1,9,LP
rolling_scenario_mean14,validation,2025-07-25,18,3,margin,11,22257.590606766764,22072.168674499793,22813.856403567675,0.0,70.01760968192013,42.30290502867058,46.589625133879785,1,9,LP
rolling_scenario_mean14,validation,2025-07-26,0,0,margin,10,28845.27727168469,28187.67766005944,30818.07610656044,0.0,0.0,0.0,0.0,0,9,MILP
rolling_scenario_mean14,validation,2025-07-26,6,1,residual_1,11,20524.132811743235,20339.540973107258,21077.90832765116,1045.5683671255601,29.89615795884822,357.4869353625576,470.4876320049577,1,9,MILP
rolling_scenario_mean14,validation,2025-07-26,12,2,margin,11,25762.64518609946,25579.956671427237,26310.71073011613,100.07065760333182,565.7719784792857,239.94614279202148,304.81166902672305,1,9,LP
rolling_scenario_mean14,validation,2025-07-26,18,3,keep_previous,11,22192.74880157765,21983.55543745102,22820.328893957543,0.0,0.0,0.0,0.0,0,9,LP
rolling_scenario_mean14,validation,2025-07-27,0,0,margin,10,57757.55104369976,56733.97275561665,60828.285907949095,0.0,0.0,0.0,0.0,0,9,LP
rolling_scenario_mean14,validation,2025-07-27,6,1,residual_0,11,50938.25869813624,50742.75110670774,51524.781472421746,4517.8867437468,174.03841500000044,2015.449978534229,1807.2026645430199,1,9,LP+MILP
rolling_scenario_mean14,validation,2025-07-27,12,2,residual_0,11,43642.442009078,43348.31510638134,44524.82271716797,6.821210263296962e-13,5148.529362662407,1761.5717970775445,1589.1897647555038,1,9,MILP
rolling_scenario_mean14,validation,2025-07-27,18,3,margin,11,31901.65382319394,31648.13067408844,32662.223270510447,230.97263450333617,53.85926506666647,208.12756619612657,202.11841404983676,1,9,LP
rolling_scenario_mean14,validation,2025-07-28,0,0,margin,10,61239.372405690105,59504.23090390249,66444.79691105294,0.0,0.0,0.0,0.0,0,9,LP
rolling_scenario_mean14,validation,2025-07-28,6,1,residual_1,11,50988.1819637803,50755.63329184169,51685.82797959611,2120.252812119313,199.7584740905345,1036.8865902431883,904.2038444282065,1,9,LP
rolling_scenario_mean14,validation,2025-07-28,12,2,margin,11,43911.78198864759,43714.64209865306,44503.2016586312,173.95621364609133,2070.4332705637526,1025.2276139956216,902.2497877519776,1,9,LP
rolling_scenario_mean14,validation,2025-07-28,18,3,keep_previous,11,31523.779961130364,31313.577386164965,32154.38768602656,0.0,0.0,0.0,0.0,0,9,LP
rolling_scenario_mean14,validation,2025-07-29,0,0,margin,10,62615.64273495163,60050.59522732293,70310.78525783774,0.0,0.0,0.0,0.0,0,9,LP
rolling_scenario_mean14,validation,2025-07-29,6,1,residual_0,11,53848.00031950466,53226.11241110907,55713.664044691446,5447.2977923931485,156.78929795061856,1907.5170152326652,1690.9696104790587,1,9,LP
rolling_scenario_mean14,validation,2025-07-29,12,2,margin,11,45228.454676856876,45070.9001428732,45701.11827880791,134.6182179506178,3098.36434862688,1050.3724140273453,915.6450218686404,1,9,LP
rolling_scenario_mean14,validation,2025-07-29,18,3,keep_previous,11,32235.969182546716,32077.281294897646,32712.032845493923,0.0,0.0,0.0,0.0,0,9,LP
rolling_scenario_mean14,validation,2025-07-30,0,0,margin,10,57726.20943670265,55671.762143230415,63889.55131711936,0.0,0.0,0.0,0.0,0,9,LP+MILP
rolling_scenario_mean14,validation,2025-07-30,6,1,margin,11,51689.59158437469,51442.92914941702,52429.57888924772,7619.99888388477,0.0,2720.1250180483717,2415.831776796805,1,9,LP
rolling_scenario_mean14,validation,2025-07-30,12,2,residual_5,11,43782.74200883892,43594.91242885814,44346.23074878126,18.08253024222637,3104.438166951988,895.6211596798012,830.042457067304,1,9,LP
rolling_scenario_mean14,validation,2025-07-30,18,3,keep_previous,11,32220.046563368123,32041.649007658132,32755.239230498097,0.0,0.0,0.0,0.0,0,9,LP
rolling_scenario_mean14,validation,2025-07-31,0,0,margin,10,59518.802715707876,58801.117684518715,61671.85780927536,0.0,0.0,0.0,0.0,0,9,LP
rolling_scenario_mean14,validation,2025-07-31,6,1,residual_0,11,48166.92558342057,47959.13684779055,48790.291790310635,553.5832073788895,467.53196628806495,362.30101473337146,338.28430577738254,1,9,LP
rolling_scenario_mean14,validation,2025-07-31,12,2,residual_4,11,43291.000928837384,43130.86739298112,43771.40153640617,115.93513576428029,1402.7336762883456,449.6683818484592,414.8946466487645,1,9,LP
rolling_scenario_mean14,validation,2025-07-31,18,3,keep_previous,11,31839.05910749699,31640.252024755333,32435.480355721953,0.0,0.0,0.0,0.0,0,9,LP
rolling_scenario_mean14,validation,2025-08-01,0,0,margin,10,29435.639831625285,29286.83460136036,29882.055522420065,0.0,0.0,0.0,0.0,0,9,MILP
rolling_scenario_mean14,validation,2025-08-01,6,1,margin,11,19228.35368853429,19060.28506609268,19732.559555859123,2.4442670110147446e-12,1991.4558071111103,666.3176881869509,890.3518370433843,1,9,MILP
rolling_scenario_mean14,validation,2025-08-01,12,2,margin,11,24892.884482022964,24725.585239969278,25394.782208184017,0.0,163.2302593333343,60.630502925517646,78.2809963141592,1,9,LP
rolling_scenario_mean14,validation,2025-08-01,18,3,margin,11,21909.449073374177,21762.681498390768,22349.751798324407,28.884421517777355,7.958078640513122e-13,18.723275662339333,20.126230038048163,1,9,LP
rolling_scenario_mean14,validation,2025-08-02,0,0,margin,10,30908.479798294968,30532.037806893808,32037.805772498443,0.0,0.0,0.0,0.0,0,9,LP+MILP
rolling_scenario_mean14,validation,2025-08-02,6,1,margin,11,20717.17881204703,20545.74180681466,21231.489827744135,1.7053025658242404e-13,2790.5321373607685,856.9324077134216,1151.1831256300402,1,9,MILP
rolling_scenario_mean14,validation,2025-08-02,12,2,keep_previous,11,25339.972139180387,25157.650038069598,25886.93844251275,0.0,0.0,0.0,0.0,0,9,LP
rolling_scenario_mean14,validation,2025-08-02,18,3,keep_previous,11,22020.094207748596,21843.358462895016,22550.301442309334,0.0,0.0,0.0,0.0,0,9,LP
rolling_scenario_mean14,validation,2025-08-03,0,0,margin,10,52172.839630942566,51702.45802671468,53583.984443626214,0.0,0.0,0.0,0.0,0,9,LP+MILP
rolling_scenario_mean14,validation,2025-08-03,6,1,margin,11,41730.86728374155,41388.96214740274,42756.582692758006,674.6886035658171,1900.2597232935527,644.1502920748158,668.7104274422802,1,9,LP+MILP
rolling_scenario_mean14,validation,2025-08-03,12,2,margin,11,38694.8414154253,38327.162690721954,39797.877589535325,5.933031843596837e-13,3610.2978343984646,1111.7326193743615,1164.1673857936717,1,9,MILP
rolling_scenario_mean14,validation,2025-08-03,18,3,residual_0,11,31475.214207879388,31303.872905739972,31989.23811429763,145.22702202666824,323.21742287242705,251.52830909682567,241.41423222946278,1,9,LP
rolling_scenario_mean14,validation,2025-08-04,0,0,margin,10,55685.7400136214,55112.303589087474,57406.049287223155,0.0,0.0,0.0,0.0,0,9,LP+MILP
rolling_scenario_mean14,validation,2025-08-04,6,1,margin,11,44763.3920047598,44485.48863919933,45597.10210144121,0.0,922.309554717414,433.33795516157625,404.66804818891444,1,9,LP+MILP
rolling_scenario_mean14,validation,2025-08-04,12,2,margin,11,41446.17284371975,41156.346891039946,42315.65070175918,1.8474111129762605e-13,5233.891957903987,1810.4259961911152,1704.2221456023076,1,9,MILP
rolling_scenario_mean14,validation,2025-08-04,18,3,residual_0,11,31518.775475121314,31262.185785490405,32288.54454401404,181.97089687444463,97.31134699588404,190.03499832532566,189.59599852709925,1,9,LP
rolling_scenario_mean14,validation,2025-08-05,0,0,margin,10,56233.89905074802,55642.65505818347,58007.631028441676,0.0,0.0,0.0,0.0,0,9,LP+MILP
rolling_scenario_mean14,validation,2025-08-05,6,1,residual_4,11,46481.401979581446,45965.795568729736,48028.22121213658,999.8555852222219,789.6072738175616,533.7043707700587,516.1854283577718,1,9,LP
rolling_scenario_mean14,validation,2025-08-05,12,2,residual_0,11,42374.56874939816,42029.83348226441,43408.774550799404,773.4450482141568,3989.5413509945092,1490.6755997047305,1477.5474601675742,1,9,MILP
rolling_scenario_mean14,validation,2025-08-05,18,3,residual_0,11,32187.28689855286,31797.02712631011,33358.066215281106,2.48333943333364,25.448548888888922,18.276816672583514,18.13720296783478,1,9,LP
rolling_scenario_mean14,validation,2025-08-06,0,0,margin,10,62617.159923426196,60876.56761834551,67838.93683866825,0.0,0.0,0.0,0.0,0,9,LP+MILP
rolling_scenario_mean14,validation,2025-08-06,6,1,keep_previous,11,50175.83943290193,49812.30606408765,51266.43953934477,0.0,0.0,0.0,0.0,0,9,LP+MILP
rolling_scenario_mean14,validation,2025-08-06,12,2,margin,11,46594.631495669644,46232.340499525024,47681.504484103505,1.1368683772161603e-13,7505.1767936364995,2844.5896118218334,2491.125667445627,1,9,MILP
rolling_scenario_mean14,validation,2025-08-06,18,3,residual_5,11,31992.6377715207,31862.65880307961,32382.574676843986,201.35457333333238,394.7496669800007,335.2807563060565,322.7399382427629,1,9,LP
rolling_scenario_mean14,validation,2025-08-07,0,0,residual_0,10,62050.5879776022,61267.47878689337,64399.91554972867,0.0,0.0,0.0,0.0,0,9,LP
rolling_scenario_mean14,validation,2025-08-07,6,1,residual_2,11,49589.90478456586,48651.51563602468,52405.072230189406,632.4365994333302,11115.065032359398,3421.2083746537605,3385.7331707681806,1,9,LP+MILP
rolling_scenario_mean14,validation,2025-08-07,12,2,residual_4,11,43024.89031734422,42553.22342006763,44439.89100917401,979.4196181510018,3757.466363106993,1504.2286052778381,1466.4487332235008,1,9,MILP
rolling_scenario_mean14,validation,2025-08-07,18,3,residual_4,11,31552.04656541173,31370.440336899825,32096.86525094744,0.0,163.42551898333215,110.71988672971034,109.55757132348623,1,9,LP
rolling_scenario_mean14,validation,2025-08-08,0,0,residual_3,10,29081.418110540282,28044.653340289853,32191.712421291566,0.0,0.0,0.0,0.0,0,9,MILP
rolling_scenario_mean14,validation,2025-08-08,6,1,keep_previous,11,19334.34545034035,19018.442489048593,20282.054334215623,0.0,0.0,0.0,0.0,0,9,MILP
rolling_scenario_mean14,validation,2025-08-08,12,2,keep_previous,11,24993.20294493209,24755.69934764013,25705.71373680797,0.0,0.0,0.0,0.0,0,9,LP
rolling_scenario_mean14,validation,2025-08-08,18,3,residual_3,11,21901.711145351514,21698.916406507018,22510.095361884996,0.0,14.309124999998744,8.861641112499179,9.574358187141979,1,9,LP
rolling_scenario_mean14,validation,2025-08-09,0,0,residual_2,10,28192.478064012485,27792.4561394888,29392.543837583533,0.0,0.0,0.0,0.0,0,9,MILP
rolling_scenario_mean14,validation,2025-08-09,6,1,margin,11,18865.47796134715,18668.384421073315,19456.75858216866,59.068760222217975,445.56087088889024,174.3823376690791,227.7161087829969,1,9,MILP
rolling_scenario_mean14,validation,2025-08-09,12,2,margin,11,25769.33539142383,25348.734454851176,27031.13820114179,482.6911815822263,1.1368683772161603e-13,178.3349044806065,229.70469480765053,1,9,LP
rolling_scenario_mean14,validation,2025-08-09,18,3,keep_previous,11,22043.032325510845,21805.080211371627,22756.8886679285,0.0,0.0,0.0,0.0,0,9,LP
rolling_scenario_mean14,validation,2025-08-10,0,0,residual_1,10,53178.7142883351,53051.33605013983,53560.84900292091,0.0,0.0,0.0,0.0,0,9,LP+MILP
rolling_scenario_mean14,validation,2025-08-10,6,1,margin,11,42385.98055365442,41711.728072479,44408.73799718069,116.68560734333579,3760.86038370782,1500.5105467276107,1390.098534826557,1,9,LP+MILP
rolling_scenario_mean14,validation,2025-08-10,12,2,residual_1,11,40858.76319143145,40132.36659105451,43037.95299256226,354.8013665055513,566.0193354167905,374.03877782717757,333.4702181525708,1,9,LP+MILP
rolling_scenario_mean14,validation,2025-08-10,18,3,residual_1,11,31462.090394522384,31230.785701699024,32156.004472992463,0.0,76.67665288888986,55.33762325112299,54.06785687269837,1,9,LP
rolling_scenario_mean14,validation,2025-08-11,0,0,residual_0,10,51069.25204830896,50922.201664278145,51510.40320040142,0.0,0.0,0.0,0.0,0,9,LP+MILP
rolling_scenario_mean14,validation,2025-08-11,6,1,margin,11,42272.73861080202,41773.98070626755,43769.01232440542,750.6024808311063,335.9860571454004,397.75965411072445,365.4176303609031,1,9,LP
rolling_scenario_mean14,validation,2025-08-11,12,2,residual_0,11,41481.25816058306,40791.818043243446,43549.5785126019,1010.0397712752205,2190.528654704443,897.6470077608535,822.3093580963509,1,9,MILP
rolling_scenario_mean14,validation,2025-08-11,18,3,keep_previous,11,31169.554095366133,30920.455752066304,31916.849125265617,0.0,0.0,0.0,0.0,0,9,LP
rolling_scenario_mean14,validation,2025-08-12,0,0,margin,10,54139.8406454482,53766.34709775345,55260.32128853244,0.0,0.0,0.0,0.0,0,9,LP+MILP
rolling_scenario_mean14,validation,2025-08-12,6,1,point,11,44485.318240264096,44260.66268500388,45159.28490604475,1189.2455710999955,5719.512530089162,2078.3907577716095,1800.4201007639917,1,9,LP+MILP
rolling_scenario_mean14,validation,2025-08-12,12,2,residual_0,11,41423.95003479811,41303.37697710328,41785.66920788259,993.9943148089184,845.7803837928649,641.3528909713718,573.8407847768194,1,9,LP+MILP
rolling_scenario_mean14,validation,2025-08-12,18,3,keep_previous,11,30799.956606302505,30669.85965200015,31190.24746920958,0.0,0.0,0.0,0.0,0,9,LP
rolling_scenario_mean14,validation,2025-08-13,0,0,margin,10,49766.97639726468,49256.31175126592,51298.970335260965,0.0,0.0,0.0,0.0,0,9,LP+MILP
rolling_scenario_mean14,validation,2025-08-13,6,1,keep_previous,11,39298.71413831242,39156.918249394366,39724.10180506658,0.0,0.0,0.0,0.0,0,9,LP
rolling_scenario_mean14,validation,2025-08-13,12,2,point,11,37671.079022311336,37530.79280019813,38091.937688650956,513.051747035184,744.1121947352542,403.49093817700066,360.0443122818002,1,9,LP
rolling_scenario_mean14,validation,2025-08-13,18,3,point,11,30707.689902010417,30558.90595443852,31154.041744726117,54.139971016665186,0.0,43.94541447422713,42.732872480493185,1,9,LP
rolling_scenario_mean14,validation,2025-08-14,0,0,margin,10,51196.877672468545,50988.84452937637,51820.97710174505,0.0,0.0,0.0,0.0,0,9,LP+MILP
rolling_scenario_mean14,validation,2025-08-14,6,1,point,11,42739.18001475657,42603.764393387384,43145.426878864106,2547.6618883539036,524.3552616666678,873.1234840849885,796.094879701979,1,9,LP
rolling_scenario_mean14,validation,2025-08-14,12,2,point,11,38446.47359193333,38297.8717548306,38892.279103241526,2.2737367544323206e-13,3223.251810046632,1033.9952616959154,872.9743616298555,1,9,LP+MILP
rolling_scenario_mean14,validation,2025-08-14,18,3,keep_previous,11,30548.553816661744,30409.91663872488,30964.465350472332,0.0,0.0,0.0,0.0,0,9,LP
rolling_scenario_mean14,validation,2025-08-15,0,0,margin,10,27200.16813226712,27113.975262690517,27458.74674099694,0.0,0.0,0.0,0.0,0,9,MILP
rolling_scenario_mean14,validation,2025-08-15,6,1,margin,11,18034.474666675087,17932.749289780844,18339.650797357823,5.684341886080802e-14,1162.9025480000098,423.1612340843153,540.0282872746344,1,9,MILP
rolling_scenario_mean14,validation,2025-08-15,12,2,margin,11,23562.489304255978,23452.005603238682,23893.940407307862,0.0,400.74528466666607,152.4950501100719,191.9654783543187,1,9,LP
rolling_scenario_mean14,validation,2025-08-15,18,3,keep_previous,11,20983.343501392854,20857.932444760925,21359.57667128864,0.0,0.0,0.0,0.0,0,9,LP
rolling_scenario_mean14,validation,2025-08-16,0,0,margin,10,28709.39503736915,28578.549743055188,29101.930920311042,0.0,0.0,0.0,0.0,0,9,MILP
rolling_scenario_mean14,validation,2025-08-16,6,1,margin,11,18408.75915638519,18309.649892018246,18706.08694948602,1.7053025658242404e-12,3156.2038846666665,1038.3288196819774,1348.6666617583992,1,9,MILP
rolling_scenario_mean14,validation,2025-08-16,12,2,keep_previous,11,23858.329970710263,23751.870289210627,24177.70901520917,0.0,0.0,0.0,0.0,0,9,LP
rolling_scenario_mean14,validation,2025-08-16,18,3,keep_previous,11,21246.695593988075,21123.843766385984,21615.251076794353,0.0,0.0,0.0,0.0,0,9,LP
rolling_scenario_mean14,validation,2025-08-17,0,0,margin,10,52374.436275507614,51891.90185142542,53822.03954775418,0.0,0.0,0.0,0.0,0,9,LP+MILP
rolling_scenario_mean14,validation,2025-08-17,6,1,point,11,40762.297097751136,40704.813277093235,40934.74855972483,0.0,4482.1276442112485,1088.1248345338286,1041.4634060092649,1,9,LP+MILP
rolling_scenario_mean14,validation,2025-08-17,12,2,point,11,39021.59503829447,38965.54311029741,39189.75082228565,576.3490596011129,2534.484592668039,846.300273451084,714.885369171035,1,9,MILP
rolling_scenario_mean14,validation,2025-08-17,18,3,keep_previous,11,30769.053373699877,30691.594014104398,31001.431452486315,0.0,0.0,0.0,0.0,0,9,LP
rolling_scenario_mean14,validation,2025-08-18,0,0,margin,10,52300.870678637264,51657.04761699748,54232.33986355663,0.0,0.0,0.0,0.0,0,9,LP+MILP
rolling_scenario_mean14,validation,2025-08-18,6,1,margin,11,41384.815309516634,41310.03023346933,41609.170537658545,24.954006591208213,87.4905818189269,65.89586565647404,60.95080707625928,1,9,LP+MILP
rolling_scenario_mean14,validation,2025-08-18,12,2,margin,11,39490.795837974016,39414.53191382796,39719.58761041219,0.04029744444449079,2354.7567391549987,787.728525898666,693.0791681440869,1,9,MILP
rolling_scenario_mean14,validation,2025-08-18,18,3,keep_previous,11,30853.002637746347,30772.598057015308,31094.21637993947,0.0,0.0,0.0,0.0,0,9,LP
rolling_scenario_mean14,validation,2025-08-19,0,0,margin,10,50234.389440431885,50153.615161120644,50476.71227836561,0.0,0.0,0.0,0.0,0,9,LP+MILP
rolling_scenario_mean14,validation,2025-08-19,6,1,margin,11,39142.71377062422,39081.9026118682,39325.147246892295,5.674936222221845,2208.3834309904096,880.6312984865477,799.3571365092173,1,9,LP+MILP
rolling_scenario_mean14,validation,2025-08-19,12,2,point,11,38298.67755872087,38211.20095809933,38561.10736058547,698.2873831804545,1502.7518279341568,636.4486078568747,537.5009011705521,1,9,LP+MILP
rolling_scenario_mean14,validation,2025-08-19,18,3,keep_previous,11,30770.721933299395,30691.51757066334,31008.335021207553,0.0,0.0,0.0,0.0,0,9,LP
rolling_scenario_mean14,validation,2025-08-20,0,0,margin,10,56173.85725272417,54774.30464029347,60372.51509001627,0.0,0.0,0.0,0.0,0,9,LP+MILP
rolling_scenario_mean14,validation,2025-08-20,6,1,margin,11,44909.36947808679,44758.1170240035,45363.126840336656,1746.5320403333294,5481.083468079561,2390.525553135868,2013.7598562174735,1,9,LP
rolling_scenario_mean14,validation,2025-08-20,12,2,margin,11,38394.16084725949,38261.22718366867,38792.96183803194,0.0,1493.4057469190657,535.2808743156754,456.7193635928729,1,9,LP
rolling_scenario_mean14,validation,2025-08-20,18,3,keep_previous,11,30672.128496111054,30535.55889309231,31081.837305167282,0.0,0.0,0.0,0.0,0,9,LP
rolling_scenario_mean14,validation,2025-08-21,0,0,margin,10,53819.42127101196,52532.92584221253,57678.907557410246,0.0,0.0,0.0,0.0,0,9,LP+MILP
rolling_scenario_mean14,validation,2025-08-21,6,1,margin,11,42224.86483482992,42081.274886303145,42655.63468041024,937.4781976666618,5813.321701604938,2022.971021545894,1689.6091557186523,1,9,LP+MILP
rolling_scenario_mean14,validation,2025-08-21,12,2,margin,11,39087.523059142215,38961.169322178364,39466.58427003376,0.0,1321.8814894814827,471.627342454558,389.0612299372648,1,9,MILP
rolling_scenario_mean14,validation,2025-08-21,18,3,keep_previous,11,30624.069181047227,30495.29298070764,31010.397782065993,0.0,0.0,0.0,0.0,0,9,LP
rolling_scenario_mean14,validation,2025-08-22,0,0,margin,10,26750.462881545158,26690.027680851494,26931.768483626147,0.0,0.0,0.0,0.0,0,9,MILP
rolling_scenario_mean14,validation,2025-08-22,6,1,margin,11,17471.90249700643,17394.810615776067,17703.178140697524,8.386109666667153,802.7744117777765,279.8186709784887,357.0472925254013,1,9,MILP
rolling_scenario_mean14,validation,2025-08-22,12,2,margin,11,23729.214073840263,23647.769753885757,23973.547033703777,0.0,141.37595298628128,74.89818470611677,86.12150578889099,1,9,LP
rolling_scenario_mean14,validation,2025-08-22,18,3,keep_previous,11,20855.24613201392,20776.07461016655,21092.76069755603,0.0,0.0,0.0,0.0,0,9,LP
rolling_scenario_mean14,validation,2025-08-23,0,0,margin,10,25982.097057328967,25927.250222553666,26146.637561654865,0.0,0.0,0.0,0.0,0,9,MILP
rolling_scenario_mean14,validation,2025-08-23,6,1,residual_7,11,18747.870034791897,18666.905180451475,18990.764597813162,754.6952482355574,334.58136200000087,319.14577587396946,404.1114749045551,1,9,MILP
rolling_scenario_mean14,validation,2025-08-23,12,2,residual_7,11,24321.80599399658,24241.676117148978,24562.195624539378,35.91708233333003,1.5676916666668603,13.430658309943285,17.407754963081405,1,9,LP
rolling_scenario_mean14,validation,2025-08-23,18,3,keep_previous,11,21348.359460234413,21265.745861720534,21596.200255776046,0.0,0.0,0.0,0.0,0,9,LP
rolling_scenario_mean14,validation,2025-08-24,0,0,margin,10,50918.98979516576,50757.44393714644,51403.62736922374,0.0,0.0,0.0,0.0,0,9,LP+MILP
rolling_scenario_mean14,validation,2025-08-24,6,1,margin,11,39933.87742262768,39725.07221442301,40560.29304724169,9.767759043337009,2770.8311738010952,1245.5177158083575,1094.7178084159732,1,9,LP+MILP
rolling_scenario_mean14,validation,2025-08-24,12,2,residual_6,11,40024.78709674917,39902.34299322408,40392.11940732443,1995.2564629883907,808.0975941111093,1074.2719117599793,972.6415391510022,1,9,MILP
rolling_scenario_mean14,validation,2025-08-24,18,3,keep_previous,11,30959.10738470764,30846.512503411497,31296.892028596063,0.0,0.0,0.0,0.0,0,9,LP
rolling_scenario_mean14,validation,2025-08-25,0,0,margin,10,63018.25720910708,62761.979520277324,63787.09027559636,0.0,0.0,0.0,0.0,0,9,LP
rolling_scenario_mean14,validation,2025-08-25,6,1,margin,11,49946.53523847802,49815.75516439687,50338.875460721465,186.18488810111353,11834.913741260621,4032.7591538547313,3413.1626219625996,1,9,LP
rolling_scenario_mean14,validation,2025-08-25,12,2,margin,11,42630.27984429975,42432.20152390923,43224.51480547131,0.0,4500.034618435815,1769.261669961144,1508.1425087822781,1,9,LP
rolling_scenario_mean14,validation,2025-08-25,18,3,keep_previous,11,30869.600398040093,30683.996143086017,31426.41316290232,0.0,0.0,0.0,0.0,0,9,LP
rolling_scenario_mean14,validation,2025-08-26,0,0,margin,10,51678.170356398696,51495.99331087989,52224.70149295511,0.0,0.0,0.0,0.0,0,9,LP+MILP
rolling_scenario_mean14,validation,2025-08-26,6,1,margin,11,45710.09400942527,45422.08689373064,46574.11535650917,4876.582356290821,0.0,1263.1343862868139,1144.0976227349156,1,9,LP+MILP
rolling_scenario_mean14,validation,2025-08-26,12,2,margin,11,41365.143045015255,41142.90419381749,42031.85959860854,0.0,4656.254091773664,1481.0287311547568,1335.139802569644,1,9,MILP
rolling_scenario_mean14,validation,2025-08-26,18,3,margin,11,30987.29766920356,30779.808219012695,31609.76601977615,0.0,11.595204333332617,8.310341124793926,7.966760203842355,1,9,LP
rolling_scenario_mean14,validation,2025-08-27,0,0,margin,10,52142.56411326927,51910.6502289444,52838.30576624386,0.0,0.0,0.0,0.0,0,9,LP+MILP
rolling_scenario_mean14,validation,2025-08-27,6,1,margin,11,50796.35268577118,50180.70740173198,52643.28853788876,9569.362825775039,0.0,3088.7845683303385,2682.7260433164593,1,9,LP
rolling_scenario_mean14,validation,2025-08-27,12,2,margin,11,43386.279593084095,43098.2025094658,44250.51084393898,0.0,6235.296906965708,1921.2572246574252,1761.4833949454114,1,9,MILP
rolling_scenario_mean14,validation,2025-08-27,18,3,keep_previous,11,30805.233567957614,30542.522394375643,31593.36708870353,0.0,0.0,0.0,0.0,0,9,LP
rolling_scenario_mean14,validation,2025-08-28,0,0,margin,10,51012.31714731656,50474.89217216763,52624.592072763335,0.0,0.0,0.0,0.0,0,9,LP+MILP
rolling_scenario_mean14,validation,2025-08-28,6,1,residual_2,11,49586.69974054214,47980.17982739392,54406.259479986795,7018.855986714271,378.8864324444452,2759.5424418535463,2371.6365135965875,1,9,LP
rolling_scenario_mean14,validation,2025-08-28,12,2,residual_2,11,39542.49115878864,39384.703897263826,40015.85294336307,0.0,3180.5586379497454,1133.904688943081,972.861910460209,1,9,LP
rolling_scenario_mean14,validation,2025-08-28,18,3,keep_previous,11,30417.471370867814,30337.583625423355,30657.134607201195,0.0,0.0,0.0,0.0,0,9,LP
rolling_scenario_mean14,validation,2025-08-29,0,0,margin,10,29016.922512110512,28570.18345446083,30357.139685059563,0.0,0.0,0.0,0.0,0,9,MILP
rolling_scenario_mean14,validation,2025-08-29,6,1,margin,11,20129.278520358257,19784.98547374375,21162.157660201778,2.7619312222236942,1901.2070597355528,663.3423458507928,835.1631733661808,1,9,MILP
rolling_scenario_mean14,validation,2025-08-29,12,2,margin,11,25122.23365560149,24879.089949010926,25851.664775373174,646.4067816666671,2.2737367544323206e-13,234.44985590602286,296.3553874056118,1,9,LP
rolling_scenario_mean14,validation,2025-08-29,18,3,margin,11,20941.87173037602,20839.66952852659,21248.47833592431,0.0,9.198994000001676,5.79811609432329,6.343980129340077,1,9,LP
rolling_scenario_mean14,validation,2025-08-30,0,0,margin,10,28571.704443349663,28052.629959451362,30128.92789504457,0.0,0.0,0.0,0.0,0,9,MILP
rolling_scenario_mean14,validation,2025-08-30,6,1,residual_2,11,19745.514712832293,19594.801563638164,20197.654160414684,174.28489511110791,1172.58847051852,374.9623747719754,443.61094036412885,1,9,MILP
rolling_scenario_mean14,validation,2025-08-30,12,2,residual_0,11,25038.5631846341,24902.30229527173,25447.345852721202,173.437604979424,1139.6118313717423,392.9836279555809,491.0912245893586,1,9,LP
rolling_scenario_mean14,validation,2025-08-30,18,3,margin,11,21123.92194025997,21022.732122121735,21427.491394674675,419.88433327005833,0.0,120.66017852956877,138.24524637679613,1,9,LP
rolling_scenario_mean14,validation,2025-08-31,0,0,margin,10,52656.70047247293,52105.70306828421,54309.69268503909,0.0,0.0,0.0,0.0,0,9,LP+MILP
rolling_scenario_mean14,validation,2025-08-31,6,1,margin,11,42545.369240795924,42451.36391532157,42827.38521721899,511.33620103205453,362.3529095555533,305.97280836697513,261.9043874403639,1,9,LP+MILP
rolling_scenario_mean14,validation,2025-08-31,12,2,margin,11,38718.24153551641,38612.93046309936,39034.17475276758,3.836850888887625,3148.277995783259,1178.9717963824746,1024.4919851605782,1,9,LP
rolling_scenario_mean14,validation,2025-08-31,18,3,keep_previous,11,30433.545861211805,30330.96147698935,30741.29901387918,0.0,0.0,0.0,0.0,0,9,LP
rolling_scenario_mean14,evaluation,2025-09-01,0,0,margin,10,59571.62525093189,58172.5162399273,63768.952283945655,0.0,0.0,0.0,0.0,0,9,LP+MILP
rolling_scenario_mean14,evaluation,2025-09-01,6,1,residual_0,11,45097.982886498015,44895.99078742643,45703.95918371276,0.0,12377.76956249704,3423.322654879871,3225.3489591603216,1,9,LP+MILP
rolling_scenario_mean14,evaluation,2025-09-01,12,2,point,11,39763.815684735266,39657.160639023146,40083.78082187161,393.5396637503719,1668.7889295541836,539.906072406022,532.3113034120805,1,9,MILP
rolling_scenario_mean14,evaluation,2025-09-01,18,3,keep_previous,11,30232.338942165163,30102.310804970188,30622.423353750084,0.0,0.0,0.0,0.0,0,9,LP
rolling_scenario_mean14,evaluation,2025-09-02,0,0,margin,10,53515.11099909192,52286.19302606328,57201.86491817786,0.0,0.0,0.0,0.0,0,9,LP+MILP
rolling_scenario_mean14,evaluation,2025-09-02,6,1,residual_4,11,43120.94395223069,42817.99320240087,44029.796201720186,2274.9345168044542,615.7376666397108,1040.2469620596296,1009.3345464943922,1,9,LP
rolling_scenario_mean14,evaluation,2025-09-02,12,2,point,11,38841.7656330572,38646.620417392645,39427.20128005086,116.04837233399284,3861.671188143079,1112.288928542336,1084.413153053537,1,9,MILP
rolling_scenario_mean14,evaluation,2025-09-02,18,3,point,11,29477.81952681634,29256.37356545654,30142.157410895743,0.5170916666672838,81.5563051152285,53.763212758478865,54.568606454278324,1,9,LP
rolling_scenario_mean14,evaluation,2025-09-03,0,0,residual_2,10,55207.74485024184,54309.47471929534,57902.55524308136,0.0,0.0,0.0,0.0,0,9,LP+MILP
rolling_scenario_mean14,evaluation,2025-09-03,6,1,margin,11,42581.65614630808,42265.38077306154,43530.4822660477,728.6415817055544,6413.404802967076,2112.3025489525603,1961.0272294101128,1,9,LP+MILP
rolling_scenario_mean14,evaluation,2025-09-03,12,2,point,11,39163.30845783677,38818.980097490276,40196.29353887626,0.0,2244.577856806216,675.3470193468535,642.6506910996791,1,9,MILP
rolling_scenario_mean14,evaluation,2025-09-03,18,3,residual_4,11,28791.34731283111,28482.115134283165,29719.043848474943,81.71629371407437,151.64306920555703,137.77223283532103,148.09406749140996,1,9,LP
rolling_scenario_mean14,evaluation,2025-09-04,0,0,margin,10,55081.3442679414,53180.28679137737,60784.516697633495,0.0,0.0,0.0,0.0,0,9,LP+MILP
rolling_scenario_mean14,evaluation,2025-09-04,6,1,residual_2,11,41443.571275857335,41056.210508749784,42605.653577180005,516.6753215555547,6486.990999591222,1895.9867534056443,1788.3061641894808,1,9,LP+MILP
rolling_scenario_mean14,evaluation,2025-09-04,12,2,point,11,38164.98260799897,37762.067459547856,39373.728053352315,141.44739587580102,1698.0588856872448,676.6476679845221,647.2816221722288,1,9,MILP
rolling_scenario_mean14,evaluation,2025-09-04,18,3,point,11,28292.043202885056,27847.20233651068,29626.565802008176,0.0,1.6909583333334695,1.1229597926389796,1.1287432727481064,1,9,LP
rolling_scenario_mean14,evaluation,2025-09-05,0,0,margin,10,27748.181894183508,26150.82736252359,32540.24548916326,0.0,0.0,0.0,0.0,0,9,MILP
rolling_scenario_mean14,evaluation,2025-09-05,6,1,margin,11,18873.9793235587,18455.744372860998,20128.684175651804,2.8421709430404007e-13,867.4959534444436,303.37884534276054,419.2738146627347,1,9,MILP
rolling_scenario_mean14,evaluation,2025-09-05,12,2,point,11,21876.74428624921,21433.130752721518,23207.584886832286,0.0,419.1412975555534,167.54772856187105,219.74055711969302,1,9,LP
rolling_scenario_mean14,evaluation,2025-09-05,18,3,point,11,18516.91535968661,18024.377008508287,19994.530413221568,17.08400000000006,0.0,9.630478586666698,11.339260942857184,1,9,LP
rolling_scenario_mean14,evaluation,2025-09-06,0,0,point,10,24817.44033022227,24380.25799786009,26128.987327308805,0.0,0.0,0.0,0.0,0,9,MILP
rolling_scenario_mean14,evaluation,2025-09-06,6,1,margin,11,18122.855765031825,17600.157814494236,19690.949616644597,32.51744555555598,313.7653024773665,119.58020112448474,165.88827913200956,1,9,MILP
rolling_scenario_mean14,evaluation,2025-09-06,12,2,margin,11,21551.553160228596,21039.222161878857,23088.546155277807,0.0,236.5362824115228,72.99898061427675,102.14437576972743,1,9,LP
rolling_scenario_mean14,evaluation,2025-09-06,18,3,keep_previous,11,18228.686727970842,17658.649491401487,19938.798437678903,0.0,0.0,0.0,0.0,0,9,LP
rolling_scenario_mean14,evaluation,2025-09-07,0,0,margin,10,47257.014467900255,46317.96918783734,50074.150308088996,0.0,0.0,0.0,0.0,0,9,LP+MILP
rolling_scenario_mean14,evaluation,2025-09-07,6,1,point,11,41027.26037425123,40195.944757865116,43521.20722340957,5311.733987552806,0.0,1377.9187786620002,1246.1664286544824,1,9,LP
rolling_scenario_mean14,evaluation,2025-09-07,12,2,point,10,36882.703383344924,36235.10478671687,38825.49917322911,123.22344166666699,4178.325381433466,1140.3542295628479,976.7463986764684,1,9,MILP
rolling_scenario_mean14,evaluation,2025-09-07,18,3,residual_0,10,26772.72776984675,26100.178279976066,28790.37623945881,97.82255713333325,112.10069458847852,112.71748335835979,117.307985845138,1,9,LP
rolling_scenario_mean14,evaluation,2025-09-08,0,0,margin,10,49947.128388142184,48263.69711376115,54997.42221128531,0.0,0.0,0.0,0.0,0,9,LP+MILP
rolling_scenario_mean14,evaluation,2025-09-08,6,1,point,11,39485.31589527042,38444.92873102225,42606.47738801492,1041.69464489369,4040.2669199423863,1471.719709795144,1313.723943204045,1,9,LP+MILP
rolling_scenario_mean14,evaluation,2025-09-08,12,2,point,10,36033.971617015384,35343.77865449284,38104.55050458302,879.5643302242789,1113.574916810698,596.9803492091195,491.7629191531045,1,9,LP+MILP
rolling_scenario_mean14,evaluation,2025-09-08,18,3,point,10,24836.52300356246,24099.041229244314,27048.968326516893,2.823666666666668,0.0,1.8800631522222249,1.8489302103174594,1,9,LP
rolling_scenario_mean14,evaluation,2025-09-09,0,0,point,10,41739.961224829334,41123.49404483746,43589.362764804944,0.0,0.0,0.0,0.0,0,9,MILP
rolling_scenario_mean14,evaluation,2025-09-09,6,1,point,11,37468.35431882672,36770.43693676251,39562.10646501935,5268.004216934154,2.2737367544323206e-13,1656.460594193152,1560.825956113547,1,9,LP+MILP
rolling_scenario_mean14,evaluation,2025-09-09,12,2,point,10,34349.51255783616,33621.444496182594,36533.71674279686,3.623767952376511e-13,3019.9156987928654,861.3349816236342,838.8411916132684,1,9,MILP
rolling_scenario_mean14,evaluation,2025-09-09,18,3,point,10,24452.962456342015,23646.96665522254,26870.94985970045,0.2489166666670144,0.0,0.16900694916688036,0.1624255332343531,1,9,LP
rolling_scenario_mean14,evaluation,2025-09-10,0,0,point,10,47219.940465930296,46720.98862460152,48716.79598991662,0.0,0.0,0.0,0.0,0,9,LP
rolling_scenario_mean14,evaluation,2025-09-10,6,1,point,11,36705.62371457993,36031.63292047239,38727.59609690256,0.0,4603.118918113854,1357.4418182315962,1144.3976630243285,1,9,LP+MILP
rolling_scenario_mean14,evaluation,2025-09-10,12,2,point,10,34808.96433320134,34106.852291533985,36915.3004582034,2954.5966727366217,0.0,1045.5609228910844,918.6929365837209,1,9,LP
rolling_scenario_mean14,evaluation,2025-09-10,18,3,point,10,24214.075133545186,23437.937231214375,26542.48884053762,0.35141666666663696,0.0,0.23175109194442414,0.228604155694426,1,9,LP
rolling_scenario_mean14,evaluation,2025-09-11,0,0,point,10,47030.44033548975,46456.94705087339,48750.92018933884,0.0,0.0,0.0,0.0,0,9,LP
rolling_scenario_mean14,evaluation,2025-09-11,6,1,point,11,35948.7992527941,35299.7288021373,37896.01060476451,0.0,10268.185316790124,2565.0879692311178,2423.7780927787585,1,9,LP+MILP
rolling_scenario_mean14,evaluation,2025-09-11,12,2,point,10,31242.2542172287,30567.411197630914,33266.78327602206,60.49803333333341,211.51191436213867,63.415424038981286,65.55818624703835,1,9,LP+MILP
rolling_scenario_mean14,evaluation,2025-09-11,18,3,point,10,24070.956921000114,23327.452296765656,26301.470793703495,0.0,2.4206250000004275,1.5932069625002678,1.569445070089558,1,9,LP
rolling_scenario_mean14,evaluation,2025-09-12,0,0,point,10,21989.99007358437,21349.488013992155,23911.496252361012,0.0,0.0,0.0,0.0,0,9,MILP
rolling_scenario_mean14,evaluation,2025-09-12,6,1,point,10,15305.086572247277,14582.082064733133,17474.10009478971,2.2737367544323206e-13,740.2803711111112,235.13646601708322,311.0121262518928,1,9,MILP
rolling_scenario_mean14,evaluation,2025-09-12,12,2,point,10,19717.163898736922,18965.874678269152,21971.03156014023,886.3553766666669,5.684341886080801e-13,279.6503436286113,368.93352494251815,1,9,LP
rolling_scenario_mean14,evaluation,2025-09-12,18,3,keep_previous,10,15298.900323254282,14471.35109196755,17781.54801711448,0.0,0.0,0.0,0.0,0,9,LP
rolling_scenario_mean14,evaluation,2025-09-13,0,0,point,10,21816.653631648078,21199.73461562084,23667.410679729786,0.0,0.0,0.0,0.0,0,9,MILP
rolling_scenario_mean14,evaluation,2025-09-13,6,1,point,10,15475.273002014725,14779.07346766669,17563.871605058823,1.1368683772161603e-13,226.52633333333364,81.08592032944455,102.54845107384935,1,9,MILP
rolling_scenario_mean14,evaluation,2025-09-13,12,2,point,10,19218.93880126624,18495.90898153158,21388.028260470215,261.47121166666574,2.2737367544323206e-13,88.14790197113852,109.27755579924164,1,9,LP
rolling_scenario_mean14,evaluation,2025-09-13,18,3,point,10,15341.243482827475,14546.1389730076,17726.5570122871,4.034750000000372,0.0,2.2828884483335443,2.581135247024047,1,9,LP
rolling_scenario_mean14,evaluation,2025-09-14,0,0,margin,10,49534.81986791349,48937.55114684322,51326.62603112429,0.0,0.0,0.0,0.0,0,9,LP+MILP
rolling_scenario_mean14,evaluation,2025-09-14,6,1,point,11,38293.303789030775,37624.3879525959,40300.05129833542,0.0,8374.700960382712,2737.4940458478895,2454.7624578785003,1,9,LP+MILP
rolling_scenario_mean14,evaluation,2025-09-14,12,2,point,10,33001.06488158404,32299.94535557011,35104.42345962583,416.37734444444084,734.1873655967112,319.26848576994615,249.33896469764295,1,9,LP+MILP
rolling_scenario_mean14,evaluation,2025-09-14,18,3,keep_previous,10,23207.932040807194,22440.333584782198,25510.72740888219,0.0,0.0,0.0,0.0,0,9,LP
rolling_scenario_mean14,evaluation,2025-09-15,0,0,margin,10,40234.90342894912,39672.64049844633,41921.69222045748,0.0,0.0,0.0,0.0,0,9,LP+MILP
rolling_scenario_mean14,evaluation,2025-09-15,6,1,point,10,32085.257067861334,31433.92062409533,34039.26639915934,358.3771445833317,183.7600565102883,224.4142469778868,198.82437226649228,1,9,LP+MILP
rolling_scenario_mean14,evaluation,2025-09-15,12,2,point,10,30292.313107098686,29618.99781438388,32312.2589852431,300.7498914248962,0.0,115.04775527707514,92.51453006319005,1,9,MILP
rolling_scenario_mean14,evaluation,2025-09-15,18,3,keep_previous,10,22104.071026111167,21367.27150587513,24314.46958681928,0.0,0.0,0.0,0.0,0,9,LP
rolling_scenario_mean14,evaluation,2025-09-16,0,0,margin,10,46754.438129444665,46214.456092392604,48374.38424060086,0.0,0.0,0.0,0.0,0,9,LP
rolling_scenario_mean14,evaluation,2025-09-16,6,1,point,11,36979.673972398836,36419.2831281469,38660.84650515466,149.38738611111182,6386.777256787978,2228.314387145031,1860.3708085341282,1,9,LP
rolling_scenario_mean14,evaluation,2025-09-16,12,2,point,10,32056.85539163914,31425.506070800202,33950.90335415595,32.58568105556009,3148.8163293827147,785.1776896614462,599.343032660175,1,9,MILP
rolling_scenario_mean14,evaluation,2025-09-16,18,3,point,10,22397.559850172634,21707.003530407474,24469.228809468113,3.15362499999992,0.0,2.0864382999999473,2.0115930175297105,1,9,LP
rolling_scenario_mean14,evaluation,2025-09-17,0,0,margin,10,45418.032808735996,44902.012394908554,46966.09405021832,0.0,0.0,0.0,0.0,0,9,LP+MILP
rolling_scenario_mean14,evaluation,2025-09-17,6,1,point,11,36289.256875547275,35760.12814711568,37876.643060842034,0.0,3793.3387137270247,1191.6927343487737,1045.1425114724968,1,9,LP+MILP
rolling_scenario_mean14,evaluation,2025-09-17,12,2,point,10,30748.797517988492,30142.4097946108,32567.96068812157,0.0,656.3173677160435,303.9832208701922,273.2524275495737,1,9,LP+MILP
rolling_scenario_mean14,evaluation,2025-09-17,18,3,keep_previous,10,22437.72724110035,21775.708494924624,24423.783479627527,0.0,0.0,0.0,0.0,0,9,LP
rolling_scenario_mean14,evaluation,2025-09-18,0,0,margin,10,41263.82025656461,40768.38596075658,42750.1231439887,0.0,0.0,0.0,0.0,0,9,LP+MILP
rolling_scenario_mean14,evaluation,2025-09-18,6,1,point,11,38011.03205456817,37497.07455015396,39552.90456781081,7601.158022440744,0.0,1904.5736645100378,1621.5524835615843,1,9,LP
rolling_scenario_mean14,evaluation,2025-09-18,12,2,point,10,32188.967528007197,31602.689955747188,33947.80024478723,0.7574633611134232,3196.5594451100837,858.1577482500409,728.1892675874985,1,9,LP+MILP
rolling_scenario_mean14,evaluation,2025-09-18,18,3,keep_previous,10,22506.82013309741,21867.361860466834,24425.194950989153,0.0,0.0,0.0,0.0,0,9,LP
rolling_scenario_mean14,evaluation,2025-09-19,0,0,point,10,20862.628021560522,20358.730449201597,22374.320738637296,0.0,0.0,0.0,0.0,0,9,MILP
rolling_scenario_mean14,evaluation,2025-09-19,6,1,point,10,15065.779102960538,14496.150454801886,16774.665047436494,340.63749083333056,1.7053025658242404e-13,107.61747308708232,137.2846677290165,1,9,MILP
rolling_scenario_mean14,evaluation,2025-09-19,12,2,point,10,18717.699631142772,18130.385918505308,20479.640769055164,0.0,762.5635119444414,248.44745448299867,315.51580371868283,1,9,LP
rolling_scenario_mean14,evaluation,2025-09-19,18,3,keep_previous,10,14843.624923253949,14222.114857837501,16708.15511950329,0.0,0.0,0.0,0.0,0,9,LP
rolling_scenario_mean14,evaluation,2025-09-20,0,0,point,10,21271.51339952967,20780.669608684166,22744.044772066183,0.0,0.0,0.0,0.0,0,9,MILP
rolling_scenario_mean14,evaluation,2025-09-20,6,1,point,10,14969.091797137748,14413.760257479344,16635.08641611296,0.4694083333353092,329.4732933333331,108.78669274550114,136.41135097018565,1,9,MILP
rolling_scenario_mean14,evaluation,2025-09-20,12,2,point,10,18534.01166487258,17962.50060939709,20248.544831299056,0.0,363.2028972222225,123.54783830472235,154.67312562622038,1,9,LP
rolling_scenario_mean14,evaluation,2025-09-20,18,3,keep_previous,10,14928.833557926295,14324.867337849106,16740.732218157864,0.0,0.0,0.0,0.0,0,9,LP
rolling_scenario_mean14,evaluation,2025-09-21,0,0,margin,10,45915.81697247598,45322.873258678985,47694.648113866955,0.0,0.0,0.0,0.0,0,9,LP+MILP
rolling_scenario_mean14,evaluation,2025-09-21,6,1,point,11,36586.440655683415,36050.63490458247,38193.85790898626,67.34065833333307,2182.6616792675254,823.7533283904058,775.0448217491687,1,9,LP
rolling_scenario_mean14,evaluation,2025-09-21,12,2,point,10,32756.382454347553,32205.169985201068,34410.019861787005,4.547473508864641e-13,2759.620771711934,658.3967995678104,534.4223381446523,1,9,MILP
rolling_scenario_mean14,evaluation,2025-09-21,18,3,keep_previous,10,22992.533035358683,22411.977949709413,24734.1982923065,0.0,0.0,0.0,0.0,0,9,LP
rolling_scenario_mean14,evaluation,2025-09-22,0,0,margin,10,47047.14602251015,46392.84792662564,49010.040310163684,0.0,0.0,0.0,0.0,0,9,LP
rolling_scenario_mean14,evaluation,2025-09-22,6,1,margin,11,36375.02239319289,35879.813901140566,37860.647869349865,0.0,8492.728114651814,2574.486282103694,2190.515476171644,1,9,LP+MILP
rolling_scenario_mean14,evaluation,2025-09-22,12,2,point,10,30358.388503422604,29831.131782934386,31940.158664887254,0.0,412.0887119259273,206.48683255283208,180.51619464142172,1,9,LP
rolling_scenario_mean14,evaluation,2025-09-22,18,3,keep_previous,10,22060.09341365918,21506.329223926263,23721.385982857926,0.0,0.0,0.0,0.0,0,9,LP
rolling_scenario_mean14,evaluation,2025-09-23,0,0,margin,10,46334.33619387697,45621.45985508748,48472.96521024543,0.0,0.0,0.0,0.0,0,9,LP+MILP
rolling_scenario_mean14,evaluation,2025-09-23,6,1,margin,11,36823.69209370496,36348.39282607937,38249.58989658174,0.0,3507.592764759948,1101.7647165136004,956.5267725279723,1,9,LP
rolling_scenario_mean14,evaluation,2025-09-23,12,2,point,10,31470.98235210944,30978.970587155633,32947.01764697086,0.0,1690.0979667914949,459.18824396400623,395.98574371764556,1,9,LP+MILP
rolling_scenario_mean14,evaluation,2025-09-23,18,3,keep_previous,10,22349.84310574772,21833.21771556484,23899.71927629637,0.0,0.0,0.0,0.0,0,9,LP
rolling_scenario_mean14,evaluation,2025-09-24,0,0,margin,10,40962.48612451137,40338.11671338013,42835.59435790509,0.0,0.0,0.0,0.0,0,9,LP+MILP
rolling_scenario_mean14,evaluation,2025-09-24,6,1,point,11,33848.46925639185,33390.66447295056,35221.883606715724,2091.1076436186545,3.410605131648481e-13,541.727848984317,412.670882026954,1,9,LP+MILP
rolling_scenario_mean14,evaluation,2025-09-24,12,2,point,10,30217.033443899996,29746.99177243012,31627.15845830963,2121.828526399177,0.0,682.1591269282447,579.735590272424,1,9,LP
rolling_scenario_mean14,evaluation,2025-09-24,18,3,keep_previous,10,22343.776013084935,21853.686507188944,23814.044530772906,0.0,0.0,0.0,0.0,0,9,LP
rolling_scenario_mean14,evaluation,2025-09-25,0,0,margin,10,45386.00488492289,44492.1104022952,48067.68833280596,0.0,0.0,0.0,0.0,0,9,LP+MILP
rolling_scenario_mean14,evaluation,2025-09-25,6,1,point,11,36777.3974740882,36352.08973219512,38053.32069976744,654.0687084307252,515.6747665555579,337.74763021854255,284.327338742371,1,9,LP
rolling_scenario_mean14,evaluation,2025-09-25,12,2,point,10,32685.85366048763,32240.0419169328,34023.28889115212,68.42932314815316,2390.7960399999997,555.792285777011,424.65283998108015,1,9,MILP
rolling_scenario_mean14,evaluation,2025-09-25,18,3,point,9,22123.84945858761,21640.923481441187,23572.627390026882,0.0,0.0,0.0,0.0,0,9,LP
rolling_scenario_mean14,evaluation,2025-09-26,0,0,point,10,20584.757543929994,20197.24830107835,21747.28527248493,0.0,0.0,0.0,0.0,0,9,MILP
rolling_scenario_mean14,evaluation,2025-09-26,6,1,point,10,14200.10436852853,13760.226803080886,15519.73706487146,1.7053025658242404e-13,1453.3789349999997,446.4931838679166,587.2090123357023,1,9,MILP
rolling_scenario_mean14,evaluation,2025-09-26,12,2,point,10,17754.410384730552,17303.245950994737,19107.903685938,69.27485933333247,4.547473508864641e-13,21.664629744483285,28.25889486458562,1,9,LP
rolling_scenario_mean14,evaluation,2025-09-26,18,3,keep_previous,10,14387.255363915792,13915.954551823153,15801.157800193705,0.0,0.0,0.0,0.0,0,9,LP
rolling_scenario_mean14,evaluation,2025-09-27,0,0,point,10,19831.16038101498,19449.381099260743,20976.49822627769,0.0,0.0,0.0,0.0,0,9,MILP
rolling_scenario_mean14,evaluation,2025-09-27,6,1,point,10,15062.385105721009,14629.128228521331,16362.155737320038,1180.1621361111124,2.2737367544323206e-13,370.5466751513619,470.8741944017271,1,9,MILP
rolling_scenario_mean14,evaluation,2025-09-27,12,2,point,10,18651.86768151623,18208.13708580296,19983.059468656043,2.5011104298755527e-12,806.514024444446,250.4742697663629,317.9956717142778,1,9,LP
rolling_scenario_mean14,evaluation,2025-09-27,18,3,keep_previous,10,14287.601838824843,13825.591101499658,15673.634050800396,0.0,0.0,0.0,0.0,0,9,LP
rolling_scenario_mean14,evaluation,2025-09-28,0,0,margin,10,45805.67733799912,45270.437637121504,47411.39644063196,0.0,0.0,0.0,0.0,0,9,LP
rolling_scenario_mean14,evaluation,2025-09-28,6,1,point,11,40327.16814025152,39955.62286909727,41441.80395371425,3404.297318510636,1.3169844444444152,1186.3669857342943,1009.2203083255552,1,9,LP
rolling_scenario_mean14,evaluation,2025-09-28,12,2,point,11,33056.54818600109,32666.788416658193,34225.82749402978,11.234156750001148,5040.826302263714,1621.9318588014223,1321.5864646124967,1,9,LP
rolling_scenario_mean14,evaluation,2025-09-28,18,3,point,9,22233.877483215027,21813.7557176349,23494.242779955403,0.0,0.0,0.0,0.0,0,9,LP
rolling_scenario_mean14,evaluation,2025-09-29,0,0,margin,10,46472.471713078834,45680.50826786056,48848.362048733645,0.0,0.0,0.0,0.0,0,9,LP
rolling_scenario_mean14,evaluation,2025-09-29,6,1,point,11,35316.20257226428,34969.14520736027,36357.374666976306,0.0,10239.690221884772,3109.909429673179,2709.324497471648,1,9,LP+MILP
rolling_scenario_mean14,evaluation,2025-09-29,12,2,point,11,30255.258662205175,29884.695491441227,31366.94817449701,2928.400389725646,0.0,939.338632018214,816.84615081433,1,9,LP
rolling_scenario_mean14,evaluation,2025-09-29,18,3,point,9,21326.789947844958,20927.956670001033,22523.289781376734,0.0,0.0,0.0,0.0,0,9,LP
rolling_scenario_mean14,evaluation,2025-09-30,0,0,margin,10,46422.14884955523,45415.78711845978,49441.23404284158,0.0,0.0,0.0,0.0,0,9,LP
rolling_scenario_mean14,evaluation,2025-09-30,6,1,margin,11,39554.70767376134,38357.47894447242,43146.39386162809,969.9382866255086,2031.2731291440336,1252.7551460274651,1096.3655090879167,1,9,LP
rolling_scenario_mean14,evaluation,2025-09-30,12,2,point,11,31836.0468803278,31504.553444146502,32830.5271888717,441.6142281297556,17.983199999999897,152.92749818429726,135.82162883450553,1,9,LP
rolling_scenario_mean14,evaluation,2025-09-30,18,3,point,9,21637.335661417183,21281.376278947067,22705.213808827524,0.0,0.0,0.0,0.0,0,9,LP
rolling_scenario_mean14,evaluation,2025-10-01,0,0,margin,10,43055.177925217235,42493.94558771214,44738.874937732515,0.0,0.0,0.0,0.0,0,9,LP+MILP
rolling_scenario_mean14,evaluation,2025-10-01,6,1,margin,11,35663.40214775826,34771.978835715454,38337.67208388667,325.2606423333341,4519.975368389579,1002.7440786332583,1113.2322668365396,1,9,LP+MILP
rolling_scenario_mean14,evaluation,2025-10-01,12,2,point,10,31994.932690247395,31684.876086115637,32925.10250264267,1.1155520951433573e-12,3114.48067911523,713.3647868003432,765.1450409409989,1,9,MILP
rolling_scenario_mean14,evaluation,2025-10-01,18,3,point,9,21501.239113544158,21168.58677913414,22499.196116774216,0.0,3.410605131648481e-13,2.1403252503660044e-13,2.1823650188577756e-13,0,9,LP
rolling_scenario_mean14,evaluation,2025-10-02,0,0,margin,10,48575.473831419506,47775.981052811745,50973.95216724278,0.0,0.0,0.0,0.0,0,9,LP
rolling_scenario_mean14,evaluation,2025-10-02,6,1,margin,11,37439.03809943996,36588.62128488576,39990.28854310257,0.0,11051.939485036874,3421.6770157386063,3381.5643359052206,1,9,LP+MILP
rolling_scenario_mean14,evaluation,2025-10-02,12,2,point,10,29837.170548491842,29494.944417277453,30863.848942135017,1.1368683772161603e-13,2599.9716520164598,556.3784066308856,548.1331587666452,1,9,MILP
rolling_scenario_mean14,evaluation,2025-10-02,18,3,point,9,21376.757062892168,21009.77831939543,22477.69329338238,0.0,1.1368683772161603e-13,7.117364475561771e-14,7.243922287411157e-14,0,9,LP
rolling_scenario_mean14,evaluation,2025-10-03,0,0,point,10,17887.653871458497,17551.34767710255,18896.572454526347,0.0,0.0,0.0,0.0,0,9,MILP
rolling_scenario_mean14,evaluation,2025-10-03,6,1,point,10,11697.856372978604,11316.091819078276,12843.150034679584,90.43710000000078,2.2737367544323206e-13,29.28504026500038,42.00975556142907,1,9,MILP
rolling_scenario_mean14,evaluation,2025-10-03,12,2,point,10,16516.9276037907,16127.088704492075,17686.44430168658,157.1078500000009,1.1368683772161603e-13,47.921579558333754,69.80981368506004,1,9,LP
rolling_scenario_mean14,evaluation,2025-10-03,18,3,point,9,13117.745042590639,12700.401922016803,14369.77440431215,1.8189894035458565e-12,0.0,6.967638910282403e-13,8.468759915558622e-13,0,9,LP
rolling_scenario_mean14,evaluation,2025-10-04,0,0,point,10,19134.400534812394,18782.640502442442,20189.68063192225,0.0,0.0,0.0,0.0,0,9,LP+MILP
rolling_scenario_mean14,evaluation,2025-10-04,6,1,point,10,12673.580725294893,12262.257467268955,13907.550499372706,1.6484591469634324e-12,391.8791716666677,124.88874129361213,168.54049109495367,1,9,MILP
rolling_scenario_mean14,evaluation,2025-10-04,12,2,point,10,16786.315988020717,16366.349136199615,18046.216543484028,4.547473508864641e-13,120.30519833333386,37.37398852008381,50.59901136677831,1,9,LP
rolling_scenario_mean14,evaluation,2025-10-04,18,3,point,9,13027.929668369063,12578.254778856739,14376.954336906037,2.5011104298755527e-12,2.0463630789890885e-12,1.8275045476912055e-12,2.1373807612690147e-12,0,9,LP
rolling_scenario_mean14,evaluation,2025-10-05,0,0,margin,10,48320.40490707624,46092.99404200693,55002.63750228418,0.0,0.0,0.0,0.0,0,9,LP+MILP
rolling_scenario_mean14,evaluation,2025-10-05,6,1,margin,11,35424.486023888676,34705.26545742784,37582.14772327118,148.44599999999866,9867.32346301783,2768.629137773046,2617.0008826713247,1,9,LP+MILP
rolling_scenario_mean14,evaluation,2025-10-05,12,2,point,11,28857.589202419094,28471.92021311837,30014.596170321267,153.37283261453894,1236.5495562757185,273.24583980512193,273.07292027416156,1,9,LP+MILP
rolling_scenario_mean14,evaluation,2025-10-05,18,3,point,9,20855.68848806245,20442.46307356631,22095.36473155088,0.0,0.0,0.0,0.0,0,9,LP
rolling_scenario_mean14,evaluation,2025-10-06,0,0,margin,10,38229.874252030946,37267.86058370963,41115.9152569949,0.0,0.0,0.0,0.0,0,9,MILP
rolling_scenario_mean14,evaluation,2025-10-06,6,1,margin,11,32908.459220024466,32423.35464395171,34363.77294824274,4448.440222998632,9.094947017729282e-13,1161.1903659032755,946.9626434508432,1,9,LP+MILP
rolling_scenario_mean14,evaluation,2025-10-06,12,2,point,11,27759.187204118512,27341.610033705914,29011.918715356314,5.114316666666696,1858.0634254540455,455.9484087596459,391.6531287205456,1,9,LP+MILP
rolling_scenario_mean14,evaluation,2025-10-06,18,3,point,10,19864.70320385622,19411.655116184505,21223.84746687137,31.76809381420003,0.0,21.00188682056764,19.90622795641146,1,9,LP
rolling_scenario_mean14,evaluation,2025-10-07,0,0,margin,10,41309.40107879245,40004.12894109068,45225.21749189775,0.0,0.0,0.0,0.0,0,9,LP+MILP
rolling_scenario_mean14,evaluation,2025-10-07,6,1,margin,11,32830.70658491149,32443.264202393915,33993.0337324642,755.943477056247,650.2691344444436,415.9029405774463,367.39603885689826,1,9,LP+MILP
rolling_scenario_mean14,evaluation,2025-10-07,12,2,point,11,28517.79160438055,28103.667357879014,29760.164343885157,894.1187695020591,1824.5319576241504,715.4012410014918,637.101471333984,1,9,LP+MILP
rolling_scenario_mean14,evaluation,2025-10-07,18,3,point,9,19969.90575701504,19527.10772271769,21298.299859907092,0.0,7.958078640513122e-13,5.133756530995015e-13,4.93784568789124e-13,0,9,LP
rolling_scenario_mean14,evaluation,2025-10-08,0,0,margin,10,39082.34360611956,38150.05838150924,41879.19927995053,0.0,0.0,0.0,0.0,0,9,LP+MILP
rolling_scenario_mean14,evaluation,2025-10-08,6,1,margin,11,30145.13530573783,29707.39976024069,31458.341942229246,2.946241666666765,1522.6617967078191,395.90167113277926,325.7991076810256,1,9,LP+MILP
rolling_scenario_mean14,evaluation,2025-10-08,12,2,point,11,25484.332479327906,25034.90474392906,26832.615685524448,120.08985480555395,284.1750056309993,120.47292815114686,103.90742447056047,1,9,LP
rolling_scenario_mean14,evaluation,2025-10-08,18,3,point,10,19118.810422689105,18633.331472326114,20575.247273778077,29.935441000000083,0.0,18.462683236750053,18.620271951157196,1,9,LP
rolling_scenario_mean14,evaluation,2025-10-09,0,0,margin,10,46891.79162040328,43866.40105212273,55967.96332524494,0.0,0.0,0.0,0.0,0,9,LP+MILP
rolling_scenario_mean14,evaluation,2025-10-09,6,1,margin,11,32420.08545023721,31970.205742165614,33769.72457445199,0.0,11201.350073323121,3279.5671842781067,2972.6659017872717,1,9,LP+MILP
rolling_scenario_mean14,evaluation,2025-10-09,12,2,point,11,24927.804730558688,24466.323951511553,26312.247067700097,135.72134385596542,0.0,57.395735220284614,52.824099683049766,1,9,LP
rolling_scenario_mean14,evaluation,2025-10-09,18,3,point,10,19076.535989026503,18566.834435079876,20605.640650866382,90.9535877777771,0.0,58.904162584444,56.4362606424083,1,9,LP
rolling_scenario_mean14,evaluation,2025-10-10,0,0,margin,10,16733.474761373465,16312.875410586734,17995.272813733663,0.0,0.0,0.0,0.0,0,9,MILP
rolling_scenario_mean14,evaluation,2025-10-10,6,1,point,11,10598.696560991028,10119.595440898709,12035.999921267985,3.3253876866668293,293.3307333333338,89.74055917986657,115.56377747917213,1,9,MILP
rolling_scenario_mean14,evaluation,2025-10-10,12,2,point,11,14528.693547070685,14043.604594786935,15983.960403921934,0.0,416.7896570199989,138.05219502894374,176.5095970795793,1,9,LP
rolling_scenario_mean14,evaluation,2025-10-10,18,3,point,10,11403.569833816344,10896.91323390525,12923.539633549623,115.10447333333315,0.0,65.82824829933323,70.56644172661893,1,9,LP
rolling_scenario_mean14,evaluation,2025-10-11,0,0,margin,10,17028.893010279662,16642.942460932183,18186.744658322095,0.0,0.0,0.0,0.0,0,9,MILP
rolling_scenario_mean14,evaluation,2025-10-11,6,1,point,11,11613.483996842051,11176.795263936929,12923.550195557418,267.3859293833322,3.410605131648481e-13,82.02452083567115,108.12358951790588,1,9,MILP
rolling_scenario_mean14,evaluation,2025-10-11,12,2,point,11,15008.049009802213,14567.952221140578,16328.339375787113,0.0,516.7602749388875,164.153098830393,215.40505045037372,1,9,LP
rolling_scenario_mean14,evaluation,2025-10-11,18,3,keep_previous,10,11451.336251833536,10987.172133986696,12843.828605374056,0.0,0.0,0.0,0.0,0,9,LP
rolling_scenario_mean14,evaluation,2025-10-12,0,0,margin,10,42625.049545578,39847.87123861545,50956.58446646563,0.0,0.0,0.0,0.0,0,9,LP+MILP
rolling_scenario_mean14,evaluation,2025-10-12,6,1,keep_previous,11,32211.114075996964,31435.80363663399,34537.045394085886,0.0,0.0,0.0,0.0,0,9,LP
rolling_scenario_mean14,evaluation,2025-10-12,12,2,point,11,27059.26371862524,26677.684154798124,28204.002410106594,87.21586913999954,2048.807509116597,493.25569163549744,365.5986733386673,1,9,MILP
rolling_scenario_mean14,evaluation,2025-10-12,18,3,point,10,19375.081769705877,18965.81846701041,20602.871677792282,395.19302085276996,3.410605131648481e-13,251.57825457039303,243.20049077435942,1,9,LP
rolling_scenario_mean14,evaluation,2025-10-13,0,0,margin,10,43621.38052637272,41243.52856220336,50754.93641888079,0.0,0.0,0.0,0.0,0,9,LP+MILP
rolling_scenario_mean14,evaluation,2025-10-13,6,1,margin,11,32639.11316651575,32295.466739535375,33670.05244745688,883.273288681761,5508.6394440054855,1938.5984638980274,1741.7798611571277,1,9,LP+MILP
rolling_scenario_mean14,evaluation,2025-10-13,12,2,point,11,26648.70062810045,26307.338935988104,27672.785704437494,1.1368683772161603e-13,1778.1734934224955,390.17294491537245,305.43459656041153,1,9,MILP
rolling_scenario_mean14,evaluation,2025-10-13,18,3,point,10,19268.11645903859,18894.198989388897,20389.86886798767,183.52226563888507,0.0,115.68176155186013,112.67533663213229,1,9,LP
rolling_scenario_mean14,evaluation,2025-10-14,0,0,margin,10,45820.53805524464,43484.88669246318,52827.492143589014,0.0,0.0,0.0,0.0,0,9,LP
rolling_scenario_mean14,evaluation,2025-10-14,6,1,margin,11,34055.58569315571,33743.035918266076,34993.23501782459,684.7750475253787,8247.666772037033,2573.8620667808827,2123.5134921737267,1,9,LP+MILP
rolling_scenario_mean14,evaluation,2025-10-14,12,2,point,11,27664.53413699674,27382.001286998664,28512.132686990968,2539.7100281700987,0.0,687.0987391186095,579.4308556452493,1,9,LP
rolling_scenario_mean14,evaluation,2025-10-14,18,3,point,9,19208.8279799402,18868.077398751957,20231.07972350493,0.0,0.0,0.0,0.0,0,9,LP
rolling_scenario_mean14,evaluation,2025-10-15,0,0,margin,10,43226.6838537003,42996.695844784044,43916.64788044907,0.0,0.0,0.0,0.0,0,9,LP
rolling_scenario_mean14,evaluation,2025-10-15,6,1,margin,11,33954.60193485026,33673.12765474908,34799.0247751538,6.758201111111475,6541.408922777774,2183.2044249180803,1908.3359617204885,1,9,LP+MILP
rolling_scenario_mean14,evaluation,2025-10-15,12,2,point,11,27053.57351638914,26773.66609661411,27893.29577571423,171.39988810425643,0.0,60.220544358146014,53.38068454460112,1,9,LP
rolling_scenario_mean14,evaluation,2025-10-15,18,3,point,9,18479.922330917307,18146.172600159545,19481.171523190595,0.0,0.0,0.0,0.0,0,9,LP
rolling_scenario_mean14,evaluation,2025-10-16,0,0,margin,10,41293.09338544442,41080.32055841488,41931.41186653305,0.0,0.0,0.0,0.0,0,9,LP+MILP
rolling_scenario_mean14,evaluation,2025-10-16,6,1,margin,11,35399.74453418494,35130.93605943931,36206.169958421815,1814.886188964338,33.67457588888942,567.4095685784833,493.3384724917046,1,9,LP
rolling_scenario_mean14,evaluation,2025-10-16,12,2,point,11,29054.972039778673,28805.279183314702,29804.050609170594,0.0,3068.3872717448517,979.8579393620668,754.1125239093551,1,9,LP+MILP
rolling_scenario_mean14,evaluation,2025-10-16,18,3,point,10,18946.68518287028,18641.491150658545,19862.267279505482,277.06095740555713,0.0,177.24056837158435,169.278178582728,1,9,LP
rolling_scenario_mean14,evaluation,2025-10-17,0,0,margin,10,15745.872736296766,15491.858351860146,16507.915889606626,0.0,0.0,0.0,0.0,0,9,MILP
rolling_scenario_mean14,evaluation,2025-10-17,6,1,point,11,11030.969569515823,10750.96807940704,11870.97403984217,764.1664693200004,2.8421709430404007e-13,254.2057997734829,319.96006356968695,1,9,MILP
rolling_scenario_mean14,evaluation,2025-10-17,12,2,point,11,14624.816302165395,14347.238676636167,15457.54917875308,0.0,111.28603816362198,43.083118767592254,53.04464705147927,1,9,LP
rolling_scenario_mean14,evaluation,2025-10-17,18,3,point,10,11168.593633512372,10862.12857810631,12087.988799730556,16.89050777777794,0.0,8.987439188555642,9.462122780353267,1,9,LP
rolling_scenario_mean14,evaluation,2025-10-18,0,0,margin,10,18724.25285077596,17992.58952151597,20919.24283855593,0.0,0.0,0.0,0.0,0,9,MILP
rolling_scenario_mean14,evaluation,2025-10-18,6,1,point,11,11933.696500197506,11671.17781646699,12721.25255138905,5.684341886080802e-14,861.8385033333345,273.3119292186172,351.8358705738058,1,9,MILP
rolling_scenario_mean14,evaluation,2025-10-18,12,2,point,11,15253.456499274746,14990.737458669526,16041.613621090404,2.2737367544323206e-13,581.5651677777782,186.07316043216704,236.90453116671668,1,9,LP
rolling_scenario_mean14,evaluation,2025-10-18,18,3,point,10,11394.917178150765,11106.244839402465,12260.934194395662,5.751106222223086,2.2737367544323206e-13,2.8870553235560843,3.231608205262497,1,9,LP
rolling_scenario_mean14,evaluation,2025-10-19,0,0,residual_6,10,48159.30915097875,46791.0783936832,52264.0014228654,0.0,0.0,0.0,0.0,0,9,LP
rolling_scenario_mean14,evaluation,2025-10-19,6,1,margin,11,38526.09033404158,38290.290902948924,39233.48862731955,1286.7897543444424,4953.106259702336,2665.23193553153,2312.6425574145383,1,9,LP
rolling_scenario_mean14,evaluation,2025-10-19,12,2,point,11,29830.710529387023,29613.403674159832,30482.631095068595,0.0,3998.0131052290844,1317.5073158,1050.8079056418128,1,9,LP
rolling_scenario_mean14,evaluation,2025-10-19,18,3,point,10,19069.75709307319,18800.20938511781,19878.400216939328,279.76728488889114,0.0,184.85186425572368,171.0014964886403,1,9,LP
rolling_scenario_mean14,evaluation,2025-10-20,0,0,residual_5,10,51575.22971152657,50235.59195017928,55594.142995568436,0.0,0.0,0.0,0.0,0,9,LP
rolling_scenario_mean14,evaluation,2025-10-20,6,1,margin,11,41176.81444203153,40947.40956254563,41865.029080489214,1294.9910564555553,6976.947670727433,3731.0548018372797,3290.014740668384,1,9,LP
rolling_scenario_mean14,evaluation,2025-10-20,12,2,point,11,29607.08899283544,29406.74422635455,30208.12329227812,0.0,4422.550770532238,1316.1175700365443,1145.5898773099548,1,9,LP
rolling_scenario_mean14,evaluation,2025-10-20,18,3,point,10,18892.40972117107,18632.673820397424,19671.61742349201,4.537463950000301,0.0,2.9429991179701953,2.779861083739292,1,9,LP
rolling_scenario_mean14,evaluation,2025-10-21,0,0,residual_4,10,50377.473853512995,49041.137313877,54386.48347242098,0.0,0.0,0.0,0.0,0,9,LP
rolling_scenario_mean14,evaluation,2025-10-21,6,1,margin,11,40985.8591415354,40769.40799986861,41635.2125665358,1446.2511051133315,4772.408596801097,2769.3749145461916,2444.393769845001,1,9,LP
rolling_scenario_mean14,evaluation,2025-10-21,12,2,point,11,30166.70064188715,29964.52618168031,30773.22402250767,0.0,3627.1241157242785,1314.4580954033936,1085.0549365772708,1,9,LP
rolling_scenario_mean14,evaluation,2025-10-21,18,3,point,10,19009.57904056875,18758.487561075457,19762.853479048634,42.97332512222454,0.0,27.380454101625364,26.323770732102094,1,9,LP
rolling_scenario_mean14,evaluation,2025-10-22,0,0,residual_3,10,48169.80570066761,46846.76302630819,52138.93372374589,0.0,0.0,0.0,0.0,0,9,LP
rolling_scenario_mean14,evaluation,2025-10-22,6,1,margin,11,38049.36159239789,37830.88321224976,38704.79673284225,1295.648072086668,6425.116756371739,3223.3758296124506,2916.84836544487,1,9,LP
rolling_scenario_mean14,evaluation,2025-10-22,12,2,point,11,28291.45704359689,28070.85245846319,28953.27079899799,1233.216444279425,1572.671877898491,898.656542367178,765.2198372900758,1,9,LP
rolling_scenario_mean14,evaluation,2025-10-22,18,3,margin,11,18337.87803633039,18093.624056183602,19070.63997677075,58.029593873333624,0.0,34.16917063057481,32.99974408446533,1,9,LP
rolling_scenario_mean14,evaluation,2025-10-23,0,0,residual_2,10,54797.29104109665,53538.35802479368,58574.090090005564,0.0,0.0,0.0,0.0,0,9,LP
rolling_scenario_mean14,evaluation,2025-10-23,6,1,residual_7,11,41430.637996440375,40678.124304350975,43688.17907270859,634.4338374500003,20855.014325582993,7440.495647719327,6550.081649941347,1,9,LP+MILP
rolling_scenario_mean14,evaluation,2025-10-23,12,2,point,11,28295.04296458939,28093.08552527406,28900.915282535378,1270.0490739530883,105.50244666666663,500.85552695720355,451.5751173738322,1,9,LP
rolling_scenario_mean14,evaluation,2025-10-23,18,3,margin,11,18623.843723795108,18403.280785100236,19285.53253987972,143.00124901549998,0.0,82.16385347730534,81.04388422918038,1,9,LP
rolling_scenario_mean14,evaluation,2025-10-24,0,0,margin,10,16868.35183976218,16694.18427841644,17390.854523799404,0.0,0.0,0.0,0.0,0,9,MILP
rolling_scenario_mean14,evaluation,2025-10-24,6,1,margin,11,12198.802380754358,11855.207326796613,13229.587542627592,387.1916203177809,4.547473508864641e-13,121.52230485246648,152.81136324664504,1,9,MILP
rolling_scenario_mean14,evaluation,2025-10-24,12,2,margin,11,15090.698881857636,14874.125126334657,15740.420148426569,0.0,253.9738873177821,80.78182374915568,101.64833548037916,1,9,LP
rolling_scenario_mean14,evaluation,2025-10-24,18,3,keep_previous,11,11008.664068750295,10786.618100592772,11674.801973222868,0.0,0.0,0.0,0.0,0,9,LP
rolling_scenario_mean14,evaluation,2025-10-25,0,0,margin,10,19695.82863313494,17915.618632238435,25036.458635824456,0.0,0.0,0.0,0.0,0,9,LP+MILP
rolling_scenario_mean14,evaluation,2025-10-25,6,1,keep_previous,11,12025.715531382595,11841.662745691257,12577.873888456606,0.0,0.0,0.0,0.0,0,9,MILP
rolling_scenario_mean14,evaluation,2025-10-25,12,2,point,11,15291.025208293591,15100.434651456088,15862.796878806104,0.0,435.9401122222155,139.5632203111359,176.93774569672624,1,9,LP
rolling_scenario_mean14,evaluation,2025-10-25,18,3,margin,11,11286.77480725768,11084.680972213793,11893.056312389337,131.07770933333182,0.0,53.23180385293257,60.948958312761036,1,9,LP
rolling_scenario_mean14,evaluation,2025-10-26,0,0,margin,10,48085.182936858524,46670.51575247065,52329.18449002214,0.0,0.0,0.0,0.0,0,9,LP+MILP
rolling_scenario_mean14,evaluation,2025-10-26,6,1,residual_4,11,38396.053908328766,37907.124803333274,39862.841223315234,791.4319690219484,9124.922710201652,3372.597253401071,2995.104114006108,1,9,LP+MILP
rolling_scenario_mean14,evaluation,2025-10-26,12,2,point,11,28717.479004808138,28552.53952030999,29212.29745830258,1404.8289650125653,113.61556333333328,435.0699048439859,375.0287026467434,1,9,LP
rolling_scenario_mean14,evaluation,2025-10-26,18,3,margin,11,18611.567644907063,18427.086678338255,19165.010544613484,69.50011389333253,0.0,30.1591059493343,29.10112776799469,1,9,LP
rolling_scenario_mean14,evaluation,2025-10-27,0,0,residual_5,10,43957.69825938712,43095.41920407379,46544.535425327114,0.0,0.0,0.0,0.0,0,9,LP+MILP
rolling_scenario_mean14,evaluation,2025-10-27,6,1,residual_3,11,41968.249476178724,41457.47926884848,43500.56009816946,7282.423641288468,65.8097161316872,2274.4238098324827,2034.1738576125554,1,9,LP
rolling_scenario_mean14,evaluation,2025-10-27,12,2,point,11,31525.59232091312,31378.68045641835,31966.327914397425,690.8237750032918,4916.422859965705,1968.3823899688198,1736.953382580419,1,9,LP
rolling_scenario_mean14,evaluation,2025-10-27,18,3,margin,11,18713.873239823377,18535.877180839332,19247.861416775508,47.725723456543335,0.0,20.614428551501007,19.431596777037747,1,9,LP
rolling_scenario_mean14,evaluation,2025-10-28,0,0,margin,10,43321.45158836555,43059.173045074516,44108.287218238635,0.0,0.0,0.0,0.0,0,9,LP+MILP
rolling_scenario_mean14,evaluation,2025-10-28,6,1,margin,11,40834.43829371579,40023.22073050665,43268.09098334322,4394.108748955145,16.512704444444807,1499.6258885955049,1281.0580699959269,1,9,LP
rolling_scenario_mean14,evaluation,2025-10-28,12,2,point,11,30652.25924931847,30505.27838042138,31093.20185600974,0.0,3253.5318672775056,1089.3684023755611,916.3830394362564,1,9,LP
rolling_scenario_mean14,evaluation,2025-10-28,18,3,margin,11,18689.55021765741,18517.641312266827,19205.276933829155,85.42102524494783,0.0,38.07350034969732,36.13416856706898,1,9,LP
rolling_scenario_mean14,evaluation,2025-10-29,0,0,margin,10,48436.25162096699,48073.31463565705,49525.06257689681,0.0,0.0,0.0,0.0,0,9,LP+MILP
rolling_scenario_mean14,evaluation,2025-10-29,6,1,keep_previous,11,41791.321305187186,41458.787256762866,42788.92345046016,0.0,0.0,0.0,0.0,0,9,LP
rolling_scenario_mean14,evaluation,2025-10-29,12,2,point,11,30686.826146443258,30543.060231681862,31118.123890727453,0.0,4487.830601078187,1697.0397167274255,1475.461379714181,1,9,LP
rolling_scenario_mean14,evaluation,2025-10-29,18,3,margin,11,18290.965048885042,18121.845410121216,18798.323965176525,224.22701250000011,0.0,128.40788145888337,123.9473997860381,1,9,LP
rolling_scenario_mean14,evaluation,2025-10-30,0,0,margin,10,42227.83249632179,42117.19083379955,42559.75748388853,0.0,0.0,0.0,0.0,0,9,LP+MILP
rolling_scenario_mean14,evaluation,2025-10-30,6,1,margin,11,37891.7493805383,37167.52053708166,40064.43591090822,1312.3078689369495,0.0,506.5550114864516,448.01951424311596,1,9,LP
rolling_scenario_mean14,evaluation,2025-10-30,12,2,margin,11,29455.294920711043,29320.084045358566,29860.92754676847,0.0,1442.9074823224073,443.72467353851835,376.39576790404203,1,9,LP
rolling_scenario_mean14,evaluation,2025-10-30,18,3,margin,10,18208.208698478215,18068.73295509847,18626.63592861745,0.0,0.0,0.0,0.0,0,9,LP
rolling_scenario_mean14,evaluation,2025-10-31,0,0,margin,10,18495.64068363189,18382.342757168208,18835.534463022937,0.0,0.0,0.0,0.0,0,9,MILP
rolling_scenario_mean14,evaluation,2025-10-31,6,1,margin,11,12592.376476809703,12455.60810792234,13002.681583471785,2.8421709430404007e-13,1986.6592788189319,612.93640949196,772.6556399603826,1,9,MILP
rolling_scenario_mean14,evaluation,2025-10-31,12,2,keep_previous,11,14179.760615997133,14047.984536981015,14575.088853045487,0.0,0.0,0.0,0.0,0,9,MILP
rolling_scenario_mean14,evaluation,2025-10-31,18,3,margin,11,11004.232677005215,10861.210343109586,11433.299678692101,14.801014027777853,3.979039320256561e-13,7.254717025715373,8.336301125795249,1,9,LP
rolling_scenario_mean14,evaluation,2025-11-01,0,0,margin,10,17883.12824660975,17784.551460473926,18178.858605017223,0.0,0.0,0.0,0.0,0,9,MILP
rolling_scenario_mean14,evaluation,2025-11-01,6,1,margin,11,12323.709623532814,12204.708944539656,12680.711660512283,0.0,987.2502253333333,308.33154310693334,400.488099215229,1,9,MILP
rolling_scenario_mean14,evaluation,2025-11-01,12,2,point,11,15183.527992186711,15067.034863858775,15533.007377170521,72.46763340666749,34.12449200000026,24.844755240340383,34.787373499462,1,9,LP
rolling_scenario_mean14,evaluation,2025-11-01,18,3,margin,11,11185.707653062684,11060.531174681622,11561.237088205868,67.91734514949093,0.0,22.8923128951469,25.439915782380055,1,9,LP
rolling_scenario_mean14,evaluation,2025-11-02,0,0,margin,10,47138.347611895995,46889.97701700156,47883.45939657928,0.0,0.0,0.0,0.0,0,9,LP
rolling_scenario_mean14,evaluation,2025-11-02,6,1,margin,11,43043.88186400898,42935.16045087311,43370.0461034166,3461.2426405063748,133.72677333333286,1148.5045510089994,1022.7695884207704,1,9,LP
rolling_scenario_mean14,evaluation,2025-11-02,12,2,margin,11,31942.07953879462,31819.58920031123,32309.550554244794,0.0,4254.294749260838,1689.604840585776,1512.1005814575913,1,9,LP
rolling_scenario_mean14,evaluation,2025-11-02,18,3,keep_previous,11,18558.90502851967,18434.783712193253,18931.268977498923,0.0,0.0,0.0,0.0,0,9,LP
rolling_scenario_mean14,evaluation,2025-11-03,0,0,margin,10,50435.66130014573,50191.483755784946,51168.193933228074,0.0,0.0,0.0,0.0,0,9,LP
rolling_scenario_mean14,evaluation,2025-11-03,6,1,margin,11,41838.95427083155,41747.546255827365,42113.178315844096,2.834842777777908,4993.014768648834,1895.5077551138077,1617.6277850938059,1,9,LP
rolling_scenario_mean14,evaluation,2025-11-03,12,2,margin,11,31186.5790346548,31072.905332105383,31527.600142303043,1.1193280133336998,1593.5122026899876,649.6123801709082,583.5863714488859,1,9,LP
rolling_scenario_mean14,evaluation,2025-11-03,18,3,keep_previous,11,18753.51491731171,18638.28190947614,19099.213940818416,0.0,0.0,0.0,0.0,0,9,LP
rolling_scenario_mean14,evaluation,2025-11-04,0,0,margin,10,46716.82430875551,46546.82917042767,47226.80972373902,0.0,0.0,0.0,0.0,0,9,LP
rolling_scenario_mean14,evaluation,2025-11-04,6,1,keep_previous,11,39809.66560825613,39721.46134061774,40074.27841117131,0.0,0.0,0.0,0.0,0,9,LP
rolling_scenario_mean14,evaluation,2025-11-04,12,2,margin,11,30622.781759236732,30519.242993693715,30933.398055865786,5.3456875911090265,2934.3857298806597,898.8522997065111,789.3135918604626,1,9,LP
rolling_scenario_mean14,evaluation,2025-11-04,18,3,keep_previous,11,18650.419950401018,18546.36006189658,18962.599615914332,0.0,0.0,0.0,0.0,0,9,LP
rolling_scenario_mean14,evaluation,2025-11-05,0,0,margin,10,52093.84033194726,51504.08265858867,53863.11335202305,0.0,0.0,0.0,0.0,0,9,LP
rolling_scenario_mean14,evaluation,2025-11-05,6,1,margin,11,41399.55623513723,41231.24518281089,41904.48939211625,2.9764003333334585,10135.573951358021,3853.506083209955,3337.075635631353,1,9,LP
rolling_scenario_mean14,evaluation,2025-11-05,12,2,point,11,30179.152408559865,29877.07435964079,31085.386555317098,558.4854782414305,33.29910399999994,194.53834759819662,162.58212117891424,1,9,LP
rolling_scenario_mean14,evaluation,2025-11-05,18,3,point,11,18601.817836786446,18513.727925165746,18866.087571648546,302.76330143444596,0.0,185.8815289156781,185.34844924565246,1,9,LP
rolling_scenario_mean14,evaluation,2025-11-06,0,0,margin,10,47704.07112732798,47231.477630471156,49121.85161789846,0.0,0.0,0.0,0.0,0,9,LP
rolling_scenario_mean14,evaluation,2025-11-06,6,1,residual_7,11,42325.37869075273,42250.776334681745,42549.185758965694,1576.191033392225,378.1206928024697,772.2672208067576,677.7739742636686,1,9,LP
rolling_scenario_mean14,evaluation,2025-11-06,12,2,margin,11,30775.98569215619,30710.73298742504,30971.743806349652,178.64764349027053,1526.8736850732676,660.8518678134823,587.33790939007,1,9,LP
rolling_scenario_mean14,evaluation,2025-11-06,18,3,keep_previous,11,18279.333399852407,18210.925633432627,18484.556699111745,0.0,0.0,0.0,0.0,0,9,LP
rolling_scenario_mean14,evaluation,2025-11-07,0,0,margin,10,17398.58702006885,17310.309835042153,17663.418575148953,0.0,0.0,0.0,0.0,0,9,MILP
rolling_scenario_mean14,evaluation,2025-11-07,6,1,margin,11,13150.68557698775,13045.775306058546,13465.416389775359,280.2851503866658,2.2737367544323206e-13,92.67285824671313,121.44761128701779,1,9,MILP
rolling_scenario_mean14,evaluation,2025-11-07,12,2,residual_7,11,13885.683400566028,13792.17549334471,14166.207122229978,9.161754735659225e-13,407.9725444977787,136.03195531910302,174.61926040427892,1,9,MILP
rolling_scenario_mean14,evaluation,2025-11-07,18,3,residual_7,11,11179.407202900456,11082.506909889564,11470.108081933136,223.65649506111242,4.547473508864641e-13,94.64204023009613,108.4578835231545,1,9,LP
rolling_scenario_mean14,evaluation,2025-11-08,0,0,margin,10,18070.753925828685,17867.069234061986,18681.808001128775,0.0,0.0,0.0,0.0,0,9,MILP
rolling_scenario_mean14,evaluation,2025-11-08,6,1,keep_previous,11,13320.332974314993,13235.562041301417,13574.645773355725,0.0,0.0,0.0,0.0,0,9,MILP
rolling_scenario_mean14,evaluation,2025-11-08,12,2,keep_previous,11,15081.403038557477,14983.542623089998,15374.984284959915,0.0,0.0,0.0,0.0,0,9,MILP
rolling_scenario_mean14,evaluation,2025-11-08,18,3,keep_previous,11,11049.565100008931,10952.976785849822,11339.330042486257,0.0,0.0,0.0,0.0,0,9,LP
rolling_scenario_mean14,evaluation,2025-11-09,0,0,margin,10,49199.67638593491,49060.0107871249,49618.67318236493,0.0,0.0,0.0,0.0,0,9,LP
rolling_scenario_mean14,evaluation,2025-11-09,6,1,margin,11,42141.93387045871,42063.72396211361,42376.563595494015,95.45067377778173,1386.9777418594795,548.1472824906202,479.59983574753977,1,9,LP
rolling_scenario_mean14,evaluation,2025-11-09,12,2,margin,11,31899.144882421904,31813.9793492185,32154.64148203211,88.65389192777843,1353.7478816067487,544.5153609998806,476.36660683317336,1,9,LP
rolling_scenario_mean14,evaluation,2025-11-09,18,3,keep_previous,11,18680.736584699756,18593.111811742605,18943.610903571207,0.0,0.0,0.0,0.0,0,9,LP
rolling_scenario_mean14,evaluation,2025-11-10,0,0,margin,10,49827.235853568236,49728.9505795336,50122.091675672134,0.0,0.0,0.0,0.0,0,9,LP
rolling_scenario_mean14,evaluation,2025-11-10,6,1,residual_3,11,45919.55809576453,45873.71463670931,46057.088472930205,2987.29062484986,346.8994154897123,1167.5483947090202,964.9538870282129,1,9,LP
rolling_scenario_mean14,evaluation,2025-11-10,12,2,margin,11,33006.072510584054,32936.56861633555,33214.58419332957,222.66139782304595,2616.458106871537,1146.1179980512914,985.7330611461435,1,9,LP
rolling_scenario_mean14,evaluation,2025-11-10,18,3,keep_previous,11,18780.418689373713,18708.748089162902,18995.43049000614,0.0,0.0,0.0,0.0,0,9,LP
rolling_scenario_mean14,evaluation,2025-11-11,0,0,margin,10,51964.13245678265,51756.62204595204,52586.66368927448,0.0,0.0,0.0,0.0,0,9,LP
rolling_scenario_mean14,evaluation,2025-11-11,6,1,margin,11,44239.38957007341,44186.54306702498,44397.92907921869,12.143953000000465,2263.6065960747364,895.5153015685398,817.0382664054828,1,9,LP
rolling_scenario_mean14,evaluation,2025-11-11,12,2,margin,11,32348.289431230063,32289.106389887547,32525.838555257607,0.0,2753.2355703894304,1069.0283815551645,944.6495560148766,1,9,LP
rolling_scenario_mean14,evaluation,2025-11-11,18,3,keep_previous,11,18717.289142294114,18656.19774117909,18900.563345639188,0.0,0.0,0.0,0.0,0,9,LP
rolling_scenario_mean14,evaluation,2025-11-12,0,0,margin,10,49302.596526337584,49099.19324629062,49912.80636647848,0.0,0.0,0.0,0.0,0,9,LP
rolling_scenario_mean14,evaluation,2025-11-12,6,1,residual_1,11,46620.41391295366,46581.23144349537,46737.96132132853,3459.3156858411126,343.807470403292,1559.5312058507532,1423.2742815547174,1,9,LP
rolling_scenario_mean14,evaluation,2025-11-12,12,2,margin,11,32883.81783614533,32841.28275543553,33011.423078274725,316.21621398062655,4394.559511633746,1890.6907172077158,1708.2813987159764,1,9,LP
rolling_scenario_mean14,evaluation,2025-11-12,18,3,keep_previous,11,18774.198904327466,18730.235733322774,18906.08841734154,0.0,0.0,0.0,0.0,0,9,LP
rolling_scenario_mean14,evaluation,2025-11-13,0,0,margin,10,47948.41660907266,47852.42976184926,48236.37715074287,0.0,0.0,0.0,0.0,0,9,LP
rolling_scenario_mean14,evaluation,2025-11-13,6,1,residual_0,11,43296.20988218549,43252.20944274812,43428.21120049761,1886.4277857759678,619.037998063106,1020.5219117616107,887.1562767473864,1,9,LP
rolling_scenario_mean14,evaluation,2025-11-13,12,2,residual_6,11,32684.318467348516,32552.295986725756,33080.3859092168,51.79010734000019,1984.0790907903734,744.332243149921,606.9025152155467,1,9,LP
rolling_scenario_mean14,evaluation,2025-11-13,18,3,residual_6,11,19723.114547397392,19594.31762174393,20109.505324357786,817.6936079961331,0.0,518.7005712484056,490.85489305920316,1,9,LP
rolling_scenario_mean14,evaluation,2025-11-14,0,0,margin,10,19084.3944122253,18841.24942048235,19813.829387454152,0.0,0.0,0.0,0.0,0,9,MILP
rolling_scenario_mean14,evaluation,2025-11-14,6,1,margin,11,13822.922037653901,13780.0479589672,13951.544273714011,3.979039320256561e-13,600.5950867777817,196.93714200951263,253.82408712977494,1,9,MILP
rolling_scenario_mean14,evaluation,2025-11-14,12,2,keep_previous,11,14642.740928279567,14559.529627880962,14892.374829475386,0.0,0.0,0.0,0.0,0,9,MILP
rolling_scenario_mean14,evaluation,2025-11-14,18,3,keep_previous,11,11208.507813302358,11169.266061670425,11326.233068198155,0.0,0.0,0.0,0.0,0,9,LP
rolling_scenario_mean14,evaluation,2025-11-15,0,0,residual_6,10,20385.673844658097,20276.454314224757,20713.33243595812,0.0,0.0,0.0,0.0,0,9,LP+MILP
rolling_scenario_mean14,evaluation,2025-11-15,6,1,residual_6,11,15628.007217713926,15524.93587431246,15937.22124791833,8.526512829121202e-13,1073.3041377572042,327.0660197311381,418.571004143285,1,9,MILP
rolling_scenario_mean14,evaluation,2025-11-15,12,2,residual_6,11,15474.539620119045,15364.317909918966,15805.20475071928,9.348926094069683e-13,313.07672666666707,100.6269999027781,127.86014679987738,1,9,MILP
rolling_scenario_mean14,evaluation,2025-11-15,18,3,residual_3,11,11259.592124240658,11222.099204324122,11372.070883990267,88.48560200000054,32.98482090535089,33.24217864829941,40.08504207482446,1,9,LP
rolling_scenario_mean14,evaluation,2025-11-16,0,0,margin,10,52852.48462032384,51068.873129019215,58203.319094237726,0.0,0.0,0.0,0.0,0,9,LP
rolling_scenario_mean14,evaluation,2025-11-16,6,1,residual_6,11,48948.697652240924,48892.95547073958,49115.92419674495,4184.050984536572,567.8805969711927,2010.484512551478,1800.0239709351122,1,9,LP
rolling_scenario_mean14,evaluation,2025-11-16,12,2,margin,11,34131.533629006204,34098.96710385944,34229.2332044465,605.8962169645279,3270.597681478109,1552.9357918272956,1407.0557646435923,1,9,LP
rolling_scenario_mean14,evaluation,2025-11-16,18,3,keep_previous,11,18837.60782987236,18809.832963022884,18920.93243042078,0.0,0.0,0.0,0.0,0,9,LP
rolling_scenario_mean14,evaluation,2025-11-17,0,0,margin,10,51015.9954498855,49587.723534129844,55300.81119715248,0.0,0.0,0.0,0.0,0,9,LP
rolling_scenario_mean14,evaluation,2025-11-17,6,1,residual_5,11,50796.735733039684,50746.458016305536,50947.56888324214,7797.703643978341,573.932493308641,3111.409699619462,2840.8542488063003,1,9,LP
rolling_scenario_mean14,evaluation,2025-11-17,12,2,margin,11,34560.65062364037,34532.5959268236,34644.814714090695,573.1334706419743,4529.174744818738,1917.058225347902,1781.0510048993888,1,9,LP
rolling_scenario_mean14,evaluation,2025-11-17,18,3,keep_previous,11,18870.1104980502,18845.650477749878,18943.49055895117,0.0,0.0,0.0,0.0,0,9,LP
rolling_scenario_mean14,evaluation,2025-11-18,0,0,margin,10,53731.07356188184,52706.97768833482,56803.36118252293,0.0,0.0,0.0,0.0,0,9,LP
rolling_scenario_mean14,evaluation,2025-11-18,6,1,keep_previous,11,45570.90156606535,45534.184816462424,45681.051814874125,0.0,0.0,0.0,0.0,0,9,LP
rolling_scenario_mean14,evaluation,2025-11-18,12,2,margin,11,34184.84822620808,34151.30918793905,34285.46534101519,3.7189504444445447,1602.310897646662,789.7079763736526,673.5604990318324,1,9,LP
rolling_scenario_mean14,evaluation,2025-11-18,18,3,keep_previous,11,18780.639991377262,18751.756827188365,18867.28948394396,0.0,0.0,0.0,0.0,0,9,LP
rolling_scenario_mean14,evaluation,2025-11-19,0,0,margin,10,52593.03447900609,52013.6939069539,54331.05619516265,0.0,0.0,0.0,0.0,0,9,LP
rolling_scenario_mean14,evaluation,2025-11-19,6,1,residual_3,11,51491.17377455388,51428.96885904044,51677.7885210942,5520.862975461807,541.6133281728389,2359.043442027406,2110.970348579361,1,9,LP
rolling_scenario_mean14,evaluation,2025-11-19,12,2,margin,11,34855.80139991742,34816.94537114861,34972.369486223855,604.1988564528399,4718.476268323791,2004.3694908895782,1802.0036672155402,1,9,LP
rolling_scenario_mean14,evaluation,2025-11-19,18,3,keep_previous,11,18691.17805212872,18657.13340527772,18793.311992681713,0.0,0.0,0.0,0.0,0,9,LP
rolling_scenario_mean14,evaluation,2025-11-20,0,0,margin,10,53110.75494942845,52176.68091587648,55912.97705008434,0.0,0.0,0.0,0.0,0,9,LP
rolling_scenario_mean14,evaluation,2025-11-20,6,1,residual_2,11,46869.80020898891,46795.2999856443,47093.30087902275,1085.3539450155135,562.623463020577,608.5695896847733,533.4059747690944,1,9,LP
rolling_scenario_mean14,evaluation,2025-11-20,12,2,margin,11,34685.684926337664,34642.78135554836,34814.39563870557,613.0045560094618,1814.5464037517113,865.9818135264634,743.7517837671832,1,9,LP
rolling_scenario_mean14,evaluation,2025-11-20,18,3,keep_previous,11,18619.359612922264,18575.63056353977,18750.54676106975,0.0,0.0,0.0,0.0,0,9,LP
rolling_scenario_mean14,evaluation,2025-11-21,0,0,margin,10,19348.932192012588,19305.06070809217,19480.546643773843,0.0,0.0,0.0,0.0,0,9,MILP
rolling_scenario_mean14,evaluation,2025-11-21,6,1,margin,11,16492.383597469317,16078.583092715417,17733.78511173102,1828.0225827654422,9.094947017729282e-13,308.85409794887704,423.61145150717164,1,9,LP+MILP
rolling_scenario_mean14,evaluation,2025-11-21,12,2,margin,11,15455.961198935289,15413.862799363003,15582.256397652147,4.547473508864641e-13,1404.7930998545985,254.46158742017832,349.2968984186219,1,9,MILP
rolling_scenario_mean14,evaluation,2025-11-21,18,3,keep_previous,11,11137.821771814612,11095.29495174875,11265.402232012191,0.0,0.0,0.0,0.0,0,9,LP
rolling_scenario_mean14,evaluation,2025-11-22,0,0,residual_5,10,21857.082341836496,21407.816505131384,23204.87985195183,0.0,0.0,0.0,0.0,0,9,LP+MILP
rolling_scenario_mean14,evaluation,2025-11-22,6,1,margin,11,16745.950483715773,16704.372454214965,16870.684572218204,564.1979691533317,1264.2832637489691,415.3602662299609,586.2685099140448,1,9,MILP
rolling_scenario_mean14,evaluation,2025-11-22,12,2,keep_previous,11,15509.25490899224,15463.245531017126,15647.283042917581,0.0,0.0,0.0,0.0,0,9,MILP
rolling_scenario_mean14,evaluation,2025-11-22,18,3,keep_previous,11,11069.007202973466,11022.7600547186,11207.748647738066,0.0,0.0,0.0,0.0,0,9,LP
rolling_scenario_mean14,evaluation,2025-11-23,0,0,margin,10,52679.11233627858,52644.80426722258,52782.03654344659,0.0,0.0,0.0,0.0,0,9,LP
rolling_scenario_mean14,evaluation,2025-11-23,6,1,residual_3,11,49426.233270529716,49219.10466092455,50047.61909934521,2436.4656404566667,415.49097750205635,1191.9294760578807,1067.9356083833889,1,9,LP
rolling_scenario_mean14,evaluation,2025-11-23,12,2,margin,11,33774.41463833494,33735.625623820786,33890.78168187743,373.0306527509463,3213.9893531193497,1424.5610395191652,1316.7432904706852,1,9,LP
rolling_scenario_mean14,evaluation,2025-11-23,18,3,keep_previous,11,18711.997363834635,18672.13655120716,18831.579801717056,0.0,0.0,0.0,0.0,0,9,LP
rolling_scenario_mean14,evaluation,2025-11-24,0,0,margin,10,52314.062383740806,52280.21238734455,52415.61237292955,0.0,0.0,0.0,0.0,0,9,LP
rolling_scenario_mean14,evaluation,2025-11-24,6,1,residual_2,11,46607.00483485315,46571.71151585322,46712.88479185294,947.6136433844347,1501.0626371868677,1053.4361983141944,965.3335475337418,1,9,LP
rolling_scenario_mean14,evaluation,2025-11-24,12,2,margin,11,34130.00708064147,34092.360295208135,34242.9474369415,369.4722381324259,2027.7994968426074,948.8661617169022,861.7793359978436,1,9,LP
rolling_scenario_mean14,evaluation,2025-11-24,18,3,keep_previous,11,18689.831366314047,18649.58312880308,18810.57607884695,0.0,0.0,0.0,0.0,0,9,LP
rolling_scenario_mean14,evaluation,2025-11-25,0,0,margin,10,60521.087770485494,60472.9764453334,60665.42174594178,0.0,0.0,0.0,0.0,0,9,LP
rolling_scenario_mean14,evaluation,2025-11-25,6,1,residual_1,11,52297.996976106326,52085.000674365605,52936.9858813285,0.0,7666.885350558741,3305.887269920222,2974.1338096117493,1,9,LP
rolling_scenario_mean14,evaluation,2025-11-25,12,2,margin,11,35070.23644446138,35031.44490288686,35186.61106918492,812.1377587833762,3403.9530725939703,1762.3648182323636,1596.855187233764,1,9,LP
rolling_scenario_mean14,evaluation,2025-11-25,18,3,keep_previous,11,18725.583512235728,18677.546464358304,18869.694655868003,0.0,0.0,0.0,0.0,0,9,LP
rolling_scenario_mean14,evaluation,2025-11-26,0,0,margin,10,56376.30590303884,56338.73537269046,56489.01749408397,0.0,0.0,0.0,0.0,0,9,LP
rolling_scenario_mean14,evaluation,2025-11-26,6,1,keep_previous,11,49924.518605662306,49748.76577259218,50451.77710487267,0.0,0.0,0.0,0.0,0,9,LP
rolling_scenario_mean14,evaluation,2025-11-26,12,2,margin,11,35480.61813594829,35449.68482903668,35573.418056683106,16.411095333334174,3479.379507566525,1465.7203651988848,1298.7283155138211,1,9,LP
rolling_scenario_mean14,evaluation,2025-11-26,18,3,keep_previous,11,18778.806019083495,18738.58603739981,18899.465964134553,0.0,0.0,0.0,0.0,0,9,LP
rolling_scenario_mean14,evaluation,2025-11-27,0,0,margin,10,54578.62536151237,54540.46695586902,54693.10057844243,0.0,0.0,0.0,0.0,0,9,LP
rolling_scenario_mean14,evaluation,2025-11-27,6,1,margin,11,47667.53045856483,47629.23178385665,47782.42648268936,1.947917777777775,489.39555509328056,221.48048336509905,192.65556102991349,1,9,LP
rolling_scenario_mean14,evaluation,2025-11-27,12,2,margin,11,35132.15451938811,35098.19068904837,35234.04601040733,136.28508191439448,1932.858279776674,808.6805046506095,708.9953520965614,1,9,LP
rolling_scenario_mean14,evaluation,2025-11-27,18,3,keep_previous,11,18668.59476443412,18627.044687595655,18793.244994949513,0.0,0.0,0.0,0.0,0,9,LP
rolling_scenario_mean14,evaluation,2025-11-28,0,0,margin,10,19988.38813957003,19946.623095382834,20113.683272131617,0.0,0.0,0.0,0.0,0,9,LP+MILP
rolling_scenario_mean14,evaluation,2025-11-28,6,1,keep_previous,11,15807.564491190515,15767.634466464906,15927.354565367343,0.0,0.0,0.0,0.0,0,9,MILP
rolling_scenario_mean14,evaluation,2025-11-28,12,2,margin,11,14622.240778919117,14580.84311335313,14746.433775617075,2.1600499167107046e-12,188.14729466666734,62.95429035302345,80.3439336149375,1,9,MILP
rolling_scenario_mean14,evaluation,2025-11-28,18,3,keep_previous,11,11120.003758422039,11068.707409726661,11273.89280450817,0.0,0.0,0.0,0.0,0,9,LP
rolling_scenario_mean14,evaluation,2025-11-29,0,0,residual_2,10,25091.90747650652,24820.756687853816,25905.359842464633,0.0,0.0,0.0,0.0,0,9,LP
rolling_scenario_mean14,evaluation,2025-11-29,6,1,residual_1,11,18745.628843450686,18664.843894206595,18987.983691182955,114.9538249666673,7486.385094115228,1612.711419011413,1982.5610294871642,1,9,LP+MILP
rolling_scenario_mean14,evaluation,2025-11-29,12,2,residual_1,11,15146.658422747092,15056.083925664716,15418.381913994217,269.841426449999,0.0,91.26854142204579,114.74176381072681,1,9,LP+MILP
rolling_scenario_mean14,evaluation,2025-11-29,18,3,residual_3,11,11186.081600918287,11131.153637687174,11350.865490611626,154.7413785666672,6.252776074688882e-13,26.655754452266986,30.825462958962625,1,9,LP
rolling_scenario_mean14,evaluation,2025-11-30,0,0,margin,10,55735.144109863824,55641.90261797476,56014.86858553102,0.0,0.0,0.0,0.0,0,9,LP
rolling_scenario_mean14,evaluation,2025-11-30,6,1,margin,11,51637.20235264226,51594.155161216484,51766.34392691961,2025.6382191105897,856.5829061111095,1265.2118025921177,1098.0113814524739,1,9,LP
rolling_scenario_mean14,evaluation,2025-11-30,12,2,margin,11,36271.881999626596,36232.81081745201,36389.09554615037,0.0,1250.3703813958086,566.4849724808962,493.78998968359986,1,9,LP
rolling_scenario_mean14,evaluation,2025-11-30,18,3,keep_previous,11,18744.493129333103,18699.85567136341,18878.405503242175,0.0,0.0,0.0,0.0,0,9,LP
rolling_scenario_mean14,evaluation,2025-12-01,0,0,margin,10,59783.593407319044,59548.30067786393,60489.471595684394,0.0,0.0,0.0,0.0,0,9,LP
rolling_scenario_mean14,evaluation,2025-12-01,6,1,margin,11,50745.10219579321,50708.956327782456,50853.53979982548,0.0,2040.57095951988,916.3482866336751,724.3031618164177,1,9,LP
rolling_scenario_mean14,evaluation,2025-12-01,12,2,margin,11,35952.79607129947,35914.824414571834,36066.711041482355,0.137679815554975,751.5689870247005,384.1965910133227,312.7917072978319,1,9,LP
rolling_scenario_mean14,evaluation,2025-12-01,18,3,residual_1,11,19089.1604840656,19056.167278644993,19188.140100327422,270.557705217313,140.74808582716048,255.1063773947635,213.57856104820743,1,9,LP
rolling_scenario_mean14,evaluation,2025-12-02,0,0,margin,10,64950.47328916786,62771.02316486274,71488.8236620832,0.0,0.0,0.0,0.0,0,9,LP
rolling_scenario_mean14,evaluation,2025-12-02,6,1,margin,11,58280.23496636348,55299.100920515084,67223.63710390867,556.675209923444,2469.866400998623,1329.0533037428618,1062.1286944796825,1,9,LP
rolling_scenario_mean14,evaluation,2025-12-02,12,2,margin,11,36910.72858303509,36743.20029584566,37413.313444603395,5.246652646667599,980.1255444658223,478.1438684615075,392.67999443383644,1,9,LP
rolling_scenario_mean14,evaluation,2025-12-02,18,3,residual_0,11,18743.193110937173,18692.62148521586,18894.907988101113,72.97906090312097,162.40780034567786,112.5927729750411,98.31858743914644,1,9,LP
rolling_scenario_mean14,evaluation,2025-12-03,0,0,margin,10,56768.77797722853,56020.594616147166,59013.32806047261,0.0,0.0,0.0,0.0,0,9,LP
rolling_scenario_mean14,evaluation,2025-12-03,6,1,residual_7,11,56035.875808124605,55316.95837803327,58192.62809839861,6175.477612285349,76.47513109465035,2893.332177537655,2357.9466125405847,1,9,LP
rolling_scenario_mean14,evaluation,2025-12-03,12,2,residual_7,11,38040.66790771407,37943.00246345953,38333.66424047768,1530.8797915980767,0.0,748.3583382999344,630.7649420109228,1,9,LP
rolling_scenario_mean14,evaluation,2025-12-03,18,3,margin,11,18747.63743227588,18659.39459195743,19012.36595323123,50.53893142978359,0.0,11.888972107378821,10.56093185894757,1,9,LP
rolling_scenario_mean14,evaluation,2025-12-04,0,0,residual_7,10,68510.061707747,67739.81101521454,70820.81378534435,0.0,0.0,0.0,0.0,0,9,LP
rolling_scenario_mean14,evaluation,2025-12-04,6,1,margin,11,58350.20240218463,57388.00142206422,61236.80534254585,1169.5941461479565,9069.45335593964,4781.663838277915,4199.311518954936,1,9,LP
rolling_scenario_mean14,evaluation,2025-12-04,12,2,residual_6,11,36413.786358639845,36316.05515643676,36706.979965249106,393.8215149191516,133.06341337522622,214.27094862963688,193.2688248069843,1,9,LP
rolling_scenario_mean14,evaluation,2025-12-04,18,3,residual_6,11,18878.13889634217,18796.470947557627,19123.142742695807,72.92297474666918,1.1368683772161603e-13,46.89647534964294,44.9884178434434,1,9,LP
rolling_scenario_mean14,evaluation,2025-12-05,0,0,margin,10,30655.260269408936,27436.76658206094,40310.741331452926,0.0,0.0,0.0,0.0,0,9,LP+MILP
rolling_scenario_mean14,evaluation,2025-12-05,6,1,margin,11,20930.250659567337,20775.93336300311,21393.20254926001,16.481342869998855,448.235750273847,144.83318270035073,168.4532916545553,1,9,LP+MILP
rolling_scenario_mean14,evaluation,2025-12-05,12,2,residual_5,11,16086.22919745174,15924.602380071055,16571.10964959379,10.198440766667147,2082.954830152272,422.7100963915026,554.0372007908741,1,9,LP+MILP
rolling_scenario_mean14,evaluation,2025-12-05,18,3,residual_5,11,11508.648382300473,11433.382121121409,11734.447165837666,92.56309399724341,4.547473508864641e-13,47.31475905080511,49.34433991868307,1,9,LP
rolling_scenario_mean14,evaluation,2025-12-06,0,0,margin,10,32442.527945461356,29602.996986558504,40961.120822169905,0.0,0.0,0.0,0.0,0,9,LP+MILP
rolling_scenario_mean14,evaluation,2025-12-06,6,1,residual_6,11,22563.16051220299,22360.041287023647,23172.518187741025,0.0,3680.3624991152274,1085.4482824609127,1272.8246859912874,1,9,LP+MILP
rolling_scenario_mean14,evaluation,2025-12-06,12,2,residual_4,11,15627.040517712372,15510.954657566783,15975.298098149138,265.4589993878196,764.9347401566323,268.4223670375464,320.55063170007224,1,9,LP
rolling_scenario_mean14,evaluation,2025-12-06,18,3,residual_4,11,11665.475277395657,11598.069315611814,11867.693162747184,128.7162912166654,2.2737367544323206e-13,70.60414775862426,73.48686248730083,1,9,LP
rolling_scenario_mean14,evaluation,2025-12-07,0,0,margin,10,74147.91802918684,70314.52764103033,85648.08919365637,0.0,0.0,0.0,0.0,0,9,LP
rolling_scenario_mean14,evaluation,2025-12-07,6,1,margin,11,58228.93940953843,57874.91433847377,59291.0146227324,7.714188777777736,7216.997652736628,3432.4246471283195,2924.405263452896,1,9,LP
rolling_scenario_mean14,evaluation,2025-12-07,12,2,residual_7,11,39150.79673468199,38933.023268795136,39804.11713234257,828.1235202155545,367.7202128312772,522.8395854949745,459.1842035718471,1,9,LP
rolling_scenario_mean14,evaluation,2025-12-07,18,3,keep_previous,11,19243.104038638674,19193.559714230854,19391.73701186213,0.0,0.0,0.0,0.0,0,9,LP
rolling_scenario_mean14,evaluation,2025-12-08,0,0,margin,10,75227.40998370394,71440.17039945714,86589.12873644434,0.0,0.0,0.0,0.0,0,9,LP
rolling_scenario_mean14,evaluation,2025-12-08,6,1,margin,11,62596.925140222505,62521.299793020604,62823.80118182821,883.156358861105,560.8750199945141,757.4708229039245,654.3592142851473,1,9,LP
rolling_scenario_mean14,evaluation,2025-12-08,12,2,margin,11,41275.48473676019,41243.37456284656,41371.81525850107,12.290452577778296,4604.794658088815,1909.2899480811568,1650.4025030408434,1,9,LP
rolling_scenario_mean14,evaluation,2025-12-08,18,3,margin,10,19278.570242706606,19246.89545686038,19373.59460024529,0.0,0.0,0.0,0.0,0,9,LP
rolling_scenario_mean14,evaluation,2025-12-09,0,0,margin,10,75417.44790393887,71232.33120539306,87972.79799957629,0.0,0.0,0.0,0.0,0,9,LP
rolling_scenario_mean14,evaluation,2025-12-09,6,1,margin,11,60046.99928804702,59911.62556520019,60453.12045658752,273.07827146110685,3350.667481274439,1718.5282948744473,1516.3017040648374,1,9,LP
rolling_scenario_mean14,evaluation,2025-12-09,12,2,margin,11,39548.79273950247,39513.52547218956,39654.594541441176,0.0,1317.2946771002466,554.6472041381846,496.7851030659841,1,9,LP
rolling_scenario_mean14,evaluation,2025-12-09,18,3,margin,10,19379.541803965294,19344.70709306942,19484.04593665291,1.2505552149377763e-12,0.0,8.344954949279781e-13,7.626510978298029e-13,0,9,LP
rolling_scenario_mean14,evaluation,2025-12-10,0,0,margin,10,72206.63874195464,68136.00853923586,84418.52935011098,0.0,0.0,0.0,0.0,0,9,LP
rolling_scenario_mean14,evaluation,2025-12-10,6,1,margin,11,61960.83700254905,61633.49115685309,62942.874539636934,3075.4884304279885,216.25171097942462,1533.8732788773343,1342.4207060912054,1,9,LP
rolling_scenario_mean14,evaluation,2025-12-10,12,2,margin,11,40955.64810285863,40919.46452733172,41064.198829439345,0.0,2312.386329971198,1157.326780157888,1014.1174323053094,1,9,LP
rolling_scenario_mean14,evaluation,2025-12-10,18,3,margin,10,19278.733631863335,19243.12218783258,19385.567963955596,0.0,0.0,0.0,0.0,0,9,LP
rolling_scenario_mean14,evaluation,2025-12-11,0,0,margin,10,74312.70789522892,71176.55623270285,83721.16288280714,0.0,0.0,0.0,0.0,0,9,LP
rolling_scenario_mean14,evaluation,2025-12-11,6,1,margin,11,60228.90281370781,59811.02027596492,61482.550426936505,2.2426033333333635,4312.4755921851865,1967.9033068561755,1815.71928900795,1,9,LP
rolling_scenario_mean14,evaluation,2025-12-11,12,2,margin,11,38540.961468074485,38504.895875819195,38649.15824484037,75.59546146888977,1326.5513303881949,609.1098118760369,545.6478768066028,1,9,LP
rolling_scenario_mean14,evaluation,2025-12-11,18,3,margin,10,19362.902159750858,19327.150793861187,19470.156257419872,0.0,0.0,0.0,0.0,0,9,LP
rolling_scenario_mean14,evaluation,2025-12-12,0,0,margin,10,29458.71173536056,28445.723040183493,32497.677820891764,0.0,0.0,0.0,0.0,0,9,LP
rolling_scenario_mean14,evaluation,2025-12-12,6,1,margin,11,25889.438341972997,25426.105870877505,27279.435755259474,2213.7898008661177,0.0,605.3501360645353,751.7454189780422,1,9,LP
rolling_scenario_mean14,evaluation,2025-12-12,12,2,residual_2,11,18127.303205576594,18032.229689570628,18412.52375359449,5.56883866666675,3256.7667939518606,852.5662017158592,1005.0906371154899,1,9,LP+MILP
rolling_scenario_mean14,evaluation,2025-12-12,18,3,margin,11,11786.119147482781,11731.434832900026,11950.172091231048,151.15552980757087,0.0,26.48246599776472,29.86660938911588,1,9,LP
rolling_scenario_mean14,evaluation,2025-12-13,0,0,margin,10,29630.49746298954,28859.172236979943,31944.473141018334,0.0,0.0,0.0,0.0,0,9,LP
rolling_scenario_mean14,evaluation,2025-12-13,6,1,residual_2,11,26242.530262572818,25820.95993377066,27507.24124897929,1725.276066362223,406.93995740967324,668.3880417552091,834.7371766171807,1,9,LP
rolling_scenario_mean14,evaluation,2025-12-13,12,2,residual_1,11,18308.733727738152,18248.122244718077,18490.56817679837,3.160940000000153,3174.4760160731053,859.8437295479266,1090.7220015470364,1,9,LP
rolling_scenario_mean14,evaluation,2025-12-13,18,3,keep_previous,11,11982.675789452489,11928.08441594737,12146.449909967847,0.0,0.0,0.0,0.0,0,9,LP
rolling_scenario_mean14,evaluation,2025-12-14,0,0,margin,10,66227.90188665643,64893.856511638995,70230.03801170875,0.0,0.0,0.0,0.0,0,9,LP
rolling_scenario_mean14,evaluation,2025-12-14,6,1,residual_1,11,62351.059514086126,62222.52468927256,62736.6639885268,4661.387860805216,306.6923236982169,2301.7016671195797,2039.7262604311343,1,9,LP
rolling_scenario_mean14,evaluation,2025-12-14,12,2,residual_0,11,40376.48545600728,40311.167290033714,40572.43995392796,39.41723950222138,800.5195910493829,291.6020636542878,265.3838185714666,1,9,LP
rolling_scenario_mean14,evaluation,2025-12-14,18,3,keep_previous,11,19750.13306720945,19702.409954428545,19893.302405552156,0.0,0.0,0.0,0.0,0,9,LP
rolling_scenario_mean14,evaluation,2025-12-15,0,0,margin,10,67886.61253901734,67251.82354968056,69790.97950702767,0.0,0.0,0.0,0.0,0,9,LP
rolling_scenario_mean14,evaluation,2025-12-15,6,1,residual_0,11,64699.610965575885,64624.129188002684,64926.05629829549,4798.858532534448,260.7402505308652,2349.9806593214043,2103.5974902153516,1,9,LP
rolling_scenario_mean14,evaluation,2025-12-15,12,2,margin,11,40763.7697210023,40709.16699279389,40927.577905627535,195.67711353086474,2070.561190119669,1010.6228348973764,908.0810147197393,1,9,LP
rolling_scenario_mean14,evaluation,2025-12-15,18,3,keep_previous,11,19739.11400360736,19684.9088675266,19901.729411849643,0.0,0.0,0.0,0.0,0,9,LP
rolling_scenario_mean14,evaluation,2025-12-16,0,0,margin,10,72427.26335067759,72392.86678716725,72530.45304120857,0.0,0.0,0.0,0.0,0,9,LP
rolling_scenario_mean14,evaluation,2025-12-16,6,1,margin,11,62853.8750403039,62763.41422296964,63125.25749230669,0.0,4059.777777108357,1991.9530797838643,1823.4379411292673,1,9,LP
rolling_scenario_mean14,evaluation,2025-12-16,12,2,margin,11,39922.30479015778,39892.19694934004,40012.62831261101,0.16680000000042128,885.0687264032995,412.1368373210378,389.5546565760695,1,9,LP
rolling_scenario_mean14,evaluation,2025-12-16,18,3,keep_previous,11,19724.870778408796,19695.15786952705,19814.009505054026,0.0,0.0,0.0,0.0,0,9,LP
rolling_scenario_mean14,evaluation,2025-12-17,0,0,margin,10,72369.52275132875,72340.14149893436,72457.66650851192,0.0,0.0,0.0,0.0,0,9,LP
rolling_scenario_mean14,evaluation,2025-12-17,6,1,margin,11,61928.267394342736,61838.69278702876,62196.991216284674,0.0,6213.780297522631,3057.9188786548084,2792.413257915065,1,9,LP
rolling_scenario_mean14,evaluation,2025-12-17,12,2,margin,11,39445.1320423323,39415.78145079335,39533.18381694914,28.386805962221956,729.1642782633738,376.9895762116596,353.2313611772556,1,9,LP
rolling_scenario_mean14,evaluation,2025-12-17,18,3,margin,10,19506.303505161603,19477.453797967373,19592.852626744298,0.0,0.0,0.0,0.0,0,9,LP
rolling_scenario_mean14,evaluation,2025-12-18,0,0,margin,10,68853.35390114457,68820.64605816902,68951.47743007122,0.0,0.0,0.0,0.0,0,9,LP
rolling_scenario_mean14,evaluation,2025-12-18,6,1,margin,11,61334.985979631485,61298.54618688362,61444.30535787509,479.95278386554867,1003.213018460907,655.29985621117,614.6832488041841,1,9,LP
rolling_scenario_mean14,evaluation,2025-12-18,12,2,margin,11,39674.48806905578,39642.411031726544,39770.719181043474,0.0,2021.910047983768,865.1317371617826,845.951831339369,1,9,LP
rolling_scenario_mean14,evaluation,2025-12-18,18,3,margin,10,19483.87555371099,19452.35743933796,19578.429896830083,0.0,0.0,0.0,0.0,0,9,LP
rolling_scenario_mean14,evaluation,2025-12-19,0,0,margin,10,28227.110158084997,28069.93606255014,28698.63244468957,0.0,0.0,0.0,0.0,0,9,LP
rolling_scenario_mean14,evaluation,2025-12-19,6,1,keep_previous,11,23073.92744272864,23045.173301916842,23160.189865164037,0.0,0.0,0.0,0.0,0,9,LP
rolling_scenario_mean14,evaluation,2025-12-19,12,2,margin,11,17512.185332952213,17489.89014714067,17579.070890386836,0.0,1997.9615285418363,523.5949891294558,704.6698586649994,1,9,LP
rolling_scenario_mean14,evaluation,2025-12-19,18,3,keep_previous,11,11779.648600222037,11752.426498915009,11861.314904143126,0.0,0.0,0.0,0.0,0,9,LP
rolling_scenario_mean14,evaluation,2025-12-20,0,0,margin,10,30826.937345412996,30605.33634504354,31491.74034652136,0.0,0.0,0.0,0.0,0,9,LP
rolling_scenario_mean14,evaluation,2025-12-20,6,1,margin,11,24106.300564307454,24052.606578703755,24267.382521118554,0.0,4184.566998325099,1205.5784974781711,1604.1742720199413,1,9,LP
rolling_scenario_mean14,evaluation,2025-12-20,12,2,residual_7,11,16899.087522594637,16817.22628526217,17144.671234592035,0.0,1455.0917917441298,348.57700414031285,484.9538219663172,1,9,LP
rolling_scenario_mean14,evaluation,2025-12-20,18,3,keep_previous,11,12031.325453917772,11987.41646902159,12163.052408606325,0.0,0.0,0.0,0.0,0,9,LP
rolling_scenario_mean14,evaluation,2025-12-21,0,0,residual_1,10,71268.06978864287,70929.71245365108,72283.14179361824,0.0,0.0,0.0,0.0,0,9,LP
rolling_scenario_mean14,evaluation,2025-12-21,6,1,residual_1,11,61799.71138395028,61490.32036129011,62727.88445193077,102.78884444444373,5152.772372303085,2486.850970582881,2258.7621190192917,1,9,LP
rolling_scenario_mean14,evaluation,2025-12-21,12,2,residual_6,11,41168.80467140811,41124.16092831487,41302.73590068782,2234.8103515893035,17.295333333333247,1016.3253484935447,952.3889834596624,1,9,LP
rolling_scenario_mean14,evaluation,2025-12-21,18,3,residual_6,11,19658.26896823726,19611.38491107076,19798.92113973676,0.0,91.11146666666684,58.70265513233345,56.293517562119156,1,9,LP
rolling_scenario_mean14,evaluation,2025-12-22,0,0,residual_0,10,70636.87968387723,70266.34329287319,71748.48885688932,0.0,0.0,0.0,0.0,0,9,LP
rolling_scenario_mean14,evaluation,2025-12-22,6,1,margin,11,61880.88310814365,61659.24126893184,62545.80862577909,774.4399671866604,2126.875612119944,1545.1867431761418,1440.2985196024124,1,9,LP
rolling_scenario_mean14,evaluation,2025-12-22,12,2,residual_5,11,39897.40386184701,39843.19318733692,40060.03588537729,0.0,1302.0050495070263,587.1738720023046,530.4369022910083,1,9,LP
rolling_scenario_mean14,evaluation,2025-12-22,18,3,keep_previous,11,19472.356306149384,19425.456314297102,19613.056281706227,0.0,0.0,0.0,0.0,0,9,LP
rolling_scenario_mean14,evaluation,2025-12-23,0,0,residual_0,10,72677.48497886125,72294.15790865214,73827.46618948858,0.0,0.0,0.0,0.0,0,9,LP
rolling_scenario_mean14,evaluation,2025-12-23,6,1,margin,11,62429.39661528416,62377.00721346351,62586.564820746105,1102.49776334222,5452.244058838889,3187.3111132217173,2967.306122034562,1,9,LP
rolling_scenario_mean14,evaluation,2025-12-23,12,2,margin,11,39894.09675442082,39833.265582026404,40076.59027160405,7.36693188888853,857.8409810521264,397.06427964735826,379.6340656280024,1,9,LP
rolling_scenario_mean14,evaluation,2025-12-23,18,3,margin,10,19701.78708862747,19642.009638569572,19881.119438801157,0.0,0.0,0.0,0.0,0,9,LP
rolling_scenario_mean14,evaluation,2025-12-24,0,0,margin,10,69050.32527282141,68922.93186234003,69432.50550426556,0.0,0.0,0.0,0.0,0,9,LP
rolling_scenario_mean14,evaluation,2025-12-24,6,1,margin,11,61512.93523661746,61332.905033887895,62053.025844806136,200.10798133333276,270.77228200960417,268.5193393097101,247.41479593610967,1,9,LP
rolling_scenario_mean14,evaluation,2025-12-24,12,2,margin,11,40549.03490036367,40485.95912920874,40738.26221382847,8.661177999999722,2103.558210781893,969.9670664301458,880.4679430101501,1,9,LP
rolling_scenario_mean14,evaluation,2025-12-24,18,3,margin,10,19524.852132211123,19462.83209179107,19710.91225347128,0.0,0.0,0.0,0.0,0,9,LP
rolling_scenario_mean14,evaluation,2025-12-25,0,0,margin,10,65720.3905714223,65386.21767838544,66722.90925053289,0.0,0.0,0.0,0.0,0,9,LP
rolling_scenario_mean14,evaluation,2025-12-25,6,1,keep_previous,11,58263.769211962375,57757.10528016082,59783.76100736705,0.0,0.0,0.0,0.0,0,9,LP
rolling_scenario_mean14,evaluation,2025-12-25,12,2,residual_2,11,40481.05610421917,40427.17477582494,40642.700089401864,1432.7610650397796,184.3252304526759,692.5084955247236,637.3947519100843,1,9,LP
rolling_scenario_mean14,evaluation,2025-12-25,18,3,keep_previous,11,19565.412008448046,19506.338850244687,19742.631483058125,0.0,0.0,0.0,0.0,0,9,LP
rolling_scenario_mean14,evaluation,2025-12-26,0,0,margin,10,27770.41892214334,27722.400307978965,27914.474764636467,0.0,0.0,0.0,0.0,0,9,LP
rolling_scenario_mean14,evaluation,2025-12-26,6,1,margin,11,23547.91770454732,23500.560713245195,23689.988678453698,679.5877784444477,681.9926679464982,452.7497042688678,568.5394880632024,1,9,LP
rolling_scenario_mean14,evaluation,2025-12-26,12,2,residual_1,11,17693.268477802285,17595.986670151164,17985.11390075565,0.0,1419.3067675637926,334.6727578495013,441.5949319037796,1,9,LP
rolling_scenario_mean14,evaluation,2025-12-26,18,3,keep_previous,11,11918.094845250787,11868.65353721544,12066.418769356831,0.0,0.0,0.0,0.0,0,9,LP
rolling_scenario_mean14,evaluation,2025-12-27,0,0,residual_0,10,28814.212710466654,28579.10368647323,29519.53978244693,0.0,0.0,0.0,0.0,0,9,LP
rolling_scenario_mean14,evaluation,2025-12-27,6,1,margin,11,24620.828896930896,24570.972851445647,24770.39703338664,1110.6036697470117,577.4056456666651,523.1765441790187,663.7933886038218,1,9,LP
rolling_scenario_mean14,evaluation,2025-12-27,12,2,margin,11,18025.068366529526,17969.50480276734,18191.759057816078,14.53116667333569,1330.7166438065926,337.2229388730957,440.7449105197876,1,9,LP
rolling_scenario_mean14,evaluation,2025-12-27,18,3,keep_previous,11,11987.521395509328,11933.30897822208,12150.158647371069,0.0,0.0,0.0,0.0,0,9,LP
rolling_scenario_mean14,evaluation,2025-12-28,0,0,margin,10,68046.80947219675,68020.9613848988,68124.3537340906,0.0,0.0,0.0,0.0,0,9,LP
rolling_scenario_mean14,evaluation,2025-12-28,6,1,margin,11,60464.111234939024,60210.20564849184,61225.82799428057,98.88593311111435,592.2750550476271,360.5481553899952,336.27336537809344,1,9,LP
rolling_scenario_mean14,evaluation,2025-12-28,12,2,margin,11,39550.39202156433,39509.438791109125,39673.251712929945,25.285698000001616,1627.5855121979228,770.911496388331,716.4033192407139,1,9,LP
rolling_scenario_mean14,evaluation,2025-12-28,18,3,keep_previous,11,19610.46417767199,19570.26016748061,19731.076208246133,0.0,0.0,0.0,0.0,0,9,LP
rolling_scenario_mean14,evaluation,2025-12-29,0,0,margin,10,67539.57599234159,67498.75533422947,67662.03796667792,0.0,0.0,0.0,0.0,0,9,LP
rolling_scenario_mean14,evaluation,2025-12-29,6,1,residual_4,11,62885.01275492966,62091.71435449357,65264.90795623792,1753.3235484300008,406.987938427986,893.3531089637779,816.5198169949446,1,9,LP
rolling_scenario_mean14,evaluation,2025-12-29,12,2,margin,11,41190.48245079217,41138.502111995294,41346.423467182816,334.7738471440331,1343.7467274711526,651.3898427132877,599.57338669724,1,9,LP
rolling_scenario_mean14,evaluation,2025-12-29,18,3,margin,10,19566.74118013143,19515.69225185727,19719.887964953916,2.2737367544323206e-13,0.0,1.4975967133068479e-13,1.456572005866162e-13,0,9,LP
rolling_scenario_mean14,evaluation,2025-12-30,0,0,margin,10,68457.05245104062,68421.10266696192,68564.90180327675,0.0,0.0,0.0,0.0,0,9,LP
rolling_scenario_mean14,evaluation,2025-12-30,6,1,residual_3,11,61423.07177819702,61371.041261047874,61579.16332964448,588.3084954711126,1217.4125504773633,663.1474217836471,629.7534995195023,1,9,LP
rolling_scenario_mean14,evaluation,2025-12-30,12,2,margin,11,40064.0310441117,40013.53456722649,40215.52047476736,346.54039014402963,2759.418614134668,1398.1098847753929,1341.9738034140014,1,9,LP
rolling_scenario_mean14,evaluation,2025-12-30,18,3,margin,10,19636.636320758927,19587.02938636511,19785.45712394038,2.0463630789890885e-12,0.0,1.3228714124124962e-12,1.3133119734577901e-12,0,9,LP
rolling_scenario_mean14,evaluation,2025-12-31,0,0,margin,10,69846.43493569474,69674.75039354856,70361.4885621333,0.0,0.0,0.0,0.0,0,9,LP
rolling_scenario_mean14,evaluation,2025-12-31,6,1,margin,11,61465.28390005893,61371.20241283805,61747.52836172156,55.76317491332725,1346.143619888888,604.9665288069607,543.0884647820619,1,9,LP
rolling_scenario_mean14,evaluation,2025-12-31,12,2,margin,11,40072.25457477079,40030.427698994936,40197.73520209835,49.5649640000006,934.8163983168649,413.0675076188504,365.85839896600856,1,9,LP
rolling_scenario_mean14,evaluation,2025-12-31,18,3,margin,10,19329.96293929134,19288.834700858777,19453.34765458903,0.0,0.0,0.0,0.0,0,9,LP
