method,window,period,date,selected_alpha,selector_score_type,e_start,e_end,plan_kwh,emergency_kwh,plan_cost,emergency_cost,total_cost,paid_grid_spill_kwh,pv_spill_kwh,charge_kwh,discharge_kwh,inventory_adjusted_day_cost,emergency_slots,solver,solve_seconds,max_plan_audit,plan_mutual_count
blend_a000,dev_march,development,2025-03-07,0.0,none,1607.6682326867735,1799.9208019068776,34105.28322439623,0.0,14008.337912463983,0.0,14008.337912463983,531.8709466337457,9508.771124961786,15628.04372194356,12485.688102476191,13903.05055261488,0,MILP,0.11014220002107322,1.6484591469634324e-12,0
blend_a000,dev_march,development,2025-03-08,0.0,none,1799.9208019068776,1746.895154250794,32969.960558318635,0.0,13541.247898128067,0.0,13541.247898128067,563.4289694779532,10443.300079954146,15514.816184791298,12614.724192571426,13569.75113906397,0,MILP,0.08272790000773966,1.8189894035458565e-12,0
blend_a000,dev_march,development,2025-03-09,0.0,none,1746.895154250794,1497.0878818254,76750.47358346674,0.0,48657.964996066505,0.0,48657.964996066505,7712.446859951786,2236.0208166666666,19438.460010690185,15969.979153841905,48834.18607186491,0,LP,0.004478999995626509,9.094947017729282e-13,0
blend_a000,dev_march,development,2025-03-10,0.0,none,1497.0878818254,1447.0377217671992,75521.66717870542,0.0,49316.9414253954,0.0,49316.9414253954,3105.2445878812405,360.69671666666625,21361.576674788947,17347.92225063143,49353.08796380294,0,LP,0.004250099998898804,6.821210263296962e-13,0
blend_a000,dev_march,development,2025-03-11,0.0,none,1447.0377217671992,1662.895132055023,75262.66522095354,0.0,48203.483376119584,0.0,48203.483376119584,5802.47982500058,1440.661016666667,20454.389000143445,16373.783420857146,48050.12666951531,0,LP,0.004378200013889,7.736034035588091e-13,0
blend_a000,dev_march,development,2025-03-12,0.0,none,1662.895132055023,1466.3308394402127,74693.54267349676,0.0,47034.04083337411,0.0,47034.04083337411,6507.771753599041,2172.9285666666665,19759.029122373908,16181.721452476191,47172.058697138964,0,LP,0.004363799991551787,9.094947017729282e-13,0
blend_a000,dev_march,development,2025-03-13,0.0,none,1466.3308394402127,1411.4148678222232,73995.93129645854,73.52254619047426,47548.45323696022,465.8430567662733,48014.29629372649,2437.0919926325582,0.0,21769.306356873603,17682.562523523808,48053.8178769557,2,LP,0.004939300008118153,1.0231815394945443e-12,0
blend_a000,dev_march,development,2025-03-14,0.0,none,1411.4148678222232,1920.35807457037,32440.35028776249,0.0,13068.888752193583,0.0,13068.888752193583,386.3359957801317,12578.228842984125,15727.950418902996,12281.590953238094,12798.004684670395,0,MILP,0.10790929998620413,1.5347723092418164e-12,0
blend_a000,dev_march,development,2025-03-15,0.0,none,1920.35807457037,1370.7079328285708,31490.085345136977,0.0,13187.485332857172,0.0,13187.485332857172,542.0217663809522,7684.6754266843045,14915.516471786006,12576.253469714286,13486.657156756524,0,MILP,0.09063640001113527,3.069544618483633e-12,0
blend_a000,dev_march,development,2025-03-16,0.0,none,1370.7079328285708,1822.317553566139,73654.39127774484,0.0,46140.495111215314,0.0,46140.495111215314,5546.367084458555,488.8266500000001,20324.747112048204,16056.59650209524,45821.47553482218,0,LP,0.004060300008859485,9.094947017729282e-13,0
blend_a000,dev_march,development,2025-03-17,0.0,none,1822.317553566139,1941.2955254317476,72292.89841194473,0.0,44291.79878210785,0.0,44291.79878210785,8171.39584364609,2635.277233333333,18531.65119448912,14903.557292857142,44210.39903595997,0,LP,0.005167199997231364,9.094947017729282e-13,0
blend_a000,dev_march,development,2025-03-18,0.0,none,1941.2955254317476,1796.3681319396808,70198.11963049616,0.0,43415.931037321745,0.0,43415.931037321745,3916.050307040562,1253.98175,21224.020320693704,17321.89111390476,43517.15050284751,0,LP,0.0048611999955028296,9.094947017729282e-13,0
blend_a000,dev_march,development,2025-03-19,0.0,none,1796.3681319396808,1986.1235553100555,70013.77680179071,0.0,43151.856206012206,0.0,43151.856206012206,4492.030850397409,1902.2185999999997,20964.615896631396,16810.558995238094,43020.041770988,0,LP,0.004162900004303083,1.0231815394945443e-12,0
blend_a000,dev_march,development,2025-03-20,0.0,none,1986.1235553100555,1550.5062194888894,69110.50468185419,50.64200556857077,43375.3701444172,334.94622483052706,43710.316369247725,2437.336416600817,1014.3316833333329,20487.22301611052,16986.706245288573,44015.58583549697,1,LP,0.00451890000840649,9.601208716958354e-13,0
blend_a000,dev_april,development,2025-04-17,0.0,none,1618.0719069862432,1945.3748361206358,60586.326353179305,0.0,36046.37008216521,0.0,36046.37008216521,1816.2643498542097,1838.5459606502077,19834.742402389176,15771.568709714284,35826.09827932272,0,LP,0.004649100010283291,9.094947017729282e-13,0
blend_a000,dev_april,development,2025-04-18,0.0,none,1945.3748361206358,2146.0427089597865,26954.930240705464,0.0,10742.513159618442,0.0,10742.513159618442,425.43538914285807,17502.61197581893,13116.655825553202,10443.890133142859,10641.481275253647,0,MILP,0.0667533999949228,1.8189894035458565e-12,0
blend_a000,dev_april,development,2025-04-19,0.0,none,2146.0427089597865,2102.49358338201,26817.021450395066,0.0,10663.355379304434,0.0,10663.355379304434,460.78709580952443,17185.327325582595,12765.378905383895,10379.15112638095,10685.224824750674,0,MILP,0.08487930000410415,5.002220859751105e-12,0
blend_a000,dev_april,development,2025-04-20,0.0,none,2102.49358338201,1969.5795107566153,59747.4441886408,0.0,35529.08940691601,0.0,35529.08940691601,1745.2272619870696,2416.319024331574,19725.135180798352,16096.982161809523,35618.26079367003,0,LP,0.00451739999698475,9.094947017729282e-13,0
blend_a000,dev_april,development,2025-04-21,0.0,none,1969.5795107566153,1477.9647709417982,59458.541821912986,0.0,35032.65098685312,0.0,35032.65098685312,3323.12891760024,4615.290849020582,18135.078619958833,15131.866947999999,35357.39048308913,0,LP,0.00441369999316521,9.094947017729282e-13,0
blend_a000,dev_april,development,2025-04-22,0.0,none,1477.9647709417982,1705.933222255025,59504.85570919106,0.0,35669.2333402151,0.0,35669.2333402151,1367.2054475097,2114.6451166666666,19288.96959034803,15418.893762,35515.15801278941,0,LP,0.003928799997083843,7.602807272633072e-13,0
blend_a000,dev_april,development,2025-04-23,0.0,none,1705.933222255025,1854.0215778994727,59679.406479073485,0.0,36165.28066013353,0.0,36165.28066013353,2269.3696329582617,2345.5203256754867,18585.89622996355,14921.296426190474,36065.59924107169,0,LP,0.004056399979162961,1.0231815394945443e-12,0
blend_a000,dev_april,development,2025-04-24,0.0,none,1854.0215778994727,1815.1178250148155,58569.88284902175,0.0,35028.95903495897,0.0,35028.95903495897,2881.8494467113474,5185.066208582019,18146.704585918866,14733.844092190477,35054.735348618684,0,LP,0.004072999989148229,9.094947017729282e-13,0
blend_a000,dev_april,development,2025-04-25,0.0,none,1815.1178250148155,1757.9912371132332,26130.68592015638,0.0,9921.243356010873,0.0,9921.243356010873,275.16554114285805,21542.94785706643,12440.151584518519,10127.936712571427,9949.042439032011,0,MILP,0.1302326000004541,2.021099337273174e-12,0
blend_a000,dev_april,development,2025-04-26,0.0,none,1757.9912371132332,1528.5528376656105,26058.808989927096,0.0,10141.486427671343,0.0,10141.486427671343,55.844195619047696,23790.702848652552,12360.857220131682,10218.788907809521,10252.54020556498,0,MILP,0.13220439999713562,7.16227077646181e-11,0
blend_a000,dev_april,development,2025-04-27,0.0,none,1528.5528376656105,1485.078089274073,55806.05916888888,421.9215317190496,32769.71795103319,2768.016208842825,35537.73415987602,1395.4226033274592,2472.5914878600825,20134.85631389182,16348.360887804758,35566.44507391581,1,LP,0.007128199998987839,9.094947017729282e-13,0
blend_a000,dev_april,development,2025-04-28,0.0,none,1485.078089274073,1504.9808207925923,55359.6419113933,4712.870446783804,33268.75329225127,29875.89665359737,63144.64994584864,526.7388490487943,0.0,15294.177547868314,12370.371355406669,63130.928069799236,9,LP,0.006012500001816079,8.810729923425242e-13,0
blend_a000,dev_april,development,2025-04-29,0.0,none,1504.9808207925923,1708.2381589777765,57695.52719732746,91.64631719332829,33786.26278987742,606.5153271854466,34392.77811706287,2280.3068751122846,4399.810942798355,18373.212503035862,14699.370523092384,34259.16804912937,1,LP,0.007046500017168,9.094947017729282e-13,0
blend_a000,dev_april,development,2025-04-30,0.0,none,1708.2381589777765,1574.2241074687856,57021.52832893709,0.0,33466.00117081689,0.0,33466.00117081689,2684.427912333919,2737.51952542975,18228.100548411523,14885.374090571428,33553.98114435619,0,LP,0.007739299995591864,8.86402062860725e-13,0
blend_a000,val_june,validation,2025-06-08,0.0,none,1781.3549957153423,2091.7393678433887,87212.15475059376,19.011776857142877,59417.901733807645,131.58670150204773,59549.48843530969,17048.347067354498,1625.3386999999998,16280.060834286889,12907.503340857142,59326.82761029573,3,LP,0.006816400011302903,9.094947017729282e-13,0
blend_a000,val_june,validation,2025-06-09,0.0,none,2091.7393678433887,2138.257540046561,85600.55768052791,26.182083523809524,59853.91208420841,184.1079778854762,60038.020062093885,9990.273379124048,964.5978262504459,19459.41826505819,15720.262439714284,60003.72078910946,2,LP,0.006458499992731959,7.958078640513122e-13,0
blend_a000,val_june,validation,2025-06-10,0.0,none,2138.257540046561,2282.374572296298,86109.13882866432,0.0,59749.35941490385,0.0,59749.35941490385,10115.54059810465,458.2999333333329,19932.36176246443,16015.507698571428,59643.41376025465,0,LP,0.0058191000134684145,9.094947017729282e-13,0
blend_a000,val_june,validation,2025-06-11,0.0,none,2282.374572296298,2422.400642355555,86739.14585020929,2.011921428571327,60517.83627938927,13.950663185713582,60531.78694257498,6125.3137054615,0.0,23186.180455033504,18654.78270552381,60426.973665934995,1,LP,0.005919699993683025,8.526512829121202e-13,0
blend_a000,val_june,validation,2025-06-12,0.0,none,2422.400642355555,2566.0141590010576,87550.81384353674,0.0,61331.46358869936,0.0,61331.46358869936,10744.046098071723,448.5068666666666,19876.933055179306,15971.063609714285,61225.22046328776,0,LP,0.006178499985253438,9.094947017729282e-13,0
blend_a000,val_june,validation,2025-06-13,0.0,none,2566.0141590010576,2734.6829980497337,39993.47707032922,0.0,20261.94030099058,0.0,20261.94030099058,2186.1517375637877,6867.050122007057,12858.73450323457,10263.77299247619,20164.782622141516,0,LP,0.006183199991937727,8.526512829121202e-13,0
blend_a000,val_june,validation,2025-06-14,0.0,none,2734.6829980497337,2707.518913704762,39995.372729863615,0.0,20826.84635701605,0.0,20826.84635701605,2086.145180571431,9432.85866846561,12144.59898282658,9861.572852,20842.416283858453,0,LP,0.006233199994312599,9.094947017729282e-13,0
blend_a000,val_june,validation,2025-06-15,0.0,none,2707.518913704762,3274.0756011640224,88662.27846445503,0.0,61756.662950542974,0.0,61756.662950542974,13451.292645938858,298.84709999999995,19869.80719194474,15584.642806761904,61339.65208761995,0,LP,0.005951100029051304,8.526512829121202e-13,0
blend_a000,val_june,validation,2025-06-16,0.0,none,3274.0756011640224,3108.256751350266,87373.6088789171,0.0,61654.1592923644,0.0,61654.1592923644,10850.552538245738,134.01041666666652,20232.789853528517,16537.796746190477,61777.01738002128,0,LP,0.007776200014632195,9.094947017729282e-13,0
blend_a000,val_june,validation,2025-06-17,0.0,none,3108.256751350266,2638.249502263491,86624.1233323539,3.081040857142966,60960.273915664635,21.046590095143603,60981.32050575977,8598.900744894763,82.02935000000014,19643.52413593533,16334.261074285714,61331.83487436591,1,LP,0.008432600006926805,9.094947017729282e-13,0
blend_a000,val_june,validation,2025-06-18,0.0,none,2638.249502263491,2937.999764022223,87422.56425730394,0.0,61136.70289757007,0.0,61136.70289757007,12640.244880777194,88.67290000000003,18397.26495233627,14632.009375809523,60915.473715630345,0,LP,0.008681300008902326,9.094947017729282e-13,0
blend_a000,val_june,validation,2025-06-19,0.0,none,2937.999764022223,2684.164723368255,85270.74818475603,48.66240171428569,58838.403693467786,334.32397563485705,59172.72766910264,12153.630595467377,1556.9697499999997,18830.30303995532,15480.996998952378,59357.296045216055,2,LP,0.008435700001427904,9.094947017729282e-13,0
blend_a000,val_june,validation,2025-06-20,0.0,none,2684.164723368255,2910.1708693925957,36665.507066768965,0.0,18738.365262744195,0.0,18738.365262744195,1894.275361809525,9942.38456893827,11709.793445259262,9281.527159238092,18611.987993533352,0,LP,0.008476699993479997,9.094947017729282e-13,0
blend_a000,val_june,validation,2025-06-21,0.0,none,2910.1708693925957,3273.515645382012,35206.86527686772,0.0,18123.852132626984,0.0,18123.852132626984,1657.1340441904772,11555.502995288654,12276.197573674306,9616.709736285711,17924.530953410045,0,MILP,0.1548365000053309,2.5579538487363607e-12,0
blend_a000,val_august,validation,2025-08-18,0.0,none,2178.160729337569,2168.930028625398,72442.89799171193,132.611270952381,53395.62923482186,1115.5127389771433,54511.14197379901,2431.3564427783695,2044.6419833333339,19545.804476457368,15840.409256571427,54518.18319845576,5,LP,0.00820959999691695,8.668621376273222e-13,0
blend_a000,val_august,validation,2025-08-19,0.0,none,2168.930028625398,1852.4128791502637,72283.00706105233,115.82866466666655,53193.5115401163,987.5119954816656,54181.02353559797,2148.776426036449,2802.007333333332,17975.0386888254,14844.64677247619,54421.140962472105,4,LP,0.006761099997675046,8.526512829121202e-13,0
blend_a000,val_august,validation,2025-08-20,0.0,none,1852.4128791502637,1630.2109173555552,72871.02814889594,2099.437016692373,54088.80807922131,16170.35038621617,70259.15846543747,816.5785796907725,0.0,19490.406762348033,15987.211243117148,70432.41239032579,11,LP,0.007661000010557473,8.810729923425242e-13,0
blend_a000,val_august,validation,2025-08-21,0.0,none,1630.2109173555552,1854.9618214603195,74223.70503470546,0.0,53980.209930799865,0.0,53980.209930799865,2773.6052160975864,1838.26615,18763.89142936978,14996.476244095238,53808.84045674491,0,LP,0.00691460000234656,9.094947017729282e-13,0
blend_a000,val_august,validation,2025-08-22,0.0,none,1854.9618214603195,1486.6533281999998,40303.6915216214,36.176268870474175,22890.479933394883,73.87194103350826,22964.351874428394,74.96739666666656,16787.300608947677,13571.094888483243,11324.064503605714,23183.283190149043,1,MILP,0.11314880001009442,1.0231815394945443e-12,0
blend_a000,val_august,validation,2025-08-23,0.0,none,1486.6533281999998,2018.5248978264526,40956.32355367901,0.0,22897.271353670483,0.0,22897.271353670483,293.5958798600827,15060.614300124631,13649.593742265726,10577.486518571428,22581.724250941155,0,MILP,0.12255349999759346,1.1368683772161603e-12,0
blend_a000,val_august,validation,2025-08-24,0.0,none,2018.5248978264526,2100.0782866380923,76078.14630069723,0.0,55178.69278616475,0.0,55178.69278616475,4252.593057452084,4261.4937493356865,19774.062950766613,15943.592940190476,55116.96344607631,0,LP,0.007067600003210828,1.0231815394945443e-12,0
blend_a000,val_august,validation,2025-08-25,0.0,none,2100.0782866380923,1707.2043083703695,76204.94830689124,194.44487727809246,55730.98425194171,1651.7392593657878,57382.72351130749,1420.112332058792,671.1679166666668,20466.38157483245,16931.35565605524,57686.86346393614,3,LP,0.006772699998691678,9.094947017729282e-13,0
blend_a000,val_august,validation,2025-08-26,0.0,none,1707.2043083703695,2289.724857334393,77810.48083583773,0.0,55600.937990611346,0.0,55600.937990611346,5546.897169327447,2347.2462063786024,20332.897803845968,15945.378727047619,55158.236208261726,0,LP,0.006718899996485561,9.094947017729282e-13,0
blend_a000,val_august,validation,2025-08-27,0.0,none,2289.724857334393,1885.1668969915347,76984.80180751321,16.225255619048085,55755.491352859244,134.3372614190515,55889.828614278296,3521.03750377895,2044.1890781892992,20451.335677925927,16929.684063428573,56200.548850022176,2,LP,0.006952799973078072,7.673861546209082e-13,0
blend_a000,val_august,validation,2025-08-28,0.0,none,1885.1668969915347,1928.8909241407414,76463.18450198119,46.880709523809514,55516.81030758883,388.3171611380952,55905.127468726925,1669.2331361222814,0.0,21229.923513763664,17156.886421714284,55871.1471497353,3,LP,0.00722719999612309,8.242295734817162e-13,0
blend_a000,val_august,validation,2025-08-29,0.0,none,1928.8909241407414,1942.5849956095235,41237.63937088066,0.0,23169.69554602252,0.0,23169.69554602252,743.8070314285724,15221.776714796004,14234.26637017989,11517.431095523809,23161.505712433875,0,MILP,0.12292160000652075,1.3642420526593924e-12,0
blend_a000,val_august,validation,2025-08-30,0.0,none,1942.5849956095235,1681.5598685100535,41316.22081616931,0.0,23595.195894540757,0.0,23595.195894540757,620.7335938142277,19944.003730018812,13019.4014389077,10780.637779904762,23748.99092058354,0,MILP,0.13511810000636615,3.9449332689400766e-12,0
blend_a000,val_august,validation,2025-08-31,0.0,none,1681.5598685100535,2386.5437421291017,78295.30179552968,18.217386666666698,56085.99529330196,151.93133572333358,56237.92662902529,4536.673750079955,2629.044000000001,20351.015065925923,15849.836717142858,55700.80999047304,2,LP,0.0071115999890025705,9.348077867343818e-13,0
blend_a000,eval_september,evaluation,2025-09-10,0.0,none,4786.2408636984155,4596.088809841269,67698.08154233157,296.37601666666484,45826.57312729453,1550.4782996166568,47377.05142691118,3030.138715517931,0.0,20102.405483956492,16454.085290476192,47510.85025577729,4,LP,0.006745899998350069,9.094947017729282e-13,0
blend_a000,eval_september,evaluation,2025-09-11,0.0,none,4596.088809841269,4802.587337518519,69292.72779655732,0.0,45621.4232963086,0.0,45621.4232963086,7376.391981236923,4680.02805,18707.22793198706,14967.005949999997,45481.46737043639,0,LP,0.0071607000136282295,8.952838470577262e-13,0
blend_a000,eval_september,evaluation,2025-09-12,0.0,none,4802.587337518519,5081.5353283544955,35096.85593575714,0.0,17573.089670070796,0.0,17573.089670070796,1114.4127548571428,19754.775256190474,12762.939647142855,10086.927922433333,17428.712640686383,0,MILP,0.1162445999798365,2.595470505184494e-10,0
blend_a000,eval_september,evaluation,2025-09-13,0.0,none,5081.5353283544955,5445.944860185186,35163.44751505238,0.0,17574.14102364605,0.0,17574.14102364605,725.114016449148,23648.584592557316,12919.362337184011,10136.714914471428,17388.341585455153,0,MILP,0.10013070001150481,3.637978807091713e-12,0
blend_a000,eval_september,evaluation,2025-09-14,0.0,none,5445.944860185186,4487.227906111115,68054.8780643198,0.0,45883.59070573429,0.0,45883.59070573429,5239.808548095237,146.7241269077006,18062.4520946502,15493.431455333332,46553.07773471662,0,LP,0.006527799996547401,1.0231815394945443e-12,0
blend_a000,eval_september,evaluation,2025-09-15,0.0,none,4487.227906111115,3986.774659746033,67434.65243069135,0.0,44723.64273783499,0.0,44723.64273783499,5790.8465656507915,3405.924111568486,19059.25811509112,15888.40699495238,45066.730337580244,0,LP,0.008559499983675778,7.105427357601002e-13,0
blend_a000,eval_september,evaluation,2025-09-16,0.0,none,3986.774659746033,3583.5142666084644,67472.52043429276,0.0,45423.07443436827,0.0,45423.07443436827,3415.045558430334,1430.3384217530897,18412.10960315696,15276.74313238095,45705.417954736775,0,LP,0.006125199986854568,7.673861546209082e-13,0
blend_a000,eval_september,evaluation,2025-09-17,0.0,none,3583.5142666084644,3671.113625460318,68723.97640009523,7.62916666666672,45735.48047756736,38.19542291666694,45773.67590048403,4892.949583912992,0.0,19998.41136780129,16119.87378495238,45712.33450419761,1,LP,0.006964100000914186,9.094947017729282e-13,0
blend_a000,eval_september,evaluation,2025-09-18,0.0,none,3671.113625460318,3584.4259127671953,68750.67448494297,0.0,45113.874370229845,0.0,45113.874370229845,4748.000187830686,1438.4827399271005,19400.83885232804,15792.698411809522,45173.93535599125,0,LP,0.005942199990386143,9.094947017729282e-13,0
blend_a000,eval_september,evaluation,2025-09-19,0.0,none,3584.4259127671953,4496.983348915345,35408.8122466549,0.0,17400.263404604873,0.0,17400.263404604873,656.0110295943559,15192.384391969425,13882.962188900648,10423.89768047619,16913.02446446428,0,MILP,0.1023605999944266,2.362159850438022e-12,0
blend_a000,eval_september,evaluation,2025-09-20,0.0,none,4496.983348915345,4610.873304386246,34562.68968055261,0.0,16697.63108239267,0.0,16697.63108239267,643.1293042857142,15593.405164015287,13569.581678918279,10888.8602,16637.415754585872,0,MILP,0.09393249999266118,3.637978807091713e-12,0
blend_a000,eval_september,evaluation,2025-09-21,0.0,none,4610.873304386246,3822.106488999998,70831.37160496414,0.0,47587.24739538965,0.0,47587.24739538965,6657.11060067372,3438.259664204584,16623.178897895355,14174.66504114286,48136.59538248837,0,LP,0.0073275000031571835,9.094947017729282e-13,0
blend_a000,eval_september,evaluation,2025-09-22,0.0,none,3822.106488999998,2889.0253054285704,68842.22145939565,0.0,46003.90879754232,0.0,46003.90879754232,3110.8421889512074,2524.7006999999994,18065.430275396826,15472.771588285717,46660.75071354168,0,LP,0.006739300006302074,8.881784197001252e-13,0
blend_a000,eval_september,evaluation,2025-09-23,0.0,none,2889.0253054285704,2974.0764144920645,70776.06237700881,6.375,46548.66393116708,44.0799375,46592.74386866709,2958.7159434132855,1785.7420661846013,20235.883083791887,16314.519299714284,46532.90387513691,1,LP,0.006006700015859678,9.094947017729282e-13,0
blend_a000,eval_december,evaluation,2025-12-08,0.0,none,1451.3861965089911,1823.0339727153448,97047.73554554262,0.0,73539.80345687535,0.0,73539.80345687535,4296.472355580245,0.0,24050.363551105234,19146.311477809526,73235.9205425033,0,LP,0.00795190001372248,9.663381206337363e-13,0
blend_a000,eval_december,evaluation,2025-12-09,0.0,none,1823.0339727153448,1681.167125725927,97025.4308092275,28.02018466666675,72807.03663373034,207.1730520160006,73014.20968574633,5190.994365547322,0.0,24219.381705108757,19745.379343428573,73129.85945074532,2,LP,0.006469200015999377,6.821210263296962e-13,0
blend_a000,eval_december,evaluation,2025-12-10,0.0,none,1681.167125725927,1640.7699979100528,97156.0579509171,0.0,73953.31585766921,0.0,73953.31585766921,4351.228607746026,0.0,23439.833113361554,19022.622236857147,73986.62503167953,0,LP,0.006666700006462634,9.094947017729282e-13,0
blend_a000,eval_december,evaluation,2025-12-11,0.0,none,1640.7699979100528,1849.5066304476222,97611.2482016355,0.0,72779.32110963792,0.0,72779.32110963792,7002.810531696645,0.0,23470.105266605526,18822.922296666664,72610.6889158494,0,LP,0.005547400010982528,9.094947017729282e-13,0
blend_a000,eval_december,evaluation,2025-12-12,0.0,none,1849.5066304476222,1922.1565517195847,50946.63655140623,0.0,23509.787370302518,0.0,23509.787370302518,2013.7868539047677,1328.8133463915274,20127.56809806231,16237.945230285712,23462.46307536736,0,LP,0.006987600005231798,1.0231815394945443e-12,0
blend_a000,eval_december,evaluation,2025-12-13,0.0,none,1922.1565517195847,2001.8885422253966,51821.586006790116,0.0,24280.336647571185,0.0,24280.336647571185,2989.16600656555,1132.38245,20156.5546075579,16255.050440666666,24227.974506608774,0,LP,0.006703099992591888,7.958078640513122e-13,0
blend_a000,eval_december,evaluation,2025-12-14,0.0,none,2001.8885422253966,1739.627803660316,98139.69736302528,0.0,75089.10147889526,0.0,75089.10147889526,5065.773709824811,0.0,23848.613252152845,19553.41139895238,75306.42744599238,0,LP,0.0065821000025607646,6.821210263296962e-13,0
blend_a000,eval_december,evaluation,2025-12-15,0.0,none,1739.627803660316,1911.330116133336,100030.52489955556,0.0,76709.60206295438,0.0,76709.60206295438,5856.427744505584,0.0,23947.405827145212,19242.8666387619,76568.29170367276,0,LP,0.0059874999860767275,9.094947017729282e-13,0
blend_a000,eval_december,evaluation,2025-12-16,0.0,none,1911.330116133336,1830.002305755558,99834.15257543915,0.0,76167.15781345079,0.0,76167.15781345079,5982.549789894176,0.0,23719.50779764021,19285.99634542857,76233.83218227423,0,LP,0.00652789999730885,7.958078640513122e-13,0
blend_a000,eval_december,evaluation,2025-12-17,0.0,none,1830.002305755558,1875.848881186245,99460.17511320517,0.0,75719.4197189186,0.0,75719.4197189186,6785.611360997062,0.0,23376.077724493818,18893.36103895238,75681.92048678479,0,LP,0.0061852000071667135,1.0231815394945443e-12,0
blend_a000,eval_december,evaluation,2025-12-18,0.0,none,1875.848881186245,1865.7872980433888,98902.3976058154,0.0,74868.0547461868,0.0,74868.0547461868,7016.272324981762,0.0,23836.38809997649,19316.529785809525,74876.29045383671,0,LP,0.006783099990570918,9.094947017729282e-13,0
blend_a000,eval_december,evaluation,2025-12-19,0.0,none,1865.7872980433888,1694.2762466719578,52224.09750531099,0.0,24318.735660767536,0.0,24318.735660767536,3939.551142121111,1810.65698271605,19578.200140569068,16012.702060095236,24430.66120022676,0,LP,0.006573699996806681,1.0231815394945443e-12,0
blend_a000,eval_december,evaluation,2025-12-20,0.0,none,1694.2762466719578,1872.7814958687843,52488.170953038214,0.0,24141.862251901228,0.0,24141.862251901228,3787.406857936509,1821.318116666667,20328.62633767313,16305.532609238091,24026.35619090875,0,LP,0.006166200008010492,9.094947017729282e-13,0
blend_a000,eval_december,evaluation,2025-12-21,0.0,none,1872.7814958687843,1866.898438401062,98124.13097516519,0.0,74389.67329640663,0.0,74389.67329640663,4552.921012656077,0.0,23888.014987175782,19354.58689133333,74394.4919249329,0,LP,0.005608700012089685,9.094947017729282e-13,0
blend_a025,dev_march,development,2025-03-07,0.25,none,1607.6682326867735,1799.9208019068776,34105.28322439623,0.0,14043.50457913065,0.0,14043.50457913065,527.2777166337455,9513.364354961785,15628.04372194356,12485.688102476191,13938.217219281547,0,MILP,0.1475421999930404,1.6484591469634324e-12,0
blend_a025,dev_march,development,2025-03-08,0.25,none,1799.9208019068776,1746.895154250794,32969.960558318635,0.0,13569.61133820108,0.0,13569.61133820108,532.4245688112865,10477.37492127925,15498.65597079953,12601.634419238095,13598.114579136984,0,MILP,0.14225539998733439,1.8189894035458565e-12,0
blend_a025,dev_march,development,2025-03-09,0.25,none,1746.895154250794,1497.0878818254,76750.47358346674,0.0,48692.64438764034,0.0,48692.64438764034,7691.8436352827675,2236.0208166666666,19546.898035263966,16057.813953746667,48868.86546343875,0,LP,0.006591299985302612,9.094947017729282e-13,0
blend_a025,dev_march,development,2025-03-10,0.25,none,1497.0878818254,1447.0377217671992,75521.66717870542,0.0,49327.35809206207,0.0,49327.35809206207,3105.2445878812396,360.69671666666625,21361.57667478895,17347.92225063143,49363.50463046961,0,LP,0.007070499996189028,6.821210263296962e-13,0
blend_a025,dev_march,development,2025-03-11,0.25,none,1447.0377217671992,1662.895132055023,75262.66522095354,0.0,48222.983376119584,0.0,48222.983376119584,5802.47982500058,1440.661016666667,20454.389000143445,16373.783420857146,48069.62666951531,0,LP,0.005830800015246496,7.736034035588091e-13,0
blend_a025,dev_march,development,2025-03-12,0.25,none,1662.895132055023,1466.3308394402127,74693.54267349676,0.0,47026.118494142924,0.0,47026.118494142924,6511.267742652537,2172.9285666666665,19740.62917998708,16166.817499142857,47164.13635790778,0,LP,0.005874099995708093,9.094947017729282e-13,0
blend_a025,dev_march,development,2025-03-13,0.25,none,1466.3308394402127,1411.4148678222232,73995.93129645854,73.52254619047426,47498.20793854139,465.8430567662733,47964.05099530766,2437.0919926325596,0.0,21769.306356873603,17682.562523523808,48003.57257853687,2,LP,0.007026399980532005,1.0231815394945443e-12,0
blend_a025,dev_march,development,2025-03-14,0.25,none,1411.4148678222232,1920.35807457037,32440.35028776249,0.0,13054.403915192777,0.0,13054.403915192777,379.6125664467984,12584.952272317458,15727.950418902994,12281.590953238094,12783.51984766959,0,MILP,0.13633440001285635,1.0800249583553523e-12,0
blend_a025,dev_march,development,2025-03-15,0.25,none,1920.35807457037,1370.7079328285708,31490.085345136977,0.0,13205.368564544327,0.0,13205.368564544327,536.8257457142852,7689.296737071138,14918.541262732508,12578.703550380951,13504.54038844368,0,MILP,0.17057789998943917,3.069544618483633e-12,0
blend_a025,dev_march,development,2025-03-16,0.25,none,1370.7079328285708,1822.317553566139,73654.39127774484,0.0,46144.32844454864,0.0,46144.32844454864,5546.367084458554,488.8266500000001,20324.747112048204,16056.59650209524,45825.30886815551,0,LP,0.009333399997558445,9.094947017729282e-13,0
blend_a025,dev_march,development,2025-03-17,0.25,none,1822.317553566139,1941.2955254317476,72292.89841194473,0.0,44234.98258987144,0.0,44234.98258987144,8169.702071366253,2635.277233333333,18540.565785435625,14910.778111523809,44153.58284372356,0,LP,0.006409599998733029,9.094947017729282e-13,0
blend_a025,dev_march,development,2025-03-18,0.25,none,1941.2955254317476,1796.3681319396808,70198.11963049616,0.0,43425.5374929826,0.0,43425.5374929826,3916.050307040563,1253.98175,21224.020320693704,17321.89111390476,43526.75695850836,0,LP,0.006519499991554767,9.094947017729282e-13,0
blend_a025,dev_march,development,2025-03-19,0.25,none,1796.3681319396808,1986.1235553100555,70013.77680179071,0.0,42973.773271942984,0.0,42973.773271942984,4484.2809393027555,1902.2185999999997,21005.404902392715,16843.59808990476,42841.95883691878,0,LP,0.006725699990056455,1.0231815394945443e-12,0
blend_a025,dev_march,development,2025-03-20,0.25,none,1986.1235553100555,1550.5062194888894,69110.50468185419,50.64200556857077,43372.432678141886,334.94622483052706,43707.378902972414,2436.8978742386807,1014.3316833333329,20489.53113380599,16988.575820621903,44012.64836922166,1,LP,0.00635310000507161,9.601208716958354e-13,0
blend_a025,dev_april,development,2025-04-17,0.25,none,1618.0719069862432,1945.3748361206358,60586.32635317931,0.0,36050.00829937457,0.0,36050.00829937457,1817.9663978459798,1838.5459606502077,19825.784255064074,15764.31261038095,35829.73649653208,0,LP,0.0093207000172697,9.094947017729282e-13,0
blend_a025,dev_april,development,2025-04-18,0.25,none,1945.3748361206358,2146.0427089597865,26954.930240705464,0.0,10724.361873939952,0.0,10724.361873939952,432.5333284761913,17494.274828962964,13123.17797040917,10449.173070476192,10623.329989575157,0,MILP,0.12870099997962825,2.2168933355715126e-12,0
blend_a025,dev_april,development,2025-04-19,0.25,none,2146.0427089597865,2102.49358338201,26817.021450395066,0.0,10644.189084501631,0.0,10644.189084501631,502.6140351428577,17138.474211944736,12791.83245435509,10400.578501047616,10666.058529947872,0,MILP,0.12469669998972677,5.6009715384182826e-11,0
blend_a025,dev_april,development,2025-04-20,0.25,none,2102.49358338201,1969.5795107566153,59747.4441886408,0.0,35468.157287796974,0.0,35468.157287796974,1743.3974853838972,2416.319024331574,19734.765583972956,16104.782788380951,35557.32867455099,0,LP,0.0062135999905876815,9.094947017729282e-13,0
blend_a025,dev_april,development,2025-04-21,0.25,none,1969.5795107566153,1477.9647709417982,59458.541821912986,0.0,34940.07520958618,0.0,34940.07520958618,3317.4571457248744,4615.290849020582,18164.93005088182,15156.046607047618,35264.814705822195,0,LP,0.007286200008820742,9.094947017729282e-13,0
blend_a025,dev_april,development,2025-04-22,0.25,none,1477.9647709417982,1705.933222255025,59595.06151332435,0.0,35587.88832380564,0.0,35587.88832380564,1503.4590126843025,1981.7911237107633,19745.844495161662,15788.962434899046,35433.81299637995,0,LP,0.007098500005668029,7.958078640513122e-13,0
blend_a025,dev_april,development,2025-04-23,0.25,none,1705.933222255025,1854.0215778994727,59751.19244037645,0.0,36245.22166386732,0.0,36245.22166386732,2373.3974024820714,2241.4925561516766,18963.71707892651,15227.331313850475,36145.54024480548,0,LP,0.006445799983339384,1.0231815394945443e-12,0
blend_a025,dev_april,development,2025-04-24,0.25,none,1854.0215778994727,1815.1178250148155,58711.45627694014,0.0,35094.84546905111,0.0,35094.84546905111,2990.1857373933017,5079.289932438572,18878.3541300235,15326.480222915234,35120.62178271083,0,LP,0.0061221000214573,9.094947017729282e-13,0
blend_a025,dev_april,development,2025-04-25,0.25,none,1815.1178250148155,1757.9912371132332,26130.68592015638,0.0,9948.736726083931,0.0,9948.736726083931,277.03426780952486,21542.201724992356,12434.243191925925,10123.150914571426,9976.53580910507,0,MILP,0.12575990002369508,1.1118572729174048e-10,0
blend_a025,dev_april,development,2025-04-26,0.25,none,1757.9912371132332,1528.5528376656105,26058.808989927096,0.0,10089.014904998652,0.0,10089.014904998652,62.003718952381064,23784.54332531922,12360.85722013168,10218.788907809521,10200.068682892288,0,MILP,0.12169460000586696,9.734435479913373e-12,0
blend_a025,dev_april,development,2025-04-27,0.25,none,1528.5528376656105,1485.078089274073,55806.05916888888,421.9215317190496,32719.344613623645,2768.016208842825,35487.36082246647,1171.7059366607914,2696.308154526749,20134.85631389182,16348.360887804758,35516.07173650627,1,LP,0.006443799997214228,9.094947017729282e-13,0
blend_a025,dev_april,development,2025-04-28,0.25,none,1485.078089274073,1504.9808207925923,55359.6419113933,4426.512500226662,33317.2332656606,28044.780764337724,61362.014029998325,166.57554247619032,0.0,15682.626811107584,12685.015258630478,61348.29215394892,9,LP,0.006652800017036498,8.810729923425242e-13,0
blend_a025,dev_april,development,2025-04-29,0.25,none,1504.9808207925923,1708.2381589777765,57695.52719732746,91.64631719332829,33757.04152597411,606.5153271854466,34363.556853159556,2280.3068751122855,4399.810942798355,18373.212503035862,14699.370523092384,34229.94678522605,1,LP,0.005156700004590675,9.094947017729282e-13,0
blend_a025,dev_april,development,2025-04-30,0.25,none,1708.2381589777765,1574.2241074687856,57021.52832893709,0.0,33497.55603577506,0.0,33497.55603577506,2478.2249859129893,2943.7224518506773,18228.100548411527,14885.374090571428,33585.53600931436,0,LP,0.005277299991576001,8.86402062860725e-13,0
blend_a025,val_june,validation,2025-06-08,0.25,none,1781.3549957153423,2091.7393678433887,87212.15475059376,19.011776857142877,59373.80949022578,131.58670150204773,59505.39619172783,17075.689222366844,1625.3386999999998,16136.154755274543,12790.939416857142,59282.73536671387,3,LP,0.007802199979778379,9.094947017729282e-13,0
blend_a025,val_june,validation,2025-06-09,0.25,none,2091.7393678433887,2138.257540046561,85600.55768052791,26.182083523809524,59740.56905442071,184.1079778854762,59924.67703230619,9990.27337912405,964.5978262504459,19459.418265058186,15720.262439714284,59890.37775932176,2,LP,0.005364699987694621,7.958078640513122e-13,0
blend_a025,val_june,validation,2025-06-10,0.25,none,2138.257540046561,2282.374572296298,86109.13882866432,0.0,59671.94438702061,0.0,59671.94438702061,10116.091027322756,458.2999333333329,19929.46476657966,16013.16113190476,59565.99873237141,0,LP,0.006219300004886463,9.094947017729282e-13,0
blend_a025,val_june,validation,2025-06-11,0.25,none,2282.374572296298,2422.400642355555,86739.14585020929,2.011921428571327,60467.31454463176,13.950663185713582,60481.265207817465,6118.451930054094,0.0,23222.29506244091,18684.035537523807,60376.45193117748,1,LP,0.005039700015913695,8.526512829121202e-13,0
blend_a025,val_june,validation,2025-06-12,0.25,none,2422.400642355555,2566.0141590010576,87550.81384353674,0.0,61229.539412249236,0.0,61229.539412249236,10752.689787753086,448.5068666666666,19831.43995159318,15934.214195809522,61123.29628683764,0,LP,0.005841600010171533,9.094947017729282e-13,0
blend_a025,val_june,validation,2025-06-13,0.25,none,2566.0141590010576,2575.636351815873,39993.47707032922,0.0,20207.92426135631,0.0,20207.92426135631,2301.692356230454,6917.630235340392,12737.79371171076,10308.952932952381,20202.381625712416,0,LP,0.005917100002989173,8.526512829121202e-13,0
blend_a025,val_june,validation,2025-06-14,0.25,none,2575.636351815873,2621.9770834973533,40172.09122567902,0.0,20755.353375780687,0.0,20755.353375780687,2277.4915340000025,9340.084543180485,12207.714420974722,9846.54202247619,20728.791766232538,0,LP,0.00684200000250712,9.094947017729282e-13,0
blend_a025,val_june,validation,2025-06-15,0.25,none,2621.9770834973533,3274.0756011640224,88674.92800304996,0.0,61852.25472795374,0.0,61852.25472795374,13399.531443356856,298.84709999999995,19803.612949788352,15454.037823428569,61372.28128207935,0,LP,0.007719899993389845,8.526512829121202e-13,0
blend_a025,val_june,validation,2025-06-16,0.25,none,3274.0756011640224,3108.256751350266,87373.6088789171,0.0,61657.20966378394,0.0,61657.20966378394,10850.53269255027,134.01041666666652,20232.894304557318,16537.881351523807,61780.06775144082,0,LP,0.005804699991131201,9.663381206337363e-13,0
blend_a025,val_june,validation,2025-06-17,0.25,none,3108.256751350266,2638.249502263491,86624.1233323539,3.081040857142966,60904.37510033814,21.046590095143603,60925.421690433286,8611.235527916513,82.02935000000014,19578.604225294534,16281.675946666666,61275.93605903942,1,LP,0.005328999977791682,9.094947017729282e-13,0
blend_a025,val_june,validation,2025-06-18,0.25,none,2638.249502263491,2937.999764022223,87422.56425730394,0.0,61103.558826782195,0.0,61103.558826782195,12640.244880777196,88.67290000000003,18397.264952336267,14632.00937580952,60882.32964484247,0,LP,0.005458400002680719,9.094947017729282e-13,0
blend_a025,val_june,validation,2025-06-19,0.25,none,2937.999764022223,2684.164723368255,85270.74818475603,48.66240171428569,58710.90481060944,334.32397563485705,59045.2287862443,12153.630595467379,1556.9697499999997,18830.303039955317,15480.996998952378,59229.79716235771,2,LP,0.0050389000098221,9.094947017729282e-13,0
blend_a025,val_june,validation,2025-06-20,0.25,none,2684.164723368255,2884.6010395206395,36665.507066768965,0.0,18795.264193889896,0.0,18795.264193889896,1407.5243536190487,10477.99097560494,11573.780015830687,9194.36912828571,18683.184966259993,0,LP,0.005894100002478808,9.094947017729282e-13,0
blend_a025,val_june,validation,2025-06-21,0.25,none,2884.6010395206395,3117.437340286773,35235.27619894767,0.0,18140.435208467996,0.0,18140.435208467996,1830.3316680000012,11555.502995288654,12132.360341944734,9617.659206285713,18012.707471343278,0,MILP,0.17080469999928027,6.536993168992922e-12,0
blend_a025,val_august,validation,2025-08-18,0.25,none,2178.160729337569,2168.930028625398,72595.1701757037,132.611270952381,53211.76476165283,1115.5127389771433,54327.27750062997,2452.380605873021,2024.8439635802472,20340.783637774242,16484.342377238096,54334.31872528672,5,LP,0.008036499988520518,8.668621376273222e-13,0
blend_a025,val_august,validation,2025-08-19,0.25,none,2168.930028625398,1852.4128791502637,72438.31099473251,115.82866466666655,52973.366915707564,987.5119954816656,53960.87891118923,2158.272145105233,2802.007333333332,18742.450344674897,15466.250213714286,54200.99633806337,4,LP,0.005590299988398328,8.526512829121202e-13,0
blend_a025,val_august,validation,2025-08-20,0.25,none,1852.4128791502637,1630.2109173555552,73022.4922076414,2099.437016692366,53892.36097576013,14325.492527673803,68217.85350343393,808.9396933368596,0.0,20327.79068392358,16665.492219593347,68391.10742832224,13,LP,0.006780600000638515,8.810729923425242e-13,0
blend_a025,val_august,validation,2025-08-21,0.25,none,1630.2109173555552,1854.9618214603195,74223.70503470546,0.0,53817.37321313503,0.0,53817.37321313503,2778.1807798788896,1838.26615,18739.809514731336,14976.969893238094,53646.00373908008,0,LP,0.006552600010763854,9.094947017729282e-13,0
blend_a025,val_august,validation,2025-08-22,0.25,none,1854.9618214603195,1486.6533281999998,40303.6915216214,30.6764875771406,22758.020275940657,62.641387632521095,22820.661663573177,84.03061076190511,16781.78014360964,13523.502625059375,11285.514770232383,23039.592979293826,1,MILP,0.14829520002240315,5.4569682106375694e-12,0
blend_a025,val_august,validation,2025-08-23,0.25,none,1486.6533281999998,1979.019094723807,40956.32355367901,0.0,22733.644647174373,0.0,22733.644647174373,363.3555254791302,15031.781901650791,13621.319929882424,10590.139953333333,22441.535423854148,0,MILP,0.12282020002021454,1.1368683772161603e-12,0
blend_a025,val_august,validation,2025-08-24,0.25,none,1979.019094723807,2100.0782866380923,76122.04163747795,0.0,55030.70590219087,0.0,55030.70590219087,4295.056697989422,4226.229044444445,19780.0691525679,15912.902740857144,54939.07385430911,0,LP,0.008255699998699129,1.0231815394945443e-12,0
blend_a025,val_august,validation,2025-08-25,0.25,none,2100.0782866380923,1707.2043083703695,76204.94830689124,194.44487727809246,55641.27355433465,1651.7392593657878,57293.012813700436,1438.2357805408617,671.1679166666668,20370.995003874188,16854.09253357905,57597.15276632908,3,LP,0.006151999987196177,9.094947017729282e-13,0
blend_a025,val_august,validation,2025-08-26,0.25,none,1707.2043083703695,2289.724857334393,77810.48083583773,0.0,55571.67485911247,0.0,55571.67485911247,5546.641323325097,2352.9642563786024,20304.14936175308,15922.092488952381,55128.97307676285,0,LP,0.00677239999640733,9.094947017729282e-13,0
blend_a025,val_august,validation,2025-08-27,0.25,none,2289.724857334393,1885.1668969915347,76984.80180751321,16.225255619048085,55408.90560550683,134.3372614190515,55543.24286692588,3517.267137112285,2047.9594448559667,20451.335677925927,16929.684063428573,55853.96310266976,2,LP,0.007157400017604232,7.673861546209082e-13,0
blend_a025,val_august,validation,2025-08-28,0.25,none,1885.1668969915347,1928.8909241407414,76463.18450198119,46.880709523809514,55557.90248594895,388.3171611380952,55946.21964708705,1680.2903180616904,0.0,21171.727819345717,17109.747909235746,55912.23932809542,3,LP,0.005964399984804913,8.242295734817162e-13,0
blend_a025,val_august,validation,2025-08-29,0.25,none,1928.8909241407414,1866.290473920636,41237.63937088066,0.0,23120.33783671424,0.0,23120.33783671424,904.8304804761917,15146.546366019988,14144.118839908288,11513.07666552381,23157.77646634647,0,MILP,0.11228599998867139,3.98535525568554e-12,0
blend_a025,val_august,validation,2025-08-30,0.25,none,1866.290473920636,1689.707418210582,41400.99250693474,0.0,23603.324610155098,0.0,23603.324610155098,656.3387843856564,19903.184363728393,13093.022503296883,10764.272977809524,23707.366684393004,0,MILP,0.1297041000216268,1.8701484805205836e-12,0
blend_a025,val_august,validation,2025-08-31,0.25,none,1689.707418210582,2395.7523527111116,78286.24896252909,26.50513619047615,56000.147071216554,218.3203532838092,56218.46742450036,4536.673750079954,2629.044000000001,20341.96223292534,15841.548967619048,55680.54237957843,3,LP,0.006619899999350309,9.348077867343818e-13,0
blend_a025,eval_september,evaluation,2025-09-10,0.25,none,4786.2408636984155,4596.088809841269,67853.49893701827,939.1719626619054,45700.76267620313,5003.342152189032,50704.10482839216,3828.3520561998844,0.0,20102.40548395649,16454.085290476192,50837.90365725827,7,LP,0.008770899992669001,9.094947017729282e-13,0
blend_a025,eval_september,evaluation,2025-09-11,0.25,none,4596.088809841269,4802.587337518519,69292.72779655732,0.0,45701.317944343864,0.0,45701.317944343864,7376.3919812369195,4680.02805,18707.227931987065,14967.005949999997,45561.36201847165,0,LP,0.010392199998022988,8.952838470577262e-13,0
blend_a025,eval_september,evaluation,2025-09-12,0.25,none,4802.587337518519,5081.5353283544955,35096.85593575714,0.0,17573.089670070796,0.0,17573.089670070796,1114.4127548571428,19754.775256190474,12762.939647142855,10086.927922433333,17428.712640686383,0,MILP,0.14577360000112094,5.60476109967567e-11,0
blend_a025,eval_september,evaluation,2025-09-13,0.25,none,5081.5353283544955,5445.944860185186,35163.44751505238,0.0,17574.14102364605,0.0,17574.14102364605,725.114016449148,23648.584592557316,12919.362337184011,10136.714914471428,17388.341585455153,0,MILP,0.11042969999834895,1.6370904631912708e-11,0
blend_a025,eval_september,evaluation,2025-09-14,0.25,none,5445.944860185186,4487.227906111115,68054.8780643198,0.0,45880.352438437374,0.0,45880.352438437374,5239.808548095234,146.7241269077006,18062.452094650205,15493.431455333332,46549.839467419704,0,LP,0.010017499997047707,1.0231815394945443e-12,0
blend_a025,eval_september,evaluation,2025-09-15,0.25,none,4487.227906111115,3986.774659746033,67434.65243069135,0.0,44713.87798126517,0.0,44713.87798126517,5790.846565650791,3405.924111568486,19059.25811509112,15888.40699495238,45056.96558101042,0,LP,0.006955499993637204,7.105427357601002e-13,0
blend_a025,eval_september,evaluation,2025-09-16,0.25,none,3986.774659746033,3583.5142666084644,67472.52043429276,0.0,45454.84897489498,0.0,45454.84897489498,3415.045558430334,1430.3384217530897,18412.10960315696,15276.74313238095,45737.19249526349,0,LP,0.008976299985079095,7.673861546209082e-13,0
blend_a025,eval_september,evaluation,2025-09-17,0.25,none,3583.5142666084644,3671.113625460318,68723.97640009523,7.62916666666672,45741.13274003832,38.19542291666694,45779.32816295499,4892.949583912993,0.0,19998.41136780129,16119.87378495238,45717.986766668575,1,LP,0.008803099975921214,9.094947017729282e-13,0
blend_a025,eval_september,evaluation,2025-09-18,0.25,none,3671.113625460318,3584.4259127671953,68750.67448494297,0.0,45109.07514281901,0.0,45109.07514281901,4740.743438859496,1438.4827399271005,19439.0322679659,15823.635078476189,45169.136128580416,0,LP,0.008714299998246133,9.094947017729282e-13,0
blend_a025,eval_september,evaluation,2025-09-19,0.25,none,3584.4259127671953,4496.983348915345,35408.8122466549,0.0,17361.43029506207,0.0,17361.43029506207,686.3350929276894,15162.060328636091,13882.962188900648,10423.89768047619,16874.191354921477,0,MILP,0.13137909999932162,2.362159850438022e-12,0
blend_a025,eval_september,evaluation,2025-09-20,0.25,none,4496.983348915345,4610.873304386246,34562.68968055261,0.0,16697.63108239267,0.0,16697.63108239267,643.1293042857142,15593.405164015287,13569.581678918279,10888.8602,16637.415754585872,0,MILP,0.11477289997856133,8.526512829121202e-12,0
blend_a025,eval_september,evaluation,2025-09-21,0.25,none,4610.873304386246,3822.106488999998,70831.37160496414,0.0,47647.496341429454,0.0,47647.496341429454,6664.572512959436,3430.7977519188707,16623.178897895355,14174.66504114286,48196.844328528176,0,LP,0.005636599991703406,9.094947017729282e-13,0
blend_a025,eval_september,evaluation,2025-09-22,0.25,none,3822.106488999998,2889.0253054285704,68842.22145939565,0.0,46061.23462335108,0.0,46061.23462335108,3110.5356087042924,2524.7006999999994,18067.04385564374,15474.078588285716,46718.07653935045,0,LP,0.0062132999883033335,8.881784197001252e-13,0
blend_a025,eval_september,evaluation,2025-09-23,0.25,none,2889.0253054285704,2974.0764144920645,70776.06237700881,6.375,46580.022462871464,44.0799375,46624.10240037146,2958.7159434132855,1785.7420661846013,20235.883083791883,16314.519299714284,46564.262406841284,1,LP,0.0067168000095989555,9.094947017729282e-13,0
blend_a025,eval_december,evaluation,2025-12-08,0.25,none,1451.3861965089911,1823.0339727153448,97047.73554554262,0.0,73516.67979460902,0.0,73516.67979460902,4299.106630205762,0.0,24036.498947813052,19135.081149142858,73212.79688023697,0,LP,0.008274100022390485,9.663381206337363e-13,0
blend_a025,eval_december,evaluation,2025-12-09,0.25,none,1823.0339727153448,1681.167125725927,97025.4308092275,28.02018466666675,72753.9037425301,207.1730520160006,72961.07679454611,5191.654512493824,0.0,24215.90724749559,19742.565032761908,73076.7265595451,2,LP,0.0061443999875336885,9.094947017729282e-13,0
blend_a025,eval_december,evaluation,2025-12-10,0.25,none,1681.167125725927,1640.7699979100528,97156.0579509171,0.0,73910.3975251551,0.0,73910.3975251551,4351.2286077460285,0.0,23439.833113361554,19022.622236857147,73943.70669916543,0,LP,0.006995900010224432,9.094947017729282e-13,0
blend_a025,eval_december,evaluation,2025-12-11,0.25,none,1640.7699979100528,1849.5066304476222,97611.2482016355,0.0,72643.76551119743,0.0,72643.76551119743,7016.794208953555,0.0,23396.50696525338,18763.307672571427,72475.13331740891,0,LP,0.00660789999528788,9.094947017729282e-13,0
blend_a025,eval_december,evaluation,2025-12-12,0.25,none,1849.5066304476222,1922.1565517195847,50946.63655140623,0.0,23443.31189665555,0.0,23443.31189665555,2015.8044465467453,1328.8133463915274,20116.94918942033,16229.343914285711,23395.98760172039,0,LP,0.00818879998405464,1.0231815394945443e-12,0
blend_a025,eval_december,evaluation,2025-12-13,0.25,none,1922.1565517195847,2001.8885422253966,51821.586006790116,0.0,24321.729501517864,0.0,24321.729501517864,2989.1660065655537,1132.38245,20156.554607557897,16255.050440666666,24269.367360555454,0,LP,0.008699300000444055,7.958078640513122e-13,0
blend_a025,eval_december,evaluation,2025-12-14,0.25,none,2001.8885422253966,1739.627803660316,98139.69736302528,0.0,75041.91055430064,0.0,75041.91055430064,5065.773709824812,0.0,23848.613252152845,19553.41139895238,75259.23652139776,0,LP,0.008228199993027374,6.821210263296962e-13,0
blend_a025,eval_december,evaluation,2025-12-15,0.25,none,1739.627803660316,1911.330116133336,100030.52489955556,0.0,76576.9741906632,0.0,76576.9741906632,5873.813679292181,0.0,23855.900907215757,19168.747653619044,76435.66383138158,0,LP,0.006320899992715567,9.094947017729282e-13,0
blend_a025,eval_december,evaluation,2025-12-16,0.25,none,1911.330116133336,1830.002305755558,99834.15257543915,0.0,75938.77740603396,0.0,75938.77740603396,6026.188745876538,0.0,23489.829081943564,19099.956585714288,76005.4517748574,0,LP,0.008308499993290752,7.958078640513122e-13,0
blend_a025,eval_december,evaluation,2025-12-17,0.25,none,1830.002305755558,1875.848881186245,99460.17511320516,0.0,75729.93209658298,0.0,75729.93209658298,6820.078853318046,0.0,23194.669870172835,18746.420676952377,75692.43286444918,0,LP,0.008566299977246672,1.0231815394945443e-12,0
blend_a025,eval_december,evaluation,2025-12-18,0.25,none,1875.848881186245,1865.7872980433888,98902.3976058154,0.0,74730.85736279236,0.0,74730.85736279236,7022.726933539085,0.0,23802.416475990598,19289.012770380952,74739.09307044228,0,LP,0.00898290000623092,9.094947017729282e-13,0
blend_a025,eval_december,evaluation,2025-12-19,0.25,none,1865.7872980433888,1694.2762466719578,52224.09750531099,0.0,24135.328885959912,0.0,24135.328885959912,3934.6522071416857,1810.65698271605,19603.984008881827,16033.58699342857,24247.254425419138,0,LP,0.008210400003008544,1.0231815394945443e-12,0
blend_a025,eval_december,evaluation,2025-12-20,0.25,none,1694.2762466719578,1872.7814958687843,52488.170953038214,0.0,24082.288300824657,0.0,24082.288300824657,3795.8309026360967,1821.318116666667,20284.289260306876,16269.619576571426,23966.78223983218,0,LP,0.0061160000041127205,9.094947017729282e-13,0
blend_a025,eval_december,evaluation,2025-12-21,0.25,none,1872.7814958687843,1866.898438401062,98124.13097516519,0.0,74301.78561424218,0.0,74301.78561424218,4553.411157320396,0.0,23885.435278416222,19352.497327238092,74306.60424276844,0,LP,0.005499799997778609,9.094947017729282e-13,0
blend_a050,dev_march,development,2025-03-07,0.5,none,1607.6682326867735,1799.9208019068776,34105.28322439623,0.0,14043.504579130651,0.0,14043.504579130651,527.2777166337455,9513.364354961783,15628.043721943563,12485.68810247619,13938.217219281549,0,MILP,0.18934319997788407,3.3284979710717583e-12,0
blend_a050,dev_march,development,2025-03-08,0.5,none,1799.9208019068776,1746.895154250794,32969.960558318635,0.0,13569.023607809335,0.0,13569.023607809335,532.4245688112865,10477.374921279246,15498.655970799531,12601.634419238095,13597.526848745238,0,MILP,0.16901209999923594,1.8189894035458565e-12,0
blend_a050,dev_march,development,2025-03-09,0.5,none,1746.895154250794,1497.0878818254,76853.46540378248,0.0,48703.24820863517,0.0,48703.24820863517,7905.129023301582,2022.7354286478526,20088.96024745209,16496.884345619048,48879.46928443357,0,LP,0.007054899993818253,9.094947017729282e-13,0
blend_a050,dev_march,development,2025-03-10,0.5,none,1497.0878818254,1447.0377217671992,75521.66717870542,0.0,49327.35809206207,0.0,49327.35809206207,3105.2445878812396,360.69671666666625,21361.57667478895,17347.92225063143,49363.50463046961,0,LP,0.007087400008458644,6.821210263296962e-13,0
blend_a050,dev_march,development,2025-03-11,0.5,none,1447.0377217671992,1662.895132055023,75262.66522095354,0.0,48202.90374429123,0.0,48202.90374429123,5801.285025247494,1440.661016666667,20460.677419896532,16378.877040857145,48049.547037686956,0,LP,0.007299699995201081,7.736034035588091e-13,0
blend_a050,dev_march,development,2025-03-12,0.5,none,1662.895132055023,1466.3308394402127,74722.68771435978,0.0,47034.199013259524,0.0,47034.199013259524,6598.067630195164,2094.2528477954097,19851.26534941683,16256.432796380956,47172.21687702438,0,LP,0.008226999983889982,9.094947017729282e-13,0
blend_a050,dev_march,development,2025-03-13,0.5,none,1466.3308394402127,1411.4148678222232,74100.06208749794,73.52254619047426,47496.4299426985,465.8430567662733,47962.272999464774,2461.884714419743,0.0,22186.875142411525,18020.793239809525,48001.79458269398,2,LP,0.009426900011021644,1.0231815394945443e-12,0
blend_a050,dev_march,development,2025-03-14,0.5,none,1411.4148678222232,1920.35807457037,32440.350287762492,0.0,13080.555596592061,0.0,13080.555596592061,354.032023113465,12614.122854704288,15709.055476516165,12266.28604990476,12809.671529068873,0,MILP,0.1705288999946788,9.322320693172514e-12,0
blend_a050,dev_march,development,2025-03-15,0.5,none,1920.35807457037,1370.7079328285708,31490.085345136977,0.0,13185.510289938393,0.0,13185.510289938393,536.8257457142852,7689.296737071138,14918.541262732508,12578.703550380951,13484.682113837745,0,MILP,0.13133790000574663,3.069544618483633e-12,0
blend_a050,dev_march,development,2025-03-16,0.5,none,1370.7079328285708,1822.317553566139,73798.36335063021,0.0,46150.13724379272,0.0,46150.13724379272,5547.013988818343,488.8266500000001,21079.090104288058,16667.61432580952,45831.11766739959,0,LP,0.008819900016533211,9.094947017729282e-13,0
blend_a050,dev_march,development,2025-03-17,0.5,none,1822.317553566139,1941.2955254317476,72355.18249959905,0.0,44236.88321342924,0.0,44236.88321342924,8169.702071366253,2635.277233333333,18868.376773089945,15176.305011523807,44155.48346728136,0,LP,0.007600999990245327,9.094947017729282e-13,0
blend_a050,dev_march,development,2025-03-18,0.5,none,1941.2955254317476,1796.3681319396808,70198.11963049616,0.0,43430.404338858585,0.0,43430.404338858585,3916.050307040562,1253.98175,21224.020320693704,17321.89111390476,43531.62380438435,0,LP,0.009055200003786013,9.094947017729282e-13,0
blend_a050,dev_march,development,2025-03-19,0.5,none,1796.3681319396808,1986.1235553100555,70013.77680179071,0.0,43008.35075179493,0.0,43008.35075179493,4484.280939302755,1902.2185999999997,21005.404902392715,16843.59808990476,42876.536316770726,0,LP,0.008322399982716888,1.0231815394945443e-12,0
blend_a050,dev_march,development,2025-03-20,0.5,none,1986.1235553100555,1550.5062194888894,69110.50468185419,50.64200556857077,43338.850703213684,334.94622483052706,43673.79692804421,2436.8978742386807,1014.3316833333329,20489.53113380599,16988.575820621903,43979.066394293455,1,LP,0.009265100001357496,9.601208716958354e-13,0
blend_a050,dev_april,development,2025-04-17,0.5,none,1618.0719069862432,1945.3748361206358,60737.177014785426,0.0,36030.89372679281,0.0,36030.89372679281,1909.9157752745512,1752.042219107586,20591.073864117574,16384.197193714284,35810.621923950326,0,LP,0.00638720000279136,9.094947017729282e-13,0
blend_a050,dev_april,development,2025-04-18,0.5,none,1945.3748361206358,2146.0427089597865,26954.930240705464,0.0,10724.361873939952,0.0,10724.361873939952,432.5333284761913,17494.274828962964,13123.177970409168,10449.17307047619,10623.329989575157,0,MILP,0.11242489999858662,5.002220859751105e-12,0
blend_a050,dev_april,development,2025-04-19,0.5,none,2146.0427089597865,2102.49358338201,26817.021450395066,0.0,10644.189084501631,0.0,10644.189084501631,502.6140351428577,17138.474211944736,12791.83245435509,10400.578501047616,10666.058529947872,0,MILP,0.12341859997832216,5.6009715384182826e-11,0
blend_a050,dev_april,development,2025-04-20,0.5,none,2102.49358338201,1969.5795107566153,59893.794656773665,0.0,35541.54477959255,0.0,35541.54477959255,1916.22100603763,2248.6708425925954,20477.792579857727,16706.63465504762,35630.71616634657,0,LP,0.006148000014945865,9.094947017729282e-13,0
blend_a050,dev_april,development,2025-04-21,0.5,none,1969.5795107566153,1477.9647709417982,59605.144411824804,0.0,34949.660062742456,0.0,34949.660062742456,3406.695254010587,4531.779607807178,18906.381223721328,15756.622057047618,35274.39955897847,0,LP,0.008817499998258427,9.094947017729282e-13,0
blend_a050,dev_april,development,2025-04-22,0.5,none,1477.9647709417982,1705.933222255025,59649.78621494885,0.0,35579.25679823573,0.0,35579.25679823573,1503.4590126843025,1981.7911237107674,20033.869240553784,16022.262478666667,35425.18147081004,0,LP,0.008822300005704165,7.602807272633072e-13,0
blend_a050,dev_april,development,2025-04-23,0.5,none,1705.933222255025,1854.0215778994727,59828.06558048559,0.0,36271.145266975334,0.0,36271.145266975334,2373.39740248207,2241.4925561516748,19368.312553185184,15555.053647999997,36171.463847913496,0,LP,0.008385499997530133,1.0231815394945443e-12,0
blend_a050,dev_april,development,2025-04-24,0.5,none,1854.0215778994727,1815.1178250148155,58714.370014029395,0.0,35058.388153213156,0.0,35058.388153213156,2990.1857373933,5079.28993243857,18893.689588388002,15338.901944190477,35084.16446687287,0,LP,0.006977799988817424,9.094947017729282e-13,0
blend_a050,dev_april,development,2025-04-25,0.5,none,1815.1178250148155,1757.9912371132332,26130.68592015638,0.0,9948.736726083931,0.0,9948.736726083931,277.03426780952486,21542.201724992356,12434.243191925925,10123.150914571426,9976.53580910507,0,MILP,0.13739950000308454,1.8417267710901797e-11,0
blend_a050,dev_april,development,2025-04-26,0.5,none,1757.9912371132332,1528.5528376656105,26058.808989927096,0.0,10085.15309433801,0.0,10085.15309433801,62.003718952381064,23784.54332531922,12360.85722013168,10218.788907809521,10196.206872231645,0,MILP,0.15968370001064613,3.069544618483633e-12,0
blend_a050,dev_april,development,2025-04-27,0.5,none,1528.5528376656105,1485.078089274073,55806.05916888888,421.9215317190496,32733.95893552133,2768.016208842825,35501.97514436415,1473.0636345714297,2394.9504566161063,20134.856313891825,16348.360887804758,35530.686058403946,1,LP,0.008440200006589293,9.094947017729282e-13,0
blend_a050,dev_april,development,2025-04-28,0.5,none,1485.078089274073,1504.9808207925923,55359.6419113933,4437.198547806659,33334.158436671205,27829.98038465424,61164.13882132545,179.7681938095236,0.0,15669.434159774251,12674.329211050479,61150.41694527604,11,LP,0.007300500001292676,8.810729923425242e-13,0
blend_a050,dev_april,development,2025-04-29,0.5,none,1504.9808207925923,1708.2381589777765,57695.52719732746,91.64631719332829,33827.85631361436,606.5153271854466,34434.3716407998,1927.8197484209295,4751.71615,18376.27523719224,14701.85133775905,34300.76157286629,1,LP,0.0060717999876942486,9.094947017729282e-13,0
blend_a050,dev_april,development,2025-04-30,0.5,none,1708.2381589777765,1574.2241074687856,57021.52832893709,0.0,33511.609919306844,0.0,33511.609919306844,2107.203209269842,3321.3038602716024,18193.576170633747,14857.409344571428,33599.58989284615,0,LP,0.006582000001799315,8.86402062860725e-13,0
blend_a050,val_june,validation,2025-06-08,0.5,none,1781.3549957153423,2091.7393678433887,87212.15475059376,19.011776857142877,59483.74378681913,131.58670150204773,59615.330488321175,17077.365602553797,1625.3386999999998,16127.33170165902,12783.79274342857,59392.66966330721,3,LP,0.006822399998782203,9.094947017729282e-13,0
blend_a050,val_june,validation,2025-06-09,0.5,none,2091.7393678433887,2138.257540046561,85600.55768052791,26.182083523809524,59569.967163839974,184.1079778854762,59754.07514172544,9988.883467980018,964.5978262504459,19466.733586868886,15726.187850380951,59719.77586874102,2,LP,0.005561800004215911,7.958078640513122e-13,0
blend_a050,val_june,validation,2025-06-10,0.5,none,2138.257540046561,2282.374572296297,86109.13882866432,0.0,59656.48395009073,0.0,59656.48395009073,10113.75741792358,458.2999333333329,19941.746921312166,16023.109677238093,59550.53829544153,0,LP,0.0064138000016100705,9.094947017729282e-13,0
blend_a050,val_june,validation,2025-06-11,0.5,none,2282.374572296297,2422.400642355555,86739.14585020929,2.011921428571327,60332.96351427707,13.950663185713582,60346.914177462786,6118.4519300540915,0.0,23222.295062440913,18684.035537523807,60242.1009008228,1,LP,0.005806700006360188,8.526512829121202e-13,0
blend_a050,val_june,validation,2025-06-12,0.5,none,2422.400642355555,2566.014159001058,87550.81384353674,0.0,61114.96247206411,0.0,61114.96247206411,10752.68978775309,448.5068666666666,19831.439951593176,15934.214195809522,61008.71934665251,0,LP,0.005845199979376048,9.094947017729282e-13,0
blend_a050,val_june,validation,2025-06-13,0.5,none,2566.014159001058,2575.636351815873,39993.47707032922,0.0,20218.07503385515,0.0,20218.07503385515,1688.8545744209307,7530.468017149913,12737.793711710761,10308.952932952381,20212.532398211257,0,LP,0.0067229999986011535,8.526512829121202e-13,0
blend_a050,val_june,validation,2025-06-14,0.5,none,2575.636351815873,2621.9770834973533,40172.09122567902,0.0,20747.645555377014,0.0,20747.645555377014,1747.4480426666692,9870.128034513817,12207.714420974724,9846.54202247619,20721.083945828865,0,LP,0.006393599993316457,9.094947017729282e-13,0
blend_a050,val_june,validation,2025-06-15,0.5,none,2621.9770834973533,3274.0756011640237,88525.13867581422,0.0,61709.71963215288,0.0,61709.71963215288,13373.244981155796,298.84709999999995,19153.597870658432,14927.525609333334,61229.74618627849,0,LP,0.005420100002083927,8.526512829121202e-13,0
blend_a050,val_june,validation,2025-06-16,0.5,none,3274.0756011640237,3108.256751350266,87207.73908803998,0.0,61577.71335284741,0.0,61577.71335284741,10826.802665046449,134.01041666666652,19484.790286803054,15931.917097142856,61700.571440504296,0,LP,0.005540599988307804,9.663381206337363e-13,0
blend_a050,val_june,validation,2025-06-17,0.5,none,3108.256751350266,2638.249502263491,86506.13111711698,3.081040857142966,60629.02581118693,21.046590095143603,60650.07240128207,8516.684512146976,129.21961222339388,19206.859690079946,15980.562873142855,61000.58676988821,1,LP,0.006886199989821762,9.094947017729282e-13,0
blend_a050,val_june,validation,2025-06-18,0.5,none,2638.249502263491,2937.999764022223,87211.36388651616,0.0,61081.65045124836,0.0,61081.65045124836,12576.247313743686,88.67290000000003,17622.513353629627,14004.460580857141,60860.42126930864,0,LP,0.005316199996741489,9.094947017729282e-13,0
blend_a050,val_june,validation,2025-06-19,0.5,none,2937.999764022223,2684.164723368255,85191.5403563598,48.66240171428569,58587.48474966149,334.32397563485705,58921.808725296345,12160.792332710178,1556.9697499999997,18375.726378697233,15112.78990333333,59106.37710140976,2,LP,0.005308100022375584,9.094947017729282e-13,0
blend_a050,val_june,validation,2025-06-20,0.5,none,2684.164723368255,2884.6010395206395,36665.507066768965,0.0,18795.264193889896,0.0,18795.264193889896,1407.5243536190487,10477.99097560494,11573.780015830687,9194.36912828571,18683.184966259993,0,LP,0.006596499995794147,9.094947017729282e-13,0
blend_a050,val_june,validation,2025-06-21,0.5,none,2884.6010395206395,3117.437340286773,35252.93467776476,0.0,18137.806418608307,0.0,18137.806418608307,1836.381907809525,11549.452755479133,12225.299704139916,9692.94008966381,18010.07868148359,0,MILP,0.21206429999438114,1.6086687537608668e-11,0
blend_a050,val_august,validation,2025-08-18,0.5,none,2178.160729337569,2134.924192117462,72595.1701757037,102.00601809523812,53071.40994172971,860.0659960050001,53931.475937734715,2429.5606502833693,2044.6419833333339,20356.688563229858,16527.830619714285,53964.4569845089,4,LP,0.006518599984701723,8.668621376273222e-13,0
blend_a050,val_august,validation,2025-08-19,0.5,none,2134.924192117462,1852.4128791502637,72476.0952575191,115.82866466666655,52888.11747832676,987.5119954816656,53875.629473808425,1900.0480013474414,3056.2459381704884,18801.211128096413,15483.24119542857,54089.949265469026,4,LP,0.006090100010624155,8.526512829121202e-13,0
blend_a050,val_august,validation,2025-08-20,0.5,none,1852.4128791502637,1630.2109173555552,73022.4922076414,1790.5286623771253,53853.196018402436,11425.949291498082,65279.145309900516,425.9359263809524,0.0,20717.766539927106,16981.372662956204,65452.39923478883,11,LP,0.008684800006449223,8.810729923425242e-13,0
blend_a050,val_august,validation,2025-08-21,0.5,none,1630.2109173555552,1854.9618214603195,74292.70105648441,0.0,53874.807824545715,0.0,53874.807824545715,2788.276403763663,1838.26615,19049.81160891123,15228.07158952381,53703.43835049076,0,LP,0.010065699985716492,9.094947017729282e-13,0
blend_a050,val_august,validation,2025-08-22,0.5,none,1854.9618214603195,1486.6533281999998,40303.6915216214,33.57257334380747,22753.53895935771,68.55519476805485,22822.094154125763,84.03061076190511,16799.1153881164,13447.507052743093,11223.95835665619,23041.025469846412,1,MILP,0.14420060001430102,1.0231815394945443e-12,0
blend_a050,val_august,validation,2025-08-23,0.5,none,1486.6533281999998,1916.1332087280416,40956.32355367901,0.0,22717.481986986102,0.0,22717.481986986102,435.34812995532053,15031.781901650791,13540.291997882425,10581.104625809523,22462.681505591052,0,MILP,0.13009819999570027,3.3026026358129457e-11,0
blend_a050,val_august,validation,2025-08-24,0.5,none,1916.1332087280416,2100.0782866380923,76246.48264255248,0.0,54880.0607335311,0.0,54880.0607335311,4555.729334720753,3961.3699964362127,20159.175041805996,16163.381213743813,54740.8291401251,0,LP,0.008218700008001179,7.958078640513122e-13,0
blend_a050,val_august,validation,2025-08-25,0.5,none,2100.0782866380923,1707.2043083703695,76238.42168992877,194.44487727809246,55426.07072577872,1651.7392593657878,57077.80998514451,1449.7363358013013,671.1679166666668,20486.641465858895,16947.76616778666,57381.949937773155,3,LP,0.006262499984586611,9.094947017729282e-13,0
blend_a050,val_august,validation,2025-08-26,0.5,none,1707.2043083703695,2289.724857334393,77810.48083583773,0.0,55649.13798929651,0.0,55649.13798929651,5542.204490238676,2352.9642563786024,20327.5011148395,15941.00740895238,55206.43620694689,0,LP,0.0061163000063970685,9.094947017729282e-13,0
blend_a050,val_august,validation,2025-08-27,0.5,none,2289.724857334393,1885.1668969915347,76984.80180751321,16.225255619048085,55332.618316871565,134.3372614190515,55466.95557829062,3515.2153693345085,2047.9594448559667,20462.1344557037,16938.431073428572,55777.6758140345,2,LP,0.005562800011830404,7.673861546209082e-13,0
blend_a050,val_august,validation,2025-08-28,0.5,none,1885.1668969915347,1928.8909241407414,76559.0725681693,46.880709523809514,55506.89198342597,388.3171611380952,55895.20914456407,1688.141300175194,0.0,21635.080893422688,17485.063899238092,55861.22882557244,3,LP,0.007324099977267906,8.242295734817162e-13,0
blend_a050,val_august,validation,2025-08-29,0.5,none,1928.8909241407414,1784.4022373777775,41237.63937088066,0.0,23118.2266001216,0.0,23118.2266001216,935.0406792380963,15194.943568605528,14118.287321703701,11565.852548666666,23204.639052599912,0,MILP,0.1373316000099294,4.263256414560601e-12,0
blend_a050,val_august,validation,2025-08-30,0.5,none,1784.4022373777775,1574.0628858211644,41491.97943642681,0.0,23506.784943364593,0.0,23506.784943364593,775.7798762622007,19900.662349457965,13116.435756706642,10813.618379333333,23630.716100529182,0,MILP,0.1351626999967266,3.979039320256561e-12,0
blend_a050,val_august,validation,2025-08-31,0.5,none,1574.0628858211644,2395.7523527111116,78414.74288740623,26.50513619047615,56037.171318734276,218.3203532838092,56255.491672018085,4539.249831626105,2629.044000000001,20456.897833875366,15830.566725238095,55629.458792536636,3,LP,0.006184800004120916,9.348077867343818e-13,0
blend_a050,eval_september,evaluation,2025-09-10,0.5,none,4786.2408636984155,4596.08880984127,67860.3791468054,968.5033833333317,45658.285573575864,5167.422119424991,50825.707693000855,3864.563686658431,0.0,20102.405483956492,16454.085290476192,50959.50652186696,7,LP,0.007788500020978972,9.094947017729282e-13,0
blend_a050,eval_september,evaluation,2025-09-11,0.5,none,4596.08880984127,4802.587337518519,69292.72779655732,0.0,45674.61664139769,0.0,45674.61664139769,7376.391981236918,4680.02805,18707.227931987065,14967.005949999997,45534.660715525475,0,LP,0.006037400016793981,8.952838470577262e-13,0
blend_a050,eval_september,evaluation,2025-09-12,0.5,none,4802.587337518519,5087.832628037035,35096.85593575714,0.0,17574.300111664375,0.0,17574.300111664375,1114.4127548571428,19762.82313299236,12690.75308653145,10022.789238623809,17426.663745589336,0,MILP,0.11905590002425015,5.900346877751872e-11,0
blend_a050,eval_september,evaluation,2025-09-13,0.5,none,5087.832628037035,5445.944860185186,35157.779945338094,0.0,17558.435328906133,0.0,17558.435328906133,725.114016449148,23653.009371646087,12896.074026190478,10123.51895228095,17375.84665948206,0,MILP,0.08434709999710321,1.6370904631912708e-11,0
blend_a050,eval_september,evaluation,2025-09-14,0.5,none,5445.944860185186,4487.227906111115,68054.8780643198,0.0,45888.007372400956,0.0,45888.007372400956,5239.808548095233,146.7241269077006,18062.452094650205,15493.431455333332,46557.49440138329,0,LP,0.008082000014837831,1.0231815394945443e-12,0
blend_a050,eval_september,evaluation,2025-09-15,0.5,none,4487.227906111115,3986.774659746033,67434.65243069135,0.0,44667.422613766474,0.0,44667.422613766474,5790.846565650792,3405.924111568486,19059.25811509112,15888.40699495238,45010.51021351173,0,LP,0.0063769999833311886,7.105427357601002e-13,0
blend_a050,eval_september,evaluation,2025-09-16,0.5,none,3986.774659746033,3583.5142666084644,67472.52043429276,0.0,45284.68230822831,0.0,45284.68230822831,3415.0455584303354,1430.3384217530897,18412.109603156958,15276.74313238095,45567.025828596816,0,LP,0.007228699978441,7.673861546209082e-13,0
blend_a050,eval_september,evaluation,2025-09-17,0.5,none,3583.5142666084644,3671.113625460318,68723.97640009523,7.62916666666672,45812.54940670499,38.19542291666694,45850.74482962165,4892.94958391299,0.0,19998.41136780129,16119.87378495238,45789.40343333524,1,LP,0.006355799996526912,9.094947017729282e-13,0
blend_a050,eval_september,evaluation,2025-09-18,0.5,none,3671.113625460318,3584.4259127671953,68750.67448494297,0.0,45146.941483002425,0.0,45146.941483002425,4740.743438859495,1438.4827399271005,19439.0322679659,15823.635078476189,45207.00246876383,0,LP,0.006833100022049621,9.094947017729282e-13,0
blend_a050,eval_september,evaluation,2025-09-19,0.5,none,3584.4259127671953,4492.430577862434,35408.8122466549,0.0,17365.12972210307,0.0,17365.12972210307,686.3350929276894,15162.060328636091,13904.527946519696,10445.463438095238,16880.321628783346,0,MILP,0.10994900000514463,2.362159850438022e-12,0
blend_a050,eval_september,evaluation,2025-09-20,0.5,none,4492.430577862434,4611.037253275134,34567.74831505585,0.0,16718.044403774766,0.0,16718.044403774766,643.1293042857156,15593.405164015287,13573.863713421515,10888.083599999998,16655.33527538394,0,MILP,0.08428359997924417,8.526512829121202e-13,0
blend_a050,eval_september,evaluation,2025-09-21,0.5,none,4611.037253275134,3822.106488999998,70831.18943953203,0.0,47703.37653661233,0.0,47703.37653661233,6664.572512959434,3430.7977519188707,16622.996732463256,14174.66504114286,48252.83870827149,0,LP,0.006819100002758205,9.094947017729282e-13,0
blend_a050,eval_september,evaluation,2025-09-22,0.5,none,3822.106488999998,2889.0253054285704,68842.22145939565,0.0,46061.380122333976,0.0,46061.380122333976,3110.5356087042933,2524.7006999999994,18067.04385564374,15474.078588285716,46718.22203833334,0,LP,0.00605090000317432,8.881784197001252e-13,0
blend_a050,eval_september,evaluation,2025-09-23,0.5,none,2889.0253054285704,2974.0764144920645,70776.06237700881,6.375,46607.10075875799,44.0799375,46651.18069625799,2971.4492344009363,1785.7420661846013,20168.865762804235,16260.235269714285,46591.34070272781,1,LP,0.006921199994394556,9.094947017729282e-13,0
blend_a050,eval_december,evaluation,2025-12-08,0.5,none,1451.3861965089911,1823.0339727153448,97047.73554554262,0.0,73516.67979460902,0.0,73516.67979460902,4299.106630205762,0.0,24036.498947813052,19135.081149142858,73212.79688023697,0,LP,0.005445599992526695,9.663381206337363e-13,0
blend_a050,eval_december,evaluation,2025-12-09,0.5,none,1823.0339727153448,1681.167125725927,97025.4308092275,28.02018466666675,72750.44712433011,207.1730520160006,72957.6201763461,5191.654512493824,0.0,24215.90724749559,19742.565032761908,73073.26994134509,2,LP,0.0055930000089574605,9.094947017729282e-13,0
blend_a050,eval_december,evaluation,2025-12-10,0.5,none,1681.167125725927,1640.7699979100528,97156.0579509171,0.0,73839.20563663465,0.0,73839.20563663465,4358.217459241618,0.0,23403.049684437392,18992.827659428574,73872.51481064498,0,LP,0.005828199995448813,9.094947017729282e-13,0
blend_a050,eval_december,evaluation,2025-12-11,0.5,none,1640.7699979100528,1849.5066304476222,97611.2482016355,0.0,72643.76551119743,0.0,72643.76551119743,7016.794208953555,0.0,23396.50696525338,18763.307672571427,72475.13331740891,0,LP,0.005441400018753484,9.094947017729282e-13,0
blend_a050,eval_december,evaluation,2025-12-12,0.5,none,1849.5066304476222,1922.1565517195847,50946.63655140623,0.0,23510.792757922427,0.0,23510.792757922427,2015.8044465467433,1328.8133463915274,20116.949189420335,16229.343914285711,23463.468462987268,0,LP,0.006521400006022304,1.0231815394945443e-12,0
blend_a050,eval_december,evaluation,2025-12-13,0.5,none,1922.1565517195847,2001.8885422253966,51821.586006790116,0.0,24298.987616613485,0.0,24298.987616613485,2989.1660065655537,1132.38245,20156.554607557897,16255.050440666666,24246.625475651075,0,LP,0.006142400001408532,7.958078640513122e-13,0
blend_a050,eval_december,evaluation,2025-12-14,0.5,none,2001.8885422253966,1739.627803660316,98139.69736302528,0.0,75037.4084002816,0.0,75037.4084002816,5075.018007467377,0.0,23799.959054034087,19514.00149847619,75254.73436737871,0,LP,0.005173700017621741,6.821210263296962e-13,0
blend_a050,eval_december,evaluation,2025-12-15,0.5,none,1739.627803660316,1911.330116133336,100030.52489955556,0.0,76580.89838342527,0.0,76580.89838342527,5873.813679292181,0.0,23855.900907215757,19168.747653619044,76439.58802414365,0,LP,0.005251499998848885,9.094947017729282e-13,0
blend_a050,eval_december,evaluation,2025-12-16,0.5,none,1911.330116133336,1830.002305755558,99841.253099485,0.0,75935.36348302191,0.0,75935.36348302191,6026.188745876542,0.0,23527.20026113227,19130.227240857144,76002.03785184535,0,LP,0.005633399996440858,9.094947017729282e-13,0
blend_a050,eval_december,evaluation,2025-12-17,0.5,none,1830.002305755558,1875.848881186245,99460.17511320516,0.0,75818.66370592217,0.0,75818.66370592217,6833.953412580833,0.0,23121.645874052905,18687.271240095237,75781.16447378836,0,LP,0.005888200015760958,1.0231815394945443e-12,0
blend_a050,eval_december,evaluation,2025-12-18,0.5,none,1875.848881186245,1865.7872980433888,98902.3976058154,0.0,74698.13075255773,0.0,74698.13075255773,7022.726933539086,0.0,23802.416475990598,19289.012770380952,74706.36646020765,0,LP,0.004923700005747378,9.094947017729282e-13,0
blend_a050,eval_december,evaluation,2025-12-19,0.5,none,1865.7872980433888,1694.2762466719578,52224.09750531099,0.0,24140.078885959912,0.0,24140.078885959912,3934.652207141686,1810.65698271605,19603.984008881827,16033.58699342857,24252.004425419138,0,LP,0.006712600006721914,1.0231815394945443e-12,0
blend_a050,eval_december,evaluation,2025-12-20,0.5,none,1694.2762466719578,1872.7814958687843,52488.170953038214,0.0,24138.258814308785,0.0,24138.258814308785,3795.8309026360967,1821.318116666667,20284.289260306876,16269.619576571426,24022.75275331631,0,LP,0.006080899998778477,9.094947017729282e-13,0
blend_a050,eval_december,evaluation,2025-12-21,0.5,none,1872.7814958687843,1866.898438401062,98124.13097516519,0.0,74295.74434393477,0.0,74295.74434393477,4554.0978678306865,0.0,23881.8210125726,19349.56977190476,74300.56297246103,0,LP,0.005754500016337261,9.094947017729282e-13,0
blend_a075,dev_march,development,2025-03-07,0.75,none,1607.6682326867735,1799.9208019068776,34105.28322439623,0.0,14072.150313669987,0.0,14072.150313669987,569.2408666337454,9471.401204961785,15628.04372194356,12485.68810247619,13966.862953820884,0,MILP,0.0587709000101313,1.6484591469634324e-12,0
blend_a075,dev_march,development,2025-03-08,0.75,none,1799.9208019068776,1746.8951542507957,32969.96055831864,0.0,13568.518769028096,0.0,13568.518769028096,509.3328688112868,10500.46662127925,15498.65597079953,12601.634419238093,13597.022009963997,0,MILP,0.1704260999977123,1.4210854715202004e-12,0
blend_a075,dev_march,development,2025-03-09,0.75,none,1746.8951542507957,1514.0839398148178,76853.46540378247,0.0,48710.60099052783,0.0,48710.60099052783,7889.832571111106,2010.2680252239838,20154.57816020929,16534.738402761905,48874.83256900638,0,LP,0.006520900002215058,9.094947017729282e-13,0
blend_a075,dev_march,development,2025-03-10,0.75,none,1514.0839398148178,1443.1744087005316,75502.78266982829,0.0,49320.48548063155,0.0,49320.48548063155,3098.6149585396743,360.69671666666625,21395.88485592005,17394.485311298096,49371.696787186855,0,LP,0.005873899994185194,6.821210263296962e-13,0
blend_a075,dev_march,development,2025-03-11,0.75,none,1443.1744087005316,1656.032753573542,75266.95779102761,0.0,48255.815786965155,0.0,48255.815786965155,5801.285025247494,1440.661016666667,20497.47599330394,16411.38304419048,48104.58977763133,0,LP,0.008057799976086244,7.736034035588091e-13,0
blend_a075,dev_march,development,2025-03-12,0.75,none,1656.032753573542,1466.3308394402127,74730.3125793392,0.0,47035.54283101602,0.0,47035.54283101602,6599.813781018212,2094.2528477954097,19849.699946906538,16248.988679714288,47168.74226715213,0,LP,0.006265899981372058,9.094947017729282e-13,0
blend_a075,dev_march,development,2025-03-13,0.75,none,1466.3308394402127,1411.4148678222232,74100.06208749794,73.52254619047585,47499.39150836105,465.84305676628355,47965.23456512733,2456.9858738929947,0.0,22212.658513604943,18041.67777047619,48004.75614835654,2,LP,0.005787500005681068,1.0231815394945443e-12,0
blend_a075,dev_march,development,2025-03-14,0.75,none,1411.4148678222232,1920.35807457037,32440.350287762492,0.0,13099.816045592132,0.0,13099.816045592132,354.03202311346274,12614.12285470429,15709.055476516165,12266.28604990476,12828.931978068944,0,MILP,0.16338730001007207,2.021099337273174e-12,0
blend_a075,dev_march,development,2025-03-15,0.75,none,1920.35807457037,1370.7079328285708,31490.085345136977,0.0,13143.475720725217,0.0,13143.475720725217,567.2663150476187,7658.856167737804,14918.541262732508,12578.703550380951,13442.64754462457,0,MILP,0.15084570000180975,6.821210263296962e-13,0
blend_a075,dev_march,development,2025-03-16,0.75,none,1370.7079328285708,1822.3175535661371,73812.72461107819,0.0,46159.44198096457,0.0,46159.44198096457,5551.138714567903,488.8266500000001,21132.966602700762,16711.25428952381,45840.422404571436,0,LP,0.006150800007162616,6.821210263296962e-13,0
blend_a075,dev_march,development,2025-03-17,0.75,none,1822.3175535661371,1941.2955254317494,72355.18249959906,0.0,44212.50468711554,0.0,44212.50468711554,8169.702071366256,2635.277233333333,18868.376773089945,15176.305011523807,44131.10494096766,0,LP,0.006532200000947341,1.0231815394945443e-12,0
blend_a075,dev_march,development,2025-03-18,0.75,none,1941.2955254317494,1796.3681319396835,70198.11963049616,0.0,43490.91931965178,0.0,43490.91931965178,3916.0503070405634,1253.98175,21224.0203206937,17321.89111390476,43592.13878517754,0,LP,0.007830999995348975,9.094947017729282e-13,0
blend_a075,dev_march,development,2025-03-19,0.75,none,1796.3681319396835,1986.1235553100541,70013.77680179071,0.0,42961.24789607466,0.0,42961.24789607466,4479.174655681357,1902.2185999999997,21032.280079347445,16865.366983238095,42829.43346105045,0,LP,0.006614699988858774,8.952838470577262e-13,0
blend_a075,dev_march,development,2025-03-20,0.75,none,1986.1235553100541,1550.5062194888894,69110.50468185419,45.43508520856881,43325.72357061823,300.5076535694741,43626.23122418771,2436.8978742386803,1014.3316833333329,20462.126289805994,16966.377896981907,43931.50069043695,1,LP,0.0071007999940775335,9.601208716958354e-13,0
blend_a075,dev_april,development,2025-04-17,0.75,none,1618.0719069862432,1945.3748361206358,60737.177014785426,0.0,36103.37420186208,0.0,36103.37420186208,1909.9157752745514,1752.042219107586,20591.073864117574,16384.197193714284,35883.1023990196,0,LP,0.0067048000055365264,9.094947017729282e-13,0
blend_a075,dev_april,development,2025-04-18,0.75,none,1945.3748361206358,2146.0427089597865,26954.930240705467,0.0,10666.887103801819,0.0,10666.887103801819,432.5333284761913,17492.553124650207,13132.23957205526,10456.512967809524,10565.855219437024,0,MILP,0.11333120000199415,1.8189894035458565e-12,0
blend_a075,dev_april,development,2025-04-19,0.75,none,2146.0427089597865,2102.49358338201,26817.021450395066,0.0,10644.189084501631,0.0,10644.189084501631,502.6140351428577,17138.474211944736,12791.83245435509,10400.578501047616,10666.058529947872,0,MILP,0.112186299986206,7.747126397185235e-11,0
blend_a075,dev_april,development,2025-04-20,0.75,none,2102.49358338201,1969.5795107566153,59893.794656773665,0.0,35564.1975278634,0.0,35564.1975278634,1916.2210060376285,2248.6708425925954,20477.792579857727,16706.63465504762,35653.368914617415,0,LP,0.005845300009241328,9.094947017729282e-13,0
blend_a075,dev_april,development,2025-04-21,0.75,none,1969.5795107566153,1477.9647709417982,59605.144411824804,0.0,34949.660062742456,0.0,34949.660062742456,3406.695254010587,4531.779607807178,18906.381223721328,15756.622057047618,35274.39955897847,0,LP,0.005451800010632724,9.094947017729282e-13,0
blend_a075,dev_april,development,2025-04-22,0.75,none,1477.9647709417982,1705.933222255025,59649.78621494885,0.0,35585.67626979986,0.0,35585.67626979986,1503.459012684301,1981.7911237107674,20033.869240553788,16022.262478666667,35431.60094237417,0,LP,0.005621599993901327,7.602807272633072e-13,0
blend_a075,dev_april,development,2025-04-23,0.75,none,1705.933222255025,1854.0215778994714,59828.06558048559,0.0,36274.69969801581,0.0,36274.69969801581,2373.39740248207,2241.4925561516748,19368.312553185184,15555.053648,36175.018278953976,0,LP,0.005476299993460998,9.094947017729282e-13,0
blend_a075,dev_april,development,2025-04-24,0.75,none,1854.0215778994714,1810.3481244074087,58714.370014029395,0.0,34949.01235744828,0.0,34949.01235744828,2990.185737393297,5079.28993243857,18916.282907054672,15361.495262857141,34977.94891375306,0,LP,0.006529700011014938,9.094947017729282e-13,0
blend_a075,dev_april,development,2025-04-25,0.75,none,1810.3481244074087,1757.9912371132332,26135.985587497944,0.0,9950.668984796665,0.0,9950.668984796665,277.03426780952486,21542.201724992356,12439.542859267489,10123.150914571426,9976.147024183974,0,MILP,0.13468940000166185,3.814824999103116e-12,0
blend_a075,dev_april,development,2025-04-26,0.75,none,1757.9912371132332,1528.5528376656105,26058.808989927096,0.0,10088.179625726547,0.0,10088.179625726547,62.003718952381064,23785.708500553792,12354.724718897112,10213.821581809521,10199.233403620183,0,MILP,0.1460089999891352,1.2505552149377763e-12,0
blend_a075,dev_april,development,2025-04-27,0.75,none,1528.5528376656105,1485.078089274073,55806.05916888888,409.53821862095543,32757.77174622399,2686.7754832627784,35444.547229486765,1456.8873385714296,2411.126752616107,20069.680981796588,16295.568868807615,35473.25814352656,1,LP,0.007757399987895042,8.810729923425242e-13,0
blend_a075,dev_april,development,2025-04-28,0.75,none,1485.078089274073,1504.9808207925923,55359.6419113933,4397.76763888285,33338.37528243493,27837.44898992151,61175.82427235644,136.08681714285683,0.0,15691.805042631395,12692.449626164766,61162.10239630703,11,LP,0.007519599981606007,9.094947017729282e-13,0
blend_a075,dev_april,development,2025-04-29,0.75,none,1504.9808207925923,1708.2381589777765,57695.52719732746,85.46765795618717,33869.27642989282,565.6249603540467,34434.90139024687,1980.0574824761889,4699.478415944744,18343.75597804938,14675.510737853334,34301.291322313366,1,LP,0.007145400013541803,8.952838470577262e-13,0
blend_a075,dev_april,development,2025-04-30,0.75,none,1708.2381589777765,1574.2241074687847,57021.5283289371,0.0,33565.29063109054,0.0,33565.29063109054,2073.733569269842,3354.9260871604924,18192.773081744857,14856.758842571428,33653.27060462985,0,LP,0.008774299989454448,8.86402062860725e-13,0
blend_a075,val_june,validation,2025-06-08,0.75,none,1781.3549957153423,2091.7393678433878,87309.43287990359,19.011776857142877,59429.65374787126,131.58670150204773,59561.24044937331,17213.873948420933,1625.3386999999998,15920.856877673132,12616.548135999996,59338.57962435935,3,LP,0.007700299989664927,9.094947017729282e-13,0
blend_a075,val_june,validation,2025-06-09,0.75,none,2091.7393678433878,2138.257540046561,85583.91329179305,26.182083523809524,59617.858206270255,184.1079778854762,59801.96618415573,10082.132219393305,964.5978262504459,18888.34863872074,15257.69604238095,59767.666911171305,2,LP,0.007634600013261661,6.821210263296962e-13,0
blend_a075,val_june,validation,2025-06-10,0.75,none,2138.257540046561,2282.374572296297,86045.20495820929,0.0,59658.66382163988,0.0,59658.66382163988,10109.23767457849,458.2999333333329,19629.04098915461,15769.817872190475,59552.71816699068,0,LP,0.008034099999349564,9.094947017729282e-13,0
blend_a075,val_june,validation,2025-06-11,0.75,none,2282.374572296297,2422.400642355556,86653.87763997765,2.011921428571327,60103.3826811779,13.950663185713582,60117.333344363615,6096.181735213409,0.0,22890.7265603833,18415.46505085714,60012.52006772363,1,LP,0.007803300017258152,8.526512829121202e-13,0
blend_a075,val_june,validation,2025-06-12,0.75,none,2422.400642355556,2566.014159001057,87405.72464227278,0.0,61064.03223336722,0.0,61064.03223336722,10741.502776256324,448.5068666666666,19126.69158439741,15363.368018380952,60957.78910795563,0,LP,0.007259099977090955,8.526512829121202e-13,0
blend_a075,val_june,validation,2025-06-13,0.75,none,2566.014159001057,2575.636351815873,39993.47707032922,0.0,20220.095187158433,0.0,20220.095187158433,1688.8545744209307,7530.468017149913,12737.793711710761,10308.952932952381,20214.55255151454,0,LP,0.008261200011475012,8.526512829121202e-13,0
blend_a075,val_june,validation,2025-06-14,0.75,none,2575.636351815873,2621.9770834973533,40172.09122567902,0.0,20784.940867068566,0.0,20784.940867068566,1738.87475361905,9878.701323561436,12207.714420974724,9846.54202247619,20758.379257520417,0,LP,0.008296900021377951,9.094947017729282e-13,0
blend_a075,val_june,validation,2025-06-15,0.75,none,2621.9770834973533,3274.075601164022,88525.13867581422,0.0,61614.59378956393,0.0,61614.59378956393,13373.244981155796,298.84709999999995,19153.597870658432,14927.525609333334,61134.62034368954,0,LP,0.007613000023411587,8.526512829121202e-13,0
blend_a075,val_june,validation,2025-06-16,0.75,none,3274.075601164022,3108.256751350266,87207.73908803998,0.0,61602.63055863356,0.0,61602.63055863356,10826.80266504645,134.01041666666652,19484.790286803054,15931.917097142856,61725.48864629044,0,LP,0.006022900022799149,9.663381206337363e-13,0
blend_a075,val_june,validation,2025-06-17,0.75,none,3108.256751350266,2634.8261235333325,86506.13111711698,0.0,60641.446414707636,0.0,60641.446414707636,8516.684512146976,129.21961222339388,19206.859690079946,15983.643913999998,60994.513815073245,0,LP,0.0054945000156294554,9.094947017729282e-13,0
blend_a075,val_june,validation,2025-06-18,0.75,none,2634.8261235333325,2937.999764022223,87215.16764066079,0.0,61132.8744343858,0.0,61132.8744343858,12576.247313743686,88.67290000000003,17626.317107774248,14004.460580857141,60909.118644891176,0,LP,0.005736099992645904,9.094947017729282e-13,0
blend_a075,val_june,validation,2025-06-19,0.75,none,2937.999764022223,2684.164723368255,85092.00716025515,48.66240171428569,58607.01954197409,334.32397563485705,58941.34351760895,12107.903878134048,1556.9697499999997,18130.22773907348,14913.936005238093,59125.91189372236,2,LP,0.008954499993706122,9.094947017729282e-13,0
blend_a075,val_june,validation,2025-06-20,0.75,none,2684.164723368255,2884.6010395206395,36665.507066768965,0.0,18800.403217125775,0.0,18800.403217125775,1407.5243536190487,10477.990975604942,11573.780015830685,9194.36912828571,18688.32398949587,0,LP,0.011047799984226003,9.094947017729282e-13,0
blend_a075,val_june,validation,2025-06-21,0.75,none,2884.6010395206395,3117.437340286773,35252.93467776476,0.0,18137.9645084634,0.0,18137.9645084634,1836.381907809525,11560.886014392712,12165.124657226337,9644.198301663811,18010.23677133868,0,MILP,0.12869009998394176,1.1368683772161603e-12,0
blend_a075,val_august,validation,2025-08-18,0.75,none,2178.160729337569,2134.924192117462,72442.89799171193,102.00601809523812,52953.12436210824,860.0659960050001,53813.190358113236,2419.5210940693764,2044.6419833333339,19608.09578545208,15921.470469714286,53846.17140488742,4,LP,0.009023799997521564,8.668621376273222e-13,0
blend_a075,val_august,validation,2025-08-19,0.75,none,2134.924192117462,1852.4128791502637,72320.79132383892,115.82866466666655,52894.652488765394,987.5119954816656,53882.164484247056,1885.1420675379177,3062.6771430323342,18028.42584003057,14857.285112095238,54096.48427590766,4,LP,0.006663600011961535,8.526512829121202e-13,0
blend_a075,val_august,validation,2025-08-20,0.75,none,1852.4128791502637,1630.2109173555552,72871.02814889594,1790.09620723427,53854.11312181128,11423.440402986806,65277.55352479809,425.40203114285737,0.0,19921.121178610236,16336.089920289538,65450.8074496864,11,LP,0.008319899992784485,8.810729923425242e-13,0
blend_a075,val_august,validation,2025-08-21,0.75,none,1630.2109173555552,1854.9618214603195,74223.70503470546,0.0,53854.83283642653,0.0,53854.83283642653,2687.1381331663724,1929.3087967125177,18739.809514731336,14976.969893238094,53683.46336237158,0,LP,0.008409100002609193,9.094947017729282e-13,0
blend_a075,val_august,validation,2025-08-22,0.75,none,1854.9618214603195,1486.6533281999998,40303.6915216214,33.57257334380747,22753.53895935771,68.55519476805485,22822.094154125763,84.03061076190511,16799.1153881164,13447.507052743093,11223.95835665619,23041.025469846412,1,MILP,0.13075069998740219,1.0231815394945443e-12,0
blend_a075,val_august,validation,2025-08-23,0.75,none,1486.6533281999998,1916.1332087280416,40956.32355367901,0.0,22717.481986986102,0.0,22717.481986986102,435.34812995532053,15031.781901650791,13540.291997882425,10581.104625809523,22462.681505591052,0,MILP,0.12213119998341426,3.3026026358129457e-11,0
blend_a075,val_august,validation,2025-08-24,0.75,none,1916.1332087280416,2100.0782866380923,76191.91484413992,0.0,54808.64825122542,0.0,54808.64825122542,4183.056271587303,4325.999855784835,19914.30875429159,15965.039520857143,54669.41665781942,0,LP,0.006003300019074231,1.0231815394945443e-12,0
blend_a075,val_august,validation,2025-08-25,0.75,none,2100.0782866380923,1707.2043083703695,76204.94830689124,194.44487727809246,55361.0136517871,1651.7392593657878,57012.752911152886,1268.760772564377,848.1037247454473,20331.727634914754,16822.285964721905,57316.89286378153,3,LP,0.005167399998754263,9.094947017729282e-13,0
blend_a075,val_august,validation,2025-08-26,0.75,none,1707.2043083703695,2289.724857334393,77810.48083583773,0.0,55627.80350731288,0.0,55627.80350731288,5399.989963283947,2495.178783333334,20327.5011148395,15941.00740895238,55185.10172496326,0,LP,0.006007499992847443,9.094947017729282e-13,0
blend_a075,val_august,validation,2025-08-27,0.75,none,2289.724857334393,1885.1668969915347,76984.80180751321,16.225255619048085,55429.89923224749,134.3372614190515,55564.23649366654,3149.6734141904753,2413.5014,20462.1344557037,16938.431073428572,55874.95672941042,2,LP,0.005539400008274242,7.673861546209082e-13,0
blend_a075,val_august,validation,2025-08-28,0.75,none,1885.1668969915347,1928.8909241407414,76463.18450198119,46.880709523809514,55477.05531274525,388.3171611380952,55865.37247388335,1681.38974004821,0.0,21165.941387837738,17105.060899714284,55831.39215489172,3,LP,0.007535300013842061,8.242295734817162e-13,0
blend_a075,val_august,validation,2025-08-29,0.75,none,1928.8909241407414,1784.4022373777775,41237.63937088066,0.0,23118.2266001216,0.0,23118.2266001216,935.0406792380963,15194.943568605528,14118.287321703701,11565.852548666666,23204.639052599912,0,MILP,0.14240509999217466,2.2168933355715126e-12,0
blend_a075,val_august,validation,2025-08-30,0.75,none,1784.4022373777775,1574.0628858211626,41491.9794364268,0.0,23506.78494336459,0.0,23506.78494336459,775.7798762622007,19900.662349457965,13116.435756706642,10813.618379333335,23630.71610052918,0,MILP,0.12579350001760758,8.021237994802909e-12,0
blend_a075,val_august,validation,2025-08-31,0.75,none,1574.0628858211626,2395.7523527111116,78414.74288740623,26.50513619047615,56014.86953148211,218.3203532838092,56233.18988476592,4539.249831626106,2629.044000000001,20456.89783387537,15830.566725238095,55607.15700528447,3,LP,0.006664699991233647,9.348077867343818e-13,0
blend_a075,eval_september,evaluation,2025-09-10,0.75,none,4786.2408636984155,4596.088809841269,67860.3791468054,968.5033833333317,45661.315731247865,5167.422119424991,50828.73785067286,3864.563686658432,0.0,20102.405483956492,16454.085290476192,50962.536679538964,7,LP,0.006114000017987564,9.094947017729282e-13,0
blend_a075,eval_september,evaluation,2025-09-11,0.75,none,4596.088809841269,4802.58733751852,69292.72779655732,0.0,45569.45840851063,0.0,45569.45840851063,7376.39198123692,4680.02805,18707.227931987065,14967.005949999997,45429.50248263842,0,LP,0.005866899999091402,8.952838470577262e-13,0
blend_a075,eval_september,evaluation,2025-09-12,0.75,none,4802.58733751852,5090.179315724865,35096.855935757136,0.0,17572.68698908223,0.0,17572.68698908223,1114.4127548571428,19762.82313299236,12679.637197483831,10011.673349576191,17423.83603172712,0,MILP,0.10738950001541525,1.8189894035458565e-12,0
blend_a075,eval_september,evaluation,2025-09-13,0.75,none,5090.179315724865,5450.036683296296,35155.667926419046,0.0,17568.39046904141,0.0,17568.39046904141,725.114016449148,23653.009371646087,12876.691706190477,10106.248651199998,17384.912017235456,0,MILP,0.0772663000097964,1.6370904631912708e-11,0
blend_a075,eval_september,evaluation,2025-09-14,0.75,none,5450.036683296296,4487.227906111115,68050.33159419635,0.0,45863.90457428531,0.0,45863.90457428531,5239.8085480952295,146.7241269077006,18057.905624526753,15493.431455333332,46536.248987280866,0,LP,0.007070899999234825,1.0231815394945443e-12,0
blend_a075,eval_september,evaluation,2025-09-15,0.75,none,4487.227906111115,3986.774659746033,67434.65243069135,0.0,44664.699425116676,0.0,44664.699425116676,5790.846565650791,3405.924111568486,19059.25811509112,15888.40699495238,45007.78702486193,0,LP,0.005666000011842698,7.105427357601002e-13,0
blend_a075,eval_september,evaluation,2025-09-16,0.75,none,3986.774659746033,3583.5142666084644,67472.52043429276,0.0,45279.69484995159,0.0,45279.69484995159,3415.045558430335,1430.3384217530897,18412.109603156958,15276.74313238095,45562.0383703201,0,LP,0.0070284999965224415,7.673861546209082e-13,0
blend_a075,eval_september,evaluation,2025-09-17,0.75,none,3583.5142666084644,3671.113625460318,68723.97640009523,7.62916666666672,45804.63934373121,38.19542291666694,45842.83476664787,4892.94958391299,0.0,19998.41136780129,16119.87378495238,45781.49337036146,1,LP,0.0061317999789025635,9.094947017729282e-13,0
blend_a075,eval_september,evaluation,2025-09-18,0.75,none,3671.113625460318,3584.4259127671953,68750.67448494297,0.0,45200.28959024852,0.0,45200.28959024852,4740.743438859495,1438.4827399271005,19439.0322679659,15823.635078476189,45260.35057600992,0,LP,0.005828199995448813,9.094947017729282e-13,0
blend_a075,eval_september,evaluation,2025-09-19,0.75,none,3584.4259127671953,4492.430577862434,35408.8122466549,0.0,17365.12972210307,0.0,17365.12972210307,686.3350929276894,15162.060328636091,13904.527946519696,10445.463438095238,16880.321628783346,0,MILP,0.10347999999066815,1.0130760428081784e-11,0
blend_a075,eval_september,evaluation,2025-09-20,0.75,none,4492.430577862434,4611.037253275134,34567.74831505585,0.0,16718.044403774762,0.0,16718.044403774762,643.1293042857142,15593.405164015287,13573.863713421515,10888.083599999998,16655.335275383935,0,MILP,0.08456849999492988,1.0913936421275139e-11,0
blend_a075,eval_september,evaluation,2025-09-21,0.75,none,4611.037253275134,4149.3481785820095,70845.42518144503,0.0,47650.38565365964,0.0,47650.38565365964,6292.647802483243,3430.7977519188707,17105.327952281004,14270.835808571428,47971.935646510115,0,LP,0.005921800009673461,9.094947017729282e-13,0
blend_a075,eval_september,evaluation,2025-09-22,0.75,none,4149.3481785820095,3183.2424400476198,68478.6195820823,0.0,45966.2659484741,0.0,45966.2659484741,2782.654516540864,2524.7006999999994,18035.47182573192,15478.227343523811,46646.3554792993,0,LP,0.005624300014460459,8.881784197001252e-13,0
blend_a075,eval_september,evaluation,2025-09-23,0.75,none,3183.2424400476198,3020.6625778201055,70449.15444965432,6.375,46513.69364264238,44.0799375,46557.77358014238,2919.9631983809486,1785.7420661846013,19892.265672422105,16259.057070666664,46672.16101154634,1,LP,0.005934400018304586,9.094947017729282e-13,0
blend_a075,eval_december,evaluation,2025-12-08,0.75,none,1451.3861965089911,1823.0339727153448,97047.73554554262,0.0,73497.06006102402,0.0,73497.06006102402,4299.106630205762,0.0,24036.498947813052,19135.081149142858,73193.17714665197,0,LP,0.005486899986863136,9.663381206337363e-13,0
blend_a075,eval_december,evaluation,2025-12-09,0.75,none,1823.0339727153448,1681.167125725927,96867.09747589417,28.02018466666675,72632.62598998491,207.1730520160006,72839.7990420009,5217.697745407406,0.0,23245.504267248674,18956.538618761908,72955.44880699989,2,LP,0.005386500008171424,9.094947017729282e-13,0
blend_a075,eval_december,evaluation,2025-12-10,0.75,none,1681.167125725927,1640.7699979100528,96997.72461758376,0.0,73803.99284120547,0.0,73803.99284120547,4357.173235080536,0.0,22575.21226774133,18322.279351904766,73837.3020152158,0,LP,0.005317800008924678,9.094947017729282e-13,0
blend_a075,eval_december,evaluation,2025-12-11,0.75,none,1640.7699979100528,1849.5066304476222,97452.91486830216,0.0,72553.38801119744,0.0,72553.38801119744,7013.528411479125,0.0,22580.36203968019,18102.23028285714,72384.75581740892,0,LP,0.00549090001732111,9.094947017729282e-13,0
blend_a075,eval_december,evaluation,2025-12-12,0.75,none,1849.5066304476222,1922.1565517195847,50946.63655140623,0.0,23513.807161643017,0.0,23513.807161643017,2015.8044465467424,1328.8133463915274,20116.949189420335,16229.343914285711,23466.48286670786,0,LP,0.005742299981648102,1.0231815394945443e-12,0
blend_a075,eval_december,evaluation,2025-12-13,0.75,none,1922.1565517195847,2001.8885422253966,51821.586006790116,0.0,24279.594230099934,0.0,24279.594230099934,2989.1660065655537,1132.38245,20156.554607557897,16255.050440666666,24227.232089137524,0,LP,0.00580049998825416,7.958078640513122e-13,0
blend_a075,eval_december,evaluation,2025-12-14,0.75,none,2001.8885422253966,1739.627803660316,97981.36402969193,0.0,75085.79025454022,0.0,75085.79025454022,5067.1453607289895,0.0,23008.060703534382,18872.56383457143,75303.11622163733,0,LP,0.005399299989221618,6.821210263296962e-13,0
blend_a075,eval_december,evaluation,2025-12-15,0.75,none,1739.627803660316,1911.330116133336,99872.19156622222,0.0,76535.52383581093,0.0,76535.52383581093,5856.48103844445,0.0,23113.791999396824,18567.639438285714,76394.21347652932,0,LP,0.005135799990966916,9.094947017729282e-13,0
blend_a075,eval_december,evaluation,2025-12-16,0.75,none,1911.330116133336,1830.002305755558,99682.91976615167,0.0,75884.50974272215,0.0,75884.50974272215,6019.67397259612,0.0,22728.15520822222,18483.000748,75951.18411154559,0,LP,0.007189700001617894,9.094947017729282e-13,0
blend_a075,eval_december,evaluation,2025-12-17,0.75,none,1830.002305755558,1875.848881186245,99301.84177987183,0.0,75769.53337982314,0.0,75769.53337982314,6848.438154174016,0.0,22212.0770586502,17950.520499619044,75732.03414768934,0,LP,0.007105000026058406,1.0231815394945443e-12,0
blend_a075,eval_december,evaluation,2025-12-18,0.75,none,1875.848881186245,1865.7872980433888,98744.06427248206,0.0,74516.55948975269,0.0,74516.55948975269,7015.569504303346,0.0,23006.753822845385,18644.526021333335,74524.79519740261,0,LP,0.005977999971946701,9.094947017729282e-13,0
blend_a075,eval_december,evaluation,2025-12-19,0.75,none,1865.7872980433888,1694.2762466719578,52224.09750531099,0.0,24121.722194657013,0.0,24121.722194657013,3934.6522071416857,1810.65698271605,19603.984008881827,16033.58699342857,24233.64773411624,0,LP,0.006713399983709678,1.0231815394945443e-12,0
blend_a075,eval_december,evaluation,2025-12-20,0.75,none,1694.2762466719578,1872.7814958687843,52488.170953038214,0.0,24148.478777130495,0.0,24148.478777130495,3795.8309026360967,1821.318116666667,20284.289260306876,16269.619576571426,24032.972716138018,0,LP,0.005927999998675659,9.094947017729282e-13,0
blend_a075,eval_december,evaluation,2025-12-21,0.75,none,1872.7814958687843,1866.898438401062,97965.79764183186,0.0,74279.81613444189,0.0,74279.81613444189,4540.822902480888,0.0,23118.3559179224,18731.163045238092,74284.63476296815,0,LP,0.005899299983866513,9.094947017729282e-13,0
blend_a100,dev_march,development,2025-03-07,1.0,none,1607.6682326867735,1799.9208019068776,34105.28322439623,0.0,14082.992075686865,0.0,14082.992075686865,565.2098166337454,9475.432254961785,15628.04372194356,12485.68810247619,13977.704715837763,0,MILP,0.0633162000158336,1.6484591469634324e-12,0
blend_a100,dev_march,development,2025-03-08,1.0,none,1799.9208019068776,1746.8951542507957,32969.96055831864,0.0,13568.518769028096,0.0,13568.518769028096,509.3328688112868,10500.46662127925,15498.65597079953,12601.634419238093,13597.022009963997,0,MILP,0.14079960001981817,1.4210854715202004e-12,0
blend_a100,dev_march,development,2025-03-09,1.0,none,1746.8951542507957,1561.1631377291037,76873.91025030451,0.0,48596.71613421043,0.0,48596.71613421043,7848.288972299819,2007.7979637895348,20270.826732024692,16586.528467809523,48727.7367223778,0,LP,0.00653980000060983,6.821210263296962e-13,0
blend_a100,dev_march,development,2025-03-10,1.0,none,1561.1631377291037,1492.0528197248711,75468.31508035742,0.0,49242.05094077318,0.0,49242.05094077318,3048.439095282771,360.69671666666625,21470.037392693706,17452.929574285714,49291.962844375324,0,LP,0.0071050999977160245,6.821210263296962e-13,0
blend_a100,dev_march,development,2025-03-11,1.0,none,1492.0528197248711,1660.3619091830622,75212.64844544501,0.0,48126.316245688184,0.0,48126.316245688184,5785.330828725446,1440.661016666667,20506.629576529103,16458.891776476194,48006.740421923525,0,LP,0.006574300001375377,7.736034035588091e-13,0
blend_a100,dev_march,development,2025-03-12,1.0,none,1660.3619091830622,1461.79973104127,74725.50240643973,0.0,46963.13106840106,0.0,46963.13106840106,6599.761112459718,2063.319184865368,20029.43887425751,16402.551448476195,47102.55174998604,0,LP,0.0065039999899454415,9.094947017729282e-13,0
blend_a100,dev_march,development,2025-03-13,1.0,none,1461.79973104127,1411.4148678222232,74105.09665238565,31.119295977141405,47584.970061691936,193.14775464432972,47778.117816336264,2413.5683936213895,0.0,22223.031131430926,18046.00159335619,47814.37847979235,2,LP,0.006595000013476238,8.588685318500211e-13,0
blend_a100,dev_march,development,2025-03-14,1.0,none,1411.4148678222232,1920.35807457037,32440.35028776249,0.0,13099.816045592132,0.0,13099.816045592132,354.032023113465,12614.122854704287,15709.055476516165,12266.28604990476,12828.931978068944,0,MILP,0.14377339999191463,2.021099337273174e-12,0
blend_a100,dev_march,development,2025-03-15,1.0,none,1920.35807457037,1370.7079328285708,31490.085345136977,0.0,13136.119229275908,0.0,13136.119229275908,567.2663150476187,7657.394756388007,14926.232901415637,12584.933777714285,13435.29105317526,0,MILP,0.12383989998488687,8.526512829121202e-13,0
blend_a100,dev_march,development,2025-03-16,1.0,none,1370.7079328285708,1838.5584962412745,73812.72461107819,0.0,46171.064292937954,0.0,46171.064292937954,5512.903254158728,488.8266500000001,21257.27508691946,16797.327313333335,45840.5720232838,0,LP,0.005694399995263666,1.0231815394945443e-12,0
blend_a100,dev_march,development,2025-03-17,1.0,none,1838.5584962412745,1956.3184412920637,72433.1862534168,0.0,44218.728791059686,0.0,44218.728791059686,8161.870174297475,2635.277233333333,19325.912957405046,15548.00554495238,44138.162367853634,0,LP,0.005285199993522838,9.094947017729282e-13,0
blend_a100,dev_march,development,2025-03-18,1.0,none,1956.3184412920637,1825.798837915346,70256.2525740435,0.0,43465.343056638885,0.0,43465.343056638885,3874.0398293262765,1253.98175,21682.843532050556,17680.570904,43556.499905431236,0,LP,0.006541399983689189,9.094947017729282e-13,0
blend_a100,dev_march,development,2025-03-19,1.0,none,1825.798837915346,2060.98474157037,69981.0760173733,0.0,42880.75843055519,0.0,42880.75843055519,4383.967977348611,1902.2185999999997,21146.061456500884,16916.64246647619,42717.385513642905,0,LP,0.0068789999932050705,8.952838470577262e-13,0
blend_a100,dev_march,development,2025-03-20,1.0,none,2060.98474157037,1550.5062194888894,69155.06826177072,35.58052725809614,43300.17888757115,235.32960728504787,43535.5084948562,2440.0422835390914,1014.3316833333329,20982.861449279248,17455.548443789525,43893.23876211877,1,LP,0.005645099998218939,9.601208716958354e-13,0
blend_a100,dev_april,development,2025-04-17,1.0,none,1618.0719069862432,1991.3480338359827,60737.177014785426,0.0,36098.717890371445,0.0,36098.717890371445,1872.0302529371004,1733.823486250443,20668.591639121692,16405.610713523805,35847.50655646526,0,LP,0.005417000007582828,9.094947017729282e-13,0
blend_a100,dev_april,development,2025-04-18,1.0,none,1991.3480338359827,2146.0427089597865,26903.848909910634,0.0,10690.859352456162,0.0,10690.859352456162,432.5333284761913,17494.84509199177,13069.0952552522,10446.741949142859,10612.973967477345,0,MILP,0.10476600000401959,2.6147972675971687e-11,0
blend_a100,dev_april,development,2025-04-19,1.0,none,2146.0427089597865,2102.49358338201,26817.021450395066,0.0,10644.189084501631,0.0,10644.189084501631,502.6140351428577,17138.474211944736,12791.83245435509,10400.578501047616,10666.058529947872,0,MILP,0.11465890001272783,7.747126397185235e-11,0
blend_a100,dev_april,development,2025-04-20,1.0,none,2102.49358338201,2063.3998629513258,59893.794656773665,0.0,35571.64259577677,0.0,35571.64259577677,1807.0209708018835,2248.6708425925954,20608.11741280776,16727.759452761904,35597.87037734511,0,LP,0.00610719999531284,9.094947017729282e-13,0
blend_a100,dev_april,development,2025-04-21,1.0,none,2063.3998629513258,1556.6358251216939,59500.89957605291,0.0,34912.55264558221,0.0,34912.55264558221,3333.855380968847,4531.779607807178,18812.85177889593,15694.497574952378,35247.299114773334,0,LP,0.007143199996789917,9.094947017729282e-13,0
blend_a100,dev_april,development,2025-04-22,1.0,none,1556.6358251216939,1770.9271901259242,59562.373932526745,0.0,35522.86567319285,0.0,35522.86567319285,1289.5315996331622,2114.6451166666666,20065.293005560256,16060.025106,35378.03417551268,0,LP,0.00562709997757338,9.094947017729282e-13,0
blend_a100,dev_april,development,2025-04-23,1.0,none,1770.9271901259242,1924.687345986243,59755.85006062904,0.0,36212.0942214588,0.0,36212.0942214588,2156.239540919457,2377.420133333333,19388.892260185774,15566.61859047619,36108.5949931459,0,LP,0.006012099998770282,9.094947017729282e-13,0
blend_a100,dev_april,development,2025-04-24,1.0,none,1924.687345986243,1811.7563899714291,58635.85249393298,0.0,34933.74464091011,0.0,34933.74464091011,2764.374800646678,5304.634016666667,18833.551773857733,15356.814797238094,35008.56888094576,0,LP,0.006014599988702685,9.094947017729282e-13,0
blend_a100,dev_april,development,2025-04-25,1.0,none,1811.7563899714291,1757.9912371132332,26134.420847982365,0.0,9950.098480769286,0.0,9950.098480769286,277.03426780952486,21542.201724992356,12437.97811975191,10123.150914571426,9976.261813866024,0,MILP,0.12538880002102815,4.149569576838985e-12,0
blend_a100,dev_april,development,2025-04-26,1.0,none,1757.9912371132332,1528.5528376656105,26058.808989927096,0.0,10088.179625726547,0.0,10088.179625726547,62.003718952381064,23785.708500553792,12354.724718897112,10213.821581809521,10199.233403620183,0,MILP,0.1237093000090681,1.383426706524915e-11,0
blend_a100,dev_april,development,2025-04-27,1.0,none,1528.5528376656105,1485.078089274073,55806.05916888888,411.3873713276216,32802.06536755188,2698.906849594862,35500.972217146744,1454.7076585714296,2413.306432616107,20079.413364463253,16303.452098767617,35529.68313118654,1,LP,0.00894879997940734,8.810729923425242e-13,0
blend_a100,dev_april,development,2025-04-28,1.0,none,1485.078089274073,1504.9808207925923,55359.6419113933,4391.780812338089,33353.4638060626,27812.1553590643,61165.6191651269,122.72807180952339,0.0,15730.604615202825,12723.877279947623,61151.89728907749,12,LP,0.0071684000140521675,9.094947017729282e-13,0
blend_a100,dev_april,development,2025-04-29,1.0,none,1504.9808207925923,1708.2381589777765,57695.52719732746,87.07197811047126,33895.89087473322,576.2423511350988,34472.13322586831,1961.6986724761887,4717.837225944742,18352.199768335096,14682.350207984764,34338.523157934804,1,LP,0.0063547999889124185,8.952838470577262e-13,0
blend_a100,dev_april,development,2025-04-30,1.0,none,1708.2381589777765,1638.142711064552,57021.52832893709,0.0,33611.7134738899,0.0,33611.7134738899,2000.5749813650798,3373.2764643621376,18178.46501578131,14787.64256590476,33657.731004015965,0,LP,0.0058874000096693635,8.86402062860725e-13,0
blend_a100,val_june,validation,2025-06-08,1.0,none,1781.3549957153423,2171.0779953894194,87309.43287990359,19.011776857142877,59334.63628437321,131.58670150204773,59466.22298587526,17139.885046746625,1625.3386999999998,15934.457598109344,12556.1599547619,59186.64691044532,3,LP,0.005878800002392381,9.094947017729282e-13,0
blend_a100,val_june,validation,2025-06-09,1.0,none,2171.0779953894194,2138.257540046561,85490.01496690299,26.182083523809524,59592.237893518635,184.1079778854762,59776.34587140411,10085.108831059384,964.5978262504459,18754.295103116976,15220.517443333332,59800.54539825484,2,LP,0.005538500001421198,9.094947017729282e-13,0
blend_a100,val_june,validation,2025-06-10,1.0,none,2138.257540046561,2282.374572296297,86198.97575727101,0.0,59723.584763108476,0.0,59723.584763108476,10252.144226726634,458.2999333333329,19686.22123606819,15816.133872190474,59617.639108459276,0,LP,0.004917199985357001,9.094947017729282e-13,0
blend_a100,val_june,validation,2025-06-11,1.0,none,2282.374572296297,2422.400642355556,86705.77607239976,2.011921428571327,60127.55665910553,13.950663185713582,60141.50732229125,6121.284084507943,0.0,23031.758576844204,18529.700984190473,60036.69404565126,1,LP,0.0052109000098425895,8.526512829121202e-13,0
blend_a100,val_june,validation,2025-06-12,1.0,none,2422.400642355556,2566.014159001057,87405.72464227278,0.0,61047.29657165055,0.0,61047.29657165055,10741.502776256322,448.5068666666666,19126.691584397413,15363.368018380952,60941.053446238955,0,LP,0.006880100001581013,8.526512829121202e-13,0
blend_a100,val_june,validation,2025-06-13,1.0,none,2566.014159001057,2575.636351815873,39972.729549917145,0.0,20218.31771720694,0.0,20218.31771720694,1717.367784611407,7501.9548069594375,12628.596235857729,10220.502977511425,20212.775081563046,0,LP,0.0053047999972477555,8.526512829121202e-13,0
blend_a100,val_june,validation,2025-06-14,1.0,none,2575.636351815873,2621.9770834973533,40085.375813774255,0.0,20755.636043403207,0.0,20755.636043403207,1773.2595711428594,9830.683988165787,11823.067610275137,9534.978105809523,20729.074433855058,0,LP,0.00616349998745136,9.094947017729282e-13,0
blend_a100,val_june,validation,2025-06-15,1.0,none,2621.9770834973533,3334.1899856793657,88525.13867581423,0.0,61606.59337067426,0.0,61606.59337067426,13313.132068965322,298.84709999999995,19185.229271325097,14899.044097809523,61082.37307022076,0,LP,0.005255800002487376,9.094947017729282e-13,0
blend_a100,val_june,validation,2025-06-16,1.0,none,3334.1899856793657,3177.1414284984144,87140.94532746737,0.0,61555.62243558561,0.0,61555.62243558561,10758.201807617877,134.01041666666652,19452.75783146855,15898.077544952379,61671.98245995073,0,LP,0.005302100005792454,9.663381206337363e-13,0
blend_a100,val_june,validation,2025-06-17,1.0,none,3177.1414284984144,2714.8833426867736,86297.67253812814,0.0,60468.10706902235,0.0,60468.10706902235,8369.884734480891,194.24276666666685,18487.189987075828,15390.656166761903,60812.842392565064,0,LP,0.00492340000346303,9.094947017729282e-13,0
blend_a100,val_june,validation,2025-06-18,1.0,none,2714.8833426867736,2982.7764268380965,87076.35592540976,0.0,61041.34442682031,0.0,61041.34442682031,12581.41302877367,88.67290000000003,17035.65958368371,13557.780487047617,60843.62727552785,0,LP,0.004679199977545068,9.094947017729282e-13,0
blend_a100,val_june,validation,2025-06-19,1.0,none,2982.7764268380965,2748.828737898414,85070.253296,48.66240171428569,58562.84454532041,334.32397563485705,58897.16852095527,11921.529725077016,1736.3104999999996,17958.54838254203,14756.97710990476,59067.27641831979,2,LP,0.0051042000122834,9.094947017729282e-13,0
blend_a100,val_june,validation,2025-06-20,1.0,none,2748.828737898414,2884.6010395206395,36593.65816173545,0.0,18777.411567515053,0.0,18777.411567515053,1407.5243536190487,10477.990975604942,11501.931110797175,9194.36912828571,18701.49092104007,0,LP,0.0063612999801989645,9.094947017729282e-13,0
blend_a100,val_june,validation,2025-06-21,1.0,none,2884.6010395206395,3117.437340286773,35252.93467776476,0.0,18137.9645084634,0.0,18137.9645084634,1836.381907809525,11560.886014392712,12165.124657226337,9644.198301663811,18010.23677133868,0,MILP,0.12027380001381971,1.1368683772161603e-12,0
blend_a100,val_august,validation,2025-08-18,1.0,none,2178.160729337569,2134.924192117462,72442.89799171193,102.00601809523812,52944.055423831145,860.0659960050001,53804.12141983614,2419.521094069376,2044.6419833333339,19608.09578545208,15921.470469714286,53837.102466610326,4,LP,0.005763299996033311,8.668621376273222e-13,0
blend_a100,val_august,validation,2025-08-19,1.0,none,2134.924192117462,1852.4128791502637,72320.79132383892,115.82866466666655,52908.39769160481,987.5119954816656,53895.909687086474,1875.1948886807752,3072.624321889476,18028.42584003057,14857.285112095238,54110.229478747075,4,LP,0.005250599991995841,8.526512829121202e-13,0
blend_a100,val_august,validation,2025-08-20,1.0,none,1852.4128791502637,1630.2109173555552,72871.02814889594,1717.1356129085539,53889.65918542745,11000.159515006164,64889.818700433614,335.32722333333334,0.0,20011.19598641976,16409.050514615254,65063.072625321925,11,LP,0.005391799990320578,8.810729923425242e-13,0
blend_a100,val_august,validation,2025-08-21,1.0,none,1630.2109173555552,1854.96182146032,74223.70503470546,0.0,53883.7995030932,0.0,53883.7995030932,2687.1381331663724,1929.3087967125177,18739.809514731336,14976.969893238094,53712.430029038245,0,LP,0.00643020001007244,9.094947017729282e-13,0
blend_a100,val_august,validation,2025-08-22,1.0,none,1854.96182146032,1486.6533281999998,40281.695549542856,33.57257334380829,22750.17936909998,68.55519476805651,22818.734563868038,84.03061076190511,16781.78014360964,13422.976907628456,11204.088939113335,23037.665879588687,1,MILP,0.12544920001528226,1.8758328224066645e-12,0
blend_a100,val_august,validation,2025-08-23,1.0,none,1486.6533281999998,1916.1332087280398,40891.314579572376,0.0,22721.348995981534,0.0,22721.348995981534,435.34812995532053,15031.781901650791,13198.139502584363,10303.961104618096,22466.548514586484,0,MILP,0.11233400000492111,1.0231815394945443e-12,0
blend_a100,val_august,validation,2025-08-24,1.0,none,1916.1332087280398,2100.0782866380923,76191.91484413992,0.0,54822.52859302708,0.0,54822.52859302708,4171.956141587306,4337.099985784833,19914.308754291593,15965.039520857143,54683.296999621074,0,LP,0.006237399997189641,1.0231815394945443e-12,0
blend_a100,val_august,validation,2025-08-25,1.0,none,2100.0782866380923,1707.2043083703695,76204.94830689124,194.44487727809246,55361.0136517871,1651.7392593657878,57012.752911152886,1268.760772564377,848.1037247454473,20331.727634914754,16822.285964721905,57316.89286378153,3,LP,0.005264399980660528,9.094947017729282e-13,0
blend_a100,val_august,validation,2025-08-26,1.0,none,1707.2043083703695,2289.724857334393,77810.48083583773,0.0,55600.84834364488,0.0,55600.84834364488,5399.989963283944,2495.178783333334,20327.5011148395,15941.00740895238,55158.14656129526,0,LP,0.005651799991028383,9.094947017729282e-13,0
blend_a100,val_august,validation,2025-08-27,1.0,none,2289.724857334393,1885.1668969915347,76984.80180751321,16.225255619048085,55440.75394942533,134.3372614190515,55575.09121084438,3149.673414190475,2413.5014,20462.1344557037,16938.431073428572,55885.81144658826,2,LP,0.005580800003372133,7.673861546209082e-13,0
blend_a100,val_august,validation,2025-08-28,1.0,none,1885.1668969915347,1928.8909241407414,76463.18450198119,46.880709523809514,55493.47493569688,388.3171611380952,55881.79209683497,1681.3897400482101,0.0,21165.941387837738,17105.060899714284,55847.811777843344,3,LP,0.006489000021247193,8.242295734817162e-13,0
blend_a100,val_august,validation,2025-08-29,1.0,none,1928.8909241407414,1784.4022373777775,41237.63937088066,0.0,23127.229767849167,0.0,23127.229767849167,935.0406792380963,15194.943568605528,14118.287321703701,11565.852548666666,23213.642220327478,0,MILP,0.10230790000059642,7.958078640513122e-13,0
blend_a100,val_august,validation,2025-08-30,1.0,none,1784.4022373777775,1574.0628858211644,41384.38355317107,0.0,23501.318090701345,0.0,23501.318090701345,775.7798762622007,19893.057324432688,12590.168081809521,10387.341562666667,23625.249247865933,0,MILP,0.119303299987223,4.092726157978177e-12,0
blend_a100,val_august,validation,2025-08-31,1.0,none,1574.0628858211644,2395.7523527111116,78414.74288740623,26.50513619047615,56014.86953148211,218.3203532838092,56233.18988476592,4539.249831626106,2629.044000000001,20456.897833875366,15830.566725238095,55607.15700528447,3,LP,0.006144400016637519,9.348077867343818e-13,0
blend_a100,eval_september,evaluation,2025-09-10,1.0,none,4786.2408636984155,4596.088809841269,67860.3791468054,968.5033833333317,45661.13760540146,5167.422119424991,50828.55972482645,3864.563686658431,0.0,20102.405483956492,16454.085290476192,50962.35855369256,7,LP,0.008783500001300126,9.094947017729282e-13,0
blend_a100,eval_september,evaluation,2025-09-11,1.0,none,4596.088809841269,4802.58733751852,69292.72779655732,0.0,45546.34378408827,0.0,45546.34378408827,7376.39198123692,4680.02805,18707.227931987065,14967.005949999997,45406.387858216054,0,LP,0.005635000008624047,8.952838470577262e-13,0
blend_a100,eval_september,evaluation,2025-09-12,1.0,none,4802.58733751852,5090.179315724865,35096.855935757136,0.0,17572.68698908223,0.0,17572.68698908223,1114.4127548571428,19762.82313299236,12679.637197483831,10011.673349576191,17423.83603172712,0,MILP,0.10970880000968464,1.8189894035458565e-12,0
blend_a100,eval_september,evaluation,2025-09-13,1.0,none,5090.179315724865,5450.036683296296,35155.667926419046,0.0,17568.39046904141,0.0,17568.39046904141,725.114016449148,23653.009371646087,12876.691706190477,10106.248651199998,17384.912017235456,0,MILP,0.10408389999065548,3.637978807091713e-12,0
blend_a100,eval_september,evaluation,2025-09-14,1.0,none,5450.036683296296,4949.312271687833,68050.33159419635,0.0,45840.92316843022,0.0,45840.92316843022,4723.577254285706,146.7241269077006,18586.091755002944,15505.386292,46190.58684887534,0,LP,0.006255699991015717,1.0231815394945443e-12,0
blend_a100,eval_september,evaluation,2025-09-15,1.0,none,4949.312271687833,4326.602948687832,66921.22535782833,0.0,44414.88048162858,0.0,44414.88048162858,5398.135520412695,3405.924111568486,19003.01833270429,15952.883240190476,44841.78119317119,0,LP,0.006215399975189939,7.105427357601002e-13,0
blend_a100,eval_september,evaluation,2025-09-16,1.0,none,4326.602948687832,3937.5010263756626,67094.93344657966,0.0,45117.93703178076,0.0,45117.93703178076,3022.2157150970006,1430.3384217530897,18425.268718300995,15274.659391904761,45390.36747225373,0,LP,0.007175699982326478,7.673861546209082e-13,0
blend_a100,eval_september,evaluation,2025-09-17,1.0,none,3937.5010263756626,4145.127008402115,68330.65777813167,7.62916666666672,45673.09068224569,38.19542291666694,45711.286105162355,4378.899014865371,0.0,20065.295505837737,16066.02597590476,45565.89614101457,1,LP,0.006985400017583743,9.094947017729282e-13,0
blend_a100,eval_september,evaluation,2025-09-18,1.0,none,4145.127008402115,4008.224868169312,68223.99294834097,0.0,45016.748448667844,0.0,45016.748448667844,4211.157454192826,1526.2655031651957,19230.16210803057,15699.643233714285,45111.60015532593,0,LP,0.0064159000176005065,9.094947017729282e-13,0
blend_a100,eval_september,evaluation,2025-09-19,1.0,none,4008.224868169312,4564.305045068782,34937.924518430336,0.0,17167.130853751136,0.0,17167.130853751136,480.1960529276891,15281.194618636091,13551.101952580837,10475.92042238095,16870.224702649753,0,MILP,0.10608120000688359,4.042198674546348e-12,0
blend_a100,eval_september,evaluation,2025-09-20,1.0,none,4564.305045068782,4661.9370001481475,34487.887795937684,0.0,16765.05231045667,0.0,16765.05231045667,605.289947142857,15593.405164015287,13452.053641446206,10808.294689999999,16713.432831326885,0,MILP,0.10139530000742525,1.6200374375330284e-12,0
blend_a100,eval_september,evaluation,2025-09-21,1.0,none,4661.9370001481475,4208.748330640212,70788.86990714168,0.0,47537.38767051829,0.0,47537.38767051829,6213.7610405784835,3430.7977519188707,17182.59702035861,14325.773389047617,47853.01743398422,0,LP,0.007060200005071238,7.815970093361102e-13,0
blend_a100,eval_september,evaluation,2025-09-22,1.0,none,4208.748330640212,3246.7626313650803,68412.61941312875,0.0,45921.09019542622,0.0,45921.09019542622,2734.205888627871,2524.7006999999994,17923.579318500877,15383.886377333334,46598.27942718989,0,LP,0.006366599991451949,8.881784197001252e-13,0
blend_a100,eval_september,evaluation,2025-09-23,1.0,none,3246.7626313650803,2999.5005294867733,70378.57645930159,0.0,46536.67237080389,0.0,46536.67237080389,2919.963198380948,1785.7420661846013,19888.37633206937,16332.120720666664,46710.64026774936,0,LP,0.007628500025020912,9.094947017729282e-13,0
blend_a100,eval_december,evaluation,2025-12-08,1.0,none,1451.3861965089911,1823.0339727153448,96889.40221220929,0.0,73396.71127566401,0.0,73396.71127566401,4305.996233497942,0.0,23166.90454452087,18430.70968247619,73092.82836129196,0,LP,0.005512200004886836,9.663381206337363e-13,0
blend_a100,eval_december,evaluation,2025-12-09,1.0,none,1823.0339727153448,1681.167125725927,96867.09747589417,28.02018466666675,72639.9440290359,207.1730520160006,72847.1170810519,5211.0980025185145,0.0,23280.239756137566,18984.674364761908,72962.76684605089,2,LP,0.006866799987619743,9.094947017729282e-13,0
blend_a100,eval_december,evaluation,2025-12-10,1.0,none,1681.167125725927,1640.7699979100528,96997.72461758376,0.0,73799.82804260356,0.0,73799.82804260356,4357.173235080536,0.0,22575.21226774133,18322.279351904766,73833.13721661389,0,LP,0.0059661999985110015,9.094947017729282e-13,0
blend_a100,eval_december,evaluation,2025-12-11,1.0,none,1640.7699979100528,1849.5066304476222,97452.91486830216,0.0,72544.99077349133,0.0,72544.99077349133,7013.5284114791275,0.0,22580.362039680185,18102.23028285714,72376.3585797028,0,LP,0.00556200000573881,9.094947017729282e-13,0
blend_a100,eval_december,evaluation,2025-12-12,1.0,none,1849.5066304476222,1922.1565517195847,50946.63655140623,0.0,23513.807161643017,0.0,23513.807161643017,2015.8044465467424,1328.8133463915274,20116.949189420335,16229.343914285711,23466.48286670786,0,LP,0.006210599996848032,1.0231815394945443e-12,0
blend_a100,eval_december,evaluation,2025-12-13,1.0,none,1922.1565517195847,2001.8885422253966,51821.586006790116,0.0,24265.65428328015,0.0,24265.65428328015,2986.9171102692576,1132.38245,20168.390903854193,16264.637840666666,24213.29214231774,0,LP,0.00512640000670217,7.958078640513122e-13,0
blend_a100,eval_december,evaluation,2025-12-14,1.0,none,2001.8885422253966,1739.627803660316,97981.36402969193,0.0,75080.75409603288,0.0,75080.75409603288,5070.020763092304,0.0,22992.927006885355,18860.305540285714,75298.08006313,0,LP,0.005210500006796792,6.821210263296962e-13,0
blend_a100,eval_december,evaluation,2025-12-15,1.0,none,1739.627803660316,1911.330116133336,99872.19156622222,0.0,76565.54452005666,0.0,76565.54452005666,5856.481038444449,0.0,23113.791999396824,18567.639438285714,76424.23416077504,0,LP,0.00623449997510761,9.094947017729282e-13,0
blend_a100,eval_december,evaluation,2025-12-16,1.0,none,1911.330116133336,1830.002305755558,99682.91976615167,0.0,75884.50974272215,0.0,75884.50974272215,6019.67397259612,0.0,22728.15520822222,18483.000748,75951.18411154559,0,LP,0.006261100003030151,9.094947017729282e-13,0
blend_a100,eval_december,evaluation,2025-12-17,1.0,none,1830.002305755558,1875.848881186245,99301.84177987183,0.0,75798.81816862793,0.0,75798.81816862793,6848.438154174015,0.0,22212.0770586502,17950.520499619044,75761.31893649412,0,LP,0.0054616999987047166,1.0231815394945443e-12,0
blend_a100,eval_december,evaluation,2025-12-18,1.0,none,1875.848881186245,1865.7872980433888,98744.06427248206,0.0,74616.13279862392,0.0,74616.13279862392,7015.193275529683,0.0,23008.733974285715,18646.129944,74624.36850627384,0,LP,0.0065559000067878515,9.094947017729282e-13,0
blend_a100,eval_december,evaluation,2025-12-19,1.0,none,1865.7872980433888,1694.2762466719578,52224.09750531099,0.0,24123.14758611462,0.0,24123.14758611462,3934.652207141687,1810.65698271605,19603.984008881824,16033.58699342857,24235.073125573846,0,LP,0.007658599992282689,1.0231815394945443e-12,0
blend_a100,eval_december,evaluation,2025-12-20,1.0,none,1694.2762466719578,1872.7814958687843,52488.170953038214,0.0,24201.309429357596,0.0,24201.309429357596,3795.830902636096,1821.318116666667,20284.289260306876,16269.619576571426,24085.80336836512,0,LP,0.007280699996044859,9.094947017729282e-13,0
blend_a100,eval_december,evaluation,2025-12-21,1.0,none,1872.7814958687843,1866.898438401062,97965.79764183186,0.0,74285.28370205458,0.0,74285.28370205458,4540.82290248089,0.0,23118.3559179224,18731.163045238092,74290.10233058085,0,LP,0.005676500004483387,9.094947017729282e-13,0
mean7,dev_march,development,2025-03-07,,none,1607.6682326867735,1808.2773627661372,34204.04107473368,0.0,14122.63898379,0.0,14122.63898379,550.6903033004121,9489.951768295117,16108.23817228101,12867.124702476189,14012.775142940625,0,MILP,0.1676244999980554,3.467448550509289e-12,0
mean7,dev_march,development,2025-03-08,,none,1808.2773627661372,1746.895154250794,32960.675490697235,0.0,13590.144166921504,0.0,13590.144166921504,530.8883921446202,10478.911097945915,15489.37090317813,12601.634419238095,13623.13936746744,0,MILP,0.11209079998661764,1.8189894035458565e-12,0
mean7,dev_march,development,2025-03-09,,none,1746.895154250794,1557.369274065611,76853.87114620223,0.0,48585.780498432374,0.0,48585.780498432374,7742.26806506878,2093.227828646677,20291.702603439157,16606.85240095238,48719.47738473038,0,LP,0.00801410002168268,9.094947017729282e-13,0
mean7,dev_march,development,2025-03-10,,none,1557.369274065611,1449.0327087386274,75454.68785399408,0.0,49156.874618939124,0.0,49156.874618939124,3092.2254829653084,360.69671666666625,21353.66901661258,17393.974812250475,49235.11596352181,0,LP,0.006184700003359467,6.821210263296962e-13,0
mean7,dev_march,development,2025-03-11,,none,1449.0327087386274,1660.3619091830622,75260.44856876307,0.0,48144.43586615824,0.0,48144.43586615824,5778.812809918864,1440.661016666667,20588.735061987063,16486.679119809527,47994.296243217985,0,LP,0.006598700012546033,7.736034035588091e-13,0
mean7,dev_march,development,2025-03-12,,none,1660.3619091830622,1460.346006057144,74725.50240643973,0.0,46992.89916192553,0.0,46992.89916192553,6603.468989044076,2063.319184865368,20016.809800054107,16393.630250857146,47133.340578325275,0,LP,0.005653200001688674,9.094947017729282e-13,0
mean7,dev_march,development,2025-03-13,,none,1460.346006057144,1411.4148678222232,74106.71190236801,31.119295977142656,47638.703742939855,193.14775464433777,47831.8514975842,2422.8855252674803,0.0,22175.608846433865,18006.28119002286,47867.06595332949,2,LP,0.005725800001528114,8.588685318500211e-13,0
mean7,dev_march,development,2025-03-14,,none,1411.4148678222232,1920.35807457037,32440.350287762492,0.0,13175.556653140246,0.0,13175.556653140246,318.9471004467981,12651.787994572604,15695.475385981183,12255.286176571426,12904.672585617058,0,MILP,0.14160780000383966,2.2737367544323206e-12,0
mean7,dev_march,development,2025-03-15,,none,1920.35807457037,1370.7079328285708,31490.085345136977,0.0,13141.275321886267,0.0,13141.275321886267,582.2605277142854,7639.142219647267,14943.38197548971,12598.824527714285,13440.44714578562,0,MILP,0.14031099999556318,1.5158245029548803e-12,0
mean7,dev_march,development,2025-03-16,,none,1370.7079328285708,1823.10229712487,73741.59287931057,0.0,46166.897083101896,0.0,46166.897083101896,5513.327351874188,488.8266500000001,20953.87903282305,16565.487088720005,45847.32315944469,0,LP,0.005972499988274649,1.0231815394945443e-12,0
mean7,dev_march,development,2025-03-17,,none,1823.10229712487,1958.8960840984132,72388.69416444951,0.0,44234.89671718511,0.0,44234.89671718511,7979.77333126632,2805.418361700175,19069.245420386826,15323.874382237145,44141.99229450264,0,LP,0.008194099995307624,9.094947017729282e-13,0
mean7,dev_march,development,2025-03-18,,none,1958.8960840984132,1827.9724392825412,70178.56345419987,0.0,43585.5298195425,0.0,43585.5298195425,3869.8011703057036,1253.98175,21298.176039798935,17369.353872571428,43676.968856936575,0,LP,0.005418100015958771,1.0231815394945443e-12,0
mean7,dev_march,development,2025-03-19,,none,1827.9724392825412,2060.98474157037,69978.66090474308,0.0,42903.13474362353,0.0,42903.13474362353,4383.967977348614,1902.2185999999997,21143.646343870663,16916.64246647619,42741.271728410466,0,LP,0.005955900007393211,8.952838470577262e-13,0
mean7,dev_march,development,2025-03-20,,none,2060.98474157037,1550.5062194888894,69027.32558600939,35.58052725809455,43376.682597201194,235.32960728503733,43612.01220448624,2436.8978742386776,1014.3316833333329,20327.08109948501,16924.36636045619,43969.74247174881,1,LP,0.0062907999963499606,9.601208716958354e-13,0
mean7,dev_april,development,2025-04-17,,none,1618.0719069862432,1997.2523229619082,60737.177014785426,0.0,36121.7287621462,0.0,36121.7287621462,1850.4821544585582,1752.042219107586,20658.14693074309,16391.836639523808,35866.54389701098,0,LP,0.005879500007722527,9.094947017729282e-13,0
mean7,dev_april,development,2025-04-18,,none,1997.2523229619082,2146.0427089597865,26897.288588659605,0.0,10650.91460201991,0.0,10650.91460201991,432.5333284761913,17492.553124650207,13074.597920009403,10456.512967809525,10576.001897459671,0,MILP,0.10303990001557395,2.6147972675971687e-11,0
mean7,dev_april,development,2025-04-19,,none,2146.0427089597865,2102.49358338201,26817.021450395066,0.0,10644.189084501631,0.0,10644.189084501631,502.6140351428577,17138.474211944736,12791.83245435509,10400.578501047616,10666.058529947872,0,MILP,0.11610700000892393,7.044320682325633e-11,0
mean7,dev_april,development,2025-04-20,,none,2102.49358338201,2004.9647056825395,59893.79465677366,0.0,35568.08304688317,0.0,35568.08304688317,1824.0274476566751,2296.7300092592614,20542.464770810107,16727.172454285716,35633.51468328736,0,LP,0.0065051999990828335,9.094947017729282e-13,0
mean7,dev_april,development,2025-04-21,,none,2004.9647056825395,1556.635825121692,59565.82752857378,0.0,34899.397511498326,0.0,34899.397511498326,3333.080796787777,4531.779607807178,18881.856490264538,15697.799749619046,35195.544235813846,0,LP,0.005684500007191673,9.094947017729282e-13,0
mean7,dev_april,development,2025-04-22,,none,1556.635825121692,1700.3999453449717,59562.37393252675,0.0,35585.0734247104,0.0,35585.0734247104,1375.9065380117645,2114.6451166666666,19944.76448937213,16025.871528190475,35487.90864700599,0,LP,0.005750600015744567,9.094947017729282e-13,0
mean7,dev_april,development,2025-04-23,,none,1700.3999453449717,1839.7115881841248,59834.213665941206,0.0,36024.71298042296,0.0,36024.71298042296,2282.318415319226,2317.434086154025,19521.915627610815,15687.371179809523,35930.93935325552,0,LP,0.006009500008076429,9.094947017729282e-13,0
mean7,dev_april,development,2025-04-24,,none,1839.7115881841248,1811.7563899714291,58730.270002601996,0.0,34997.291489699695,0.0,34997.291489699695,2763.623562070548,5304.634016666667,18931.923169769547,15360.017445904761,35015.81366054749,0,LP,0.005475900019519031,9.094947017729282e-13,0
mean7,dev_april,development,2025-04-25,,none,1811.7563899714291,1757.9912371132332,26134.420847982365,0.0,9935.18181410262,0.0,9935.18181410262,276.4841164761913,21542.75187632569,12437.97811975191,10123.150914571426,9961.345147199358,0,MILP,0.11771379999117926,2.7853275241795927e-11,0
mean7,dev_april,development,2025-04-26,,none,1757.9912371132332,1528.5528376656105,26058.808989927096,0.0,10141.02519373696,0.0,10141.02519373696,38.131557619047726,23809.58066188712,12354.724718897114,10213.821581809521,10252.078971630595,0,MILP,0.12389550000079907,8.08597633294994e-12,0
mean7,dev_april,development,2025-04-27,,none,1528.5528376656105,1485.078089274073,55806.05916888888,411.3873713276225,32897.711702169065,2698.9068495948673,35596.61855176393,1556.6705794285708,2312.4665545326293,20073.502613022923,16298.66439010095,35625.32946580373,1,LP,0.006194399989908561,8.810729923425242e-13,0
mean7,dev_april,development,2025-04-28,,none,1485.078089274073,1504.9808207925923,55359.6419113933,4435.1321416571345,33261.08059926922,28035.6748130333,61296.75541230252,182.88320895238041,0.0,15642.1635213933,12652.23999396191,61283.03353625311,12,LP,0.005755299993325025,9.094947017729282e-13,0
mean7,dev_april,development,2025-04-29,,none,1504.9808207925923,1708.2381589777765,57695.52719732746,96.27080951237485,33935.6836587988,637.1202173528968,34572.803876151695,2043.62815207995,4646.779830463265,18343.393175069956,14675.216867440004,34439.19380821819,1,LP,0.00546559999929741,8.952838470577262e-13,0
mean7,dev_april,development,2025-04-30,,none,1708.2381589777765,1638.3538020497374,57021.5283289371,0.0,33636.510366742375,0.0,33636.510366742375,2016.4083002222221,3357.443145504997,18177.46511111464,14786.642661238093,33682.389316032466,0,LP,0.005448800016893074,8.86402062860725e-13,0
mean7,val_june,validation,2025-06-08,,none,1781.3549957153423,2168.5444668285722,86851.65452567783,19.011776857142877,59329.39505745775,131.58670150204773,59460.981758959795,16754.182441733097,1846.0099666666665,14405.684755087603,11320.134127619047,59183.22316408046,3,LP,0.004872599994996563,9.094947017729282e-13,0
mean7,val_june,validation,2025-06-09,,none,2168.5444668285722,2158.59677504762,85337.00364660905,26.182083523809524,59573.28494116941,184.1079778854762,59757.39291905489,9959.425201823638,981.6363156096456,18412.444220890055,14923.032741523808,59764.72765685304,2,LP,0.0062658000097144395,6.821210263296962e-13,0
mean7,val_june,validation,2025-06-10,,none,2158.59677504762,2333.217336100531,85896.75485483598,0.0,59637.62217532497,0.0,59637.62217532497,10041.68915973428,458.2999333333329,19058.75275519694,15280.431226761904,59509.25227089964,0,LP,0.004761599993798882,9.094947017729282e-13,0
mean7,val_june,validation,2025-06-11,,none,2333.217336100531,2446.1562815566153,86497.30005293591,2.011921428571327,60101.55703580572,13.950663185713582,60115.50769899143,6068.136095403885,0.0,22342.55005991299,17995.820497619046,60030.969863083395,1,LP,0.005193699995288625,8.526512829121202e-13,0
mean7,val_june,validation,2025-06-12,,none,2446.1562815566153,2602.310028023281,87227.27237338154,0.0,61109.40406178388,0.0,61109.40406178388,10616.774849328634,541.7576999999998,18293.736941576713,14677.388550857142,60993.88386245404,0,LP,0.005126999982167035,9.094947017729282e-13,0
mean7,val_june,validation,2025-06-13,,none,2602.310028023281,2575.636351815873,39870.784257312174,0.0,20188.263742981435,0.0,20188.263742981435,1700.8743562304544,7516.404527204,12274.726223496767,9966.534549619048,20203.628480660904,0,LP,0.006627899972954765,8.526512829121202e-13,0
mean7,val_june,validation,2025-06-14,,none,2575.636351815873,2621.9770834973533,40161.01455702763,0.0,20731.87915139123,0.0,20731.87915139123,1845.078009523812,9772.498067656676,12149.416164914754,9799.320435067613,20705.31754184308,0,LP,0.005397699977038428,9.094947017729282e-13,0
mean7,val_june,validation,2025-06-15,,none,2621.9770834973533,3274.0756011640224,88655.19257128982,0.0,61685.053972073,0.0,61685.053972073,13393.37323958025,298.84709999999995,19732.15385513815,15396.155956761902,61205.08052619861,0,LP,0.005583299993304536,8.526512829121202e-13,0
mean7,val_june,validation,2025-06-16,,none,3274.0756011640224,3169.124030929103,87193.37376454085,0.0,61398.598300270256,0.0,61398.598300270256,10706.065882563205,271.4355833333334,19033.03102731099,15511.211545333332,61476.35875530979,0,LP,0.0066319000034127384,9.094947017729282e-13,0
mean7,val_june,validation,2025-06-17,,none,3169.124030929103,2703.398861549207,86364.67990742621,0.0,60540.05004255258,0.0,60540.05004255258,8366.83674970018,194.24276666666685,18872.325404392697,15705.736229999999,60887.37099133872,0,LP,0.005965799995465204,9.094947017729282e-13,0
mean7,val_june,validation,2025-06-18,,none,2703.398861549207,2982.7942848275147,87152.17912865608,0.0,61021.27475371561,0.0,61021.27475371561,12644.475697422693,88.67290000000003,17048.33552780482,13557.695896571428,60815.06835854217,0,LP,0.005942499992670491,9.094947017729282e-13,0
mean7,val_june,validation,2025-06-19,,none,2982.7942848275147,2739.674852192594,85047.43832933922,48.66240171428569,58601.06932509233,334.32397563485705,58935.393300727184,12027.547591402708,1736.3104999999996,17323.92594222222,14251.187502571427,59112.170150635044,2,LP,0.005318499985150993,9.094947017729282e-13,0
mean7,val_june,validation,2025-06-20,,none,2739.674852192594,2884.6010395206395,36603.82914585303,0.0,18783.545444915133,0.0,18783.545444915133,1407.5243536190487,10477.99097560494,11512.102094914755,9194.36912828571,18702.506162958238,0,LP,0.00542709999717772,9.094947017729282e-13,0
mean7,val_june,validation,2025-06-21,,none,2884.6010395206395,3117.437340286773,35252.93467776476,0.0,18137.9645084634,0.0,18137.9645084634,1836.381907809525,11560.886014392712,12165.124657226337,9644.198301663811,18010.23677133868,0,MILP,0.1892807999975048,8.736833478906192e-11,0
mean7,val_august,validation,2025-08-18,,none,2178.160729337569,2168.930028625399,72442.89799171193,132.611270952381,53087.77352284189,1115.5127389771433,54203.286261819034,2418.8424443174636,2044.6419833333339,19611.667626251612,15893.758407904761,54210.327486475784,5,LP,0.006912900018505752,8.668621376273222e-13,0
mean7,val_august,validation,2025-08-19,,none,2168.930028625399,1852.4128791502637,72283.00706105233,115.82866466666655,52987.918941473385,987.5119954816656,53975.430936955054,1825.8608945855372,3133.5257974661963,17929.760095762493,14807.971112095238,54215.54836382919,4,LP,0.006553500017616898,8.526512829121202e-13,0
mean7,val_august,validation,2025-08-20,,none,1852.4128791502637,1630.2109173555552,72871.02814889594,1780.3983999723646,53870.87987228345,11365.584121833052,65236.4639941165,414.5755492380955,0.0,19927.06157146738,16340.901638503823,65409.71791900481,12,LP,0.005697799992049113,8.810729923425242e-13,0
mean7,val_august,validation,2025-08-21,,none,1630.2109173555552,1854.96182146032,74223.70503470546,0.0,53777.100736818415,0.0,53777.100736818415,2614.69657430923,2001.7503555696594,18739.809514731336,14976.969893238094,53605.73126276346,0,LP,0.005750499985879287,9.094947017729282e-13,0
mean7,val_august,validation,2025-08-22,,none,1854.96182146032,1486.6533281999998,40303.6915216214,33.57257334380747,22760.768117023872,68.55519476805485,22829.323311791926,113.67007933333377,16748.59792628101,13557.391227816577,11312.964538465714,23048.254627512575,1,MILP,0.10642330002156086,1.9326762412674725e-12,0
mean7,val_august,validation,2025-08-23,,none,1486.6533281999998,1916.1332087280416,40956.32355367901,0.0,22789.315320319434,0.0,22789.315320319434,396.99316747913,15072.660064663138,13527.011995060553,10570.347823523809,22534.514838924384,0,MILP,0.12846239999635145,1.8189894035458565e-12,0
mean7,val_august,validation,2025-08-24,,none,1916.1332087280416,2100.0782866380923,76191.91484413992,0.0,54807.279259693736,0.0,54807.279259693736,4229.894518825398,4279.161608546739,19914.30875429159,15965.039520857143,54668.04766628773,0,LP,0.007449600001564249,1.0231815394945443e-12,0
mean7,val_august,validation,2025-08-25,,none,2100.0782866380923,1707.2043083703695,76191.10289141079,194.44487727809246,55318.17323869997,1651.7392593657878,56969.91249806576,1195.8901647724842,920.9743325373406,20258.85702712286,16763.26077241047,57274.052450694406,3,LP,0.006827500008512288,9.094947017729282e-13,0
mean7,val_august,validation,2025-08-26,,none,1707.2043083703695,2289.7248573343904,77758.3581165138,0.0,55592.012127663096,0.0,55592.012127663096,5241.180835753079,2647.3793983303935,20087.952658049377,15746.97315895238,55149.310345313475,0,LP,0.007842699997127056,9.094947017729282e-13,0
mean7,val_august,validation,2025-08-27,,none,2289.7248573343904,1868.6339772031754,76984.80180751323,1.3456278095239895,55530.97953964914,11.34969775943009,55542.329237408565,3149.673414190475,2413.5014,20462.134455703705,16953.310701238093,55865.747561529744,1,LP,0.007263300009071827,7.673861546209082e-13,0
mean7,val_august,validation,2025-08-28,,none,1868.6339772031754,1928.8909241407414,76481.55441285713,46.880709523809514,55595.5082108034,388.3171611380952,55983.82537194149,1685.4176598259883,0.0,21163.111720935914,17087.889241714285,55936.99642200482,3,LP,0.006592199992155656,8.242295734817162e-13,0
mean7,val_august,validation,2025-08-29,,none,1928.8909241407414,1784.4022373777775,41237.63937088066,0.0,23201.078987772173,0.0,23201.078987772173,880.3741773333343,15249.610070510289,14118.287321703701,11565.852548666666,23287.491440250484,0,MILP,0.10790910001378506,7.958078640513122e-13,0
mean7,val_august,validation,2025-08-30,,none,1784.4022373777775,1574.0628858211626,41491.9794364268,0.0,23554.56616480929,0.0,23554.56616480929,762.0543517860101,19914.160596291593,13117.631954825394,10814.587299809524,23678.49732197388,0,MILP,0.123880500002997,8.021237994802909e-12,0
mean7,val_august,validation,2025-08-31,,none,1574.0628858211626,2395.7523527111116,78414.74288740623,26.50513619047615,56173.26556791876,218.3203532838092,56391.58592120257,4536.673750079958,2629.044000000001,20470.45615780247,15841.548967619048,55765.55304172112,3,LP,0.006569899996975437,9.348077867343818e-13,0
mean7,eval_september,evaluation,2025-09-10,,none,4786.2408636984155,5238.316696867728,67860.3791468054,968.5033833333317,45742.04806146357,5167.422119424991,50909.47018088856,3143.402825229861,0.0,20855.856868718398,16486.375813809525,50591.370976542516,7,LP,0.008704100007889792,9.094947017729282e-13,0
mean7,eval_september,evaluation,2025-09-11,,none,5238.316696867728,5267.832231968257,68579.1412554168,0.0,45187.745414369485,0.0,45187.745414369485,6862.961672665488,4680.02805,18492.11456751322,14952.048818095234,45167.741039088585,0,LP,0.006789600010961294,9.094947017729282e-13,0
mean7,eval_september,evaluation,2025-09-12,,none,5267.832231968257,5091.8495524444415,34678.13553075238,0.0,17410.78387866698,0.0,17410.78387866698,1114.4127548571428,19771.312085201527,12627.046854027038,10386.292363333332,17501.868443989046,0,MILP,0.09517469999263994,1.9326762412674725e-12,0
mean7,eval_september,evaluation,2025-09-13,,none,5091.8495524444415,5503.060397386243,35154.16471337143,0.0,17563.745789373785,0.0,17563.745789373785,650.3203497824813,23643.889300605522,13067.17799580247,10214.324416152378,17354.08402892431,0,MILP,0.11455759999807924,4.663595626671179e-12,0
mean7,eval_september,evaluation,2025-09-14,,none,5503.060397386243,5017.729710634924,67991.41635631863,0.0,45953.34523561001,0.0,45953.34523561001,4629.763650476189,156.4725878600807,18645.542031887126,15539.68666390476,46292.259237460436,0,LP,0.006691799993859604,1.0231815394945443e-12,0
mean7,eval_september,evaluation,2025-09-15,,none,5017.729710634924,4346.819261216931,66845.20598122045,0.0,44483.19185760012,0.0,44483.19185760012,5450.783866126983,3343.6896110922958,18881.690921810696,15897.989051142855,44943.13703211281,0,LP,0.007576200005132705,7.105427357601002e-13,0
mean7,eval_september,evaluation,2025-09-16,,none,4346.819261216931,3962.9858893227524,67072.47087710288,0.0,45277.021555688676,0.0,45277.021555688676,2963.7135246208118,1430.3384217530897,18589.99464263374,15403.345695238095,45545.763210707955,0,LP,0.005718100001104176,7.673861546209082e-13,0
mean7,eval_september,evaluation,2025-09-17,,none,3962.9858893227524,4272.116691571428,68302.34126374603,7.62916666666672,45573.89542539511,38.19542291666694,45612.090848311775,4246.706717246327,0.0,20131.197848118747,16028.05253495238,45395.62219724389,1,LP,0.006987600005231798,9.094947017729282e-13,0
mean7,eval_september,evaluation,2025-09-18,,none,4272.116691571428,4102.204983957672,68082.89330037507,0.0,44899.28540532378,0.0,44899.28540532378,4103.582394669018,1526.2655031651957,19210.078014350383,15713.08372847619,45017.00756380098,0,LP,0.007275400013895705,9.094947017729282e-13,0
mean7,eval_september,evaluation,2025-09-19,,none,4102.204983957672,4563.487342973546,34833.502167554376,0.0,17156.936978032616,0.0,17156.936978032616,480.1960529276891,15281.194618636091,13450.552927419167,10479.793748095237,16910.645929590642,0,MILP,0.09588280000025406,2.589533525881254e-12,0
mean7,eval_september,evaluation,2025-09-20,,none,4563.487342973546,4627.468890444444,34488.79635382128,0.0,16680.018558275347,0.0,16680.018558275347,605.289947142857,15593.405164015287,13616.232192663134,10971.564683333332,16646.19055440427,0,MILP,0.10543789999792352,2.0463630789890885e-12,0
mean7,eval_september,evaluation,2025-09-21,,none,4627.468890444444,4219.9497584232795,70812.93206489946,0.0,47677.43499170152,0.0,47677.43499170152,6214.731542497354,3429.82725,17092.910567830688,14212.024778761906,47961.25754928518,0,LP,0.0073216999880969524,9.094947017729282e-13,0
mean7,eval_september,evaluation,2025-09-22,,none,4219.9497584232795,3230.9975513597915,68400.17338225867,0.0,45839.26835360398,0.0,45839.26835360398,2732.9273403151115,2524.7006999999994,17992.539184038797,15464.013725428573,46535.440641671186,0,LP,0.008483499987050891,8.881784197001252e-13,0
mean7,eval_september,evaluation,2025-09-23,,none,3230.9975513597915,3015.186272931218,70396.09321486302,0.0,46525.84878368658,0.0,46525.84878368658,2917.0275938306877,1785.7420661846013,19847.042747895346,16270.33477638095,46677.688608553115,0,LP,0.008629799995105714,9.094947017729282e-13,0
mean7,eval_december,evaluation,2025-12-08,,none,1451.3861965089911,1823.0339727153448,96889.40221220929,0.0,73415.16957345138,0.0,73415.16957345138,4303.361958872428,0.0,23180.76914781305,18441.940011142855,73111.28665907933,0,LP,0.0068048999819438905,9.663381206337363e-13,0
mean7,eval_december,evaluation,2025-12-09,,none,1823.0339727153448,1683.0517489354504,96886.96378117341,28.02018466666675,72649.39874829694,207.1730520160006,72856.57180031294,5216.630047634331,0.0,23346.756068110517,19036.85641657143,72970.68522164943,2,LP,0.0062612000037916005,6.821210263296962e-13,0
mean7,eval_december,evaluation,2025-12-10,,none,1683.0517489354504,1630.41333437037,97080.37761040211,0.0,73928.39251099381,0.0,73928.39251099381,4388.33247580011,0.0,22904.21705812581,18599.79039019048,73971.79515383435,0,LP,0.008769200008828193,9.094947017729282e-13,0
mean7,eval_december,evaluation,2025-12-11,,none,1630.41333437037,1849.5066304476222,97468.24909619165,0.0,72690.50660908954,0.0,72690.50660908954,7011.706431443853,0.0,22621.59999093827,18126.312026190473,72513.5075710543,0,LP,0.006591600016690791,9.094947017729282e-13,0
mean7,eval_december,evaluation,2025-12-12,,none,1849.5066304476222,1922.1565517195847,50946.63655140623,0.0,23518.60312390172,0.0,23518.60312390172,2015.804446546742,1328.8133463915274,20116.949189420335,16229.343914285711,23471.278828966562,0,LP,0.008299100009026006,1.0231815394945443e-12,0
mean7,eval_december,evaluation,2025-12-13,,none,1922.1565517195847,2001.8885422253966,51821.586006790116,0.0,24285.644954085,0.0,24285.644954085,2986.9171102692585,1132.38245,20168.390903854193,16264.637840666666,24233.28281312259,0,LP,0.006528800004161894,7.958078640513122e-13,0
mean7,eval_december,evaluation,2025-12-14,,none,2001.8885422253966,1739.627803660316,97981.36402969193,0.0,75056.59107577111,0.0,75056.59107577111,5070.020763092301,0.0,22992.927006885355,18860.305540285714,75273.91704286823,0,LP,0.005741700006183237,6.821210263296962e-13,0
mean7,eval_december,evaluation,2025-12-15,,none,1739.627803660316,1911.330116133336,99872.19156622222,0.0,76624.21325448077,0.0,76624.21325448077,5856.4810384444445,0.0,23113.791999396828,18567.639438285714,76482.90289519915,0,LP,0.005502199986949563,9.094947017729282e-13,0
mean7,eval_december,evaluation,2025-12-16,,none,1911.330116133336,1830.002305755558,99682.91976615167,0.0,75926.10397873515,0.0,75926.10397873515,6019.673972596122,0.0,22728.155208222215,18483.000748,75992.77834755859,0,LP,0.006108999979915097,9.094947017729282e-13,0
mean7,eval_december,evaluation,2025-12-17,,none,1830.002305755558,1875.848881186245,99301.84177987183,0.0,75837.82804770386,0.0,75837.82804770386,6848.438154174018,0.0,22212.077058650197,17950.520499619044,75800.32881557006,0,LP,0.005798500002129003,1.0231815394945443e-12,0
mean7,eval_december,evaluation,2025-12-18,,none,1875.848881186245,1865.7872980433888,98744.06427248205,0.0,74648.42216844569,0.0,74648.42216844569,6997.454446426801,0.0,23102.096232721928,18721.753373333333,74656.6578760956,0,LP,0.0055444999889004976,9.094947017729282e-13,0
mean7,eval_december,evaluation,2025-12-19,,none,1865.7872980433888,1694.2762466719578,52224.09750531099,0.0,24122.969309358465,0.0,24122.969309358465,3934.6522071416844,1810.65698271605,19603.984008881827,16033.58699342857,24234.89484881769,0,LP,0.006787299993447959,1.0231815394945443e-12,0
mean7,eval_december,evaluation,2025-12-20,,none,1694.2762466719578,1872.7814958687843,52488.170953038214,0.0,24219.87187015617,0.0,24219.87187015617,3795.8309026360967,1821.318116666667,20284.289260306876,16269.619576571426,24104.365809163693,0,LP,0.007501799991587177,9.094947017729282e-13,0
mean7,eval_december,evaluation,2025-12-21,,none,1872.7814958687843,1866.898438401062,98002.88393659024,0.0,74281.00673686316,0.0,74281.00673686316,4562.700099780128,0.0,23198.4037992863,18796.001829142857,74285.82536538942,0,LP,0.007928300008643419,9.094947017729282e-13,0
rolling_cost_selector,dev_march,development,2025-03-07,1.0,cost,1607.6682326867735,1799.9208019068776,34105.28322439623,0.0,14082.992075686865,0.0,14082.992075686865,565.2098166337454,9475.432254961785,15628.04372194356,12485.68810247619,13977.704715837763,0,MILP,0.06223209999734536,1.6484591469634324e-12,0
rolling_cost_selector,dev_march,development,2025-03-08,1.0,cost,1799.9208019068776,1746.8951542507957,32969.96055831864,0.0,13568.518769028096,0.0,13568.518769028096,509.3328688112868,10500.46662127925,15498.65597079953,12601.634419238093,13597.022009963997,0,MILP,0.15215350000653416,1.4210854715202004e-12,0
rolling_cost_selector,dev_march,development,2025-03-09,1.0,cost,1746.8951542507957,1561.1631377291037,76873.91025030451,0.0,48596.71613421043,0.0,48596.71613421043,7848.288972299819,2007.7979637895348,20270.826732024692,16586.528467809523,48727.7367223778,0,LP,0.0054418999934569,6.821210263296962e-13,0
rolling_cost_selector,dev_march,development,2025-03-10,1.0,cost,1561.1631377291037,1492.0528197248711,75468.31508035742,0.0,49242.05094077318,0.0,49242.05094077318,3048.439095282771,360.69671666666625,21470.037392693706,17452.929574285714,49291.962844375324,0,LP,0.006619099993258715,6.821210263296962e-13,0
rolling_cost_selector,dev_march,development,2025-03-11,1.0,cost,1492.0528197248711,1660.3619091830622,75212.64844544501,0.0,48126.316245688184,0.0,48126.316245688184,5785.330828725446,1440.661016666667,20506.629576529103,16458.891776476194,48006.740421923525,0,LP,0.005510499991942197,7.736034035588091e-13,0
rolling_cost_selector,dev_march,development,2025-03-12,1.0,cost,1660.3619091830622,1461.79973104127,74725.50240643973,0.0,46963.13106840106,0.0,46963.13106840106,6599.761112459718,2063.319184865368,20029.43887425751,16402.551448476195,47102.55174998604,0,LP,0.005115500011015683,9.094947017729282e-13,0
rolling_cost_selector,dev_march,development,2025-03-13,1.0,cost,1461.79973104127,1411.4148678222232,74105.09665238565,31.119295977141405,47584.970061691936,193.14775464432972,47778.117816336264,2413.5683936213895,0.0,22223.031131430926,18046.00159335619,47814.37847979235,2,LP,0.0055930000089574605,8.588685318500211e-13,0
rolling_cost_selector,dev_march,development,2025-03-14,1.0,cost,1411.4148678222232,1920.35807457037,32440.35028776249,0.0,13099.816045592132,0.0,13099.816045592132,354.032023113465,12614.122854704287,15709.055476516165,12266.28604990476,12828.931978068944,0,MILP,0.13025529999868013,2.021099337273174e-12,0
rolling_cost_selector,dev_march,development,2025-03-15,1.0,cost,1920.35807457037,1370.7079328285708,31490.085345136977,0.0,13136.119229275908,0.0,13136.119229275908,567.2663150476187,7657.394756388007,14926.232901415637,12584.933777714285,13435.29105317526,0,MILP,0.12493869999889284,8.526512829121202e-13,0
rolling_cost_selector,dev_march,development,2025-03-16,1.0,cost,1370.7079328285708,1838.5584962412745,73812.72461107819,0.0,46171.064292937954,0.0,46171.064292937954,5512.903254158728,488.8266500000001,21257.27508691946,16797.327313333335,45840.5720232838,0,LP,0.0065808999934233725,1.0231815394945443e-12,0
rolling_cost_selector,dev_march,development,2025-03-17,1.0,cost,1838.5584962412745,1956.3184412920637,72433.1862534168,0.0,44218.728791059686,0.0,44218.728791059686,8161.870174297475,2635.277233333333,19325.912957405046,15548.00554495238,44138.162367853634,0,LP,0.005618800001684576,9.094947017729282e-13,0
rolling_cost_selector,dev_march,development,2025-03-18,1.0,cost,1956.3184412920637,1825.798837915346,70256.2525740435,0.0,43465.343056638885,0.0,43465.343056638885,3874.0398293262765,1253.98175,21682.843532050556,17680.570904,43556.499905431236,0,LP,0.006312100013019517,9.094947017729282e-13,0
rolling_cost_selector,dev_march,development,2025-03-19,1.0,cost,1825.798837915346,2060.98474157037,69981.0760173733,0.0,42880.75843055519,0.0,42880.75843055519,4383.967977348611,1902.2185999999997,21146.061456500884,16916.64246647619,42717.385513642905,0,LP,0.007561200007330626,8.952838470577262e-13,0
rolling_cost_selector,dev_march,development,2025-03-20,1.0,cost,2060.98474157037,1550.5062194888894,69155.06826177072,35.58052725809614,43300.17888757115,235.32960728504787,43535.5084948562,2440.0422835390914,1014.3316833333329,20982.861449279248,17455.548443789525,43893.23876211877,1,LP,0.005492199998116121,9.601208716958354e-13,0
rolling_cost_selector,dev_april,development,2025-04-17,0.25,cost,1618.0719069862432,1945.3748361206358,60586.32635317931,0.0,36050.00829937457,0.0,36050.00829937457,1817.9663978459798,1838.5459606502077,19825.784255064074,15764.31261038095,35829.73649653208,0,LP,0.005189099989365786,9.094947017729282e-13,0
rolling_cost_selector,dev_april,development,2025-04-18,0.25,cost,1945.3748361206358,2146.0427089597865,26954.930240705464,0.0,10724.361873939952,0.0,10724.361873939952,432.5333284761913,17494.274828962964,13123.17797040917,10449.173070476192,10623.329989575157,0,MILP,0.09241309997742064,2.2168933355715126e-12,0
rolling_cost_selector,dev_april,development,2025-04-19,0.25,cost,2146.0427089597865,2102.49358338201,26817.021450395066,0.0,10644.189084501631,0.0,10644.189084501631,502.6140351428577,17138.474211944736,12791.83245435509,10400.578501047616,10666.058529947872,0,MILP,0.10953289997996762,5.6009715384182826e-11,0
rolling_cost_selector,dev_april,development,2025-04-20,0.25,cost,2102.49358338201,1969.5795107566153,59747.4441886408,0.0,35468.157287796974,0.0,35468.157287796974,1743.3974853838972,2416.319024331574,19734.765583972956,16104.782788380951,35557.32867455099,0,LP,0.007790800009388477,9.094947017729282e-13,0
rolling_cost_selector,dev_april,development,2025-04-21,0.25,cost,1969.5795107566153,1477.9647709417982,59458.541821912986,0.0,34940.07520958618,0.0,34940.07520958618,3317.4571457248744,4615.290849020582,18164.93005088182,15156.046607047618,35264.814705822195,0,LP,0.006211400002939627,9.094947017729282e-13,0
rolling_cost_selector,dev_april,development,2025-04-22,0.25,cost,1477.9647709417982,1705.933222255025,59595.06151332435,0.0,35587.88832380564,0.0,35587.88832380564,1503.4590126843025,1981.7911237107633,19745.844495161662,15788.962434899046,35433.81299637995,0,LP,0.005765100009739399,7.958078640513122e-13,0
rolling_cost_selector,dev_april,development,2025-04-23,0.25,cost,1705.933222255025,1854.0215778994727,59751.19244037645,0.0,36245.22166386732,0.0,36245.22166386732,2373.3974024820714,2241.4925561516766,18963.71707892651,15227.331313850475,36145.54024480548,0,LP,0.005691799975465983,1.0231815394945443e-12,0
rolling_cost_selector,dev_april,development,2025-04-24,0.25,cost,1854.0215778994727,1815.1178250148155,58711.45627694014,0.0,35094.84546905111,0.0,35094.84546905111,2990.1857373933017,5079.289932438572,18878.3541300235,15326.480222915234,35120.62178271083,0,LP,0.006299700005911291,9.094947017729282e-13,0
rolling_cost_selector,dev_april,development,2025-04-25,0.25,cost,1815.1178250148155,1757.9912371132332,26130.68592015638,0.0,9948.736726083931,0.0,9948.736726083931,277.03426780952486,21542.201724992356,12434.243191925925,10123.150914571426,9976.53580910507,0,MILP,0.12201849999837577,1.1118572729174048e-10,0
rolling_cost_selector,dev_april,development,2025-04-26,0.25,cost,1757.9912371132332,1528.5528376656105,26058.808989927096,0.0,10089.014904998652,0.0,10089.014904998652,62.003718952381064,23784.54332531922,12360.85722013168,10218.788907809521,10200.068682892288,0,MILP,0.11720760000753216,9.734435479913373e-12,0
rolling_cost_selector,dev_april,development,2025-04-27,0.25,cost,1528.5528376656105,1485.078089274073,55806.05916888888,421.9215317190496,32719.344613623645,2768.016208842825,35487.36082246647,1171.7059366607914,2696.308154526749,20134.85631389182,16348.360887804758,35516.07173650627,1,LP,0.008089800016023219,9.094947017729282e-13,0
rolling_cost_selector,dev_april,development,2025-04-28,0.25,cost,1485.078089274073,1504.9808207925923,55359.6419113933,4426.512500226662,33317.2332656606,28044.780764337724,61362.014029998325,166.57554247619032,0.0,15682.626811107584,12685.015258630478,61348.29215394892,9,LP,0.005783600005088374,8.810729923425242e-13,0
rolling_cost_selector,dev_april,development,2025-04-29,0.25,cost,1504.9808207925923,1708.2381589777765,57695.52719732746,91.64631719332829,33757.04152597411,606.5153271854466,34363.556853159556,2280.3068751122855,4399.810942798355,18373.212503035862,14699.370523092384,34229.94678522605,1,LP,0.006600900000194088,9.094947017729282e-13,0
rolling_cost_selector,dev_april,development,2025-04-30,0.5,cost,1708.2381589777765,1574.2241074687856,57021.52832893709,0.0,33511.609919306844,0.0,33511.609919306844,2107.203209269842,3321.3038602716024,18193.576170633747,14857.409344571428,33599.58989284615,0,LP,0.0058154000143986195,8.86402062860725e-13,0
rolling_cost_selector,val_june,validation,2025-06-08,0.5,cost,1781.3549957153423,2091.7393678433887,87212.15475059376,19.011776857142877,59483.74378681913,131.58670150204773,59615.330488321175,17077.365602553797,1625.3386999999998,16127.33170165902,12783.79274342857,59392.66966330721,3,LP,0.005839200021000579,9.094947017729282e-13,0
rolling_cost_selector,val_june,validation,2025-06-09,0.5,cost,2091.7393678433887,2138.257540046561,85600.55768052791,26.182083523809524,59569.967163839974,184.1079778854762,59754.07514172544,9988.883467980018,964.5978262504459,19466.733586868886,15726.187850380951,59719.77586874102,2,LP,0.00585819999105297,7.958078640513122e-13,0
rolling_cost_selector,val_june,validation,2025-06-10,0.5,cost,2138.257540046561,2282.374572296297,86109.13882866432,0.0,59656.48395009073,0.0,59656.48395009073,10113.75741792358,458.2999333333329,19941.746921312166,16023.109677238093,59550.53829544153,0,LP,0.005764500005170703,9.094947017729282e-13,0
rolling_cost_selector,val_june,validation,2025-06-11,0.5,cost,2282.374572296297,2422.400642355555,86739.14585020929,2.011921428571327,60332.96351427707,13.950663185713582,60346.914177462786,6118.4519300540915,0.0,23222.295062440913,18684.035537523807,60242.1009008228,1,LP,0.005213299999013543,8.526512829121202e-13,0
rolling_cost_selector,val_june,validation,2025-06-12,0.75,cost,2422.400642355555,2566.014159001057,87405.72464227278,0.0,61064.03223336722,0.0,61064.03223336722,10741.502776256324,448.5068666666666,19126.691584397413,15363.368018380952,60957.78910795563,0,LP,0.0076861999987158924,8.526512829121202e-13,0
rolling_cost_selector,val_june,validation,2025-06-13,0.75,cost,2566.014159001057,2575.636351815873,39993.47707032922,0.0,20220.095187158433,0.0,20220.095187158433,1688.8545744209307,7530.468017149913,12737.793711710761,10308.952932952381,20214.55255151454,0,LP,0.004829399986192584,8.526512829121202e-13,0
rolling_cost_selector,val_june,validation,2025-06-14,0.75,cost,2575.636351815873,2621.9770834973533,40172.09122567902,0.0,20784.940867068566,0.0,20784.940867068566,1738.87475361905,9878.701323561436,12207.714420974724,9846.54202247619,20758.379257520417,0,LP,0.005108699988340959,9.094947017729282e-13,0
rolling_cost_selector,val_june,validation,2025-06-15,0.75,cost,2621.9770834973533,3274.075601164022,88525.13867581422,0.0,61614.59378956393,0.0,61614.59378956393,13373.244981155796,298.84709999999995,19153.597870658432,14927.525609333334,61134.62034368954,0,LP,0.004074700002092868,8.526512829121202e-13,0
rolling_cost_selector,val_june,validation,2025-06-16,0.75,cost,3274.075601164022,3108.256751350266,87207.73908803998,0.0,61602.63055863356,0.0,61602.63055863356,10826.80266504645,134.01041666666652,19484.790286803054,15931.917097142856,61725.48864629044,0,LP,0.00457959997584112,9.663381206337363e-13,0
rolling_cost_selector,val_june,validation,2025-06-17,0.75,cost,3108.256751350266,2634.8261235333325,86506.13111711698,0.0,60641.446414707636,0.0,60641.446414707636,8516.684512146976,129.21961222339388,19206.859690079946,15983.643913999998,60994.513815073245,0,LP,0.004520100017543882,9.094947017729282e-13,0
rolling_cost_selector,val_june,validation,2025-06-18,0.75,cost,2634.8261235333325,2937.999764022223,87215.16764066079,0.0,61132.8744343858,0.0,61132.8744343858,12576.247313743686,88.67290000000003,17626.317107774248,14004.460580857141,60909.118644891176,0,LP,0.004407700005685911,9.094947017729282e-13,0
rolling_cost_selector,val_june,validation,2025-06-19,0.75,cost,2937.999764022223,2684.164723368255,85092.00716025515,48.66240171428569,58607.01954197409,334.32397563485705,58941.34351760895,12107.903878134048,1556.9697499999997,18130.22773907348,14913.936005238093,59125.91189372236,2,LP,0.004348599992226809,9.094947017729282e-13,0
rolling_cost_selector,val_june,validation,2025-06-20,0.75,cost,2684.164723368255,2884.6010395206395,36665.507066768965,0.0,18800.403217125775,0.0,18800.403217125775,1407.5243536190487,10477.990975604942,11573.780015830685,9194.36912828571,18688.32398949587,0,LP,0.005156100000021979,9.094947017729282e-13,0
rolling_cost_selector,val_june,validation,2025-06-21,0.75,cost,2884.6010395206395,3117.437340286773,35252.93467776476,0.0,18137.9645084634,0.0,18137.9645084634,1836.381907809525,11560.886014392712,12165.124657226337,9644.198301663811,18010.23677133868,0,MILP,0.09085969999432564,1.1368683772161603e-12,0
rolling_cost_selector,val_august,validation,2025-08-18,1.0,cost,2178.160729337569,2134.924192117462,72442.89799171193,102.00601809523812,52944.055423831145,860.0659960050001,53804.12141983614,2419.521094069376,2044.6419833333339,19608.09578545208,15921.470469714286,53837.102466610326,4,LP,0.00679610000224784,8.668621376273222e-13,0
rolling_cost_selector,val_august,validation,2025-08-19,1.0,cost,2134.924192117462,1852.4128791502637,72320.79132383892,115.82866466666655,52908.39769160481,987.5119954816656,53895.909687086474,1875.1948886807752,3072.624321889476,18028.42584003057,14857.285112095238,54110.229478747075,4,LP,0.005872500012628734,8.526512829121202e-13,0
rolling_cost_selector,val_august,validation,2025-08-20,1.0,cost,1852.4128791502637,1630.2109173555552,72871.02814889594,1717.1356129085539,53889.65918542745,11000.159515006164,64889.818700433614,335.32722333333334,0.0,20011.19598641976,16409.050514615254,65063.072625321925,11,LP,0.005950399994617328,8.810729923425242e-13,0
rolling_cost_selector,val_august,validation,2025-08-21,1.0,cost,1630.2109173555552,1854.96182146032,74223.70503470546,0.0,53883.7995030932,0.0,53883.7995030932,2687.1381331663724,1929.3087967125177,18739.809514731336,14976.969893238094,53712.430029038245,0,LP,0.008600000001024455,9.094947017729282e-13,0
rolling_cost_selector,val_august,validation,2025-08-22,1.0,cost,1854.96182146032,1486.6533281999998,40281.695549542856,33.57257334380829,22750.17936909998,68.55519476805651,22818.734563868038,84.03061076190511,16781.78014360964,13422.976907628456,11204.088939113335,23037.665879588687,1,MILP,0.12812509998911992,1.8758328224066645e-12,0
rolling_cost_selector,val_august,validation,2025-08-23,1.0,cost,1486.6533281999998,1916.1332087280398,40891.314579572376,0.0,22721.348995981534,0.0,22721.348995981534,435.34812995532053,15031.781901650791,13198.139502584363,10303.961104618096,22466.548514586484,0,MILP,0.116592500009574,1.0231815394945443e-12,0
rolling_cost_selector,val_august,validation,2025-08-24,1.0,cost,1916.1332087280398,2100.0782866380923,76191.91484413992,0.0,54822.52859302708,0.0,54822.52859302708,4171.956141587306,4337.099985784833,19914.308754291593,15965.039520857143,54683.296999621074,0,LP,0.00715620000846684,1.0231815394945443e-12,0
rolling_cost_selector,val_august,validation,2025-08-25,1.0,cost,2100.0782866380923,1707.2043083703695,76204.94830689124,194.44487727809246,55361.0136517871,1651.7392593657878,57012.752911152886,1268.760772564377,848.1037247454473,20331.727634914754,16822.285964721905,57316.89286378153,3,LP,0.009984800009988248,9.094947017729282e-13,0
rolling_cost_selector,val_august,validation,2025-08-26,1.0,cost,1707.2043083703695,2289.724857334393,77810.48083583773,0.0,55600.84834364488,0.0,55600.84834364488,5399.989963283944,2495.178783333334,20327.5011148395,15941.00740895238,55158.14656129526,0,LP,0.00799179999739863,9.094947017729282e-13,0
rolling_cost_selector,val_august,validation,2025-08-27,1.0,cost,2289.724857334393,1885.1668969915347,76984.80180751321,16.225255619048085,55440.75394942533,134.3372614190515,55575.09121084438,3149.673414190475,2413.5014,20462.1344557037,16938.431073428572,55885.81144658826,2,LP,0.008146700012730435,7.673861546209082e-13,0
rolling_cost_selector,val_august,validation,2025-08-28,1.0,cost,1885.1668969915347,1928.8909241407414,76463.18450198119,46.880709523809514,55493.47493569688,388.3171611380952,55881.79209683497,1681.3897400482101,0.0,21165.941387837738,17105.060899714284,55847.811777843344,3,LP,0.005251799972029403,8.242295734817162e-13,0
rolling_cost_selector,val_august,validation,2025-08-29,1.0,cost,1928.8909241407414,1784.4022373777775,41237.63937088066,0.0,23127.229767849167,0.0,23127.229767849167,935.0406792380963,15194.943568605528,14118.287321703701,11565.852548666666,23213.642220327478,0,MILP,0.11146210000151768,7.958078640513122e-13,0
rolling_cost_selector,val_august,validation,2025-08-30,1.0,cost,1784.4022373777775,1574.0628858211644,41384.38355317107,0.0,23501.318090701345,0.0,23501.318090701345,775.7798762622007,19893.057324432688,12590.168081809521,10387.341562666667,23625.249247865933,0,MILP,0.14651630001026206,4.092726157978177e-12,0
rolling_cost_selector,val_august,validation,2025-08-31,1.0,cost,1574.0628858211644,2395.7523527111116,78414.74288740623,26.50513619047615,56014.86953148211,218.3203532838092,56233.18988476592,4539.249831626106,2629.044000000001,20456.897833875366,15830.566725238095,55607.15700528447,3,LP,0.0058394999941810966,9.348077867343818e-13,0
rolling_cost_selector,eval_september,evaluation,2025-09-10,1.0,cost,4786.2408636984155,4596.088809841269,67860.3791468054,968.5033833333317,45661.13760540146,5167.422119424991,50828.55972482645,3864.563686658431,0.0,20102.405483956492,16454.085290476192,50962.35855369256,7,LP,0.009360299998661503,9.094947017729282e-13,0
rolling_cost_selector,eval_september,evaluation,2025-09-11,1.0,cost,4596.088809841269,4802.58733751852,69292.72779655732,0.0,45546.34378408827,0.0,45546.34378408827,7376.39198123692,4680.02805,18707.227931987065,14967.005949999997,45406.387858216054,0,LP,0.007503000000724569,8.952838470577262e-13,0
rolling_cost_selector,eval_september,evaluation,2025-09-12,1.0,cost,4802.58733751852,5090.179315724865,35096.855935757136,0.0,17572.68698908223,0.0,17572.68698908223,1114.4127548571428,19762.82313299236,12679.637197483831,10011.673349576191,17423.83603172712,0,MILP,0.1041778999788221,1.8189894035458565e-12,0
rolling_cost_selector,eval_september,evaluation,2025-09-13,1.0,cost,5090.179315724865,5450.036683296296,35155.667926419046,0.0,17568.39046904141,0.0,17568.39046904141,725.114016449148,23653.009371646087,12876.691706190477,10106.248651199998,17384.912017235456,0,MILP,0.10474680000334047,3.637978807091713e-12,0
rolling_cost_selector,eval_september,evaluation,2025-09-14,1.0,cost,5450.036683296296,4949.312271687833,68050.33159419635,0.0,45840.92316843022,0.0,45840.92316843022,4723.577254285706,146.7241269077006,18586.091755002944,15505.386292,46190.58684887534,0,LP,0.009430000005522743,1.0231815394945443e-12,0
rolling_cost_selector,eval_september,evaluation,2025-09-15,1.0,cost,4949.312271687833,4326.602948687832,66921.22535782833,0.0,44414.88048162858,0.0,44414.88048162858,5398.135520412695,3405.924111568486,19003.01833270429,15952.883240190476,44841.78119317119,0,LP,0.007417299988446757,7.105427357601002e-13,0
rolling_cost_selector,eval_september,evaluation,2025-09-16,1.0,cost,4326.602948687832,3937.5010263756626,67094.93344657966,0.0,45117.93703178076,0.0,45117.93703178076,3022.2157150970006,1430.3384217530897,18425.268718300995,15274.659391904761,45390.36747225373,0,LP,0.00764950001030229,7.673861546209082e-13,0
rolling_cost_selector,eval_september,evaluation,2025-09-17,1.0,cost,3937.5010263756626,4145.127008402115,68330.65777813167,7.62916666666672,45673.09068224569,38.19542291666694,45711.286105162355,4378.899014865371,0.0,20065.295505837737,16066.02597590476,45565.89614101457,1,LP,0.00785389999509789,9.094947017729282e-13,0
rolling_cost_selector,eval_september,evaluation,2025-09-18,0.0,cost,4145.127008402115,3584.4259127671953,68223.99294834097,0.0,44859.63810755546,0.0,44859.63810755546,4740.7434388594975,1438.4827399271005,18912.3507313639,15823.635078476189,45248.11600684608,0,LP,0.006186600017827004,9.094947017729282e-13,0
rolling_cost_selector,eval_september,evaluation,2025-09-19,0.0,cost,3584.4259127671953,4496.983348915345,35408.8122466549,0.0,17400.263404604873,0.0,17400.263404604873,656.0110295943559,15192.384391969425,13882.962188900648,10423.89768047619,16913.02446446428,0,MILP,0.11758399999234825,2.362159850438022e-12,0
rolling_cost_selector,eval_september,evaluation,2025-09-20,0.0,cost,4496.983348915345,4610.873304386246,34562.68968055261,0.0,16697.63108239267,0.0,16697.63108239267,643.1293042857142,15593.405164015287,13569.581678918279,10888.8602,16637.415754585872,0,MILP,0.09919500001706183,3.637978807091713e-12,0
rolling_cost_selector,eval_september,evaluation,2025-09-21,0.0,cost,4610.873304386246,3822.106488999998,70831.37160496414,0.0,47587.24739538965,0.0,47587.24739538965,6657.11060067372,3438.259664204584,16623.178897895355,14174.66504114286,48136.59538248837,0,LP,0.006608700001379475,9.094947017729282e-13,0
rolling_cost_selector,eval_september,evaluation,2025-09-22,0.0,cost,3822.106488999998,2889.0253054285704,68842.22145939565,0.0,46003.90879754232,0.0,46003.90879754232,3110.8421889512074,2524.7006999999994,18065.430275396826,15472.771588285717,46660.75071354168,0,LP,0.006009100005030632,8.881784197001252e-13,0
rolling_cost_selector,eval_september,evaluation,2025-09-23,0.0,cost,2889.0253054285704,2974.0764144920645,70776.06237700881,6.375,46548.66393116708,44.0799375,46592.74386866709,2958.7159434132855,1785.7420661846013,20235.883083791887,16314.519299714284,46532.90387513691,1,LP,0.006331699987640604,9.094947017729282e-13,0
rolling_cost_selector,eval_december,evaluation,2025-12-08,1.0,cost,1451.3861965089911,1823.0339727153448,96889.40221220929,0.0,73396.71127566401,0.0,73396.71127566401,4305.996233497942,0.0,23166.90454452087,18430.70968247619,73092.82836129196,0,LP,0.00677979999454692,9.663381206337363e-13,0
rolling_cost_selector,eval_december,evaluation,2025-12-09,1.0,cost,1823.0339727153448,1681.167125725927,96867.09747589417,28.02018466666675,72639.9440290359,207.1730520160006,72847.1170810519,5211.0980025185145,0.0,23280.239756137566,18984.674364761908,72962.76684605089,2,LP,0.006250100006582215,9.094947017729282e-13,0
rolling_cost_selector,eval_december,evaluation,2025-12-10,1.0,cost,1681.167125725927,1640.7699979100528,96997.72461758376,0.0,73799.82804260356,0.0,73799.82804260356,4357.173235080536,0.0,22575.21226774133,18322.279351904766,73833.13721661389,0,LP,0.007673899992369115,9.094947017729282e-13,0
rolling_cost_selector,eval_december,evaluation,2025-12-11,1.0,cost,1640.7699979100528,1849.5066304476222,97452.91486830216,0.0,72544.99077349133,0.0,72544.99077349133,7013.5284114791275,0.0,22580.362039680185,18102.23028285714,72376.3585797028,0,LP,0.009324700018623844,9.094947017729282e-13,0
rolling_cost_selector,eval_december,evaluation,2025-12-12,1.0,cost,1849.5066304476222,1922.1565517195847,50946.63655140623,0.0,23513.807161643017,0.0,23513.807161643017,2015.8044465467424,1328.8133463915274,20116.949189420335,16229.343914285711,23466.48286670786,0,LP,0.008024700015084818,1.0231815394945443e-12,0
rolling_cost_selector,eval_december,evaluation,2025-12-13,1.0,cost,1922.1565517195847,2001.8885422253966,51821.586006790116,0.0,24265.65428328015,0.0,24265.65428328015,2986.9171102692576,1132.38245,20168.390903854193,16264.637840666666,24213.29214231774,0,LP,0.0065904999792110175,7.958078640513122e-13,0
rolling_cost_selector,eval_december,evaluation,2025-12-14,1.0,cost,2001.8885422253966,1739.627803660316,97981.36402969193,0.0,75080.75409603288,0.0,75080.75409603288,5070.020763092304,0.0,22992.927006885355,18860.305540285714,75298.08006313,0,LP,0.00680060000740923,6.821210263296962e-13,0
rolling_cost_selector,eval_december,evaluation,2025-12-15,1.0,cost,1739.627803660316,1911.330116133336,99872.19156622222,0.0,76565.54452005666,0.0,76565.54452005666,5856.481038444449,0.0,23113.791999396824,18567.639438285714,76424.23416077504,0,LP,0.009001200000056997,9.094947017729282e-13,0
rolling_cost_selector,eval_december,evaluation,2025-12-16,1.0,cost,1911.330116133336,1830.002305755558,99682.91976615167,0.0,75884.50974272215,0.0,75884.50974272215,6019.67397259612,0.0,22728.15520822222,18483.000748,75951.18411154559,0,LP,0.008884799986844882,9.094947017729282e-13,0
rolling_cost_selector,eval_december,evaluation,2025-12-17,1.0,cost,1830.002305755558,1875.848881186245,99301.84177987183,0.0,75798.81816862793,0.0,75798.81816862793,6848.438154174015,0.0,22212.0770586502,17950.520499619044,75761.31893649412,0,LP,0.005874800001038238,1.0231815394945443e-12,0
rolling_cost_selector,eval_december,evaluation,2025-12-18,1.0,cost,1875.848881186245,1865.7872980433888,98744.06427248206,0.0,74616.13279862392,0.0,74616.13279862392,7015.193275529683,0.0,23008.733974285715,18646.129944,74624.36850627384,0,LP,0.005410700017819181,9.094947017729282e-13,0
rolling_cost_selector,eval_december,evaluation,2025-12-19,1.0,cost,1865.7872980433888,1694.2762466719578,52224.09750531099,0.0,24123.14758611462,0.0,24123.14758611462,3934.652207141687,1810.65698271605,19603.984008881824,16033.58699342857,24235.073125573846,0,LP,0.009873700008029118,1.0231815394945443e-12,0
rolling_cost_selector,eval_december,evaluation,2025-12-20,1.0,cost,1694.2762466719578,1872.7814958687843,52488.170953038214,0.0,24201.309429357596,0.0,24201.309429357596,3795.830902636096,1821.318116666667,20284.289260306876,16269.619576571426,24085.80336836512,0,LP,0.007993799983523786,9.094947017729282e-13,0
rolling_cost_selector,eval_december,evaluation,2025-12-21,1.0,cost,1872.7814958687843,1866.898438401062,97965.79764183186,0.0,74285.28370205458,0.0,74285.28370205458,4540.82290248089,0.0,23118.3559179224,18731.163045238092,74290.10233058085,0,LP,0.00582259998191148,9.094947017729282e-13,0
rolling_mae_selector,dev_march,development,2025-03-07,1.0,mae,1607.6682326867735,1799.9208019068776,34105.28322439623,0.0,14082.992075686865,0.0,14082.992075686865,565.2098166337454,9475.432254961785,15628.04372194356,12485.68810247619,13977.704715837763,0,MILP,0.06430379999801517,1.6484591469634324e-12,0
rolling_mae_selector,dev_march,development,2025-03-08,1.0,mae,1799.9208019068776,1746.8951542507957,32969.96055831864,0.0,13568.518769028096,0.0,13568.518769028096,509.3328688112868,10500.46662127925,15498.65597079953,12601.634419238093,13597.022009963997,0,MILP,0.18012149998685345,1.4210854715202004e-12,0
rolling_mae_selector,dev_march,development,2025-03-09,1.0,mae,1746.8951542507957,1561.1631377291037,76873.91025030451,0.0,48596.71613421043,0.0,48596.71613421043,7848.288972299819,2007.7979637895348,20270.826732024692,16586.528467809523,48727.7367223778,0,LP,0.005636099987896159,6.821210263296962e-13,0
rolling_mae_selector,dev_march,development,2025-03-10,1.0,mae,1561.1631377291037,1492.0528197248711,75468.31508035742,0.0,49242.05094077318,0.0,49242.05094077318,3048.439095282771,360.69671666666625,21470.037392693706,17452.929574285714,49291.962844375324,0,LP,0.005374500004108995,6.821210263296962e-13,0
rolling_mae_selector,dev_march,development,2025-03-11,1.0,mae,1492.0528197248711,1660.3619091830622,75212.64844544501,0.0,48126.316245688184,0.0,48126.316245688184,5785.330828725446,1440.661016666667,20506.629576529103,16458.891776476194,48006.740421923525,0,LP,0.006763899989891797,7.736034035588091e-13,0
rolling_mae_selector,dev_march,development,2025-03-12,1.0,mae,1660.3619091830622,1461.79973104127,74725.50240643973,0.0,46963.13106840106,0.0,46963.13106840106,6599.761112459718,2063.319184865368,20029.43887425751,16402.551448476195,47102.55174998604,0,LP,0.008358199993381277,9.094947017729282e-13,0
rolling_mae_selector,dev_march,development,2025-03-13,0.75,mae,1461.79973104127,1411.4148678222232,74105.09665238565,73.52254619047585,47501.503004874954,465.84305676628355,47967.34606164124,2456.9858738929947,0.0,22217.693078492655,18041.67777047619,48003.60672509733,2,LP,0.006637799990130588,1.0231815394945443e-12,0
rolling_mae_selector,dev_march,development,2025-03-14,0.75,mae,1411.4148678222232,1920.35807457037,32440.350287762492,0.0,13099.816045592132,0.0,13099.816045592132,354.03202311346274,12614.12285470429,15709.055476516165,12266.28604990476,12828.931978068944,0,MILP,0.15630200001760386,2.021099337273174e-12,0
rolling_mae_selector,dev_march,development,2025-03-15,0.75,mae,1920.35807457037,1370.7079328285708,31490.085345136977,0.0,13143.475720725217,0.0,13143.475720725217,567.2663150476187,7658.856167737804,14918.541262732508,12578.703550380951,13442.64754462457,0,MILP,0.14740850002272055,6.821210263296962e-13,0
rolling_mae_selector,dev_march,development,2025-03-16,1.0,mae,1370.7079328285708,1838.5584962412745,73812.72461107819,0.0,46171.064292937954,0.0,46171.064292937954,5512.903254158728,488.8266500000001,21257.27508691946,16797.327313333335,45840.5720232838,0,LP,0.00756060000276193,1.0231815394945443e-12,0
rolling_mae_selector,dev_march,development,2025-03-17,0.75,mae,1838.5584962412745,1941.2955254317494,72337.1370077378,0.0,44204.783021148105,0.0,44204.783021148105,8169.702071366257,2635.277233333333,18850.33128122868,15176.305011523807,44134.49464788908,0,LP,0.005712900019716471,1.0231815394945443e-12,0
rolling_mae_selector,dev_march,development,2025-03-18,0.75,mae,1941.2955254317494,1796.3681319396835,70198.11963049616,0.0,43490.91931965178,0.0,43490.91931965178,3916.0503070405634,1253.98175,21224.0203206937,17321.89111390476,43592.13878517754,0,LP,0.008597499981988221,9.094947017729282e-13,0
rolling_mae_selector,dev_march,development,2025-03-19,0.75,mae,1796.3681319396835,1986.1235553100541,70013.77680179071,0.0,42961.24789607466,0.0,42961.24789607466,4479.174655681357,1902.2185999999997,21032.280079347445,16865.366983238095,42829.43346105045,0,LP,0.005714800005080178,8.952838470577262e-13,0
rolling_mae_selector,dev_march,development,2025-03-20,0.75,mae,1986.1235553100541,1550.5062194888894,69110.50468185419,45.43508520856881,43325.72357061823,300.5076535694741,43626.23122418771,2436.8978742386803,1014.3316833333329,20462.126289805994,16966.377896981907,43931.50069043695,1,LP,0.005843899998581037,9.601208716958354e-13,0
rolling_mae_selector,dev_april,development,2025-04-17,0.5,mae,1618.0719069862432,1945.3748361206358,60737.177014785426,0.0,36030.89372679281,0.0,36030.89372679281,1909.9157752745512,1752.042219107586,20591.073864117574,16384.197193714284,35810.621923950326,0,LP,0.008536500012269244,9.094947017729282e-13,0
rolling_mae_selector,dev_april,development,2025-04-18,0.5,mae,1945.3748361206358,2146.0427089597865,26954.930240705464,0.0,10724.361873939952,0.0,10724.361873939952,432.5333284761913,17494.274828962964,13123.177970409168,10449.17307047619,10623.329989575157,0,MILP,0.1148873999773059,5.002220859751105e-12,0
rolling_mae_selector,dev_april,development,2025-04-19,0.5,mae,2146.0427089597865,2102.49358338201,26817.021450395066,0.0,10644.189084501631,0.0,10644.189084501631,502.6140351428577,17138.474211944736,12791.83245435509,10400.578501047616,10666.058529947872,0,MILP,0.12026450000121258,5.6009715384182826e-11,0
rolling_mae_selector,dev_april,development,2025-04-20,0.5,mae,2102.49358338201,1969.5795107566153,59893.794656773665,0.0,35541.54477959255,0.0,35541.54477959255,1916.22100603763,2248.6708425925954,20477.792579857727,16706.63465504762,35630.71616634657,0,LP,0.006877699983306229,9.094947017729282e-13,0
rolling_mae_selector,dev_april,development,2025-04-21,0.5,mae,1969.5795107566153,1477.9647709417982,59605.144411824804,0.0,34949.660062742456,0.0,34949.660062742456,3406.695254010587,4531.779607807178,18906.381223721328,15756.622057047618,35274.39955897847,0,LP,0.005531900009373203,9.094947017729282e-13,0
rolling_mae_selector,dev_april,development,2025-04-22,0.5,mae,1477.9647709417982,1705.933222255025,59649.78621494885,0.0,35579.25679823573,0.0,35579.25679823573,1503.4590126843025,1981.7911237107674,20033.869240553784,16022.262478666667,35425.18147081004,0,LP,0.009466899995459244,7.602807272633072e-13,0
rolling_mae_selector,dev_april,development,2025-04-23,0.5,mae,1705.933222255025,1854.0215778994727,59828.06558048559,0.0,36271.145266975334,0.0,36271.145266975334,2373.39740248207,2241.4925561516748,19368.312553185184,15555.053647999997,36171.463847913496,0,LP,0.009485899994615465,1.0231815394945443e-12,0
rolling_mae_selector,dev_april,development,2025-04-24,0.5,mae,1854.0215778994727,1815.1178250148155,58714.370014029395,0.0,35058.388153213156,0.0,35058.388153213156,2990.1857373933,5079.28993243857,18893.689588388002,15338.901944190477,35084.16446687287,0,LP,0.006848199991509318,9.094947017729282e-13,0
rolling_mae_selector,dev_april,development,2025-04-25,0.5,mae,1815.1178250148155,1757.9912371132332,26130.68592015638,0.0,9948.736726083931,0.0,9948.736726083931,277.03426780952486,21542.201724992356,12434.243191925925,10123.150914571426,9976.53580910507,0,MILP,0.13477350000175647,1.8417267710901797e-11,0
rolling_mae_selector,dev_april,development,2025-04-26,0.5,mae,1757.9912371132332,1528.5528376656105,26058.808989927096,0.0,10085.15309433801,0.0,10085.15309433801,62.003718952381064,23784.54332531922,12360.85722013168,10218.788907809521,10196.206872231645,0,MILP,0.1422012000111863,3.069544618483633e-12,0
rolling_mae_selector,dev_april,development,2025-04-27,0.75,mae,1528.5528376656105,1485.078089274073,55806.05916888888,409.53821862095543,32757.77174622399,2686.7754832627784,35444.547229486765,1456.8873385714296,2411.126752616107,20069.680981796588,16295.568868807615,35473.25814352656,1,LP,0.00823619999573566,8.810729923425242e-13,0
rolling_mae_selector,dev_april,development,2025-04-28,0.75,mae,1485.078089274073,1504.9808207925923,55359.6419113933,4397.76763888285,33338.37528243493,27837.44898992151,61175.82427235644,136.08681714285683,0.0,15691.805042631395,12692.449626164766,61162.10239630703,11,LP,0.009265100001357496,9.094947017729282e-13,0
rolling_mae_selector,dev_april,development,2025-04-29,0.5,mae,1504.9808207925923,1708.2381589777765,57695.52719732746,91.64631719332829,33827.85631361436,606.5153271854466,34434.3716407998,1927.8197484209295,4751.71615,18376.27523719224,14701.85133775905,34300.76157286629,1,LP,0.0073198000027332455,9.094947017729282e-13,0
rolling_mae_selector,dev_april,development,2025-04-30,0.5,mae,1708.2381589777765,1574.2241074687856,57021.52832893709,0.0,33511.609919306844,0.0,33511.609919306844,2107.203209269842,3321.3038602716024,18193.576170633747,14857.409344571428,33599.58989284615,0,LP,0.005704999988665804,8.86402062860725e-13,0
rolling_mae_selector,val_june,validation,2025-06-08,0.5,mae,1781.3549957153423,2091.7393678433887,87212.15475059376,19.011776857142877,59483.74378681913,131.58670150204773,59615.330488321175,17077.365602553797,1625.3386999999998,16127.33170165902,12783.79274342857,59392.66966330721,3,LP,0.007988499972270802,9.094947017729282e-13,0
rolling_mae_selector,val_june,validation,2025-06-09,0.5,mae,2091.7393678433887,2138.257540046561,85600.55768052791,26.182083523809524,59569.967163839974,184.1079778854762,59754.07514172544,9988.883467980018,964.5978262504459,19466.733586868886,15726.187850380951,59719.77586874102,2,LP,0.007306000014068559,7.958078640513122e-13,0
rolling_mae_selector,val_june,validation,2025-06-10,0.5,mae,2138.257540046561,2282.374572296297,86109.13882866432,0.0,59656.48395009073,0.0,59656.48395009073,10113.75741792358,458.2999333333329,19941.746921312166,16023.109677238093,59550.53829544153,0,LP,0.0076108000066597015,9.094947017729282e-13,0
rolling_mae_selector,val_june,validation,2025-06-11,0.5,mae,2282.374572296297,2422.400642355555,86739.14585020929,2.011921428571327,60332.96351427707,13.950663185713582,60346.914177462786,6118.4519300540915,0.0,23222.295062440913,18684.035537523807,60242.1009008228,1,LP,0.007847000000765547,8.526512829121202e-13,0
rolling_mae_selector,val_june,validation,2025-06-12,0.5,mae,2422.400642355555,2566.014159001058,87550.81384353674,0.0,61114.96247206411,0.0,61114.96247206411,10752.68978775309,448.5068666666666,19831.439951593176,15934.214195809522,61008.71934665251,0,LP,0.00806590000865981,9.094947017729282e-13,0
rolling_mae_selector,val_june,validation,2025-06-13,0.5,mae,2566.014159001058,2575.636351815873,39993.47707032922,0.0,20218.07503385515,0.0,20218.07503385515,1688.8545744209307,7530.468017149913,12737.793711710761,10308.952932952381,20212.532398211257,0,LP,0.007425999996485189,8.526512829121202e-13,0
rolling_mae_selector,val_june,validation,2025-06-14,0.5,mae,2575.636351815873,2621.9770834973533,40172.09122567902,0.0,20747.645555377014,0.0,20747.645555377014,1747.4480426666692,9870.128034513817,12207.714420974724,9846.54202247619,20721.083945828865,0,LP,0.00915190001251176,9.094947017729282e-13,0
rolling_mae_selector,val_june,validation,2025-06-15,0.5,mae,2621.9770834973533,3274.0756011640237,88525.13867581422,0.0,61709.71963215288,0.0,61709.71963215288,13373.244981155796,298.84709999999995,19153.597870658432,14927.525609333334,61229.74618627849,0,LP,0.008258899993961677,8.526512829121202e-13,0
rolling_mae_selector,val_june,validation,2025-06-16,0.5,mae,3274.0756011640237,3108.256751350266,87207.73908803998,0.0,61577.71335284741,0.0,61577.71335284741,10826.802665046449,134.01041666666652,19484.790286803054,15931.917097142856,61700.571440504296,0,LP,0.005077800014987588,9.663381206337363e-13,0
rolling_mae_selector,val_june,validation,2025-06-17,0.5,mae,3108.256751350266,2638.249502263491,86506.13111711698,3.081040857142966,60629.02581118693,21.046590095143603,60650.07240128207,8516.684512146976,129.21961222339388,19206.859690079946,15980.562873142855,61000.58676988821,1,LP,0.005288499989546835,9.094947017729282e-13,0
rolling_mae_selector,val_june,validation,2025-06-18,0.5,mae,2638.249502263491,2937.999764022223,87211.36388651616,0.0,61081.65045124836,0.0,61081.65045124836,12576.247313743686,88.67290000000003,17622.513353629627,14004.460580857141,60860.42126930864,0,LP,0.00825549999717623,9.094947017729282e-13,0
rolling_mae_selector,val_june,validation,2025-06-19,0.5,mae,2937.999764022223,2684.164723368255,85191.5403563598,48.66240171428569,58587.48474966149,334.32397563485705,58921.808725296345,12160.792332710178,1556.9697499999997,18375.726378697233,15112.78990333333,59106.37710140976,2,LP,0.006269499979680404,9.094947017729282e-13,0
rolling_mae_selector,val_june,validation,2025-06-20,0.5,mae,2684.164723368255,2884.6010395206395,36665.507066768965,0.0,18795.264193889896,0.0,18795.264193889896,1407.5243536190487,10477.99097560494,11573.780015830687,9194.36912828571,18683.184966259993,0,LP,0.0057487000012770295,9.094947017729282e-13,0
rolling_mae_selector,val_june,validation,2025-06-21,0.5,mae,2884.6010395206395,3117.437340286773,35252.93467776476,0.0,18137.806418608307,0.0,18137.806418608307,1836.381907809525,11549.452755479133,12225.299704139916,9692.94008966381,18010.07868148359,0,MILP,0.192111800017301,1.6086687537608668e-11,0
rolling_mae_selector,val_august,validation,2025-08-18,1.0,mae,2178.160729337569,2134.924192117462,72442.89799171193,102.00601809523812,52944.055423831145,860.0659960050001,53804.12141983614,2419.521094069376,2044.6419833333339,19608.09578545208,15921.470469714286,53837.102466610326,4,LP,0.008704200008651242,8.668621376273222e-13,0
rolling_mae_selector,val_august,validation,2025-08-19,1.0,mae,2134.924192117462,1852.4128791502637,72320.79132383892,115.82866466666655,52908.39769160481,987.5119954816656,53895.909687086474,1875.1948886807752,3072.624321889476,18028.42584003057,14857.285112095238,54110.229478747075,4,LP,0.007592699985252693,8.526512829121202e-13,0
rolling_mae_selector,val_august,validation,2025-08-20,1.0,mae,1852.4128791502637,1630.2109173555552,72871.02814889594,1717.1356129085539,53889.65918542745,11000.159515006164,64889.818700433614,335.32722333333334,0.0,20011.19598641976,16409.050514615254,65063.072625321925,11,LP,0.0062602000252809376,8.810729923425242e-13,0
rolling_mae_selector,val_august,validation,2025-08-21,1.0,mae,1630.2109173555552,1854.96182146032,74223.70503470546,0.0,53883.7995030932,0.0,53883.7995030932,2687.1381331663724,1929.3087967125177,18739.809514731336,14976.969893238094,53712.430029038245,0,LP,0.0070964999904390424,9.094947017729282e-13,0
rolling_mae_selector,val_august,validation,2025-08-22,1.0,mae,1854.96182146032,1486.6533281999998,40281.695549542856,33.57257334380829,22750.17936909998,68.55519476805651,22818.734563868038,84.03061076190511,16781.78014360964,13422.976907628456,11204.088939113335,23037.665879588687,1,MILP,0.13622590000159107,1.8758328224066645e-12,0
rolling_mae_selector,val_august,validation,2025-08-23,1.0,mae,1486.6533281999998,1916.1332087280398,40891.314579572376,0.0,22721.348995981534,0.0,22721.348995981534,435.34812995532053,15031.781901650791,13198.139502584363,10303.961104618096,22466.548514586484,0,MILP,0.13085260000661947,1.0231815394945443e-12,0
rolling_mae_selector,val_august,validation,2025-08-24,1.0,mae,1916.1332087280398,2100.0782866380923,76191.91484413992,0.0,54822.52859302708,0.0,54822.52859302708,4171.956141587306,4337.099985784833,19914.308754291593,15965.039520857143,54683.296999621074,0,LP,0.005971699982183054,1.0231815394945443e-12,0
rolling_mae_selector,val_august,validation,2025-08-25,1.0,mae,2100.0782866380923,1707.2043083703695,76204.94830689124,194.44487727809246,55361.0136517871,1651.7392593657878,57012.752911152886,1268.760772564377,848.1037247454473,20331.727634914754,16822.285964721905,57316.89286378153,3,LP,0.00659460001043044,9.094947017729282e-13,0
rolling_mae_selector,val_august,validation,2025-08-26,1.0,mae,1707.2043083703695,2289.724857334393,77810.48083583773,0.0,55600.84834364488,0.0,55600.84834364488,5399.989963283944,2495.178783333334,20327.5011148395,15941.00740895238,55158.14656129526,0,LP,0.007835700002033263,9.094947017729282e-13,0
rolling_mae_selector,val_august,validation,2025-08-27,1.0,mae,2289.724857334393,1885.1668969915347,76984.80180751321,16.225255619048085,55440.75394942533,134.3372614190515,55575.09121084438,3149.673414190475,2413.5014,20462.1344557037,16938.431073428572,55885.81144658826,2,LP,0.007579700002679601,7.673861546209082e-13,0
rolling_mae_selector,val_august,validation,2025-08-28,1.0,mae,1885.1668969915347,1928.8909241407414,76463.18450198119,46.880709523809514,55493.47493569688,388.3171611380952,55881.79209683497,1681.3897400482101,0.0,21165.941387837738,17105.060899714284,55847.811777843344,3,LP,0.006329800002276897,8.242295734817162e-13,0
rolling_mae_selector,val_august,validation,2025-08-29,1.0,mae,1928.8909241407414,1784.4022373777775,41237.63937088066,0.0,23127.229767849167,0.0,23127.229767849167,935.0406792380963,15194.943568605528,14118.287321703701,11565.852548666666,23213.642220327478,0,MILP,0.11539580000680871,7.958078640513122e-13,0
rolling_mae_selector,val_august,validation,2025-08-30,1.0,mae,1784.4022373777775,1574.0628858211644,41384.38355317107,0.0,23501.318090701345,0.0,23501.318090701345,775.7798762622007,19893.057324432688,12590.168081809521,10387.341562666667,23625.249247865933,0,MILP,0.15237319999141619,4.092726157978177e-12,0
rolling_mae_selector,val_august,validation,2025-08-31,1.0,mae,1574.0628858211644,2395.7523527111116,78414.74288740623,26.50513619047615,56014.86953148211,218.3203532838092,56233.18988476592,4539.249831626106,2629.044000000001,20456.897833875366,15830.566725238095,55607.15700528447,3,LP,0.00629089999711141,9.348077867343818e-13,0
rolling_mae_selector,eval_september,evaluation,2025-09-10,0.75,mae,4786.2408636984155,4596.088809841269,67860.3791468054,968.5033833333317,45661.315731247865,5167.422119424991,50828.73785067286,3864.563686658432,0.0,20102.405483956492,16454.085290476192,50962.536679538964,7,LP,0.0064107000071089715,9.094947017729282e-13,0
rolling_mae_selector,eval_september,evaluation,2025-09-11,0.75,mae,4596.088809841269,4802.58733751852,69292.72779655732,0.0,45569.45840851063,0.0,45569.45840851063,7376.39198123692,4680.02805,18707.227931987065,14967.005949999997,45429.50248263842,0,LP,0.00769840000430122,8.952838470577262e-13,0
rolling_mae_selector,eval_september,evaluation,2025-09-12,0.75,mae,4802.58733751852,5090.179315724865,35096.855935757136,0.0,17572.68698908223,0.0,17572.68698908223,1114.4127548571428,19762.82313299236,12679.637197483831,10011.673349576191,17423.83603172712,0,MILP,0.11411309998948127,1.8189894035458565e-12,0
rolling_mae_selector,eval_september,evaluation,2025-09-13,0.75,mae,5090.179315724865,5450.036683296296,35155.667926419046,0.0,17568.39046904141,0.0,17568.39046904141,725.114016449148,23653.009371646087,12876.691706190477,10106.248651199998,17384.912017235456,0,MILP,0.08784949997789226,1.6370904631912708e-11,0
rolling_mae_selector,eval_september,evaluation,2025-09-14,0.75,mae,5450.036683296296,4487.227906111115,68050.33159419635,0.0,45863.90457428531,0.0,45863.90457428531,5239.8085480952295,146.7241269077006,18057.905624526753,15493.431455333332,46536.248987280866,0,LP,0.008770599990384653,1.0231815394945443e-12,0
rolling_mae_selector,eval_september,evaluation,2025-09-15,0.75,mae,4487.227906111115,3986.774659746033,67434.65243069135,0.0,44664.699425116676,0.0,44664.699425116676,5790.846565650791,3405.924111568486,19059.25811509112,15888.40699495238,45007.78702486193,0,LP,0.007792599993990734,7.105427357601002e-13,0
rolling_mae_selector,eval_september,evaluation,2025-09-16,0.75,mae,3986.774659746033,3583.5142666084644,67472.52043429276,0.0,45279.69484995159,0.0,45279.69484995159,3415.045558430335,1430.3384217530897,18412.109603156958,15276.74313238095,45562.0383703201,0,LP,0.006839699984993786,7.673861546209082e-13,0
rolling_mae_selector,eval_september,evaluation,2025-09-17,0.5,mae,3583.5142666084644,3671.113625460318,68723.97640009523,7.62916666666672,45812.54940670499,38.19542291666694,45850.74482962165,4892.94958391299,0.0,19998.41136780129,16119.87378495238,45789.40343333524,1,LP,0.009798500017495826,9.094947017729282e-13,0
rolling_mae_selector,eval_september,evaluation,2025-09-18,0.5,mae,3671.113625460318,3584.4259127671953,68750.67448494297,0.0,45146.941483002425,0.0,45146.941483002425,4740.743438859495,1438.4827399271005,19439.0322679659,15823.635078476189,45207.00246876383,0,LP,0.010112300020409748,9.094947017729282e-13,0
rolling_mae_selector,eval_september,evaluation,2025-09-19,0.5,mae,3584.4259127671953,4492.430577862434,35408.8122466549,0.0,17365.12972210307,0.0,17365.12972210307,686.3350929276894,15162.060328636091,13904.527946519696,10445.463438095238,16880.321628783346,0,MILP,0.10904460001620464,2.362159850438022e-12,0
rolling_mae_selector,eval_september,evaluation,2025-09-20,0.5,mae,4492.430577862434,4611.037253275134,34567.74831505585,0.0,16718.044403774766,0.0,16718.044403774766,643.1293042857156,15593.405164015287,13573.863713421515,10888.083599999998,16655.33527538394,0,MILP,0.09614879998844117,8.526512829121202e-13,0
rolling_mae_selector,eval_september,evaluation,2025-09-21,0.5,mae,4611.037253275134,3822.106488999998,70831.18943953203,0.0,47703.37653661233,0.0,47703.37653661233,6664.572512959434,3430.7977519188707,16622.996732463256,14174.66504114286,48252.83870827149,0,LP,0.006536300003062934,9.094947017729282e-13,0
rolling_mae_selector,eval_september,evaluation,2025-09-22,0.5,mae,3822.106488999998,2889.0253054285704,68842.22145939565,0.0,46061.380122333976,0.0,46061.380122333976,3110.5356087042933,2524.7006999999994,18067.04385564374,15474.078588285716,46718.22203833334,0,LP,0.006579300010344014,8.881784197001252e-13,0
rolling_mae_selector,eval_september,evaluation,2025-09-23,0.5,mae,2889.0253054285704,2974.0764144920645,70776.06237700881,6.375,46607.10075875799,44.0799375,46651.18069625799,2971.4492344009363,1785.7420661846013,20168.865762804235,16260.235269714285,46591.34070272781,1,LP,0.006865799980005249,9.094947017729282e-13,0
rolling_mae_selector,eval_december,evaluation,2025-12-08,1.0,mae,1451.3861965089911,1823.0339727153448,96889.40221220929,0.0,73396.71127566401,0.0,73396.71127566401,4305.996233497942,0.0,23166.90454452087,18430.70968247619,73092.82836129196,0,LP,0.007743599999230355,9.663381206337363e-13,0
rolling_mae_selector,eval_december,evaluation,2025-12-09,1.0,mae,1823.0339727153448,1681.167125725927,96867.09747589417,28.02018466666675,72639.9440290359,207.1730520160006,72847.1170810519,5211.0980025185145,0.0,23280.239756137566,18984.674364761908,72962.76684605089,2,LP,0.006408799992641434,9.094947017729282e-13,0
rolling_mae_selector,eval_december,evaluation,2025-12-10,1.0,mae,1681.167125725927,1640.7699979100528,96997.72461758376,0.0,73799.82804260356,0.0,73799.82804260356,4357.173235080536,0.0,22575.21226774133,18322.279351904766,73833.13721661389,0,LP,0.007156300009228289,9.094947017729282e-13,0
rolling_mae_selector,eval_december,evaluation,2025-12-11,1.0,mae,1640.7699979100528,1849.5066304476222,97452.91486830216,0.0,72544.99077349133,0.0,72544.99077349133,7013.5284114791275,0.0,22580.362039680185,18102.23028285714,72376.3585797028,0,LP,0.005702199996449053,9.094947017729282e-13,0
rolling_mae_selector,eval_december,evaluation,2025-12-12,1.0,mae,1849.5066304476222,1922.1565517195847,50946.63655140623,0.0,23513.807161643017,0.0,23513.807161643017,2015.8044465467424,1328.8133463915274,20116.949189420335,16229.343914285711,23466.48286670786,0,LP,0.007324799982598051,1.0231815394945443e-12,0
rolling_mae_selector,eval_december,evaluation,2025-12-13,1.0,mae,1922.1565517195847,2001.8885422253966,51821.586006790116,0.0,24265.65428328015,0.0,24265.65428328015,2986.9171102692576,1132.38245,20168.390903854193,16264.637840666666,24213.29214231774,0,LP,0.007875199982663617,7.958078640513122e-13,0
rolling_mae_selector,eval_december,evaluation,2025-12-14,1.0,mae,2001.8885422253966,1739.627803660316,97981.36402969193,0.0,75080.75409603288,0.0,75080.75409603288,5070.020763092304,0.0,22992.927006885355,18860.305540285714,75298.08006313,0,LP,0.006838800007244572,6.821210263296962e-13,0
rolling_mae_selector,eval_december,evaluation,2025-12-15,1.0,mae,1739.627803660316,1911.330116133336,99872.19156622222,0.0,76565.54452005666,0.0,76565.54452005666,5856.481038444449,0.0,23113.791999396824,18567.639438285714,76424.23416077504,0,LP,0.007642000011401251,9.094947017729282e-13,0
rolling_mae_selector,eval_december,evaluation,2025-12-16,1.0,mae,1911.330116133336,1830.002305755558,99682.91976615167,0.0,75884.50974272215,0.0,75884.50974272215,6019.67397259612,0.0,22728.15520822222,18483.000748,75951.18411154559,0,LP,0.0058800000115297735,9.094947017729282e-13,0
rolling_mae_selector,eval_december,evaluation,2025-12-17,1.0,mae,1830.002305755558,1875.848881186245,99301.84177987183,0.0,75798.81816862793,0.0,75798.81816862793,6848.438154174015,0.0,22212.0770586502,17950.520499619044,75761.31893649412,0,LP,0.007490400021197274,1.0231815394945443e-12,0
rolling_mae_selector,eval_december,evaluation,2025-12-18,1.0,mae,1875.848881186245,1865.7872980433888,98744.06427248206,0.0,74616.13279862392,0.0,74616.13279862392,7015.193275529683,0.0,23008.733974285715,18646.129944,74624.36850627384,0,LP,0.008892799989553168,9.094947017729282e-13,0
rolling_mae_selector,eval_december,evaluation,2025-12-19,1.0,mae,1865.7872980433888,1694.2762466719578,52224.09750531099,0.0,24123.14758611462,0.0,24123.14758611462,3934.652207141687,1810.65698271605,19603.984008881824,16033.58699342857,24235.073125573846,0,LP,0.006552399980137125,1.0231815394945443e-12,0
rolling_mae_selector,eval_december,evaluation,2025-12-20,1.0,mae,1694.2762466719578,1872.7814958687843,52488.170953038214,0.0,24201.309429357596,0.0,24201.309429357596,3795.830902636096,1821.318116666667,20284.289260306876,16269.619576571426,24085.80336836512,0,LP,0.00878440000815317,9.094947017729282e-13,0
rolling_mae_selector,eval_december,evaluation,2025-12-21,1.0,mae,1872.7814958687843,1866.898438401062,97965.79764183186,0.0,74285.28370205458,0.0,74285.28370205458,4540.82290248089,0.0,23118.3559179224,18731.163045238092,74290.10233058085,0,LP,0.0072549000033177435,9.094947017729282e-13,0
oracle_alpha_daily,dev_march,development,2025-03-07,0.0,oracle,1607.6682326867735,1799.9208019068776,34105.28322439623,0.0,14008.337912463983,0.0,14008.337912463983,531.8709466337457,9508.771124961786,15628.04372194356,12485.688102476191,13903.05055261488,0,MILP,0.16566090000560507,1.6484591469634324e-12,0
oracle_alpha_daily,dev_march,development,2025-03-08,0.0,oracle,1799.9208019068776,1746.895154250794,32969.960558318635,0.0,13541.247898128067,0.0,13541.247898128067,563.4289694779532,10443.300079954146,15514.816184791298,12614.724192571426,13569.75113906397,0,MILP,0.1293236000055913,1.8189894035458565e-12,0
oracle_alpha_daily,dev_march,development,2025-03-09,1.0,oracle,1746.895154250794,1561.1631377291037,76873.91025030453,0.0,48596.71613421043,0.0,48596.71613421043,7848.288972299819,2007.7979637895348,20270.826732024692,16586.528467809523,48727.7367223778,0,LP,0.007207699993159622,6.821210263296962e-13,0
oracle_alpha_daily,dev_march,development,2025-03-10,1.0,oracle,1561.1631377291037,1492.0528197248711,75468.31508035742,0.0,49242.05094077318,0.0,49242.05094077318,3048.439095282771,360.69671666666625,21470.037392693706,17452.929574285714,49291.962844375324,0,LP,0.0070835000078659505,6.821210263296962e-13,0
oracle_alpha_daily,dev_march,development,2025-03-11,1.0,oracle,1492.0528197248711,1660.3619091830622,75212.64844544501,0.0,48126.316245688184,0.0,48126.316245688184,5785.330828725446,1440.661016666667,20506.629576529103,16458.891776476194,48006.740421923525,0,LP,0.008005399984540418,7.736034035588091e-13,0
oracle_alpha_daily,dev_march,development,2025-03-12,1.0,oracle,1660.3619091830622,1461.79973104127,74725.50240643973,0.0,46963.13106840106,0.0,46963.13106840106,6599.761112459718,2063.319184865368,20029.43887425751,16402.551448476195,47102.55174998604,0,LP,0.007443300011800602,9.094947017729282e-13,0
oracle_alpha_daily,dev_march,development,2025-03-13,1.0,oracle,1461.79973104127,1411.4148678222232,74105.09665238565,31.119295977141405,47584.970061691936,193.14775464432972,47778.117816336264,2413.5683936213895,0.0,22223.031131430926,18046.00159335619,47814.37847979235,2,LP,0.005799100006697699,8.588685318500211e-13,0
oracle_alpha_daily,dev_march,development,2025-03-14,0.25,oracle,1411.4148678222232,1920.35807457037,32440.35028776249,0.0,13054.403915192777,0.0,13054.403915192777,379.6125664467984,12584.952272317458,15727.950418902994,12281.590953238094,12783.51984766959,0,MILP,0.16362910001771525,1.0800249583553523e-12,0
oracle_alpha_daily,dev_march,development,2025-03-15,1.0,oracle,1920.35807457037,1370.7079328285708,31490.085345136977,0.0,13136.119229275908,0.0,13136.119229275908,567.2663150476187,7657.394756388007,14926.232901415637,12584.933777714285,13435.29105317526,0,MILP,0.14835460000904277,8.526512829121202e-13,0
oracle_alpha_daily,dev_march,development,2025-03-16,0.0,oracle,1370.7079328285708,1822.317553566139,73654.39127774484,0.0,46140.495111215314,0.0,46140.495111215314,5546.367084458555,488.8266500000001,20324.747112048204,16056.59650209524,45821.47553482218,0,LP,0.007270100002642721,9.094947017729282e-13,0
oracle_alpha_daily,dev_march,development,2025-03-17,0.75,oracle,1822.317553566139,1941.2955254317494,72355.18249959905,0.0,44212.50468711554,0.0,44212.50468711554,8169.702071366254,2635.277233333333,18868.376773089945,15176.305011523807,44131.10494096766,0,LP,0.008924900001147762,1.0231815394945443e-12,0
oracle_alpha_daily,dev_march,development,2025-03-18,0.0,oracle,1941.2955254317494,1796.3681319396808,70198.11963049616,0.0,43415.931037321745,0.0,43415.931037321745,3916.050307040562,1253.98175,21224.0203206937,17321.89111390476,43517.15050284751,0,LP,0.008450199995422736,9.094947017729282e-13,0
oracle_alpha_daily,dev_march,development,2025-03-19,1.0,oracle,1796.3681319396808,2060.98474157037,70013.77680179071,0.0,42894.864602645364,0.0,42894.864602645364,4383.96797734861,1902.2185999999997,21178.76224091829,16916.64246647619,42711.04751706774,0,LP,0.006717000011121854,9.094947017729282e-13,0
oracle_alpha_daily,dev_march,development,2025-03-20,1.0,oracle,2060.98474157037,1550.5062194888894,69155.06826177072,35.58052725809614,43300.17888757115,235.32960728504787,43535.5084948562,2440.0422835390914,1014.3316833333329,20982.861449279248,17455.548443789525,43893.23876211877,1,LP,0.005406800017226487,9.601208716958354e-13,0
oracle_alpha_daily,dev_april,development,2025-04-17,0.5,oracle,1618.0719069862432,1945.3748361206358,60737.177014785426,0.0,36030.89372679281,0.0,36030.89372679281,1909.9157752745512,1752.042219107586,20591.073864117574,16384.197193714284,35810.621923950326,0,LP,0.007011499983491376,9.094947017729282e-13,0
oracle_alpha_daily,dev_april,development,2025-04-18,0.75,oracle,1945.3748361206358,2146.0427089597865,26954.930240705467,0.0,10666.887103801819,0.0,10666.887103801819,432.5333284761913,17492.553124650207,13132.23957205526,10456.512967809524,10565.855219437024,0,MILP,0.12549820001004264,1.8189894035458565e-12,0
oracle_alpha_daily,dev_april,development,2025-04-19,0.25,oracle,2146.0427089597865,2102.49358338201,26817.021450395066,0.0,10644.189084501631,0.0,10644.189084501631,502.6140351428577,17138.474211944736,12791.83245435509,10400.578501047616,10666.058529947872,0,MILP,0.11405569998896681,5.6009715384182826e-11,0
oracle_alpha_daily,dev_april,development,2025-04-20,0.25,oracle,2102.49358338201,1969.5795107566153,59747.4441886408,0.0,35468.157287796974,0.0,35468.157287796974,1743.3974853838972,2416.319024331574,19734.765583972956,16104.782788380951,35557.32867455099,0,LP,0.004678600002080202,9.094947017729282e-13,0
oracle_alpha_daily,dev_april,development,2025-04-21,1.0,oracle,1969.5795107566153,1556.6358251216939,59605.144411824804,0.0,34958.71225886201,0.0,34958.71225886201,3333.855380968847,4531.779607807178,18917.09661466783,15694.497574952378,35231.485049396,0,LP,0.006087699992349371,9.094947017729282e-13,0
oracle_alpha_daily,dev_april,development,2025-04-22,1.0,oracle,1556.6358251216939,1770.9271901259242,59562.373932526745,0.0,35522.86567319285,0.0,35522.86567319285,1289.5315996331622,2114.6451166666666,20065.293005560256,16060.025106,35378.03417551268,0,LP,0.005482999986270443,9.094947017729282e-13,0
oracle_alpha_daily,dev_april,development,2025-04-23,0.0,oracle,1770.9271901259242,1854.0215778994727,59607.19095921693,0.0,36132.400933942845,0.0,36132.400933942845,2269.3696329582617,2345.5203256754867,18513.680710106994,14921.296426190474,36076.46833577673,0,LP,0.005387999990489334,1.0231815394945443e-12,0
oracle_alpha_daily,dev_april,development,2025-04-24,0.75,oracle,1854.0215778994727,1810.3481244074087,58714.370014029395,0.0,34949.01235744828,0.0,34949.01235744828,2990.185737393299,5079.28993243857,18916.28290705467,15361.495262857141,34977.94891375306,0,LP,0.00678429999970831,9.094947017729282e-13,0
oracle_alpha_daily,dev_april,development,2025-04-25,0.0,oracle,1810.3481244074087,1757.9912371132332,26135.985587497944,0.0,9922.851805049037,0.0,9922.851805049037,275.16554114285805,21542.94785706643,12445.451251860082,10127.936712571427,9948.329844436346,0,MILP,0.13711300000431947,2.021099337273174e-12,0
oracle_alpha_daily,dev_april,development,2025-04-26,0.5,oracle,1757.9912371132332,1528.5528376656105,26058.808989927096,0.0,10085.15309433801,0.0,10085.15309433801,62.003718952381064,23784.54332531922,12360.85722013168,10218.788907809521,10196.206872231645,0,MILP,0.14284460002090782,3.069544618483633e-12,0
oracle_alpha_daily,dev_april,development,2025-04-27,0.75,oracle,1528.5528376656105,1485.078089274073,55806.05916888888,409.53821862095543,32757.77174622399,2686.7754832627784,35444.547229486765,1456.8873385714296,2411.126752616107,20069.680981796588,16295.568868807615,35473.25814352656,1,LP,0.006353900011163205,8.810729923425242e-13,0
oracle_alpha_daily,dev_april,development,2025-04-28,0.5,oracle,1485.078089274073,1504.9808207925923,55359.6419113933,4437.198547806659,33334.158436671205,27829.98038465424,61164.13882132545,179.7681938095236,0.0,15669.434159774251,12674.329211050479,61150.41694527604,11,LP,0.004836299980524927,8.810729923425242e-13,0
oracle_alpha_daily,dev_april,development,2025-04-29,0.25,oracle,1504.9808207925923,1708.2381589777765,57695.52719732746,91.64631719332829,33757.04152597411,606.5153271854466,34363.556853159556,2280.3068751122855,4399.810942798355,18373.212503035862,14699.370523092384,34229.94678522605,1,LP,0.0052355999941937625,9.094947017729282e-13,0
oracle_alpha_daily,dev_april,development,2025-04-30,0.0,oracle,1708.2381589777765,1574.2241074687856,57021.52832893709,0.0,33466.00117081689,0.0,33466.00117081689,2684.427912333919,2737.51952542975,18228.100548411523,14885.374090571428,33553.98114435619,0,LP,0.005507599998963997,8.86402062860725e-13,0
oracle_alpha_daily,val_june,validation,2025-06-08,1.0,oracle,1781.3549957153423,2171.0779953894194,87309.43287990359,19.011776857142877,59334.63628437321,131.58670150204773,59466.22298587526,17139.885046746625,1625.3386999999998,15934.457598109344,12556.1599547619,59186.64691044532,3,LP,0.00531750000664033,9.094947017729282e-13,0
oracle_alpha_daily,val_june,validation,2025-06-09,0.5,oracle,2171.0779953894194,2138.257540046561,85512.40364992122,26.182083523809524,59530.98545150569,184.1079778854762,59715.09342939116,9988.883467980018,964.5978262504459,19378.579556262186,15726.187850380951,59739.292956241894,2,LP,0.004549600009340793,7.958078640513122e-13,0
oracle_alpha_daily,val_june,validation,2025-06-10,0.5,oracle,2138.257540046561,2282.374572296297,86109.13882866432,0.0,59656.48395009073,0.0,59656.48395009073,10113.75741792358,458.2999333333329,19941.746921312166,16023.109677238093,59550.53829544153,0,LP,0.006462499994086102,9.094947017729282e-13,0
oracle_alpha_daily,val_june,validation,2025-06-11,0.75,oracle,2282.374572296297,2422.400642355556,86653.87763997765,2.011921428571327,60103.3826811779,13.950663185713582,60117.333344363615,6096.181735213409,0.0,22890.7265603833,18415.46505085714,60012.52006772363,1,LP,0.008063999994192272,8.526512829121202e-13,0
oracle_alpha_daily,val_june,validation,2025-06-12,1.0,oracle,2422.400642355556,2566.014159001057,87405.72464227278,0.0,61047.29657165055,0.0,61047.29657165055,10741.502776256322,448.5068666666666,19126.691584397413,15363.368018380952,60941.053446238955,0,LP,0.005552099988562986,8.526512829121202e-13,0
oracle_alpha_daily,val_june,validation,2025-06-13,0.0,oracle,2566.014159001057,2734.6829980497337,39993.47707032922,0.0,20261.94030099058,0.0,20261.94030099058,2186.1517375637877,6867.050122007057,12858.73450323457,10263.77299247619,20164.782622141516,0,LP,0.006944399996427819,8.526512829121202e-13,0
oracle_alpha_daily,val_june,validation,2025-06-14,0.5,oracle,2734.6829980497337,2621.9770834973533,39995.37272986362,0.0,20684.898860225472,0.0,20684.898860225472,1709.7653166666692,9907.810760513818,12030.995925159323,9846.54202247619,20749.499706769802,0,LP,0.006217799993464723,9.094947017729282e-13,0
oracle_alpha_daily,val_june,validation,2025-06-15,1.0,oracle,2621.9770834973533,3334.1899856793657,88525.13867581423,0.0,61606.59337067426,0.0,61606.59337067426,13313.132068965322,298.84709999999995,19185.229271325097,14899.044097809523,61082.37307022076,0,LP,0.004526399978203699,9.094947017729282e-13,0
oracle_alpha_daily,val_june,validation,2025-06-16,1.0,oracle,3334.1899856793657,3177.1414284984144,87140.94532746737,0.0,61555.62243558561,0.0,61555.62243558561,10758.201807617877,134.01041666666652,19452.75783146855,15898.077544952379,61671.98245995073,0,LP,0.0053186999866738915,9.663381206337363e-13,0
oracle_alpha_daily,val_june,validation,2025-06-17,1.0,oracle,3177.1414284984144,2714.8833426867736,86297.67253812814,0.0,60468.10706902235,0.0,60468.10706902235,8369.884734480891,194.24276666666685,18487.189987075828,15390.656166761903,60812.842392565064,0,LP,0.008491699991282076,9.094947017729282e-13,0
oracle_alpha_daily,val_june,validation,2025-06-18,1.0,oracle,2714.8833426867736,2982.7764268380965,87076.35592540976,0.0,61041.34442682031,0.0,61041.34442682031,12581.41302877367,88.67290000000003,17035.65958368371,13557.780487047617,60843.62727552785,0,LP,0.0048316000029444695,9.094947017729282e-13,0
oracle_alpha_daily,val_june,validation,2025-06-19,1.0,oracle,2982.7764268380965,2748.828737898414,85070.253296,48.66240171428569,58562.84454532041,334.32397563485705,58897.16852095527,11921.529725077016,1736.3104999999996,17958.54838254203,14756.97710990476,59067.27641831979,2,LP,0.005829500005347654,9.094947017729282e-13,0
oracle_alpha_daily,val_june,validation,2025-06-20,0.0,oracle,2748.828737898414,2910.1708693925957,36593.65816173545,0.0,18715.560420286558,0.0,18715.560420286558,1894.275361809525,9942.38456893827,11637.944540225752,9281.527159238092,18625.341732230634,0,LP,0.006356699974276125,9.094947017729282e-13,0
oracle_alpha_daily,val_june,validation,2025-06-21,0.0,oracle,2910.1708693925957,3273.515645382012,35206.86527686772,0.0,18123.852132626984,0.0,18123.852132626984,1657.1340441904772,11555.502995288654,12276.197573674306,9616.709736285711,17924.530953410045,0,MILP,0.12764839999726973,2.5579538487363607e-12,0
oracle_alpha_daily,val_august,validation,2025-08-18,1.0,oracle,2178.160729337569,2134.924192117462,72442.89799171193,102.00601809523812,52944.055423831145,860.0659960050001,53804.12141983614,2419.521094069376,2044.6419833333339,19608.09578545208,15921.470469714286,53837.102466610326,4,LP,0.008484899997711182,8.668621376273222e-13,0
oracle_alpha_daily,val_august,validation,2025-08-19,0.5,oracle,2134.924192117462,1852.4128791502637,72476.0952575191,115.82866466666655,52888.11747832676,987.5119954816656,53875.629473808425,1900.0480013474414,3056.2459381704884,18801.211128096413,15483.24119542857,54089.949265469026,4,LP,0.0055982999911066145,8.526512829121202e-13,0
oracle_alpha_daily,val_august,validation,2025-08-20,1.0,oracle,1852.4128791502637,1630.2109173555552,72871.02814889594,1717.1356129085539,53889.65918542745,11000.159515006164,64889.818700433614,335.32722333333334,0.0,20011.19598641976,16409.050514615254,65063.072625321925,11,LP,0.005774299992481247,8.810729923425242e-13,0
oracle_alpha_daily,val_august,validation,2025-08-21,0.25,oracle,1630.2109173555552,1854.9618214603195,74223.70503470546,0.0,53817.37321313503,0.0,53817.37321313503,2778.1807798788896,1838.26615,18739.809514731336,14976.969893238094,53646.00373908008,0,LP,0.007320000004256144,9.094947017729282e-13,0
oracle_alpha_daily,val_august,validation,2025-08-22,1.0,oracle,1854.9618214603195,1486.6533281999998,40281.695549542856,33.57257334380829,22750.17936909998,68.55519476805651,22818.734563868038,84.03061076190511,16781.78014360964,13422.976907628456,11204.088939113335,23037.665879588687,1,MILP,0.1267488000157755,1.8758328224066645e-12,0
oracle_alpha_daily,val_august,validation,2025-08-23,0.25,oracle,1486.6533281999998,1979.019094723807,40956.32355367901,0.0,22733.644647174373,0.0,22733.644647174373,363.3555254791302,15031.781901650791,13621.319929882424,10590.139953333333,22441.535423854148,0,MILP,0.11125980000360869,1.1368683772161603e-12,0
oracle_alpha_daily,val_august,validation,2025-08-24,0.75,oracle,1979.019094723807,2100.0782866380923,76122.04163747795,0.0,54777.48480105418,0.0,54777.48480105418,4126.352660705472,4382.703466666667,19844.435547629626,15965.039520857143,54685.85275317242,0,LP,0.004948399990098551,1.0231815394945443e-12,0
oracle_alpha_daily,val_august,validation,2025-08-25,0.75,oracle,2100.0782866380923,1707.2043083703695,76204.94830689124,194.44487727809246,55361.0136517871,1651.7392593657878,57012.752911152886,1268.760772564377,848.1037247454473,20331.727634914754,16822.285964721905,57316.89286378153,3,LP,0.006429400003980845,9.094947017729282e-13,0
oracle_alpha_daily,val_august,validation,2025-08-26,0.25,oracle,1707.2043083703695,2289.724857334393,77810.48083583773,0.0,55571.67485911247,0.0,55571.67485911247,5546.641323325097,2352.9642563786024,20304.14936175308,15922.092488952381,55128.97307676285,0,LP,0.005562399979680777,9.094947017729282e-13,0
oracle_alpha_daily,val_august,validation,2025-08-27,0.5,oracle,2289.724857334393,1885.1668969915347,76984.80180751321,16.225255619048085,55332.618316871565,134.3372614190515,55466.95557829062,3515.2153693345085,2047.9594448559667,20462.1344557037,16938.431073428572,55777.6758140345,2,LP,0.005464699992444366,7.673861546209082e-13,0
oracle_alpha_daily,val_august,validation,2025-08-28,0.75,oracle,1885.1668969915347,1928.8909241407414,76463.18450198119,46.880709523809514,55477.05531274525,388.3171611380952,55865.37247388335,1681.38974004821,0.0,21165.941387837738,17105.060899714284,55831.39215489172,3,LP,0.005404099996667355,8.242295734817162e-13,0
oracle_alpha_daily,val_august,validation,2025-08-29,0.25,oracle,1928.8909241407414,1866.290473920636,41237.63937088066,0.0,23120.33783671424,0.0,23120.33783671424,904.8304804761917,15146.546366019988,14144.118839908288,11513.07666552381,23157.77646634647,0,MILP,0.10803829997894354,3.98535525568554e-12,0
oracle_alpha_daily,val_august,validation,2025-08-30,1.0,oracle,1866.290473920636,1574.0628858211626,41293.39662367901,0.0,23469.463566686172,0.0,23469.463566686172,775.7798762622007,19893.057324432688,12499.181152317457,10387.341562666668,23641.642965740928,0,MILP,0.16235120000783354,9.094947017729282e-13,0
oracle_alpha_daily,val_august,validation,2025-08-31,0.75,oracle,1574.0628858211626,2395.7523527111116,78414.74288740623,26.50513619047615,56014.86953148211,218.3203532838092,56233.18988476592,4539.249831626106,2629.044000000001,20456.89783387537,15830.566725238095,55607.15700528447,3,LP,0.006537500012200326,9.348077867343818e-13,0
oracle_alpha_daily,eval_september,evaluation,2025-09-10,0.0,oracle,4786.2408636984155,4596.088809841269,67698.08154233157,296.37601666666484,45826.57312729453,1550.4782996166568,47377.05142691118,3030.138715517931,0.0,20102.405483956492,16454.085290476192,47510.85025577729,4,LP,0.006953300005989149,9.094947017729282e-13,0
oracle_alpha_daily,eval_september,evaluation,2025-09-11,1.0,oracle,4596.088809841269,4802.58733751852,69292.72779655732,0.0,45546.34378408827,0.0,45546.34378408827,7376.39198123692,4680.02805,18707.227931987065,14967.005949999997,45406.387858216054,0,LP,0.005409499979577959,8.952838470577262e-13,0
oracle_alpha_daily,eval_september,evaluation,2025-09-12,0.75,oracle,4802.58733751852,5090.179315724865,35096.855935757136,0.0,17572.68698908223,0.0,17572.68698908223,1114.4127548571428,19762.82313299236,12679.637197483831,10011.673349576191,17423.83603172712,0,MILP,0.10409300000173971,1.8189894035458565e-12,0
oracle_alpha_daily,eval_september,evaluation,2025-09-13,0.5,oracle,5090.179315724865,5445.944860185186,35155.667926419046,0.0,17557.62896008284,0.0,17557.62896008284,725.114016449148,23653.009371646087,12896.074026190478,10125.630971199997,17376.236783110042,0,MILP,0.077653200016357,1.6370904631912708e-11,0
oracle_alpha_daily,eval_september,evaluation,2025-09-14,1.0,oracle,5445.944860185186,4949.312271687833,68054.8780643198,0.0,45843.01318074598,0.0,45843.01318074598,4723.577254285706,146.7241269077006,18590.638225126397,15505.386292,46189.81947717787,0,LP,0.005730100005166605,1.0231815394945443e-12,0
oracle_alpha_daily,eval_september,evaluation,2025-09-15,1.0,oracle,4949.312271687833,4326.602948687832,66921.22535782833,0.0,44414.88048162858,0.0,44414.88048162858,5398.135520412695,3405.924111568486,19003.01833270429,15952.883240190476,44841.78119317119,0,LP,0.00642570000491105,7.105427357601002e-13,0
oracle_alpha_daily,eval_september,evaluation,2025-09-16,1.0,oracle,4326.602948687832,3937.5010263756626,67094.93344657966,0.0,45117.93703178076,0.0,45117.93703178076,3022.2157150970006,1430.3384217530897,18425.268718300995,15274.659391904761,45390.36747225373,0,LP,0.010013899998739362,7.673861546209082e-13,0
oracle_alpha_daily,eval_september,evaluation,2025-09-17,1.0,oracle,3937.5010263756626,4145.127008402115,68330.65777813167,7.62916666666672,45673.09068224569,38.19542291666694,45711.286105162355,4378.899014865371,0.0,20065.295505837737,16066.02597590476,45565.89614101457,1,LP,0.005559399985941127,9.094947017729282e-13,0
oracle_alpha_daily,eval_september,evaluation,2025-09-18,1.0,oracle,4145.127008402115,4008.224868169312,68223.99294834097,0.0,45016.748448667844,0.0,45016.748448667844,4211.157454192826,1526.2655031651957,19230.16210803057,15699.643233714285,45111.60015532593,0,LP,0.007202200009487569,9.094947017729282e-13,0
oracle_alpha_daily,eval_september,evaluation,2025-09-19,1.0,oracle,4008.224868169312,4564.305045068782,34937.924518430336,0.0,17167.130853751136,0.0,17167.130853751136,480.1960529276891,15281.194618636091,13551.101952580837,10475.92042238095,16870.224702649753,0,MILP,0.08797950000735,4.042198674546348e-12,0
oracle_alpha_daily,eval_september,evaluation,2025-09-20,0.0,oracle,4564.305045068782,4610.873304386246,34487.887795937684,0.0,16678.14519145048,0.0,16678.14519145048,643.1293042857142,15593.405164015287,13494.77979430335,10888.8602,16653.52385422545,0,MILP,0.091602900007274,3.637978807091713e-12,0
oracle_alpha_daily,eval_september,evaluation,2025-09-21,1.0,oracle,4610.873304386246,4208.748330640212,70845.60734687712,0.0,47563.203205597914,0.0,47563.203205597914,6213.7610405784835,3430.7977519188707,17239.334460094058,14325.773389047617,47843.268924109834,0,LP,0.00756950001232326,9.094947017729282e-13,0
oracle_alpha_daily,eval_september,evaluation,2025-09-22,1.0,oracle,4208.748330640212,3246.7626313650803,68412.61941312875,0.0,45921.09019542622,0.0,45921.09019542622,2734.205888627871,2524.7006999999994,17923.579318500877,15383.886377333334,46598.27942718989,0,LP,0.007000899990089238,8.881784197001252e-13,0
oracle_alpha_daily,eval_september,evaluation,2025-09-23,0.0,oracle,3246.7626313650803,2974.0764144920645,70378.57645930158,6.375,46375.161328087874,44.0799375,46419.24126558788,2958.7159434132855,1785.7420661846013,19838.39716608465,16314.519299714284,46611.09698191097,1,LP,0.00796960000297986,9.094947017729282e-13,0
oracle_alpha_daily,eval_december,evaluation,2025-12-08,1.0,oracle,1451.3861965089911,1823.0339727153448,96889.40221220929,0.0,73396.71127566401,0.0,73396.71127566401,4305.996233497942,0.0,23166.90454452087,18430.70968247619,73092.82836129196,0,LP,0.007779599982313812,9.663381206337363e-13,0
oracle_alpha_daily,eval_december,evaluation,2025-12-09,0.75,oracle,1823.0339727153448,1681.167125725927,96867.09747589417,28.02018466666675,72632.62598998491,207.1730520160006,72839.7990420009,5217.697745407406,0.0,23245.504267248674,18956.538618761908,72955.44880699989,2,LP,0.008044799993513152,9.094947017729282e-13,0
oracle_alpha_daily,eval_december,evaluation,2025-12-10,1.0,oracle,1681.167125725927,1640.7699979100528,96997.72461758376,0.0,73799.82804260356,0.0,73799.82804260356,4357.173235080536,0.0,22575.21226774133,18322.279351904766,73833.13721661389,0,LP,0.007539199985330924,9.094947017729282e-13,0
oracle_alpha_daily,eval_december,evaluation,2025-12-11,1.0,oracle,1640.7699979100528,1849.5066304476222,97452.91486830216,0.0,72544.99077349133,0.0,72544.99077349133,7013.5284114791275,0.0,22580.362039680185,18102.23028285714,72376.3585797028,0,LP,0.006831200007582083,9.094947017729282e-13,0
oracle_alpha_daily,eval_december,evaluation,2025-12-12,0.25,oracle,1849.5066304476222,1922.1565517195847,50946.63655140623,0.0,23443.31189665555,0.0,23443.31189665555,2015.8044465467453,1328.8133463915274,20116.94918942033,16229.343914285711,23395.98760172039,0,LP,0.005239999998593703,1.0231815394945443e-12,0
oracle_alpha_daily,eval_december,evaluation,2025-12-13,1.0,oracle,1922.1565517195847,2001.8885422253966,51821.586006790116,0.0,24265.65428328015,0.0,24265.65428328015,2986.9171102692576,1132.38245,20168.390903854193,16264.637840666666,24213.29214231774,0,LP,0.004970500012859702,7.958078640513122e-13,0
oracle_alpha_daily,eval_december,evaluation,2025-12-14,0.5,oracle,2001.8885422253966,1739.627803660316,98139.69736302528,0.0,75037.4084002816,0.0,75037.4084002816,5075.018007467377,0.0,23799.959054034087,19514.00149847619,75254.73436737871,0,LP,0.005380000016884878,6.821210263296962e-13,0
oracle_alpha_daily,eval_december,evaluation,2025-12-15,0.75,oracle,1739.627803660316,1911.330116133336,99872.19156622222,0.0,76535.52383581093,0.0,76535.52383581093,5856.48103844445,0.0,23113.791999396824,18567.639438285714,76394.21347652932,0,LP,0.0045510999916587025,9.094947017729282e-13,0
oracle_alpha_daily,eval_december,evaluation,2025-12-16,0.75,oracle,1911.330116133336,1830.002305755558,99682.91976615167,0.0,75884.50974272215,0.0,75884.50974272215,6019.67397259612,0.0,22728.15520822222,18483.000748,75951.18411154559,0,LP,0.005256799980998039,9.094947017729282e-13,0
oracle_alpha_daily,eval_december,evaluation,2025-12-17,0.0,oracle,1830.002305755558,1875.848881186245,99460.17511320517,0.0,75719.4197189186,0.0,75719.4197189186,6785.611360997062,0.0,23376.077724493818,18893.36103895238,75681.92048678479,0,LP,0.005582399986451492,1.0231815394945443e-12,0
oracle_alpha_daily,eval_december,evaluation,2025-12-18,0.75,oracle,1875.848881186245,1865.7872980433888,98744.06427248206,0.0,74516.55948975269,0.0,74516.55948975269,7015.569504303346,0.0,23006.753822845385,18644.526021333335,74524.79519740261,0,LP,0.004721100005554035,9.094947017729282e-13,0
oracle_alpha_daily,eval_december,evaluation,2025-12-19,0.75,oracle,1865.7872980433888,1694.2762466719578,52224.09750531099,0.0,24121.722194657013,0.0,24121.722194657013,3934.6522071416857,1810.65698271605,19603.984008881827,16033.58699342857,24233.64773411624,0,LP,0.005305300001055002,1.0231815394945443e-12,0
oracle_alpha_daily,eval_december,evaluation,2025-12-20,0.25,oracle,1694.2762466719578,1872.7814958687843,52488.170953038214,0.0,24082.288300824657,0.0,24082.288300824657,3795.8309026360967,1821.318116666667,20284.289260306876,16269.619576571426,23966.78223983218,0,LP,0.005641800002194941,9.094947017729282e-13,0
oracle_alpha_daily,eval_december,evaluation,2025-12-21,0.75,oracle,1872.7814958687843,1866.898438401062,97965.79764183186,0.0,74279.81613444189,0.0,74279.81613444189,4540.822902480888,0.0,23118.3559179224,18731.163045238092,74284.63476296815,0,LP,0.005316099995980039,9.094947017729282e-13,0
