method,window,period,date,selected_alpha,mae,mse,rank_correlation,high_quartile_overlap,low_quartile_overlap
blend_a000,dev_march,development,2025-03-07,0.0,0.1576958333333333,0.029707297361111114,0.9011697305021121,0.8333333333333334,0.5555555555555556
blend_a000,dev_march,development,2025-03-08,0.0,0.16893402777777777,0.03491588048611111,0.9037096429126842,0.8055555555555556,0.6388888888888888
blend_a000,dev_march,development,2025-03-09,0.0,0.0432201388888889,0.002934583263888889,0.9701136975797019,0.8888888888888888,0.75
blend_a000,dev_march,development,2025-03-10,0.0,0.05545833333333334,0.0053793306944444445,0.9594452979470136,0.8333333333333334,0.7777777777777778
blend_a000,dev_march,development,2025-03-11,0.0,0.04992083333333334,0.0038564801388888906,0.9531273862996626,0.8611111111111112,0.8055555555555556
blend_a000,dev_march,development,2025-03-12,0.0,0.04352777777777778,0.0029349755555555562,0.9481327196431003,0.8611111111111112,0.7222222222222222
blend_a000,dev_march,development,2025-03-13,0.0,0.05578611111111112,0.005091784305555556,0.9566922844521557,0.8333333333333334,0.75
blend_a000,dev_march,development,2025-03-14,0.0,0.17515625,0.036772298263888885,0.894538271497145,0.8888888888888888,0.5833333333333334
blend_a000,dev_march,development,2025-03-15,0.0,0.1622222222222222,0.03219771166666666,0.9288616579355182,0.8055555555555556,0.6666666666666666
blend_a000,dev_march,development,2025-03-16,0.0,0.045496527777777775,0.0032422210416666666,0.9469984617520134,0.8611111111111112,0.7777777777777778
blend_a000,dev_march,development,2025-03-17,0.0,0.038602083333333335,0.002484709097222223,0.9343454540049538,0.8611111111111112,0.6666666666666666
blend_a000,dev_march,development,2025-03-18,0.0,0.03935555555555556,0.002611493194444445,0.9630612798614862,0.8888888888888888,0.8611111111111112
blend_a000,dev_march,development,2025-03-19,0.0,0.04047986111111111,0.002789232986111112,0.9615843323196165,0.8611111111111112,0.7777777777777778
blend_a000,dev_march,development,2025-03-20,0.0,0.04234652777777778,0.002790599375000001,0.9609393211276707,0.8611111111111112,0.7777777777777778
blend_a000,dev_april,development,2025-04-17,0.0,0.03655069444444445,0.0022170479861111114,0.9475188164951057,0.8333333333333334,0.75
blend_a000,dev_april,development,2025-04-18,0.0,0.20677708333333333,0.053204660347222224,0.9012618699106221,0.8333333333333334,0.6388888888888888
blend_a000,dev_april,development,2025-04-19,0.0,0.20822083333333333,0.05416405763888889,0.8940729651322622,0.8055555555555556,0.6111111111111112
blend_a000,dev_april,development,2025-04-20,0.0,0.036536111111111116,0.0027636600000000002,0.9556974489411738,0.8888888888888888,0.75
blend_a000,dev_april,development,2025-04-21,0.0,0.04619652777777777,0.0037188320138888883,0.9410563142708923,0.8611111111111112,0.6944444444444444
blend_a000,dev_april,development,2025-04-22,0.0,0.035166666666666666,0.0019643704166666673,0.9445206381094825,0.8888888888888888,0.6944444444444444
blend_a000,dev_april,development,2025-04-23,0.0,0.04229305555555555,0.003123388888888889,0.9515991608497076,0.8333333333333334,0.6944444444444444
blend_a000,dev_april,development,2025-04-24,0.0,0.04908611111111111,0.004037985138888888,0.9443477090156226,0.7777777777777778,0.6666666666666666
blend_a000,dev_april,development,2025-04-25,0.0,0.22550555555555554,0.06356471749999999,0.8758380866571885,0.7777777777777778,0.5833333333333334
blend_a000,dev_april,development,2025-04-26,0.0,0.2283923611111111,0.06763684770833334,0.8718195784294918,0.7777777777777778,0.5
blend_a000,dev_april,development,2025-04-27,0.0,0.046647916666666664,0.0037864914583333334,0.9321100843918656,0.8333333333333334,0.6666666666666666
blend_a000,dev_april,development,2025-04-28,0.0,0.03850208333333333,0.002429676458333333,0.9636551981453548,0.8611111111111112,0.8055555555555556
blend_a000,dev_april,development,2025-04-29,0.0,0.047528472222222215,0.0037890753472222213,0.931983349270405,0.8055555555555556,0.6666666666666666
blend_a000,dev_april,development,2025-04-30,0.0,0.05037986111111111,0.004750564791666666,0.960199704807787,0.8055555555555556,0.7777777777777778
blend_a000,val_june,validation,2025-06-08,0.0,0.05314305555555555,0.0039358127777777765,0.9214778257047901,0.8055555555555556,0.6666666666666666
blend_a000,val_june,validation,2025-06-09,0.0,0.06280208333333334,0.005899641875000002,0.935437619949882,0.8333333333333334,0.6944444444444444
blend_a000,val_june,validation,2025-06-10,0.0,0.05989861111111112,0.005287879166666667,0.9406543544540272,0.9166666666666666,0.6944444444444444
blend_a000,val_june,validation,2025-06-11,0.0,0.07042847222222222,0.007368460902777778,0.9377125047393668,0.9166666666666666,0.6666666666666666
blend_a000,val_june,validation,2025-06-12,0.0,0.06978749999999999,0.00712237375,0.9322164516113783,0.8333333333333334,0.6944444444444444
blend_a000,val_june,validation,2025-06-13,0.0,0.12652916666666666,0.021202967638888886,0.9136527502195619,0.8333333333333334,0.6388888888888888
blend_a000,val_june,validation,2025-06-14,0.0,0.13436319444444444,0.025383624652777777,0.8844565952500458,0.8055555555555556,0.5833333333333334
blend_a000,val_june,validation,2025-06-15,0.0,0.06550069444444445,0.006211368680555556,0.9349805882380995,0.8888888888888888,0.7222222222222222
blend_a000,val_june,validation,2025-06-16,0.0,0.06272222222222222,0.0062288351388888885,0.9404121494745739,0.8888888888888888,0.7222222222222222
blend_a000,val_june,validation,2025-06-17,0.0,0.06915972222222222,0.00866521111111111,0.9211522868827703,0.8333333333333334,0.6944444444444444
blend_a000,val_june,validation,2025-06-18,0.0,0.05979999999999999,0.0061730440277777765,0.9346851916028023,0.8611111111111112,0.6944444444444444
blend_a000,val_june,validation,2025-06-19,0.0,0.052984027777777776,0.004009196180555555,0.9277723632857995,0.8888888888888888,0.6388888888888888
blend_a000,val_june,validation,2025-06-20,0.0,0.14580416666666668,0.028883490694444444,0.8885108794541283,0.8055555555555556,0.5277777777777778
blend_a000,val_june,validation,2025-06-21,0.0,0.15869375,0.034186860624999996,0.876699033044088,0.8333333333333334,0.4166666666666667
blend_a000,val_august,validation,2025-08-18,0.0,0.09947083333333334,0.01614281513888889,0.8925226320568029,0.8888888888888888,0.5
blend_a000,val_august,validation,2025-08-19,0.0,0.09129166666666666,0.01467463361111111,0.8958625339342265,0.8333333333333334,0.5555555555555556
blend_a000,val_august,validation,2025-08-20,0.0,0.10457777777777778,0.018166311805555557,0.9184745476780328,0.8333333333333334,0.5833333333333334
blend_a000,val_august,validation,2025-08-21,0.0,0.09622638888888889,0.014839116805555552,0.9092147674368851,0.8055555555555556,0.5555555555555556
blend_a000,val_august,validation,2025-08-22,0.0,0.1323888888888889,0.02994980083333333,0.8709163050430966,0.7777777777777778,0.4444444444444444
blend_a000,val_august,validation,2025-08-23,0.0,0.13375208333333333,0.028307196458333326,0.857522365760826,0.7777777777777778,0.4444444444444444
blend_a000,val_august,validation,2025-08-24,0.0,0.09543958333333331,0.01505560923611111,0.8892222427799457,0.8611111111111112,0.4722222222222222
blend_a000,val_august,validation,2025-08-25,0.0,0.1024986111111111,0.017056627916666664,0.899205443352433,0.7777777777777778,0.5555555555555556
blend_a000,val_august,validation,2025-08-26,0.0,0.09539583333333333,0.014952134999999998,0.896833227515915,0.8333333333333334,0.5
blend_a000,val_august,validation,2025-08-27,0.0,0.10050833333333335,0.017080030416666666,0.9033519513894663,0.8888888888888888,0.5833333333333334
blend_a000,val_august,validation,2025-08-28,0.0,0.10365069444444443,0.01790710631944444,0.9293659716918029,0.8333333333333334,0.6111111111111112
blend_a000,val_august,validation,2025-08-29,0.0,0.1278784722222222,0.02487071020833333,0.8753718829120739,0.8055555555555556,0.5277777777777778
blend_a000,val_august,validation,2025-08-30,0.0,0.14412083333333334,0.03425894958333333,0.8612218569552601,0.75,0.4166666666666667
blend_a000,val_august,validation,2025-08-31,0.0,0.0870125,0.014044215416666665,0.9153327780644429,0.8611111111111112,0.6666666666666666
blend_a000,eval_september,evaluation,2025-09-10,0.0,0.04230555555555556,0.002772146666666667,0.9354840330472427,0.8611111111111112,0.6666666666666666
blend_a000,eval_september,evaluation,2025-09-11,0.0,0.050043055555555556,0.004122158194444445,0.8888223520967883,0.8055555555555556,0.5
blend_a000,eval_september,evaluation,2025-09-12,0.0,0.19125208333333332,0.04830604729166666,0.8634773845624407,0.75,0.5555555555555556
blend_a000,eval_september,evaluation,2025-09-13,0.0,0.19968402777777777,0.053551888680555555,0.8665961331244294,0.7777777777777778,0.6111111111111112
blend_a000,eval_september,evaluation,2025-09-14,0.0,0.03804236111111112,0.002161632708333334,0.9489262680270488,0.8611111111111112,0.75
blend_a000,eval_september,evaluation,2025-09-15,0.0,0.04946666666666666,0.004327308888888889,0.8889259530017214,0.8333333333333334,0.4722222222222222
blend_a000,eval_september,evaluation,2025-09-16,0.0,0.03926180555555556,0.002474594375,0.9342771308363659,0.7777777777777778,0.7222222222222222
blend_a000,eval_september,evaluation,2025-09-17,0.0,0.04101875000000001,0.002447215208333334,0.9319772524113972,0.8611111111111112,0.6944444444444444
blend_a000,eval_september,evaluation,2025-09-18,0.0,0.03609097222222222,0.002190749930555555,0.9332985689442592,0.8333333333333334,0.6666666666666666
blend_a000,eval_september,evaluation,2025-09-19,0.0,0.17349097222222223,0.03875582340277777,0.8755969467890258,0.7777777777777778,0.5
blend_a000,eval_september,evaluation,2025-09-20,0.0,0.1790972222222222,0.04000103486111111,0.8755627853077027,0.7777777777777778,0.5555555555555556
blend_a000,eval_september,evaluation,2025-09-21,0.0,0.044496527777777774,0.003221622430555555,0.9415244692267987,0.7777777777777778,0.6944444444444444
blend_a000,eval_september,evaluation,2025-09-22,0.0,0.04074652777777778,0.0029316604861111114,0.9255609778760003,0.8333333333333334,0.6666666666666666
blend_a000,eval_september,evaluation,2025-09-23,0.0,0.04276041666666667,0.003177416180555556,0.9191967196849858,0.8333333333333334,0.6388888888888888
blend_a000,eval_december,evaluation,2025-12-08,0.0,0.14518333333333333,0.03280643569444445,0.9644810308067988,0.8333333333333334,0.8611111111111112
blend_a000,eval_december,evaluation,2025-12-09,0.0,0.14584652777777776,0.033376607291666666,0.9631698301388234,0.8333333333333334,0.8333333333333334
blend_a000,eval_december,evaluation,2025-12-10,0.0,0.15526319444444445,0.03770214951388889,0.9582485574401697,0.8611111111111112,0.8888888888888888
blend_a000,eval_december,evaluation,2025-12-11,0.0,0.1385826388888889,0.030418234513888896,0.9563616780310271,0.8333333333333334,0.8333333333333334
blend_a000,eval_december,evaluation,2025-12-12,0.0,0.07241319444444444,0.008013442986111112,0.9507381392074374,0.8888888888888888,0.9166666666666666
blend_a000,eval_december,evaluation,2025-12-13,0.0,0.06879652777777777,0.00713081659722222,0.9400425210565566,0.8333333333333334,0.75
blend_a000,eval_december,evaluation,2025-12-14,0.0,0.158225,0.03943123513888889,0.9604821199573415,0.8333333333333334,0.9166666666666666
blend_a000,eval_december,evaluation,2025-12-15,0.0,0.15291527777777777,0.03798222416666667,0.946435802059634,0.8055555555555556,0.7777777777777778
blend_a000,eval_december,evaluation,2025-12-16,0.0,0.1485388888888889,0.03506146680555555,0.9589208187337598,0.8611111111111112,0.8333333333333334
blend_a000,eval_december,evaluation,2025-12-17,0.0,0.14640833333333333,0.03384105597222223,0.9552715687288968,0.8333333333333334,0.7777777777777778
blend_a000,eval_december,evaluation,2025-12-18,0.0,0.14816527777777777,0.03519287027777778,0.9567213786957766,0.8333333333333334,0.9166666666666666
blend_a000,eval_december,evaluation,2025-12-19,0.0,0.07286527777777776,0.007486402083333331,0.9493113949874743,0.8888888888888888,0.8333333333333334
blend_a000,eval_december,evaluation,2025-12-20,0.0,0.06745972222222223,0.0073566040277777784,0.9593046330239187,0.8611111111111112,0.8055555555555556
blend_a000,eval_december,evaluation,2025-12-21,0.0,0.14804027777777776,0.03523835194444445,0.9597175040888899,0.8333333333333334,0.8611111111111112
blend_a025,dev_march,development,2025-03-07,0.25,0.15399184027777776,0.028392947417003253,0.9024645350705213,0.8333333333333334,0.5833333333333334
blend_a025,dev_march,development,2025-03-08,0.25,0.16512147817460318,0.033330153755270334,0.9036068314599698,0.7777777777777778,0.6111111111111112
blend_a025,dev_march,development,2025-03-09,0.25,0.04014779265873017,0.0024938320459980865,0.9710061198925003,0.8888888888888888,0.8055555555555556
blend_a025,dev_march,development,2025-03-10,0.25,0.05282886904761905,0.004995446389110331,0.963471585885379,0.8333333333333334,0.8055555555555556
blend_a025,dev_march,development,2025-03-11,0.25,0.04628483382936509,0.0034242344572216923,0.9552798762964756,0.8888888888888888,0.8333333333333334
blend_a025,dev_march,development,2025-03-12,0.25,0.04092194940476191,0.0025473775955304,0.9505002622402083,0.8888888888888888,0.75
blend_a025,dev_march,development,2025-03-13,0.25,0.053506535218253985,0.0049170977203133875,0.9599951772365566,0.8333333333333334,0.7777777777777778
blend_a025,dev_march,development,2025-03-14,0.25,0.16935121527777774,0.03468639943961699,0.8939532472352412,0.8888888888888888,0.5833333333333334
blend_a025,dev_march,development,2025-03-15,0.25,0.1560889136904762,0.029979339692327453,0.9278001444825683,0.8055555555555556,0.6111111111111112
blend_a025,dev_march,development,2025-03-16,0.25,0.0428248263888889,0.0029489877931901942,0.9499356964874206,0.8611111111111112,0.7777777777777778
blend_a025,dev_march,development,2025-03-17,0.25,0.0348663318452381,0.001943243158238556,0.9391415656186632,0.8888888888888888,0.75
blend_a025,dev_march,development,2025-03-18,0.25,0.037225223214285716,0.0023223595300542097,0.9623933839567793,0.9166666666666666,0.8055555555555556
blend_a025,dev_march,development,2025-03-19,0.25,0.03785880456349207,0.002424598182442249,0.9664777077378803,0.8888888888888888,0.8055555555555556
blend_a025,dev_march,development,2025-03-20,0.25,0.04088554067460318,0.0025637148100464153,0.964813851004443,0.8888888888888888,0.8055555555555556
blend_a025,dev_april,development,2025-04-17,0.25,0.030579774305555554,0.0014778288578647604,0.9580479021960953,0.8611111111111112,0.75
blend_a025,dev_april,development,2025-04-18,0.25,0.1899688492063492,0.04490475465003188,0.9205346054837041,0.8055555555555556,0.6944444444444444
blend_a025,dev_april,development,2025-04-19,0.25,0.19141112351190476,0.045765642534522914,0.9095096139106119,0.8055555555555556,0.6666666666666666
blend_a025,dev_april,development,2025-04-20,0.25,0.0321375496031746,0.0017928413567354024,0.9600061088564698,0.9166666666666666,0.7777777777777778
blend_a025,dev_april,development,2025-04-21,0.25,0.03638691716269841,0.0022132978670856354,0.9569236364883422,0.8611111111111112,0.7222222222222222
blend_a025,dev_april,development,2025-04-22,0.25,0.02970631200396825,0.00132307049698395,0.9441201352806927,0.9166666666666666,0.6666666666666666
blend_a025,dev_april,development,2025-04-23,0.25,0.03659464285714285,0.0021635088291879242,0.9558807128458253,0.8611111111111112,0.7222222222222222
blend_a025,dev_april,development,2025-04-24,0.25,0.04080334821428571,0.0025353143304457206,0.9511432004867446,0.8055555555555556,0.7222222222222222
blend_a025,dev_april,development,2025-04-25,0.25,0.20714723462301585,0.05354303608438296,0.8942568925327548,0.8055555555555556,0.6388888888888888
blend_a025,dev_april,development,2025-04-26,0.25,0.2099688492063492,0.057350008017511694,0.8863591606821872,0.7777777777777778,0.5555555555555556
blend_a025,dev_april,development,2025-04-27,0.25,0.037471750992063506,0.002315330404930202,0.9474680491921871,0.8611111111111112,0.75
blend_a025,dev_april,development,2025-04-28,0.25,0.03928556547619048,0.0027361987283429,0.9537124766025197,0.8888888888888888,0.7777777777777778
blend_a025,dev_april,development,2025-04-29,0.25,0.0362446800595238,0.0021656522348666024,0.9427195215828085,0.8333333333333334,0.6666666666666666
blend_a025,dev_april,development,2025-04-30,0.25,0.040047259424603174,0.002968883502449157,0.9580940362348747,0.8333333333333334,0.6944444444444444
blend_a025,val_june,validation,2025-06-08,0.25,0.05421222718253968,0.004022402015970451,0.9345711759504863,0.8055555555555556,0.6388888888888888
blend_a025,val_june,validation,2025-06-09,0.25,0.06537808779761906,0.0064403488381120704,0.9479572018687119,0.8333333333333334,0.7222222222222222
blend_a025,val_june,validation,2025-06-10,0.25,0.06127544642857144,0.005670646855911636,0.9500461177700192,0.9444444444444444,0.6944444444444444
blend_a025,val_june,validation,2025-06-11,0.25,0.07459644097222223,0.007949754480428891,0.9446245169691282,0.8888888888888888,0.6944444444444444
blend_a025,val_june,validation,2025-06-12,0.25,0.06925358382936508,0.00702162866410236,0.9488926711952909,0.8611111111111112,0.75
blend_a025,val_june,validation,2025-06-13,0.25,0.12375943700396824,0.01981946918949741,0.9304164962794025,0.8055555555555556,0.6666666666666666
blend_a025,val_june,validation,2025-06-14,0.25,0.1322473090277778,0.02398501734014048,0.9099588255761994,0.8055555555555556,0.6388888888888888
blend_a025,val_june,validation,2025-06-15,0.25,0.06128520585317462,0.0055233262757537925,0.9504711744148902,0.8888888888888888,0.7222222222222222
blend_a025,val_june,validation,2025-06-16,0.25,0.060241046626984124,0.005609321440617915,0.9476095599559565,0.9166666666666666,0.7222222222222222
blend_a025,val_june,validation,2025-06-17,0.25,0.06576830357142857,0.007843427062207697,0.9405272888031508,0.8333333333333334,0.6944444444444444
blend_a025,val_june,validation,2025-06-18,0.25,0.05655931299603176,0.005351749266293757,0.9584809887483626,0.8888888888888888,0.8055555555555556
blend_a025,val_june,validation,2025-06-19,0.25,0.048654662698412704,0.003412304857346585,0.9421718777830292,0.8888888888888888,0.6666666666666666
blend_a025,val_june,validation,2025-06-20,0.25,0.14591737351190476,0.028052749870611002,0.9101025943483759,0.8055555555555556,0.6388888888888888
blend_a025,val_june,validation,2025-06-21,0.25,0.15828469742063492,0.033488633073846724,0.8962047751535003,0.8333333333333334,0.5555555555555556
blend_a025,val_august,validation,2025-08-18,0.25,0.0863903521825397,0.01156571491895196,0.9480215055751176,0.9444444444444444,0.75
blend_a025,val_august,validation,2025-08-19,0.25,0.07787571924603175,0.010165381370996315,0.9510207198410002,0.8611111111111112,0.6666666666666666
blend_a025,val_august,validation,2025-08-20,0.25,0.0955530753968254,0.013942428184656677,0.9627179541796362,0.8888888888888888,0.7777777777777778
blend_a025,val_august,validation,2025-08-21,0.25,0.08316902281746032,0.010615763850313563,0.9389387297435913,0.8611111111111112,0.6944444444444444
blend_a025,val_august,validation,2025-08-22,0.25,0.12409470486111109,0.026067013202261364,0.9189350491797111,0.8333333333333334,0.6388888888888888
blend_a025,val_august,validation,2025-08-23,0.25,0.12672403273809524,0.02482606724113343,0.9160366088307502,0.8333333333333334,0.5833333333333334
blend_a025,val_august,validation,2025-08-24,0.25,0.08066615823412698,0.010456464298314379,0.946172882177234,0.9166666666666666,0.7222222222222222
blend_a025,val_august,validation,2025-08-25,0.25,0.09140708085317462,0.012754295271643814,0.9284592561487446,0.8333333333333334,0.5833333333333334
blend_a025,val_august,validation,2025-08-26,0.25,0.08184565972222223,0.010558690492842974,0.9432671642830542,0.8888888888888888,0.6388888888888888
blend_a025,val_august,validation,2025-08-27,0.25,0.09016760912698413,0.012776317890182113,0.9485932573631751,0.9444444444444444,0.6944444444444444
blend_a025,val_august,validation,2025-08-28,0.25,0.09482281746031747,0.014108900083793932,0.9335944329140965,0.8888888888888888,0.6388888888888888
blend_a025,val_august,validation,2025-08-29,0.25,0.12186431051587301,0.022114908459245675,0.9117021458309259,0.8611111111111112,0.4444444444444444
blend_a025,val_august,validation,2025-08-30,0.25,0.13813007192460316,0.030589935206273917,0.9134925985582524,0.7777777777777778,0.6388888888888888
blend_a025,val_august,validation,2025-08-31,0.25,0.07644702380952383,0.009980028577230373,0.9293585724620209,0.8888888888888888,0.6388888888888888
blend_a025,eval_september,evaluation,2025-09-10,0.25,0.04407323908730158,0.003087049824395905,0.9464231171127723,0.8888888888888888,0.7222222222222222
blend_a025,eval_september,evaluation,2025-09-11,0.25,0.0449671130952381,0.0031633188162113806,0.914123577409409,0.8333333333333334,0.5833333333333334
blend_a025,eval_september,evaluation,2025-09-12,0.25,0.18056045386904762,0.04219546806031657,0.8962440644742484,0.7777777777777778,0.6111111111111112
blend_a025,eval_september,evaluation,2025-09-13,0.25,0.1875448288690476,0.04631006564942513,0.8940164396448921,0.8055555555555556,0.6944444444444444
blend_a025,eval_september,evaluation,2025-09-14,0.25,0.03857204861111111,0.0022540038509336036,0.945920419921657,0.9166666666666666,0.6944444444444444
blend_a025,eval_september,evaluation,2025-09-15,0.25,0.04483255208333334,0.003240037158513146,0.9204002893658066,0.8888888888888888,0.5555555555555556
blend_a025,eval_september,evaluation,2025-09-16,0.25,0.04007829861111112,0.0023527218005066613,0.9436146921955059,0.8333333333333334,0.7222222222222222
blend_a025,eval_september,evaluation,2025-09-17,0.25,0.04150881696428572,0.0025749378200069094,0.9448726334520663,0.9166666666666666,0.6944444444444444
blend_a025,eval_september,evaluation,2025-09-18,0.25,0.035779588293650785,0.0019248424224950393,0.9474739720981515,0.8611111111111112,0.7222222222222222
blend_a025,eval_september,evaluation,2025-09-19,0.25,0.15950868055555556,0.03230648839936755,0.9071979744393539,0.7777777777777778,0.5
blend_a025,eval_september,evaluation,2025-09-20,0.25,0.16587136656746032,0.03369656458574705,0.9037215657905313,0.8055555555555556,0.5833333333333334
blend_a025,eval_september,evaluation,2025-09-21,0.25,0.043124491567460316,0.0028591248577673253,0.9414957428998652,0.8333333333333334,0.6944444444444444
blend_a025,eval_september,evaluation,2025-09-22,0.25,0.041236830357142866,0.002875536888065123,0.9416946822916735,0.8888888888888888,0.75
blend_a025,eval_september,evaluation,2025-09-23,0.25,0.0429755580357143,0.0032204834056343903,0.9398648614747174,0.8888888888888888,0.6944444444444444
blend_a025,eval_december,evaluation,2025-12-08,0.25,0.13179858630952382,0.026397502970255813,0.9750401395408714,0.8888888888888888,0.8611111111111112
blend_a025,eval_december,evaluation,2025-12-09,0.25,0.13054902033730156,0.026241985285506128,0.9746362322908358,0.8888888888888888,0.8888888888888888
blend_a025,eval_december,evaluation,2025-12-10,0.25,0.13846538938492065,0.029399128455459014,0.9702997554471714,0.9166666666666666,0.9444444444444444
blend_a025,eval_december,evaluation,2025-12-11,0.25,0.12045440228174605,0.022463463425918553,0.96886199749064,0.8888888888888888,0.8888888888888888
blend_a025,eval_december,evaluation,2025-12-12,0.25,0.07416999007936508,0.00802301503512082,0.9587050880154329,0.9166666666666666,0.8611111111111112
blend_a025,eval_december,evaluation,2025-12-13,0.25,0.07054241071428571,0.007188903509867488,0.9532764179697139,0.8888888888888888,0.8055555555555556
blend_a025,eval_december,evaluation,2025-12-14,0.25,0.13625314980158734,0.02847221637817107,0.9724338325592992,0.8888888888888888,0.9444444444444444
blend_a025,eval_december,evaluation,2025-12-15,0.25,0.12939063740079368,0.02661506713061136,0.9607748573265814,0.8611111111111112,0.8333333333333334
blend_a025,eval_december,evaluation,2025-12-16,0.25,0.12456201636904764,0.024074179774549138,0.9745076762318142,0.9444444444444444,0.8888888888888888
blend_a025,eval_december,evaluation,2025-12-17,0.25,0.12255601438492064,0.023128430146927264,0.9685274495619323,0.8888888888888888,0.8611111111111112
blend_a025,eval_december,evaluation,2025-12-18,0.25,0.12446681547619048,0.024249712643450615,0.9688599880038529,0.8888888888888888,0.8888888888888888
blend_a025,eval_december,evaluation,2025-12-19,0.25,0.07614430803571429,0.007885937245274411,0.9638775018085364,0.9444444444444444,0.8611111111111112
blend_a025,eval_december,evaluation,2025-12-20,0.25,0.07376493055555555,0.008351875678899163,0.967301663853388,0.9166666666666666,0.8055555555555556
blend_a025,eval_december,evaluation,2025-12-21,0.25,0.1242490203373016,0.02418392383434755,0.9732496850145946,0.8888888888888888,0.9166666666666666
blend_a050,dev_march,development,2025-03-07,0.5,0.15028784722222222,0.02733982701920351,0.9018576700608102,0.8611111111111112,0.5833333333333334
blend_a050,dev_march,development,2025-03-08,0.5,0.16131170634920633,0.03199621739707341,0.9033757402472629,0.8333333333333334,0.6111111111111112
blend_a050,dev_march,development,2025-03-09,0.5,0.03863382936507937,0.0023108819389526646,0.9696235929829596,0.9166666666666666,0.8055555555555556
blend_a050,dev_march,development,2025-03-10,0.5,0.052121230158730165,0.004866567074298469,0.9670364118639981,0.8888888888888888,0.7777777777777778
blend_a050,dev_march,development,2025-03-11,0.5,0.044393129960317475,0.0032481842723391455,0.9566945549946102,0.9166666666666666,0.8055555555555556
blend_a050,dev_march,development,2025-03-12,0.5,0.03984503968253968,0.002416830471407313,0.9535446377815205,0.8888888888888888,0.75
blend_a050,dev_march,development,2025-03-13,0.5,0.05356034226190478,0.00499779327212656,0.9626758299172092,0.8611111111111112,0.8055555555555556
blend_a050,dev_march,development,2025-03-14,0.5,0.16356006944444446,0.03284868584874575,0.890635581216293,0.8888888888888888,0.5833333333333334
blend_a050,dev_march,development,2025-03-15,0.5,0.1499556051587302,0.02800784437942885,0.9249004550487498,0.7777777777777778,0.6388888888888888
blend_a050,dev_march,development,2025-03-16,0.5,0.04197256944444445,0.0029055980973639447,0.9544731130938028,0.8888888888888888,0.75
blend_a050,dev_march,development,2025-03-17,0.5,0.03200602678571429,0.0016546581488272399,0.942089488659197,0.9166666666666666,0.7222222222222222
blend_a050,dev_march,development,2025-03-18,0.5,0.03656507936507937,0.0023087835765660428,0.9613846195625407,0.9166666666666666,0.7777777777777778
blend_a050,dev_march,development,2025-03-19,0.5,0.037512053571428575,0.0023442669013959746,0.9689071797045117,0.9166666666666666,0.8333333333333334
blend_a050,dev_march,development,2025-03-20,0.5,0.04092256944444445,0.002638117950503118,0.9685384701179132,0.9444444444444444,0.7777777777777778
blend_a050,dev_april,development,2025-04-17,0.5,0.030220213293650804,0.0015116141219352326,0.9643838204018755,0.9166666666666666,0.7777777777777778
blend_a050,dev_april,development,2025-04-18,0.5,0.1731606150793651,0.03739649816361961,0.9355957543510748,0.8333333333333334,0.75
blend_a050,dev_april,development,2025-04-19,0.5,0.17460141369047621,0.03815610748928217,0.9233570151869026,0.8333333333333334,0.6666666666666666
blend_a050,dev_april,development,2025-04-20,0.5,0.032390079365079365,0.0016445054071003405,0.9558585197933055,0.9444444444444444,0.7222222222222222
blend_a050,dev_april,development,2025-04-21,0.5,0.03193157242063492,0.0015417426736996879,0.9676110594225934,0.9166666666666666,0.6944444444444444
blend_a050,dev_april,development,2025-04-22,0.5,0.031241889880952396,0.001544011432380245,0.9450284242210709,0.9166666666666666,0.6944444444444444
blend_a050,dev_april,development,2025-04-23,0.5,0.03708685515873016,0.0020671239675453513,0.9539536150169744,0.9166666666666666,0.7222222222222222
blend_a050,dev_april,development,2025-04-24,0.5,0.0362638888888889,0.0019395897523384362,0.9547864110133013,0.8333333333333334,0.7222222222222222
blend_a050,dev_april,development,2025-04-25,0.5,0.18880052083333335,0.04447342568673824,0.9142150952495781,0.8333333333333334,0.6944444444444444
blend_a050,dev_april,development,2025-04-26,0.5,0.1915592261904762,0.048024710790284864,0.9044274195615174,0.7777777777777778,0.6111111111111112
blend_a050,dev_april,development,2025-04-27,0.5,0.033175545634920645,0.0018600985443239808,0.9580901856763926,0.8888888888888888,0.7777777777777778
blend_a050,dev_april,development,2025-04-28,0.5,0.04828492063492063,0.004095098316149375,0.9389347107700169,0.9166666666666666,0.7222222222222222
blend_a050,dev_april,development,2025-04-29,0.5,0.031030183531746032,0.0015515575456172047,0.948875539171986,0.8888888888888888,0.6944444444444444
blend_a050,dev_april,development,2025-04-30,0.5,0.03561713789682539,0.002210646316344246,0.9496521567963391,0.8611111111111112,0.6388888888888888
blend_a050,val_june,validation,2025-06-08,0.5,0.05843263888888888,0.004454547126381803,0.9477373201511131,0.8611111111111112,0.6944444444444444
blend_a050,val_june,validation,2025-06-09,0.5,0.06998266369047619,0.007287264846495892,0.9568210658985651,0.8333333333333334,0.75
blend_a050,val_june,validation,2025-06-10,0.5,0.06510689484126984,0.006322789199440193,0.9581222532819227,0.9166666666666666,0.75
blend_a050,val_june,validation,2025-06-11,0.5,0.07893792162698413,0.008769601542747307,0.9535677935538468,0.8888888888888888,0.6944444444444444
blend_a050,val_june,validation,2025-06-12,0.5,0.07062581845238097,0.00712691610482214,0.9627360395808354,0.8888888888888888,0.7777777777777778
blend_a050,val_june,validation,2025-06-13,0.5,0.12110121527777779,0.018642358062553148,0.9403815412567456,0.8333333333333334,0.6944444444444444
blend_a050,val_june,validation,2025-06-14,0.5,0.13036202876984124,0.02277980248556193,0.9318702915184227,0.8055555555555556,0.6666666666666666
blend_a050,val_june,validation,2025-06-15,0.5,0.05820731646825397,0.005044823272658023,0.9689162536338923,0.9166666666666666,0.75
blend_a050,val_june,validation,2025-06-16,0.5,0.0592063988095238,0.005197326129535147,0.9603617887325259,0.9166666666666666,0.7222222222222222
blend_a050,val_june,validation,2025-06-17,0.5,0.06379122023809523,0.007228315113910148,0.9627632050917216,0.8333333333333334,0.8055555555555556
blend_a050,val_june,validation,2025-06-18,0.5,0.054415798611111114,0.004753908583032172,0.9738967404082076,0.8888888888888888,0.9166666666666666
blend_a050,val_june,validation,2025-06-19,0.5,0.045463194444444445,0.003038486140695862,0.9685625207900708,0.9166666666666666,0.7777777777777778
blend_a050,val_june,validation,2025-06-20,0.5,0.14622512400793652,0.02744493006776148,0.9254329690473373,0.8333333333333334,0.6666666666666666
blend_a050,val_june,validation,2025-06-21,0.5,0.1579159226190476,0.033011417424355156,0.901447734756237,0.8611111111111112,0.5
blend_a050,val_august,validation,2025-08-18,0.5,0.07495818452380955,0.008235448678784016,0.9721976896928148,0.9722222222222222,0.8055555555555556
blend_a050,val_august,validation,2025-08-19,0.5,0.06783531746031746,0.0069162949036281176,0.9680451090066748,0.8888888888888888,0.6944444444444444
blend_a050,val_august,validation,2025-08-20,0.5,0.08835515873015873,0.010973602257475908,0.9643627565742715,0.8888888888888888,0.8055555555555556
blend_a050,val_august,validation,2025-08-21,0.5,0.07243025793650792,0.007640688050063777,0.9534572717805548,0.8888888888888888,0.75
blend_a050,val_august,validation,2025-08-22,0.5,0.12214650297619047,0.023414669436029614,0.9519349406673643,0.8333333333333334,0.7222222222222222
blend_a050,val_august,validation,2025-08-23,0.5,0.1233735119047619,0.022585471692708328,0.9531900100378676,0.8333333333333334,0.7222222222222222
blend_a050,val_august,validation,2025-08-24,0.5,0.06901316964285714,0.00708766938075751,0.9780172192927724,0.9444444444444444,0.7777777777777778
blend_a050,val_august,validation,2025-08-25,0.5,0.08244407242063494,0.00967978516395621,0.95280418857474,0.8611111111111112,0.6944444444444444
blend_a050,val_august,validation,2025-08-26,0.5,0.07044920634920636,0.007389602611252835,0.9657040545455641,0.9166666666666666,0.75
blend_a050,val_august,validation,2025-08-27,0.5,0.08104965277777779,0.009692319705569727,0.9613776251478803,0.9444444444444444,0.75
blend_a050,val_august,validation,2025-08-28,0.5,0.0870376488095238,0.01152942934807256,0.9351959954925954,0.8888888888888888,0.6111111111111112
blend_a050,val_august,validation,2025-08-29,0.5,0.11958715277777775,0.02056812825166525,0.942661361626879,0.8888888888888888,0.6388888888888888
blend_a050,val_august,validation,2025-08-30,0.5,0.13392884424603174,0.02809534057211947,0.9478668795387788,0.8611111111111112,0.75
blend_a050,val_august,validation,2025-08-31,0.5,0.06877162698412699,0.0070912031234056155,0.9514106583072102,0.9722222222222222,0.6944444444444444
blend_a050,eval_september,evaluation,2025-09-10,0.5,0.0496780753968254,0.0038614638957979036,0.9369182541596335,0.8888888888888888,0.6666666666666666
blend_a050,eval_september,evaluation,2025-09-11,0.5,0.04282876984126985,0.00267164704559949,0.9336015328369924,0.8333333333333334,0.6388888888888888
blend_a050,eval_september,evaluation,2025-09-12,0.5,0.16991986607142856,0.03665042409642502,0.9235148370624647,0.8333333333333334,0.6388888888888888
blend_a050,eval_september,evaluation,2025-09-13,0.5,0.17540562996031747,0.0397121436096053,0.9204664425435404,0.8888888888888888,0.7222222222222222
blend_a050,eval_september,evaluation,2025-09-14,0.5,0.044385119047619055,0.003083482278734411,0.9425183416999195,0.9166666666666666,0.6388888888888888
blend_a050,eval_september,evaluation,2025-09-15,0.5,0.04361078869047619,0.002978902140997024,0.9448316051764328,0.9166666666666666,0.6111111111111112
blend_a050,eval_september,evaluation,2025-09-16,0.5,0.04575138888888889,0.003061287410359977,0.9433836007506106,0.8888888888888888,0.6666666666666666
blend_a050,eval_september,evaluation,2025-09-17,0.5,0.04791882440476189,0.0035025474060196987,0.9402859106437707,0.9444444444444444,0.6111111111111112
blend_a050,eval_september,evaluation,2025-09-18,0.5,0.040869444444444444,0.0024198132812499997,0.956552842524322,0.8888888888888888,0.75
blend_a050,eval_september,evaluation,2025-09-19,0.5,0.14552638888888889,0.026590846891121026,0.9293023068885138,0.8333333333333334,0.5833333333333334
blend_a050,eval_september,evaluation,2025-09-20,0.5,0.1526455109126984,0.02807335501461522,0.925154730327144,0.8611111111111112,0.6388888888888888
blend_a050,eval_september,evaluation,2025-09-21,0.5,0.04440349702380952,0.003140177987616922,0.9261110966000063,0.8333333333333334,0.6111111111111112
blend_a050,eval_september,evaluation,2025-09-22,0.5,0.04679960317460317,0.003452385568133504,0.9385788464707278,0.9444444444444444,0.6944444444444444
blend_a050,eval_september,evaluation,2025-09-23,0.5,0.048803199404761896,0.003893331737616921,0.941791020789781,0.8888888888888888,0.6388888888888888
blend_a050,eval_december,evaluation,2025-12-08,0.5,0.1188604662698413,0.020846615303642298,0.979420825138271,0.8888888888888888,0.9166666666666666
blend_a050,eval_december,evaluation,2025-12-09,0.5,0.11540250496031747,0.020116459460476896,0.978255321630706,0.8888888888888888,0.8888888888888888
blend_a050,eval_december,evaluation,2025-12-10,0.5,0.12193886408730159,0.02225725809266936,0.9745216914288855,0.9166666666666666,0.9444444444444444
blend_a050,eval_december,evaluation,2025-12-11,0.5,0.10266108630952382,0.0158422108961345,0.9743117256573177,0.9166666666666666,0.8888888888888888
blend_a050,eval_december,evaluation,2025-12-12,0.5,0.0820328869047619,0.009530439887507085,0.9630766850305129,0.9722222222222222,0.8888888888888888
blend_a050,eval_december,evaluation,2025-12-13,0.5,0.07826195436507938,0.008972680681335034,0.9597308895299531,0.9444444444444444,0.8055555555555556
blend_a050,eval_december,evaluation,2025-12-14,0.5,0.11448124999999999,0.019437385998795353,0.9784361756232592,0.9444444444444444,0.9444444444444444
blend_a050,eval_december,evaluation,2025-12-15,0.5,0.1061421875,0.017404074211929563,0.9680572301261956,0.8888888888888888,0.8333333333333334
blend_a050,eval_december,evaluation,2025-12-16,0.5,0.10080696924603173,0.015280579301569583,0.9817779921228198,0.9722222222222222,0.8888888888888888
blend_a050,eval_december,evaluation,2025-12-17,0.5,0.09914089781746033,0.01461450103909793,0.97572140503175,0.9166666666666666,0.8611111111111112
blend_a050,eval_december,evaluation,2025-12-18,0.5,0.10138581349206349,0.015506496828762758,0.9752200136850973,0.9166666666666666,0.8888888888888888
blend_a050,eval_december,evaluation,2025-12-19,0.5,0.08974010416666665,0.010507894318399234,0.9676714090507194,0.9722222222222222,0.8333333333333334
blend_a050,eval_december,evaluation,2025-12-20,0.5,0.09322832341269842,0.011585508340596655,0.9710433244916004,0.9444444444444444,0.8333333333333334
blend_a050,eval_december,evaluation,2025-12-21,0.5,0.1007172867063492,0.015334367589374294,0.9800819469554933,0.9166666666666666,0.8888888888888888
blend_a075,dev_march,development,2025-03-07,0.75,0.14658385416666667,0.026547936167711877,0.9031336941706333,0.8611111111111112,0.5555555555555556
blend_a075,dev_march,development,2025-03-08,0.75,0.15750193452380953,0.030914071411520336,0.9038158182958091,0.8333333333333334,0.5833333333333334
blend_a075,dev_march,development,2025-03-09,0.75,0.0395061507936508,0.002385732942752622,0.9683093886241811,0.9166666666666666,0.7777777777777778
blend_a075,dev_march,development,2025-03-10,0.75,0.054198363095238095,0.004992692750008858,0.9676593521421109,0.9166666666666666,0.7777777777777778
blend_a075,dev_march,development,2025-03-11,0.75,0.045148425099206344,0.0033283295842412484,0.9576751845467263,0.9166666666666666,0.8055555555555556
blend_a075,dev_march,development,2025-03-12,0.75,0.04101041666666665,0.002543334183186295,0.9546498566249011,0.8611111111111112,0.7777777777777778
blend_a075,dev_march,development,2025-03-13,0.75,0.05596467013888889,0.005333870960995076,0.9632063338959891,0.8611111111111112,0.8055555555555556
blend_a075,dev_march,development,2025-03-14,0.75,0.1577689236111111,0.031259157491275155,0.8903281294289526,0.8888888888888888,0.5555555555555556
blend_a075,dev_march,development,2025-03-15,0.75,0.14382229662698412,0.02628322572797088,0.9217033615704372,0.7777777777777778,0.6111111111111112
blend_a075,dev_march,development,2025-03-16,0.75,0.04437279265873015,0.0031120519541879238,0.9563419339281409,0.8888888888888888,0.7777777777777778
blend_a075,dev_march,development,2025-03-17,0.75,0.03262347470238096,0.0016189540689882733,0.9441612736999538,0.9166666666666666,0.7222222222222222
blend_a075,dev_march,development,2025-03-18,0.75,0.03914871031746034,0.0025707653339799475,0.9606772787920785,0.9166666666666666,0.7777777777777778
blend_a075,dev_march,development,2025-03-19,0.75,0.039067559523809504,0.0025482391429722906,0.9703821444882235,0.9444444444444444,0.8333333333333334
blend_a075,dev_march,development,2025-03-20,0.75,0.04517514880952381,0.0030138087963701102,0.9704575299996157,0.9444444444444444,0.7777777777777778
blend_a075,dev_april,development,2025-04-17,0.75,0.03743785962301588,0.0023184037783225264,0.9631942030286368,0.9166666666666666,0.75
blend_a075,dev_april,development,2025-04-18,0.75,0.15635238095238094,0.03067989088798541,0.9466870965354099,0.8611111111111112,0.8055555555555556
blend_a075,dev_april,development,2025-04-19,0.75,0.15779170386904762,0.03133545250316663,0.9344132337070232,0.8611111111111112,0.6666666666666666
blend_a075,dev_april,development,2025-04-20,0.75,0.03841411210317461,0.002318652151094813,0.9506760429551757,0.9166666666666666,0.7222222222222222
blend_a075,dev_april,development,2025-04-21,0.75,0.03433962053571429,0.0017041664337310442,0.9731200999925538,0.9166666666666666,0.7222222222222222
blend_a075,dev_april,development,2025-04-22,0.75,0.04109745783730159,0.002627193222855551,0.9432690597697666,0.8888888888888888,0.6944444444444444
blend_a075,dev_april,development,2025-04-23,0.75,0.04369784226190475,0.0028342343039611667,0.9493619377083983,0.9444444444444444,0.6666666666666666
blend_a075,dev_april,development,2025-04-24,0.75,0.03790726686507937,0.002250811404567036,0.9542398289596756,0.8888888888888888,0.6944444444444444
blend_a075,dev_april,development,2025-04-25,0.75,0.17059730902777778,0.03635588630706579,0.9245478659271762,0.8611111111111112,0.6944444444444444
blend_a075,dev_april,development,2025-04-26,0.75,0.17325491071428573,0.03966095602665285,0.9167025026297916,0.8055555555555556,0.6111111111111112
blend_a075,dev_april,development,2025-04-27,0.75,0.03770687003968254,0.00242079587651467,0.9604653966722934,0.8888888888888888,0.7777777777777778
blend_a075,dev_april,development,2025-04-28,0.75,0.06295843253968253,0.006506375221752762,0.9262840607668195,0.8611111111111112,0.6666666666666666
blend_a075,dev_april,development,2025-04-29,0.75,0.034464074900793645,0.001946791279474028,0.9495336981244518,0.9166666666666666,0.6388888888888888
blend_a075,dev_april,development,2025-04-30,0.75,0.03781241319444444,0.002475853233351934,0.9418633625321726,0.9166666666666666,0.6666666666666666
blend_a075,val_june,validation,2025-06-08,0.75,0.06388127480158728,0.0052322481090118335,0.9548669721083514,0.8611111111111112,0.7777777777777778
blend_a075,val_june,validation,2025-06-09,0.75,0.07649939236111111,0.008440389900151469,0.957526397178202,0.8333333333333334,0.75
blend_a075,val_june,validation,2025-06-10,0.75,0.07076820436507937,0.007244306197252339,0.959715777905197,0.8888888888888888,0.7222222222222222
blend_a075,val_june,validation,2025-06-11,0.75,0.0834149429563492,0.009828002089733025,0.9580811008777251,0.8333333333333334,0.7222222222222222
blend_a075,val_june,validation,2025-06-12,0.75,0.07306801835317461,0.007438236072159333,0.9680089382081644,0.8888888888888888,0.75
blend_a075,val_june,validation,2025-06-13,0.75,0.11856779513888889,0.017671634258056085,0.9401966684723301,0.8888888888888888,0.6944444444444444
blend_a075,val_june,validation,2025-06-14,0.75,0.12850589037698412,0.021767980089042127,0.9358872596419098,0.8333333333333334,0.6666666666666666
blend_a075,val_june,validation,2025-06-15,0.75,0.05606690228174603,0.004775859671268248,0.9745649209924951,0.9166666666666666,0.7777777777777778
blend_a075,val_june,validation,2025-06-16,0.75,0.05892271825396825,0.004992849205640588,0.965968268134768,0.8888888888888888,0.8055555555555556
blend_a075,val_june,validation,2025-06-17,0.75,0.06264193948412698,0.006819875266218468,0.9668435013262601,0.8333333333333334,0.8055555555555556
blend_a075,val_june,validation,2025-06-18,0.75,0.053417745535714295,0.004379521977993022,0.9759293625209516,0.8888888888888888,0.8888888888888888
blend_a075,val_june,validation,2025-06-19,0.75,0.04412051091269842,0.0028877400306033868,0.9716109183718634,0.9166666666666666,0.7777777777777778
blend_a075,val_june,validation,2025-06-20,0.75,0.14678213045634922,0.02706003128589587,0.9280613777648943,0.8611111111111112,0.6666666666666666
blend_a075,val_june,validation,2025-06-21,0.75,0.15758501984126985,0.0327552136765253,0.9018918313361912,0.8888888888888888,0.5
blend_a075,val_august,validation,2025-08-18,0.75,0.06591287202380952,0.0061520164183850624,0.9765703417283986,0.9166666666666666,0.8055555555555556
blend_a075,val_august,validation,2025-08-19,0.75,0.05993358134920633,0.004927374209006515,0.9722730734548075,0.8611111111111112,0.6944444444444444
blend_a075,val_august,validation,2025-08-20,0.75,0.08254573412698413,0.009259834024013253,0.9596404626245326,0.8888888888888888,0.8055555555555556
blend_a075,val_august,validation,2025-08-21,0.75,0.06438695436507934,0.005913889404806191,0.9574541410001427,0.9166666666666666,0.75
blend_a075,val_august,validation,2025-08-22,0.75,0.12565383184523807,0.02199276953463807,0.9615001266058143,0.9166666666666666,0.7222222222222222
blend_a075,val_august,validation,2025-08-23,0.75,0.12782961309523808,0.021585409813058034,0.9620940459916096,0.8888888888888888,0.7222222222222222
blend_a075,val_august,validation,2025-08-24,0.75,0.05905060763888889,0.004949224483440513,0.9811067862446472,0.9166666666666666,0.8333333333333334
blend_a075,val_august,validation,2025-08-25,0.75,0.07546898561507936,0.007833097593603847,0.9591380909277517,0.9166666666666666,0.7222222222222222
blend_a075,val_august,validation,2025-08-26,0.75,0.06223767361111113,0.005444871355229592,0.9707107253347932,0.9166666666666666,0.8055555555555556
blend_a075,val_august,validation,2025-08-27,0.75,0.07344687499999998,0.007828035862829505,0.9595690852223482,0.9444444444444444,0.75
blend_a075,val_august,validation,2025-08-28,0.75,0.08033169642857141,0.010168694112280325,0.9317316367907986,0.8888888888888888,0.6111111111111112
blend_a075,val_august,validation,2025-08-29,0.75,0.12384479166666668,0.020230369585592052,0.9579937304075236,0.9444444444444444,0.6944444444444444
blend_a075,val_august,validation,2025-08-30,0.75,0.13614582093253969,0.02677516568087,0.9643888799025042,0.8888888888888888,0.8055555555555556
blend_a075,val_august,validation,2025-08-31,0.75,0.06344017857142857,0.00537773905519239,0.9501687967205209,0.9722222222222222,0.75
blend_a075,eval_september,evaluation,2025-09-10,0.75,0.057098040674603175,0.0050953888808726614,0.9275058275058276,0.8888888888888888,0.6388888888888888
blend_a075,eval_september,evaluation,2025-09-11,0.75,0.042828273809523816,0.002647142882608773,0.9442819551105514,0.8611111111111112,0.6111111111111112
blend_a075,eval_september,evaluation,2025-09-12,0.75,0.1593238963293651,0.03167091539999203,0.9445300709971466,0.8055555555555556,0.6666666666666666
blend_a075,eval_september,evaluation,2025-09-13,0.75,0.1632664310515873,0.03375812256109605,0.9369402317763306,0.9166666666666666,0.6666666666666666
blend_a075,eval_september,evaluation,2025-09-14,0.75,0.05503799603174602,0.004650067991735755,0.932603484082641,0.9444444444444444,0.5833333333333334
blend_a075,eval_september,evaluation,2025-09-15,0.75,0.04829423363095237,0.0035439038363405265,0.9641226589502452,0.9166666666666666,0.6944444444444444
blend_a075,eval_september,evaluation,2025-09-16,0.75,0.058772147817460305,0.004600291204559947,0.9357053363076115,0.9444444444444444,0.6388888888888888
blend_a075,eval_september,evaluation,2025-09-17,0.75,0.058866183035714274,0.005230043966371704,0.930414346964922,0.9444444444444444,0.5555555555555556
blend_a075,eval_september,evaluation,2025-09-18,0.75,0.05136654265873015,0.0036756625068204343,0.947590522448908,0.9166666666666666,0.6666666666666666
blend_a075,eval_september,evaluation,2025-09-19,0.75,0.1315440972222222,0.021608898878038192,0.950152720842376,0.8611111111111112,0.6388888888888888
blend_a075,eval_september,evaluation,2025-09-20,0.75,0.1394196552579365,0.023131406147715597,0.946893336548509,0.8888888888888888,0.6666666666666666
blend_a075,eval_september,evaluation,2025-09-21,0.75,0.051174962797619045,0.004064781820104344,0.9093861212664477,0.8611111111111112,0.5277777777777778
blend_a075,eval_september,evaluation,2025-09-22,0.75,0.05622948908730157,0.004662206526316253,0.9282963436314376,0.9166666666666666,0.6388888888888888
blend_a075,eval_september,evaluation,2025-09-23,0.75,0.057589694940476194,0.005195961176503153,0.9379810223571546,0.8611111111111112,0.6111111111111112
blend_a075,eval_december,evaluation,2025-12-08,0.75,0.1060684771825397,0.01615377269460389,0.9835543436125148,0.9166666666666666,0.9166666666666666
blend_a075,eval_december,evaluation,2025-12-09,0.75,0.10053825644841269,0.015000029816578976,0.9817819744854933,0.9166666666666666,0.8888888888888888
blend_a075,eval_december,evaluation,2025-12-10,0.75,0.10579207589285715,0.016276538425519946,0.979117392328543,0.9444444444444444,0.9444444444444444
blend_a075,eval_december,evaluation,2025-12-11,0.75,0.08509986359126984,0.010554476924536746,0.9782402723261432,0.9444444444444444,0.8888888888888888
blend_a075,eval_december,evaluation,2025-12-12,0.75,0.09759503968253969,0.012535717543269912,0.965340406719717,0.9722222222222222,0.8888888888888888
blend_a075,eval_december,evaluation,2025-12-13,0.75,0.09619005456349207,0.012482148111624857,0.9639347358886143,0.9444444444444444,0.8055555555555556
blend_a075,eval_december,evaluation,2025-12-14,0.75,0.0928126240079365,0.012326744000761763,0.9831363699408363,0.9444444444444444,0.9444444444444444
blend_a075,eval_december,evaluation,2025-12-15,0.75,0.08325194692460318,0.010349245410621278,0.9738043565629773,0.8888888888888888,0.8333333333333334
blend_a075,eval_december,evaluation,2025-12-16,0.75,0.07739356398809523,0.008680665386616888,0.9867414195000404,0.9722222222222222,0.8888888888888888
blend_a075,eval_december,evaluation,2025-12-17,0.75,0.07598880208333332,0.008299268648734233,0.980733060043405,0.9166666666666666,0.8611111111111112
blend_a075,eval_december,evaluation,2025-12-18,0.75,0.07875577876984126,0.008963222833714216,0.979970440449856,0.9166666666666666,0.8888888888888888
blend_a075,eval_december,evaluation,2025-12-19,0.75,0.1105754340277778,0.015352273302707803,0.9699421268386786,0.9722222222222222,0.8333333333333334
blend_a075,eval_december,evaluation,2025-12-20,0.75,0.11608214285714286,0.01705750201287025,0.9718591753074514,0.9444444444444444,0.8333333333333334
blend_a075,eval_december,evaluation,2025-12-21,0.75,0.07763639632936509,0.008689683209524698,0.9846414770566401,0.9166666666666666,0.8888888888888888
blend_a100,dev_march,development,2025-03-07,1.0,0.14287986111111112,0.026017274862528344,0.9025750568438131,0.8333333333333334,0.5555555555555556
blend_a100,dev_march,development,2025-03-08,1.0,0.1537172619047619,0.030083715798611108,0.904760278034698,0.8611111111111112,0.5833333333333334
blend_a100,dev_march,development,2025-03-09,1.0,0.04279474206349207,0.00271838505739796,0.9662597121013157,0.9444444444444444,0.7777777777777778
blend_a100,dev_march,development,2025-03-10,1.0,0.058539384920634915,0.005373823416241496,0.967816091954023,0.9166666666666666,0.7777777777777778
blend_a100,dev_march,development,2025-03-11,1.0,0.049161160714285716,0.0036646703929280044,0.9574501220265684,0.9166666666666666,0.8333333333333334
blend_a100,dev_march,development,2025-03-12,1.0,0.04461240079365079,0.0029268887308673466,0.9559379389496413,0.8611111111111112,0.7777777777777778
blend_a100,dev_march,development,2025-03-13,1.0,0.06059598214285714,0.005925330786918936,0.9621413069688932,0.8611111111111112,0.8333333333333334
blend_a100,dev_march,development,2025-03-14,1.0,0.15204226190476192,0.02991781436720521,0.8900246966192245,0.8888888888888888,0.5555555555555556
blend_a100,dev_march,development,2025-03-15,1.0,0.13779940476190478,0.024805483737953514,0.9199129088431105,0.8055555555555556,0.6111111111111112
blend_a100,dev_march,development,2025-03-16,1.0,0.04943938492063491,0.0035683493636621314,0.9569246845108914,0.8888888888888888,0.75
blend_a100,dev_march,development,2025-03-17,1.0,0.035512648809523824,0.0018361309187216565,0.9455839932041786,0.9166666666666666,0.7222222222222222
blend_a100,dev_march,development,2025-03-18,1.0,0.04444652777777779,0.0031083048022959195,0.9596423910171128,0.9166666666666666,0.7777777777777778
blend_a100,dev_march,development,2025-03-19,1.0,0.0440017857142857,0.0030365149071712,0.9704404196636016,0.9444444444444444,0.8333333333333334
blend_a100,dev_march,development,2025-03-20,1.0,0.05137728174603175,0.003690787347647392,0.9718038861469882,0.9444444444444444,0.7777777777777778
blend_a100,dev_april,development,2025-04-17,1.0,0.05123318452380951,0.0038981978270266424,0.9564282542183411,0.9166666666666666,0.75
blend_a100,dev_april,development,2025-04-18,1.0,0.13954414682539681,0.024754932823129253,0.9563256825319679,0.8611111111111112,0.8055555555555556
blend_a100,dev_april,development,2025-04-19,1.0,0.14098199404761905,0.025303677576176298,0.9425777949297149,0.8611111111111112,0.6666666666666666
blend_a100,dev_april,development,2025-04-20,1.0,0.05036121031746032,0.0038152815887188213,0.9449329181768216,0.9166666666666666,0.6944444444444444
blend_a100,dev_april,development,2025-04-21,1.0,0.04323665674603175,0.0027005691471797054,0.9706022130482885,0.9166666666666666,0.6944444444444444
blend_a100,dev_april,development,2025-04-22,1.0,0.0563278273809524,0.004572615868409867,0.9405814254930684,0.8888888888888888,0.6666666666666666
blend_a100,dev_april,development,2025-04-23,1.0,0.055974107142857145,0.004464839838435373,0.9424452841871209,0.9444444444444444,0.6388888888888888
blend_a100,dev_april,development,2025-04-24,1.0,0.048798313492063504,0.0034689792871315213,0.9497144510745097,0.8888888888888888,0.7222222222222222
blend_a100,dev_april,development,2025-04-25,1.0,0.15239409722222222,0.02919041794536565,0.9369624628245317,0.8888888888888888,0.7222222222222222
blend_a100,dev_april,development,2025-04-26,1.0,0.1549641865079365,0.03225874372661565,0.9283937319974181,0.8333333333333334,0.6111111111111112
blend_a100,dev_april,development,2025-04-27,1.0,0.05028234126984127,0.003997422401502269,0.9579575596816976,0.8888888888888888,0.7222222222222222
blend_a100,dev_april,development,2025-04-28,1.0,0.08035386904761904,0.00997002944515306,0.9131018406880477,0.8333333333333334,0.6111111111111112
blend_a100,dev_april,development,2025-04-29,1.0,0.04681393849206349,0.0033513534364370736,0.9478165375071222,0.9166666666666666,0.6666666666666666
blend_a100,dev_april,development,2025-04-30,1.0,0.04773844246031747,0.003764504253472222,0.930067639536647,0.9166666666666666,0.6111111111111112
blend_a100,val_june,validation,2025-06-08,1.0,0.0703061507936508,0.006355504963860545,0.9560163973957078,0.8611111111111112,0.7777777777777778
blend_a100,val_june,validation,2025-06-09,1.0,0.08384112103174604,0.0098997239990788,0.9533928745508141,0.8055555555555556,0.6944444444444444
blend_a100,val_june,validation,2025-06-10,1.0,0.07699404761904763,0.008435197849348073,0.9574973022632111,0.8611111111111112,0.7222222222222222
blend_a100,val_june,validation,2025-06-11,1.0,0.08834588293650793,0.011124956121386052,0.9573787424217154,0.8333333333333334,0.7222222222222222
blend_a100,val_june,validation,2025-06-12,1.0,0.076074751984127,0.007955588566113947,0.9686821169582235,0.8611111111111112,0.75
blend_a100,val_june,validation,2025-06-13,1.0,0.11603437500000001,0.016907297776006233,0.939035185109373,0.8888888888888888,0.6944444444444444
blend_a100,val_june,validation,2025-06-14,1.0,0.126650248015873,0.020949550150581062,0.9377339798547587,0.8055555555555556,0.6666666666666666
blend_a100,val_june,validation,2025-06-15,1.0,0.054656894841269836,0.004716435471584467,0.9748221353012467,0.8888888888888888,0.7777777777777778
blend_a100,val_june,validation,2025-06-16,1.0,0.059169543650793646,0.00499589066893424,0.966697713304307,0.8888888888888888,0.7777777777777778
blend_a100,val_june,validation,2025-06-17,1.0,0.06250257936507937,0.006618107519132655,0.9691745036572623,0.7777777777777778,0.8055555555555556
blend_a100,val_june,validation,2025-06-18,1.0,0.05307504960317463,0.004228589451176306,0.9767833944054789,0.8611111111111112,0.8888888888888888
blend_a100,val_june,validation,2025-06-19,1.0,0.044245932539682536,0.0029600665270691612,0.9715044153581289,0.9166666666666666,0.8055555555555556
blend_a100,val_june,validation,2025-06-20,1.0,0.1473391369047619,0.026898053525014173,0.9288511060722336,0.8888888888888888,0.6666666666666666
blend_a100,val_june,validation,2025-06-21,1.0,0.1573378968253968,0.032720021830357146,0.8995407317952574,0.8888888888888888,0.5
blend_a100,val_august,validation,2025-08-18,1.0,0.05993174603174604,0.005315418137755101,0.9750652080447628,0.8888888888888888,0.8055555555555556
blend_a100,val_august,validation,2025-08-19,1.0,0.05478869047619046,0.004198619287131517,0.9707559094061669,0.8888888888888888,0.7222222222222222
blend_a100,val_august,validation,2025-08-20,1.0,0.07774940476190478,0.00880112348426871,0.9573677330682964,0.8888888888888888,0.8055555555555556
blend_a100,val_august,validation,2025-08-21,1.0,0.05882847222222222,0.005435367914540815,0.9564594450405168,0.9444444444444444,0.7222222222222222
blend_a100,val_august,validation,2025-08-22,1.0,0.13147633928571426,0.021801313498086727,0.9652156788747627,0.9444444444444444,0.7222222222222222
blend_a100,val_august,validation,2025-08-23,1.0,0.1342860119047619,0.02182588160218254,0.96235929824751,0.9444444444444444,0.7222222222222222
blend_a100,val_august,validation,2025-08-24,1.0,0.05186592261904763,0.004041129606363379,0.9796499068601937,0.9166666666666666,0.8333333333333334
blend_a100,val_august,validation,2025-08-25,1.0,0.06967723214285715,0.007214232560586735,0.959829354382522,0.9444444444444444,0.7222222222222222
blend_a100,val_august,validation,2025-08-26,1.0,0.056173908730158734,0.004724496724773242,0.9705499663918234,0.8888888888888888,0.8055555555555556
blend_a100,val_august,validation,2025-08-27,1.0,0.06840168650793652,0.007183466361961451,0.9598082143902795,0.8888888888888888,0.7222222222222222
blend_a100,val_august,validation,2025-08-28,1.0,0.07605535714285712,0.01002669437641723,0.9304234595779971,0.8888888888888888,0.6111111111111112
blend_a100,val_august,validation,2025-08-29,1.0,0.1303392857142857,0.021101632461026074,0.9612410577927821,0.9444444444444444,0.75
blend_a100,val_august,validation,2025-08-30,1.0,0.14198546626984124,0.026629410532525506,0.96740913854355,0.9444444444444444,0.8055555555555556
blend_a100,val_august,validation,2025-08-31,1.0,0.059789484126984135,0.004839636372590706,0.9503978779840849,0.9166666666666666,0.75
blend_a100,eval_september,evaluation,2025-09-10,1.0,0.06590644841269841,0.006788824779620181,0.9190217828148862,0.8611111111111112,0.6388888888888888
blend_a100,eval_september,evaluation,2025-09-11,1.0,0.04588819444444445,0.0030898063272392275,0.9495488199796007,0.8611111111111112,0.6666666666666666
blend_a100,eval_september,evaluation,2025-09-12,1.0,0.1487279265873016,0.027256941971017575,0.951016700863388,0.8333333333333334,0.6944444444444444
blend_a100,eval_september,evaluation,2025-09-13,1.0,0.15112723214285714,0.02844800250389739,0.9437724937172293,0.9444444444444444,0.6666666666666666
blend_a100,eval_september,evaluation,2025-09-14,1.0,0.06746369047619047,0.0069537609899376395,0.9274531435733008,0.8888888888888888,0.5555555555555556
blend_a100,eval_september,evaluation,2025-09-15,1.0,0.05871066468253969,0.0049350422445436515,0.9692397810066191,0.8888888888888888,0.7222222222222222
blend_a100,eval_september,evaluation,2025-09-16,1.0,0.07306507936507936,0.006969733183106574,0.9347055490154272,0.9444444444444444,0.6388888888888888
blend_a100,eval_september,evaluation,2025-09-17,1.0,0.07196602182539681,0.007757427501062923,0.9260698278008908,0.9166666666666666,0.5555555555555556
blend_a100,eval_september,evaluation,2025-09-18,1.0,0.06443789682539681,0.0056923900992063466,0.9412144144670047,0.8888888888888888,0.6388888888888888
blend_a100,eval_september,evaluation,2025-09-19,1.0,0.11768968253968254,0.017360644360119044,0.9573134769250441,0.8888888888888888,0.6666666666666666
blend_a100,eval_september,evaluation,2025-09-20,1.0,0.1261937996031746,0.018870717985048184,0.9537336226991399,0.8888888888888888,0.6944444444444444
blend_a100,eval_september,evaluation,2025-09-21,1.0,0.0627061011904762,0.005632936355229593,0.9055942158892488,0.8611111111111112,0.5
blend_a100,eval_september,evaluation,2025-09-22,1.0,0.06805982142857142,0.006504999762613378,0.9245617807304672,0.9166666666666666,0.5833333333333334
blend_a100,eval_september,evaluation,2025-09-23,1.0,0.06872435515873015,0.007128371722293084,0.9355073366659294,0.8611111111111112,0.6111111111111112
blend_a100,eval_december,evaluation,2025-12-08,1.0,0.09327648809523811,0.012318975143140592,0.9849529478215929,0.9166666666666666,0.9166666666666666
blend_a100,eval_december,evaluation,2025-12-09,1.0,0.08587772817460317,0.010892696353812356,0.9836427611199854,0.9166666666666666,0.8888888888888888
blend_a100,eval_december,evaluation,2025-12-10,1.0,0.08973397817460319,0.011456969454010774,0.981542845317562,0.9444444444444444,0.9444444444444444
blend_a100,eval_december,evaluation,2025-12-11,1.0,0.06790798611111111,0.006600261511125287,0.9812886637822087,0.9444444444444444,0.8888888888888888
blend_a100,eval_december,evaluation,2025-12-12,1.0,0.11558402777777776,0.017038848002409297,0.9673950721360403,0.9722222222222222,0.8888888888888888
blend_a100,eval_december,evaluation,2025-12-13,1.0,0.11599007936507937,0.017717305800736965,0.9652208074323733,0.9444444444444444,0.8055555555555556
blend_a100,eval_december,evaluation,2025-12-14,1.0,0.07149394841269842,0.007140290384070295,0.987229698638957,0.9444444444444444,0.9444444444444444
blend_a100,eval_december,evaluation,2025-12-15,1.0,0.06153129960317462,0.005450580726686509,0.9780242745759987,0.8888888888888888,0.8333333333333334
blend_a100,eval_december,evaluation,2025-12-16,1.0,0.054697271825396826,0.004274438029691043,0.9897355518045173,0.9722222222222222,0.8888888888888888
blend_a100,eval_december,evaluation,2025-12-17,1.0,0.053624057539682544,0.004182732975836168,0.9838557993730408,0.9444444444444444,0.8611111111111112
blend_a100,eval_december,evaluation,2025-12-18,1.0,0.05715446428571428,0.004619890658304991,0.9826048776277745,0.9444444444444444,0.8888888888888888
blend_a100,eval_december,evaluation,2025-12-19,1.0,0.13292713293650793,0.022419074198200113,0.9691131212761691,0.9444444444444444,0.8333333333333334
blend_a100,eval_december,evaluation,2025-12-20,1.0,0.13911448412698413,0.02476785669571995,0.9704083273048791,0.9444444444444444,0.8333333333333334
blend_a100,eval_december,evaluation,2025-12-21,1.0,0.05490907738095239,0.004249870694798754,0.9875954256016757,0.9166666666666666,0.8888888888888888
mean7,dev_march,development,2025-03-07,,0.1406079365079365,0.025812069433106582,0.9004530387966112,0.8611111111111112,0.5277777777777778
mean7,dev_march,development,2025-03-08,,0.15116150793650796,0.029660804790249438,0.9012034828478184,0.8333333333333334,0.5833333333333334
mean7,dev_march,development,2025-03-09,,0.04534335317460317,0.002935350936791382,0.9674553567396539,0.9444444444444444,0.7777777777777778
mean7,dev_march,development,2025-03-10,,0.06240009920634922,0.005933916778628118,0.9704485170002412,0.9444444444444444,0.7777777777777778
mean7,dev_march,development,2025-03-11,,0.05405089285714286,0.004426625905612246,0.9549452514774767,0.9166666666666666,0.8333333333333334
mean7,dev_march,development,2025-03-12,,0.048841567460317474,0.0034835145734126993,0.9494854703931044,0.8611111111111112,0.7222222222222222
mean7,dev_march,development,2025-03-13,,0.0678621031746032,0.007296072604875285,0.9513061650992686,0.8611111111111112,0.7222222222222222
mean7,dev_march,development,2025-03-14,,0.14629573412698413,0.02758656129960317,0.8839480024694369,0.8611111111111112,0.4722222222222222
mean7,dev_march,development,2025-03-15,,0.13138422619047618,0.022313922813208615,0.9237249052782829,0.8055555555555556,0.6666666666666666
mean7,dev_march,development,2025-03-16,,0.0531282738095238,0.004252353218537414,0.9561962022714037,0.8888888888888888,0.75
mean7,dev_march,development,2025-03-17,,0.03631359126984128,0.0018954247548185952,0.9447038362227514,0.9444444444444444,0.7222222222222222
mean7,dev_march,development,2025-03-18,,0.048267757936507935,0.003697788533163265,0.9574259226369431,0.9722222222222222,0.75
mean7,dev_march,development,2025-03-19,,0.04881170634920636,0.0036881068537414977,0.9667248748610364,0.9444444444444444,0.7777777777777778
mean7,dev_march,development,2025-03-20,,0.056766964285714275,0.004485051909013604,0.9592827739764247,0.9444444444444444,0.7777777777777778
mean7,dev_april,development,2025-04-17,,0.05517619047619049,0.004431555816326532,0.951180425148454,0.9166666666666666,0.7222222222222222
mean7,dev_april,development,2025-04-18,,0.13584444444444443,0.023298545683106575,0.9565125653664797,0.8611111111111112,0.7222222222222222
mean7,dev_april,development,2025-04-19,,0.13859573412698412,0.02475537533871882,0.9287746024515782,0.8333333333333334,0.6111111111111112
mean7,dev_april,development,2025-04-20,,0.053529960317460316,0.004229155464852606,0.9417217518381895,0.9166666666666666,0.6944444444444444
mean7,dev_april,development,2025-04-21,,0.04580932539682539,0.003034478191609977,0.9717154687283549,0.9166666666666666,0.8055555555555556
mean7,dev_april,development,2025-04-22,,0.060242261904761896,0.005172155977891156,0.9377641221868509,0.8333333333333334,0.6666666666666666
mean7,dev_april,development,2025-04-23,,0.05768124999999999,0.004809073907312924,0.9413802561899456,0.8888888888888888,0.6666666666666666
mean7,dev_april,development,2025-04-24,,0.0493328373015873,0.00366308536989796,0.9503032324778637,0.8611111111111112,0.6388888888888888
mean7,dev_april,development,2025-04-25,,0.15006011904761907,0.02804857521258504,0.9428864239209066,0.9166666666666666,0.6944444444444444
mean7,dev_april,development,2025-04-26,,0.15092718253968254,0.030297789512471654,0.9330236035104831,0.8611111111111112,0.6388888888888888
mean7,dev_april,development,2025-04-27,,0.05493998015873017,0.0047639669401927445,0.952306888513785,0.8611111111111112,0.6388888888888888
mean7,dev_april,development,2025-04-28,,0.08564384920634921,0.011570952406462585,0.9080830601273171,0.8333333333333334,0.6111111111111112
mean7,dev_april,development,2025-04-29,,0.04940337301587302,0.003729308724489795,0.9424341741723355,0.9166666666666666,0.6388888888888888
mean7,dev_april,development,2025-04-30,,0.05083402777777778,0.0042909022945011345,0.9241798255031051,0.9166666666666666,0.5833333333333334
mean7,val_june,validation,2025-06-08,,0.041805952380952374,0.002405002766439909,0.9684792219274979,0.8333333333333334,0.8333333333333334
mean7,val_june,validation,2025-06-09,,0.059196924603174605,0.005445977705498866,0.9546548347890249,0.8055555555555556,0.7222222222222222
mean7,val_june,validation,2025-06-10,,0.054851289682539675,0.004643923932823129,0.9685032724544763,0.8611111111111112,0.8333333333333334
mean7,val_june,validation,2025-06-11,,0.07027430555555556,0.0073644145734127016,0.958681937427075,0.8333333333333334,0.6944444444444444
mean7,val_june,validation,2025-06-12,,0.06014662698412698,0.005016969742063492,0.9725503829100557,0.8333333333333334,0.7777777777777778
mean7,val_june,validation,2025-06-13,,0.12945714285714283,0.02129744157596371,0.9254611018623572,0.8611111111111112,0.6388888888888888
mean7,val_june,validation,2025-06-14,,0.133205753968254,0.023121778259637193,0.9360359618135647,0.8055555555555556,0.6388888888888888
mean7,val_june,validation,2025-06-15,,0.05559444444444445,0.004814738007369614,0.9722801345155363,0.8888888888888888,0.8333333333333334
mean7,val_june,validation,2025-06-16,,0.05662182539682539,0.004531992035147391,0.9707146854638347,0.8888888888888888,0.8333333333333334
mean7,val_june,validation,2025-06-17,,0.060974305555555545,0.00627256188066893,0.9641387348283901,0.7777777777777778,0.8333333333333334
mean7,val_june,validation,2025-06-18,,0.05118859126984127,0.0039033341142290265,0.9738575816434278,0.8611111111111112,0.8888888888888888
mean7,val_june,validation,2025-06-19,,0.045914384920634904,0.003089191934523808,0.9685424258818189,0.8888888888888888,0.8333333333333334
mean7,val_june,validation,2025-06-20,,0.14658918650793654,0.026588349678287982,0.9264034032741292,0.8888888888888888,0.6388888888888888
mean7,val_june,validation,2025-06-21,,0.15586805555555555,0.03225611370748299,0.8999908568355729,0.8888888888888888,0.5
mean7,val_august,validation,2025-08-18,,0.059799702380952384,0.005162303062641723,0.9721173100598077,0.8888888888888888,0.7777777777777778
mean7,val_august,validation,2025-08-19,,0.053927380952380956,0.004113619761904762,0.9718772041599965,0.8888888888888888,0.6944444444444444
mean7,val_august,validation,2025-08-20,,0.07831785714285716,0.008954767735260771,0.9562906481503984,0.8888888888888888,0.8055555555555556
mean7,val_august,validation,2025-08-21,,0.05832400793650795,0.005429714937641723,0.9560012820530527,0.9444444444444444,0.75
mean7,val_august,validation,2025-08-22,,0.13174890873015874,0.021711866951530615,0.961904034667501,0.9444444444444444,0.75
mean7,val_august,validation,2025-08-23,,0.13412797619047623,0.021802774095804993,0.9589934078790788,0.9444444444444444,0.75
mean7,val_august,validation,2025-08-24,,0.05130654761904762,0.003998993214285715,0.9772375384193688,0.9166666666666666,0.7777777777777778
mean7,val_august,validation,2025-08-25,,0.06873551587301588,0.006953463526077098,0.9520646974370787,0.9444444444444444,0.6666666666666666
mean7,val_august,validation,2025-08-26,,0.0552484126984127,0.004510137774943311,0.9712864144490283,0.8611111111111112,0.8055555555555556
mean7,val_august,validation,2025-08-27,,0.06640932539682538,0.0065826961961451234,0.9556505820503622,0.8611111111111112,0.75
mean7,val_august,validation,2025-08-28,,0.07400505952380951,0.009359691568877547,0.9316813995706448,0.8611111111111112,0.6388888888888888
mean7,val_august,validation,2025-08-29,,0.13391428571428574,0.022878937020975057,0.9551000723414517,0.9444444444444444,0.6666666666666666
mean7,val_august,validation,2025-08-30,,0.1447313492063492,0.028693702777777774,0.96004035049517,0.9166666666666666,0.7222222222222222
mean7,val_august,validation,2025-08-31,,0.05793521825396827,0.00448783386479592,0.9474328303927602,0.9166666666666666,0.7222222222222222
mean7,eval_september,evaluation,2025-09-10,,0.08075823412698412,0.00962936953089569,0.9176312193553573,0.8611111111111112,0.6388888888888888
mean7,eval_september,evaluation,2025-09-11,,0.05342291666666665,0.003983710712868478,0.9372447323820464,0.8888888888888888,0.6111111111111112
mean7,eval_september,evaluation,2025-09-12,,0.13119454365079364,0.021942914981575964,0.9459919198378696,0.8611111111111112,0.6111111111111112
mean7,eval_september,evaluation,2025-09-13,,0.1423347222222222,0.0261781421201814,0.9513201336731162,0.9166666666666666,0.6944444444444444
mean7,eval_september,evaluation,2025-09-14,,0.06920803571428571,0.007160951310941043,0.9190112471707496,0.9166666666666666,0.5277777777777778
mean7,eval_september,evaluation,2025-09-15,,0.053628869047619064,0.004093989125566895,0.9696889317578974,0.8888888888888888,0.6944444444444444
mean7,eval_september,evaluation,2025-09-16,,0.07089543650793652,0.00671652106292517,0.9268374532961081,0.9444444444444444,0.6111111111111112
mean7,eval_september,evaluation,2025-09-17,,0.06790843253968254,0.006912320106292518,0.9253222972139251,0.9166666666666666,0.5555555555555556
mean7,eval_september,evaluation,2025-09-18,,0.0625863095238095,0.005349257681405893,0.9403463153027493,0.9166666666666666,0.6944444444444444
mean7,eval_september,evaluation,2025-09-19,,0.12201220238095238,0.018731401653911565,0.9529619805481875,0.8611111111111112,0.6388888888888888
mean7,eval_september,evaluation,2025-09-20,,0.13063968253968256,0.020193817723922907,0.9561771561771563,0.9166666666666666,0.6944444444444444
mean7,eval_september,evaluation,2025-09-21,,0.0577920634920635,0.004971124248866214,0.9027527987173576,0.8611111111111112,0.4722222222222222
mean7,eval_september,evaluation,2025-09-22,,0.06337777777777778,0.005779184246031747,0.9299994574399001,0.8888888888888888,0.6111111111111112
mean7,eval_september,evaluation,2025-09-23,,0.06235724206349205,0.0060319541992630375,0.9524051619929098,0.8611111111111112,0.7222222222222222
mean7,eval_december,evaluation,2025-12-08,,0.05379761904761906,0.004278465870181406,0.9899927457474088,0.9444444444444444,0.9166666666666666
mean7,eval_december,evaluation,2025-12-09,,0.05510982142857143,0.004638546835317461,0.9839080136423966,0.9444444444444444,0.8611111111111112
mean7,eval_december,evaluation,2025-12-10,,0.06404900793650793,0.005799348664965985,0.9836528085640159,0.9444444444444444,0.9444444444444444
mean7,eval_december,evaluation,2025-12-11,,0.04928015873015874,0.0034187920776644004,0.9819326861439718,0.9444444444444444,0.8611111111111112
mean7,eval_december,evaluation,2025-12-12,,0.13132857142857143,0.0212724234920635,0.9678964713447472,0.9722222222222222,0.8888888888888888
mean7,eval_december,evaluation,2025-12-13,,0.12623511904761905,0.02063172845804989,0.9639709066507826,0.9444444444444444,0.7777777777777778
mean7,eval_december,evaluation,2025-12-14,,0.06661597222222222,0.006240505103458052,0.986695174616522,0.9722222222222222,0.9444444444444444
mean7,eval_december,evaluation,2025-12-15,,0.061336805555555554,0.005326173541666665,0.9753516598344185,0.8888888888888888,0.8333333333333334
mean7,eval_december,evaluation,2025-12-16,,0.05366517857142857,0.003980074791666666,0.9890563459528978,0.9722222222222222,0.8888888888888888
mean7,eval_december,evaluation,2025-12-17,,0.052521428571428566,0.0039831995238095224,0.9811550518447071,0.9444444444444444,0.8611111111111112
mean7,eval_december,evaluation,2025-12-18,,0.05642847222222221,0.004443810840419501,0.9817910354789895,0.9444444444444444,0.8888888888888888
mean7,eval_december,evaluation,2025-12-19,,0.1354359126984127,0.023404178863378686,0.9675468209950969,0.9444444444444444,0.8611111111111112
mean7,eval_december,evaluation,2025-12-20,,0.14118660714285713,0.02544074294926304,0.9702475685234306,0.9444444444444444,0.8055555555555556
mean7,eval_december,evaluation,2025-12-21,,0.05431170634920634,0.004098392619047619,0.9873864387658365,0.9166666666666666,0.8888888888888888
rolling_cost_selector,dev_march,development,2025-03-07,1.0,0.14287986111111112,0.026017274862528344,0.9025750568438131,0.8333333333333334,0.5555555555555556
rolling_cost_selector,dev_march,development,2025-03-08,1.0,0.1537172619047619,0.030083715798611108,0.904760278034698,0.8611111111111112,0.5833333333333334
rolling_cost_selector,dev_march,development,2025-03-09,1.0,0.04279474206349207,0.00271838505739796,0.9662597121013157,0.9444444444444444,0.7777777777777778
rolling_cost_selector,dev_march,development,2025-03-10,1.0,0.058539384920634915,0.005373823416241496,0.967816091954023,0.9166666666666666,0.7777777777777778
rolling_cost_selector,dev_march,development,2025-03-11,1.0,0.049161160714285716,0.0036646703929280044,0.9574501220265684,0.9166666666666666,0.8333333333333334
rolling_cost_selector,dev_march,development,2025-03-12,1.0,0.04461240079365079,0.0029268887308673466,0.9559379389496413,0.8611111111111112,0.7777777777777778
rolling_cost_selector,dev_march,development,2025-03-13,1.0,0.06059598214285714,0.005925330786918936,0.9621413069688932,0.8611111111111112,0.8333333333333334
rolling_cost_selector,dev_march,development,2025-03-14,1.0,0.15204226190476192,0.02991781436720521,0.8900246966192245,0.8888888888888888,0.5555555555555556
rolling_cost_selector,dev_march,development,2025-03-15,1.0,0.13779940476190478,0.024805483737953514,0.9199129088431105,0.8055555555555556,0.6111111111111112
rolling_cost_selector,dev_march,development,2025-03-16,1.0,0.04943938492063491,0.0035683493636621314,0.9569246845108914,0.8888888888888888,0.75
rolling_cost_selector,dev_march,development,2025-03-17,1.0,0.035512648809523824,0.0018361309187216565,0.9455839932041786,0.9166666666666666,0.7222222222222222
rolling_cost_selector,dev_march,development,2025-03-18,1.0,0.04444652777777779,0.0031083048022959195,0.9596423910171128,0.9166666666666666,0.7777777777777778
rolling_cost_selector,dev_march,development,2025-03-19,1.0,0.0440017857142857,0.0030365149071712,0.9704404196636016,0.9444444444444444,0.8333333333333334
rolling_cost_selector,dev_march,development,2025-03-20,1.0,0.05137728174603175,0.003690787347647392,0.9718038861469882,0.9444444444444444,0.7777777777777778
rolling_cost_selector,dev_april,development,2025-04-17,0.25,0.030579774305555554,0.0014778288578647604,0.9580479021960953,0.8611111111111112,0.75
rolling_cost_selector,dev_april,development,2025-04-18,0.25,0.1899688492063492,0.04490475465003188,0.9205346054837041,0.8055555555555556,0.6944444444444444
rolling_cost_selector,dev_april,development,2025-04-19,0.25,0.19141112351190476,0.045765642534522914,0.9095096139106119,0.8055555555555556,0.6666666666666666
rolling_cost_selector,dev_april,development,2025-04-20,0.25,0.0321375496031746,0.0017928413567354024,0.9600061088564698,0.9166666666666666,0.7777777777777778
rolling_cost_selector,dev_april,development,2025-04-21,0.25,0.03638691716269841,0.0022132978670856354,0.9569236364883422,0.8611111111111112,0.7222222222222222
rolling_cost_selector,dev_april,development,2025-04-22,0.25,0.02970631200396825,0.00132307049698395,0.9441201352806927,0.9166666666666666,0.6666666666666666
rolling_cost_selector,dev_april,development,2025-04-23,0.25,0.03659464285714285,0.0021635088291879242,0.9558807128458253,0.8611111111111112,0.7222222222222222
rolling_cost_selector,dev_april,development,2025-04-24,0.25,0.04080334821428571,0.0025353143304457206,0.9511432004867446,0.8055555555555556,0.7222222222222222
rolling_cost_selector,dev_april,development,2025-04-25,0.25,0.20714723462301585,0.05354303608438296,0.8942568925327548,0.8055555555555556,0.6388888888888888
rolling_cost_selector,dev_april,development,2025-04-26,0.25,0.2099688492063492,0.057350008017511694,0.8863591606821872,0.7777777777777778,0.5555555555555556
rolling_cost_selector,dev_april,development,2025-04-27,0.25,0.037471750992063506,0.002315330404930202,0.9474680491921871,0.8611111111111112,0.75
rolling_cost_selector,dev_april,development,2025-04-28,0.25,0.03928556547619048,0.0027361987283429,0.9537124766025197,0.8888888888888888,0.7777777777777778
rolling_cost_selector,dev_april,development,2025-04-29,0.25,0.0362446800595238,0.0021656522348666024,0.9427195215828085,0.8333333333333334,0.6666666666666666
rolling_cost_selector,dev_april,development,2025-04-30,0.5,0.03561713789682539,0.002210646316344246,0.9496521567963391,0.8611111111111112,0.6388888888888888
rolling_cost_selector,val_june,validation,2025-06-08,0.5,0.05843263888888888,0.004454547126381803,0.9477373201511131,0.8611111111111112,0.6944444444444444
rolling_cost_selector,val_june,validation,2025-06-09,0.5,0.06998266369047619,0.007287264846495892,0.9568210658985651,0.8333333333333334,0.75
rolling_cost_selector,val_june,validation,2025-06-10,0.5,0.06510689484126984,0.006322789199440193,0.9581222532819227,0.9166666666666666,0.75
rolling_cost_selector,val_june,validation,2025-06-11,0.5,0.07893792162698413,0.008769601542747307,0.9535677935538468,0.8888888888888888,0.6944444444444444
rolling_cost_selector,val_june,validation,2025-06-12,0.75,0.07306801835317461,0.007438236072159333,0.9680089382081644,0.8888888888888888,0.75
rolling_cost_selector,val_june,validation,2025-06-13,0.75,0.11856779513888889,0.017671634258056085,0.9401966684723301,0.8888888888888888,0.6944444444444444
rolling_cost_selector,val_june,validation,2025-06-14,0.75,0.12850589037698412,0.021767980089042127,0.9358872596419098,0.8333333333333334,0.6666666666666666
rolling_cost_selector,val_june,validation,2025-06-15,0.75,0.05606690228174603,0.004775859671268248,0.9745649209924951,0.9166666666666666,0.7777777777777778
rolling_cost_selector,val_june,validation,2025-06-16,0.75,0.05892271825396825,0.004992849205640588,0.965968268134768,0.8888888888888888,0.8055555555555556
rolling_cost_selector,val_june,validation,2025-06-17,0.75,0.06264193948412698,0.006819875266218468,0.9668435013262601,0.8333333333333334,0.8055555555555556
rolling_cost_selector,val_june,validation,2025-06-18,0.75,0.053417745535714295,0.004379521977993022,0.9759293625209516,0.8888888888888888,0.8888888888888888
rolling_cost_selector,val_june,validation,2025-06-19,0.75,0.04412051091269842,0.0028877400306033868,0.9716109183718634,0.9166666666666666,0.7777777777777778
rolling_cost_selector,val_june,validation,2025-06-20,0.75,0.14678213045634922,0.02706003128589587,0.9280613777648943,0.8611111111111112,0.6666666666666666
rolling_cost_selector,val_june,validation,2025-06-21,0.75,0.15758501984126985,0.0327552136765253,0.9018918313361912,0.8888888888888888,0.5
rolling_cost_selector,val_august,validation,2025-08-18,1.0,0.05993174603174604,0.005315418137755101,0.9750652080447628,0.8888888888888888,0.8055555555555556
rolling_cost_selector,val_august,validation,2025-08-19,1.0,0.05478869047619046,0.004198619287131517,0.9707559094061669,0.8888888888888888,0.7222222222222222
rolling_cost_selector,val_august,validation,2025-08-20,1.0,0.07774940476190478,0.00880112348426871,0.9573677330682964,0.8888888888888888,0.8055555555555556
rolling_cost_selector,val_august,validation,2025-08-21,1.0,0.05882847222222222,0.005435367914540815,0.9564594450405168,0.9444444444444444,0.7222222222222222
rolling_cost_selector,val_august,validation,2025-08-22,1.0,0.13147633928571426,0.021801313498086727,0.9652156788747627,0.9444444444444444,0.7222222222222222
rolling_cost_selector,val_august,validation,2025-08-23,1.0,0.1342860119047619,0.02182588160218254,0.96235929824751,0.9444444444444444,0.7222222222222222
rolling_cost_selector,val_august,validation,2025-08-24,1.0,0.05186592261904763,0.004041129606363379,0.9796499068601937,0.9166666666666666,0.8333333333333334
rolling_cost_selector,val_august,validation,2025-08-25,1.0,0.06967723214285715,0.007214232560586735,0.959829354382522,0.9444444444444444,0.7222222222222222
rolling_cost_selector,val_august,validation,2025-08-26,1.0,0.056173908730158734,0.004724496724773242,0.9705499663918234,0.8888888888888888,0.8055555555555556
rolling_cost_selector,val_august,validation,2025-08-27,1.0,0.06840168650793652,0.007183466361961451,0.9598082143902795,0.8888888888888888,0.7222222222222222
rolling_cost_selector,val_august,validation,2025-08-28,1.0,0.07605535714285712,0.01002669437641723,0.9304234595779971,0.8888888888888888,0.6111111111111112
rolling_cost_selector,val_august,validation,2025-08-29,1.0,0.1303392857142857,0.021101632461026074,0.9612410577927821,0.9444444444444444,0.75
rolling_cost_selector,val_august,validation,2025-08-30,1.0,0.14198546626984124,0.026629410532525506,0.96740913854355,0.9444444444444444,0.8055555555555556
rolling_cost_selector,val_august,validation,2025-08-31,1.0,0.059789484126984135,0.004839636372590706,0.9503978779840849,0.9166666666666666,0.75
rolling_cost_selector,eval_september,evaluation,2025-09-10,1.0,0.06590644841269841,0.006788824779620181,0.9190217828148862,0.8611111111111112,0.6388888888888888
rolling_cost_selector,eval_september,evaluation,2025-09-11,1.0,0.04588819444444445,0.0030898063272392275,0.9495488199796007,0.8611111111111112,0.6666666666666666
rolling_cost_selector,eval_september,evaluation,2025-09-12,1.0,0.1487279265873016,0.027256941971017575,0.951016700863388,0.8333333333333334,0.6944444444444444
rolling_cost_selector,eval_september,evaluation,2025-09-13,1.0,0.15112723214285714,0.02844800250389739,0.9437724937172293,0.9444444444444444,0.6666666666666666
rolling_cost_selector,eval_september,evaluation,2025-09-14,1.0,0.06746369047619047,0.0069537609899376395,0.9274531435733008,0.8888888888888888,0.5555555555555556
rolling_cost_selector,eval_september,evaluation,2025-09-15,1.0,0.05871066468253969,0.0049350422445436515,0.9692397810066191,0.8888888888888888,0.7222222222222222
rolling_cost_selector,eval_september,evaluation,2025-09-16,1.0,0.07306507936507936,0.006969733183106574,0.9347055490154272,0.9444444444444444,0.6388888888888888
rolling_cost_selector,eval_september,evaluation,2025-09-17,1.0,0.07196602182539681,0.007757427501062923,0.9260698278008908,0.9166666666666666,0.5555555555555556
rolling_cost_selector,eval_september,evaluation,2025-09-18,0.0,0.03609097222222222,0.002190749930555555,0.9332985689442592,0.8333333333333334,0.6666666666666666
rolling_cost_selector,eval_september,evaluation,2025-09-19,0.0,0.17349097222222223,0.03875582340277777,0.8755969467890258,0.7777777777777778,0.5
rolling_cost_selector,eval_september,evaluation,2025-09-20,0.0,0.1790972222222222,0.04000103486111111,0.8755627853077027,0.7777777777777778,0.5555555555555556
rolling_cost_selector,eval_september,evaluation,2025-09-21,0.0,0.044496527777777774,0.003221622430555555,0.9415244692267987,0.7777777777777778,0.6944444444444444
rolling_cost_selector,eval_september,evaluation,2025-09-22,0.0,0.04074652777777778,0.0029316604861111114,0.9255609778760003,0.8333333333333334,0.6666666666666666
rolling_cost_selector,eval_september,evaluation,2025-09-23,0.0,0.04276041666666667,0.003177416180555556,0.9191967196849858,0.8333333333333334,0.6388888888888888
rolling_cost_selector,eval_december,evaluation,2025-12-08,1.0,0.09327648809523811,0.012318975143140592,0.9849529478215929,0.9166666666666666,0.9166666666666666
rolling_cost_selector,eval_december,evaluation,2025-12-09,1.0,0.08587772817460317,0.010892696353812356,0.9836427611199854,0.9166666666666666,0.8888888888888888
rolling_cost_selector,eval_december,evaluation,2025-12-10,1.0,0.08973397817460319,0.011456969454010774,0.981542845317562,0.9444444444444444,0.9444444444444444
rolling_cost_selector,eval_december,evaluation,2025-12-11,1.0,0.06790798611111111,0.006600261511125287,0.9812886637822087,0.9444444444444444,0.8888888888888888
rolling_cost_selector,eval_december,evaluation,2025-12-12,1.0,0.11558402777777776,0.017038848002409297,0.9673950721360403,0.9722222222222222,0.8888888888888888
rolling_cost_selector,eval_december,evaluation,2025-12-13,1.0,0.11599007936507937,0.017717305800736965,0.9652208074323733,0.9444444444444444,0.8055555555555556
rolling_cost_selector,eval_december,evaluation,2025-12-14,1.0,0.07149394841269842,0.007140290384070295,0.987229698638957,0.9444444444444444,0.9444444444444444
rolling_cost_selector,eval_december,evaluation,2025-12-15,1.0,0.06153129960317462,0.005450580726686509,0.9780242745759987,0.8888888888888888,0.8333333333333334
rolling_cost_selector,eval_december,evaluation,2025-12-16,1.0,0.054697271825396826,0.004274438029691043,0.9897355518045173,0.9722222222222222,0.8888888888888888
rolling_cost_selector,eval_december,evaluation,2025-12-17,1.0,0.053624057539682544,0.004182732975836168,0.9838557993730408,0.9444444444444444,0.8611111111111112
rolling_cost_selector,eval_december,evaluation,2025-12-18,1.0,0.05715446428571428,0.004619890658304991,0.9826048776277745,0.9444444444444444,0.8888888888888888
rolling_cost_selector,eval_december,evaluation,2025-12-19,1.0,0.13292713293650793,0.022419074198200113,0.9691131212761691,0.9444444444444444,0.8333333333333334
rolling_cost_selector,eval_december,evaluation,2025-12-20,1.0,0.13911448412698413,0.02476785669571995,0.9704083273048791,0.9444444444444444,0.8333333333333334
rolling_cost_selector,eval_december,evaluation,2025-12-21,1.0,0.05490907738095239,0.004249870694798754,0.9875954256016757,0.9166666666666666,0.8888888888888888
rolling_mae_selector,dev_march,development,2025-03-07,1.0,0.14287986111111112,0.026017274862528344,0.9025750568438131,0.8333333333333334,0.5555555555555556
rolling_mae_selector,dev_march,development,2025-03-08,1.0,0.1537172619047619,0.030083715798611108,0.904760278034698,0.8611111111111112,0.5833333333333334
rolling_mae_selector,dev_march,development,2025-03-09,1.0,0.04279474206349207,0.00271838505739796,0.9662597121013157,0.9444444444444444,0.7777777777777778
rolling_mae_selector,dev_march,development,2025-03-10,1.0,0.058539384920634915,0.005373823416241496,0.967816091954023,0.9166666666666666,0.7777777777777778
rolling_mae_selector,dev_march,development,2025-03-11,1.0,0.049161160714285716,0.0036646703929280044,0.9574501220265684,0.9166666666666666,0.8333333333333334
rolling_mae_selector,dev_march,development,2025-03-12,1.0,0.04461240079365079,0.0029268887308673466,0.9559379389496413,0.8611111111111112,0.7777777777777778
rolling_mae_selector,dev_march,development,2025-03-13,0.75,0.05596467013888889,0.005333870960995076,0.9632063338959891,0.8611111111111112,0.8055555555555556
rolling_mae_selector,dev_march,development,2025-03-14,0.75,0.1577689236111111,0.031259157491275155,0.8903281294289526,0.8888888888888888,0.5555555555555556
rolling_mae_selector,dev_march,development,2025-03-15,0.75,0.14382229662698412,0.02628322572797088,0.9217033615704372,0.7777777777777778,0.6111111111111112
rolling_mae_selector,dev_march,development,2025-03-16,1.0,0.04943938492063491,0.0035683493636621314,0.9569246845108914,0.8888888888888888,0.75
rolling_mae_selector,dev_march,development,2025-03-17,0.75,0.03262347470238096,0.0016189540689882733,0.9441612736999538,0.9166666666666666,0.7222222222222222
rolling_mae_selector,dev_march,development,2025-03-18,0.75,0.03914871031746034,0.0025707653339799475,0.9606772787920785,0.9166666666666666,0.7777777777777778
rolling_mae_selector,dev_march,development,2025-03-19,0.75,0.039067559523809504,0.0025482391429722906,0.9703821444882235,0.9444444444444444,0.8333333333333334
rolling_mae_selector,dev_march,development,2025-03-20,0.75,0.04517514880952381,0.0030138087963701102,0.9704575299996157,0.9444444444444444,0.7777777777777778
rolling_mae_selector,dev_april,development,2025-04-17,0.5,0.030220213293650804,0.0015116141219352326,0.9643838204018755,0.9166666666666666,0.7777777777777778
rolling_mae_selector,dev_april,development,2025-04-18,0.5,0.1731606150793651,0.03739649816361961,0.9355957543510748,0.8333333333333334,0.75
rolling_mae_selector,dev_april,development,2025-04-19,0.5,0.17460141369047621,0.03815610748928217,0.9233570151869026,0.8333333333333334,0.6666666666666666
rolling_mae_selector,dev_april,development,2025-04-20,0.5,0.032390079365079365,0.0016445054071003405,0.9558585197933055,0.9444444444444444,0.7222222222222222
rolling_mae_selector,dev_april,development,2025-04-21,0.5,0.03193157242063492,0.0015417426736996879,0.9676110594225934,0.9166666666666666,0.6944444444444444
rolling_mae_selector,dev_april,development,2025-04-22,0.5,0.031241889880952396,0.001544011432380245,0.9450284242210709,0.9166666666666666,0.6944444444444444
rolling_mae_selector,dev_april,development,2025-04-23,0.5,0.03708685515873016,0.0020671239675453513,0.9539536150169744,0.9166666666666666,0.7222222222222222
rolling_mae_selector,dev_april,development,2025-04-24,0.5,0.0362638888888889,0.0019395897523384362,0.9547864110133013,0.8333333333333334,0.7222222222222222
rolling_mae_selector,dev_april,development,2025-04-25,0.5,0.18880052083333335,0.04447342568673824,0.9142150952495781,0.8333333333333334,0.6944444444444444
rolling_mae_selector,dev_april,development,2025-04-26,0.5,0.1915592261904762,0.048024710790284864,0.9044274195615174,0.7777777777777778,0.6111111111111112
rolling_mae_selector,dev_april,development,2025-04-27,0.75,0.03770687003968254,0.00242079587651467,0.9604653966722934,0.8888888888888888,0.7777777777777778
rolling_mae_selector,dev_april,development,2025-04-28,0.75,0.06295843253968253,0.006506375221752762,0.9262840607668195,0.8611111111111112,0.6666666666666666
rolling_mae_selector,dev_april,development,2025-04-29,0.5,0.031030183531746032,0.0015515575456172047,0.948875539171986,0.8888888888888888,0.6944444444444444
rolling_mae_selector,dev_april,development,2025-04-30,0.5,0.03561713789682539,0.002210646316344246,0.9496521567963391,0.8611111111111112,0.6388888888888888
rolling_mae_selector,val_june,validation,2025-06-08,0.5,0.05843263888888888,0.004454547126381803,0.9477373201511131,0.8611111111111112,0.6944444444444444
rolling_mae_selector,val_june,validation,2025-06-09,0.5,0.06998266369047619,0.007287264846495892,0.9568210658985651,0.8333333333333334,0.75
rolling_mae_selector,val_june,validation,2025-06-10,0.5,0.06510689484126984,0.006322789199440193,0.9581222532819227,0.9166666666666666,0.75
rolling_mae_selector,val_june,validation,2025-06-11,0.5,0.07893792162698413,0.008769601542747307,0.9535677935538468,0.8888888888888888,0.6944444444444444
rolling_mae_selector,val_june,validation,2025-06-12,0.5,0.07062581845238097,0.00712691610482214,0.9627360395808354,0.8888888888888888,0.7777777777777778
rolling_mae_selector,val_june,validation,2025-06-13,0.5,0.12110121527777779,0.018642358062553148,0.9403815412567456,0.8333333333333334,0.6944444444444444
rolling_mae_selector,val_june,validation,2025-06-14,0.5,0.13036202876984124,0.02277980248556193,0.9318702915184227,0.8055555555555556,0.6666666666666666
rolling_mae_selector,val_june,validation,2025-06-15,0.5,0.05820731646825397,0.005044823272658023,0.9689162536338923,0.9166666666666666,0.75
rolling_mae_selector,val_june,validation,2025-06-16,0.5,0.0592063988095238,0.005197326129535147,0.9603617887325259,0.9166666666666666,0.7222222222222222
rolling_mae_selector,val_june,validation,2025-06-17,0.5,0.06379122023809523,0.007228315113910148,0.9627632050917216,0.8333333333333334,0.8055555555555556
rolling_mae_selector,val_june,validation,2025-06-18,0.5,0.054415798611111114,0.004753908583032172,0.9738967404082076,0.8888888888888888,0.9166666666666666
rolling_mae_selector,val_june,validation,2025-06-19,0.5,0.045463194444444445,0.003038486140695862,0.9685625207900708,0.9166666666666666,0.7777777777777778
rolling_mae_selector,val_june,validation,2025-06-20,0.5,0.14622512400793652,0.02744493006776148,0.9254329690473373,0.8333333333333334,0.6666666666666666
rolling_mae_selector,val_june,validation,2025-06-21,0.5,0.1579159226190476,0.033011417424355156,0.901447734756237,0.8611111111111112,0.5
rolling_mae_selector,val_august,validation,2025-08-18,1.0,0.05993174603174604,0.005315418137755101,0.9750652080447628,0.8888888888888888,0.8055555555555556
rolling_mae_selector,val_august,validation,2025-08-19,1.0,0.05478869047619046,0.004198619287131517,0.9707559094061669,0.8888888888888888,0.7222222222222222
rolling_mae_selector,val_august,validation,2025-08-20,1.0,0.07774940476190478,0.00880112348426871,0.9573677330682964,0.8888888888888888,0.8055555555555556
rolling_mae_selector,val_august,validation,2025-08-21,1.0,0.05882847222222222,0.005435367914540815,0.9564594450405168,0.9444444444444444,0.7222222222222222
rolling_mae_selector,val_august,validation,2025-08-22,1.0,0.13147633928571426,0.021801313498086727,0.9652156788747627,0.9444444444444444,0.7222222222222222
rolling_mae_selector,val_august,validation,2025-08-23,1.0,0.1342860119047619,0.02182588160218254,0.96235929824751,0.9444444444444444,0.7222222222222222
rolling_mae_selector,val_august,validation,2025-08-24,1.0,0.05186592261904763,0.004041129606363379,0.9796499068601937,0.9166666666666666,0.8333333333333334
rolling_mae_selector,val_august,validation,2025-08-25,1.0,0.06967723214285715,0.007214232560586735,0.959829354382522,0.9444444444444444,0.7222222222222222
rolling_mae_selector,val_august,validation,2025-08-26,1.0,0.056173908730158734,0.004724496724773242,0.9705499663918234,0.8888888888888888,0.8055555555555556
rolling_mae_selector,val_august,validation,2025-08-27,1.0,0.06840168650793652,0.007183466361961451,0.9598082143902795,0.8888888888888888,0.7222222222222222
rolling_mae_selector,val_august,validation,2025-08-28,1.0,0.07605535714285712,0.01002669437641723,0.9304234595779971,0.8888888888888888,0.6111111111111112
rolling_mae_selector,val_august,validation,2025-08-29,1.0,0.1303392857142857,0.021101632461026074,0.9612410577927821,0.9444444444444444,0.75
rolling_mae_selector,val_august,validation,2025-08-30,1.0,0.14198546626984124,0.026629410532525506,0.96740913854355,0.9444444444444444,0.8055555555555556
rolling_mae_selector,val_august,validation,2025-08-31,1.0,0.059789484126984135,0.004839636372590706,0.9503978779840849,0.9166666666666666,0.75
rolling_mae_selector,eval_september,evaluation,2025-09-10,0.75,0.057098040674603175,0.0050953888808726614,0.9275058275058276,0.8888888888888888,0.6388888888888888
rolling_mae_selector,eval_september,evaluation,2025-09-11,0.75,0.042828273809523816,0.002647142882608773,0.9442819551105514,0.8611111111111112,0.6111111111111112
rolling_mae_selector,eval_september,evaluation,2025-09-12,0.75,0.1593238963293651,0.03167091539999203,0.9445300709971466,0.8055555555555556,0.6666666666666666
rolling_mae_selector,eval_september,evaluation,2025-09-13,0.75,0.1632664310515873,0.03375812256109605,0.9369402317763306,0.9166666666666666,0.6666666666666666
rolling_mae_selector,eval_september,evaluation,2025-09-14,0.75,0.05503799603174602,0.004650067991735755,0.932603484082641,0.9444444444444444,0.5833333333333334
rolling_mae_selector,eval_september,evaluation,2025-09-15,0.75,0.04829423363095237,0.0035439038363405265,0.9641226589502452,0.9166666666666666,0.6944444444444444
rolling_mae_selector,eval_september,evaluation,2025-09-16,0.75,0.058772147817460305,0.004600291204559947,0.9357053363076115,0.9444444444444444,0.6388888888888888
rolling_mae_selector,eval_september,evaluation,2025-09-17,0.5,0.04791882440476189,0.0035025474060196987,0.9402859106437707,0.9444444444444444,0.6111111111111112
rolling_mae_selector,eval_september,evaluation,2025-09-18,0.5,0.040869444444444444,0.0024198132812499997,0.956552842524322,0.8888888888888888,0.75
rolling_mae_selector,eval_september,evaluation,2025-09-19,0.5,0.14552638888888889,0.026590846891121026,0.9293023068885138,0.8333333333333334,0.5833333333333334
rolling_mae_selector,eval_september,evaluation,2025-09-20,0.5,0.1526455109126984,0.02807335501461522,0.925154730327144,0.8611111111111112,0.6388888888888888
rolling_mae_selector,eval_september,evaluation,2025-09-21,0.5,0.04440349702380952,0.003140177987616922,0.9261110966000063,0.8333333333333334,0.6111111111111112
rolling_mae_selector,eval_september,evaluation,2025-09-22,0.5,0.04679960317460317,0.003452385568133504,0.9385788464707278,0.9444444444444444,0.6944444444444444
rolling_mae_selector,eval_september,evaluation,2025-09-23,0.5,0.048803199404761896,0.003893331737616921,0.941791020789781,0.8888888888888888,0.6388888888888888
rolling_mae_selector,eval_december,evaluation,2025-12-08,1.0,0.09327648809523811,0.012318975143140592,0.9849529478215929,0.9166666666666666,0.9166666666666666
rolling_mae_selector,eval_december,evaluation,2025-12-09,1.0,0.08587772817460317,0.010892696353812356,0.9836427611199854,0.9166666666666666,0.8888888888888888
rolling_mae_selector,eval_december,evaluation,2025-12-10,1.0,0.08973397817460319,0.011456969454010774,0.981542845317562,0.9444444444444444,0.9444444444444444
rolling_mae_selector,eval_december,evaluation,2025-12-11,1.0,0.06790798611111111,0.006600261511125287,0.9812886637822087,0.9444444444444444,0.8888888888888888
rolling_mae_selector,eval_december,evaluation,2025-12-12,1.0,0.11558402777777776,0.017038848002409297,0.9673950721360403,0.9722222222222222,0.8888888888888888
rolling_mae_selector,eval_december,evaluation,2025-12-13,1.0,0.11599007936507937,0.017717305800736965,0.9652208074323733,0.9444444444444444,0.8055555555555556
rolling_mae_selector,eval_december,evaluation,2025-12-14,1.0,0.07149394841269842,0.007140290384070295,0.987229698638957,0.9444444444444444,0.9444444444444444
rolling_mae_selector,eval_december,evaluation,2025-12-15,1.0,0.06153129960317462,0.005450580726686509,0.9780242745759987,0.8888888888888888,0.8333333333333334
rolling_mae_selector,eval_december,evaluation,2025-12-16,1.0,0.054697271825396826,0.004274438029691043,0.9897355518045173,0.9722222222222222,0.8888888888888888
rolling_mae_selector,eval_december,evaluation,2025-12-17,1.0,0.053624057539682544,0.004182732975836168,0.9838557993730408,0.9444444444444444,0.8611111111111112
rolling_mae_selector,eval_december,evaluation,2025-12-18,1.0,0.05715446428571428,0.004619890658304991,0.9826048776277745,0.9444444444444444,0.8888888888888888
rolling_mae_selector,eval_december,evaluation,2025-12-19,1.0,0.13292713293650793,0.022419074198200113,0.9691131212761691,0.9444444444444444,0.8333333333333334
rolling_mae_selector,eval_december,evaluation,2025-12-20,1.0,0.13911448412698413,0.02476785669571995,0.9704083273048791,0.9444444444444444,0.8333333333333334
rolling_mae_selector,eval_december,evaluation,2025-12-21,1.0,0.05490907738095239,0.004249870694798754,0.9875954256016757,0.9166666666666666,0.8888888888888888
oracle_alpha_daily,dev_march,development,2025-03-07,0.0,0.1576958333333333,0.029707297361111114,0.9011697305021121,0.8333333333333334,0.5555555555555556
oracle_alpha_daily,dev_march,development,2025-03-08,0.0,0.16893402777777777,0.03491588048611111,0.9037096429126842,0.8055555555555556,0.6388888888888888
oracle_alpha_daily,dev_march,development,2025-03-09,1.0,0.04279474206349207,0.00271838505739796,0.9662597121013157,0.9444444444444444,0.7777777777777778
oracle_alpha_daily,dev_march,development,2025-03-10,1.0,0.058539384920634915,0.005373823416241496,0.967816091954023,0.9166666666666666,0.7777777777777778
oracle_alpha_daily,dev_march,development,2025-03-11,1.0,0.049161160714285716,0.0036646703929280044,0.9574501220265684,0.9166666666666666,0.8333333333333334
oracle_alpha_daily,dev_march,development,2025-03-12,1.0,0.04461240079365079,0.0029268887308673466,0.9559379389496413,0.8611111111111112,0.7777777777777778
oracle_alpha_daily,dev_march,development,2025-03-13,1.0,0.06059598214285714,0.005925330786918936,0.9621413069688932,0.8611111111111112,0.8333333333333334
oracle_alpha_daily,dev_march,development,2025-03-14,0.25,0.16935121527777774,0.03468639943961699,0.8939532472352412,0.8888888888888888,0.5833333333333334
oracle_alpha_daily,dev_march,development,2025-03-15,1.0,0.13779940476190478,0.024805483737953514,0.9199129088431105,0.8055555555555556,0.6111111111111112
oracle_alpha_daily,dev_march,development,2025-03-16,0.0,0.045496527777777775,0.0032422210416666666,0.9469984617520134,0.8611111111111112,0.7777777777777778
oracle_alpha_daily,dev_march,development,2025-03-17,0.75,0.03262347470238096,0.0016189540689882733,0.9441612736999538,0.9166666666666666,0.7222222222222222
oracle_alpha_daily,dev_march,development,2025-03-18,0.0,0.03935555555555556,0.002611493194444445,0.9630612798614862,0.8888888888888888,0.8611111111111112
oracle_alpha_daily,dev_march,development,2025-03-19,1.0,0.0440017857142857,0.0030365149071712,0.9704404196636016,0.9444444444444444,0.8333333333333334
oracle_alpha_daily,dev_march,development,2025-03-20,1.0,0.05137728174603175,0.003690787347647392,0.9718038861469882,0.9444444444444444,0.7777777777777778
oracle_alpha_daily,dev_april,development,2025-04-17,0.5,0.030220213293650804,0.0015116141219352326,0.9643838204018755,0.9166666666666666,0.7777777777777778
oracle_alpha_daily,dev_april,development,2025-04-18,0.75,0.15635238095238094,0.03067989088798541,0.9466870965354099,0.8611111111111112,0.8055555555555556
oracle_alpha_daily,dev_april,development,2025-04-19,0.25,0.19141112351190476,0.045765642534522914,0.9095096139106119,0.8055555555555556,0.6666666666666666
oracle_alpha_daily,dev_april,development,2025-04-20,0.25,0.0321375496031746,0.0017928413567354024,0.9600061088564698,0.9166666666666666,0.7777777777777778
oracle_alpha_daily,dev_april,development,2025-04-21,1.0,0.04323665674603175,0.0027005691471797054,0.9706022130482885,0.9166666666666666,0.6944444444444444
oracle_alpha_daily,dev_april,development,2025-04-22,1.0,0.0563278273809524,0.004572615868409867,0.9405814254930684,0.8888888888888888,0.6666666666666666
oracle_alpha_daily,dev_april,development,2025-04-23,0.0,0.04229305555555555,0.003123388888888889,0.9515991608497076,0.8333333333333334,0.6944444444444444
oracle_alpha_daily,dev_april,development,2025-04-24,0.75,0.03790726686507937,0.002250811404567036,0.9542398289596756,0.8888888888888888,0.6944444444444444
oracle_alpha_daily,dev_april,development,2025-04-25,0.0,0.22550555555555554,0.06356471749999999,0.8758380866571885,0.7777777777777778,0.5833333333333334
oracle_alpha_daily,dev_april,development,2025-04-26,0.5,0.1915592261904762,0.048024710790284864,0.9044274195615174,0.7777777777777778,0.6111111111111112
oracle_alpha_daily,dev_april,development,2025-04-27,0.75,0.03770687003968254,0.00242079587651467,0.9604653966722934,0.8888888888888888,0.7777777777777778
oracle_alpha_daily,dev_april,development,2025-04-28,0.5,0.04828492063492063,0.004095098316149375,0.9389347107700169,0.9166666666666666,0.7222222222222222
oracle_alpha_daily,dev_april,development,2025-04-29,0.25,0.0362446800595238,0.0021656522348666024,0.9427195215828085,0.8333333333333334,0.6666666666666666
oracle_alpha_daily,dev_april,development,2025-04-30,0.0,0.05037986111111111,0.004750564791666666,0.960199704807787,0.8055555555555556,0.7777777777777778
oracle_alpha_daily,val_june,validation,2025-06-08,1.0,0.0703061507936508,0.006355504963860545,0.9560163973957078,0.8611111111111112,0.7777777777777778
oracle_alpha_daily,val_june,validation,2025-06-09,0.5,0.06998266369047619,0.007287264846495892,0.9568210658985651,0.8333333333333334,0.75
oracle_alpha_daily,val_june,validation,2025-06-10,0.5,0.06510689484126984,0.006322789199440193,0.9581222532819227,0.9166666666666666,0.75
oracle_alpha_daily,val_june,validation,2025-06-11,0.75,0.0834149429563492,0.009828002089733025,0.9580811008777251,0.8333333333333334,0.7222222222222222
oracle_alpha_daily,val_june,validation,2025-06-12,1.0,0.076074751984127,0.007955588566113947,0.9686821169582235,0.8611111111111112,0.75
oracle_alpha_daily,val_june,validation,2025-06-13,0.0,0.12652916666666666,0.021202967638888886,0.9136527502195619,0.8333333333333334,0.6388888888888888
oracle_alpha_daily,val_june,validation,2025-06-14,0.5,0.13036202876984124,0.02277980248556193,0.9318702915184227,0.8055555555555556,0.6666666666666666
oracle_alpha_daily,val_june,validation,2025-06-15,1.0,0.054656894841269836,0.004716435471584467,0.9748221353012467,0.8888888888888888,0.7777777777777778
oracle_alpha_daily,val_june,validation,2025-06-16,1.0,0.059169543650793646,0.00499589066893424,0.966697713304307,0.8888888888888888,0.7777777777777778
oracle_alpha_daily,val_june,validation,2025-06-17,1.0,0.06250257936507937,0.006618107519132655,0.9691745036572623,0.7777777777777778,0.8055555555555556
oracle_alpha_daily,val_june,validation,2025-06-18,1.0,0.05307504960317463,0.004228589451176306,0.9767833944054789,0.8611111111111112,0.8888888888888888
oracle_alpha_daily,val_june,validation,2025-06-19,1.0,0.044245932539682536,0.0029600665270691612,0.9715044153581289,0.9166666666666666,0.8055555555555556
oracle_alpha_daily,val_june,validation,2025-06-20,0.0,0.14580416666666668,0.028883490694444444,0.8885108794541283,0.8055555555555556,0.5277777777777778
oracle_alpha_daily,val_june,validation,2025-06-21,0.0,0.15869375,0.034186860624999996,0.876699033044088,0.8333333333333334,0.4166666666666667
oracle_alpha_daily,val_august,validation,2025-08-18,1.0,0.05993174603174604,0.005315418137755101,0.9750652080447628,0.8888888888888888,0.8055555555555556
oracle_alpha_daily,val_august,validation,2025-08-19,0.5,0.06783531746031746,0.0069162949036281176,0.9680451090066748,0.8888888888888888,0.6944444444444444
oracle_alpha_daily,val_august,validation,2025-08-20,1.0,0.07774940476190478,0.00880112348426871,0.9573677330682964,0.8888888888888888,0.8055555555555556
oracle_alpha_daily,val_august,validation,2025-08-21,0.25,0.08316902281746032,0.010615763850313563,0.9389387297435913,0.8611111111111112,0.6944444444444444
oracle_alpha_daily,val_august,validation,2025-08-22,1.0,0.13147633928571426,0.021801313498086727,0.9652156788747627,0.9444444444444444,0.7222222222222222
oracle_alpha_daily,val_august,validation,2025-08-23,0.25,0.12672403273809524,0.02482606724113343,0.9160366088307502,0.8333333333333334,0.5833333333333334
oracle_alpha_daily,val_august,validation,2025-08-24,0.75,0.05905060763888889,0.004949224483440513,0.9811067862446472,0.9166666666666666,0.8333333333333334
oracle_alpha_daily,val_august,validation,2025-08-25,0.75,0.07546898561507936,0.007833097593603847,0.9591380909277517,0.9166666666666666,0.7222222222222222
oracle_alpha_daily,val_august,validation,2025-08-26,0.25,0.08184565972222223,0.010558690492842974,0.9432671642830542,0.8888888888888888,0.6388888888888888
oracle_alpha_daily,val_august,validation,2025-08-27,0.5,0.08104965277777779,0.009692319705569727,0.9613776251478803,0.9444444444444444,0.75
oracle_alpha_daily,val_august,validation,2025-08-28,0.75,0.08033169642857141,0.010168694112280325,0.9317316367907986,0.8888888888888888,0.6111111111111112
oracle_alpha_daily,val_august,validation,2025-08-29,0.25,0.12186431051587301,0.022114908459245675,0.9117021458309259,0.8611111111111112,0.4444444444444444
oracle_alpha_daily,val_august,validation,2025-08-30,1.0,0.14198546626984124,0.026629410532525506,0.96740913854355,0.9444444444444444,0.8055555555555556
oracle_alpha_daily,val_august,validation,2025-08-31,0.75,0.06344017857142857,0.00537773905519239,0.9501687967205209,0.9722222222222222,0.75
oracle_alpha_daily,eval_september,evaluation,2025-09-10,0.0,0.04230555555555556,0.002772146666666667,0.9354840330472427,0.8611111111111112,0.6666666666666666
oracle_alpha_daily,eval_september,evaluation,2025-09-11,1.0,0.04588819444444445,0.0030898063272392275,0.9495488199796007,0.8611111111111112,0.6666666666666666
oracle_alpha_daily,eval_september,evaluation,2025-09-12,0.75,0.1593238963293651,0.03167091539999203,0.9445300709971466,0.8055555555555556,0.6666666666666666
oracle_alpha_daily,eval_september,evaluation,2025-09-13,0.5,0.17540562996031747,0.0397121436096053,0.9204664425435404,0.8888888888888888,0.7222222222222222
oracle_alpha_daily,eval_september,evaluation,2025-09-14,1.0,0.06746369047619047,0.0069537609899376395,0.9274531435733008,0.8888888888888888,0.5555555555555556
oracle_alpha_daily,eval_september,evaluation,2025-09-15,1.0,0.05871066468253969,0.0049350422445436515,0.9692397810066191,0.8888888888888888,0.7222222222222222
oracle_alpha_daily,eval_september,evaluation,2025-09-16,1.0,0.07306507936507936,0.006969733183106574,0.9347055490154272,0.9444444444444444,0.6388888888888888
oracle_alpha_daily,eval_september,evaluation,2025-09-17,1.0,0.07196602182539681,0.007757427501062923,0.9260698278008908,0.9166666666666666,0.5555555555555556
oracle_alpha_daily,eval_september,evaluation,2025-09-18,1.0,0.06443789682539681,0.0056923900992063466,0.9412144144670047,0.8888888888888888,0.6388888888888888
oracle_alpha_daily,eval_september,evaluation,2025-09-19,1.0,0.11768968253968254,0.017360644360119044,0.9573134769250441,0.8888888888888888,0.6666666666666666
oracle_alpha_daily,eval_september,evaluation,2025-09-20,0.0,0.1790972222222222,0.04000103486111111,0.8755627853077027,0.7777777777777778,0.5555555555555556
oracle_alpha_daily,eval_september,evaluation,2025-09-21,1.0,0.0627061011904762,0.005632936355229593,0.9055942158892488,0.8611111111111112,0.5
oracle_alpha_daily,eval_september,evaluation,2025-09-22,1.0,0.06805982142857142,0.006504999762613378,0.9245617807304672,0.9166666666666666,0.5833333333333334
oracle_alpha_daily,eval_september,evaluation,2025-09-23,0.0,0.04276041666666667,0.003177416180555556,0.9191967196849858,0.8333333333333334,0.6388888888888888
oracle_alpha_daily,eval_december,evaluation,2025-12-08,1.0,0.09327648809523811,0.012318975143140592,0.9849529478215929,0.9166666666666666,0.9166666666666666
oracle_alpha_daily,eval_december,evaluation,2025-12-09,0.75,0.10053825644841269,0.015000029816578976,0.9817819744854933,0.9166666666666666,0.8888888888888888
oracle_alpha_daily,eval_december,evaluation,2025-12-10,1.0,0.08973397817460319,0.011456969454010774,0.981542845317562,0.9444444444444444,0.9444444444444444
oracle_alpha_daily,eval_december,evaluation,2025-12-11,1.0,0.06790798611111111,0.006600261511125287,0.9812886637822087,0.9444444444444444,0.8888888888888888
oracle_alpha_daily,eval_december,evaluation,2025-12-12,0.25,0.07416999007936508,0.00802301503512082,0.9587050880154329,0.9166666666666666,0.8611111111111112
oracle_alpha_daily,eval_december,evaluation,2025-12-13,1.0,0.11599007936507937,0.017717305800736965,0.9652208074323733,0.9444444444444444,0.8055555555555556
oracle_alpha_daily,eval_december,evaluation,2025-12-14,0.5,0.11448124999999999,0.019437385998795353,0.9784361756232592,0.9444444444444444,0.9444444444444444
oracle_alpha_daily,eval_december,evaluation,2025-12-15,0.75,0.08325194692460318,0.010349245410621278,0.9738043565629773,0.8888888888888888,0.8333333333333334
oracle_alpha_daily,eval_december,evaluation,2025-12-16,0.75,0.07739356398809523,0.008680665386616888,0.9867414195000404,0.9722222222222222,0.8888888888888888
oracle_alpha_daily,eval_december,evaluation,2025-12-17,0.0,0.14640833333333333,0.03384105597222223,0.9552715687288968,0.8333333333333334,0.7777777777777778
oracle_alpha_daily,eval_december,evaluation,2025-12-18,0.75,0.07875577876984126,0.008963222833714216,0.979970440449856,0.9166666666666666,0.8888888888888888
oracle_alpha_daily,eval_december,evaluation,2025-12-19,0.75,0.1105754340277778,0.015352273302707803,0.9699421268386786,0.9722222222222222,0.8333333333333334
oracle_alpha_daily,eval_december,evaluation,2025-12-20,0.25,0.07376493055555555,0.008351875678899163,0.967301663853388,0.9166666666666666,0.8055555555555556
oracle_alpha_daily,eval_december,evaluation,2025-12-21,0.75,0.07763639632936509,0.008689683209524698,0.9846414770566401,0.9166666666666666,0.8888888888888888
