date,alpha,e_start,e_end,plan_kwh,emergency_kwh,plan_cost,emergency_cost,total_cost,paid_grid_spill_kwh,pv_spill_kwh,charge_kwh,discharge_kwh,inventory_adjusted_cost,solver,max_plan_audit,plan_mutual_count
2025-02-07,0.0,2114.9921521410943,1964.5471375830684,43242.55970200725,0.0,18046.479702353783,0.0,18046.479702353783,3213.6569815925923,4695.309410082307,19280.600825094254,15752.68718142857,18133.682898367126,LP,9.094947017729282e-13,0
2025-02-07,0.25,2114.9921521410943,1964.5471375830684,43109.618555317065,0.0,18119.365218644587,0.0,18119.365218644587,3034.859262095236,4861.005378774259,18649.86716254281,15241.792914761903,18206.56841465793,LP,9.094947017729282e-13,0
2025-02-07,0.5,2114.9921521410943,1964.5471375830684,43109.618555317065,0.0,18119.365218644587,0.0,18119.365218644587,3034.859262095236,4861.005378774259,18649.86716254281,15241.792914761903,18206.56841465793,LP,9.094947017729282e-13,0
2025-02-07,0.75,2114.9921521410943,1964.5471375830684,43109.618555317065,0.0,18114.386795496866,0.0,18114.386795496866,3034.859262095236,4861.005378774259,18649.86716254281,15241.792914761903,18201.58999151021,LP,9.094947017729282e-13,0
2025-02-07,1.0,2114.9921521410943,1964.5471375830684,43109.618555317065,0.0,18114.386795496866,0.0,18114.386795496866,3034.859262095236,4861.005378774259,18649.86716254281,15241.792914761903,18201.58999151021,LP,9.094947017729282e-13,0
2025-02-08,0.0,1964.5471375830684,2238.8040688253936,42148.55391451029,0.0,17750.83170847983,0.0,17750.83170847983,2704.6272819047617,4052.0446478183458,18778.358052644322,14963.638784523811,17592.279319853507,LP,9.841016890277388e-13,0
2025-02-08,0.25,1964.5471375830684,2238.8040688253936,42148.55391451029,0.0,17748.070053466974,0.0,17748.070053466974,2635.152068928571,4121.519860794537,18778.358052644322,14963.638784523811,17589.517664840652,LP,9.841016890277388e-13,0
2025-02-08,0.5,1964.5471375830684,2238.8040688253936,42017.5427209124,0.0,17767.553538125714,0.0,17767.553538125714,2627.477961309524,4118.710369465903,18144.002291327455,14449.810617857143,17609.001149499392,LP,9.841016890277388e-13,0
2025-02-08,0.75,1964.5471375830684,2238.8040688253936,42017.5427209124,0.0,17767.553538125714,0.0,17767.553538125714,2627.477961309524,4118.710369465903,18144.002291327455,14449.810617857143,17609.001149499392,LP,9.841016890277388e-13,0
2025-02-08,1.0,1964.5471375830684,2238.8040688253936,42017.5427209124,0.0,17767.553538125714,0.0,17767.553538125714,2627.477961309524,4118.710369465903,18144.002291327455,14449.810617857143,17609.001149499392,LP,9.841016890277388e-13,0
2025-02-09,0.0,2238.8040688253936,1945.429582518518,87640.48085253498,0.0,61837.30325405551,0.0,61837.30325405551,4027.506111240441,0.0,22745.241117389778,18687.682342761906,62059.45980029801,LP,9.094947017729282e-13,0
2025-02-09,0.25,2238.8040688253936,1945.429582518518,87622.50535398118,0.0,61803.73106303727,0.0,61803.73106303727,4017.0334506128756,0.0,22705.752496725458,18655.696560023807,62025.88760927977,LP,9.663381206337363e-13,0
2025-02-09,0.5,2238.8040688253936,1945.429582518518,87622.50535398118,0.0,61803.73106303727,0.0,61803.73106303727,4017.0334506128756,0.0,22705.752496725458,18655.696560023807,62025.88760927977,LP,9.663381206337363e-13,0
2025-02-09,0.75,2238.8040688253936,1945.429582518518,87622.50535398118,0.0,61803.73106303727,0.0,61803.73106303727,4017.0334506128756,0.0,22705.752496725458,18655.696560023807,62025.88760927977,LP,9.663381206337363e-13,0
2025-02-09,1.0,2238.8040688253936,1989.9333992275112,87622.50535398118,0.0,61830.250978834985,0.0,61830.250978834985,3961.3413672795386,0.0,22788.061171963553,18682.31315192857,62018.7072045788,LP,9.094947017729282e-13,0
2025-02-10,0.0,1945.429582518518,1734.3430826962983,87864.86845520008,0.0,60295.56269625103,0.0,60295.56269625103,9451.043870442882,499.6630333333335,19881.588515423868,16294.064547333332,60450.976714893884,LP,9.094947017729282e-13,0
2025-02-10,0.25,1945.429582518518,1734.3430826962983,87864.86845520008,0.0,60250.631494555026,0.0,60250.631494555026,9451.04387044288,499.6630333333335,19881.588515423868,16294.064547333332,60406.04551319788,LP,9.094947017729282e-13,0
2025-02-10,0.5,1945.429582518518,1734.3430826962983,87864.86845520008,0.0,60234.86046427302,0.0,60234.86046427302,9451.04387044288,499.6630333333335,19881.588515423868,16294.064547333332,60390.27448291588,LP,9.094947017729282e-13,0
2025-02-10,0.75,1945.429582518518,1734.3430826962983,87864.86845520008,0.0,60158.88611514284,0.0,60158.88611514284,9451.04387044288,499.6630333333335,19881.588515423868,16294.064547333332,60314.3001337857,LP,9.094947017729282e-13,0
2025-02-10,1.0,1945.429582518518,1846.0602792254,87864.86845520008,0.0,60195.995859094975,0.0,60195.995859094975,9332.079348061927,499.6630333333335,19978.530860185772,16272.042369714283,60269.15725391431,LP,9.094947017729282e-13,0
2025-02-11,0.0,1734.3430826962983,1652.8239410857113,87153.02744246148,0.0,60144.014644244155,0.0,60144.014644244155,7563.363549017038,352.0303666666666,21528.44010996826,17511.40371652381,60204.79883174199,LP,7.958078640513122e-13,0
2025-02-11,0.25,1734.3430826962983,1652.8239410857113,87153.02744246148,0.0,60199.82189431967,0.0,60199.82189431967,7563.36354901704,352.0303666666666,21528.44010996826,17511.40371652381,60260.6060818175,LP,9.094947017729282e-13,0
2025-02-11,0.5,1734.3430826962983,1652.8239410857113,87087.43325422515,0.0,60223.903791440556,0.0,60223.903791440556,7548.011627206337,352.0303666666666,21264.007128780722,17297.213001761906,60284.68797893839,LP,7.958078640513122e-13,0
2025-02-11,0.75,1734.3430826962983,1652.8239410857113,87087.43325422515,0.0,60195.939953297704,0.0,60195.939953297704,7548.011627206337,352.0303666666666,21264.007128780722,17297.213001761906,60256.72414079554,LP,7.958078640513122e-13,0
2025-02-11,1.0,1734.3430826962983,1716.3931844084618,87087.43325422515,0.0,60202.96165906819,0.0,60202.96165906819,7478.523720539672,352.0303666666666,21328.615484971197,17292.33345128572,60216.345877320964,LP,7.958078640513122e-13,0
2025-02-12,0.0,1652.8239410857113,1671.007955137566,85949.91340420341,0.0,58860.94658650468,0.0,58860.94658650468,6253.6398733333235,286.6938,21718.305183631994,17575.46158609524,58847.42164643817,LP,1.0231815394945443e-12,0
2025-02-12,0.25,1652.8239410857113,1671.007955137566,85949.91340420341,0.0,58828.113253171345,0.0,58828.113253171345,6253.639873333326,286.6938,21718.30518363199,17575.46158609524,58814.58831310483,LP,1.0231815394945443e-12,0
2025-02-12,0.5,1652.8239410857113,1671.007955137566,85842.7640106937,0.0,58874.60665368364,0.0,58874.60665368364,6228.668756228681,293.45611463550847,21250.19680973428,17196.293803238095,58861.081713617124,LP,1.0231815394945443e-12,0
2025-02-12,0.75,1652.8239410857113,1671.007955137566,85842.7640106937,0.0,58831.43953661673,0.0,58831.43953661673,6235.431070864188,286.6938,21250.196809734283,17196.293803238095,58817.91459655022,LP,1.0231815394945443e-12,0
2025-02-12,1.0,1652.8239410857113,1667.3787432222218,85811.52309750147,0.0,58787.07237624361,0.0,58787.07237624361,6228.443497383884,286.6938,21139.738657165206,17110.08899038095,58776.246778220266,LP,1.0231815394945443e-12,0
2025-02-13,0.0,1671.007955137566,1738.6591384867686,85418.8064756602,0.0,57914.38609285522,0.0,57914.38609285522,9584.367780202238,732.2808000000005,19535.75165145796,15763.07277266667,57864.776676747446,LP,6.821210263296962e-13,0
2025-02-13,0.25,1671.007955137566,1738.6591384867686,85418.8064756602,0.0,57875.73004522585,0.0,57875.73004522585,9584.367780202236,732.2808000000005,19535.751651457962,15763.07277266667,57826.12062911808,LP,6.821210263296962e-13,0
2025-02-13,0.5,1671.007955137566,1738.6591384867686,85364.72800848207,0.0,57895.0635895325,0.0,57895.0635895325,9584.367780202234,732.2808000000005,19251.128139994118,15532.527728380956,57845.45417342473,LP,6.821210263296962e-13,0
2025-02-13,0.75,1671.007955137566,1833.02400014497,85260.47314232685,0.0,57875.16756810261,0.0,57875.16756810261,9474.407548148147,732.2808000000005,18834.164931607287,15109.85915409524,57756.35927835815,LP,6.821210263296962e-13,0
2025-02-13,1.0,1671.007955137566,1833.02400014497,85225.98636469312,0.0,57951.73242942652,0.0,57951.73242942652,9440.746910843622,732.2808000000005,18829.816824611404,15106.337187428575,57832.92413968206,LP,6.821210263296962e-13,0
2025-02-14,0.0,1738.6591384867686,1684.7622044497364,38033.405703049975,0.0,16005.870647126247,0.0,16005.870647126247,653.4392956319805,4149.543165990585,18300.67718628455,14872.055761523807,16036.48356668994,MILP,8.171241461241152e-13,0
2025-02-14,0.25,1738.6591384867686,1684.7622044497364,38033.405703049975,0.0,15968.47820326357,0.0,15968.47820326357,640.2692956319803,4162.713165990588,18300.677186284545,14872.055761523807,15999.091122827263,MILP,7.275957614183426e-12,0
2025-02-14,0.5,1738.6591384867686,1684.7622044497364,38033.405703049975,0.0,15968.47820326357,0.0,15968.47820326357,640.2692956319803,4162.713165990588,18300.677186284545,14872.055761523807,15999.091122827263,MILP,7.275957614183426e-12,0
2025-02-14,0.75,1738.6591384867686,1684.7622044497364,38033.405703049975,0.0,15968.47820326357,0.0,15968.47820326357,640.2692956319803,4162.713165990588,18300.677186284545,14872.055761523807,15999.091122827263,MILP,7.275957614183426e-12,0
2025-02-14,1.0,1738.6591384867686,1684.7622044497364,38033.405703049975,0.0,15968.47820326357,0.0,15968.47820326357,640.2692956319803,4162.713165990588,18300.677186284545,14872.055761523807,15999.091122827263,MILP,7.275957614183426e-12,0
2025-02-15,0.0,1684.7622044497364,1555.9082139788366,37464.72983736037,0.0,16193.893740000989,0.0,16193.893740000989,465.86601636096594,4443.509399406232,17848.58901587889,14573.325694285713,16267.86398390569,MILP,1.4210854715202004e-12,0
2025-02-15,0.25,1684.7622044497364,1555.9082139788366,37464.72983736037,0.0,16141.347448886108,0.0,16141.347448886108,501.97279969429934,4407.402616072901,17848.589015878886,14573.325694285713,16215.31769279081,MILP,1.4210854715202004e-12,0
2025-02-15,0.5,1684.7622044497364,1555.9082139788366,37464.72983736037,0.0,16141.347448886108,0.0,16141.347448886108,501.97279969429934,4407.402616072901,17848.589015878886,14573.325694285713,16215.31769279081,MILP,1.4210854715202004e-12,0
2025-02-15,0.75,1684.7622044497364,1555.9082139788366,37464.72983736037,0.0,16141.347448886108,0.0,16141.347448886108,501.97279969429934,4407.402616072901,17848.589015878886,14573.325694285713,16215.31769279081,MILP,1.4210854715202004e-12,0
2025-02-15,1.0,1684.7622044497364,1555.9082139788366,37464.72983736037,0.0,16141.347448886108,0.0,16141.347448886108,501.97279969429934,4407.402616072901,17848.589015878886,14573.325694285713,16215.31769279081,MILP,1.4210854715202004e-12,0
2025-02-16,0.0,1555.9082139788366,1526.72331020106,82366.85632885243,7.19500000000005,56182.5349241982,37.66222750000026,56220.197151698194,2725.6548194015263,30.539166666666688,22456.55082202234,18216.072579238098,56242.00673844229,LP,9.094947017729282e-13,0
2025-02-16,0.25,1555.9082139788366,1526.72331020106,82366.85632885243,7.19500000000005,56155.964475986126,37.66222750000026,56193.62670348613,2725.654819401527,30.539166666666688,22456.55082202234,18216.072579238098,56215.436290230224,LP,9.094947017729282e-13,0
2025-02-16,0.5,1555.9082139788366,1526.72331020106,82490.925080281,7.19500000000005,56108.03856811793,37.66222750000026,56145.70079561794,2765.8284314532602,0.0,23058.836643303934,18703.924094476188,56167.51038236203,LP,9.094947017729282e-13,0
2025-02-16,0.75,1555.9082139788366,1618.861238543916,82332.59174694767,0.0,56136.68787025931,0.0,56136.68787025931,2649.0538382210434,0.0,22365.79519272663,18059.636384,56089.64370453207,LP,9.094947017729282e-13,0
2025-02-16,1.0,1555.9082139788366,1619.3418295904767,82262.98420971075,0.0,56136.21940812884,0.0,56136.21940812884,2639.4076834297443,0.0,22047.93248542387,17801.73505914286,56088.816101518416,LP,8.526512829121202e-13,0
2025-02-17,0.0,1526.72331020106,1451.899140809524,82207.74288798326,0.0,55630.712278320345,0.0,55630.712278320345,6430.446689161661,882.1082833333332,19887.718427757794,16176.393678936192,55685.754246747725,LP,8.384404281969182e-13,0
2025-02-17,0.25,1526.72331020106,1451.899140809524,82207.74288798326,0.0,55662.29859691315,0.0,55662.29859691315,6430.446689161664,882.1082833333332,19887.71842775779,16176.393678936192,55717.34056534053,LP,8.384404281969182e-13,0
2025-02-17,0.5,1526.72331020106,1451.899140809524,82298.69623849852,0.0,55683.527025665884,0.0,55683.527025665884,6442.713140129331,874.8658092380938,20339.97828903586,16542.72416657143,55738.568994093264,LP,8.384404281969182e-13,0
2025-02-17,0.75,1526.72331020106,1516.6622352042332,82293.6722616261,0.0,55685.55875646432,0.0,55685.55875646432,6366.448354685474,882.1082833333332,20370.03907598824,16508.78661904762,55692.9598593008,LP,8.384404281969182e-13,0
2025-02-17,1.0,1526.72331020106,1578.8597611301602,82150.32773128511,0.0,55744.83746456594,0.0,55744.83746456594,6319.797514138735,882.1082833333332,19566.50505952734,15801.946292380951,55706.48497887461,LP,8.384404281969182e-13,0
2025-02-18,0.0,1451.899140809524,1730.3004070317447,81739.64104515291,0.0,54459.80213025233,0.0,54459.80213025233,5021.597450987655,337.9783681258109,21253.243700558487,16964.566257852377,54255.714688023596,LP,9.094947017729282e-13,0
2025-02-18,0.25,1451.899140809524,1730.3004070317447,81739.64104515291,0.0,54403.92833321718,0.0,54403.92833321718,5021.597450987651,337.9783681258109,21253.24370055849,16964.566257852377,54199.84089098845,LP,9.094947017729282e-13,0
2025-02-18,0.5,1451.899140809524,1730.3004070317447,81803.53466461728,0.0,54409.09837134242,0.0,54409.09837134242,5126.464969113465,241.45472736625402,21545.610764232802,17201.38357942857,54205.01092911369,LP,9.094947017729282e-13,0
2025-02-18,0.75,1451.899140809524,1768.0313004116388,81645.20133128394,0.0,54425.70817006615,0.0,54425.70817006615,5078.554648318636,241.45472736625402,20785.711729599057,16551.907557333332,54193.96136540923,LP,9.094947017729282e-13,0
2025-02-18,1.0,1451.899140809524,1767.9047041153417,81651.00035892651,0.0,54397.87618093075,0.0,54397.87618093075,5078.554648318636,241.45472736625402,20816.83259438448,16577.22939447619,54166.22218014163,LP,8.384404281969182e-13,0
2025-02-19,0.0,1730.3004070317447,1230.8840336084652,80993.2891819317,26.642250000000104,53901.33698916147,144.50756400000054,54045.84455316147,4201.713297817749,190.23952732275146,22095.39978704645,18346.74856358857,54412.80914951299,LP,8.419931418757187e-13,0
2025-02-19,0.25,1730.3004070317447,1230.8840336084652,80993.2891819317,26.642250000000104,53912.106422299476,144.50756400000054,54056.613986299475,4201.713297817749,190.23952732275146,22095.39978704645,18346.74856358857,54423.578582651,LP,9.094947017729282e-13,0
2025-02-19,0.5,1730.3004070317447,1230.8840336084652,81052.1661492475,26.642250000000104,53908.713869466985,144.50756400000054,54053.221433466984,4265.106607891821,135.93235000000004,22357.45681106997,18559.01475304762,54420.186029818506,LP,9.094947017729282e-13,0
2025-02-19,0.75,1730.3004070317447,1230.8840336084652,80893.83281591417,0.0,53953.58499445571,0.0,53953.58499445571,4222.367613741321,135.93235000000004,21608.843183791898,17952.637714952383,54320.54959080723,LP,9.094947017729282e-13,0
2025-02-19,1.0,1730.3004070317447,1253.0795591555564,80834.95584859837,0.0,53977.56453064252,0.0,53977.56453064252,4193.946491251021,135.93235000000004,21343.412563697835,17717.66293968381,54328.220146138316,LP,9.094947017729282e-13,0
2025-02-20,0.0,1230.8840336084652,1660.237109568254,81071.89367213503,0.0,54759.93247839331,0.0,54759.93247839331,5039.949597205171,526.9084070076348,21713.074559079374,17201.17262449048,54444.30376173703,LP,6.821210263296962e-13,0
2025-02-20,0.25,1230.8840336084652,1660.237109568254,81071.89367213503,0.0,54653.65065019526,0.0,54653.65065019526,5039.94959720517,526.9084070076348,21713.074559079374,17201.17262449048,54338.02193353898,LP,6.821210263296962e-13,0
2025-02-20,0.5,1230.8840336084652,1660.237109568254,81112.56900025043,0.0,54688.15623232674,0.0,54688.15623232674,5175.043520879474,391.814483333333,21927.155233370962,17374.57797066667,54372.52751567046,LP,6.821210263296962e-13,0
2025-02-20,0.75,1230.8840336084652,1660.237109568254,81002.92049273133,0.0,54715.111002459766,0.0,54715.111002459766,5166.479019109929,391.814483333333,21395.13415047854,16943.640893523807,54399.48228580348,LP,6.821210263296962e-13,0
2025-02-20,1.0,1230.8840336084652,1695.7254484581993,80954.2356669171,0.0,54721.07842980236,0.0,54721.07842980236,5129.703433776595,391.814483333333,21164.35127952146,16724.76726304762,54379.36130365918,LP,6.821210263296962e-13,0
2025-02-21,0.0,1660.237109568254,1570.4168942867734,36177.44179775426,0.0,15481.473026129936,0.0,15481.473026129936,636.638591904762,6710.575252263369,17635.81112634803,14365.845206095237,15531.661418721693,MILP,1.3073986337985843e-12,0
2025-02-21,0.25,1660.237109568254,1570.4168942867752,36177.44179775426,0.0,15470.880738896913,0.0,15470.880738896913,664.5746752380954,6682.128624074071,17638.49820453733,14368.021739428568,15521.069131488668,MILP,1.1368683772161603e-12,0
2025-02-21,0.5,1660.237109568254,1570.4168942867752,36177.44179775426,0.0,15462.023271920434,0.0,15462.023271920434,664.5746752380954,6680.7089409465,17645.970220998235,14374.074072761903,15512.21166451219,MILP,2.0463630789890885e-12,0
2025-02-21,0.75,1660.237109568254,1570.4168942867752,36177.44179775426,0.0,15462.023271920434,0.0,15462.023271920434,664.5746752380954,6680.7089409465,17645.970220998235,14374.074072761903,15512.21166451219,MILP,2.0463630789890885e-12,0
2025-02-21,1.0,1660.237109568254,1570.4168942867752,36177.44179775426,0.0,15462.461242912783,0.0,15462.461242912783,685.8079219047621,6659.475694279831,17645.970220998235,14374.074072761903,15512.649635504538,MILP,1.1368683772161603e-12,0
2025-02-22,0.0,1570.4168942867734,1550.8805622127004,35781.13501112052,0.0,15243.034842105519,0.0,15243.034842105519,408.26588913580105,4207.775538171659,17567.965259717814,14247.634559238091,15254.204849860738,MILP,1.3642420526593924e-12,0
2025-02-22,0.25,1570.4168942867734,1550.8805622127004,35781.13501112052,0.0,15247.744188064376,0.0,15247.744188064376,408.47493580246777,4204.865779900056,17582.179531322752,14259.148119238092,15258.914195819596,MILP,9.663381206337363e-13,0
2025-02-22,0.5,1570.4168942867734,1550.8805622126986,35781.13501112051,0.0,15245.282861770518,0.0,15245.282861770518,408.47493580246777,4204.865779900056,17582.179531322752,14259.148119238094,15256.452869525738,MILP,1.4779288903810084e-12,0
2025-02-22,0.75,1570.4168942867734,1550.8805622126986,35781.13501112052,0.0,15238.09905397282,0.0,15238.09905397282,393.11299246913444,4220.227723233389,17582.179531322752,14259.148119238094,15249.269061728039,MILP,1.4779288903810084e-12,0
2025-02-22,1.0,1570.4168942867734,1550.8805622126986,35781.13501112052,0.0,15238.09905397282,0.0,15238.09905397282,393.11299246913603,4220.227723233389,17582.179531322752,14259.148119238094,15249.269061728039,MILP,1.5916157281026244e-12,0
2025-02-23,0.0,1550.8805622127004,1366.9086605989423,79036.1488690573,0.0,52705.86817607105,0.0,52705.86817607105,3067.893383588471,417.62383333333355,22022.90884344503,18004.13087464286,52840.874231333735,LP,8.633094239485217e-13,0
2025-02-23,0.25,1550.8805622127004,1366.9086605989423,79036.1488690573,0.0,52647.452389966595,0.0,52647.452389966595,3061.2714535473187,417.62383333333355,22057.76110681952,18032.36120797619,52782.45844522928,LP,8.633094239485217e-13,0
2025-02-23,0.5,1550.8805622127004,1366.9086605989423,79040.75925293003,0.0,52651.91408100675,0.0,52651.91408100675,3061.2714535473187,417.62383333333355,22082.026285097003,18052.016002380955,52786.92013626943,LP,8.633094239485217e-13,0
2025-02-23,0.75,1550.8805622127004,1437.2986548042327,79040.75925293003,0.0,52641.12445777276,0.0,52641.12445777276,2979.790039833033,417.62383333333355,22177.449542620812,18065.95784619048,52724.47547569408,LP,8.633094239485217e-13,0
2025-02-23,1.0,1550.8805622127004,1442.73219852275,78887.23468354731,0.0,52594.4303176449,0.0,52594.4303176449,2971.6339357472048,417.62383333333355,21386.614518181068,17420.49128704762,52673.79398044787,LP,8.633094239485217e-13,0
2025-02-24,0.0,1366.9086605989423,1555.1592120910027,78655.63697871957,2.3866676190474436,52146.220241828676,12.194678199522915,52158.4149200282,5112.176652981779,1224.353383333333,20784.39208954732,16665.932096190478,52021.476880265676,LP,9.094947017729282e-13,0
2025-02-24,0.25,1366.9086605989423,1555.1592120910027,78655.63697871957,2.3866676190474436,52151.80012618344,12.194678199522915,52163.994804382965,5120.718452711349,1224.353383333333,20739.43524886537,16629.517055238095,52027.05676462044,LP,9.094947017729282e-13,0
2025-02-24,0.5,1366.9086605989423,1555.1592120910027,78638.44145065137,2.3866676190474436,52124.63183604825,12.194678199522915,52136.82651424777,5104.638463299239,1224.353383333333,20733.563992780713,16624.761337809523,51999.88847448525,LP,9.094947017729282e-13,0
2025-02-24,0.75,1366.9086605989423,1555.1592120910027,78638.44145065137,2.3866676190474436,52072.87785434048,12.194678199522915,52085.07253254,5104.63846329924,1224.353383333333,20733.563992780713,16624.761337809523,51948.13449277748,LP,9.094947017729282e-13,0
2025-02-24,1.0,1366.9086605989423,1598.0318936761892,78583.10136647266,2.3866676190474436,52154.34260450423,12.194678199522915,52166.53728270375,5005.4407265114705,1224.353383333333,20761.312620056433,16608.652312476188,51998.412609334555,LP,8.526512829121202e-13,0
2025-02-25,0.0,1555.1592120910027,1405.6030787545003,77966.19079463962,16.30746428571433,50723.46834241172,84.62026971428597,50808.088612126005,6656.244340245729,1869.2859833333332,19843.395905346275,16207.751203333333,50914.974417697355,LP,8.100187187665142e-13,0
2025-02-25,0.25,1555.1592120910027,1405.6030787545003,77966.19079463962,16.30746428571433,50731.3316816695,84.62026971428597,50815.95195138379,6659.916566418574,1869.2859833333332,19824.06839917343,16192.095923333332,50922.83775695514,LP,8.100187187665142e-13,0
2025-02-25,0.5,1555.1592120910027,1405.6030787545003,77966.19079463962,16.30746428571433,50736.83230420116,84.62026971428597,50821.45257391544,6659.916566418569,1869.2859833333332,19824.068399173433,16192.095923333332,50928.33837948679,LP,8.100187187665142e-13,0
2025-02-25,0.75,1555.1592120910027,1451.8349702338653,77966.19079463962,16.30746428571433,50729.6951465981,84.62026971428597,50814.31541631238,6610.70807746619,1869.2859833333332,19864.067276125814,16182.886311333332,50888.15989583701,LP,8.100187187665142e-13,0
2025-02-25,1.0,1555.1592120910027,1455.4211151005327,77966.19079463962,16.30746428571433,50738.99369763941,84.62026971428597,50823.613967353696,6592.017471232209,1869.2859833333332,19945.451885883605,16245.580314857143,50894.895476210266,LP,8.100187187665142e-13,0
2025-02-26,0.0,1405.6030787545003,1742.1718194243408,77434.9485982857,0.0,51001.04964838097,0.0,51001.04964838097,3464.348574346854,790.2927499999998,21381.828284224568,17016.369043619045,50757.042570281905,LP,9.094947017729282e-13,0
2025-02-26,0.25,1405.6030787545003,1742.1718194243408,77434.9485982857,0.0,50967.109281510195,0.0,50967.109281510195,3464.3485743468536,790.2927499999998,21381.828284224568,17016.369043619045,50723.10220341113,LP,9.094947017729282e-13,0
2025-02-26,0.5,1405.6030787545003,1742.1718194243408,77434.9485982857,0.0,50978.52809148353,0.0,50978.52809148353,3464.3485743468536,790.2927499999998,21381.828284224568,17016.369043619045,50734.52101338447,LP,9.094947017729282e-13,0
2025-02-26,0.75,1405.6030787545003,1777.7740101798959,77434.9485982857,0.0,51045.40959344162,0.0,51045.40959344162,3420.462471408581,790.2927499999998,21444.16581716284,17034.820473619046,50775.59148332901,LP,9.094947017729282e-13,0
2025-02-26,1.0,1405.6030787545003,1774.3530776317461,77342.39395053849,0.0,51066.34891136333,0.0,51066.34891136333,3399.369779283948,790.2927499999998,21084.254678587888,16746.371290666666,50799.010923896065,LP,8.189005029635155e-13,0
2025-02-27,0.0,1742.1718194243408,1729.4163171301627,76617.05092290652,0.0,49363.72342904603,0.0,49363.72342904603,4589.1955092228145,791.3014666666667,22586.577363588473,18306.607616571426,49372.88341832572,LP,9.094947017729282e-13,0
2025-02-27,0.25,1742.1718194243408,1729.4163171301627,76617.05092290652,0.0,49340.08864163148,0.0,49340.08864163148,4589.195509222817,791.3014666666667,22586.57736358847,18306.607616571426,49349.24863091117,LP,9.094947017729282e-13,0
2025-02-27,0.5,1742.1718194243408,1729.4163171301627,76617.05092290652,0.0,49340.08864163148,0.0,49340.08864163148,4589.195509222817,791.3014666666667,22586.57736358847,18306.607616571426,49349.24863091117,LP,9.094947017729282e-13,0
2025-02-27,0.75,1742.1718194243408,1729.4163171301627,76617.05092290652,0.0,49340.08864163148,0.0,49340.08864163148,4589.195509222817,791.3014666666667,22586.57736358847,18306.607616571426,49349.24863091117,LP,9.094947017729282e-13,0
2025-02-27,1.0,1742.1718194243408,1734.6104667841294,76617.05092290652,0.0,49305.72481214568,0.0,49305.72481214568,4557.516635660205,791.3014666666667,22728.70441029394,18417.055789714286,49311.15477542952,LP,9.094947017729282e-13,0
2025-02-28,0.0,1729.4163171301627,1625.3280828021225,34707.59282836096,0.0,14377.362697714232,0.0,14377.362697714232,489.8729850029391,7796.6919726043525,16958.493324467952,13830.059003714283,14435.132773703785,MILP,1.6484591469634324e-12,0
2025-02-28,0.25,1729.4163171301627,1625.3280828021225,34707.59282836096,0.0,14381.612697714234,0.0,14381.612697714234,536.1740716696056,7750.390885937688,16958.493324467952,13830.059003714283,14439.382773703786,MILP,1.8189894035458565e-12,0
2025-02-28,0.5,1729.4163171301627,1625.3280828021207,34707.59282836096,0.0,14309.3631852102,0.0,14309.3631852102,514.2342916696057,7774.656266719582,16946.253320352724,13820.14460038095,14367.133261199753,MILP,1.5916157281026244e-12,0
2025-02-28,0.75,1729.4163171301627,1625.3280828021207,34707.59282836096,0.0,14304.029851876869,0.0,14304.029851876869,549.3824950029389,7739.508063386248,16946.253320352724,13820.14460038095,14361.799927866421,MILP,9.094947017729282e-13,0
2025-02-28,1.0,1729.4163171301627,1625.3280828021207,34707.59282836096,0.0,14304.029851876867,0.0,14304.029851876867,549.3824950029389,7739.508063386248,16946.253320352724,13820.14460038095,14361.79992786642,MILP,1.5916157281026244e-12,0
2025-03-01,0.0,1625.3280828021225,1670.9657889947052,34330.01281419517,0.0,14208.47542908417,0.0,14208.47542908417,113.1979307877723,7402.656184820693,16391.151735158135,13235.758969904762,14183.24690510091,MILP,3.410605131648481e-12,0
2025-03-01,0.25,1625.3280828021225,1670.9657889947052,34330.01281419517,0.0,14151.829256690178,0.0,14151.829256690178,141.3889541211056,7374.465161487362,16391.15173515813,13235.758969904762,14126.600732706918,MILP,9.606537787476555e-12,0
2025-03-01,0.5,1625.3280828021225,1670.9657889947052,34330.01281419517,0.0,14146.447919592336,0.0,14146.447919592336,180.37082412110544,7335.4832914873605,16391.15173515813,13235.758969904762,14121.219395609076,MILP,2.5011104298755527e-12,0
2025-03-01,0.75,1625.3280828021225,1670.9657889947052,34330.01281419517,0.0,14124.144256851303,0.0,14124.144256851303,198.11462412110518,7317.739491487364,16391.15173515813,13235.758969904762,14098.915732868043,MILP,1.5916157281026244e-12,0
2025-03-01,1.0,1625.3280828021225,1670.965788994707,34330.01281419517,0.0,14124.144256851303,0.0,14124.144256851303,198.11462412110518,7317.739491487364,16391.15173515813,13235.75896990476,14098.915732868043,MILP,1.0231815394945443e-11,0
2025-03-02,0.0,1670.9657889947052,1378.6695038296302,75138.22875220342,2462.4745770304735,49085.76238067298,15192.39326060724,64278.155641280224,1509.15202857143,0.0,21033.215213917698,17299.970979921905,64491.84285962407,LP,9.094947017729282e-13,0
2025-03-02,0.25,1670.9657889947052,1378.6695038296302,75138.22875220342,2462.4745770304735,49096.935275691416,15192.39326060724,64289.32853629866,1509.1520285714291,0.0,21033.215213917698,17299.970979921905,64503.0157546425,LP,9.094947017729282e-13,0
2025-03-02,0.5,1670.9657889947052,1378.6695038296302,75131.78978896767,2440.239820299041,49097.90220463375,15051.825128551125,64149.72733318487,1475.2627483833023,0.0,21060.665530870083,17322.205736653337,64363.41455152872,LP,9.094947017729282e-13,0
2025-03-02,0.75,1670.9657889947052,1378.6695038296302,75131.78978896767,2440.1809513323747,49087.70254117159,15051.452958943859,64139.15550011545,1475.2627483833019,0.0,21060.355694203416,17321.954768953336,64352.842718459295,LP,9.094947017729282e-13,0
2025-03-02,1.0,1670.9657889947052,1378.6695038296302,75106.5359272616,2370.444115338092,49041.61536436693,14610.576681788007,63652.19204615494,1380.1164771428573,0.0,21061.174502309234,17322.61800351905,63865.879264498784,LP,9.094947017729282e-13,0
2025-03-03,0.0,1378.6695038296302,1390.6224389407405,76209.81527506879,1664.5742314790411,49453.760095461614,10160.640096268044,59614.400191729655,1453.25674425632,0.0,23122.25519662199,18718.269067663816,59605.6666003967,LP,7.602807272633072e-13,0
2025-03-03,0.25,1378.6695038296302,1390.6224389407405,76209.81527506877,1664.5742314790411,49441.55488696345,10160.640096268044,59602.19498323149,1453.2567442563181,0.0,23122.25519662199,18718.269067663816,59593.461391898534,LP,9.094947017729282e-13,0
2025-03-03,0.5,1378.6695038296302,1390.6224389407405,76160.5377181505,1645.6465166838032,49440.08957218371,10061.108708017284,59501.19828020099,1422.96435616108,0.0,22922.71370389418,18556.64045855429,59492.46468886803,LP,7.602807272633072e-13,0
2025-03-03,0.75,1378.6695038296302,1390.6224389407405,76160.5377181505,1648.281743343803,49457.132789054755,10077.852938214925,59534.98572726968,1422.96435616108,0.0,22936.58331789418,18567.87484589429,59526.252135936724,LP,9.094947017729282e-13,0
2025-03-03,1.0,1378.6695038296302,1390.6224389407405,76140.00100098766,1642.5752419599953,49459.930092434195,10065.909156383203,59525.8392488174,1422.96435616108,0.0,22798.46111501705,18455.99586156381,59517.10565748444,LP,9.094947017729282e-13,0
2025-03-04,0.0,1390.6224389407405,1444.8234474804217,78006.45152734678,0.0,51047.554312837165,0.0,51047.554312837165,4036.482170279834,600.6831000000002,21689.723242357435,17519.894918623813,51008.49896311877,LP,7.580602812140569e-13,0
2025-03-04,0.25,1390.6224389407405,1444.8234474804217,78006.45152734678,0.0,51019.31241824734,0.0,51019.31241824734,4026.048424293943,600.6831000000002,21744.637694914756,17564.375625195244,50980.25706852895,LP,9.094947017729282e-13,0
2025-03-04,0.5,1390.6224389407405,1444.8234474804217,78067.220532582,0.0,51007.67930141811,0.0,51007.67930141811,4026.0484242939433,600.6831000000002,22064.47456457378,17823.44348961905,50968.623951699716,LP,6.821210263296962e-13,0
2025-03-04,0.75,1390.6224389407405,1483.9628238888895,78067.220532582,0.0,50995.80035545089,0.0,50995.80035545089,3981.3657694368003,600.6831000000002,22114.24938609759,17828.535656285716,50928.542540970724,LP,6.821210263296962e-13,0
2025-03-04,1.0,1390.6224389407405,1544.6907974814808,78067.22053258201,0.0,51049.49579228926,0.0,51049.49579228926,3887.5347967242797,600.6831000000002,22320.43778861963,17940.89308609524,50938.47952551735,LP,9.094947017729282e-13,0
2025-03-05,0.0,1444.8234474804217,1558.67724358307,79010.81560277635,0.0,50738.153815975325,0.0,50738.153815975325,8236.369828164607,756.9464333333331,19918.73109536508,16031.703770753335,50656.742587913504,LP,8.419931418757187e-13,0
2025-03-05,0.25,1444.8234474804217,1558.67724358307,79082.90220514873,0.0,50707.17616061836,0.0,50707.17616061836,8314.211375075838,679.1048864221046,20298.13426574603,16339.020338761908,50625.764932556536,LP,8.419931418757187e-13,0
2025-03-05,0.5,1444.8234474804217,1558.67724358307,79082.90220514873,0.0,50707.17616061836,0.0,50707.17616061836,8314.211375075838,679.1048864221046,20298.13426574603,16339.020338761908,50625.764932556536,LP,8.419931418757187e-13,0
2025-03-05,0.75,1444.8234474804217,1578.4190008349217,79082.90220514873,0.0,50735.27195139215,0.0,50735.27195139215,8295.327605742508,669.8847057554358,20352.536205079363,16365.318328095238,50639.74436746879,LP,8.419931418757187e-13,0
2025-03-05,1.0,1444.8234474804217,1688.1233319470887,79082.90220514873,0.0,50756.10056788172,0.0,50756.10056788172,8188.992516694889,638.5878156590231,20557.26294793768,16432.413091809525,50582.1288334314,LP,8.419931418757187e-13,0
2025-03-06,0.0,1558.67724358307,1607.6682326867735,78875.91974513786,0.0,51257.40271501318,0.0,51257.40271501318,7745.506963215756,1476.7504499999995,19310.085833660196,15597.07763507143,51222.488245569904,LP,7.958078640513122e-13,0
2025-03-06,0.25,1558.67724358307,1607.6682326867735,78970.27039726748,0.0,51225.910324947756,0.0,51225.910324947756,7982.417147810699,1239.840265405053,19806.668213289828,15999.30936257143,51190.99585550448,LP,7.958078640513122e-13,0
2025-03-06,0.5,1558.67724358307,1607.6682326867735,78970.27039726748,0.0,51225.910324947756,0.0,51225.910324947756,7982.417147810699,1239.840265405053,19806.668213289828,15999.30936257143,51190.99585550448,LP,7.958078640513122e-13,0
2025-03-06,0.75,1558.67724358307,1652.7972863248701,78970.27039726748,0.0,51195.93803673142,0.0,51195.93803673142,7925.940717234565,1236.5562999999997,19907.427411747205,16040.30816504762,51128.86138822057,LP,7.958078640513122e-13,0
2025-03-06,1.0,1558.67724358307,1651.5464530317463,78992.47878795648,0.0,51146.05300199709,0.0,51146.05300199709,7919.738189462666,1236.5562999999997,20062.88356135097,16167.353396190478,51079.86778641279,LP,9.094947017729282e-13,0
2025-03-07,0.0,1607.6682326867735,1799.9208019068776,34105.28322439623,0.0,14008.337912463983,0.0,14008.337912463983,531.8709466337457,9508.771124961786,15628.04372194356,12485.688102476191,13903.05055261488,MILP,1.6484591469634324e-12,0
2025-03-07,0.25,1607.6682326867735,1799.9208019068776,34105.28322439623,0.0,14043.50457913065,0.0,14043.50457913065,527.2777166337455,9513.364354961785,15628.04372194356,12485.688102476191,13938.217219281547,MILP,1.6484591469634324e-12,0
2025-03-07,0.5,1607.6682326867735,1799.9208019068776,34105.28322439623,0.0,14043.504579130651,0.0,14043.504579130651,527.2777166337455,9513.364354961783,15628.043721943563,12485.68810247619,13938.217219281549,MILP,3.3284979710717583e-12,0
2025-03-07,0.75,1607.6682326867735,1799.9208019068776,34105.28322439623,0.0,14072.150313669987,0.0,14072.150313669987,569.2408666337454,9471.401204961785,15628.04372194356,12485.68810247619,13966.862953820884,MILP,1.6484591469634324e-12,0
2025-03-07,1.0,1607.6682326867735,1799.9208019068776,34105.28322439623,0.0,14082.992075686865,0.0,14082.992075686865,565.2098166337454,9475.432254961785,15628.04372194356,12485.68810247619,13977.704715837763,MILP,1.6484591469634324e-12,0
2025-03-08,0.0,1799.9208019068776,1746.895154250794,32969.960558318635,0.0,13541.247898128067,0.0,13541.247898128067,563.4289694779532,10443.300079954146,15514.816184791298,12614.724192571426,13569.75113906397,MILP,1.8189894035458565e-12,0
2025-03-08,0.25,1799.9208019068776,1746.895154250794,32969.960558318635,0.0,13569.61133820108,0.0,13569.61133820108,532.4245688112865,10477.37492127925,15498.65597079953,12601.634419238095,13598.114579136984,MILP,1.8189894035458565e-12,0
2025-03-08,0.5,1799.9208019068776,1746.895154250794,32969.960558318635,0.0,13569.023607809335,0.0,13569.023607809335,532.4245688112865,10477.374921279246,15498.655970799531,12601.634419238095,13597.526848745238,MILP,1.8189894035458565e-12,0
2025-03-08,0.75,1799.9208019068776,1746.8951542507957,32969.96055831864,0.0,13568.518769028096,0.0,13568.518769028096,509.3328688112868,10500.46662127925,15498.65597079953,12601.634419238093,13597.022009963997,MILP,1.4210854715202004e-12,0
2025-03-08,1.0,1799.9208019068776,1746.8951542507957,32969.96055831864,0.0,13568.518769028096,0.0,13568.518769028096,509.3328688112868,10500.46662127925,15498.65597079953,12601.634419238093,13597.022009963997,MILP,1.4210854715202004e-12,0
2025-03-09,0.0,1746.895154250794,1497.0878818254,76750.47358346674,0.0,48657.964996066505,0.0,48657.964996066505,7712.446859951786,2236.0208166666666,19438.460010690185,15969.979153841905,48834.18607186491,LP,9.094947017729282e-13,0
2025-03-09,0.25,1746.895154250794,1497.0878818254,76750.47358346674,0.0,48692.64438764034,0.0,48692.64438764034,7691.8436352827675,2236.0208166666666,19546.898035263966,16057.813953746667,48868.86546343875,LP,9.094947017729282e-13,0
2025-03-09,0.5,1746.895154250794,1497.0878818254,76853.46540378248,0.0,48703.24820863517,0.0,48703.24820863517,7905.129023301582,2022.7354286478526,20088.96024745209,16496.884345619048,48879.46928443357,LP,9.094947017729282e-13,0
2025-03-09,0.75,1746.895154250794,1514.0839398148178,76853.46540378248,0.0,48710.60099052783,0.0,48710.60099052783,7889.832571111106,2010.2680252239838,20154.578160209294,16534.738402761905,48874.83256900638,LP,9.094947017729282e-13,0
2025-03-09,1.0,1746.895154250794,1561.1631377291037,76873.91025030453,0.0,48596.71613421043,0.0,48596.71613421043,7848.288972299819,2007.7979637895348,20270.826732024692,16586.528467809523,48727.7367223778,LP,6.821210263296962e-13,0
2025-03-10,0.0,1497.0878818254,1447.0377217671992,75521.66717870542,0.0,49316.9414253954,0.0,49316.9414253954,3105.2445878812405,360.69671666666625,21361.576674788947,17347.92225063143,49353.08796380294,LP,6.821210263296962e-13,0
2025-03-10,0.25,1497.0878818254,1447.0377217671992,75521.66717870542,0.0,49327.35809206207,0.0,49327.35809206207,3105.2445878812396,360.69671666666625,21361.57667478895,17347.92225063143,49363.50463046961,LP,6.821210263296962e-13,0
2025-03-10,0.5,1497.0878818254,1447.0377217671992,75521.66717870542,0.0,49327.35809206207,0.0,49327.35809206207,3105.2445878812396,360.69671666666625,21361.57667478895,17347.92225063143,49363.50463046961,LP,6.821210263296962e-13,0
2025-03-10,0.75,1497.0878818254,1443.1744087005316,75521.66717870542,0.0,49328.830545104356,0.0,49328.830545104356,3098.6149585396743,360.69671666666625,21414.76936479718,17394.485311298096,49367.767192354346,LP,6.821210263296962e-13,0
2025-03-10,1.0,1497.0878818254,1492.0528197248711,75539.50980913932,0.0,49273.5118914219,0.0,49273.5118914219,3048.439095282767,360.69671666666625,21541.232121475605,17452.929574285714,49277.14824474004,LP,6.821210263296962e-13,0
2025-03-11,0.0,1447.0377217671992,1662.895132055023,75262.66522095354,0.0,48203.483376119584,0.0,48203.483376119584,5802.47982500058,1440.661016666667,20454.389000143445,16373.783420857146,48050.12666951531,LP,7.736034035588091e-13,0
2025-03-11,0.25,1447.0377217671992,1662.895132055023,75262.66522095354,0.0,48222.983376119584,0.0,48222.983376119584,5802.47982500058,1440.661016666667,20454.389000143445,16373.783420857146,48069.62666951531,LP,7.736034035588091e-13,0
2025-03-11,0.5,1447.0377217671992,1662.895132055023,75262.66522095354,0.0,48202.90374429123,0.0,48202.90374429123,5801.285025247494,1440.661016666667,20460.677419896532,16378.877040857145,48049.547037686956,LP,7.736034035588091e-13,0
2025-03-11,0.75,1447.0377217671992,1656.032753573542,75262.66522095354,0.0,48254.12408509896,0.0,48254.12408509896,5801.285025247494,1440.661016666667,20493.183423229864,16411.38304419048,48105.642781020775,LP,7.736034035588091e-13,0
2025-03-11,1.0,1447.0377217671992,1660.3619091830622,75262.66522095354,0.0,48149.80412346699,0.0,48149.80412346699,5785.330828725446,1440.661016666667,20556.646352037627,16458.891776476194,47998.24715455168,LP,7.736034035588091e-13,0
2025-03-12,0.0,1662.895132055023,1466.3308394402127,74693.54267349676,0.0,47034.04083337411,0.0,47034.04083337411,6507.771753599041,2172.9285666666665,19759.029122373908,16181.721452476191,47172.058697138964,LP,9.094947017729282e-13,0
2025-03-12,0.25,1662.895132055023,1466.3308394402127,74693.54267349676,0.0,47026.118494142924,0.0,47026.118494142924,6511.267742652537,2172.9285666666665,19740.62917998708,16166.817499142857,47164.13635790778,LP,9.094947017729282e-13,0
2025-03-12,0.5,1662.895132055023,1466.3308394402127,74722.68771435978,0.0,47034.199013259524,0.0,47034.199013259524,6598.067630195164,2094.2528477954097,19851.26534941683,16256.432796380956,47172.21687702438,LP,9.094947017729282e-13,0
2025-03-12,0.75,1662.895132055023,1466.3308394402127,74722.68771435978,0.0,47032.38384945505,0.0,47032.38384945505,6599.813781018212,2094.2528477954097,19842.075081927116,16248.988679714288,47170.40171321991,LP,9.094947017729282e-13,0
2025-03-12,1.0,1662.895132055023,1461.79973104127,74722.68771435978,0.0,46961.96494147233,0.0,46961.96494147233,6599.761112459718,2063.319184865368,20026.624182177555,16402.551448476195,47103.16432866339,LP,9.094947017729282e-13,0
2025-03-13,0.0,1466.3308394402127,1411.4148678222232,73995.93129645854,73.52254619047426,47548.45323696022,465.8430567662733,48014.29629372649,2437.0919926325582,0.0,21769.306356873603,17682.562523523808,48053.8178769557,LP,1.0231815394945443e-12,0
2025-03-13,0.25,1466.3308394402127,1411.4148678222232,73995.93129645854,73.52254619047426,47498.20793854139,465.8430567662733,47964.05099530766,2437.0919926325596,0.0,21769.306356873603,17682.562523523808,48003.57257853687,LP,1.0231815394945443e-12,0
2025-03-13,0.5,1466.3308394402127,1411.4148678222232,74100.06208749794,73.52254619047426,47496.4299426985,465.8430567662733,47962.272999464774,2461.884714419743,0.0,22186.875142411525,18020.793239809525,48001.79458269398,LP,1.0231815394945443e-12,0
2025-03-13,0.75,1466.3308394402127,1411.4148678222232,74100.06208749794,73.52254619047585,47499.39150836105,465.84305676628355,47965.23456512733,2456.9858738929947,0.0,22212.658513604943,18041.67777047619,48004.75614835654,LP,1.0231815394945443e-12,0
2025-03-13,1.0,1466.3308394402127,1411.4148678222232,74100.06208749794,31.119295977141405,47582.85856517803,193.14775464432972,47776.00631982236,2413.5683936213895,0.0,22217.996566543214,18046.00159335619,47815.52790305157,LP,9.094947017729282e-13,0
2025-03-14,0.0,1411.4148678222232,1920.35807457037,32440.35028776249,0.0,13068.888752193583,0.0,13068.888752193583,386.3359957801317,12578.228842984125,15727.950418902996,12281.590953238094,12798.004684670395,MILP,1.5347723092418164e-12,0
2025-03-14,0.25,1411.4148678222232,1920.35807457037,32440.35028776249,0.0,13054.403915192777,0.0,13054.403915192777,379.6125664467984,12584.952272317458,15727.950418902994,12281.590953238094,12783.51984766959,MILP,1.0800249583553523e-12,0
2025-03-14,0.5,1411.4148678222232,1920.35807457037,32440.350287762492,0.0,13080.555596592061,0.0,13080.555596592061,354.032023113465,12614.122854704288,15709.055476516165,12266.28604990476,12809.671529068873,MILP,9.322320693172514e-12,0
2025-03-14,0.75,1411.4148678222232,1920.35807457037,32440.350287762492,0.0,13099.816045592132,0.0,13099.816045592132,354.03202311346274,12614.12285470429,15709.055476516165,12266.28604990476,12828.931978068944,MILP,2.021099337273174e-12,0
2025-03-14,1.0,1411.4148678222232,1920.35807457037,32440.35028776249,0.0,13099.816045592132,0.0,13099.816045592132,354.032023113465,12614.122854704287,15709.055476516165,12266.28604990476,12828.931978068944,MILP,2.021099337273174e-12,0
2025-03-15,0.0,1920.35807457037,1370.7079328285708,31490.085345136977,0.0,13187.485332857172,0.0,13187.485332857172,542.0217663809522,7684.6754266843045,14915.516471786006,12576.253469714286,13486.657156756524,MILP,3.069544618483633e-12,0
2025-03-15,0.25,1920.35807457037,1370.7079328285708,31490.085345136977,0.0,13205.368564544327,0.0,13205.368564544327,536.8257457142852,7689.296737071138,14918.541262732508,12578.703550380951,13504.54038844368,MILP,3.069544618483633e-12,0
2025-03-15,0.5,1920.35807457037,1370.7079328285708,31490.085345136977,0.0,13185.510289938393,0.0,13185.510289938393,536.8257457142852,7689.296737071138,14918.541262732508,12578.703550380951,13484.682113837745,MILP,3.069544618483633e-12,0
2025-03-15,0.75,1920.35807457037,1370.7079328285708,31490.085345136977,0.0,13143.475720725217,0.0,13143.475720725217,567.2663150476187,7658.856167737804,14918.541262732508,12578.703550380951,13442.64754462457,MILP,6.821210263296962e-13,0
2025-03-15,1.0,1920.35807457037,1370.7079328285708,31490.085345136977,0.0,13136.119229275908,0.0,13136.119229275908,567.2663150476187,7657.394756388007,14926.232901415637,12584.933777714285,13435.29105317526,MILP,8.526512829121202e-13,0
2025-03-16,0.0,1370.7079328285708,1822.317553566139,73654.39127774484,0.0,46140.495111215314,0.0,46140.495111215314,5546.367084458555,488.8266500000001,20324.747112048204,16056.59650209524,45821.47553482218,LP,9.094947017729282e-13,0
2025-03-16,0.25,1370.7079328285708,1822.317553566139,73654.39127774484,0.0,46144.32844454864,0.0,46144.32844454864,5546.367084458554,488.8266500000001,20324.747112048204,16056.59650209524,45825.30886815551,LP,9.094947017729282e-13,0
2025-03-16,0.5,1370.7079328285708,1822.317553566139,73798.36335063021,0.0,46150.13724379272,0.0,46150.13724379272,5547.013988818343,488.8266500000001,21079.090104288058,16667.61432580952,45831.11766739959,LP,9.094947017729282e-13,0
2025-03-16,0.75,1370.7079328285708,1822.3175535661371,73812.72461107819,0.0,46159.44198096457,0.0,46159.44198096457,5551.138714567903,488.8266500000001,21132.966602700762,16711.25428952381,45840.422404571436,LP,6.821210263296962e-13,0
2025-03-16,1.0,1370.7079328285708,1838.5584962412745,73812.72461107819,0.0,46171.064292937954,0.0,46171.064292937954,5512.903254158728,488.8266500000001,21257.27508691946,16797.327313333335,45840.5720232838,LP,1.0231815394945443e-12,0
2025-03-17,0.0,1822.317553566139,1941.2955254317476,72292.89841194473,0.0,44291.79878210785,0.0,44291.79878210785,8171.39584364609,2635.277233333333,18531.65119448912,14903.557292857142,44210.39903595997,LP,9.094947017729282e-13,0
2025-03-17,0.25,1822.317553566139,1941.2955254317476,72292.89841194473,0.0,44234.98258987144,0.0,44234.98258987144,8169.702071366253,2635.277233333333,18540.565785435625,14910.778111523809,44153.58284372356,LP,9.094947017729282e-13,0
2025-03-17,0.5,1822.317553566139,1941.2955254317476,72355.18249959905,0.0,44236.88321342924,0.0,44236.88321342924,8169.702071366253,2635.277233333333,18868.376773089945,15176.305011523807,44155.48346728136,LP,9.094947017729282e-13,0
2025-03-17,0.75,1822.317553566139,1941.2955254317494,72355.18249959905,0.0,44212.50468711554,0.0,44212.50468711554,8169.702071366254,2635.277233333333,18868.376773089945,15176.305011523807,44131.10494096766,LP,1.0231815394945443e-12,0
2025-03-17,1.0,1822.317553566139,1956.3184412920637,72451.23174527807,0.0,44226.29526579711,0.0,44226.29526579711,8161.870174297475,2635.277233333333,19343.95844926631,15548.00554495238,44134.61746970221,LP,9.094947017729282e-13,0
2025-03-18,0.0,1941.2955254317476,1796.3681319396808,70198.11963049616,0.0,43415.931037321745,0.0,43415.931037321745,3916.050307040562,1253.98175,21224.020320693704,17321.89111390476,43517.15050284751,LP,9.094947017729282e-13,0
2025-03-18,0.25,1941.2955254317476,1796.3681319396808,70198.11963049616,0.0,43425.5374929826,0.0,43425.5374929826,3916.050307040563,1253.98175,21224.020320693704,17321.89111390476,43526.75695850836,LP,9.094947017729282e-13,0
2025-03-18,0.5,1941.2955254317476,1796.3681319396808,70198.11963049616,0.0,43430.404338858585,0.0,43430.404338858585,3916.050307040562,1253.98175,21224.020320693704,17321.89111390476,43531.62380438435,LP,9.094947017729282e-13,0
2025-03-18,0.75,1941.2955254317476,1796.3681319396835,70198.11963049616,0.0,43490.91931965178,0.0,43490.91931965178,3916.050307040561,1253.98175,21224.020320693704,17321.89111390476,43592.13878517754,LP,9.094947017729282e-13,0
2025-03-18,1.0,1941.2955254317476,1825.798837915346,70272.94470277718,0.0,43472.106707201776,0.0,43472.106707201776,3874.0398293262765,1253.98175,21699.53566078424,17680.570904,43552.771326213544,LP,9.094947017729282e-13,0
2025-03-19,0.0,1796.3681319396808,1986.1235553100555,70013.77680179071,0.0,43151.856206012206,0.0,43151.856206012206,4492.030850397409,1902.2185999999997,20964.615896631396,16810.558995238094,43020.041770988,LP,1.0231815394945443e-12,0
2025-03-19,0.25,1796.3681319396808,1986.1235553100555,70013.77680179071,0.0,42973.773271942984,0.0,42973.773271942984,4484.2809393027555,1902.2185999999997,21005.404902392715,16843.59808990476,42841.95883691878,LP,1.0231815394945443e-12,0
2025-03-19,0.5,1796.3681319396808,1986.1235553100555,70013.77680179071,0.0,43008.35075179493,0.0,43008.35075179493,4484.280939302755,1902.2185999999997,21005.404902392715,16843.59808990476,42876.536316770726,LP,1.0231815394945443e-12,0
2025-03-19,0.75,1796.3681319396808,1986.1235553100541,70013.77680179071,0.0,42961.24789607466,0.0,42961.24789607466,4479.174655681355,1902.2185999999997,21032.28007934745,16865.366983238095,42829.43346105045,LP,9.094947017729282e-13,0
2025-03-19,1.0,1796.3681319396808,2060.98474157037,70013.77680179071,0.0,42894.864602645364,0.0,42894.864602645364,4383.96797734861,1902.2185999999997,21178.76224091829,16916.64246647619,42711.04751706774,LP,9.094947017729282e-13,0
2025-03-20,0.0,1986.1235553100555,1550.5062194888894,69110.50468185419,50.64200556857077,43375.3701444172,334.94622483052706,43710.316369247725,2437.336416600817,1014.3316833333329,20487.22301611052,16986.706245288573,44015.58583549697,LP,9.601208716958354e-13,0
2025-03-20,0.25,1986.1235553100555,1550.5062194888894,69110.50468185419,50.64200556857077,43372.432678141886,334.94622483052706,43707.378902972414,2436.8978742386807,1014.3316833333329,20489.53113380599,16988.575820621903,44012.64836922166,LP,9.601208716958354e-13,0
2025-03-20,0.5,1986.1235553100555,1550.5062194888894,69110.50468185419,50.64200556857077,43338.850703213684,334.94622483052706,43673.79692804421,2436.8978742386807,1014.3316833333329,20489.53113380599,16988.575820621903,43979.066394293455,LP,9.601208716958354e-13,0
2025-03-20,0.75,1986.1235553100555,1550.5062194888894,69110.50468185419,45.43508520856881,43325.72357061823,300.5076535694741,43626.23122418771,2436.8978742386803,1014.3316833333329,20462.12628980599,16966.377896981907,43931.50069043695,LP,9.601208716958354e-13,0
2025-03-20,1.0,1986.1235553100555,1550.5062194888894,69238.2473576155,35.58052725809614,43337.501347876714,235.32960728504787,43572.83095516176,2440.0422835390914,1014.3316833333329,21066.04054512404,17455.548443789525,43878.100421411,LP,9.601208716958354e-13,0
2025-03-21,0.0,1550.5062194888894,1569.8333724000017,31062.576495811874,0.0,12428.905259736162,0.0,12428.905259736162,630.195938,15522.189187992943,15049.117976485595,12172.391123333331,12418.985381074064,MILP,1.8189894035458565e-12,0
2025-03-21,0.25,1550.5062194888894,1569.8333724,31062.576495811874,0.0,12408.294946134562,0.0,12408.294946134562,641.7145813333335,15512.482390914754,15039.581943563784,12164.666936666667,12398.375067472463,MILP,1.3642420526593924e-12,0
2025-03-21,0.5,1550.5062194888894,1569.8333724,31062.576495811874,0.0,12405.905259736162,0.0,12405.905259736162,638.3908893333336,15515.806082914756,15039.581943563782,12164.666936666665,12395.985381074064,MILP,1.5347723092418164e-12,0
2025-03-21,0.75,1550.5062194888894,1569.8333724,31062.57649581187,0.0,12405.90525973616,0.0,12405.90525973616,638.3908893333336,15515.806082914756,15039.581943563782,12164.666936666667,12395.985381074062,MILP,1.4210854715202004e-12,0
2025-03-21,1.0,1550.5062194888894,1569.8333724,31062.57649581187,0.0,12405.90525973616,0.0,12405.90525973616,638.3908893333336,15515.806082914756,15039.581943563782,12164.666936666667,12395.985381074062,MILP,1.5347723092418164e-12,0
2025-03-22,0.0,1569.8333724000017,1989.4346450793637,30837.701445714283,0.0,12357.669091940248,0.0,12357.669091940248,306.45470030452765,11449.223259597886,14858.855826669012,11658.032074190476,12135.847141389098,MILP,1.4779288903810084e-12,0
2025-03-22,0.25,1569.8333724000017,1989.4346450793637,30837.701445714283,0.0,12482.147661219771,0.0,12482.147661219771,304.5011229711942,11451.17683693122,14858.855826669012,11658.032074190476,12260.325710668621,MILP,1.3500311979441904e-12,0
2025-03-22,0.5,1569.8333724000017,1989.4346450793637,30837.701445714283,0.0,12483.50242527358,0.0,12483.50242527358,297.84454297119436,11457.83341693122,14858.85582666901,11658.032074190476,12261.68047472243,MILP,6.631732200427601e-12,0
2025-03-22,0.75,1569.8333724000017,1989.4346450793637,30837.701445714283,0.0,12483.50242527358,0.0,12483.50242527358,297.84454297119436,11457.83341693122,14858.85582666901,11658.032074190476,12261.68047472243,MILP,4.042198674546348e-12,0
2025-03-22,1.0,1569.8333724000017,1989.4346450793637,30837.701445714283,0.0,12483.50242527358,0.0,12483.50242527358,297.84454297119436,11457.83341693122,14858.85582666901,11658.032074190476,12261.68047472243,MILP,4.042198674546348e-12,0
2025-03-23,0.0,1989.4346450793637,1650.1829116253953,67031.98451039859,0.0,41196.75218648715,0.0,41196.75218648715,2633.530017436803,2081.0012887254516,20279.261303569663,16731.528216,41430.99215040011,LP,9.094947017729282e-13,0
2025-03-23,0.25,1989.4346450793637,1650.1829116253953,67031.98451039859,0.0,41143.552881497526,0.0,41143.552881497526,2633.5300174368035,2081.0012887254516,20279.261303569663,16731.528216,41377.792845410484,LP,9.094947017729282e-13,0
2025-03-23,0.5,1989.4346450793637,1650.1829116253953,67031.98451039859,0.0,41112.330360766944,0.0,41112.330360766944,2633.530017436804,2081.0012887254516,20279.261303569663,16731.528216,41346.5703246799,LP,9.094947017729282e-13,0
2025-03-23,0.75,1989.4346450793637,1650.1829116253934,67031.98451039859,0.0,41118.30622266248,0.0,41118.30622266248,2635.1008889594377,2081.0012887254516,20270.993558713693,16724.83134266667,41352.54618657545,LP,9.094947017729282e-13,0
2025-03-23,1.0,1989.4346450793637,1729.3996605957655,67031.98451039859,0.0,41019.631493614484,0.0,41019.631493614484,2539.0899337507367,2081.0012887254516,20401.07714363668,16758.90397238095,41199.1754115229,LP,9.094947017729282e-13,0
2025-03-24,0.0,1650.1829116253953,1885.0538714412746,66817.82026883363,0.0,41035.15224380755,0.0,41035.15224380755,2235.3226370041198,2411.582963175781,20847.54590255849,16675.12831723809,40872.91806420172,LP,1.0231815394945443e-12,0
2025-03-24,0.25,1650.1829116253953,1885.0538714412746,66817.82026883363,0.0,40999.7762689715,0.0,40999.7762689715,2235.322637004119,2411.582963175781,20847.54590255849,16675.12831723809,40837.54208936568,LP,1.0231815394945443e-12,0
2025-03-24,0.5,1650.1829116253953,1885.0538714412746,66817.82026883363,0.0,40989.02891102831,0.0,40989.02891102831,2237.348981530867,2411.582963175781,20836.880931365075,16666.489690571423,40826.79473142249,LP,1.0231815394945443e-12,0
2025-03-24,0.75,1650.1829116253953,1885.0538714412746,66817.82026883363,0.0,41001.5889692286,0.0,41001.5889692286,2237.3489815308667,2411.582963175781,20836.880931365075,16666.489690571423,40839.354789622776,LP,1.0231815394945443e-12,0
2025-03-24,1.0,1650.1829116253953,1866.7405394433868,66817.82026883363,0.0,41000.957005228534,0.0,41000.957005228534,2235.3226370041184,2411.582963175781,20934.29326465373,16761.875679333334,40851.37253078361,LP,8.810729923425242e-13,0
2025-03-25,0.0,1885.0538714412746,1469.2857012253971,66391.82330939682,0.0,40811.65549436721,0.0,40811.65549436721,1047.273581590833,850.5160048618377,20621.5808393251,17077.67183304762,41100.26019015724,LP,8.668621376273222e-13,0
2025-03-25,0.25,1885.0538714412746,1469.2857012253971,66391.82330939682,0.0,40741.39951007214,0.0,40741.39951007214,1047.2735815908338,850.5160048618377,20621.5808393251,17077.67183304762,41030.00420586217,LP,8.668621376273222e-13,0
2025-03-25,0.5,1885.0538714412746,1469.2857012253971,66391.82330939682,0.0,40728.5661767388,0.0,40728.5661767388,1042.1440555743723,850.5160048618377,20648.578344674894,17099.539812380954,41017.17087252883,LP,8.668621376273222e-13,0
2025-03-25,0.75,1885.0538714412746,1558.968350190477,66391.82330939682,0.0,40732.998344183354,0.0,40732.998344183354,949.1494302410387,850.5160048618377,20713.211193436797,17071.178035809528,40959.34999734924,LP,8.668621376273222e-13,0
2025-03-25,1.0,1885.0538714412746,1579.2513878444447,66391.82330939682,0.0,40729.02104401625,0.0,40729.02104401625,932.3133151934167,850.5160048618377,20705.74477848442,17046.875505809527,40941.29326462533,LP,9.094947017729282e-13,0
2025-03-26,0.0,1469.2857012253971,1774.2231177439148,67586.11293303469,0.0,40914.2734496886,0.0,40914.2734496886,4862.196942828926,3089.5519088759606,19828.239683139327,15786.43046847619,40706.62631591031,LP,8.384404281969182e-13,0
2025-03-26,0.25,1469.2857012253971,1774.2231177439148,67586.11293303469,0.0,40886.17916444448,0.0,40886.17916444448,4864.670070400943,3089.5519088759606,19815.223222233977,15775.887135142857,40678.532030666196,LP,8.384404281969182e-13,0
2025-03-26,0.5,1469.2857012253971,1774.2231177439148,67586.11293303469,0.0,40900.48146558629,0.0,40900.48146558629,4864.670070400944,3089.5519088759606,19815.223222233977,15775.887135142857,40692.834331808,LP,8.384404281969182e-13,0
2025-03-26,0.75,1469.2857012253971,1774.2231177439153,67586.11293303469,0.0,40901.233028051625,0.0,40901.233028051625,4864.670070400944,3089.5519088759606,19815.223222233977,15775.887135142857,40693.58589427334,LP,8.384404281969182e-13,0
2025-03-26,1.0,1469.2857012253971,1881.1692912687822,67586.11293303469,0.0,40923.70031714814,0.0,40923.70031714814,4748.4999687607315,3089.5519088759606,19920.057672064664,15764.551483333333,40643.228186508095,LP,9.094947017729282e-13,0
2025-03-27,0.0,1774.2231177439148,1597.7826106190496,66482.48514890064,0.0,40436.4669567092,0.0,40436.4669567092,2605.926946974719,1480.5011698248093,20199.28467638683,16520.217044285713,40558.171097235936,LP,8.810729923425242e-13,0
2025-03-27,0.25,1774.2231177439148,1597.7826106190496,66482.48514890064,0.0,40421.43109588737,0.0,40421.43109588737,2605.9269469747205,1480.5011698248093,20199.28467638683,16520.217044285713,40543.135236414106,LP,8.810729923425242e-13,0
2025-03-27,0.5,1774.2231177439148,1597.7826106190496,66482.48514890064,0.0,40402.521923552755,0.0,40402.521923552755,2601.444937674309,1480.5011698248093,20222.874199020574,16539.324557619046,40524.22606407949,LP,8.810729923425242e-13,0
2025-03-27,0.75,1774.2231177439148,1597.7826106190496,66482.48514890064,0.0,40402.521923552755,0.0,40402.521923552755,2601.444937674309,1480.5011698248093,20222.874199020574,16539.324557619046,40524.22606407949,LP,8.810729923425242e-13,0
2025-03-27,1.0,1774.2231177439148,1611.2393100243444,66482.48514890064,0.0,40413.488715067855,0.0,40413.488715067855,2590.569921355669,1480.5011698248093,20216.368866672547,16521.944208952376,40525.91076917274,LP,8.810729923425242e-13,0
2025-03-28,0.0,1597.7826106190496,1799.2029681269807,29650.048268225746,0.0,11888.688456600692,0.0,11888.688456600692,408.34884371428655,15418.633803369783,14841.61333009406,11840.428475619048,11784.495468089968,MILP,7.958078640513122e-13,0
2025-03-28,0.25,1597.7826106190496,1799.2029681269807,29650.048268225746,0.0,11917.30184124335,0.0,11917.30184124335,369.6378170476196,15457.344830036449,14841.61333009406,11840.428475619048,11813.108852732626,MILP,2.7487345732879476e-11,0
2025-03-28,0.5,1597.7826106190496,1799.2029681269807,29650.048268225746,0.0,11913.274263317584,0.0,11913.274263317584,372.0361903809529,15457.65023223398,14827.382932563196,11828.901853619047,11809.08127480686,MILP,7.958078640513122e-13,0
2025-03-28,0.75,1597.7826106190496,1799.2029681269807,29650.048268225746,0.0,11913.274263317584,0.0,11913.274263317584,372.0361903809529,15457.65023223398,14827.382932563196,11828.901853619047,11809.08127480686,MILP,7.958078640513122e-13,0
2025-03-28,1.0,1597.7826106190496,1799.2029681269807,29650.048268225746,0.0,11913.274263317584,0.0,11913.274263317584,372.0361903809529,15457.65023223398,14827.382932563196,11828.901853619047,11809.08127480686,MILP,7.958078640513122e-13,0
2025-03-29,0.0,1799.2029681269807,1740.2499237111176,29274.008878925342,0.0,11792.111067254913,0.0,11792.111067254913,43.437699047618935,18891.901730464433,14129.042137127573,11497.581871047618,11821.987180567026,MILP,2.6716406864579767e-12,0
2025-03-29,0.25,1799.2029681269807,1740.249923711114,29274.00887892534,0.0,11817.444400588243,0.0,11817.444400588243,73.63971238095223,18859.389241287477,14141.202536304529,11507.431794380955,11847.320513900358,MILP,4.251887730788439e-12,0
2025-03-29,0.5,1799.2029681269807,1740.2499237111176,29274.008878925342,0.0,11818.183225285078,0.0,11818.183225285078,82.11608238095232,18850.912871287477,14141.202536304529,11507.431794380951,11848.059338597192,MILP,2.0236257114447654e-12,0
2025-03-29,0.75,1799.2029681269807,1740.2499237111176,29274.008878925342,0.0,11824.4514325611,0.0,11824.4514325611,82.11608238095232,18850.912871287477,14141.202536304529,11507.431794380951,11854.327545873213,MILP,2.13478617499479e-12,0
2025-03-29,1.0,1799.2029681269807,1740.249923711114,29274.00887892534,0.0,11852.696703233045,0.0,11852.696703233045,84.58322571428573,18848.445727954146,14141.202536304527,11507.431794380955,11882.57281654516,MILP,1.8189894035458565e-12,0
2025-03-30,0.0,1740.2499237111176,1775.9735799597856,62954.99777091473,0.0,37799.48224111799,0.0,37799.48224111799,1414.3301878142317,2281.559544516159,20428.089726108155,16514.60138752381,37775.30359980477,LP,8.952838470577262e-13,0
2025-03-30,0.25,1740.2499237111176,1775.9735799597856,62954.99777091473,0.0,37703.79860944264,0.0,37703.79860944264,1425.4035203209892,2262.521729145204,20470.008056972354,16548.55523552381,37679.61996812942,LP,9.094947017729282e-13,0
2025-03-30,0.5,1740.2499237111176,1775.9735799597856,62954.99777091473,0.0,37754.51324488157,0.0,37754.51324488157,1429.1710736543225,2253.367654388001,20498.358169729556,16571.518826857144,37730.33460356835,LP,9.094947017729282e-13,0
2025-03-30,0.75,1740.2499237111176,1791.3634972730142,62954.99777091473,0.0,37759.44785451064,0.0,37759.44785451064,1410.200401178132,2253.367654388001,20525.30420601527,16579.494190666668,37724.85294203059,LP,9.094947017729282e-13,0
2025-03-30,1.0,1740.2499237111176,1780.7882649354524,62954.997770914735,0.0,37729.31707434591,0.0,37729.31707434591,1382.0085110499756,2281.559544516159,20575.397411824793,16629.58739647619,37701.87973688322,LP,8.952838470577262e-13,0
2025-03-31,0.0,1775.9735799597856,1643.7407740444448,62047.91122869724,71.53366256760819,37837.27684379407,478.52443574601506,38315.80127954009,670.0068626337454,946.1190166666672,19320.731862920635,15768.802334289534,38406.332321326925,LP,8.526512829121202e-13,0
2025-03-31,0.25,1775.9735799597856,1643.7407740444448,62047.91122869724,71.53366256760819,37789.36394756464,478.52443574601506,38267.88838331065,668.3175046090541,946.1190166666672,19329.623220945326,15776.004334289533,38358.41942509749,LP,8.526512829121202e-13,0
2025-03-31,0.5,1775.9735799597856,1643.7407740444448,62047.91122869724,71.53366256760819,37742.24365723874,478.52443574601506,38220.76809298475,668.3175046090539,946.1190166666672,19329.623220945326,15776.004334289533,38311.29913477159,LP,8.526512829121202e-13,0
2025-03-31,0.75,1775.9735799597856,1643.7407740444448,62047.91122869724,74.68738236284628,37765.526225883186,499.62124431626023,38265.14747019945,668.317504609052,946.1190166666672,19346.221746183426,15789.44913973239,38355.67851198629,LP,8.526512829121202e-13,0
2025-03-31,1.0,1775.9735799597856,1643.7407740444448,62047.91122869724,60.202127873324685,37797.70873786001,402.72213440860554,38200.43087226861,668.317504609052,946.1190166666672,19269.983564659615,15727.696212698103,38290.96191405545,LP,8.526512829121202e-13,0
2025-04-01,0.0,1643.7407740444448,1551.8288080444445,62763.392850317454,1005.9577415409585,38894.24345506571,6600.075961024257,45494.319416089966,34.18180399999994,0.0,18994.93705574603,15468.619784554283,45558.271589697826,LP,8.810729923425242e-13,0
2025-04-01,0.25,1643.7407740444448,1551.8288080444445,62763.392850317454,1031.3483557580994,38953.44884000608,6764.87374260061,45718.322582606685,64.32772533333343,0.0,18969.909123555553,15448.34715948,45782.274756214545,LP,8.810729923425242e-13,0
2025-04-01,0.5,1643.7407740444448,1551.8288080444445,62763.392850317454,1040.0041341047654,38997.02164288596,6821.054071959646,45818.0757148456,71.36072533333333,0.0,18978.450062222222,15455.265319799999,45882.027888453464,LP,8.810729923425242e-13,0
2025-04-01,0.75,1643.7407740444448,1551.8288080444445,62763.392850317454,1044.6442230857197,38978.236327086335,6851.17056949053,45829.40689657686,73.94339533333346,0.0,18989.2785831746,15464.036421771425,45893.35907018472,LP,8.810729923425242e-13,0
2025-04-01,1.0,1643.7407740444448,1551.8288080444445,62763.392850317454,1036.4843009028577,39036.267359297446,6798.208594562663,45834.47595386011,73.94339533333346,0.0,18946.33162431746,15429.249385097142,45898.42812746797,LP,8.810729923425242e-13,0
2025-04-02,0.0,1551.8288080444445,1645.0291104888868,63561.43246626454,1281.9359163971471,38722.25387227586,6847.589353002254,45569.84322527812,247.9331302657242,0.0,21453.787264189297,17293.68741179333,45505.06080180258,LP,8.242295734817162e-13,0
2025-04-02,0.25,1551.8288080444445,1645.0291104888868,63561.432466264545,1282.5532739257192,38657.19398875686,6850.924627050365,45508.11861580723,243.1525335990577,0.0,21482.197549427394,17316.699742836186,45443.33619233169,LP,9.094947017729282e-13,0
2025-04-02,0.5,1551.8288080444445,1645.0291104888868,63561.432466264545,1273.7528776190486,38692.98483001665,6803.380486003577,45496.36531602022,233.6369370311532,0.0,21485.961761328632,17319.74875447619,45431.582892544684,LP,9.094947017729282e-13,0
2025-04-02,0.75,1551.8288080444445,1653.3071889068772,63561.432466264545,1273.7528776190486,38752.233392221155,6803.380486003577,45555.61387822473,222.10241112874124,0.0,21507.457841992946,17329.710309238093,45485.07746074302,LP,9.094947017729282e-13,0
2025-04-02,1.0,1551.8288080444445,1648.3086000444457,63561.432466264545,1273.7528776190486,38762.007281937586,6803.380486003577,45565.38776794117,222.10241112874127,0.0,21531.135368183423,17353.38783542857,45498.325810219496,LP,8.242295734817162e-13,0
2025-04-03,0.0,1645.0291104888868,1610.4880169470912,64813.439624604354,0.0,39576.09913053233,0.0,39576.09913053233,2817.542370787773,2141.030166666667,21170.65160353087,17179.31478304762,39599.86400735823,LP,9.85878045867139e-13,0
2025-04-03,0.25,1645.0291104888868,1610.4880169470912,64813.439624604354,0.0,39501.10369813088,0.0,39501.10369813088,2814.1924307466197,2141.030166666667,21188.282866905356,17193.596106380955,39524.868574956774,LP,9.85878045867139e-13,0
2025-04-03,0.5,1645.0291104888868,1610.4880169470912,64813.439624604354,0.0,39526.8314337386,0.0,39526.8314337386,2822.225328935923,2141.030166666667,21146.00445538272,17159.35059304762,39550.59631056449,LP,9.85878045867139e-13,0
2025-04-03,0.75,1645.0291104888868,1696.4443033174616,64813.439624604354,0.0,39627.16118195384,0.0,39627.16118195384,2730.864593221634,2141.030166666667,21219.689076335104,17141.674478285717,39591.78662952191,LP,9.85878045867139e-13,0
2025-04-03,1.0,1645.0291104888868,1696.4443033174616,64813.439624604354,0.0,39535.77647358247,0.0,39535.77647358247,2731.8246574579643,2141.030166666667,21214.636106670205,17137.581572857147,39500.40192115054,LP,9.85878045867139e-13,0
2025-04-04,0.0,1610.4880169470912,1816.2198472994714,28691.385205389768,0.0,11304.75651573419,0.0,11304.75651573419,540.7861719999994,18844.839473566142,14156.835065823627,11281.877755999998,11201.159738230674,MILP,1.8189894035458565e-12,0
2025-04-04,0.25,1610.4880169470912,1816.2198472994714,28691.385205389768,0.0,11277.666351195761,0.0,11277.666351195761,578.4701913333328,18807.15545423281,14156.835065823627,11281.877755999998,11174.069573692244,MILP,1.8701484805205837e-11,0
2025-04-04,0.5,1610.4880169470912,1816.2198472994714,28691.385205389768,0.0,11282.364090151978,0.0,11282.364090151978,591.2646159999991,18794.361029566142,14156.835065823627,11281.877755999998,11178.76731264846,MILP,1.5916157281026244e-12,0
2025-04-04,0.75,1610.4880169470912,1816.2198472994714,28691.385205389768,0.0,11283.281527752626,0.0,11283.281527752626,591.2646159999991,18793.36781246326,14162.062524259842,11286.111997333332,11179.68475024911,MILP,6.423306331271306e-12,0
2025-04-04,1.0,1610.4880169470912,1816.2198472994714,28691.385205389768,0.0,11283.281527752626,0.0,11283.281527752626,591.2646159999991,18793.36781246326,14162.062524259842,11286.111997333332,11179.68475024911,MILP,2.021099337273174e-12,0
2025-04-05,0.0,1816.2198472994714,1543.296263577776,28299.807867057025,0.0,11381.97304898311,0.0,11381.97304898311,380.7227442857137,13550.223650431511,13528.303759768367,11203.557270761903,11523.340812838596,MILP,1.8758328224066645e-12,0
2025-04-05,0.25,1816.2198472994714,1543.296263577776,28299.807867057025,0.0,11386.613211239224,0.0,11386.613211239224,380.7227442857137,13551.69158042328,13520.577812443265,11197.29925342857,11527.98097509471,MILP,4.547473508864642e-12,0
2025-04-05,0.5,1816.2198472994714,1543.2962635777742,28299.80786705702,0.0,11422.139715649777,0.0,11422.139715649777,291.5192522857136,13645.194016801881,13497.951789397997,11178.972174761904,11563.507479505262,MILP,8.121503469737945e-12,0
2025-04-05,0.75,1816.2198472994714,1543.2962635777742,28299.80786705702,0.0,11422.139715649777,0.0,11422.139715649777,291.5192522857136,13645.194016801881,13497.951789397997,11178.972174761904,11563.507479505262,MILP,2.0614976392607787e-10,0
2025-04-05,1.0,1816.2198472994714,1543.2962635777742,28299.80786705702,0.0,11422.139715649777,0.0,11422.139715649777,291.5192522857136,13645.194016801881,13497.951789397997,11178.972174761904,11563.507479505262,MILP,5.95719029661268e-11,0
2025-04-06,0.0,1543.296263577776,1596.474250273019,64370.04692005602,0.0,38789.836616847424,0.0,38789.836616847424,2796.502696587888,3178.8795434967656,20719.62223831041,16735.03382500571,38753.66930424498,LP,9.094947017729282e-13,0
2025-04-06,0.25,1543.296263577776,1596.474250273019,64370.04692005602,0.0,38798.595682193,0.0,38798.595682193,2796.502696587887,3178.8795434967656,20719.62223831041,16735.03382500571,38762.428369590554,LP,9.094947017729282e-13,0
2025-04-06,0.5,1543.296263577776,1596.474250273019,64373.2838364903,0.0,38763.23868941497,0.0,38763.23868941497,2809.640765507351,3161.8431412110463,20757.176184629054,16765.45252152381,38727.07137681252,LP,9.094947017729282e-13,0
2025-04-06,0.75,1543.296263577776,1723.6331859068798,64373.2838364903,0.0,38713.21117921768,0.0,38713.21117921768,2669.3670179835385,3161.8431412110463,20893.127265962386,16761.129855333333,38590.56076973494,LP,9.094947017729282e-13,0
2025-04-06,1.0,1543.296263577776,1723.6331859068785,64373.2838364903,0.0,38727.49545738636,0.0,38727.49545738636,2680.4548056272774,3161.8431412110463,20834.770488890077,16713.860865904764,38604.84504790362,LP,9.094947017729282e-13,0
2025-04-07,0.0,1596.474250273019,1740.5289415396837,63718.392425201644,0.0,37968.03464186534,0.0,37968.03464186534,3997.170714706657,2562.9335666666666,19925.89283344737,16010.323972952381,37870.575250796515,LP,9.094947017729282e-13,0
2025-04-07,0.25,1596.474250273019,1740.5289415396837,63718.392425201644,0.0,38007.50508015143,0.0,38007.50508015143,3997.170714706654,2562.9335666666666,19925.892833447375,16010.323972952381,37910.0456890826,LP,9.094947017729282e-13,0
2025-04-07,0.5,1596.474250273019,1740.5289415396837,63718.392425201644,0.0,38078.678694559814,0.0,38078.678694559814,4004.110594724292,2562.9335666666666,19889.367149144022,15980.738168666667,37981.21930349099,LP,9.094947017729282e-13,0
2025-04-07,0.75,1596.474250273019,1765.8969428825403,63736.18708262669,0.0,38127.90280733722,0.0,38127.90280733722,3981.39142252676,2562.9335666666666,19982.433614480884,16033.290804380951,38013.28083765489,LP,9.094947017729282e-13,0
2025-04-07,1.0,1596.474250273019,1765.8969428825403,63736.18708262669,0.0,38129.53101600359,0.0,38129.53101600359,3981.39142252676,2562.9335666666666,19982.433614480884,16033.290804380953,38014.90904632126,LP,9.094947017729282e-13,0
2025-04-08,0.0,1740.5289415396837,1281.88072045291,63213.5260131405,206.03938428570848,37526.25696197908,1189.403840063772,38715.66080204285,3208.246419920047,2294.506414203409,20928.433397969427,17364.814451333335,39026.03923280266,LP,1.0231815394945443e-12,0
2025-04-08,0.25,1740.5289415396837,1281.88072045291,63213.5260131405,206.03938428570848,37504.43946154683,1189.403840063772,38693.84330161061,3174.462184110521,2328.290650012933,20928.433397969427,17364.814451333335,39004.22173237042,LP,1.0231815394945443e-12,0
2025-04-08,0.5,1740.5289415396837,1281.88072045291,63213.5260131405,206.03938428570848,37439.68946154683,1189.403840063772,38629.09330161061,3174.4621841105222,2328.290650012933,20928.433397969427,17364.814451333335,38939.47173237042,LP,1.0231815394945443e-12,0
2025-04-08,0.75,1740.5289415396837,1281.88072045291,63229.6584884609,273.259410476184,37472.96530448465,1522.4790698375778,38995.44437432223,3174.354741419168,2413.1984148571414,20920.81328932745,17358.642163333338,39305.82280508204,LP,1.0231815394945443e-12,0
2025-04-08,1.0,1740.5289415396837,1281.88072045291,63229.6584884609,273.2594104761857,37515.90322496545,1522.4790698375893,39038.382294803036,3174.354741419168,2413.1984148571414,20920.81328932745,17358.642163333334,39348.760725562846,LP,1.0231815394945443e-12,0
2025-04-09,0.0,1281.88072045291,1332.9441680000002,62688.66952788242,935.971672833335,37513.82407772967,6132.138752393831,43645.9628301235,568.3090618553839,0.0,20400.336944217514,16478.315822023807,43610.7472426692,LP,8.668621376273222e-13,0
2025-04-09,0.25,1281.88072045291,1332.9441680000002,62688.66952788242,935.971672833335,37563.41812064232,6132.138752393831,43695.556873036156,568.3090618553814,0.0,20400.336944217514,16478.315822023807,43660.34128558185,LP,9.094947017729282e-13,0
2025-04-09,0.5,1281.88072045291,1332.9441680000002,62688.66952788242,935.971672833335,37599.658716386446,6132.138752393831,43731.79746878028,565.6007191311038,0.0,20414.591379608457,16489.861914690475,43696.581881325976,LP,8.668621376273222e-13,0
2025-04-09,0.75,1281.88072045291,1332.9441680000002,62688.66952788242,939.7379446666654,37586.43322688461,6156.165683554563,43742.59891043918,565.6007191311018,0.0,20434.413862941794,16505.918126190478,43707.383322984875,LP,8.668621376273222e-13,0
2025-04-09,1.0,1281.88072045291,1332.9441680000002,62688.66952788242,949.2634435352389,37668.23882897985,6216.933603586627,43885.172432566476,566.498620572605,0.0,20479.82227045267,16542.698936274282,43849.956845112174,LP,9.094947017729282e-13,0
2025-04-10,0.0,1332.9441680000002,1620.0729948296346,63783.03053112992,0.0,38026.508655241974,0.0,38026.508655241974,3440.291664460904,1561.0237150205762,21382.42793421987,17061.35068257143,37830.622370813646,LP,9.094947017729282e-13,0
2025-04-10,0.25,1332.9441680000002,1620.0729948296346,63783.03053112992,0.0,38064.55661047033,0.0,38064.55661047033,3274.5680477942383,1726.7473316872426,21382.42793421987,17061.35068257143,37868.670326042,LP,9.094947017729282e-13,0
2025-04-10,0.5,1332.9441680000002,1620.0729948296346,63783.03053112992,0.0,37957.223277136996,0.0,37957.223277136996,3276.451238814814,1726.7473316872426,21372.516402532627,17053.32234190476,37761.33699270867,LP,9.094947017729282e-13,0
2025-04-10,0.75,1332.9441680000002,1615.121783583071,63792.62524421987,0.0,37948.137668102594,0.0,37948.137668102594,3286.0459519047604,1726.7473316872426,21395.96950843739,17076.775447809523,37755.62922067245,LP,9.094947017729282e-13,0
2025-04-10,1.0,1332.9441680000002,1615.1217835830746,63792.62524421987,0.0,37939.13287913715,0.0,37939.13287913715,3286.0459519047604,1726.7473316872426,21395.96950843739,17076.775447809523,37746.624431706994,LP,9.094947017729282e-13,0
2025-04-11,0.0,1620.0729948296346,1615.62997875873,27892.466563359194,0.0,11214.040186373475,0.0,11214.040186373475,292.0771693909476,19687.85028129688,13683.619265623747,11087.730319619048,11216.245391316832,MILP,2.021099337273174e-12,0
2025-04-11,0.25,1620.0729948296346,1615.62997875873,27892.466563359194,0.0,11214.040186373475,0.0,11214.040186373475,292.0771693909476,19687.85028129688,13683.619265623747,11087.730319619048,11216.245391316832,MILP,2.021099337273174e-12,0
2025-04-11,0.5,1620.0729948296346,1615.62997875873,27892.466563359198,0.0,11198.180105039584,0.0,11198.180105039584,273.8692227242809,19706.05822796355,13683.619265623747,11087.730319619048,11200.385309982941,MILP,2.021099337273174e-12,0
2025-04-11,0.75,1620.0729948296346,1615.62997875873,27892.466563359194,0.0,11191.011643312762,0.0,11191.011643312762,273.8692227242809,19706.058227963546,13683.619265623747,11087.730319619048,11193.21684825612,MILP,4.661160346586257e-12,0
2025-04-11,1.0,1620.0729948296346,1615.62997875873,27892.466563359194,0.0,11092.42830997943,0.0,11092.42830997943,295.85906939094764,19684.068381296882,13683.619265623747,11087.730319619048,11094.633514922787,MILP,2.021099337273174e-12,0
2025-04-12,0.0,1615.62997875873,1855.9845699523812,28204.438014975894,0.0,10835.33891464789,0.0,10835.33891464789,315.7360923057051,16152.82498188712,13128.406624783069,10417.690234,10713.363616487315,MILP,1.5916157281026244e-12,0
2025-04-12,0.25,1615.62997875873,1855.9845699523812,28204.438014975894,0.0,10835.33891464789,0.0,10835.33891464789,315.7360923057051,16152.82498188712,13128.406624783069,10417.690234,10713.363616487315,MILP,2.2168933355715126e-12,0
2025-04-12,0.5,1615.62997875873,1855.9845699523812,28204.438014975894,0.0,10870.479471599197,0.0,10870.479471599197,298.71324897237145,16169.847825220453,13128.406624783069,10417.690234,10748.504173438623,MILP,2.2737367544323206e-12,0
2025-04-12,0.75,1615.62997875873,1855.9845699523812,28204.438014975894,0.0,10994.83891464789,0.0,10994.83891464789,306.5076189723714,16162.053455220455,13128.406624783069,10417.690234,10872.863616487315,MILP,1.5916157281026244e-12,0
2025-04-12,1.0,1615.62997875873,1855.9845699523812,28204.438014975894,0.0,11010.855997153241,0.0,11010.855997153241,306.5076189723714,16162.053455220455,13128.406624783069,10417.690234,10888.880698992667,MILP,3.069544618483633e-12,0
2025-04-13,0.0,1855.9845699523812,1695.880944231749,62519.82007409406,0.0,37778.15245430714,0.0,37778.15245430714,2693.522338143442,1847.4644380658424,20245.09514578954,16542.620331238093,37887.12368501661,LP,9.094947017729282e-13,0
2025-04-13,0.25,1855.9845699523812,1695.880944231749,62519.82007409406,0.0,37660.273326601186,0.0,37660.273326601186,2693.522338143444,1847.4644380658424,20245.095145789535,16542.620331238093,37769.24455731065,LP,9.094947017729282e-13,0
2025-04-13,0.5,1855.9845699523812,1695.880944231749,62519.82007409406,0.0,37658.7306406736,0.0,37658.7306406736,2693.522338143443,1847.4644380658424,20245.095145789535,16542.620331238093,37767.70187138307,LP,9.094947017729282e-13,0
2025-04-13,0.75,1855.9845699523812,1695.880944231749,62640.572098486766,0.0,37678.56966450601,0.0,37678.56966450601,2796.823193047618,1753.708185734272,20830.39736589536,17016.715129523807,37787.540895215476,LP,9.094947017729282e-13,0
2025-04-13,1.0,1855.9845699523812,1713.2123087798939,62640.572098486766,0.0,37672.84635974336,0.0,37672.84635974336,2778.4635702986484,1753.708185734272,20844.93102197766,17012.889162857144,37770.021354632525,LP,9.094947017729282e-13,0
2025-04-14,0.0,1695.880944231749,1587.6026374052924,62412.02949360375,0.0,36879.93559867118,0.0,36879.93559867118,3356.9170002904125,2834.3492333333334,19948.325979599053,16255.594519619046,36952.691853464385,LP,8.810729923425242e-13,0
2025-04-14,0.25,1695.880944231749,1587.6026374052924,62412.02949360375,0.0,36978.83007998787,0.0,36978.83007998787,3361.8072024632534,2834.3492333333334,19922.588073426214,16234.746815619046,37051.586334781074,LP,8.810729923425242e-13,0
2025-04-14,0.5,1695.880944231749,1587.6026374052924,62412.02949360375,0.0,37059.690595969194,0.0,37059.690595969194,3367.2445527183972,2834.3492333333334,19893.970440504403,16211.56653295238,37132.4468507624,LP,8.810729923425242e-13,0
2025-04-14,0.75,1695.880944231749,1587.6026374052924,62531.11941633744,0.0,37035.097827064834,0.0,37035.097827064834,3363.778621073482,2833.6151663445016,20542.864763490885,16737.170934571426,37107.85408185804,LP,1.0231815394945443e-12,0
2025-04-14,1.0,1695.880944231749,1675.6493674201063,62531.11941633744,0.0,37062.134858360434,0.0,37062.134858360434,3275.9116019306252,2833.6151663445016,20588.259301014696,16694.69845295238,37075.72921350431,LP,1.0231815394945443e-12,0
2025-04-15,0.0,1587.6026374052924,1699.3235146116424,62254.674728790116,0.0,36740.18488886996,0.0,36740.18488886996,4874.464774101116,3541.8042714685434,18939.095054744266,15240.11820485714,36665.926326033994,LP,8.668621376273222e-13,0
2025-04-15,0.25,1587.6026374052924,1699.3235146116424,62254.674728790116,0.0,36596.07395055271,0.0,36596.07395055271,4874.464774101119,3541.8042714685434,18939.095054744263,15240.11820485714,36521.81538771674,LP,8.668621376273222e-13,0
2025-04-15,0.5,1587.6026374052924,1699.3235146116424,62254.674728790116,0.0,36558.14362607834,0.0,36558.14362607834,4874.013822002352,3541.8042714685434,18941.46848684303,15242.04068485714,36483.88506324237,LP,8.668621376273222e-13,0
2025-04-15,0.75,1587.6026374052924,1699.3235146116424,62350.88148744032,0.0,36586.96607846336,0.0,36586.96607846336,5109.129637335684,3313.194676466781,19413.576583256905,15624.448242952381,36512.70751562739,LP,9.094947017729282e-13,0
2025-04-15,1.0,1587.6026374052924,1786.4484328476194,62350.88148744032,0.0,36563.21486910049,0.0,36563.21486910049,5010.1820653356845,3313.194676466781,19521.656296875954,15633.580384571429,36431.04617006451,LP,9.094947017729282e-13,0
2025-04-16,0.0,1699.3235146116424,1618.0719069862432,60973.87676806348,0.0,36737.61568210315,0.0,36737.61568210315,812.1438177683756,694.1794016978181,19795.200239263955,16107.238640666666,36793.36393356258,LP,9.094947017729282e-13,0
2025-04-16,0.25,1699.3235146116424,1618.0719069862432,60973.87676806348,0.0,36738.38961314845,0.0,36738.38961314845,809.1031309535613,694.1794016978181,19811.203854078773,16120.201568666665,36794.13786460788,LP,9.094947017729282e-13,0
2025-04-16,0.5,1699.3235146116424,1618.0719069862432,61086.300173607924,0.0,36767.80041705777,0.0,36767.80041705777,793.8496347924803,722.6398011651912,20333.39597112169,16543.17718347143,36823.5486685172,LP,9.094947017729282e-13,0
2025-04-16,0.75,1699.3235146116424,1618.0719069862432,61130.298206950014,0.0,36799.33794892035,0.0,36799.33794892035,793.8496347924796,722.6398011651892,20564.96456765902,16730.747746666664,36855.08620037978,LP,9.094947017729282e-13,0
2025-04-16,1.0,1699.3235146116424,1679.6663895735444,61130.298206950014,0.0,36784.5945337707,0.0,36784.5945337707,716.8026526266954,722.6398011651892,20678.711661539088,16767.44785838095,36798.081655830436,LP,9.094947017729282e-13,0
2025-04-17,0.0,1618.0719069862432,1945.3748361206358,60586.326353179305,0.0,36046.37008216521,0.0,36046.37008216521,1816.2643498542097,1838.5459606502077,19834.742402389176,15771.568709714284,35826.09827932272,LP,9.094947017729282e-13,0
2025-04-17,0.25,1618.0719069862432,1945.3748361206358,60586.32635317931,0.0,36050.00829937457,0.0,36050.00829937457,1817.9663978459798,1838.5459606502077,19825.784255064074,15764.31261038095,35829.73649653208,LP,9.094947017729282e-13,0
2025-04-17,0.5,1618.0719069862432,1945.3748361206358,60737.177014785426,0.0,36030.89372679281,0.0,36030.89372679281,1909.9157752745512,1752.042219107586,20591.073864117574,16384.197193714284,35810.621923950326,LP,9.094947017729282e-13,0
2025-04-17,0.75,1618.0719069862432,1945.3748361206358,60737.177014785426,0.0,36103.37420186208,0.0,36103.37420186208,1909.9157752745514,1752.042219107586,20591.073864117574,16384.197193714284,35883.1023990196,LP,9.094947017729282e-13,0
2025-04-17,1.0,1618.0719069862432,1991.3480338359827,60737.177014785426,0.0,36098.717890371445,0.0,36098.717890371445,1872.0302529371004,1733.823486250443,20668.591639121692,16405.610713523805,35847.50655646526,LP,9.094947017729282e-13,0
2025-04-18,0.0,1945.3748361206358,2146.0427089597865,26954.930240705464,0.0,10742.513159618442,0.0,10742.513159618442,425.43538914285807,17502.61197581893,13116.655825553202,10443.890133142859,10641.481275253647,MILP,1.8189894035458565e-12,0
2025-04-18,0.25,1945.3748361206358,2146.0427089597865,26954.930240705464,0.0,10724.361873939952,0.0,10724.361873939952,432.5333284761913,17494.274828962964,13123.17797040917,10449.173070476192,10623.329989575157,MILP,2.2168933355715126e-12,0
2025-04-18,0.5,1945.3748361206358,2146.0427089597865,26954.930240705464,0.0,10724.361873939952,0.0,10724.361873939952,432.5333284761913,17494.274828962964,13123.177970409168,10449.17307047619,10623.329989575157,MILP,5.002220859751105e-12,0
2025-04-18,0.75,1945.3748361206358,2146.0427089597865,26954.930240705467,0.0,10666.887103801819,0.0,10666.887103801819,432.5333284761913,17492.553124650207,13132.23957205526,10456.512967809524,10565.855219437024,MILP,1.8189894035458565e-12,0
2025-04-18,1.0,1945.3748361206358,2146.0427089597865,26954.930240705464,0.0,10708.921711025214,0.0,10708.921711025214,432.5333284761913,17494.84509199177,13120.176586047028,10446.741949142859,10607.88982666042,MILP,2.6147972675971687e-11,0
2025-04-19,0.0,2146.0427089597865,2102.49358338201,26817.021450395066,0.0,10663.355379304434,0.0,10663.355379304434,460.78709580952443,17185.327325582595,12765.378905383895,10379.15112638095,10685.224824750674,MILP,5.002220859751105e-12,0
2025-04-19,0.25,2146.0427089597865,2102.49358338201,26817.021450395066,0.0,10644.189084501631,0.0,10644.189084501631,502.6140351428577,17138.474211944736,12791.83245435509,10400.578501047616,10666.058529947872,MILP,5.6009715384182826e-11,0
2025-04-19,0.5,2146.0427089597865,2102.49358338201,26817.021450395066,0.0,10644.189084501631,0.0,10644.189084501631,502.6140351428577,17138.474211944736,12791.83245435509,10400.578501047616,10666.058529947872,MILP,5.6009715384182826e-11,0
2025-04-19,0.75,2146.0427089597865,2102.49358338201,26817.021450395066,0.0,10644.189084501631,0.0,10644.189084501631,502.6140351428577,17138.474211944736,12791.83245435509,10400.578501047616,10666.058529947872,MILP,7.747126397185235e-11,0
2025-04-19,1.0,2146.0427089597865,2102.49358338201,26817.021450395066,0.0,10644.189084501631,0.0,10644.189084501631,502.6140351428577,17138.474211944736,12791.83245435509,10400.578501047616,10666.058529947872,MILP,7.747126397185235e-11,0
2025-04-20,0.0,2102.49358338201,1969.5795107566153,59747.4441886408,0.0,35529.08940691601,0.0,35529.08940691601,1745.2272619870696,2416.319024331574,19725.135180798352,16096.982161809523,35618.26079367003,LP,9.094947017729282e-13,0
2025-04-20,0.25,2102.49358338201,1969.5795107566153,59747.4441886408,0.0,35468.157287796974,0.0,35468.157287796974,1743.3974853838972,2416.319024331574,19734.765583972956,16104.782788380951,35557.32867455099,LP,9.094947017729282e-13,0
2025-04-20,0.5,2102.49358338201,1969.5795107566153,59893.794656773665,0.0,35541.54477959255,0.0,35541.54477959255,1916.22100603763,2248.6708425925954,20477.792579857727,16706.63465504762,35630.71616634657,LP,9.094947017729282e-13,0
2025-04-20,0.75,2102.49358338201,1969.5795107566153,59893.794656773665,0.0,35564.1975278634,0.0,35564.1975278634,1916.2210060376285,2248.6708425925954,20477.792579857727,16706.63465504762,35653.368914617415,LP,9.094947017729282e-13,0
2025-04-20,1.0,2102.49358338201,2063.3998629513258,59893.794656773665,0.0,35571.64259577677,0.0,35571.64259577677,1807.0209708018835,2248.6708425925954,20608.11741280776,16727.759452761904,35597.87037734511,LP,9.094947017729282e-13,0
2025-04-21,0.0,1969.5795107566153,1477.9647709417982,59458.541821912986,0.0,35032.65098685312,0.0,35032.65098685312,3323.12891760024,4615.290849020582,18135.078619958833,15131.866947999999,35357.39048308913,LP,9.094947017729282e-13,0
2025-04-21,0.25,1969.5795107566153,1477.9647709417982,59458.541821912986,0.0,34940.07520958618,0.0,34940.07520958618,3317.4571457248744,4615.290849020582,18164.93005088182,15156.046607047618,35264.814705822195,LP,9.094947017729282e-13,0
2025-04-21,0.5,1969.5795107566153,1477.9647709417982,59605.144411824804,0.0,34949.660062742456,0.0,34949.660062742456,3406.695254010587,4531.779607807178,18906.381223721328,15756.622057047618,35274.39955897847,LP,9.094947017729282e-13,0
2025-04-21,0.75,1969.5795107566153,1477.9647709417982,59605.144411824804,0.0,34949.660062742456,0.0,34949.660062742456,3406.695254010587,4531.779607807178,18906.381223721328,15756.622057047618,35274.39955897847,LP,9.094947017729282e-13,0
2025-04-21,1.0,1969.5795107566153,1556.6358251216939,59605.144411824804,0.0,34958.71225886201,0.0,34958.71225886201,3333.855380968847,4531.779607807178,18917.09661466783,15694.497574952378,35231.485049396,LP,9.094947017729282e-13,0
2025-04-22,0.0,1477.9647709417982,1705.933222255025,59504.85570919106,0.0,35669.2333402151,0.0,35669.2333402151,1367.2054475097,2114.6451166666666,19288.96959034803,15418.893762,35515.15801278941,LP,7.602807272633072e-13,0
2025-04-22,0.25,1477.9647709417982,1705.933222255025,59595.06151332435,0.0,35587.88832380564,0.0,35587.88832380564,1503.4590126843025,1981.7911237107633,19745.844495161662,15788.962434899046,35433.81299637995,LP,7.958078640513122e-13,0
2025-04-22,0.5,1477.9647709417982,1705.933222255025,59649.78621494885,0.0,35579.25679823573,0.0,35579.25679823573,1503.4590126843025,1981.7911237107674,20033.869240553784,16022.262478666667,35425.18147081004,LP,7.602807272633072e-13,0
2025-04-22,0.75,1477.9647709417982,1705.933222255025,59649.78621494885,0.0,35585.67626979986,0.0,35585.67626979986,1503.459012684301,1981.7911237107674,20033.869240553788,16022.262478666667,35431.60094237417,LP,7.602807272633072e-13,0
2025-04-22,1.0,1477.9647709417982,1770.9271901259242,59649.78621494885,0.0,35561.29194906763,0.0,35561.29194906763,1289.531599633162,2114.6451166666666,20152.70528798236,16060.025106,35363.2896360318,LP,9.094947017729282e-13,0
2025-04-23,0.0,1705.933222255025,1854.0215778994727,59679.406479073485,0.0,36165.28066013353,0.0,36165.28066013353,2269.3696329582617,2345.5203256754867,18585.89622996355,14921.296426190474,36065.59924107169,LP,1.0231815394945443e-12,0
2025-04-23,0.25,1705.933222255025,1854.0215778994727,59751.19244037645,0.0,36245.22166386732,0.0,36245.22166386732,2373.3974024820714,2241.4925561516766,18963.71707892651,15227.331313850475,36145.54024480548,LP,1.0231815394945443e-12,0
2025-04-23,0.5,1705.933222255025,1854.0215778994727,59828.06558048559,0.0,36271.145266975334,0.0,36271.145266975334,2373.39740248207,2241.4925561516748,19368.312553185184,15555.053647999997,36171.463847913496,LP,1.0231815394945443e-12,0
2025-04-23,0.75,1705.933222255025,1854.0215778994714,59828.06558048559,0.0,36274.69969801581,0.0,36274.69969801581,2373.39740248207,2241.4925561516748,19368.312553185184,15555.053648,36175.018278953976,LP,9.094947017729282e-13,0
2025-04-23,1.0,1705.933222255025,1924.687345986243,59828.06558048559,0.0,36244.97394764949,0.0,36244.97394764949,2156.239540919457,2377.420133333333,19461.10778004233,15566.61859047619,36097.725898440876,LP,9.094947017729282e-13,0
2025-04-24,0.0,1854.0215778994727,1815.1178250148155,58569.88284902175,0.0,35028.95903495897,0.0,35028.95903495897,2881.8494467113474,5185.066208582019,18146.704585918866,14733.844092190477,35054.735348618684,LP,9.094947017729282e-13,0
2025-04-24,0.25,1854.0215778994727,1815.1178250148155,58711.45627694014,0.0,35094.84546905111,0.0,35094.84546905111,2990.1857373933017,5079.289932438572,18878.3541300235,15326.480222915234,35120.62178271083,LP,9.094947017729282e-13,0
2025-04-24,0.5,1854.0215778994727,1815.1178250148155,58714.370014029395,0.0,35058.388153213156,0.0,35058.388153213156,2990.1857373933,5079.28993243857,18893.689588388002,15338.901944190477,35084.16446687287,LP,9.094947017729282e-13,0
2025-04-24,0.75,1854.0215778994727,1810.3481244074087,58714.370014029395,0.0,34949.01235744828,0.0,34949.01235744828,2990.185737393299,5079.28993243857,18916.28290705467,15361.495262857141,34977.94891375306,LP,9.094947017729282e-13,0
2025-04-24,1.0,1854.0215778994727,1811.7563899714291,58714.37001402939,0.0,34968.244531861565,0.0,34968.244531861565,2764.3748006466794,5304.634016666667,18912.06929395414,15356.814797238094,34996.248018932594,LP,9.094947017729282e-13,0
2025-04-25,0.0,1815.1178250148155,1757.9912371132332,26130.68592015638,0.0,9921.243356010873,0.0,9921.243356010873,275.16554114285805,21542.94785706643,12440.151584518519,10127.936712571427,9949.042439032011,MILP,2.021099337273174e-12,0
2025-04-25,0.25,1815.1178250148155,1757.9912371132332,26130.68592015638,0.0,9948.736726083931,0.0,9948.736726083931,277.03426780952486,21542.201724992356,12434.243191925925,10123.150914571426,9976.53580910507,MILP,1.1118572729174048e-10,0
2025-04-25,0.5,1815.1178250148155,1757.9912371132332,26130.68592015638,0.0,9948.736726083931,0.0,9948.736726083931,277.03426780952486,21542.201724992356,12434.243191925925,10123.150914571426,9976.53580910507,MILP,1.8417267710901797e-11,0
2025-04-25,0.75,1815.1178250148155,1757.9912371132332,26130.68592015638,0.0,9948.736726083931,0.0,9948.736726083931,277.03426780952486,21542.201724992356,12434.243191925925,10123.150914571426,9976.53580910507,MILP,3.814824999103116e-12,0
2025-04-25,1.0,1815.1178250148155,1757.9912371132332,26130.68592015638,0.0,9948.736726083931,0.0,9948.736726083931,277.03426780952486,21542.201724992356,12434.243191925925,10123.150914571426,9976.53580910507,MILP,4.149569576838985e-12,0
2025-04-26,0.0,1757.9912371132332,1528.5528376656105,26058.808989927096,0.0,10141.486427671343,0.0,10141.486427671343,55.844195619047696,23790.702848652552,12360.857220131682,10218.788907809521,10252.54020556498,MILP,7.16227077646181e-11,0
2025-04-26,0.25,1757.9912371132332,1528.5528376656105,26058.808989927096,0.0,10089.014904998652,0.0,10089.014904998652,62.003718952381064,23784.54332531922,12360.85722013168,10218.788907809521,10200.068682892288,MILP,9.734435479913373e-12,0
2025-04-26,0.5,1757.9912371132332,1528.5528376656105,26058.808989927096,0.0,10085.15309433801,0.0,10085.15309433801,62.003718952381064,23784.54332531922,12360.85722013168,10218.788907809521,10196.206872231645,MILP,3.069544618483633e-12,0
2025-04-26,0.75,1757.9912371132332,1528.5528376656105,26058.808989927096,0.0,10088.179625726547,0.0,10088.179625726547,62.003718952381064,23785.708500553792,12354.724718897112,10213.821581809521,10199.233403620183,MILP,1.2505552149377763e-12,0
2025-04-26,1.0,1757.9912371132332,1528.5528376656105,26058.808989927096,0.0,10088.179625726547,0.0,10088.179625726547,62.003718952381064,23785.708500553792,12354.724718897112,10213.821581809521,10199.233403620183,MILP,1.383426706524915e-11,0
2025-04-27,0.0,1528.5528376656105,1485.078089274073,55806.05916888888,421.9215317190496,32769.71795103319,2768.016208842825,35537.73415987602,1395.4226033274592,2472.5914878600825,20134.85631389182,16348.360887804758,35566.44507391581,LP,9.094947017729282e-13,0
2025-04-27,0.25,1528.5528376656105,1485.078089274073,55806.05916888888,421.9215317190496,32719.344613623645,2768.016208842825,35487.36082246647,1171.7059366607914,2696.308154526749,20134.85631389182,16348.360887804758,35516.07173650627,LP,9.094947017729282e-13,0
2025-04-27,0.5,1528.5528376656105,1485.078089274073,55806.05916888888,421.9215317190496,32733.95893552133,2768.016208842825,35501.97514436415,1473.0636345714297,2394.9504566161063,20134.856313891825,16348.360887804758,35530.686058403946,LP,9.094947017729282e-13,0
2025-04-27,0.75,1528.5528376656105,1485.078089274073,55806.05916888888,409.53821862095543,32757.77174622399,2686.7754832627784,35444.547229486765,1456.8873385714296,2411.126752616107,20069.680981796588,16295.568868807615,35473.25814352656,LP,8.810729923425242e-13,0
2025-04-27,1.0,1528.5528376656105,1485.078089274073,55806.05916888888,411.3873713276216,32802.06536755188,2698.906849594862,35500.972217146744,1454.7076585714296,2413.306432616107,20079.413364463253,16303.452098767617,35529.68313118654,LP,8.810729923425242e-13,0
2025-04-28,0.0,1485.078089274073,1504.9808207925923,55359.6419113933,4712.870446783804,33268.75329225127,29875.89665359737,63144.64994584864,526.7388490487943,0.0,15294.177547868314,12370.371355406669,63130.928069799236,LP,8.810729923425242e-13,0
2025-04-28,0.25,1485.078089274073,1504.9808207925923,55359.6419113933,4426.512500226662,33317.2332656606,28044.780764337724,61362.014029998325,166.57554247619032,0.0,15682.626811107584,12685.015258630478,61348.29215394892,LP,8.810729923425242e-13,0
2025-04-28,0.5,1485.078089274073,1504.9808207925923,55359.6419113933,4437.198547806659,33334.158436671205,27829.98038465424,61164.13882132545,179.7681938095236,0.0,15669.434159774251,12674.329211050479,61150.41694527604,LP,8.810729923425242e-13,0
2025-04-28,0.75,1485.078089274073,1504.9808207925923,55359.6419113933,4397.76763888285,33338.37528243493,27837.44898992151,61175.82427235644,136.08681714285683,0.0,15691.805042631395,12692.449626164766,61162.10239630703,LP,9.094947017729282e-13,0
2025-04-28,1.0,1485.078089274073,1504.9808207925923,55359.6419113933,4391.780812338089,33353.4638060626,27812.1553590643,61165.6191651269,122.72807180952339,0.0,15730.604615202825,12723.877279947623,61151.89728907749,LP,9.094947017729282e-13,0
2025-04-29,0.0,1504.9808207925923,1708.2381589777765,57695.52719732746,91.64631719332829,33786.26278987742,606.5153271854466,34392.77811706287,2280.3068751122846,4399.810942798355,18373.212503035862,14699.370523092384,34259.16804912937,LP,9.094947017729282e-13,0
2025-04-29,0.25,1504.9808207925923,1708.2381589777765,57695.52719732746,91.64631719332829,33757.04152597411,606.5153271854466,34363.556853159556,2280.3068751122855,4399.810942798355,18373.212503035862,14699.370523092384,34229.94678522605,LP,9.094947017729282e-13,0
2025-04-29,0.5,1504.9808207925923,1708.2381589777765,57695.52719732746,91.64631719332829,33827.85631361436,606.5153271854466,34434.3716407998,1927.8197484209295,4751.71615,18376.27523719224,14701.85133775905,34300.76157286629,LP,9.094947017729282e-13,0
2025-04-29,0.75,1504.9808207925923,1708.2381589777765,57695.52719732746,85.46765795618717,33869.27642989282,565.6249603540467,34434.90139024687,1980.0574824761889,4699.478415944744,18343.75597804938,14675.510737853334,34301.291322313366,LP,8.952838470577262e-13,0
2025-04-29,1.0,1504.9808207925923,1708.2381589777765,57695.52719732746,87.07197811047126,33895.89087473322,576.2423511350988,34472.13322586831,1961.6986724761887,4717.837225944742,18352.199768335096,14682.350207984764,34338.523157934804,LP,8.952838470577262e-13,0
2025-05-11,0.0,2058.9472248761926,1815.5159320899497,64946.12284295003,41.18071666666674,40056.50257051447,272.24827716666715,40328.75084768114,3363.666718988833,2887.190427456799,18270.81838602821,15018.451056190475,40495.42916671923,LP,9.094947017729282e-13,0
2025-05-11,0.25,2058.9472248761926,1815.5159320899497,64946.12284295003,41.18071666666674,40073.68449655692,272.24827716666715,40345.93277372358,3391.3769031863712,2865.036566666666,18241.574578620806,14994.763572190475,40512.61109276167,LP,9.094947017729282e-13,0
2025-05-11,0.5,2058.9472248761926,1815.5159320899497,64946.12284295003,41.18071666666674,40088.97768754638,272.24827716666715,40361.22596471305,3392.5037431452197,2865.036566666666,18235.64384199529,14989.959675523807,40527.90428375114,LP,9.094947017729282e-13,0
2025-05-11,0.75,2058.9472248761926,1815.5159320899497,64946.12284295003,41.18071666666674,40088.97768754638,272.24827716666715,40361.22596471305,3392.5037431452197,2865.036566666666,18235.64384199529,14989.959675523807,40527.90428375114,LP,9.094947017729282e-13,0
2025-05-11,1.0,2058.9472248761926,1815.1459056666686,64981.88746176501,45.897216666666736,40095.90255245399,307.9674650916671,40403.870017545654,3358.6569314438575,2907.775673253387,18403.65356678776,15126.38057638666,40570.80169506336,LP,9.094947017729282e-13,0
2025-05-12,0.0,1815.5159320899497,2382.6122593058217,66385.31275247148,0.0,40917.571784566004,0.0,40917.571784566004,7071.465160972366,3692.3435666666664,16736.432089499114,13046.123297999999,40533.86909304368,LP,9.094947017729282e-13,0
2025-05-12,0.25,1815.5159320899497,2382.6122593058217,66385.31275247148,0.0,40900.80284174311,0.0,40900.80284174311,7077.9306776966505,3692.3435666666664,16702.403054108163,13018.559779333333,40517.10015022079,LP,9.094947017729282e-13,0
2025-05-12,0.5,1815.5159320899497,2382.6122593058217,66385.31275247148,0.0,40929.301117750656,0.0,40929.301117750656,7078.886111853027,3692.3435666666664,16697.37445328512,13014.486612666666,40545.59842622833,LP,9.094947017729282e-13,0
2025-05-12,0.75,1815.5159320899497,2382.6122593058217,66442.98415409758,0.0,40987.14223618566,0.0,40987.14223618566,7133.243483437974,3692.3435666666664,16714.816716659607,13028.614845999999,40603.439544663335,LP,9.094947017729282e-13,0
2025-05-12,1.0,1815.5159320899497,2449.719365808466,66442.98415409758,0.0,41040.71831369981,0.0,41040.71831369981,7066.441616771307,3692.3435666666664,16748.52972094532,12995.525983619047,40611.610324788664,LP,9.094947017729282e-13,0
2025-05-13,0.0,2382.6122593058217,2298.05103238307,64444.67871277131,0.0,39607.089111484514,0.0,39607.089111484514,4677.063118705475,3277.286066666667,18090.641394542024,14729.524633809522,39664.65850047506,LP,1.0231815394945443e-12,0
2025-05-13,0.25,2382.6122593058217,2298.05103238307,64444.67871277131,0.0,39598.639847199745,0.0,39598.639847199745,4679.210402532634,3277.286066666667,18079.339900714866,14720.370423809522,39656.20923619029,LP,1.0231815394945443e-12,0
2025-05-13,0.5,2382.6122593058217,2298.05103238307,64444.67871277131,0.0,39670.69617157664,0.0,39670.69617157664,4677.063118705472,3277.286066666667,18090.641394542028,14729.524633809522,39728.26556056718,LP,1.0231815394945443e-12,0
2025-05-13,0.75,2382.6122593058217,2298.05103238307,64444.6787127713,0.0,39688.195008858216,0.0,39688.195008858216,4677.063118705473,3277.286066666667,18090.641394542024,14729.524633809522,39745.76439784876,LP,1.0231815394945443e-12,0
2025-05-13,1.0,2382.6122593058217,2359.947292837038,64576.35398538859,0.0,39778.80420760942,0.0,39778.80420760942,4718.822801413285,3175.790235374492,18804.877114505576,15252.348932571427,39794.23454511258,LP,8.242295734817162e-13,0
2025-05-14,0.0,2298.05103238307,2253.3200023079357,64888.421814885354,0.0,39607.2769660751,0.0,39607.2769660751,5137.66986830923,3420.5856735249827,17664.60745676543,14348.58996704762,39637.371835368285,LP,8.242295734817162e-13,0
2025-05-14,0.25,2298.05103238307,2253.3200023079357,64888.421814885354,0.0,39609.85985644982,0.0,39609.85985644982,5137.66986830923,3420.585673524985,17664.60745676543,14348.58996704762,39639.954725743,LP,8.242295734817162e-13,0
2025-05-14,0.5,2298.05103238307,2253.3200023079357,64888.421814885354,0.0,39557.86493544234,0.0,39557.86493544234,5137.669868309232,3420.585673524985,17664.607456765425,14348.58996704762,39587.959804735525,LP,8.242295734817162e-13,0
2025-05-14,0.75,2298.05103238307,2253.3200023079357,64888.421814885354,0.0,39567.8533810694,0.0,39567.8533810694,5139.952082116402,3420.585673524985,17652.595805148732,14338.860529238094,39597.948250362584,LP,8.242295734817162e-13,0
2025-05-14,1.0,2298.05103238307,2258.9414039841254,64888.421814885354,0.0,39519.63514671571,0.0,39519.63514671571,5128.356928378602,3420.585673524985,17686.995237934152,14361.664808285714,39545.94795804141,LP,8.242295734817162e-13,0
2025-05-15,0.0,2253.3200023079357,2842.3397310338614,64832.838366363314,0.0,40099.375122775,0.0,40099.375122775,4948.901409602591,3093.948645854206,18393.74879852557,14368.81877095238,39700.31462470052,LP,9.094947017729282e-13,0
2025-05-15,0.25,2253.3200023079357,2842.3397310338614,64832.838366363314,0.0,39970.62677182724,0.0,39970.62677182724,4942.216629437983,3093.948645854206,18428.93185202351,14397.317044285715,39571.56627375276,LP,9.094947017729282e-13,0
2025-05-15,0.5,2253.3200023079357,2842.3397310338614,64832.838366363314,0.0,39928.579149513986,0.0,39928.579149513986,4946.158786968843,3093.948645854206,18408.183654492652,14380.511004285716,39529.5186514395,LP,9.094947017729282e-13,0
2025-05-15,0.75,2253.3200023079357,2842.3397310338614,64832.838366363314,0.0,39917.13817179568,0.0,39917.13817179568,4943.157608961788,3093.948645854206,18423.97932821399,14393.3055,39518.0776737212,LP,9.094947017729282e-13,0
2025-05-15,1.0,2253.3200023079357,2919.6437996095246,64832.83836636332,0.0,39886.59891764452,0.0,39886.59891764452,4845.941723342741,3093.948645854206,18569.46471716637,14441.575003333332,39435.16496142507,LP,1.0231815394945443e-12,0
2025-05-16,0.0,2842.3397310338614,2408.7452766275146,28000.620548480896,0.0,12271.797545375808,0.0,12271.797545375808,826.9788186666678,22792.89568541329,10818.286947543796,9153.047436476189,12484.626028338493,MILP,2.2737367544323206e-12,0
2025-05-16,0.25,2842.3397310338614,2408.7452766275146,28000.620548480896,0.0,12271.797545375808,0.0,12271.797545375808,826.9788186666678,22792.89568541329,10818.286947543796,9153.047436476189,12484.626028338493,MILP,1.8189894035458565e-12,0
2025-05-16,0.5,2842.3397310338614,2408.7452766275146,28074.36882140286,0.0,12255.39010724589,0.0,12255.39010724589,876.770697904763,22744.268172463257,11200.307508774838,9462.484091073331,12468.218590208575,MILP,1.8189894035458565e-12,0
2025-05-16,0.75,2842.3397310338614,2408.7452766275146,28074.36882140286,0.0,12255.39010724589,0.0,12255.39010724589,876.770697904763,22744.268172463257,11200.307508774838,9462.484091073331,12468.218590208575,MILP,1.8189894035458565e-12,0
2025-05-16,1.0,2842.3397310338614,2408.7452766275146,28074.36882140286,0.0,12255.400892447557,0.0,12255.400892447557,876.770697904763,22744.268172463257,11200.307508774838,9462.484091073333,12468.229375410241,MILP,7.958078640513122e-13,0
2025-05-17,0.0,2408.7452766275146,2243.606737221167,28049.922974184592,0.0,12266.197673362818,0.0,12266.197673362818,144.69810513580092,15385.590838524397,11681.366487667252,9610.531540476188,12351.421441875362,MILP,3.497007128316909e-10,0
2025-05-17,0.25,2408.7452766275146,2243.606737221167,28049.922974184592,0.0,12266.197673362818,0.0,12266.197673362818,144.69810513580092,15385.590838524397,11681.366487667252,9610.531540476188,12351.421441875362,MILP,3.416289473534562e-11,0
2025-05-17,0.5,2408.7452766275146,2243.606737221167,28083.917147511427,0.0,12258.433225258268,0.0,12258.433225258268,173.03062570722943,15358.018953654318,11856.27984359083,9752.211358774286,12343.656993770812,MILP,1.3642420526593924e-12,0
2025-05-17,0.75,2408.7452766275146,2243.606737221167,28083.917147511427,0.0,12258.433225258268,0.0,12258.433225258268,173.03062570722943,15358.018953654318,11856.27984359083,9752.211358774286,12343.656993770812,MILP,1.4665602066088468e-11,0
2025-05-17,1.0,2408.7452766275146,2243.606737221167,28083.917147511427,0.0,12258.433225258268,0.0,12258.433225258268,173.03062570722943,15358.018953654318,11856.27984359083,9752.211358774286,12343.656993770812,MILP,1.2505552149377763e-12,0
2025-05-18,0.0,2243.606737221167,2469.4261136359796,61624.689416158726,5.236666666666679,38131.674629723355,34.42846500000008,38166.10309472335,2346.8074763468558,1913.8742499999998,18367.572724764254,14674.496468285713,38013.53656013819,LP,8.952838470577262e-13,0
2025-05-18,0.25,2243.606737221167,2469.4261136359787,61734.15120987539,5.236666666666679,38120.80741287217,34.42846500000008,38155.235877872175,2360.552184560849,1913.8742499999998,18871.346858988825,15082.553517007615,38002.669343287016,LP,8.952838470577262e-13,0
2025-05-18,0.5,2243.606737221167,2469.4261136359787,61734.15120987539,5.236666666666679,38185.66446888658,34.42846500000008,38220.092933886575,2365.2705041328663,1913.8742499999998,18846.513598083475,15062.438575674281,38067.526399301416,LP,8.952838470577262e-13,0
2025-05-18,0.75,2243.606737221167,2469.4261136359787,61734.15120987539,5.236666666666679,38185.66446888658,34.42846500000008,38220.092933886575,2365.2705041328663,1913.8742499999998,18846.513598083475,15062.438575674281,38067.526399301416,LP,8.952838470577262e-13,0
2025-05-18,1.0,2243.606737221167,2557.894313549205,61751.59542900882,5.236666666666679,38240.69914311527,34.42846500000008,38275.12760811527,2263.8142630852462,1913.8742499999998,19053.245599447382,15150.270116857142,38062.79079652361,LP,8.952838470577262e-13,0
2025-05-19,0.0,2469.4261136359796,2241.1478633883603,61812.09820549911,67.00333333333344,37522.432544751646,467.5827616666674,37990.01530641831,5666.527703252207,5707.057757201646,16819.736597902407,13829.437069523809,38140.355652509825,LP,9.094947017729282e-13,0
2025-05-19,0.25,2469.4261136359796,2253.304948573546,61868.05007230797,77.94470999999987,37480.93239238267,542.0388298833325,38022.971222265995,5943.434715589652,5433.477220050561,17096.712343283943,14042.846046616187,38165.30510960718,LP,9.094947017729282e-13,0
2025-05-19,0.5,2469.4261136359796,2253.304948573546,61868.05007230797,77.94470999999987,37523.73463529177,542.0388298833325,38065.773465175094,5943.43471558965,5433.477220050561,17096.712343283947,14042.846046616187,38208.10735251628,LP,9.094947017729282e-13,0
2025-05-19,0.75,2469.4261136359796,2253.304948573546,61868.05007230797,77.94470999999987,37523.73463529177,542.0388298833325,38065.773465175094,5943.43471558965,5433.477220050561,17096.712343283947,14042.846046616187,38208.10735251628,LP,9.094947017729282e-13,0
2025-05-19,1.0,2469.4261136359796,2377.5468746581987,61940.20689967313,77.94470999999987,37589.00607569293,542.0388298833325,38131.044905576266,5848.926465481484,5408.16021111111,17518.629990318634,14272.781607238096,38191.555079329395,LP,9.094947017729282e-13,0
2025-05-20,0.0,2241.1478633883603,2026.6472378243407,60371.4970994368,0.0,37096.52136044488,0.0,37096.52136044488,1904.7336506843058,828.091691563787,17391.197386998232,14279.920446476188,37242.57993078128,LP,1.0231815394945443e-12,0
2025-05-20,0.25,2241.1478633883603,2026.6472378243416,60500.12051777425,0.0,36975.388501077374,0.0,36975.388501077374,1906.3860994497365,828.091691563787,18059.465647903584,14821.217737809522,37121.44707141377,LP,1.0231815394945443e-12,0
2025-05-20,0.5,2241.1478633883603,2026.6472378243416,60500.12051777425,0.0,36971.6136416299,0.0,36971.6136416299,1906.3860994497365,828.091691563787,18059.465647903584,14821.217737809522,37117.672211966295,LP,1.0231815394945443e-12,0
2025-05-20,0.75,2241.1478633883603,2026.6472378243416,60500.12051777425,0.0,36970.66180023457,0.0,36970.66180023457,1705.0402363515593,1026.816591563787,18073.26019052557,14832.391317333331,37116.72037057097,LP,1.0231815394945443e-12,0
2025-05-20,1.0,2241.1478633883603,2053.214977364024,60500.120517774245,0.0,37128.3677035061,0.0,37128.3677035061,1664.665427589655,1026.816591563787,18159.911996716044,14878.668314761904,37256.33566900611,LP,9.094947017729282e-13,0
2025-05-21,0.0,2026.6472378243407,2117.756050793653,61254.39574579776,0.0,37767.81660344067,0.0,37767.81660344067,2547.8403264397352,4054.469316666667,16881.436250977073,13591.965431619046,37706.66055299412,LP,8.881784197001252e-13,0
2025-05-21,0.25,2026.6472378243407,2117.756050793651,61325.04069196658,0.0,37775.65430864339,0.0,37775.65430864339,2553.567803098173,4054.469316666667,17223.10714313698,13868.718854268569,37714.49825819684,LP,8.881784197001252e-13,0
2025-05-21,0.5,2026.6472378243407,2117.756050793651,61383.456761345085,0.0,37752.85546437548,0.0,37752.85546437548,2553.567803098173,4054.469316666667,17530.56013986596,14117.755781619047,37691.69941392894,LP,8.881784197001252e-13,0
2025-05-21,0.75,2026.6472378243407,2117.756050793651,61383.456761345085,0.0,37832.64318358651,0.0,37832.64318358651,2555.241981385063,4054.469316666667,17521.74867519812,14110.618495238095,37771.48713313996,LP,9.094947017729282e-13,0
2025-05-21,1.0,2026.6472378243407,2133.602055904758,61383.456761345085,0.0,37812.46913137608,0.0,37812.46913137608,2440.2766923350964,4140.616654886539,17598.362076409165,14158.413945619046,37740.676578747494,LP,8.881784197001252e-13,0
2025-05-22,0.0,2117.756050793653,2906.5319915396867,60753.10601497595,0.0,37475.06037734168,0.0,37475.06037734168,2705.6001321834183,3119.8948532686663,17900.430874661964,13789.450661804762,36945.33916090509,LP,7.958078640513122e-13,0
2025-05-22,0.25,2117.756050793653,2906.5319915396876,60824.222965204,0.0,37503.256617831445,0.0,37503.256617831445,2704.28313256202,3119.8948532686663,18281.662189659022,14098.248026952378,36973.53540139485,LP,7.958078640513122e-13,0
2025-05-22,0.5,2117.756050793653,2906.5319915396876,60824.222965204,0.0,37513.96666235067,0.0,37513.96666235067,2704.28313256202,3119.8948532686663,18281.662189659026,14098.248026952378,36984.24544591408,LP,7.958078640513122e-13,0
2025-05-22,0.75,2117.756050793653,2906.5319915396876,60824.222965204,0.0,37502.08435786258,0.0,37502.08435786258,2654.3255691640215,3169.8524166666666,18281.662189659022,14098.248026952378,36972.36314142599,LP,9.094947017729282e-13,0
2025-05-22,1.0,2117.756050793653,3002.3592523619072,60824.222965204,0.0,37627.96833078409,0.0,37627.96833078409,2551.8278236813685,3169.8524166666666,18367.205404094057,14081.29349590476,37033.89204144489,LP,7.958078640513122e-13,0
2025-05-23,0.0,2906.5319915396867,2756.1296695121723,26709.055699328568,0.0,11711.478533374502,0.0,11711.478533374502,348.92391257613076,17881.08689254909,11544.516319446204,9486.420308576193,11786.871739353199,MILP,4.888534022029489e-12,0
2025-05-23,0.25,2906.5319915396867,2756.1296695121723,26709.055699328568,0.0,11687.249071813432,0.0,11687.249071813432,348.92391257613076,17877.45372465726,11563.638255718986,9501.909076957145,11762.642277792129,MILP,4.888534022029489e-12,0
2025-05-23,0.5,2906.5319915396867,2756.1296695121723,26867.3890326619,0.0,11642.888395470343,0.0,11642.888395470343,348.92391257613076,17879.644511603765,12385.441131439151,10167.569406290479,11718.28160144904,MILP,4.888534022029489e-12,0
2025-05-23,0.75,2906.5319915396867,2756.1296695121723,26867.389032661897,0.0,11642.888395470341,0.0,11642.888395470341,348.92391257613076,17879.644511603758,12385.441131439156,10167.56940629048,11718.281601449038,MILP,3.410605131648481e-12,0
2025-05-23,1.0,2906.5319915396867,2756.1296695121723,26867.3890326619,0.0,11661.815611353531,0.0,11661.815611353531,348.92391257613076,17876.292498272785,12403.083306865368,10181.859568385717,11737.208817332228,MILP,1.3642420526593924e-12,0
2025-05-24,0.0,2756.1296695121723,2734.286806003177,27054.8224005819,0.0,12133.973860560036,0.0,12133.973860560036,701.4543888571417,20481.972999522633,11245.01161066784,9128.117981799049,12144.849081006423,MILP,9.43600753089413e-12,0
2025-05-24,0.25,2756.1296695121723,2734.286806003177,27137.801178058784,0.0,12104.748282245117,0.0,12104.748282245117,701.4543888571417,20476.19012742034,11712.178187400345,9506.522908952378,12115.623502691504,MILP,7.275957614183426e-12,0
2025-05-24,0.5,2756.1296695121723,2734.286806003175,27213.15573391523,0.0,12080.71454155909,0.0,12080.71454155909,737.9565676190465,20439.687948658437,12108.781112960609,9827.771278656193,12091.589762005477,MILP,3.26281224261038e-11,0
2025-05-24,0.75,2756.1296695121723,2734.286806003175,27213.15573391523,0.0,12080.71454155909,0.0,12080.71454155909,737.9565676190465,20439.687948658437,12108.781112960609,9827.771278656193,12091.589762005477,MILP,1.4438228390645236e-11,0
2025-05-24,1.0,2756.1296695121723,2734.286806003175,27213.15573391523,0.0,12083.027529820956,0.0,12083.027529820956,737.9565676190465,20439.687948658437,12108.781112960609,9827.771278656193,12093.902750267343,MILP,5.343281372915953e-12,0
2025-05-25,0.0,2734.286806003177,2339.004966534392,58505.44868740739,0.0,36495.67030448238,0.0,36495.67030448238,3372.331341586114,3807.952536625514,16504.780428338625,13724.625802476188,36758.202914444315,LP,8.242295734817162e-13,0
2025-05-25,0.25,2734.286806003177,2339.004966534392,58505.4486874074,0.0,36474.38422536138,0.0,36474.38422536138,3372.3313415861194,3807.952536625514,16504.78042833862,13724.625802476188,36736.91683532331,LP,9.094947017729282e-13,0
2025-05-25,0.5,2734.286806003177,2339.0049665343913,58505.44868740739,0.0,36499.86074409921,0.0,36499.86074409921,3366.5109353756616,3813.7729428359717,16504.780428338618,13724.62580247619,36762.39335406115,LP,9.094947017729282e-13,0
2025-05-25,0.75,2734.286806003177,2339.0049665343913,58505.44868740739,0.0,36494.80778055055,0.0,36494.80778055055,3388.9359948783026,3791.3478833333324,16504.780428338618,13724.62580247619,36757.34039051249,LP,9.094947017729282e-13,0
2025-05-25,1.0,2734.286806003177,2414.5401711788377,58382.096470144614,0.0,36505.749168019094,0.0,36505.749168019094,3301.7928926878235,3791.3478833333324,15956.407800694884,13212.46228990476,36718.11389157885,LP,9.094947017729282e-13,0
2025-05-26,0.0,2339.004966534392,1846.0315244296291,58027.4149749124,298.83664725047765,35766.42713348217,1970.3794336460244,37736.806567128195,824.6715428971188,0.0,17712.753827158136,14791.006697892379,38070.66050645759,LP,8.242295734817162e-13,0
2025-05-26,0.25,2339.004966534392,1876.644845805292,58027.4149749124,0.0,35814.40121577496,0.0,35814.40121577496,421.72260896060845,0.0,18115.702761094646,15089.843345142857,36127.523048535724,LP,8.242295734817162e-13,0
2025-05-26,0.5,2339.004966534392,1975.5594703428549,58027.4149749124,0.0,35833.252009579206,0.0,35833.252009579206,304.7778321904767,0.0,18262.658627864777,15119.854435142857,36079.38638573752,LP,8.242295734817162e-13,0
2025-05-26,0.75,2339.004966534392,1989.190458742855,58027.4149749124,0.0,35926.82505060147,0.0,35926.82505060147,289.63228952380996,0.0,18277.804170531446,15119.854435142857,36163.72818064059,LP,8.242295734817162e-13,0
2025-05-26,1.0,2339.004966534392,2153.647860564022,58027.4149749124,139.08744768095264,35947.88077678976,719.0811134152918,36666.96189020506,265.46836419047645,0.0,18358.013177769542,15036.812069366666,36792.49035629584,LP,9.094947017729282e-13,0
2025-05-27,0.0,1846.0315244296291,2040.4631454126998,59722.50914766961,0.0,36287.669941977154,0.0,36287.669941977154,3711.03157891123,3077.549702631399,17729.32688022222,14185.766314095237,36157.667248759004,LP,9.094947017729282e-13,0
2025-05-27,0.25,1846.0315244296291,2040.4631454126998,59722.50914766961,0.0,36319.57030000467,0.0,36319.57030000467,3712.070207108762,3077.549702631399,17723.860416024687,14181.338478095238,36189.56760678652,LP,9.094947017729282e-13,0
2025-05-27,0.5,1846.0315244296291,2040.4631454126998,59722.50914766961,0.0,36336.52458621869,0.0,36336.52458621869,3666.0722677307463,3123.5476420094155,17723.86041602469,14181.338478095238,36206.52189300054,LP,9.094947017729282e-13,0
2025-05-27,0.75,1846.0315244296291,2040.4631454126998,59722.50914766961,0.0,36405.29123987441,0.0,36405.29123987441,3866.360482016461,2923.2594277236976,17723.86041602469,14181.338478095238,36275.28854665626,LP,9.094947017729282e-13,0
2025-05-27,1.0,1846.0315244296291,2130.946657735451,59722.5091476696,0.0,36457.73558911413,0.0,36457.73558911413,3925.6372225020623,2767.8886833333327,17801.012220310404,14162.39627847619,36267.23296160381,LP,9.094947017729282e-13,0
2025-05-28,0.0,2040.4631454126998,2255.113262098415,59120.05243074073,0.0,36515.886803552254,0.0,36515.886803552254,2138.6325982974736,931.4091806372717,18857.902351520275,15081.715799714286,36370.75313950005,LP,1.0231815394945443e-12,0
2025-05-28,0.25,2040.4631454126998,2255.113262098415,59120.05243074073,0.0,36512.25253232234,0.0,36512.25253232234,2137.231439778957,931.4091806372717,18865.276870038793,15087.689159714286,36367.11886827013,LP,1.0231815394945443e-12,0
2025-05-28,0.5,2040.4631454126998,2255.113262098414,59120.05243074073,0.0,36534.720523684904,0.0,36534.720523684904,1752.6006051593151,1315.5994654626681,18867.595553166368,15089.56729304762,36389.586859632705,LP,9.094947017729282e-13,0
2025-05-28,0.75,2040.4631454126998,2255.113262098414,59120.05243074073,0.0,36647.39602585992,0.0,36647.39602585992,1752.6006051593151,1308.5276051005271,18904.815870861843,15119.715750380952,36502.26236180772,LP,8.242295734817162e-13,0
2025-05-28,1.0,2040.4631454126998,2280.890806486775,59120.05243074073,0.0,36775.46734376051,0.0,36775.46734376051,1693.6211605878866,1336.8910044338597,18943.84879343327,15128.132627714285,36612.9044347346,LP,8.242295734817162e-13,0
2025-05-29,0.0,2255.113262098415,2541.8446487153456,59642.24333300922,17.817433333333497,36923.051356030264,119.80442173333444,37042.855777763594,1523.4297380164646,50.759580557323744,19566.787893755427,15591.039945986662,36846.857312713495,LP,8.526512829121202e-13,0
2025-05-29,0.25,2255.113262098415,2541.8446487153456,59656.887053022925,17.817433333333497,36906.56321845544,119.80442173333444,37026.36764018877,1522.3411477272207,50.759580557323744,19649.58952692886,15658.10926885714,36830.36917513867,LP,8.526512829121202e-13,0
2025-05-29,0.5,2255.113262098415,2541.844648715346,59656.887053022925,17.817433333333497,36909.01113443733,119.80442173333444,37028.81555617066,1522.3411477272207,50.759580557323744,19649.58952692886,15658.109268857139,36832.81709112056,LP,8.526512829121202e-13,0
2025-05-29,0.75,2255.113262098415,2541.844648715346,59656.887053022925,17.817433333333497,37033.22150155066,119.80442173333444,37153.02592328399,1270.334851342742,302.7658769418004,19649.58952692886,15658.109268857139,36957.02745823389,LP,8.526512829121202e-13,0
2025-05-29,1.0,2255.113262098415,2595.711729138624,59656.887053022925,238.255994720954,37225.291084754535,1220.2601163883662,38445.5512011429,1215.1863563503857,582.77659561905,19371.147239148726,15384.090643374282,38212.73128726481,LP,8.526512829121202e-13,0
2025-05-30,0.0,2541.8446487153456,2557.6881878835993,27072.284334398584,0.0,11882.444203889278,0.0,11882.444203889278,0.0,18202.020251555554,11893.534899604938,9619.504083428572,11874.444899985347,MILP,1.7053025658242404e-12,0
2025-05-30,0.25,2541.8446487153456,2557.6881878835957,27169.818085203806,0.0,11860.759371072092,0.0,11860.759371072092,22.721419904761888,18182.141375630807,12391.909672369195,10023.18764936762,11852.760067168163,MILP,3.637978807091713e-12,0
2025-05-30,0.5,2541.8446487153456,2557.6881878835957,27169.818085203806,0.0,11860.759371072092,0.0,11860.759371072092,22.721419904761888,18182.141375630807,12391.909672369195,10023.18764936762,11852.760067168163,MILP,2.0236257114447654e-12,0
2025-05-30,0.75,2541.8446487153456,2557.6881878835957,27169.818085203806,0.0,11860.759371072092,0.0,11860.759371072092,22.721419904761888,18182.141375630807,12391.909672369195,10023.18764936762,11852.760067168163,MILP,4.583711188388406e-11,0
2025-05-30,1.0,2541.8446487153456,2557.6881878835957,27169.818085203806,0.0,11860.759371072092,0.0,11860.759371072092,22.721419904761888,18182.141375630807,12391.909672369195,10023.18764936762,11852.760067168163,MILP,7.676703717152122e-11,0
2025-05-31,0.0,2557.6881878835993,2732.727620802115,27441.790291825986,0.0,11792.105369704377,0.0,11792.105369704377,599.240590666668,15999.674303943564,12085.04398731099,9631.350140095237,11702.884379356798,MILP,2.3874235921539366e-12,0
2025-05-31,0.25,2557.6881878835993,2732.7276208021185,27528.240169571432,0.0,11753.692049027226,0.0,11753.692049027226,643.8563243809537,15955.05857022928,12540.043343865958,9999.89961890476,11664.471058679645,MILP,7.958078640513122e-13,0
2025-05-31,0.5,2557.6881878835993,2732.7276208021185,27528.240169571432,0.0,11753.692049027226,0.0,11753.692049027226,643.8563243809537,15955.05857022928,12540.043343865958,9999.89961890476,11664.471058679645,MILP,7.958078640513122e-13,0
2025-05-31,0.75,2557.6881878835993,2732.7276208021185,27528.240169571432,0.0,11753.692049027226,0.0,11753.692049027226,643.8563243809537,15955.05857022928,12540.043343865958,9999.89961890476,11664.471058679645,MILP,7.958078640513122e-13,0
2025-05-31,1.0,2557.6881878835993,2732.7276208021185,27528.240169571432,0.0,11753.692049027226,0.0,11753.692049027226,643.8563243809537,15955.05857022928,12540.043343865958,9999.89961890476,11664.471058679645,MILP,7.958078640513122e-13,0
2025-06-01,0.0,2732.727620802115,1200.0,61239.803832445614,11056.350949082002,41137.01095305425,69904.39499368148,111041.40594673571,0.0,0.0,12898.859685523808,11827.531203996186,112171.42854426733,LP,8.952838470577262e-13,0
2025-06-01,0.25,2732.727620802115,1200.0,61239.803832445614,11092.376781165807,41115.65944834497,70091.188933036,111206.84838138097,24.380772761904723,0.0,12960.14947142857,11877.175930579047,112336.87097891259,LP,8.952838470577262e-13,0
2025-06-01,0.5,2732.727620802115,1200.0,61343.109594345486,11094.153249245806,41231.363404853175,69500.1629434691,110731.52634832228,24.380772761904723,0.0,13513.213839743681,12325.158068914287,111861.5489458539,LP,8.952838470577262e-13,0
2025-06-01,0.75,2732.727620802115,1200.0,61362.953387867135,11089.653691159141,41229.61024243473,69021.7003363813,110251.31057881602,24.380772761904723,0.0,13593.972973611993,12390.572967347618,111381.33317634763,LP,9.094947017729282e-13,0
2025-06-01,1.0,2732.727620802115,1200.0,61362.95338786713,11101.720688453428,41321.92761388489,68689.58468294812,110011.512296833,39.27830028571418,0.0,13579.07544608818,12378.505970053331,111141.53489436461,LP,8.952838470577262e-13,0
2025-06-02,0.0,1200.0,1200.0,66274.11088309818,7331.346668594769,43451.95707433961,45064.31442695459,88516.27150129419,1243.7923340881905,0.0,19583.4619347619,15862.604167157138,88516.27150129419,LP,8.952838470577262e-13,0
2025-06-02,0.25,1200.0,1200.0,66274.11088309818,7355.687513002385,43363.40707433961,45194.79352340162,88558.20059774122,1252.0036349453335,0.0,19668.354269238094,15931.366958082855,88558.20059774122,LP,8.952838470577262e-13,0
2025-06-02,0.5,1200.0,1200.0,66274.11088309818,7367.002117140482,43337.10707433961,45255.445458883885,88592.5525332235,1252.0036349453335,0.0,19727.904817333332,15979.602902039995,88592.5525332235,LP,8.952838470577262e-13,0
2025-06-02,0.75,1200.0,1200.0,66274.11088309818,7382.182540365713,43325.77017808449,45350.17638650693,88675.94656459142,1252.0036349453335,0.0,19807.80178167666,16044.319443158094,88675.94656459142,LP,8.952838470577262e-13,0
2025-06-02,1.0,1200.0,1200.0,66274.11088309818,7382.182540365713,43325.77017808449,45350.17638650693,88675.94656459142,1252.0036349453335,0.0,19807.80178167666,16044.319443158094,88675.94656459142,LP,8.952838470577262e-13,0
2025-06-03,0.0,1200.0,1200.0,69022.44214691005,3619.105979463814,45635.554731767355,20829.810499280786,66465.36523104814,458.5425496190484,0.0,21003.36180748148,17012.723064059992,66465.36523104814,LP,9.094947017729282e-13,0
2025-06-03,0.25,1200.0,1200.0,69022.44214691005,3631.3890257114303,45566.43806510069,20894.38861492763,66460.82668002832,464.8517291428582,0.0,21034.803211291004,17038.19060114571,66460.82668002832,LP,9.094947017729282e-13,0
2025-06-03,0.5,1200.0,1200.0,69022.44214691005,3640.515277344764,45549.62971504778,20942.36988288988,66491.99959793767,464.8517291428582,0.0,21082.836114624337,17077.09725284571,66491.99959793767,LP,9.094947017729282e-13,0
2025-06-03,0.75,1200.0,1200.0,69022.44214691005,3634.805353319051,45524.79638171445,20912.349957324695,66437.14633903914,464.8517291428582,0.0,21052.78388291005,17052.754945157136,66437.14633903914,LP,9.094947017729282e-13,0
2025-06-03,1.0,1200.0,1200.0,69022.44214691005,3685.982006979052,45495.37971504778,21181.411213942152,66676.79092898993,518.9677118095249,0.0,21037.313730243386,17040.224121497136,66676.79092898993,LP,9.094947017729282e-13,0
2025-06-04,0.0,1200.0,1217.855453762963,72767.2389274536,1500.4388450390395,48829.994577978505,8462.223679318837,57292.21825729735,643.8970894097629,0.0,20854.999779102876,16876.479912686667,57279.14283126297,LP,9.094947017729282e-13,0
2025-06-04,0.25,1200.0,1217.855453762963,72767.2389274536,1500.4388450390395,48746.22791131184,8462.223679318837,57208.45159063068,629.8167005890651,0.0,20929.10708868548,16936.506833448573,57195.3761645963,LP,9.094947017729282e-13,0
2025-06-04,0.5,1200.0,1217.855453762963,72767.2389274536,1500.4388450390395,48686.54457797851,8462.223679318837,57148.76825729734,601.9974423962366,0.0,21075.524237068785,17055.104723639048,57135.69283126297,LP,9.094947017729282e-13,0
2025-06-04,0.75,1200.0,1217.855453762963,72767.2389274536,1500.4388450390395,48701.342546323925,8462.223679318837,57163.56622564277,601.9974423962366,0.0,21075.524237068785,17055.104723639048,57150.49079960839,LP,9.094947017729282e-13,0
2025-06-04,1.0,1200.0,1217.855453762963,72767.2389274536,1500.4388450390402,48692.717239389545,8462.223679318842,57154.94091870839,597.197685696648,0.0,21100.78611443504,17075.566844305715,57141.86549267401,LP,9.094947017729282e-13,0
2025-06-05,0.0,1217.855453762963,1200.0,76010.36637288718,457.6937826180947,51933.34381706696,2595.63909836615,54528.98291543311,738.8484536390389,291.6713000000002,22654.169966243386,18365.94758104381,54542.19349609281,LP,8.526512829121202e-13,0
2025-06-05,0.25,1217.855453762963,1200.0,76010.36637288718,457.6937826180947,51846.5296327557,2595.63909836615,54442.168731121856,741.3324703891893,291.6713000000002,22641.096193874186,18355.357825424762,54455.37931178156,LP,8.526512829121202e-13,0
2025-06-05,0.5,1217.855453762963,1200.0,76028.37796440393,362.89593252991324,51826.7768429079,1939.7327736060224,53766.50961651392,654.0522589982404,291.6713000000002,22696.32752450323,18400.095203234283,53779.72019717362,LP,8.526512829121202e-13,0
2025-06-05,0.75,1217.855453762963,1200.0,76051.52297198889,350.98016023238074,51856.227898892175,1859.235848575824,53715.463747468,675.6253273333383,291.6713000000002,22641.886297936504,18355.997809715238,53728.6743281277,LP,8.526512829121202e-13,0
2025-06-05,1.0,1217.855453762963,1200.0,76051.52297198889,350.98016023238074,51867.607425409,1859.235848575824,53726.84327398483,667.5644524538579,291.6713000000002,22684.31195519694,18390.36259209619,53740.05385464453,LP,8.526512829121202e-13,0
2025-06-06,0.0,1200.0,1368.544262379894,34507.44808804586,1509.2774385914304,17445.116996005538,9395.921835682713,26841.03883168825,0.0,2387.0609254250476,13805.154553001761,11030.485351789519,26742.54925458541,MILP,2.021099337273174e-12,0
2025-06-06,0.25,1200.0,1368.544262379894,34507.44808804586,1509.2774385914313,17367.16822553595,9395.921835682719,26763.090061218667,0.0,2378.342121516759,13851.042994624337,11067.654989503804,26664.60048411583,MILP,2.5295321393059567e-12,0
2025-06-06,0.5,1200.0,1368.544262379894,34507.44808804586,1614.478941029525,17297.01092273129,9605.254903248859,26902.26582598015,28.961949047618987,2478.1275039811862,13727.117578445623,10967.275402399044,26803.77624887731,MILP,9.379164112033322e-13,0
2025-06-06,0.75,1200.0,1368.544262379894,34507.44808804586,1722.0727388047642,17284.913012782792,9840.983192020118,27125.89620480291,28.961949047618987,2606.828673646093,13616.026147447383,10877.29134329047,27027.40662770007,MILP,2.1032064978498966e-12,0
2025-06-06,1.0,1200.0,1368.544262379894,34482.99486580952,1722.0727388047642,17285.775439320714,9840.983192020118,27126.758631340832,28.961949047618987,2606.828673646093,13487.324977782479,10773.043395861898,27028.269054237993,MILP,3.865352482534945e-12,0
2025-06-07,0.0,1368.544262379894,1781.3549957153423,35933.688414945325,0.0,18316.64290471231,0.0,18316.64290471231,452.65203906055365,1346.4360438330373,13876.618449385069,10868.531283999999,18075.041552927112,MILP,2.7569058147491887e-12,0
2025-06-07,0.25,1368.544262379894,1769.7324917798937,35933.688414945325,0.0,18262.187406599012,0.0,18262.187406599012,463.64001261963597,1338.6568574520834,13914.784061825987,10909.905683619048,18027.388234203012,MILP,2.7853275241795927e-12,0
2025-06-07,0.5,1368.544262379894,1769.7324917798937,35933.688414945325,0.0,18218.486074599834,0.0,18218.486074599834,483.3378894767785,1313.763196183419,13942.130295570842,10932.05613295238,17983.686902203834,MILP,2.7284841053187847e-12,0
2025-06-07,0.75,1368.544262379894,1769.7324917798937,35933.688414945325,0.0,18218.486074599834,0.0,18218.486074599834,483.33788947677874,1313.763196183419,13942.130295570842,10932.05613295238,17983.686902203834,MILP,3.069544618483633e-12,0
2025-06-07,1.0,1368.544262379894,1769.7324917798937,35908.71707690571,0.0,18214.38157519469,0.0,18214.38157519469,483.33788947677874,1313.763196183419,13810.702200625516,10825.599376046666,17979.58240279869,MILP,7.382539024547441e-12,0
2025-06-08,0.0,1781.3549957153423,2091.7393678433887,87212.15475059376,19.011776857142877,59417.901733807645,131.58670150204773,59549.48843530969,17048.347067354498,1625.3386999999998,16280.060834286889,12907.503340857142,59326.82761029573,LP,9.094947017729282e-13,0
2025-06-08,0.25,1781.3549957153423,2091.7393678433887,87212.15475059376,19.011776857142877,59373.80949022578,131.58670150204773,59505.39619172783,17075.689222366844,1625.3386999999998,16136.154755274543,12790.939416857142,59282.73536671387,LP,9.094947017729282e-13,0
2025-06-08,0.5,1781.3549957153423,2091.7393678433887,87212.15475059376,19.011776857142877,59483.74378681913,131.58670150204773,59615.330488321175,17077.365602553797,1625.3386999999998,16127.33170165902,12783.79274342857,59392.66966330721,LP,9.094947017729282e-13,0
2025-06-08,0.75,1781.3549957153423,2091.7393678433878,87309.43287990359,19.011776857142877,59429.65374787126,131.58670150204773,59561.24044937331,17213.873948420933,1625.3386999999998,15920.856877673132,12616.548135999996,59338.57962435935,LP,9.094947017729282e-13,0
2025-06-08,1.0,1781.3549957153423,2171.0779953894194,87309.43287990359,19.011776857142877,59334.63628437321,131.58670150204773,59466.22298587526,17139.885046746625,1625.3386999999998,15934.457598109344,12556.1599547619,59186.64691044532,LP,9.094947017729282e-13,0
2025-06-09,0.0,2091.7393678433887,2138.257540046561,85600.55768052791,26.182083523809524,59853.91208420841,184.1079778854762,60038.020062093885,9990.273379124048,964.5978262504459,19459.41826505819,15720.262439714284,60003.72078910946,LP,7.958078640513122e-13,0
2025-06-09,0.25,2091.7393678433887,2138.257540046561,85600.55768052791,26.182083523809524,59740.56905442071,184.1079778854762,59924.67703230619,9990.27337912405,964.5978262504459,19459.418265058186,15720.262439714284,59890.37775932176,LP,7.958078640513122e-13,0
2025-06-09,0.5,2091.7393678433887,2138.257540046561,85600.55768052791,26.182083523809524,59569.967163839974,184.1079778854762,59754.07514172544,9988.883467980018,964.5978262504459,19466.733586868886,15726.187850380951,59719.77586874102,LP,7.958078640513122e-13,0
2025-06-09,0.75,2091.7393678433887,2138.257540046561,85583.91329179305,26.182083523809524,59617.858206270255,184.1079778854762,59801.96618415573,10082.132219393303,964.5978262504459,18888.34863872074,15257.69604238095,59767.666911171305,LP,6.821210263296962e-13,0
2025-06-09,1.0,2091.7393678433887,2138.257540046561,85578.1689975097,26.182083523809524,59637.081848888265,184.1079778854762,59821.18982677374,10085.108831059384,964.5978262504459,18842.44913372368,15220.517443333332,59786.890553789315,LP,9.094947017729282e-13,0
2025-06-10,0.0,2138.257540046561,2282.374572296298,86109.13882866432,0.0,59749.35941490385,0.0,59749.35941490385,10115.54059810465,458.2999333333329,19932.36176246443,16015.507698571428,59643.41376025465,LP,9.094947017729282e-13,0
2025-06-10,0.25,2138.257540046561,2282.374572296298,86109.13882866432,0.0,59671.94438702061,0.0,59671.94438702061,10116.091027322756,458.2999333333329,19929.46476657966,16013.16113190476,59565.99873237141,LP,9.094947017729282e-13,0
2025-06-10,0.5,2138.257540046561,2282.374572296297,86109.13882866432,0.0,59656.48395009073,0.0,59656.48395009073,10113.75741792358,458.2999333333329,19941.746921312166,16023.109677238093,59550.53829544153,LP,9.094947017729282e-13,0
2025-06-10,0.75,2138.257540046561,2282.374572296297,86045.20495820929,0.0,59658.66382163988,0.0,59658.66382163988,10109.23767457849,458.2999333333329,19629.04098915461,15769.817872190475,59552.71816699068,LP,9.094947017729282e-13,0
2025-06-10,1.0,2138.257540046561,2282.374572296297,86198.97575727101,0.0,59723.584763108476,0.0,59723.584763108476,10252.144226726634,458.2999333333329,19686.22123606819,15816.133872190474,59617.639108459276,LP,9.094947017729282e-13,0
2025-06-11,0.0,2282.374572296298,2422.400642355555,86739.14585020929,2.011921428571327,60517.83627938927,13.950663185713582,60531.78694257498,6125.3137054615,0.0,23186.180455033504,18654.78270552381,60426.973665934995,LP,8.526512829121202e-13,0
2025-06-11,0.25,2282.374572296298,2422.400642355555,86739.14585020929,2.011921428571327,60467.31454463176,13.950663185713582,60481.265207817465,6118.451930054094,0.0,23222.29506244091,18684.035537523807,60376.45193117748,LP,8.526512829121202e-13,0
2025-06-11,0.5,2282.374572296298,2422.400642355555,86739.14585020929,2.011921428571327,60332.96351427707,13.950663185713582,60346.914177462786,6118.451930054093,0.0,23222.29506244091,18684.035537523807,60242.1009008228,LP,8.526512829121202e-13,0
2025-06-11,0.75,2282.374572296298,2422.400642355556,86653.87763997765,2.011921428571327,60103.3826811779,13.950663185713582,60117.333344363615,6096.181735213409,0.0,22890.7265603833,18415.46505085714,60012.52006772363,LP,8.526512829121202e-13,0
2025-06-11,1.0,2282.374572296298,2422.400642355556,86705.77607239976,2.011921428571327,60127.55665910553,13.950663185713582,60141.50732229125,6121.284084507943,0.0,23031.758576844204,18529.700984190473,60036.69404565126,LP,8.526512829121202e-13,0
2025-06-12,0.0,2422.400642355555,2566.0141590010576,87550.81384353674,0.0,61331.46358869936,0.0,61331.46358869936,10744.046098071723,448.5068666666666,19876.933055179306,15971.063609714285,61225.22046328776,LP,9.094947017729282e-13,0
2025-06-12,0.25,2422.400642355555,2566.0141590010576,87550.81384353674,0.0,61229.539412249236,0.0,61229.539412249236,10752.689787753086,448.5068666666666,19831.43995159318,15934.214195809522,61123.29628683764,LP,9.094947017729282e-13,0
2025-06-12,0.5,2422.400642355555,2566.014159001058,87550.81384353674,0.0,61114.96247206411,0.0,61114.96247206411,10752.68978775309,448.5068666666666,19831.439951593176,15934.214195809522,61008.71934665251,LP,9.094947017729282e-13,0
2025-06-12,0.75,2422.400642355555,2566.014159001057,87405.72464227278,0.0,61064.03223336722,0.0,61064.03223336722,10741.502776256324,448.5068666666666,19126.691584397413,15363.368018380952,60957.78910795563,LP,8.526512829121202e-13,0
2025-06-12,1.0,2422.400642355555,2566.014159001057,87405.72464227278,0.0,61047.29657165055,0.0,61047.29657165055,10741.502776256322,448.5068666666666,19126.691584397413,15363.368018380952,60941.053446238955,LP,8.526512829121202e-13,0
2025-06-13,0.0,2566.0141590010576,2734.6829980497337,39993.47707032922,0.0,20261.94030099058,0.0,20261.94030099058,2186.1517375637877,6867.050122007057,12858.73450323457,10263.77299247619,20164.782622141516,LP,8.526512829121202e-13,0
2025-06-13,0.25,2566.0141590010576,2575.636351815873,39993.47707032922,0.0,20207.92426135631,0.0,20207.92426135631,2301.692356230454,6917.630235340392,12737.79371171076,10308.952932952381,20202.381625712416,LP,8.526512829121202e-13,0
2025-06-13,0.5,2566.0141590010576,2575.636351815873,39993.47707032922,0.0,20218.07503385515,0.0,20218.07503385515,1688.8545744209307,7530.468017149913,12737.793711710761,10308.952932952381,20212.532398211257,LP,8.526512829121202e-13,0
2025-06-13,0.75,2566.0141590010576,2575.636351815873,39993.47707032922,0.0,20220.095187158433,0.0,20220.095187158433,1688.8545744209307,7530.468017149915,12737.79371171076,10308.952932952381,20214.55255151454,LP,8.526512829121202e-13,0
2025-06-13,1.0,2566.0141590010576,2575.636351815873,39972.729549917145,0.0,20218.31771720694,0.0,20218.31771720694,1717.367784611407,7501.954806959439,12628.596235857727,10220.502977511425,20212.775081563046,LP,8.526512829121202e-13,0
2025-06-14,0.0,2734.6829980497337,2707.518913704762,39995.372729863615,0.0,20826.84635701605,0.0,20826.84635701605,2086.145180571431,9432.85866846561,12144.59898282658,9861.572852,20842.416283858453,LP,9.094947017729282e-13,0
2025-06-14,0.25,2734.6829980497337,2621.9770834973533,39995.372729863615,0.0,20692.07048242919,0.0,20692.07048242919,2277.4915340000025,9340.084543180485,12030.995925159323,9846.54202247619,20756.67132897352,LP,9.094947017729282e-13,0
2025-06-14,0.5,2734.6829980497337,2621.9770834973533,39995.37272986362,0.0,20684.898860225472,0.0,20684.898860225472,1709.7653166666692,9907.810760513818,12030.995925159323,9846.54202247619,20749.499706769802,LP,9.094947017729282e-13,0
2025-06-14,0.75,2734.6829980497337,2621.9770834973533,39995.37272986362,0.0,20722.39142530119,0.0,20722.39142530119,1734.5052195238118,9883.070857656674,12030.995925159325,9846.54202247619,20786.99227184552,LP,9.094947017729282e-13,0
2025-06-14,1.0,2734.6829980497337,2621.9770834973533,39908.65731795886,0.0,20687.122282575576,0.0,20687.122282575576,1773.2595711428594,9830.683988165787,11646.349114459736,9534.978105809523,20751.723129119906,LP,9.094947017729282e-13,0
2025-06-15,0.0,2707.518913704762,3274.0756011640224,88662.27846445503,0.0,61756.662950542974,0.0,61756.662950542974,13451.292645938858,298.84709999999995,19869.80719194474,15584.642806761904,61339.65208761995,LP,8.526512829121202e-13,0
2025-06-15,0.25,2707.518913704762,3274.0756011640224,88579.88152504174,0.0,61808.03910638431,0.0,61808.03910638431,13399.531443356856,298.84709999999995,19708.56647178012,15454.037823428569,61391.02824346129,LP,8.526512829121202e-13,0
2025-06-15,0.5,2707.518913704762,3274.0756011640237,88430.09219780599,0.0,61662.994783564034,0.0,61662.994783564034,13373.244981155796,298.84709999999995,19058.551392650203,14927.525609333334,61245.98392064101,LP,8.526512829121202e-13,0
2025-06-15,0.75,2707.518913704762,3274.075601164022,88430.09219780599,0.0,61569.76987053525,0.0,61569.76987053525,13373.244981155796,298.84709999999995,19058.5513926502,14927.525609333334,61152.75900761223,LP,8.526512829121202e-13,0
2025-06-15,1.0,2707.518913704762,3334.1899856793657,88430.09219780599,0.0,61559.86852208541,0.0,61559.86852208541,13313.132068965322,298.84709999999995,19090.182793316868,14899.044097809523,61098.61080458328,LP,9.094947017729282e-13,0
2025-06-16,0.0,3274.0756011640224,3108.256751350266,87373.6088789171,0.0,61654.1592923644,0.0,61654.1592923644,10850.552538245738,134.01041666666652,20232.789853528517,16537.796746190477,61777.01738002128,LP,9.094947017729282e-13,0
2025-06-16,0.25,3274.0756011640224,3108.256751350266,87373.6088789171,0.0,61657.20966378394,0.0,61657.20966378394,10850.53269255027,134.01041666666652,20232.894304557318,16537.881351523807,61780.06775144082,LP,9.663381206337363e-13,0
2025-06-16,0.5,3274.0756011640224,3108.256751350266,87207.73908803998,0.0,61577.71335284741,0.0,61577.71335284741,10826.802665046449,134.01041666666652,19484.790286803058,15931.917097142856,61700.57144050429,LP,9.663381206337363e-13,0
2025-06-16,0.75,3274.0756011640224,3108.256751350266,87207.73908803998,0.0,61602.63055863356,0.0,61602.63055863356,10826.80266504645,134.01041666666652,19484.790286803054,15931.917097142856,61725.48864629044,LP,9.663381206337363e-13,0
2025-06-16,1.0,3274.0756011640224,3177.1414284984144,87207.73908803998,0.0,61586.17189196689,0.0,61586.17189196689,10758.20180761788,134.01041666666652,19519.55159204115,15898.077544952379,61657.99211684286,LP,9.663381206337363e-13,0
2025-06-17,0.0,3108.256751350266,2638.249502263491,86624.1233323539,3.081040857142966,60960.273915664635,21.046590095143603,60981.32050575977,8598.900744894763,82.02935000000014,19643.52413593533,16334.261074285714,61331.83487436591,LP,9.094947017729282e-13,0
2025-06-17,0.25,3108.256751350266,2638.249502263491,86624.1233323539,3.081040857142966,60904.37510033814,21.046590095143603,60925.421690433286,8611.235527916513,82.02935000000014,19578.604225294534,16281.675946666666,61275.93605903942,LP,9.094947017729282e-13,0
2025-06-17,0.5,3108.256751350266,2638.249502263491,86506.13111711698,3.081040857142966,60629.02581118693,21.046590095143603,60650.07240128207,8516.684512146976,129.21961222339388,19206.859690079946,15980.562873142855,61000.58676988821,LP,9.094947017729282e-13,0
2025-06-17,0.75,3108.256751350266,2634.8261235333325,86506.13111711698,0.0,60641.446414707636,0.0,60641.446414707636,8516.684512146976,129.21961222339388,19206.859690079946,15983.643913999998,60994.513815073245,LP,9.094947017729282e-13,0
2025-06-17,1.0,3108.256751350266,2714.8833426867736,86374.21106829276,0.0,60499.924136011774,0.0,60499.924136011774,8369.884734480893,194.24276666666685,18563.728517240437,15390.656166761903,60793.287764406945,LP,9.094947017729282e-13,0
2025-06-18,0.0,2638.249502263491,2937.999764022223,87422.56425730394,0.0,61136.70289757007,0.0,61136.70289757007,12640.244880777194,88.67290000000003,18397.26495233627,14632.009375809523,60915.473715630345,LP,9.094947017729282e-13,0
2025-06-18,0.25,2638.249502263491,2937.999764022223,87422.56425730394,0.0,61103.558826782195,0.0,61103.558826782195,12640.244880777196,88.67290000000003,18397.264952336267,14632.00937580952,60882.32964484247,LP,9.094947017729282e-13,0
2025-06-18,0.5,2638.249502263491,2937.999764022223,87211.36388651616,0.0,61081.65045124836,0.0,61081.65045124836,12576.247313743686,88.67290000000003,17622.513353629627,14004.460580857141,60860.42126930864,LP,9.094947017729282e-13,0
2025-06-18,0.75,2638.249502263491,2937.999764022223,87211.36388651616,0.0,61131.08590918699,0.0,61131.08590918699,12576.247313743686,88.67290000000003,17622.513353629627,14004.460580857141,60909.85672724727,LP,9.094947017729282e-13,0
2025-06-18,1.0,2638.249502263491,2982.7764268380965,87161.50463699119,0.0,61079.30372244331,0.0,61079.30372244331,12581.413028773666,88.67290000000003,17120.80829526514,13557.780487047617,60825.02734839564,LP,9.094947017729282e-13,0
2025-06-19,0.0,2937.999764022223,2684.164723368255,85270.74818475603,48.66240171428569,58838.403693467786,334.32397563485705,59172.72766910264,12153.630595467377,1556.9697499999997,18830.30303995532,15480.996998952378,59357.296045216055,LP,9.094947017729282e-13,0
2025-06-19,0.25,2937.999764022223,2684.164723368255,85270.74818475603,48.66240171428569,58710.90481060944,334.32397563485705,59045.2287862443,12153.630595467379,1556.9697499999997,18830.303039955317,15480.996998952378,59229.79716235771,LP,9.094947017729282e-13,0
2025-06-19,0.5,2937.999764022223,2684.164723368255,85191.5403563598,48.66240171428569,58587.48474966149,334.32397563485705,58921.808725296345,12160.792332710178,1556.9697499999997,18375.726378697233,15112.78990333333,59106.37710140976,LP,9.094947017729282e-13,0
2025-06-19,0.75,2937.999764022223,2684.164723368255,85092.00716025515,48.66240171428569,58607.01954197409,334.32397563485705,58941.34351760895,12107.903878134048,1556.9697499999997,18130.22773907348,14913.936005238093,59125.91189372236,LP,9.094947017729282e-13,0
2025-06-19,1.0,2937.999764022223,2748.828737898414,85120.00514357319,48.66240171428569,58586.52144958049,334.32397563485705,58920.845425215346,11921.529725077016,1736.3104999999996,18008.300230115223,14756.97710990476,59058.395343498596,LP,9.094947017729282e-13,0
2025-06-20,0.0,2684.164723368255,2910.1708693925957,36665.507066768965,0.0,18738.365262744195,0.0,18738.365262744195,1894.275361809525,9942.38456893827,11709.793445259262,9281.527159238092,18611.987993533352,LP,9.094947017729282e-13,0
2025-06-20,0.25,2684.164723368255,2884.6010395206395,36665.507066768965,0.0,18795.264193889896,0.0,18795.264193889896,1407.5243536190487,10477.99097560494,11573.780015830687,9194.36912828571,18683.184966259993,LP,9.094947017729282e-13,0
2025-06-20,0.5,2684.164723368255,2884.6010395206395,36665.507066768965,0.0,18795.264193889896,0.0,18795.264193889896,1407.5243536190487,10477.99097560494,11573.780015830687,9194.36912828571,18683.184966259993,LP,9.094947017729282e-13,0
2025-06-20,0.75,2684.164723368255,2884.6010395206395,36665.507066768965,0.0,18800.403217125775,0.0,18800.403217125775,1407.5243536190487,10477.990975604942,11573.780015830685,9194.36912828571,18688.32398949587,LP,9.094947017729282e-13,0
2025-06-20,1.0,2684.164723368255,2884.6010395206395,36665.507066768965,0.0,18800.403217125775,0.0,18800.403217125775,1407.5243536190487,10477.990975604942,11573.780015830685,9194.36912828571,18688.32398949587,LP,9.094947017729282e-13,0
2025-07-21,0.0,2698.6950174941817,2789.5259840539693,83751.85994546392,0.0,62683.37127516331,0.0,62683.37127516331,5106.74049357672,813.4756333333335,19790.24525605291,15948.350787499045,62611.5002510245,LP,8.633094239485217e-13,0
2025-07-21,0.25,2698.6950174941817,2789.5259840539693,83751.85994546392,0.0,62486.85547848498,0.0,62486.85547848498,5106.42545637508,813.4756333333335,19791.903346587882,15949.693840832377,62414.98445434617,LP,8.633094239485217e-13,0
2025-07-21,0.5,2698.6950174941817,2789.5259840539693,83751.85994546392,0.0,62380.485589421885,0.0,62380.485589421885,5103.016498201064,813.4756333333335,19809.845231714276,15964.22676778476,62308.61456528308,LP,8.633094239485217e-13,0
2025-07-21,0.75,2698.6950174941817,2789.525984053971,83751.85994546392,0.0,62358.851743307256,0.0,62358.851743307256,5103.016498201062,813.4756333333335,19809.84523171428,15964.22676778476,62286.980719168445,LP,8.633094239485217e-13,0
2025-07-21,1.0,2698.6950174941817,2789.5259840539693,83694.57347303115,0.0,62341.16684327152,0.0,62341.16684327152,5089.19966149677,813.4756333333335,19581.057675248674,15778.908847047618,62269.29581913272,LP,9.094947017729282e-13,0
2025-07-22,0.0,2789.5259840539693,3152.306730650796,87070.98654124947,0.0,64681.25939405196,0.0,64681.25939405196,8585.50838121772,723.8507,19157.790375936507,15191.307532571427,64395.52602241737,LP,8.411049634560186e-13,0
2025-07-22,0.25,2789.5259840539693,3152.306730650796,87070.98654124947,0.0,64365.120937873486,0.0,64365.120937873486,8585.508381217722,723.8507,19157.790375936504,15191.307532571427,64079.3875662389,LP,8.411049634560186e-13,0
2025-07-22,0.5,2789.5259840539693,3152.306730650796,87070.98654124947,0.0,64348.99610759886,0.0,64348.99610759886,8585.50838121772,723.8507,19157.790375936507,15191.307532571427,64063.26273596427,LP,8.411049634560186e-13,0
2025-07-22,0.75,2789.5259840539693,3152.3067306507965,87070.98654124947,0.0,64352.893440932196,0.0,64352.893440932196,8585.50838121772,723.8507,19157.790375936507,15191.307532571427,64067.1600692976,LP,8.411049634560186e-13,0
2025-07-22,1.0,2789.5259840539693,3152.3067306507965,87070.98654124947,0.0,64363.78355327238,0.0,64363.78355327238,8585.50838121772,723.8507,19157.790375936507,15191.307532571427,64078.05018163778,LP,8.411049634560186e-13,0
2025-07-23,0.0,3152.306730650796,2949.8311279449736,86080.31456589395,0.0,63725.15173457812,0.0,63725.15173457812,6662.752197626104,1700.9613592533851,19380.43123570017,15880.377343352378,63884.707697947626,LP,8.597567102697212e-13,0
2025-07-23,0.25,3152.306730650796,2949.8311279449736,86080.31456589395,0.0,63617.73916182064,0.0,63617.73916182064,6662.752197626105,1700.9613592533851,19380.43123570017,15880.377343352378,63777.29512519015,LP,8.597567102697212e-13,0
2025-07-23,0.5,3152.306730650796,2949.8311279449736,86080.31456589395,0.0,63595.23916182064,0.0,63595.23916182064,6662.752197626103,1700.9613592533851,19380.43123570017,15880.377343352378,63754.79512519015,LP,8.597567102697212e-13,0
2025-07-23,0.75,3152.306730650796,2949.8311279449736,86069.9053880809,0.0,63606.47940566553,0.0,63606.47940566553,6635.495103146384,1721.7612563727262,19359.631338580828,15863.52942668571,63766.03536903504,LP,8.526512829121202e-13,0
2025-07-23,1.0,3152.306730650796,2949.8311279449736,86069.9053880809,0.0,63599.527405665525,0.0,63599.527405665525,6635.495103146384,1721.7612563727262,19359.631338580828,15863.52942668571,63759.083369035034,LP,8.526512829121202e-13,0
2025-07-24,0.0,2949.8311279449736,3308.301421025395,86653.28081416368,0.0,64690.392880044805,0.0,64690.392880044805,8166.199188460914,982.7718333333332,18764.2869926161,14876.449200246665,64407.308441511326,LP,8.526512829121202e-13,0
2025-07-24,0.25,2949.8311279449736,3308.301421025395,86618.92333331711,0.0,64307.3764339665,0.0,64307.3764339665,8166.199188460913,982.7718333333332,18583.458146055254,14729.97783453238,64024.29199543302,LP,8.846257060213247e-13,0
2025-07-24,0.5,2949.8311279449736,3308.301421025395,86618.92333331711,0.0,64367.01624381121,0.0,64367.01624381121,8166.383900875967,982.7718333333332,18582.485975449723,14729.190376341903,64083.93180527773,LP,8.846257060213247e-13,0
2025-07-24,0.75,2949.8311279449736,3308.301421025395,86607.66334656227,0.0,64369.964070425354,0.0,64369.964070425354,8166.383900875966,982.7718333333332,18523.222887266304,14681.187274913333,64086.879631891876,LP,8.846257060213247e-13,0
2025-07-24,1.0,2949.8311279449736,3308.301421025395,86603.82391625656,0.0,64370.14888847576,0.0,64370.14888847576,8166.383900875966,982.7718333333332,18503.015359341553,14664.819177294285,64087.06444994228,LP,8.846257060213247e-13,0
2025-07-25,0.0,3308.301421025395,3163.9679731015885,43208.64564461376,0.0,25201.36288716517,0.0,25201.36288716517,1524.182749333334,13043.139837797768,11925.808389196942,9789.804898380951,25289.301197606925,MILP,1.0231815394945443e-12,0
2025-07-25,0.25,3308.301421025395,3163.9679731015885,43208.64564461376,0.0,25184.934744232378,0.0,25184.934744232378,1524.182749333334,13043.139837797768,11925.808389196944,9789.804898380951,25272.87305467413,MILP,1.0231815394945443e-12,0
2025-07-25,0.5,3308.301421025395,3163.9679731015885,43208.64564461376,0.0,25184.934744232378,0.0,25184.934744232378,1524.182749333334,13043.139837797768,11925.808389196944,9789.804898380951,25272.87305467413,MILP,1.0231815394945443e-12,0
2025-07-25,0.75,3308.301421025395,3163.9679731015885,43208.64564461376,0.0,25184.934744232378,0.0,25184.934744232378,1524.182749333334,13043.139837797768,11925.808389196944,9789.804898380951,25272.87305467413,MILP,1.1368683772161603e-12,0
2025-07-25,1.0,3308.301421025395,3163.9679731015885,43208.64564461376,0.0,25184.934744232378,0.0,25184.934744232378,1524.182749333334,13043.139837797768,11925.808389196944,9789.804898380951,25272.87305467413,MILP,2.5011104298755527e-12,0
2025-07-26,0.0,3163.9679731015885,2844.991389594711,43317.53992127337,0.0,25354.194121386994,0.0,25354.194121386994,1597.1846812380954,11223.36101390241,12184.113603275719,10156.210943809523,25551.707013579195,MILP,1.2505552149377763e-12,0
2025-07-26,0.25,3163.9679731015885,2844.991389594711,43317.53992127337,0.0,25353.46049061861,0.0,25353.46049061861,1597.1846812380954,11223.36101390241,12184.11360327572,10156.210943809523,25550.97338281081,MILP,2.021099337273174e-12,0
2025-07-26,0.5,3163.9679731015885,2844.991389594711,43317.53992127337,0.0,25353.46049061861,0.0,25353.46049061861,1597.1846812380954,11223.36101390241,12184.11360327572,10156.210943809523,25550.97338281081,MILP,2.0463630789890885e-12,0
2025-07-26,0.75,3163.9679731015885,2844.991389594711,43317.53992127337,0.0,25353.46049061861,0.0,25353.46049061861,1597.1846812380954,11223.361013902411,12184.113603275719,10156.210943809523,25550.97338281081,MILP,1.2505552149377763e-12,0
2025-07-26,1.0,3163.9679731015885,2844.991389594711,43317.53992127337,0.0,25353.46049061861,0.0,25353.46049061861,1597.1846812380954,11223.36101390241,12184.113603275719,10156.210943809523,25550.97338281081,MILP,2.021099337273174e-12,0
2025-07-27,0.0,2844.991389594711,2821.588557183067,84353.89143377214,24.659296818099136,62258.881530681625,117.4743338770603,62376.35586455869,5958.240390825387,654.0590333333334,21590.126608431518,17509.065102,62394.83048464078,LP,8.526512829121202e-13,0
2025-07-27,0.25,2844.991389594711,2821.588557183067,84353.89143377214,24.659296818099136,62113.04649911014,117.4743338770603,62230.520832987204,5947.051375805992,654.0590333333334,21649.016161165197,17556.765639714285,62248.99545306929,LP,8.526512829121202e-13,0
2025-07-27,0.5,2844.991389594711,2821.588557183067,84349.26559257283,24.659296818099136,62070.024835730066,117.4743338770603,62187.49916960712,5946.636375504995,654.0590333333334,21626.85384064785,17538.814160095237,62205.97378968921,LP,9.094947017729282e-13,0
2025-07-27,0.75,2844.991389594711,2821.5885571830663,84326.37149861727,0.0,62066.16579518293,0.0,62066.16579518293,5915.078091079356,654.0590333333334,21542.66907039506,17470.624496190474,62084.64041526502,LP,9.094947017729282e-13,0
2025-07-27,1.0,2844.991389594711,2821.5885571830663,84185.2926270334,0.0,62056.47680569423,0.0,62056.47680569423,5804.945209783655,741.5404067666038,20919.367156071723,16965.749945588574,62074.951425776315,LP,8.526512829121202e-13,0
2025-07-28,0.0,2821.588557183067,2560.9232094730155,84798.36698525373,0.0,63107.214311519056,0.0,63107.214311519056,3074.910565594365,0.0,21069.357890868894,17300.778704542856,63315.12441408528,LP,8.526512829121202e-13,0
2025-07-28,0.25,2821.588557183067,2560.9232094730155,84798.36698525373,0.0,62990.76652471076,0.0,62990.76652471076,3072.4943011910673,0.0,21082.075071938856,17311.079621209523,63198.67662727698,LP,8.526512829121202e-13,0
2025-07-28,0.5,2821.588557183067,2560.9232094730155,84798.36698525373,0.0,62937.13814776259,0.0,62937.13814776259,3072.4943011910686,0.0,21082.075071938856,17311.079621209523,63145.048250328815,LP,8.526512829121202e-13,0
2025-07-28,0.75,2821.588557183067,2560.9232094730155,84798.36698525373,0.0,62905.27871459338,0.0,62905.27871459338,3072.4943011910714,0.0,21082.075071938852,17311.079621209523,63113.18881715961,LP,8.526512829121202e-13,0
2025-07-28,1.0,2821.588557183067,2560.9232094730155,84700.33704855849,0.0,62838.2530677166,0.0,62838.2530677166,3055.066029757795,0.0,20657.85578108642,16967.461995619047,63046.16317028282,LP,8.526512829121202e-13,0
2025-07-29,0.0,2560.9232094730155,3063.020862603175,88946.54280015171,0.0,66141.39631013336,0.0,66141.39631013336,8050.562539213456,608.09035,19825.031963795413,15606.388002857144,65741.64373212898,LP,7.958078640513122e-13,0
2025-07-29,0.25,2560.9232094730155,3063.020862603175,88946.54280015171,0.0,66169.92823708859,0.0,66169.92823708859,8050.562539213457,608.09035,19825.031963795413,15606.388002857144,65770.17565908421,LP,7.958078640513122e-13,0
2025-07-29,0.5,2560.9232094730155,3063.020862603174,88946.54280015173,0.0,65991.21471681092,0.0,65991.21471681092,8050.562539213452,608.09035,19825.03196379542,15606.388002857142,65591.46213880654,LP,7.958078640513122e-13,0
2025-07-29,0.75,2560.9232094730155,3063.020862603174,88946.54280015173,0.0,65901.8733391765,0.0,65901.8733391765,8050.5625392134525,608.09035,19825.031963795416,15606.388002857142,65502.120761172126,LP,7.958078640513122e-13,0
2025-07-29,1.0,2560.9232094730155,3063.020862603175,89056.98435334745,0.0,65911.35329649784,0.0,65911.35329649784,8060.738531709584,608.09035,20352.745441161675,16033.83591952381,65511.600718493464,LP,7.958078640513122e-13,0
2025-07-30,0.0,3063.020862603175,3335.9538756306883,88309.56958414182,0.0,66393.33159834122,0.0,66393.33159834122,8498.177108329222,1880.9367999999997,18850.32586362022,15023.124237807615,66177.2431968526,LP,1.0231815394945443e-12,0
2025-07-30,0.25,3063.020862603175,3335.9538756306883,88309.56958414182,0.0,66305.94006782559,0.0,66305.94006782559,8498.813017284685,1880.9367999999997,18846.978974380945,15020.413257523805,66089.85166633698,LP,1.0231815394945443e-12,0
2025-07-30,0.5,3063.020862603175,3335.9538756306874,88309.56958414182,0.0,66145.05957765895,0.0,66145.05957765895,8503.199566921367,1880.9367999999997,18823.89187102998,15001.71270380952,65928.97117617034,LP,1.0231815394945443e-12,0
2025-07-30,0.75,3063.020862603175,3335.9538756306874,88309.56958414182,0.0,66081.27254010156,0.0,66081.27254010156,8503.199566921367,1880.9367999999997,18823.89187102998,15001.71270380952,65865.18413861295,LP,1.0231815394945443e-12,0
2025-07-30,1.0,3063.020862603175,3335.9538756306874,88309.56958414182,0.0,66081.27254010156,0.0,66081.27254010156,8503.199566921367,1880.9367999999997,18823.89187102998,15001.71270380952,65865.18413861295,LP,1.0231815394945443e-12,0
2025-07-31,0.0,3335.9538756306883,3084.455900398942,87494.07336253733,0.0,64960.60639868803,0.0,64960.60639868803,8467.120026558494,969.1177991675484,18890.460251858898,15527.620981714284,65160.11675590092,LP,6.821210263296962e-13,0
2025-07-31,0.25,3335.9538756306883,3084.455900398942,87494.07336253733,0.0,64789.694672379635,0.0,64789.694672379635,8467.12002655849,969.1177991675484,18890.4602518589,15527.620981714284,64989.20502959252,LP,7.069900220812997e-13,0
2025-07-31,0.5,3335.9538756306883,3084.455900398943,87494.07336253733,0.0,64751.64834170404,0.0,64751.64834170404,8467.12002655849,969.1177991675484,18890.460251858905,15527.620981714284,64951.15869891693,LP,7.069900220812997e-13,0
2025-07-31,0.75,3335.9538756306883,3084.455900398943,87494.07336253733,0.0,64751.64834170404,0.0,64751.64834170404,8467.12002655849,969.1177991675484,18890.460251858905,15527.620981714284,64951.15869891693,LP,7.069900220812997e-13,0
2025-07-31,1.0,3335.9538756306883,3084.455900398943,87494.07336253733,0.0,64750.3460124312,0.0,64750.3460124312,8467.120026558488,969.1177991675484,18890.460251858905,15527.620981714284,64949.85636964408,LP,7.069900220812997e-13,0
2025-08-01,0.0,3084.455900398942,3151.4010857290996,43324.27336461376,0.0,25140.895947280525,0.0,25140.895947280525,1760.1923325714286,17981.75454992357,11951.13762449971,9620.170809047619,25100.745070289875,MILP,5.9117155615240335e-12,0
2025-08-01,0.25,3084.455900398942,3151.4010857290996,43324.27336461375,0.0,25089.743938034426,0.0,25089.743938034426,1760.1923325714286,17981.75454992357,11951.137624499706,9620.17080904762,25049.593061043775,MILP,5.7980287238024175e-11,0
2025-08-01,0.5,3084.455900398942,3151.4010857290996,43324.27336461376,0.0,25089.74393803443,0.0,25089.74393803443,1760.1923325714286,17981.75454992357,11951.137624499706,9620.170809047619,25049.59306104378,MILP,1.8189894035458565e-12,0
2025-08-01,0.75,3084.455900398942,3151.4010857290996,43324.27336461375,0.0,25089.743938034426,0.0,25089.743938034426,1760.1923325714286,17981.75454992357,11951.137624499706,9620.17080904762,25049.593061043775,MILP,9.094947017729282e-13,0
2025-08-01,1.0,3084.455900398942,3151.4010857290996,43324.27336461376,0.0,25089.743938034426,0.0,25089.743938034426,1760.1923325714286,17981.75454992357,11951.137624499708,9620.17080904762,25049.593061043775,MILP,2.6147972675971687e-12,0
2025-08-02,0.0,3151.4010857290996,3091.536256460322,43052.21158688301,0.0,24681.979686210616,0.0,24681.979686210616,1633.638213238096,18237.384332290418,12147.591865068782,9893.427757047617,24717.65725367889,MILP,1.9895196601282805e-12,0
2025-08-02,0.25,3151.4010857290996,3091.536256460322,43052.21158688301,0.0,24650.567638590986,0.0,24650.567638590986,1633.638213238096,18237.384332290414,12147.591865068785,9893.427757047617,24686.245206059262,MILP,1.0800249583553523e-12,0
2025-08-02,0.5,3151.4010857290996,3091.536256460322,43052.21158688301,0.0,24650.567638590986,0.0,24650.567638590986,1633.638213238096,18237.384332290414,12147.591865068785,9893.427757047617,24686.245206059262,MILP,1.0800249583553523e-12,0
2025-08-02,0.75,3151.4010857290996,3091.536256460322,43052.21158688301,0.0,24650.567638590986,0.0,24650.567638590986,1633.638213238096,18237.384332290418,12147.591865068784,9893.427757047617,24686.245206059262,MILP,1.9895196601282805e-12,0
2025-08-02,1.0,3151.4010857290996,3091.536256460322,43052.21158688301,0.0,24650.567638590986,0.0,24650.567638590986,1633.638213238096,18237.384332290418,12147.591865068784,9893.427757047617,24686.245206059262,MILP,1.5347723092418164e-12,0
2025-08-03,0.0,3091.536256460322,2023.529932395767,83822.2988232957,56.87629590476149,59648.65941172172,475.261479068806,60123.92089079053,12712.912764251614,6293.21463974015,15761.965387018217,13728.397655142855,60924.95967654052,LP,9.094947017729282e-13,0
2025-08-03,0.25,3091.536256460322,2023.529932395767,83796.60107214251,56.87629590476149,59739.83244434207,475.261479068806,60215.09392341088,12600.293387325095,6405.834016666666,15626.714065159318,13618.844084437143,61016.13270916088,LP,8.526512829121202e-13,0
2025-08-03,0.5,3091.536256460322,2023.5299323957665,83796.60107214251,56.87629590476149,59722.1766096091,475.261479068806,60197.4380886779,12600.293387325099,6405.834016666666,15626.714065159314,13618.844084437143,60998.4768744279,LP,8.526512829121202e-13,0
2025-08-03,0.75,3091.536256460322,2023.5299323957665,83796.60107214251,56.87629590476149,59722.1766096091,475.261479068806,60197.4380886779,12600.293387325099,6405.834016666666,15626.714065159314,13618.844084437143,60998.4768744279,LP,8.526512829121202e-13,0
2025-08-03,1.0,3091.536256460322,2023.5299323957665,83796.60107214251,56.87629590476149,59722.1766096091,475.261479068806,60197.4380886779,12600.293387325099,6405.834016666666,15626.714065159314,13618.844084437143,60998.4768744279,LP,8.526512829121202e-13,0
2025-08-04,0.0,2023.529932395767,2620.956539899472,83009.6329868869,0.0,59495.65310833755,0.0,59495.65310833755,9384.984569049975,4289.982083333333,17796.459496931213,13877.448245760948,59041.42592473619,LP,8.810729923425242e-13,0
2025-08-04,0.25,2023.529932395767,2620.956539899472,83009.6329868869,0.0,59371.73644167089,0.0,59371.73644167089,9392.510290219876,4289.982083333333,17756.850438142264,13845.3649081419,58917.50925806953,LP,8.810729923425242e-13,0
2025-08-04,0.5,2023.529932395767,2620.956539899472,83009.6329868869,0.0,59416.180219967566,0.0,59416.180219967566,9394.030077321582,4289.982083333333,17748.851558659608,13838.885815760948,58961.953036366205,LP,9.094947017729282e-13,0
2025-08-04,0.75,2023.529932395767,2620.956539899472,83009.6329868869,0.0,59420.27826872816,0.0,59420.27826872816,9394.03007732158,4289.982083333333,17748.851558659608,13838.885815760948,58966.0510851268,LP,8.810729923425242e-13,0
2025-08-04,1.0,2023.529932395767,2620.956539899473,82959.26572482305,0.0,59434.40432780875,0.0,59434.40432780875,9371.358479165203,4289.982083333333,17603.084906514992,13720.814827523809,58980.17714420738,LP,8.810729923425242e-13,0
2025-08-05,0.0,2620.956539899472,3015.756873857144,82496.7600510194,0.0,59472.27567940355,0.0,59472.27567940355,9367.21836267372,4172.47885,18154.909497107583,14350.156392095238,59172.17363405022,LP,9.094947017729282e-13,0
2025-08-05,0.25,2620.956539899472,3015.756873857144,82496.7600510194,0.0,59380.447448544546,0.0,59380.447448544546,9367.218362673719,4172.47885,18154.909497107583,14350.156392095238,59080.34540319121,LP,9.094947017729282e-13,0
2025-08-05,0.5,2620.956539899472,3015.756873857144,82496.7600510194,0.0,59233.589797153545,0.0,59233.589797153545,9367.218362673715,4172.47885,18154.909497107587,14350.156392095238,58933.48775180021,LP,9.094947017729282e-13,0
2025-08-05,0.75,2620.956539899472,3015.756873857145,82496.7600510194,0.0,59215.097012736886,0.0,59215.097012736886,9367.218362673717,4172.47885,18154.909497107583,14350.156392095238,58914.99496738355,LP,9.094947017729282e-13,0
2025-08-05,1.0,2620.956539899472,3015.756873857145,82415.72239928512,0.0,59201.14853328409,0.0,59201.14853328409,9179.750711380362,4325.902867048796,17907.5725629512,14149.813475428571,58901.046487930755,LP,8.846257060213247e-13,0
2025-08-06,0.0,3015.756873857144,3070.5283852804237,80064.36143534274,0.0,58972.28099800954,0.0,58972.28099800954,5738.085034058782,2661.712527771908,18425.632876654912,14875.468269809522,58929.998828942946,LP,8.668621376273222e-13,0
2025-08-06,0.25,3015.756873857144,3070.5283852804237,80064.36143534274,0.0,59011.570123578895,0.0,59011.570123578895,5708.853793392119,2690.9437684385716,18425.63287665491,14875.468269809522,58969.2879545123,LP,8.668621376273222e-13,0
2025-08-06,0.5,3015.756873857144,3070.5283852804246,80064.36143534274,0.0,58826.97620623175,0.0,58826.97620623175,5708.853793392122,2690.9437684385716,18425.63287665491,14875.468269809522,58784.69403716516,LP,8.668621376273222e-13,0
2025-08-06,0.75,3015.756873857144,3070.5283852804246,80064.36143534274,0.0,58805.34214607532,0.0,58805.34214607532,5708.853793392122,2690.9437684385716,18425.63287665491,14875.468269809522,58763.05997700873,LP,8.668621376273222e-13,0
2025-08-06,1.0,3015.756873857144,3070.5283852804246,80010.36678948501,0.0,58757.85306951336,0.0,58757.85306951336,5708.85379339212,2662.1783703174674,18292.847362251618,14767.912003142856,58715.570900446764,LP,8.668621376273222e-13,0
2025-08-07,0.0,3070.5283852804237,2807.334126664553,78212.35645324162,2.102126761904856,57173.844464636415,18.3116262229532,57192.15609085937,7406.056339547325,4217.219486419751,18105.64387784597,14902.446373809522,57391.392664163875,LP,9.094947017729282e-13,0
2025-08-07,0.25,3070.5283852804237,2807.334126664553,78212.35645324162,2.102126761904856,56995.42538788373,18.3116262229532,57013.737014106686,7407.379569694297,4217.219486419751,18098.67950865138,14896.805234761903,57212.973587411194,LP,9.094947017729282e-13,0
2025-08-07,0.5,3070.5283852804237,2807.334126664553,78212.35645324162,2.102126761904856,56766.93465485381,18.3116262229532,56785.24628107676,7407.379569694299,4217.219486419751,18098.679508651378,14896.805234761903,56984.48285438127,LP,9.094947017729282e-13,0
2025-08-07,0.75,3070.5283852804237,2807.334126664553,78212.35645324162,2.102126761904856,56743.33602947185,18.3116262229532,56761.647655694804,7407.379569694297,4217.219486419751,18098.67950865138,14896.805234761903,56960.88422899931,LP,9.094947017729282e-13,0
2025-08-07,1.0,3070.5283852804237,2807.334126664553,78212.35645324162,2.102126761904856,56742.037854042625,18.3116262229532,56760.34948026558,7407.379569694298,4217.219486419751,18098.67950865138,14896.805234761903,56959.586053570085,LP,9.094947017729282e-13,0
2025-08-08,0.0,2807.334126664553,3148.474754252915,41758.667820087,0.0,23570.33474430066,0.0,23570.33474430066,952.2493070476178,22291.700137757787,12802.739791853024,10063.192666571425,23374.46650762899,MILP,1.8189894035458565e-11,0
2025-08-08,0.25,2807.334126664553,3148.474754252915,41758.667820087,0.0,23551.18334329312,0.0,23551.18334329312,952.2493070476178,22291.700137757787,12802.739791853024,10063.192666571425,23355.31510662145,MILP,2.2168933355715126e-12,0
2025-08-08,0.5,2807.334126664553,3148.474754252915,41758.667820087,0.0,23551.18334329312,0.0,23551.18334329312,952.2493070476178,22291.700137757787,12802.739791853024,10063.192666571425,23355.31510662145,MILP,2.2168933355715126e-12,0
2025-08-08,0.75,2807.334126664553,3148.474754252915,41758.667820087,0.0,23551.18334329312,0.0,23551.18334329312,952.2493070476178,22291.700137757787,12802.739791853024,10063.192666571425,23355.31510662145,MILP,2.2168933355715126e-12,0
2025-08-08,1.0,2807.334126664553,3148.474754252915,41758.667820087,0.0,23551.18334329312,0.0,23551.18334329312,952.2493070476178,22291.700137757787,12802.739791853024,10063.192666571425,23355.31510662145,MILP,2.2168933355715126e-12,0
2025-08-09,0.0,3148.474754252915,2869.44617649524,41283.10647120987,0.0,23683.971860890408,0.0,23683.971860890408,852.2172901622486,19483.481955149917,11982.12603094532,9956.647805047618,23847.950677895595,MILP,1.5916157281026244e-12,0
2025-08-09,0.25,3148.474754252915,2869.44617649524,41283.10647120987,0.0,23683.971860890408,0.0,23683.971860890408,852.2172901622483,19483.481955149917,11982.12603094532,9956.647805047618,23847.950677895595,MILP,1.4779288903810084e-12,0
2025-08-09,0.5,3148.474754252915,2869.44617649524,41291.625391648566,0.0,23677.82716357798,0.0,23677.82716357798,897.0537135238075,19447.164452227054,11982.126030945321,9956.647805047618,23841.805980583165,MILP,8.597567102697212e-13,0
2025-08-09,0.75,3148.474754252915,2869.44617649524,41291.625391648566,0.0,23677.82716357798,0.0,23677.82716357798,897.0537135238075,19447.164452227054,11982.12603094532,9956.647805047618,23841.805980583165,MILP,1.7053025658242404e-12,0
2025-08-09,1.0,3148.474754252915,2869.44617649524,41291.625391648566,0.0,23677.82716357798,0.0,23677.82716357798,897.0537135238075,19447.164452227054,11982.12603094532,9956.647805047618,23841.805980583165,MILP,1.7053025658242404e-12,0
2025-08-10,0.0,2869.44617649524,2500.6520375153477,73942.85717995767,0.0,55429.82353804141,0.0,55429.82353804141,4087.146404500882,1632.7605166666667,17106.557546694887,14188.22633790476,55711.51656876604,LP,6.821210263296962e-13,0
2025-08-10,0.25,2869.44617649524,2500.652037515346,74067.29462627834,0.0,55317.25647852765,0.0,55317.25647852765,4089.788068261021,1632.7605166666667,17747.587981223987,14707.46098987333,55598.949509252285,LP,6.821210263296962e-13,0
2025-08-10,0.5,2869.44617649524,2500.652037515346,73942.85717995767,0.0,55061.40599525574,0.0,55061.40599525574,3811.6168211675486,1908.2901000000002,17106.557546694883,14188.22633790476,55343.09902598038,LP,6.821210263296962e-13,0
2025-08-10,0.75,2869.44617649524,2500.652037515346,73942.85717995767,0.0,55038.01992943154,0.0,55038.01992943154,3542.123737176959,2177.7831839905953,17106.557546694883,14188.22633790476,55319.712960156176,LP,6.821210263296962e-13,0
2025-08-10,1.0,2869.44617649524,2500.652037515346,73942.85717995767,0.0,55038.01992943154,0.0,55038.01992943154,3542.123737176959,2177.7831839905953,17106.557546694883,14188.22633790476,55319.712960156176,LP,6.821210263296962e-13,0
2025-08-11,0.0,2500.6520375153477,2289.2204588984127,74617.201842107,33.49408876190466,54202.24824076047,296.1882269215229,54498.436467682,3778.4433157824774,2913.1836833333336,18884.757995657852,15486.942397238096,54658.20830797177,LP,9.094947017729282e-13,0
2025-08-11,0.25,2500.6520375153477,2289.2204588984127,74706.98085430203,33.49408876190466,53857.169261286625,296.1882269215229,54153.35748820815,3793.5141630981852,2913.1836833333336,19277.958863443848,15805.43510014476,54313.129328497926,LP,9.094947017729282e-13,0
2025-08-11,0.5,2500.6520375153477,2289.2204588984127,74617.201842107,33.49408876190466,53736.82825440909,296.1882269215229,54033.01648133061,3561.1662558553844,3125.607639564964,18910.30064668665,15507.631944571429,54192.788321620385,LP,9.094947017729282e-13,0
2025-08-11,0.75,2500.6520375153477,2289.2204588984127,74617.201842107,33.49408876190466,53747.24072501613,296.1882269215229,54043.428951937654,3378.890795420344,3307.8831,18910.30064668665,15507.631944571429,54203.20079222743,LP,9.094947017729282e-13,0
2025-08-11,1.0,2500.6520375153477,2289.2204588984127,74617.201842107,33.49408876190466,53747.24072501613,296.1882269215229,54043.428951937654,3378.890795420344,3307.8831,18910.30064668665,15507.631944571429,54203.20079222743,LP,9.094947017729282e-13,0
2025-08-12,0.0,2289.2204588984127,1887.89645171852,73019.29005576055,139.94738385904418,54045.93818900445,1172.7144024699119,55218.65259147436,1496.2024725020565,815.552983702531,18148.052315141682,15061.113981726674,55528.32774009961,LP,9.592326932761353e-13,0
2025-08-12,0.25,2289.2204588984127,1887.89645171852,73108.5256243445,139.94738385904418,54082.18502157168,1172.7144024699119,55254.899424041585,1497.8891398095252,815.552983702531,18608.83600607054,15434.34877137905,55564.57457266683,LP,9.592326932761353e-13,0
2025-08-12,0.5,2289.2204588984127,1887.89645171852,73108.5256243445,139.94738385904475,54075.25575858949,1172.9689978145834,55248.22475640407,620.050032812463,1687.5014486090563,18639.83938549441,15459.461508712382,55557.89990502932,LP,9.592326932761353e-13,0
2025-08-12,0.75,2289.2204588984127,1887.89645171852,72956.52592477013,139.94738385904475,54050.51533375703,1172.9689978145834,55223.48433157161,569.0176616825422,1731.4954333333333,17876.88510565902,14841.468542045715,55533.15948019686,LP,9.592326932761353e-13,0
2025-08-12,1.0,2289.2204588984127,1887.89645171852,72956.52592477013,139.94738385904475,54050.51533375703,1172.9689978145834,55223.48433157161,569.0176616825422,1731.4954333333333,17876.88510565902,14841.468542045715,55533.15948019686,LP,9.592326932761353e-13,0
2025-08-13,0.0,1887.89645171852,2551.067970822224,73848.87978390252,6.093202761904649,54488.6276654384,52.591237252141845,54541.21890269054,3436.8167688841813,83.60906333450453,19035.33335396003,14821.765649514286,54032.00348071116,LP,1.0231815394945443e-12,0
2025-08-13,0.25,1887.89645171852,2551.067970822224,73913.99677917694,6.093202761904649,54428.85453912553,52.591237252141845,54481.44577637767,3425.993030908878,83.60906333450453,19435.021423695474,15145.512985999998,53972.23035439829,LP,8.100187187665142e-13,0
2025-08-13,0.5,1887.89645171852,2550.6669850021185,73765.6002046408,5.732315523809348,54113.0166806163,49.66191554052228,54162.678596156824,2663.343746926515,833.2258736613728,18722.57878748148,14568.795337904761,53653.77107063818,LP,8.100187187665142e-13,0
2025-08-13,0.75,1887.89645171852,2550.6669850021185,73765.6002046408,5.732315523809348,54113.4812387303,49.66191554052228,54163.14315427082,2668.9758193074676,827.5938012804204,18722.57878748148,14568.795337904761,53654.235628752176,LP,8.100187187665142e-13,0
2025-08-13,1.0,1887.89645171852,2550.6669850021185,73765.6002046408,5.732315523809348,54113.4812387303,49.66191554052228,54163.14315427082,2668.9758193074676,827.5938012804204,18722.57878748148,14568.795337904761,53654.235628752176,LP,8.100187187665142e-13,0
2025-08-14,0.0,2551.067970822224,2223.6360450793672,72195.20852765918,14.583475999999791,53471.51516067349,126.75957339199819,53598.27473406549,2257.0044343056984,495.24954688418825,20136.504064760727,16605.25702562476,53848.795560835744,LP,9.094947017729282e-13,0
2025-08-14,0.25,2551.067970822224,2223.6360450793672,72274.44161693944,14.583475999999791,53406.23888175678,126.75957339199819,53532.99845514878,2261.197231379189,488.87567084773787,20564.99968709347,16952.338479714286,53783.519281919034,LP,7.585043704239069e-13,0
2025-08-14,0.5,2551.067970822224,2223.6360450793672,72119.41182339094,199.29400335809822,53371.62026885369,1085.9719639195216,54457.59223277321,1657.2644270017597,1319.75036257143,19526.783089532037,16111.383035689521,54708.113059543466,LP,7.585043704239069e-13,0
2025-08-14,0.75,2551.067970822224,2223.6360450793672,72119.41182339094,199.29400335809822,53389.73760218702,1085.9719639195216,54475.70956610655,1657.2644270017597,1319.75036257143,19526.783089532037,16111.383035689521,54726.2303928768,LP,7.585043704239069e-13,0
2025-08-14,1.0,2551.067970822224,2223.6360450793672,72119.41182339094,199.29400335809822,53389.73760218702,1085.9719639195216,54475.70956610655,1657.2644270017597,1319.75036257143,19526.783089532037,16111.383035689521,54726.2303928768,LP,7.585043704239069e-13,0
2025-08-15,0.0,2223.6360450793672,2439.303017005292,40300.665545307456,0.0,22796.093850480767,0.0,22796.093850480767,456.88571425514107,19950.526419524984,13365.401334003525,10631.874805809524,22669.69278615356,MILP,7.958078640513122e-13,0
2025-08-15,0.25,2223.6360450793672,2300.875417978838,40300.665545307456,0.0,22779.053741472315,0.0,22779.053741472315,561.406395588474,19991.337431524982,13256.207364479716,10668.012529619049,22733.784227762015,MILP,7.958078640513122e-13,0
2025-08-15,0.5,2223.6360450793672,2210.7875108328058,40300.665545307456,0.0,22751.501761258136,0.0,22751.501761258136,656.0873498741882,19991.337431524982,13184.618744194002,10691.104863619048,22759.032206876705,MILP,6.063298011819521e-12,0
2025-08-15,0.75,2223.6360450793672,2210.7875108328058,40292.163219714275,0.0,22754.687940650558,0.0,22754.687940650558,656.0873498741882,19991.337431524982,13139.869662124633,10654.85810714286,22762.218386269127,MILP,1.2505552149377763e-12,0
2025-08-15,1.0,2223.6360450793672,2210.7875108328058,40292.163219714275,0.0,22754.687940650558,0.0,22754.687940650558,656.0873498741882,19991.337431524982,13139.869662124633,10654.85810714286,22762.218386269127,MILP,1.2505552149377763e-12,0
2025-08-16,0.0,2439.303017005292,2300.0465751185184,40126.33349648795,0.0,22875.210661984187,0.0,22875.210661984187,601.7702741410961,20292.48505463727,12779.624203900059,10476.826402857145,22956.34242241546,MILP,1.1937117960769683e-11,0
2025-08-16,0.25,2439.303017005292,2259.6122908539674,40126.33349648795,0.0,22817.640274481142,0.0,22817.640274481142,641.6765593791912,20292.48505463727,12761.12194390006,10498.23042809524,22922.329326910647,MILP,3.069544618483633e-12,0
2025-08-16,0.5,2439.303017005292,2275.2687626169313,40126.33349648795,0.0,22815.452451251476,0.0,22815.452451251476,641.6765593791912,20292.48505463727,12686.959709233393,10424.068193428573,22911.019935593635,MILP,2.13478617499479e-12,0
2025-08-16,0.75,2439.303017005292,2275.2687626169313,40126.33349648795,0.0,22815.452451251476,0.0,22815.452451251476,641.6765593791912,20292.48505463727,12686.959709233393,10424.068193428573,22911.019935593635,MILP,5.6417093219351955e-12,0
2025-08-16,1.0,2439.303017005292,2275.2687626169313,40126.33349648795,0.0,22815.452451251476,0.0,22815.452451251476,641.6765593791912,20292.48505463727,12686.959709233393,10424.068193428573,22911.019935593635,MILP,6.252776074688882e-12,0
2025-08-17,0.0,2300.0465751185184,2178.160729337569,72283.35089324343,69.64620009523753,53148.97559459777,578.1315273924239,53727.10712199019,2444.9977561269807,3263.2394506219853,18889.808058557323,15410.441788634282,53819.24185167447,LP,8.668621376273222e-13,0
2025-08-17,0.25,2300.0465751185184,2178.160729337569,72412.55180531806,69.64620009523753,52818.44760828945,578.1315273924239,53396.57913568187,2383.679349038215,3324.6996835626096,19569.06640709818,15960.64105095238,53488.71386536615,LP,8.668621376273222e-13,0
2025-08-17,0.5,2300.0465751185184,2149.143761401061,72412.55180531806,43.53092895238069,52765.703147899825,358.4368089031407,53124.13995680297,2320.3942826008265,3387.984749999999,19569.066407098177,15986.756322095236,53238.20890272013,LP,8.668621376273222e-13,0
2025-08-17,0.75,2300.0465751185184,2149.143761401061,72261.55230772017,43.53092895238069,52653.653774188206,358.4368089031407,53012.09058309135,2317.031346805412,3387.984749999999,18792.03187129571,15357.358348095235,53126.15952900851,LP,8.668621376273222e-13,0
2025-08-17,1.0,2300.0465751185184,2149.143761401061,72261.55230772017,43.53092895238069,52632.828168933236,358.4368089031407,52991.26497783638,2320.3320253239294,3384.684071481482,18792.03187129571,15357.358348095235,53105.33392375354,LP,8.668621376273222e-13,0
2025-08-18,0.0,2178.160729337569,2168.930028625398,72442.89799171193,132.611270952381,53395.62923482186,1115.5127389771433,54511.14197379901,2431.3564427783695,2044.6419833333339,19545.804476457368,15840.409256571427,54518.18319845576,LP,8.668621376273222e-13,0
2025-08-18,0.25,2178.160729337569,2168.930028625398,72595.1701757037,132.611270952381,53211.76476165283,1115.5127389771433,54327.27750062997,2452.380605873021,2024.8439635802472,20340.783637774242,16484.342377238096,54334.31872528672,LP,8.668621376273222e-13,0
2025-08-18,0.5,2178.160729337569,2134.924192117462,72595.1701757037,102.00601809523812,53071.40994172971,860.0659960050001,53931.475937734715,2429.5606502833693,2044.6419833333339,20356.688563229858,16527.830619714285,53964.4569845089,LP,8.668621376273222e-13,0
2025-08-18,0.75,2178.160729337569,2134.924192117462,72442.89799171193,102.00601809523812,52953.12436210824,860.0659960050001,53813.190358113236,2419.5210940693764,2044.6419833333339,19608.09578545208,15921.470469714286,53846.17140488742,LP,8.668621376273222e-13,0
2025-08-18,1.0,2178.160729337569,2134.924192117462,72442.89799171193,102.00601809523812,52944.055423831145,860.0659960050001,53804.12141983614,2419.521094069376,2044.6419833333339,19608.09578545208,15921.470469714286,53837.102466610326,LP,8.668621376273222e-13,0
2025-08-19,0.0,2168.930028625398,1852.4128791502637,72283.00706105233,115.82866466666655,53193.5115401163,987.5119954816656,54181.02353559797,2148.776426036449,2802.007333333332,17975.0386888254,14844.64677247619,54421.140962472105,LP,8.526512829121202e-13,0
2025-08-19,0.25,2168.930028625398,1852.4128791502637,72438.31099473251,115.82866466666655,52973.366915707564,987.5119954816656,53960.87891118923,2158.272145105233,2802.007333333332,18742.450344674897,15466.250213714286,54200.99633806337,LP,8.526512829121202e-13,0
2025-08-19,0.5,2168.930028625398,1852.4128791502637,72438.31099473251,115.82866466666655,52867.44192972994,987.5119954816656,53854.9539252116,1900.0480013474414,3056.2459381704884,18763.42686530982,15483.24119542857,54095.07135208574,LP,8.526512829121202e-13,0
2025-08-19,0.75,2168.930028625398,1852.4128791502637,72283.00706105233,115.82866466666655,52873.97694016856,987.5119954816656,53861.48893565023,1885.1420675379177,3062.677143032332,17990.641577243976,14857.285112095238,54101.60636252437,LP,8.526512829121202e-13,0
2025-08-19,1.0,2168.930028625398,1852.4128791502637,72283.00706105233,115.82866466666655,52891.7575022736,987.5119954816656,53879.26949775526,1875.1948886807752,3072.624321889476,17990.641577243976,14857.285112095238,54119.3869246294,LP,8.526512829121202e-13,0
2025-08-20,0.0,1852.4128791502637,1630.2109173555552,72871.02814889594,2099.437016692373,54088.80807922131,16170.35038621617,70259.15846543747,816.5785796907725,0.0,19490.406762348033,15987.211243117148,70432.41239032579,LP,8.810729923425242e-13,0
2025-08-20,0.25,1852.4128791502637,1630.2109173555552,73022.4922076414,2099.437016692366,53892.36097576013,14325.492527673803,68217.85350343393,808.9396933368596,0.0,20327.79068392358,16665.492219593347,68391.10742832224,LP,8.810729923425242e-13,0
2025-08-20,0.5,1852.4128791502637,1630.2109173555552,73022.4922076414,1790.5286623771253,53853.196018402436,11425.949291498082,65279.145309900516,425.9359263809524,0.0,20717.766539927106,16981.372662956204,65452.39923478883,LP,8.810729923425242e-13,0
2025-08-20,0.75,1852.4128791502637,1630.2109173555552,72871.02814889594,1790.09620723427,53854.11312181128,11423.440402986806,65277.55352479809,425.40203114285737,0.0,19921.121178610236,16336.089920289538,65450.8074496864,LP,8.810729923425242e-13,0
2025-08-20,1.0,1852.4128791502637,1630.2109173555552,72871.02814889594,1717.1356129085539,53889.65918542745,11000.159515006164,64889.818700433614,335.32722333333334,0.0,20011.19598641976,16409.050514615254,65063.072625321925,LP,8.810729923425242e-13,0
2025-08-21,0.0,1630.2109173555552,1854.9618214603195,74223.70503470546,0.0,53980.209930799865,0.0,53980.209930799865,2773.6052160975864,1838.26615,18763.89142936978,14996.476244095238,53808.84045674491,LP,9.094947017729282e-13,0
2025-08-21,0.25,1630.2109173555552,1854.9618214603195,74223.70503470546,0.0,53817.37321313503,0.0,53817.37321313503,2778.1807798788896,1838.26615,18739.809514731336,14976.969893238094,53646.00373908008,LP,9.094947017729282e-13,0
2025-08-21,0.5,1630.2109173555552,1854.9618214603195,74292.70105648441,0.0,53874.807824545715,0.0,53874.807824545715,2788.276403763663,1838.26615,19049.81160891123,15228.07158952381,53703.43835049076,LP,9.094947017729282e-13,0
2025-08-21,0.75,1630.2109173555552,1854.9618214603195,74223.70503470546,0.0,53854.83283642653,0.0,53854.83283642653,2687.1381331663724,1929.3087967125177,18739.809514731336,14976.969893238094,53683.46336237158,LP,9.094947017729282e-13,0
2025-08-21,1.0,1630.2109173555552,1854.96182146032,74223.70503470546,0.0,53883.7995030932,0.0,53883.7995030932,2687.1381331663724,1929.3087967125177,18739.809514731336,14976.969893238094,53712.430029038245,LP,9.094947017729282e-13,0
2025-08-22,0.0,1854.9618214603195,1486.6533281999998,40303.6915216214,36.176268870474175,22890.479933394883,73.87194103350826,22964.351874428394,74.96739666666656,16787.300608947677,13571.094888483243,11324.064503605714,23183.283190149043,MILP,1.0231815394945443e-12,0
2025-08-22,0.25,1854.9618214603195,1486.6533281999998,40303.6915216214,30.6764875771406,22758.020275940657,62.641387632521095,22820.661663573177,84.03061076190511,16781.78014360964,13523.502625059375,11285.514770232383,23039.592979293826,MILP,5.4569682106375694e-12,0
2025-08-22,0.5,1854.9618214603195,1486.6533281999998,40303.6915216214,33.57257334380747,22753.53895935771,68.55519476805485,22822.094154125763,84.03061076190511,16799.1153881164,13447.507052743093,11223.95835665619,23041.025469846412,MILP,1.0231815394945443e-12,0
2025-08-22,0.75,1854.9618214603195,1486.6533281999998,40303.6915216214,33.57257334380747,22753.53895935771,68.55519476805485,22822.094154125763,84.03061076190511,16799.1153881164,13447.507052743093,11223.95835665619,23041.025469846412,MILP,1.0231815394945443e-12,0
2025-08-22,1.0,1854.9618214603195,1486.6533281999998,40281.695549542856,33.57257334380829,22750.17936909998,68.55519476805651,22818.734563868038,84.03061076190511,16781.78014360964,13422.976907628456,11204.088939113335,23037.665879588687,MILP,1.8758328224066645e-12,0
2025-08-23,0.0,1486.6533281999998,2018.5248978264526,40956.32355367901,0.0,22897.271353670483,0.0,22897.271353670483,293.5958798600827,15060.614300124631,13649.593742265726,10577.486518571428,22581.724250941155,MILP,1.1368683772161603e-12,0
2025-08-23,0.25,1486.6533281999998,1979.019094723807,40956.32355367901,0.0,22733.644647174373,0.0,22733.644647174373,363.3555254791302,15031.781901650791,13621.319929882424,10590.139953333333,22441.535423854148,MILP,1.1368683772161603e-12,0
2025-08-23,0.5,1486.6533281999998,1916.1332087280416,40956.32355367901,0.0,22717.481986986102,0.0,22717.481986986102,435.34812995532053,15031.781901650791,13540.291997882425,10581.104625809523,22462.681505591052,MILP,3.3026026358129457e-11,0
2025-08-23,0.75,1486.6533281999998,1916.1332087280416,40956.32355367901,0.0,22717.481986986102,0.0,22717.481986986102,435.34812995532053,15031.781901650791,13540.291997882425,10581.104625809523,22462.681505591052,MILP,3.3026026358129457e-11,0
2025-08-23,1.0,1486.6533281999998,1916.1332087280398,40891.314579572376,0.0,22721.348995981534,0.0,22721.348995981534,435.34812995532053,15031.781901650791,13198.139502584363,10303.961104618096,22466.548514586484,MILP,1.0231815394945443e-12,0
2025-08-24,0.0,2018.5248978264526,2100.0782866380923,76078.14630069723,0.0,55178.69278616475,0.0,55178.69278616475,4252.593057452084,4261.4937493356865,19774.062950766613,15943.592940190476,55116.96344607631,LP,1.0231815394945443e-12,0
2025-08-24,0.25,2018.5248978264526,2100.0782866380923,76078.14630069723,0.0,55009.53957079521,0.0,55009.53957079521,4295.056697989418,4226.229044444445,19736.173815787184,15912.902740857144,54947.810230706775,LP,1.0231815394945443e-12,0
2025-08-24,0.5,2018.5248978264526,2100.0782866380923,76132.7140991098,0.0,54829.31996315566,0.0,54829.31996315566,4555.729334720753,3961.3699964362127,20045.406498363318,16163.381213743813,54767.590623067226,LP,7.958078640513122e-13,0
2025-08-24,0.75,2018.5248978264526,2100.0782866380923,76078.14630069723,0.0,54757.907480849986,0.0,54757.907480849986,4126.352660705472,4382.703466666667,19800.54021084891,15965.039520857143,54696.17814076155,LP,1.0231815394945443e-12,0
2025-08-24,1.0,2018.5248978264526,2100.0782866380923,76078.14630069723,0.0,54771.46927073,0.0,54771.46927073,4126.352660705473,4382.703466666667,19800.54021084891,15965.039520857143,54709.73993064156,LP,1.0231815394945443e-12,0
2025-08-25,0.0,2100.0782866380923,1707.2043083703695,76204.94830689124,194.44487727809246,55730.98425194171,1651.7392593657878,57382.72351130749,1420.112332058792,671.1679166666668,20466.38157483245,16931.35565605524,57686.86346393614,LP,9.094947017729282e-13,0
2025-08-25,0.25,2100.0782866380923,1707.2043083703695,76204.94830689124,194.44487727809246,55641.27355433465,1651.7392593657878,57293.012813700436,1438.2357805408617,671.1679166666668,20370.995003874188,16854.09253357905,57597.15276632908,LP,9.094947017729282e-13,0
2025-08-25,0.5,2100.0782866380923,1707.2043083703695,76238.42168992877,194.44487727809246,55426.07072577872,1651.7392593657878,57077.80998514451,1449.7363358013013,671.1679166666668,20486.641465858895,16947.76616778666,57381.949937773155,LP,9.094947017729282e-13,0
2025-08-25,0.75,2100.0782866380923,1707.2043083703695,76204.94830689124,194.44487727809246,55361.0136517871,1651.7392593657878,57012.752911152886,1268.760772564377,848.1037247454473,20331.727634914754,16822.285964721905,57316.89286378153,LP,9.094947017729282e-13,0
2025-08-25,1.0,2100.0782866380923,1707.2043083703695,76204.94830689124,194.44487727809246,55361.0136517871,1651.7392593657878,57012.752911152886,1268.760772564377,848.1037247454473,20331.727634914754,16822.285964721905,57316.89286378153,LP,9.094947017729282e-13,0
2025-08-26,0.0,1707.2043083703695,2289.724857334393,77810.48083583773,0.0,55600.937990611346,0.0,55600.937990611346,5546.897169327447,2347.2462063786024,20332.897803845968,15945.378727047619,55158.236208261726,LP,9.094947017729282e-13,0
2025-08-26,0.25,1707.2043083703695,2289.724857334393,77810.48083583773,0.0,55571.67485911247,0.0,55571.67485911247,5546.641323325097,2352.9642563786024,20304.14936175308,15922.092488952381,55128.97307676285,LP,9.094947017729282e-13,0
2025-08-26,0.5,1707.2043083703695,2289.724857334393,77810.48083583773,0.0,55649.13798929651,0.0,55649.13798929651,5542.204490238676,2352.9642563786024,20327.5011148395,15941.00740895238,55206.43620694689,LP,9.094947017729282e-13,0
2025-08-26,0.75,1707.2043083703695,2289.724857334393,77810.48083583773,0.0,55627.80350731288,0.0,55627.80350731288,5399.989963283947,2495.178783333334,20327.5011148395,15941.00740895238,55185.10172496326,LP,9.094947017729282e-13,0
2025-08-26,1.0,1707.2043083703695,2289.724857334393,77810.48083583773,0.0,55600.84834364488,0.0,55600.84834364488,5399.989963283944,2495.178783333334,20327.5011148395,15941.00740895238,55158.14656129526,LP,9.094947017729282e-13,0
2025-08-27,0.0,2289.724857334393,1885.1668969915347,76984.80180751321,16.225255619048085,55755.491352859244,134.3372614190515,55889.828614278296,3521.03750377895,2044.1890781892992,20451.335677925927,16929.684063428573,56200.548850022176,LP,7.673861546209082e-13,0
2025-08-27,0.25,2289.724857334393,1885.1668969915347,76984.80180751321,16.225255619048085,55408.90560550683,134.3372614190515,55543.24286692588,3517.267137112285,2047.9594448559667,20451.335677925927,16929.684063428573,55853.96310266976,LP,7.673861546209082e-13,0
2025-08-27,0.5,2289.724857334393,1885.1668969915347,76984.80180751321,16.225255619048085,55332.618316871565,134.3372614190515,55466.95557829062,3515.2153693345085,2047.9594448559667,20462.1344557037,16938.431073428572,55777.6758140345,LP,7.673861546209082e-13,0
2025-08-27,0.75,2289.724857334393,1885.1668969915347,76984.80180751321,16.225255619048085,55429.89923224749,134.3372614190515,55564.23649366654,3149.6734141904753,2413.5014,20462.1344557037,16938.431073428572,55874.95672941042,LP,7.673861546209082e-13,0
2025-08-27,1.0,2289.724857334393,1885.1668969915347,76984.80180751321,16.225255619048085,55440.75394942533,134.3372614190515,55575.09121084438,3149.673414190475,2413.5014,20462.1344557037,16938.431073428572,55885.81144658826,LP,7.673861546209082e-13,0
2025-08-28,0.0,1885.1668969915347,1928.8909241407414,76463.18450198119,46.880709523809514,55516.81030758883,388.3171611380952,55905.127468726925,1669.2331361222814,0.0,21229.923513763664,17156.886421714284,55871.1471497353,LP,8.242295734817162e-13,0
2025-08-28,0.25,1885.1668969915347,1928.8909241407414,76463.18450198119,46.880709523809514,55557.90248594895,388.3171611380952,55946.21964708705,1680.2903180616904,0.0,21171.727819345717,17109.747909235746,55912.23932809542,LP,8.242295734817162e-13,0
2025-08-28,0.5,1885.1668969915347,1928.8909241407414,76559.0725681693,46.880709523809514,55506.89198342597,388.3171611380952,55895.20914456407,1688.141300175194,0.0,21635.080893422688,17485.063899238092,55861.22882557244,LP,8.242295734817162e-13,0
2025-08-28,0.75,1885.1668969915347,1928.8909241407414,76463.18450198119,46.880709523809514,55477.05531274525,388.3171611380952,55865.37247388335,1681.38974004821,0.0,21165.941387837738,17105.060899714284,55831.39215489172,LP,8.242295734817162e-13,0
2025-08-28,1.0,1885.1668969915347,1928.8909241407414,76463.18450198119,46.880709523809514,55493.47493569688,388.3171611380952,55881.79209683497,1681.3897400482101,0.0,21165.941387837738,17105.060899714284,55847.811777843344,LP,8.242295734817162e-13,0
2025-08-29,0.0,1928.8909241407414,1942.5849956095235,41237.63937088066,0.0,23169.69554602252,0.0,23169.69554602252,743.8070314285724,15221.776714796004,14234.26637017989,11517.431095523809,23161.505712433875,MILP,1.3642420526593924e-12,0
2025-08-29,0.25,1928.8909241407414,1866.290473920636,41237.63937088066,0.0,23120.33783671424,0.0,23120.33783671424,904.8304804761917,15146.546366019988,14144.118839908288,11513.07666552381,23157.77646634647,MILP,3.98535525568554e-12,0
2025-08-29,0.5,1928.8909241407414,1784.4022373777775,41237.63937088066,0.0,23118.2266001216,0.0,23118.2266001216,935.0406792380963,15194.943568605528,14118.287321703701,11565.852548666666,23204.639052599912,MILP,4.263256414560601e-12,0
2025-08-29,0.75,1928.8909241407414,1784.4022373777775,41237.63937088066,0.0,23118.2266001216,0.0,23118.2266001216,935.0406792380963,15194.943568605528,14118.287321703701,11565.852548666666,23204.639052599912,MILP,2.2168933355715126e-12,0
2025-08-29,1.0,1928.8909241407414,1784.4022373777775,41237.63937088066,0.0,23127.229767849167,0.0,23127.229767849167,935.0406792380963,15194.943568605528,14118.287321703701,11565.852548666666,23213.642220327478,MILP,7.958078640513122e-13,0
2025-08-30,0.0,1942.5849956095235,1681.5598685100535,41316.22081616931,0.0,23595.195894540757,0.0,23595.195894540757,620.7335938142277,19944.003730018812,13019.4014389077,10780.637779904762,23748.99092058354,MILP,3.9449332689400766e-12,0
2025-08-30,0.25,1942.5849956095235,1689.707418210582,41316.22081616931,0.0,23567.05080367657,0.0,23567.05080367657,656.3387843856564,19903.184363728393,13008.250812531453,10764.272977809524,23716.045323989114,MILP,1.8701484805205836e-12,0
2025-08-30,0.5,1942.5849956095235,1574.0628858211626,41316.22081616931,0.0,23437.27240905275,0.0,23437.27240905275,775.7798762622007,19900.662349457965,12940.677136449147,10813.618379333335,23654.404254182144,MILP,2.021099337273174e-12,0
2025-08-30,0.75,1942.5849956095235,1574.0628858211626,41316.22081616931,0.0,23437.27240905275,0.0,23437.27240905275,775.7798762622007,19900.662349457965,12940.677136449145,10813.618379333335,23654.404254182144,MILP,3.410605131648481e-12,0
2025-08-30,1.0,1942.5849956095235,1574.0628858211626,41208.624932913575,0.0,23439.784997749193,0.0,23439.784997749193,775.7798762622007,19893.057324432688,12414.409461552026,10387.341562666668,23656.916842878585,MILP,9.094947017729282e-13,0
2025-08-31,0.0,1681.5598685100535,2386.5437421291017,78295.30179552968,18.217386666666698,56085.99529330196,151.93133572333358,56237.92662902529,4536.673750079955,2629.044000000001,20351.015065925923,15849.836717142858,55700.80999047304,LP,9.348077867343818e-13,0
2025-08-31,0.25,1681.5598685100535,2395.7523527111116,78295.30179552968,26.50513619047615,56004.57300127054,218.3203532838092,56222.89335455435,4536.673750079952,2629.044000000001,20351.015065925927,15841.548967619048,55678.760813728826,LP,9.348077867343818e-13,0
2025-08-31,0.5,1681.5598685100535,2395.7523527111116,78295.30179552968,26.50513619047615,55986.01469908355,218.3203532838092,56204.33505236736,4539.249831626105,2629.044000000001,20337.456741998823,15830.566725238095,55660.20251154184,LP,9.348077867343818e-13,0
2025-08-31,0.75,1681.5598685100535,2395.7523527111116,78295.30179552968,26.50513619047615,55959.13831801251,218.3203532838092,56177.45867129632,4539.249831626106,2629.044000000001,20337.456741998823,15830.566725238095,55633.3261304708,LP,9.348077867343818e-13,0
2025-08-31,1.0,1681.5598685100535,2395.7523527111116,78295.30179552968,26.50513619047615,55959.13831801251,218.3203532838092,56177.45867129632,4539.249831626106,2629.044000000001,20337.456741998823,15830.566725238095,55633.3261304708,LP,9.348077867343818e-13,0
2025-09-01,0.0,2386.5437421291017,5918.914784173546,78277.3543748054,0.0,50650.67006172973,0.0,50650.67006172973,12661.550195084075,5125.141433333333,19670.49618534038,12753.967972285713,48260.81131725604,LP,9.094947017729282e-13,0
2025-09-01,0.25,2386.5437421291017,5918.914784173546,78277.3543748054,0.0,50565.094572195885,0.0,50565.094572195885,12661.550195084077,5125.141433333333,19670.496185340384,12753.967972285713,48175.235827722194,LP,8.881784197001252e-13,0
2025-09-01,0.5,2386.5437421291017,5918.914784173548,78277.3543748054,0.0,50512.34626983707,0.0,50512.34626983707,12661.550195084079,5125.141433333333,19670.49618534038,12753.967972285713,48122.48752536338,LP,8.881784197001252e-13,0
2025-09-01,0.75,2386.5437421291017,5918.914784173548,78277.3543748054,0.0,50495.70340550392,0.0,50495.70340550392,12661.550195084079,5125.141433333333,19670.49618534038,12753.967972285713,48105.84466103023,LP,8.881784197001252e-13,0
2025-09-01,1.0,2386.5437421291017,5918.914784173548,78277.3543748054,0.0,50513.0116070318,0.0,50513.0116070318,12661.550195084079,5125.141433333333,19670.49618534038,12753.967972285713,48123.15286255811,LP,8.881784197001252e-13,0
2025-09-02,0.0,5918.914784173546,5776.465304770369,73149.44187129807,0.0,47907.004493180495,0.0,47907.004493180495,12094.282413233403,3743.7384833333335,17799.31397996942,14545.648855238092,48003.669819594244,LP,1.0231815394945443e-12,0
2025-09-02,0.25,5918.914784173546,5776.465304770369,73149.44187129807,0.0,47976.18517137839,0.0,47976.18517137839,11975.974033522643,3862.0468630440982,17799.313979969418,14545.648855238092,48072.85049779214,LP,1.0231815394945443e-12,0
2025-09-02,0.5,5918.914784173546,5776.465304770369,73149.44187129807,0.0,47927.7962120098,0.0,47927.7962120098,11975.974033522636,3862.0468630440982,17799.313979969425,14545.648855238092,48024.46153842355,LP,1.0231815394945443e-12,0
2025-09-02,0.75,5918.914784173546,5776.465304770369,73149.44187129807,0.0,47949.80905730961,0.0,47949.80905730961,11975.974033522638,3862.0468630440982,17799.313979969425,14545.648855238092,48046.47438372336,LP,1.0231815394945443e-12,0
2025-09-02,1.0,5918.914784173546,5776.465304770369,73149.44187129807,0.0,47949.80905730961,0.0,47949.80905730961,11975.974033522638,3862.0468630440982,17799.313979969425,14545.648855238092,48046.47438372336,LP,1.0231815394945443e-12,0
2025-09-03,0.0,5776.465304770369,5355.4068102677265,73170.78695317931,0.0,49425.69853988013,0.0,49425.69853988013,10465.156006085832,4573.8327403421545,15594.913693703711,13010.83273695238,49714.079397472524,LP,9.094947017729282e-13,0
2025-09-03,0.25,5776.465304770369,5355.4068102677265,73170.78695317931,0.0,49439.004803686126,0.0,49439.004803686126,10443.996252657256,4594.992493770725,15594.913693703716,13010.83273695238,49727.38566127852,LP,9.094947017729282e-13,0
2025-09-03,0.5,5776.465304770369,5355.4068102677265,73170.78695317931,0.0,49308.78767272568,0.0,49308.78767272568,10443.996252657258,4594.992493770725,15594.913693703713,13010.83273695238,49597.16853031807,LP,9.094947017729282e-13,0
2025-09-03,0.75,5776.465304770369,5355.4068102677265,73193.43137327103,0.0,49287.276046046565,0.0,49287.276046046565,10445.67775316167,4599.5264,15681.382185061733,13080.872214952378,49575.656903638956,LP,9.094947017729282e-13,0
2025-09-03,1.0,5776.465304770369,5355.4068102677265,73193.43137327103,0.0,49325.44271271324,0.0,49325.44271271324,10445.677753161672,4599.5264,15681.382185061731,13080.872214952378,49613.82357030563,LP,9.094947017729282e-13,0
2025-09-04,0.0,5355.4068102677265,5488.736657341802,72223.4152738542,0.0,47894.09589494634,0.0,47894.09589494634,10490.035278429163,4339.372323201653,17623.396104509105,14154.953982285713,47803.258520128235,LP,9.352518759442319e-13,0
2025-09-04,0.25,5355.4068102677265,5488.736657341802,72223.4152738542,0.0,47942.679606512414,0.0,47942.679606512414,10490.035278429159,4339.372323201653,17623.39610450911,14154.953982285713,47851.84223169431,LP,9.352518759442319e-13,0
2025-09-04,0.5,5355.4068102677265,5488.736657341802,72223.4152738542,0.0,47927.82004496629,0.0,47927.82004496629,10490.035278429159,4339.372323201653,17623.39610450911,14154.953982285713,47836.98267014819,LP,9.352518759442319e-13,0
2025-09-04,0.75,5355.4068102677265,5488.736657341802,72363.13915432099,0.0,47914.9123286968,0.0,47914.9123286968,10547.437744396244,4291.0201333333325,18311.151916972365,14712.036190380946,47824.0749538787,LP,9.352518759442319e-13,0
2025-09-04,1.0,5355.4068102677265,5488.736657341802,72363.13915432099,0.0,47950.43094579129,0.0,47950.43094579129,10547.437744396244,4291.0201333333325,18311.151916972365,14712.036190380946,47859.593570973186,LP,9.352518759442319e-13,0
2025-09-05,0.0,5488.736657341802,5722.927544496296,37072.25762534476,0.0,18697.766794913325,0.0,18697.766794913325,2437.5352106631376,25176.166120744267,12755.383309640214,10121.088682369525,18580.021178885614,MILP,1.0231815394945443e-12,0
2025-09-05,0.25,5488.736657341802,5535.6851872253965,37072.257625344755,0.0,18757.534724120866,0.0,18757.534724120866,2655.2222899999997,25174.780370544384,12503.892743360379,10085.899445226669,18733.93011832298,MILP,3.2741809263825417e-11,0
2025-09-05,0.5,5488.736657341802,5535.6851872253965,37072.257625344755,0.0,18739.073905366964,0.0,18739.073905366964,2655.2222899999997,25192.804677071133,12409.027972166963,10009.058980560003,18715.46929956908,MILP,2.475846688159638e-12,0
2025-09-05,0.75,5488.736657341802,5183.69752820529,37072.257625344755,0.0,18744.021542259805,0.0,18744.021542259805,3029.8877988571426,25201.460276881833,12058.858416641977,10042.21053370286,18897.387971710326,MILP,6.320988177321851e-11,0
2025-09-05,1.0,5488.736657341802,5183.697528205292,37230.59095867809,0.0,18774.591214565247,0.0,18774.591214565247,3108.7109443809522,25151.286956131684,12741.403198534981,10595.071807036193,18927.95764401577,MILP,2.0463630789890885e-12,0
2025-09-06,0.0,5722.927544496296,6045.471719514287,36420.38629328666,0.0,18521.31144238178,0.0,18521.31144238178,2005.7340724761902,23895.505095730747,13198.808776650203,10400.745351570475,18357.09130111312,MILP,2.0463630789890885e-12,0
2025-09-06,0.25,5722.927544496296,6045.471719514287,36420.38629328667,0.0,18526.16061642743,0.0,18526.16061642743,2005.7340724761902,23889.802830586716,13228.820698460902,10425.05500823714,18361.94047515877,MILP,2.0463630789890885e-12,0
2025-09-06,0.5,5722.927544496296,6045.471719514287,36420.38629328666,0.0,18538.903363584934,0.0,18538.903363584934,2005.7340724761902,23919.708963039386,13071.420001341563,10297.560443570475,18374.683222316275,MILP,2.0463630789890885e-12,0
2025-09-06,0.75,5722.927544496296,5638.260972841273,36420.38629328666,0.0,18626.247115805007,0.0,18626.247115805007,2480.4788199047616,23927.217620812826,12462.137195045269,10170.53104247619,18669.354254097445,MILP,7.958078640513122e-13,0
2025-09-06,1.0,5722.927544496296,5638.260972841273,36420.38629328666,0.0,18626.247115805007,0.0,18626.247115805007,2480.4788199047616,23927.217620812826,12462.137195045269,10170.53104247619,18669.354254097445,MILP,7.958078640513122e-13,0
2025-09-07,0.0,6045.471719514287,5744.8050480687825,69180.88367253261,0.0,45904.04061436576,0.0,45904.04061436576,8642.79858676072,2545.1657499999997,17381.766965295705,14349.831246190475,46109.51095596487,LP,9.094947017729282e-13,0
2025-09-07,0.25,6045.471719514287,5744.8050480687825,69241.61922104136,0.0,46066.97279129761,0.0,46066.97279129761,8658.508518902994,2545.1657499999997,17618.74389354027,14541.782558068575,46272.44313289672,LP,1.0231815394945443e-12,0
2025-09-07,0.5,6045.471719514287,5744.8050480687825,69291.52833577659,0.0,46058.82013286697,0.0,46058.82013286697,8658.50851890299,2545.1657499999997,17881.423444778367,14754.55299457143,46264.29047446608,LP,1.0231815394945443e-12,0
2025-09-07,0.75,6045.471719514287,5744.8050480687825,69291.52833577659,0.0,45964.92015284926,0.0,45964.92015284926,8658.508518902992,2545.1657499999997,17881.423444778364,14754.55299457143,46170.39049444837,LP,1.0231815394945443e-12,0
2025-09-07,1.0,6045.471719514287,5744.8050480687825,69291.52833577659,0.0,45964.92015284926,0.0,45964.92015284926,8658.508518902992,2545.1657499999997,17881.423444778364,14754.55299457143,46170.39049444837,LP,1.0231815394945443e-12,0
2025-09-08,0.0,5744.8050480687825,4818.24473908995,66956.51651034567,0.0,45010.859369146565,0.0,45010.859369146565,3680.8696509758925,1441.7492716355073,17222.27543411523,14783.947379714284,45655.90401764875,LP,9.094947017729282e-13,0
2025-09-08,0.25,5744.8050480687825,4818.24473908995,67021.12311498672,0.0,45064.187328339496,0.0,45064.187328339496,3828.727144785416,1293.8917778259859,17562.310195383896,15059.375536341906,45709.23197684168,LP,8.384404281969182e-13,0
2025-09-08,0.5,5744.8050480687825,4818.244739089951,67047.96836809053,0.0,45032.79756260136,0.0,45032.79756260136,3828.762217310989,1293.8917778259859,17703.41640895356,15173.671569333332,45677.84221110354,LP,9.094947017729282e-13,0
2025-09-08,0.75,5744.8050480687825,4818.244739089951,67047.96836809053,0.0,45032.79756260136,0.0,45032.79756260136,3828.762217310989,1293.8917778259859,17703.41640895356,15173.671569333332,45677.84221110354,LP,9.094947017729282e-13,0
2025-09-08,1.0,5744.8050480687825,4818.244739089951,67047.96836809053,0.0,45068.31596970655,0.0,45068.31596970655,3828.727144785416,1293.8917778259859,17703.601001193416,15173.821089047618,45713.36061820873,LP,8.384404281969182e-13,0
2025-09-09,0.0,4818.24473908995,4786.2408636984155,68009.24513644208,0.0,45067.93278599036,0.0,45067.93278599036,6438.9698468312745,5137.683702685483,17676.635832163425,14346.87851190476,45089.58964844843,LP,9.094947017729282e-13,0
2025-09-09,0.25,4818.24473908995,4786.2408636984155,68045.23103286784,0.0,45052.80272483037,0.0,45052.80272483037,6496.367887116989,5093.847037837745,17794.65962683597,14442.477785589523,45074.459587288446,LP,8.597567102697212e-13,0
2025-09-09,0.5,4818.24473908995,4786.2408636984155,68099.20927740975,0.0,45036.90691335147,0.0,45036.90691335147,6496.367887116989,5093.847037837745,18078.755650740735,14672.595564952382,45058.56377580955,LP,8.597567102697212e-13,0
2025-09-09,0.75,4818.24473908995,4786.2408636984155,68099.20927740975,0.0,45073.81728002763,0.0,45073.81728002763,6496.367887116989,5093.847037837745,18078.755650740735,14672.595564952382,45095.474142485706,LP,8.597567102697212e-13,0
2025-09-09,1.0,4818.24473908995,4786.2408636984155,68099.20927740975,0.0,45123.289554554816,0.0,45123.289554554816,6496.367887116986,5093.847037837745,18078.755650740735,14672.595564952382,45144.94641701289,LP,8.597567102697212e-13,0
2025-09-10,0.0,4786.2408636984155,4596.088809841269,67698.08154233157,296.37601666666484,45826.57312729453,1550.4782996166568,47377.05142691118,3030.138715517931,0.0,20102.405483956492,16454.085290476192,47510.85025577729,LP,9.094947017729282e-13,0
2025-09-10,0.25,4786.2408636984155,4596.088809841269,67853.49893701827,939.1719626619054,45700.76267620313,5003.342152189032,50704.10482839216,3828.3520561998844,0.0,20102.40548395649,16454.085290476192,50837.90365725827,LP,9.094947017729282e-13,0
2025-09-10,0.5,4786.2408636984155,4596.08880984127,67860.3791468054,968.5033833333317,45658.285573575864,5167.422119424991,50825.707693000855,3864.563686658431,0.0,20102.405483956492,16454.085290476192,50959.50652186696,LP,9.094947017729282e-13,0
2025-09-10,0.75,4786.2408636984155,4596.088809841269,67860.3791468054,968.5033833333317,45661.315731247865,5167.422119424991,50828.73785067286,3864.563686658432,0.0,20102.405483956492,16454.085290476192,50962.536679538964,LP,9.094947017729282e-13,0
2025-09-10,1.0,4786.2408636984155,4596.088809841269,67860.3791468054,968.5033833333317,45661.13760540146,5167.422119424991,50828.55972482645,3864.563686658431,0.0,20102.405483956492,16454.085290476192,50962.35855369256,LP,9.094947017729282e-13,0
2025-09-11,0.0,4596.088809841269,4802.587337518519,69292.72779655732,0.0,45621.4232963086,0.0,45621.4232963086,7376.391981236923,4680.02805,18707.22793198706,14967.005949999997,45481.46737043639,LP,8.952838470577262e-13,0
2025-09-11,0.25,4596.088809841269,4802.587337518519,69292.72779655732,0.0,45701.317944343864,0.0,45701.317944343864,7376.3919812369195,4680.02805,18707.227931987065,14967.005949999997,45561.36201847165,LP,8.952838470577262e-13,0
2025-09-11,0.5,4596.088809841269,4802.587337518519,69292.72779655732,0.0,45674.61664139769,0.0,45674.61664139769,7376.391981236918,4680.02805,18707.227931987065,14967.005949999997,45534.660715525475,LP,8.952838470577262e-13,0
2025-09-11,0.75,4596.088809841269,4802.58733751852,69292.72779655732,0.0,45569.45840851063,0.0,45569.45840851063,7376.39198123692,4680.02805,18707.227931987065,14967.005949999997,45429.50248263842,LP,8.952838470577262e-13,0
2025-09-11,1.0,4596.088809841269,4802.58733751852,69292.72779655732,0.0,45546.34378408827,0.0,45546.34378408827,7376.39198123692,4680.02805,18707.227931987065,14967.005949999997,45406.387858216054,LP,8.952838470577262e-13,0
2025-09-12,0.0,4802.587337518519,5081.5353283544955,35096.85593575714,0.0,17573.089670070796,0.0,17573.089670070796,1114.4127548571428,19754.775256190474,12762.939647142855,10086.927922433333,17428.712640686383,MILP,2.595470505184494e-10,0
2025-09-12,0.25,4802.587337518519,5081.5353283544955,35096.85593575714,0.0,17573.089670070796,0.0,17573.089670070796,1114.4127548571428,19754.775256190474,12762.939647142855,10086.927922433333,17428.712640686383,MILP,5.60476109967567e-11,0
2025-09-12,0.5,4802.587337518519,5087.832628037035,35096.85593575714,0.0,17574.300111664375,0.0,17574.300111664375,1114.4127548571428,19762.82313299236,12690.75308653145,10022.789238623809,17426.663745589336,MILP,5.900346877751872e-11,0
2025-09-12,0.75,4802.587337518519,5090.179315724865,35096.855935757136,0.0,17572.68698908223,0.0,17572.68698908223,1114.4127548571428,19762.82313299236,12679.637197483831,10011.673349576191,17423.83603172712,MILP,1.8189894035458565e-12,0
2025-09-12,1.0,4802.587337518519,5090.179315724865,35096.855935757136,0.0,17572.68698908223,0.0,17572.68698908223,1114.4127548571428,19762.82313299236,12679.637197483831,10011.673349576191,17423.83603172712,MILP,1.8189894035458565e-12,0
2025-09-13,0.0,5081.5353283544955,5445.944860185186,35163.44751505238,0.0,17574.14102364605,0.0,17574.14102364605,725.114016449148,23648.584592557316,12919.362337184011,10136.714914471428,17388.341585455153,MILP,3.637978807091713e-12,0
2025-09-13,0.25,5081.5353283544955,5445.944860185186,35163.44751505238,0.0,17574.14102364605,0.0,17574.14102364605,725.114016449148,23648.584592557316,12919.362337184011,10136.714914471428,17388.341585455153,MILP,1.6370904631912708e-11,0
2025-09-13,0.5,5081.5353283544955,5445.944860185186,35163.44751505238,0.0,17560.599207023046,0.0,17560.599207023046,725.114016449148,23653.009371646087,12896.074026190478,10117.851382566665,17374.79976883215,MILP,1.6370904631912708e-11,0
2025-09-13,0.75,5081.5353283544955,5450.036683296296,35163.44751505238,0.0,17571.360715981617,0.0,17571.360715981617,725.114016449148,23653.009371646087,12876.691706190477,10098.469062566664,17383.475002957563,MILP,1.6370904631912708e-11,0
2025-09-13,1.0,5081.5353283544955,5450.036683296296,35163.44751505238,0.0,17571.360715981617,0.0,17571.360715981617,725.114016449148,23653.009371646087,12876.691706190477,10098.469062566664,17383.475002957563,MILP,3.637978807091713e-12,0
2025-09-14,0.0,5445.944860185186,4487.227906111115,68054.8780643198,0.0,45883.59070573429,0.0,45883.59070573429,5239.808548095237,146.7241269077006,18062.4520946502,15493.431455333332,46553.07773471662,LP,1.0231815394945443e-12,0
2025-09-14,0.25,5445.944860185186,4487.227906111115,68054.8780643198,0.0,45880.352438437374,0.0,45880.352438437374,5239.808548095234,146.7241269077006,18062.452094650205,15493.431455333332,46549.839467419704,LP,1.0231815394945443e-12,0
2025-09-14,0.5,5445.944860185186,4487.227906111115,68054.8780643198,0.0,45888.007372400956,0.0,45888.007372400956,5239.808548095233,146.7241269077006,18062.452094650205,15493.431455333332,46557.49440138329,LP,1.0231815394945443e-12,0
2025-09-14,0.75,5445.944860185186,4487.227906111115,68054.8780643198,0.0,45865.73862033311,0.0,45865.73862033311,5239.8085480952295,146.7241269077006,18062.45209465021,15493.431455333332,46535.22564931544,LP,1.0231815394945443e-12,0
2025-09-14,1.0,5445.944860185186,4949.312271687833,68054.8780643198,0.0,45843.01318074598,0.0,45843.01318074598,4723.577254285706,146.7241269077006,18590.638225126397,15505.386292,46189.81947717787,LP,1.0231815394945443e-12,0
2025-09-15,0.0,4487.227906111115,3986.774659746033,67434.65243069135,0.0,44723.64273783499,0.0,44723.64273783499,5790.8465656507915,3405.924111568486,19059.25811509112,15888.40699495238,45066.730337580244,LP,7.105427357601002e-13,0
2025-09-15,0.25,4487.227906111115,3986.774659746033,67434.65243069135,0.0,44713.87798126517,0.0,44713.87798126517,5790.846565650791,3405.924111568486,19059.25811509112,15888.40699495238,45056.96558101042,LP,7.105427357601002e-13,0
2025-09-15,0.5,4487.227906111115,3986.774659746033,67434.65243069135,0.0,44667.422613766474,0.0,44667.422613766474,5790.846565650792,3405.924111568486,19059.25811509112,15888.40699495238,45010.51021351173,LP,7.105427357601002e-13,0
2025-09-15,0.75,4487.227906111115,3986.774659746033,67434.65243069135,0.0,44664.699425116676,0.0,44664.699425116676,5790.846565650791,3405.924111568486,19059.25811509112,15888.40699495238,45007.78702486193,LP,7.105427357601002e-13,0
2025-09-15,1.0,4487.227906111115,4326.602948687832,67434.65243069135,0.0,44659.944154877354,0.0,44659.944154877354,5398.135520412696,3405.924111568486,19516.445405567312,15952.883240190476,44770.06119678247,LP,7.105427357601002e-13,0
2025-09-16,0.0,3986.774659746033,3583.5142666084644,67472.52043429276,0.0,45423.07443436827,0.0,45423.07443436827,3415.045558430334,1430.3384217530897,18412.10960315696,15276.74313238095,45705.417954736775,LP,7.673861546209082e-13,0
2025-09-16,0.25,3986.774659746033,3583.5142666084644,67472.52043429276,0.0,45454.84897489498,0.0,45454.84897489498,3415.045558430334,1430.3384217530897,18412.10960315696,15276.74313238095,45737.19249526349,LP,7.673861546209082e-13,0
2025-09-16,0.5,3986.774659746033,3583.5142666084644,67472.52043429276,0.0,45284.68230822831,0.0,45284.68230822831,3415.0455584303354,1430.3384217530897,18412.109603156958,15276.74313238095,45567.025828596816,LP,7.673861546209082e-13,0
2025-09-16,0.75,3986.774659746033,3583.5142666084644,67472.52043429276,0.0,45279.69484995159,0.0,45279.69484995159,3415.045558430335,1430.3384217530897,18412.109603156958,15276.74313238095,45562.0383703201,LP,7.673861546209082e-13,0
2025-09-16,1.0,3986.774659746033,3937.5010263756626,67472.52043429276,0.0,45271.332183284925,0.0,45271.332183284925,3022.2157150970015,1430.3384217530897,18802.855706014103,15274.659391904761,45305.83121007725,LP,7.673861546209082e-13,0
2025-09-17,0.0,3583.5142666084644,3671.113625460318,68723.97640009523,7.62916666666672,45735.48047756736,38.19542291666694,45773.67590048403,4892.949583912992,0.0,19998.41136780129,16119.87378495238,45712.33450419761,LP,9.094947017729282e-13,0
2025-09-17,0.25,3583.5142666084644,3671.113625460318,68723.97640009523,7.62916666666672,45741.13274003832,38.19542291666694,45779.32816295499,4892.949583912993,0.0,19998.41136780129,16119.87378495238,45717.986766668575,LP,9.094947017729282e-13,0
2025-09-17,0.5,3583.5142666084644,3671.113625460318,68723.97640009523,7.62916666666672,45812.54940670499,38.19542291666694,45850.74482962165,4892.94958391299,0.0,19998.41136780129,16119.87378495238,45789.40343333524,LP,9.094947017729282e-13,0
2025-09-17,0.75,3583.5142666084644,3671.113625460318,68723.97640009523,7.62916666666672,45804.63934373121,38.19542291666694,45842.83476664787,4892.94958391299,0.0,19998.41136780129,16119.87378495238,45781.49337036146,LP,9.094947017729282e-13,0
2025-09-17,1.0,3583.5142666084644,4145.127008402115,68723.97640009523,7.62916666666672,45833.64334373121,38.19542291666694,45871.838766647874,4378.899014865371,0.0,20458.61412780129,16066.02597590476,45478.56979521483,LP,9.094947017729282e-13,0
2025-09-18,0.0,3671.113625460318,3584.4259127671953,68750.67448494297,0.0,45113.874370229845,0.0,45113.874370229845,4748.000187830686,1438.4827399271005,19400.83885232804,15792.698411809522,45173.93535599125,LP,9.094947017729282e-13,0
2025-09-18,0.25,3671.113625460318,3584.4259127671953,68750.67448494297,0.0,45109.07514281901,0.0,45109.07514281901,4740.743438859496,1438.4827399271005,19439.0322679659,15823.635078476189,45169.136128580416,LP,9.094947017729282e-13,0
2025-09-18,0.5,3671.113625460318,3584.4259127671953,68750.67448494297,0.0,45146.941483002425,0.0,45146.941483002425,4740.743438859495,1438.4827399271005,19439.0322679659,15823.635078476189,45207.00246876383,LP,9.094947017729282e-13,0
2025-09-18,0.75,3671.113625460318,3584.4259127671953,68750.67448494297,0.0,45200.28959024852,0.0,45200.28959024852,4740.743438859495,1438.4827399271005,19439.0322679659,15823.635078476189,45260.35057600992,LP,9.094947017729282e-13,0
2025-09-18,1.0,3671.113625460318,4008.224868169312,68750.67448494297,0.0,45242.73872819957,0.0,45242.73872819957,4211.157454192827,1526.2655031651957,19756.84364463257,15699.643233714285,45009.173521328434,LP,9.094947017729282e-13,0
2025-09-19,0.0,3584.4259127671953,4496.983348915345,35408.8122466549,0.0,17400.263404604873,0.0,17400.263404604873,656.0110295943559,15192.384391969425,13882.962188900648,10423.89768047619,16913.02446446428,MILP,2.362159850438022e-12,0
2025-09-19,0.25,3584.4259127671953,4496.983348915345,35408.8122466549,0.0,17361.43029506207,0.0,17361.43029506207,686.3350929276894,15162.060328636091,13882.962188900648,10423.89768047619,16874.191354921477,MILP,2.362159850438022e-12,0
2025-09-19,0.5,3584.4259127671953,4492.430577862434,35408.8122466549,0.0,17365.12972210307,0.0,17365.12972210307,686.3350929276894,15162.060328636091,13904.527946519696,10445.463438095238,16880.321628783346,MILP,2.362159850438022e-12,0
2025-09-19,0.75,3584.4259127671953,4492.430577862434,35408.8122466549,0.0,17365.12972210307,0.0,17365.12972210307,686.3350929276894,15162.060328636091,13904.527946519696,10445.463438095238,16880.321628783346,MILP,1.0130760428081784e-11,0
2025-09-19,1.0,3584.4259127671953,4564.305045068782,35408.8122466549,0.0,17326.304810765927,0.0,17326.304810765927,599.3303429276892,15162.060328636091,14021.989680805409,10475.92042238095,16803.121007778427,MILP,2.362159850438022e-12,0
2025-09-20,0.0,4496.983348915345,4610.873304386246,34562.68968055261,0.0,16697.63108239267,0.0,16697.63108239267,643.1293042857142,15593.405164015287,13569.581678918279,10888.8602,16637.415754585872,MILP,3.637978807091713e-12,0
2025-09-20,0.25,4496.983348915345,4610.873304386246,34562.68968055261,0.0,16697.63108239267,0.0,16697.63108239267,643.1293042857142,15593.405164015287,13569.581678918279,10888.8602,16637.415754585872,MILP,8.526512829121202e-12,0
2025-09-20,0.5,4496.983348915345,4611.037253275134,34562.68968055262,0.0,16716.72662948667,0.0,16716.72662948667,643.1293042857156,15593.405164015287,13568.80507891828,10888.083599999998,16656.424619443085,MILP,8.526512829121202e-13,0
2025-09-20,0.75,4496.983348915345,4611.037253275134,34562.68968055261,0.0,16716.72662948667,0.0,16716.72662948667,643.1293042857142,15593.405164015287,13568.80507891828,10888.083599999998,16656.424619443085,MILP,1.0913936421275139e-11,0
2025-09-20,1.0,4496.983348915345,4661.9370001481475,34562.68968055261,0.0,16784.53820139886,0.0,16784.53820139886,605.289947142857,15593.405164015287,13526.855526061136,10808.294689999999,16697.32473168731,MILP,4.276046183804283e-11,0
2025-09-21,0.0,4610.873304386246,3822.106488999998,70831.37160496414,0.0,47587.24739538965,0.0,47587.24739538965,6657.11060067372,3438.259664204584,16623.178897895355,14174.66504114286,48136.59538248837,LP,9.094947017729282e-13,0
2025-09-21,0.25,4610.873304386246,3822.106488999998,70831.37160496414,0.0,47647.496341429454,0.0,47647.496341429454,6664.572512959436,3430.7977519188707,16623.178897895355,14174.66504114286,48196.844328528176,LP,9.094947017729282e-13,0
2025-09-21,0.5,4610.873304386246,3822.106488999998,70831.37160496414,0.0,47703.45942188394,0.0,47703.45942188394,6664.572512959436,3430.7977519188707,16623.178897895355,14174.66504114286,48252.80740898266,LP,9.094947017729282e-13,0
2025-09-21,0.75,4610.873304386246,4149.3481785820095,70845.60734687712,0.0,47650.46853893125,0.0,47650.46853893125,6292.647802483246,3430.7977519188707,17105.510117713104,14270.835808571428,47971.904347221294,LP,9.094947017729282e-13,0
2025-09-21,1.0,4610.873304386246,4208.748330640212,70845.60734687712,0.0,47563.203205597914,0.0,47563.203205597914,6213.7610405784835,3430.7977519188707,17239.334460094058,14325.773389047617,47843.268924109834,LP,9.094947017729282e-13,0
2025-09-22,0.0,3822.106488999998,2889.0253054285704,68842.22145939565,0.0,46003.90879754232,0.0,46003.90879754232,3110.8421889512074,2524.7006999999994,18065.430275396826,15472.771588285717,46660.75071354168,LP,8.881784197001252e-13,0
2025-09-22,0.25,3822.106488999998,2889.0253054285704,68842.22145939565,0.0,46061.23462335108,0.0,46061.23462335108,3110.5356087042924,2524.7006999999994,18067.04385564374,15474.078588285716,46718.07653935045,LP,8.881784197001252e-13,0
2025-09-22,0.5,3822.106488999998,2889.0253054285704,68842.22145939565,0.0,46061.380122333976,0.0,46061.380122333976,3110.5356087042933,2524.7006999999994,18067.04385564374,15474.078588285716,46718.22203833334,LP,8.881784197001252e-13,0
2025-09-22,0.75,3822.106488999998,3183.2424400476198,68842.22145939565,0.0,46135.02041401625,0.0,46135.02041401625,2782.6545165408616,2524.7006999999994,18399.073703045266,15478.227343523811,46584.74836198625,LP,8.881784197001252e-13,0
2025-09-22,1.0,3822.106488999998,3246.7626313650803,68842.22145939565,0.0,46122.900409636095,0.0,46122.900409636095,2734.20588862787,2524.7006999999994,18353.18136476778,15383.886377333334,46527.913358628284,LP,8.881784197001252e-13,0
2025-11-10,0.0,1413.647793533335,1400.2953226518528,79120.22916316263,227.87751138285677,53668.50552208606,1305.893007851011,54974.39852993707,964.616729750729,175.25663399294197,22956.881234711353,18607.091023909525,54984.240310757334,LP,9.094947017729282e-13,0
2025-11-10,0.25,1413.647793533335,1400.2953226518528,79120.22916316263,227.87751138285677,53738.41617940632,1305.893007851011,55044.30918725733,964.6167297507292,175.25663399294197,22956.881234711353,18607.091023909525,55054.15096807759,LP,9.094947017729282e-13,0
2025-11-10,0.5,1413.647793533335,1400.2953226518528,79120.22916316263,227.87751138285677,53814.37002702858,1305.893007851011,55120.26303487959,989.0680564997003,150.80530724397053,22956.881234711353,18607.091023909525,55130.10481569985,LP,9.094947017729282e-13,0
2025-11-10,0.75,1413.647793533335,1400.2953226518528,79120.22916316264,227.87751138285677,53869.666468040385,1305.893007851011,55175.559475891394,1043.3423293309725,65.46826571193043,23120.369491031168,18739.51651152857,55185.40125671166,LP,9.094947017729282e-13,0
2025-11-10,1.0,1413.647793533335,1400.2953226518528,79120.22916316263,227.91201306666693,53849.980668726384,1306.115974982634,55156.09664370902,1043.3423293309725,56.192558422101655,23169.370590892424,18779.207402416192,55165.93842452928,LP,8.171241461241152e-13,0
2025-11-11,0.0,1400.2953226518528,1420.7185107968264,79938.85284106174,0.0,53584.11480034218,0.0,53584.11480034218,3806.098184303349,426.71609999999976,21729.673793480302,17582.65490338857,53569.15536389917,LP,7.958078640513122e-13,0
2025-11-11,0.25,1400.2953226518528,1420.7185107968264,79938.85284106174,0.0,53647.515338068995,0.0,53647.515338068995,3806.098184303351,426.71609999999976,21729.673793480302,17582.65490338857,53632.55590162599,LP,7.958078640513122e-13,0
2025-11-11,0.5,1400.2953226518528,1420.7185107968264,79968.77572710052,0.0,53666.0194376231,0.0,53666.0194376231,3796.2542917425076,426.71609999999976,21938.972628215164,17752.18695952381,53651.06000118009,LP,9.094947017729282e-13,0
2025-11-11,0.75,1400.2953226518528,1414.9944312825403,79938.85284106174,0.0,53615.24076910336,0.0,53615.24076910336,3770.085454129338,426.71609999999976,21946.32853946384,17763.296919198096,53604.474067069925,LP,9.094947017729282e-13,0
2025-11-11,1.0,1400.2953226518528,1408.381007609528,79848.25523593888,0.0,53666.25828535407,0.0,53666.25828535407,3719.5996016049394,426.71609999999976,21766.54079581775,17623.620928150478,53660.33573842536,LP,7.958078640513122e-13,0
2025-11-12,0.0,1420.7185107968264,1526.6603444232837,80370.82565319147,0.0,54314.33174051018,0.0,54314.33174051018,4666.9057436214,463.5332000000002,22047.63847003292,17763.239510462852,54236.87177293138,LP,1.0231815394945443e-12,0
2025-11-12,0.25,1420.7185107968264,1526.6603444232837,80370.82565319147,0.0,54253.51709213093,0.0,54253.51709213093,4664.77735032922,463.5332000000002,22058.84053999177,17772.31318712952,54176.057124552135,LP,1.0231815394945443e-12,0
2025-11-12,0.5,1420.7185107968264,1526.6603444232837,80436.24119840447,0.0,54244.334340196896,0.0,54244.334340196896,4664.777350329222,463.5332000000002,22403.132883218103,18051.189985142853,54166.8743726181,LP,1.0231815394945443e-12,0
2025-11-12,0.75,1420.7185107968264,1642.6528566994743,80370.82565319147,11.773333333333426,54187.46838836544,60.579686666667136,54248.04807503211,4540.125953467376,463.5332000000002,22227.427219710753,17804.475136653327,54085.77952964469,LP,1.0231815394945443e-12,0
2025-11-12,1.0,1420.7185107968264,1660.6893353365099,80305.71392081874,11.773333333333426,54072.27905201141,60.579686666667136,54132.85873867808,4471.456754182249,463.5332000000002,22160.714778337446,17734.205228367617,53957.40272048,LP,9.094947017729282e-13,0
2025-11-13,0.0,1526.6603444232837,1504.3181117555566,79976.04190712619,33.112612380950964,54925.787644063945,215.6127755185622,55141.400419582504,3333.478737978837,266.887333333333,21226.448110154022,17213.530978625717,55157.85955139975,LP,6.821210263296962e-13,0
2025-11-13,0.25,1526.6603444232837,1504.3181117555566,79976.04190712619,33.112612380950964,55003.814863208994,215.6127755185622,55219.42763872755,3332.1386768924162,266.887333333333,21233.501063240445,17219.243870625716,55235.8867705448,LP,6.821210263296962e-13,0
2025-11-13,0.5,1526.6603444232837,1504.3181117555566,80040.12371717577,33.112612380950964,55018.24702610329,215.6127755185622,55233.85980162185,3394.827082412698,208.5685833333331,21547.77556076308,17473.80621361905,55250.3189334391,LP,6.821210263296962e-13,0
2025-11-13,0.75,1526.6603444232837,1597.4520022857143,79976.04190712619,0.0,55028.62795311187,0.0,55028.62795311187,3238.5837271357996,208.5685833333331,21417.398883758964,17284.38060376857,54976.47697761863,LP,6.821210263296962e-13,0
2025-11-13,1.0,1526.6603444232837,1642.7905983248668,79917.95261648421,0.0,54957.410052320956,0.0,54957.410052320956,3152.4399405526165,208.5685833333331,21350.29235484303,17189.219578911427,54871.858926551104,LP,6.821210263296962e-13,0
2025-11-14,0.0,1504.3181117555566,1979.310005857147,36174.70319469606,0.0,15372.247315217666,0.0,15372.247315217666,224.85273124632755,4527.856055894182,17873.928436126982,14050.389328571426,15103.320857664236,MILP,1.2505552149377763e-12,0
2025-11-14,0.25,1504.3181117555566,1979.310005857147,36174.70319469606,0.0,15336.777433590514,0.0,15336.777433590514,253.68074924632748,4498.940195327296,17874.39076542638,14050.763815303937,15067.850976037083,MILP,2.021099337273174e-12,0
2025-11-14,0.5,1504.3181117555566,1979.310005857147,36174.70319469606,0.0,15336.808437089232,0.0,15336.808437089232,253.68074924632748,4498.940195327294,17874.39076542638,14050.763815303937,15067.881979535801,MILP,1.0800249583553523e-12,0
2025-11-14,0.75,1504.3181117555566,1979.3100058571488,36174.70319469606,0.0,15339.71700582713,0.0,15339.71700582713,244.84057124632756,4508.241769186362,17871.962366168133,14048.796811904758,15070.790548273697,MILP,1.8189894035458565e-12,0
2025-11-14,1.0,1504.3181117555566,1979.3100058571488,36174.70319469606,0.0,15339.66078306453,0.0,15339.66078306453,244.84057124632756,4508.241769186362,17871.962366168133,14048.796811904758,15070.734325511097,MILP,2.021099337273174e-12,0
2025-11-15,0.0,1979.310005857147,1752.0337451820112,35523.927679853026,0.0,15502.620718633761,0.0,15502.620718633761,617.4600146666694,3560.640739541451,17570.99286097824,14437.052851999999,15631.23436588254,MILP,5.9117155615240335e-12,0
2025-11-15,0.25,1979.310005857147,1752.0337451820112,35523.927679853026,0.0,15503.795591070284,0.0,15503.795591070284,617.4600146666694,3560.640739541451,17570.99286097824,14437.052851999999,15632.409238319062,MILP,2.0463630789890885e-12,0
2025-11-15,0.5,1979.310005857147,1752.0337451820112,35523.927679853026,0.0,15470.053715950604,0.0,15470.053715950604,617.1981946666695,3560.9025595414487,17570.99286097824,14437.052851999999,15598.667363199382,MILP,1.8189894035458565e-12,0
2025-11-15,0.75,1979.310005857147,1752.0337451820112,35523.927679853026,0.0,15474.562002609995,0.0,15474.562002609995,621.3940986666693,3556.7066555414476,17570.99286097824,14437.052851999999,15603.175649858773,MILP,1.8189894035458565e-12,0
2025-11-15,1.0,1979.310005857147,1752.0337451820112,35523.927679853026,0.0,15476.113141382399,0.0,15476.113141382399,621.3940986666693,3556.7066555414494,17570.99286097824,14437.052851999999,15604.726788631177,MILP,1.8189894035458565e-12,0
2025-11-16,0.0,1752.0337451820112,1602.4954659206353,81711.28202467019,0.0,56068.98266200151,0.0,56068.98266200151,2829.220869975309,270.2006666666666,22694.21345279012,18516.89734809524,56179.41995238589,LP,9.094947017729282e-13,0
2025-11-16,0.25,1752.0337451820112,1602.4954659206353,81684.43651897942,0.0,56068.25030733815,0.0,56068.25030733815,2817.2292899964723,270.2006666666666,22616.034896411522,18453.572717428575,56178.687597722535,LP,9.094947017729282e-13,0
2025-11-16,0.5,1752.0337451820112,1602.4954659206353,81684.43651897942,0.0,56086.60252855656,0.0,56086.60252855656,2817.229289996472,270.2006666666666,22616.034896411526,18453.572717428575,56197.039818940946,LP,9.094947017729282e-13,0
2025-11-16,0.75,1752.0337451820112,1659.9837061026476,81681.70324220105,0.0,56079.77979144128,0.0,56079.77979144128,2945.9910131169895,62.02124999999978,22747.32437327454,18508.177777523808,56147.760758895995,LP,9.094947017729282e-13,0
2025-11-16,1.0,1752.0337451820112,1645.8902603724903,81474.11477811522,0.0,56101.86903757867,0.0,56101.86903757867,2982.7532582527956,0.0,21854.454067671955,17797.636931142853,56180.25832299923,LP,6.821210263296962e-13,0
2025-11-17,0.0,1602.4954659206353,1884.084252928045,82588.68523558494,0.0,56659.80063221076,0.0,56659.80063221076,5240.980700393887,269.16134999999986,21733.468123952964,17350.679272095233,56453.038609567826,LP,9.094947017729282e-13,0
2025-11-17,0.25,1602.4954659206353,1884.084252928045,82559.4256628783,0.0,56577.59836211637,0.0,56577.59836211637,5206.774186666668,269.16134999999986,21759.50465564021,17371.768862761903,56370.83633947343,LP,9.094947017729282e-13,0
2025-11-17,0.5,1602.4954659206353,1884.084252928045,82559.4256628783,0.0,56603.5801377923,0.0,56603.5801377923,5206.251100403295,269.16134999999986,21762.257741236914,17373.998862095235,56396.81811514936,LP,9.094947017729282e-13,0
2025-11-17,0.75,1602.4954659206353,2001.4935555343943,82558.26877720634,0.0,56581.89646139229,0.0,56581.89646139229,5114.539778621987,155.7228666666665,22279.755357536746,17687.503558952383,56288.9243835054,LP,9.094947017729282e-13,0
2025-11-17,1.0,1602.4954659206353,2056.2853399576734,82355.32458192945,0.0,56497.04589218193,0.0,56497.04589218193,5006.176996176367,155.7228666666665,21522.418416419754,17024.74803066667,56163.84188499142,LP,9.094947017729282e-13,0
2025-11-18,0.0,1884.084252928045,1745.0294754285728,81818.67626280776,0.0,56462.4816903261,0.0,56462.4816903261,2869.5791704326857,65.52776825513766,21674.562055453258,17681.544564666663,56565.34346415648,LP,9.094947017729282e-13,0
2025-11-18,0.25,1884.084252928045,1745.0294754285728,81785.56933385773,0.0,56414.83224843948,0.0,56414.83224843948,2854.532705713111,65.52776825513766,21579.50698055614,17604.549954,56517.69402226986,LP,9.094947017729282e-13,0
2025-11-18,0.5,1884.084252928045,1745.0294754285728,81785.56933385773,0.0,56524.71070580714,0.0,56524.71070580714,2855.0307290217556,65.52776825513766,21576.885805247497,17602.426801999998,56627.57247963752,LP,9.094947017729282e-13,0
2025-11-18,0.75,1884.084252928045,1873.6438477756633,81583.76230620692,0.0,56633.51774927334,0.0,56633.51774927334,2735.4874942892334,23.95728333333318,20753.48452572722,16819.71883047619,56641.240738823166,LP,9.094947017729282e-13,0
2025-11-18,1.0,1884.084252928045,1902.8825885830743,81583.76230620693,0.0,56650.29344246114,0.0,56650.29344246114,2689.3337965596606,23.95728333333318,20857.899425742504,16877.980032761905,56636.38791411248,LP,6.821210263296962e-13,0
2025-11-19,0.0,1745.0294754285728,1481.206291497355,82533.53147609875,1.3850000000001046,57798.0933043329,7.02818250000053,57805.121486832904,2936.655083046437,105.0795333333333,22959.532238195177,18834.661978476193,58001.96326215378,LP,9.094947017729282e-13,0
2025-11-19,0.25,1745.0294754285728,1481.206291497355,82500.24539336741,1.3850000000001046,57777.47734981966,7.02818250000053,57784.50553231966,2920.4592047595434,105.0795333333333,22869.58379375074,18761.803738476192,57981.347307640535,LP,9.094947017729282e-13,0
2025-11-19,0.5,1745.0294754285728,1481.206291497355,82500.24539336741,1.3850000000001046,57798.060683152995,7.02818250000053,57805.08886565299,2926.0945972533696,105.0795333333333,22839.92383325691,18737.77917047619,58001.93064097387,LP,9.094947017729282e-13,0
2025-11-19,0.75,1745.0294754285728,1559.7078628444444,82308.32618931569,1.3850000000001046,57738.93661144899,7.02818250000053,57745.964793948995,2866.807121616688,29.190366666666705,22169.429222937095,18124.02712190476,57884.23556561817,LP,9.094947017729282e-13,0
2025-11-19,1.0,1745.0294754285728,1586.1717596507926,82267.22020596825,1.3850000000001046,57630.67823152879,7.02818250000053,57637.7064140288,2863.6824240881774,0.0,21997.805926737212,17961.194744857145,57756.232141492044,LP,7.958078640513122e-13,0
2025-11-20,0.0,1481.206291497355,1643.1243265227545,83404.17385796002,0.0,57367.507298357334,0.0,57367.507298357334,4148.661672463247,94.43773333333331,22222.485196353915,17854.48677752381,57247.83995299392,LP,9.094947017729282e-13,0
2025-11-20,0.25,1481.206291497355,1643.1243265227545,83368.9922988148,0.0,57348.02910549956,0.0,57348.02910549956,4147.754584873597,94.43773333333331,22042.093240798356,17708.369293523807,57228.36176013615,LP,9.094947017729282e-13,0
2025-11-20,0.5,1481.206291497355,1643.1243265227545,83368.9922988148,0.0,57349.58765251891,0.0,57349.58765251891,4150.37675861022,94.43773333333331,22028.29232639507,17697.19055285714,57229.920307155495,LP,9.094947017729282e-13,0
2025-11-20,0.75,1481.206291497355,1679.3088737449775,83240.70552495708,0.0,57308.71951627856,0.0,57308.71951627856,4073.4836468924045,94.43773333333331,21586.398880921817,17306.690769523808,57162.3095742144,LP,9.094947017729282e-13,0
2025-11-20,1.0,1481.206291497355,1690.4646359206413,83102.2051929077,0.0,57426.73228614769,0.0,57426.73228614769,4032.5063534403234,94.43773333333331,21020.276646419756,16838.091573619044,57272.07755254529,LP,1.0231815394945443e-12,0
2025-11-21,0.0,1643.1243265227545,2095.4041912232824,36774.94251642915,0.0,16009.950958990394,0.0,16009.950958990394,578.9342032322147,3468.7206258871265,18188.693381119334,14325.78976047619,15752.43608975094,LP,7.105427357601002e-13,0
2025-11-21,0.25,1643.1243265227545,2095.4041912232824,36774.94251642915,0.0,16110.096221859689,0.0,16110.096221859689,597.4645839941193,3451.2569792486765,18183.078990995877,14321.242104476189,15852.581352620233,LP,7.105427357601002e-13,0
2025-11-21,0.5,1643.1243265227545,2095.4041912232824,36774.94251642915,0.0,16109.527666893831,0.0,16109.527666893831,597.4645839941193,3451.256979248679,18183.078990995877,14321.242104476189,15852.012797654377,LP,7.105427357601002e-13,0
2025-11-21,0.75,1643.1243265227545,2095.4041912232824,36774.94251642915,0.0,16116.822091723727,0.0,16116.822091723727,597.4645839941193,3448.1734512651383,18199.308085646084,14334.387671142855,15859.307222484273,LP,7.105427357601002e-13,0
2025-11-21,1.0,1643.1243265227545,2095.4041912232824,36774.94251642915,0.0,16122.075416027827,0.0,16122.075416027827,597.4645839941193,3453.176851841272,18172.974398403283,14313.05738447619,15864.560546788372,LP,7.105427357601002e-13,0
2025-11-22,0.0,2095.4041912232824,1756.2375913439153,36299.08584568724,0.0,15872.703756571775,0.0,15872.703756571775,615.308423245152,2355.6199908300996,17966.19941142151,14857.871463142857,16067.04876205215,LP,9.094947017729282e-13,0
2025-11-22,0.25,2095.4041912232824,1756.2375913439153,36299.08584568724,0.0,15897.453756571775,0.0,15897.453756571775,590.9544212451519,2379.9739928300996,17966.19941142151,14857.871463142857,16091.79876205215,LP,9.094947017729282e-13,0
2025-11-22,0.5,2095.4041912232824,1756.2375913439153,36299.08584568724,0.0,15899.751521966004,0.0,15899.751521966004,590.9544212451519,2379.973992830098,17966.199411421512,14857.871463142857,16094.09652744638,LP,9.094947017729282e-13,0
2025-11-22,0.75,2095.4041912232824,1756.2375913439153,36299.08584568724,0.0,15854.668188632671,0.0,15854.668188632671,612.1227412451519,2358.8056728300967,17966.199411421512,14857.871463142857,16049.013194113048,LP,9.094947017729282e-13,0
2025-11-22,1.0,2095.4041912232824,1756.2375913439153,36299.08584568724,0.0,15854.668188632671,0.0,15854.668188632671,612.1227412451519,2358.8056728300967,17966.199411421512,14857.871463142857,16049.013194113048,LP,9.094947017729282e-13,0
2025-11-23,0.0,1756.2375913439153,1747.1255190455051,83952.23111437625,0.0,58287.484641415314,0.0,58287.484641415314,4139.622485406233,193.09595000000013,23134.827687922396,18747.411292285713,58294.26261083413,LP,9.094947017729282e-13,0
2025-11-23,0.25,1756.2375913439153,1747.1255190455051,83914.33394275603,0.0,58204.828109431946,0.0,58204.828109431946,4107.833958436214,193.09595000000013,23102.676926605523,18721.369175619046,58211.60607885076,LP,9.094947017729282e-13,0
2025-11-23,0.5,1756.2375913439153,1747.1255190455051,83870.55318142974,0.0,58230.49700652199,0.0,58230.49700652199,3900.4800417695487,400.4498666666666,22872.251866993534,18534.72487733333,58237.2749759408,LP,9.094947017729282e-13,0
2025-11-23,0.75,1756.2375913439153,1774.0771541290999,83602.78707307819,0.0,58224.42801406462,0.0,58224.42801406462,3827.429555579079,400.4498666666666,21719.76716311816,17576.955795619047,58211.158144484674,LP,9.094947017729282e-13,0
2025-11-23,1.0,1756.2375913439153,1773.8582496804231,83602.78707307819,0.0,58152.8169804032,0.0,58152.8169804032,3833.507962036455,400.4498666666666,21688.812465994117,17552.07950495238,58139.70994180288,LP,9.094947017729282e-13,0
2025-11-24,0.0,1747.1255190455051,1443.1488488793639,84253.54895272545,15.566899999999805,58174.54128678326,82.23993269999896,58256.78121948326,6002.743723459143,310.70213333333345,21406.86999517107,17613.143699238095,58481.4034500046,LP,9.094947017729282e-13,0
2025-11-24,0.25,1747.1255190455051,1443.1488488793639,84168.9476066161,15.566899999999805,58089.37942598082,82.23993269999896,58171.619358680815,5938.098618168141,349.5489683209868,21097.38012250793,17362.456902380953,58396.24158920215,LP,8.526512829121202e-13,0
2025-11-24,0.5,1747.1255190455051,1443.1488488793639,84098.6288850147,15.566899999999805,58086.13107114137,82.23993269999896,58168.37100384137,5824.6112864891265,463.0363,20727.281587763664,17062.677089238096,58392.99323436271,LP,8.526512829121202e-13,0
2025-11-24,0.75,1747.1255190455051,1540.2046798656102,83902.02202401763,15.566899999999805,58136.05033154192,82.23993269999896,58218.290264241914,5681.775934966494,463.0363,19984.535496384473,16373.702507333332,58371.193513075224,LP,8.526512829121202e-13,0
2025-11-24,1.0,1747.1255190455051,1601.3170584296304,83852.28093994944,15.566899999999805,58276.451513803964,82.23993269999896,58358.69144650396,5584.959345450917,463.0363,19942.821626593763,16284.913132095238,58466.435970564045,LP,8.526512829121202e-13,0
2025-11-25,0.0,1443.1488488793639,1660.6859150740756,84168.8450177237,0.0,58006.85931691991,0.0,58006.85931691991,3300.193874184597,100.00658333333354,23180.003862967667,18580.019769428567,57845.50949167063,LP,6.821210263296962e-13,0
2025-11-25,0.25,1443.1488488793639,1660.6859150740756,84121.55023235625,0.0,57973.64968619813,0.0,57973.64968619813,3280.5828709112316,100.00658333333354,23034.299746683126,18461.999435238093,57812.29986094885,LP,6.821210263296962e-13,0
2025-11-25,0.5,1443.1488488793639,1660.6859150740756,84064.28806843504,0.0,57914.41301477343,0.0,57914.41301477343,3280.58287091123,100.00658333333354,22732.919936571427,18217.881789047617,57753.06318952415,LP,6.821210263296962e-13,0
2025-11-25,0.75,1443.1488488793639,1731.5385936613793,83810.38057668194,0.0,57779.263020075065,0.0,57779.263020075065,3149.3288092463263,100.00658333333354,21751.757616483243,17359.372899047616,57565.36092174202,LP,6.821210263296962e-13,0
2025-11-25,1.0,1443.1488488793639,1764.3024131386246,83804.8835656896,0.0,57738.97667092457,0.0,57738.97667092457,3114.6474379106407,100.00658333333354,21750.162473398002,17328.593395619046,57500.7732586149,LP,7.958078640513122e-13,0
2025-11-26,0.0,1660.6859150740756,1881.1273359439203,84245.65719232804,30.994217333333154,58796.3503057616,166.9658487746657,58963.31615453627,2832.9354701810767,2.9483333333332666,23603.702337004106,18920.60161419047,58798.65950185586,LP,8.810729923425242e-13,0
2025-11-26,0.25,1660.6859150740756,1881.1273359439203,84154.15554636213,30.994217333333154,58763.042420696445,166.9658487746657,58930.00826947112,2819.707206228108,2.9483333333332666,23191.73716851498,18586.909827714277,58765.35161679071,LP,9.094947017729282e-13,0
2025-11-26,0.5,1660.6859150740756,1881.1273359439203,84081.34124504174,30.994217333333154,58745.29278275922,166.9658487746657,58912.258631533885,2762.0039562281104,60.651583333333065,22808.504003670772,18276.49096419047,58747.601978853476,LP,9.094947017729282e-13,0
2025-11-26,0.75,1660.6859150740756,1952.250244260322,83899.98559336743,30.994217333333154,58749.82261181654,166.9658487746657,58916.788460591204,2669.0175858118796,60.651583333333065,22006.50453660317,17562.86077838095,58699.00721832112,LP,8.810729923425242e-13,0
2025-11-26,1.0,1660.6859150740756,2006.7858914264577,83837.48887969548,30.994217333333154,58684.76554581058,166.9658487746657,58851.731394585244,2615.8012738212856,60.651583333333065,21699.333567493235,17264.970210952375,58593.21526193611,LP,9.094947017729282e-13,0
2025-11-27,0.0,1881.1273359439203,1857.1134041502662,84046.33211811168,0.0,58861.559827956786,0.0,58861.559827956786,3941.0746937319213,77.08986666666658,22467.828226284528,18220.55340190476,58879.4671969998,LP,9.094947017729282e-13,0
2025-11-27,0.25,1881.1273359439203,1857.1134041502662,83967.13209676072,0.0,58844.866715002936,0.0,58844.866715002936,3830.805237507348,166.33924309230167,22161.618007589645,17972.523124761905,58862.77408404595,LP,7.958078640513122e-13,0
2025-11-27,0.5,1881.1273359439203,1857.1134041502662,83907.08082673367,0.0,58871.02952754095,0.0,58871.02952754095,3783.1316639329802,214.0128166666666,21845.55869165784,17716.51507885714,58888.93689658397,LP,7.958078640513122e-13,0
2025-11-27,0.75,1881.1273359439203,1874.988392020078,83725.51912936389,0.0,58820.76301884868,0.0,58820.76301884868,3766.628711513232,214.0128166666666,20892.157459905924,16928.17259205526,58825.34087537477,LP,7.958078640513122e-13,0
2025-11-27,1.0,1881.1273359439203,1831.5588361407392,83650.46543009405,0.0,58784.57233936035,0.0,58784.57233936035,3782.273433735453,214.0128166666666,20620.516295691934,16747.229849333333,58821.535941427326,LP,7.958078640513122e-13,0
2025-11-28,0.0,1857.1134041502662,1886.814568674081,37553.84931911346,0.0,15851.022604487824,0.0,15851.022604487824,597.7346804467965,2461.7018463715426,18665.490495914168,15092.316253619043,15834.07447029756,LP,9.094947017729282e-13,0
2025-11-28,0.25,1857.1134041502662,1886.814568674081,37553.84931911346,0.0,15835.625779173279,0.0,15835.625779173279,609.1956604467965,2450.2408663715437,18665.490495914168,15092.316253619043,15818.677644983016,LP,9.094947017729282e-13,0
2025-11-28,0.5,1857.1134041502662,1886.814568674081,37553.84931911346,0.0,15850.454859164145,0.0,15850.454859164145,547.6648730182252,2511.7716538001187,18665.49049591416,15092.316253619043,15833.506724973882,LP,9.094947017729282e-13,0
2025-11-28,0.75,1857.1134041502662,1886.814568674081,37553.84931911346,0.0,15850.454859164145,0.0,15850.454859164145,547.6648730182252,2511.7716538001187,18665.49049591416,15092.316253619043,15833.506724973882,LP,9.094947017729282e-13,0
2025-11-28,1.0,1857.1134041502662,1886.814568674081,37553.84931911346,0.0,15850.454859164145,0.0,15850.454859164145,547.6648730182252,2511.7716538001187,18665.49049591416,15092.316253619043,15833.506724973882,LP,9.094947017729282e-13,0
2025-11-29,0.0,1886.814568674081,1373.8094252370367,37964.3460609124,184.16642229523154,16195.827019028122,901.7708867686011,17097.597905796723,251.2376474285719,0.0,18050.15455196002,15082.329816180958,17397.908231110836,LP,9.094947017729282e-13,0
2025-11-29,0.25,1886.814568674081,1373.8094252370367,37964.3460609124,160.02009333522864,16173.451783877746,783.5383870159469,16956.990170893692,221.42736476190532,0.0,18079.964834626684,15106.476145140961,17257.300496207805,LP,9.094947017729282e-13,0
2025-11-29,0.5,1886.814568674081,1373.8094252370367,37964.3460609124,202.4156969152299,16159.449785236942,991.1284599454231,17150.578245182365,273.7676160952386,0.0,18027.624583293353,15064.08054156096,17450.888570496478,LP,9.094947017729282e-13,0
2025-11-29,0.75,1886.814568674081,1373.8094252370367,37964.3460609124,200.96142234856256,16152.815576740048,984.0076045297366,17136.823181269785,273.7676160952386,0.0,18019.970506626687,15057.880739460961,17437.133506583898,LP,9.094947017729282e-13,0
2025-11-29,1.0,1886.814568674081,1373.8094252370367,37964.3460609124,200.96142234856256,16152.815576740048,984.0076045297366,17136.823181269785,273.7676160952386,0.0,18019.970506626687,15057.880739460961,17437.133506583898,LP,9.094947017729282e-13,0
2025-11-30,0.0,1373.8094252370367,1515.0412305777768,86214.9303600047,5.035339047619118,60532.38307466169,27.00704098190514,60559.3901156436,1143.7327788630312,0.0,24759.45357218929,19928.048768666664,60452.6698025258,LP,6.821210263296962e-13,0
2025-11-30,0.25,1373.8094252370367,1515.0412305777768,86097.69246478424,5.035339047619118,60512.58394488293,27.00704098190514,60539.59098586483,1139.6145607642698,0.0,24164.086850496165,19445.801724095236,60432.870672747034,LP,6.821210263296962e-13,0
2025-11-30,0.5,1373.8094252370367,1515.0412305777768,86048.12935039858,5.035339047619118,60487.9054916873,27.00704098190514,60514.9125326692,1129.8026304033058,0.0,23954.870092471476,19276.336150095238,60408.192219551405,LP,9.094947017729282e-13,0
2025-11-30,0.75,1373.8094252370367,1573.7612879873045,85910.77255174603,5.035339047619118,60404.68862341661,27.00704098190514,60431.69566439851,1062.3705760587964,0.0,23308.69748206819,18700.088283999998,60280.60416379981,LP,6.821210263296962e-13,0
2025-11-30,1.0,1373.8094252370367,1579.369692344977,85781.02579811758,0.0,60574.21207869302,0.0,60574.21207869302,1041.7943862151742,0.0,22681.047657045263,18186.64436180952,60418.88264693074,LP,9.094947017729282e-13,0
2025-12-01,0.0,1515.0412305777768,1315.5241460962961,87017.11065843739,4318.6834493057095,63986.80525765468,28266.826667727553,92253.63192538224,559.6505951428577,0.0,24509.374501580245,20032.158722313336,92416.60645825551,LP,6.821210263296962e-13,0
2025-12-01,0.25,1515.0412305777768,1315.5241460962961,86862.25793818694,4307.011485542816,63968.474853368134,29034.705680761006,93003.18053412913,559.6505951428577,0.0,23632.928796246913,19322.237700993333,93166.1550670024,LP,9.094947017729282e-13,0
2025-12-01,0.5,1515.0412305777768,1315.5241460962961,86858.77732510405,4301.023969859044,63939.45148799856,29003.058566718435,92942.510054717,559.6505951428577,0.0,23583.096539580245,19281.873573093333,93105.48458759027,LP,9.094947017729282e-13,0
2025-12-01,0.75,1515.0412305777768,1315.5241460962961,86718.3918623586,4303.520161865714,64103.964856499355,28965.948982832713,93069.91383933206,559.6505951428577,0.0,22857.363535691944,18694.029839943803,93232.88837220533,LP,6.821210263296962e-13,0
2025-12-01,1.0,1515.0412305777768,1315.5241460962961,86542.11065843739,4307.446396562855,64833.94066606162,28868.829527562248,93702.77019362387,559.6505951428577,0.0,21950.232118723103,17959.253392199047,93865.74472649714,LP,6.821210263296962e-13,0
2025-12-02,0.0,1315.5241460962961,1258.8027163925922,88453.22466728982,4724.217276819049,65834.928753162,31911.870018034322,97746.79877119634,32.109017809524175,0.0,23992.485594908878,19484.962618609523,97793.52489236122,LP,9.094947017729282e-13,0
2025-12-02,0.25,1315.5241460962961,1258.8027163925922,88391.3752536602,4721.431900125715,65813.3513618431,32252.41044446234,98065.76180630545,32.109017809524175,0.0,23652.30248794591,19209.414301969522,98112.48792747034,LP,9.094947017729282e-13,0
2025-12-02,0.5,1315.5241460962961,1258.8027163925922,88391.3752536602,4717.245185399046,65846.43469517645,32225.450094979955,98071.8847901564,32.109017809524175,0.0,23630.267147279246,19191.565676029524,98118.61091132129,LP,9.094947017729282e-13,0
2025-12-02,0.75,1315.5241460962961,1258.8027163925922,88229.6184047572,4723.016621599046,65967.0810849818,32410.85721275678,98377.93829773857,32.109017809524175,0.0,22809.291290947676,18526.57523240095,98424.66441890346,LP,9.094947017729282e-13,0
2025-12-02,1.0,1315.5241460962961,1258.8027163925922,88063.9380017472,4739.304934740953,66180.76292804985,32435.800108425567,98616.56303647542,32.109017809524175,0.0,22023.017133747206,17889.69316506857,98663.2891576403,LP,9.094947017729282e-13,0
2025-12-03,0.0,1258.8027163925922,1228.8784055333326,90131.58589922398,1838.9563394542795,67407.32628240643,12460.478307190711,79867.80458959714,180.1750613333336,0.0,24497.634160271606,19870.015549593336,79892.36734297706,LP,6.821210263296962e-13,0
2025-12-03,0.25,1258.8027163925922,1228.8784055333326,90100.79288635743,1844.3429863876097,67368.55186856573,12422.300248292413,79790.85211685815,180.1750613333336,0.0,24363.916444833627,19761.704200088578,79815.41487023806,LP,6.821210263296962e-13,0
2025-12-03,0.5,1258.8027163925922,1228.8784055333326,90100.79288635743,1844.3429863876097,67368.55186856573,12422.300248292413,79790.85211685815,180.1750613333336,0.0,24363.916444833627,19761.704200088578,79815.41487023806,LP,6.821210263296962e-13,0
2025-12-03,0.75,1258.8027163925922,1228.8784055333326,89982.49789829041,1865.7550743085665,67436.67135809218,12753.204879411807,80189.87623750398,170.446694952381,0.0,23905.208372385656,19390.150661405714,80214.4389908839,LP,6.821210263296962e-13,0
2025-12-03,1.0,1258.8027163925922,1228.8784055333326,89784.12621969076,1879.3424704799925,67491.55505885006,13055.1572631723,80546.71232202236,170.446694952381,0.0,22932.659517500295,18602.386088948577,80571.27507540227,LP,6.821210263296962e-13,0
2025-12-04,0.0,1228.8784055333326,1393.219428614815,91628.56277113227,2132.669753234292,68008.06609614663,14578.432514109907,82586.49861025655,2100.491996243389,0.0,24955.92030184127,20066.388523718088,82452.63021324053,LP,9.094947017729282e-13,0
2025-12-04,0.25,1228.8784055333326,1393.219428614815,91580.2251514074,2142.3286277171474,68121.989943776,14307.517833250908,82429.50777702691,2104.6306875767223,0.0,24730.565372497353,19883.851030949518,82295.63938001089,LP,7.958078640513122e-13,0
2025-12-04,0.5,1228.8784055333326,1393.219428614815,91580.2251514074,2142.328627717148,68127.6009745664,14279.462679298911,82407.0636538653,2104.6306875767223,0.0,24730.565372497353,19883.851030949518,82273.19525684929,LP,7.958078640513122e-13,0
2025-12-04,0.75,1228.8784055333326,1393.219428614815,91510.8472690582,2146.963333943814,68198.26131743826,14311.843694165049,82510.10501160331,2095.344795996475,0.0,24438.684927537917,19647.427870532378,82376.2366145873,LP,9.094947017729282e-13,0
2025-12-04,1.0,1228.8784055333326,1393.219428614815,91289.51214381304,1870.6103218809546,68288.55010446823,12423.751780666087,80712.30188513431,1754.1682378941778,0.0,23614.939773823633,18980.194296023805,80578.43348811829,LP,7.958078640513122e-13,0
2025-12-05,0.0,1393.219428614815,1473.765124464554,46692.80435594003,0.0,20989.60082089635,0.0,20989.60082089635,1207.4055485984723,11.082228378608798,21527.356680867717,17364.667785238096,20937.611846394237,LP,9.094947017729282e-13,0
2025-12-05,0.25,1393.219428614815,1473.765124464554,46692.80435594003,0.0,20925.28440019968,0.0,20925.28440019968,1210.9546802774923,0.0,21567.004558233974,17396.782565904763,20873.295425697564,LP,9.094947017729282e-13,0
2025-12-05,0.5,1393.219428614815,1473.765124464554,46692.80435594003,0.0,20925.28440019968,0.0,20925.28440019968,1210.9546802774923,0.0,21567.004558233974,17396.782565904763,20873.295425697564,LP,9.094947017729282e-13,0
2025-12-05,0.75,1393.219428614815,1473.765124464554,46692.80435594003,0.0,20925.28440019968,0.0,20925.28440019968,1210.9546802774923,0.0,21567.004558233974,17396.782565904763,20873.295425697564,LP,9.094947017729282e-13,0
2025-12-05,1.0,1393.219428614815,1473.765124464554,46692.80435594003,0.0,20934.496164120228,0.0,20934.496164120228,1210.9546802774923,0.0,21567.004558233974,17396.782565904763,20882.507189618114,LP,9.094947017729282e-13,0
2025-12-06,0.0,1473.765124464554,1426.0529986867748,47983.68023107348,26.673974808574123,21981.011016795408,136.63743595692094,22117.648452752328,305.52491922634067,0.0,21490.20727994238,17450.008809953328,22148.874935730975,LP,8.384404281969182e-13,0
2025-12-06,0.25,1473.765124464554,1426.0529986867748,47983.68023107348,20.67634578762204,21953.84435012874,105.91458129709389,22059.758931425837,291.0317657025312,0.0,21534.920566799523,17486.226572307613,22090.985414404484,LP,8.384404281969182e-13,0
2025-12-06,0.5,1473.765124464554,1426.0529986867748,47983.680231073486,20.67634578762204,21943.96268987913,105.91458129709389,22049.87727117622,291.0317657025312,0.0,21534.920566799523,17486.226572307613,22081.10375415487,LP,8.384404281969182e-13,0
2025-12-06,0.75,1473.765124464554,1426.0529986867748,47983.680231073486,20.67634578762204,21943.96268987913,105.91458129709389,22049.87727117622,291.0317657025312,0.0,21534.920566799523,17486.226572307613,22081.10375415487,LP,8.384404281969182e-13,0
2025-12-06,1.0,1473.765124464554,1426.0529986867748,47983.680231073486,20.67634578762204,21943.96268987913,105.91458129709389,22049.87727117622,291.0317657025312,0.0,21534.920566799523,17486.226572307613,22081.10375415487,LP,8.384404281969182e-13,0
2025-12-07,0.0,1426.0529986867748,1451.3861965089911,95368.82776328041,4.226174761904758,71684.73841780148,29.080308536666642,71713.81872633814,3109.016227211043,0.0,24150.29780416461,19538.941343333336,71693.06836733496,LP,7.958078640513122e-13,0
2025-12-07,0.25,1426.0529986867748,1451.3861965089911,95368.82776328041,4.226174761904758,71762.89585619827,29.080308536666642,71791.97616473494,3112.3186290958183,0.0,24132.916741613164,19524.86268266667,71771.22580573175,LP,7.958078640513122e-13,0
2025-12-07,0.5,1426.0529986867748,1451.3861965089911,95368.82776328041,4.226174761904758,71758.37445470398,29.080308536666642,71787.45476324066,3112.3186290958183,0.0,24132.916741613164,19524.86268266667,71766.70440423748,LP,7.958078640513122e-13,0
2025-12-07,0.75,1426.0529986867748,1451.3861965089911,95368.82776328041,4.226174761904758,71766.35513500945,29.080308536666642,71795.43544354611,3112.318629095818,0.0,24132.916741613164,19524.86268266667,71774.68508454293,LP,7.958078640513122e-13,0
2025-12-07,1.0,1426.0529986867748,1451.3861965089911,95124.94062936389,4.226174761904758,71794.6075934451,29.080308536666642,71823.68790198176,3106.1812883021657,0.0,22881.60204096649,18511.29777514286,71802.93754297857,LP,7.958078640513122e-13,0
2025-12-08,0.0,1451.3861965089911,1823.0339727153448,97047.73554554262,0.0,73539.80345687535,0.0,73539.80345687535,4296.472355580245,0.0,24050.363551105234,19146.311477809526,73235.9205425033,LP,9.663381206337363e-13,0
2025-12-08,0.25,1451.3861965089911,1823.0339727153448,97047.73554554262,0.0,73516.67979460902,0.0,73516.67979460902,4299.106630205762,0.0,24036.498947813052,19135.081149142858,73212.79688023697,LP,9.663381206337363e-13,0
2025-12-08,0.5,1451.3861965089911,1823.0339727153448,97047.73554554262,0.0,73516.67979460902,0.0,73516.67979460902,4299.106630205762,0.0,24036.498947813052,19135.081149142858,73212.79688023697,LP,9.663381206337363e-13,0
2025-12-08,0.75,1451.3861965089911,1823.0339727153448,97047.73554554262,0.0,73497.06006102402,0.0,73497.06006102402,4299.106630205762,0.0,24036.498947813052,19135.081149142858,73193.17714665197,LP,9.663381206337363e-13,0
2025-12-08,1.0,1451.3861965089911,1823.0339727153448,96889.40221220929,0.0,73396.71127566401,0.0,73396.71127566401,4305.996233497942,0.0,23166.90454452087,18430.70968247619,73092.82836129196,LP,9.663381206337363e-13,0
2025-12-09,0.0,1823.0339727153448,1681.167125725927,97025.4308092275,28.02018466666675,72807.03663373034,207.1730520160006,73014.20968574633,5190.994365547322,0.0,24219.381705108757,19745.379343428573,73129.85945074532,LP,6.821210263296962e-13,0
2025-12-09,0.25,1823.0339727153448,1681.167125725927,97025.4308092275,28.02018466666675,72753.9037425301,207.1730520160006,72961.07679454611,5191.654512493824,0.0,24215.90724749559,19742.565032761908,73076.7265595451,LP,9.094947017729282e-13,0
2025-12-09,0.5,1823.0339727153448,1681.167125725927,97025.4308092275,28.02018466666675,72750.44712433011,207.1730520160006,72957.6201763461,5191.654512493824,0.0,24215.90724749559,19742.565032761908,73073.26994134509,LP,9.094947017729282e-13,0
2025-12-09,0.75,1823.0339727153448,1681.167125725927,96867.09747589417,28.02018466666675,72632.62598998491,207.1730520160006,72839.7990420009,5217.697745407406,0.0,23245.504267248674,18956.538618761908,72955.44880699989,LP,9.094947017729282e-13,0
2025-12-09,1.0,1823.0339727153448,1681.167125725927,96867.09747589417,28.02018466666675,72639.9440290359,207.1730520160006,72847.1170810519,5211.0980025185145,0.0,23280.239756137566,18984.674364761908,72962.76684605089,LP,9.094947017729282e-13,0
2025-12-10,0.0,1681.167125725927,1640.7699979100528,97156.0579509171,0.0,73953.31585766921,0.0,73953.31585766921,4351.228607746026,0.0,23439.833113361554,19022.622236857147,73986.62503167953,LP,9.094947017729282e-13,0
2025-12-10,0.25,1681.167125725927,1640.7699979100528,97156.0579509171,0.0,73910.3975251551,0.0,73910.3975251551,4351.2286077460285,0.0,23439.833113361554,19022.622236857147,73943.70669916543,LP,9.094947017729282e-13,0
2025-12-10,0.5,1681.167125725927,1640.7699979100528,97156.0579509171,0.0,73839.20563663465,0.0,73839.20563663465,4358.217459241618,0.0,23403.049684437392,18992.827659428574,73872.51481064498,LP,9.094947017729282e-13,0
2025-12-10,0.75,1681.167125725927,1640.7699979100528,96997.72461758376,0.0,73803.99284120547,0.0,73803.99284120547,4357.173235080536,0.0,22575.21226774133,18322.279351904766,73837.3020152158,LP,9.094947017729282e-13,0
2025-12-10,1.0,1681.167125725927,1640.7699979100528,96997.72461758376,0.0,73799.82804260356,0.0,73799.82804260356,4357.173235080536,0.0,22575.21226774133,18322.279351904766,73833.13721661389,LP,9.094947017729282e-13,0
2025-12-11,0.0,1640.7699979100528,1849.5066304476222,97611.2482016355,0.0,72779.32110963792,0.0,72779.32110963792,7002.810531696645,0.0,23470.105266605526,18822.922296666664,72610.6889158494,LP,9.094947017729282e-13,0
2025-12-11,0.25,1640.7699979100528,1849.5066304476222,97611.2482016355,0.0,72643.76551119743,0.0,72643.76551119743,7016.794208953555,0.0,23396.50696525338,18763.307672571427,72475.13331740891,LP,9.094947017729282e-13,0
2025-12-11,0.5,1640.7699979100528,1849.5066304476222,97611.2482016355,0.0,72643.76551119743,0.0,72643.76551119743,7016.794208953555,0.0,23396.50696525338,18763.307672571427,72475.13331740891,LP,9.094947017729282e-13,0
2025-12-11,0.75,1640.7699979100528,1849.5066304476222,97452.91486830216,0.0,72553.38801119744,0.0,72553.38801119744,7013.528411479125,0.0,22580.36203968019,18102.23028285714,72384.75581740892,LP,9.094947017729282e-13,0
2025-12-11,1.0,1640.7699979100528,1849.5066304476222,97452.91486830216,0.0,72544.99077349133,0.0,72544.99077349133,7013.5284114791275,0.0,22580.362039680185,18102.23028285714,72376.3585797028,LP,9.094947017729282e-13,0
2025-12-12,0.0,1849.5066304476222,1922.1565517195847,50946.63655140623,0.0,23509.787370302518,0.0,23509.787370302518,2013.7868539047677,1328.8133463915274,20127.56809806231,16237.945230285712,23462.46307536736,LP,1.0231815394945443e-12,0
2025-12-12,0.25,1849.5066304476222,1922.1565517195847,50946.63655140623,0.0,23443.31189665555,0.0,23443.31189665555,2015.8044465467453,1328.8133463915274,20116.94918942033,16229.343914285711,23395.98760172039,LP,1.0231815394945443e-12,0
2025-12-12,0.5,1849.5066304476222,1922.1565517195847,50946.63655140623,0.0,23510.792757922427,0.0,23510.792757922427,2015.8044465467433,1328.8133463915274,20116.949189420335,16229.343914285711,23463.468462987268,LP,1.0231815394945443e-12,0
2025-12-12,0.75,1849.5066304476222,1922.1565517195847,50946.63655140623,0.0,23513.807161643017,0.0,23513.807161643017,2015.8044465467424,1328.8133463915274,20116.949189420335,16229.343914285711,23466.48286670786,LP,1.0231815394945443e-12,0
2025-12-12,1.0,1849.5066304476222,1922.1565517195847,50946.63655140623,0.0,23513.807161643017,0.0,23513.807161643017,2015.8044465467424,1328.8133463915274,20116.949189420335,16229.343914285711,23466.48286670786,LP,1.0231815394945443e-12,0
2025-12-13,0.0,1922.1565517195847,2001.8885422253966,51821.586006790116,0.0,24280.336647571185,0.0,24280.336647571185,2989.16600656555,1132.38245,20156.5546075579,16255.050440666666,24227.974506608774,LP,7.958078640513122e-13,0
2025-12-13,0.25,1922.1565517195847,2001.8885422253966,51821.586006790116,0.0,24321.729501517864,0.0,24321.729501517864,2989.1660065655537,1132.38245,20156.554607557897,16255.050440666666,24269.367360555454,LP,7.958078640513122e-13,0
2025-12-13,0.5,1922.1565517195847,2001.8885422253966,51821.586006790116,0.0,24298.987616613485,0.0,24298.987616613485,2989.1660065655537,1132.38245,20156.554607557897,16255.050440666666,24246.625475651075,LP,7.958078640513122e-13,0
2025-12-13,0.75,1922.1565517195847,2001.8885422253966,51821.586006790116,0.0,24279.594230099934,0.0,24279.594230099934,2989.1660065655537,1132.38245,20156.554607557897,16255.050440666666,24227.232089137524,LP,7.958078640513122e-13,0
2025-12-13,1.0,1922.1565517195847,2001.8885422253966,51821.586006790116,0.0,24265.65428328015,0.0,24265.65428328015,2986.9171102692576,1132.38245,20168.390903854193,16264.637840666666,24213.29214231774,LP,7.958078640513122e-13,0
2025-12-14,0.0,2001.8885422253966,1739.627803660316,98139.69736302528,0.0,75089.10147889526,0.0,75089.10147889526,5065.773709824811,0.0,23848.613252152845,19553.41139895238,75306.42744599238,LP,6.821210263296962e-13,0
2025-12-14,0.25,2001.8885422253966,1739.627803660316,98139.69736302528,0.0,75041.91055430064,0.0,75041.91055430064,5065.773709824812,0.0,23848.613252152845,19553.41139895238,75259.23652139776,LP,6.821210263296962e-13,0
2025-12-14,0.5,2001.8885422253966,1739.627803660316,98139.69736302528,0.0,75037.4084002816,0.0,75037.4084002816,5075.018007467377,0.0,23799.959054034087,19514.00149847619,75254.73436737871,LP,6.821210263296962e-13,0
2025-12-14,0.75,2001.8885422253966,1739.627803660316,97981.36402969193,0.0,75085.79025454022,0.0,75085.79025454022,5067.1453607289895,0.0,23008.060703534382,18872.56383457143,75303.11622163733,LP,6.821210263296962e-13,0
2025-12-14,1.0,2001.8885422253966,1739.627803660316,97981.36402969193,0.0,75080.75409603288,0.0,75080.75409603288,5070.020763092304,0.0,22992.927006885355,18860.305540285714,75298.08006313,LP,6.821210263296962e-13,0
2025-12-15,0.0,1739.627803660316,1911.330116133336,100030.52489955556,0.0,76709.60206295438,0.0,76709.60206295438,5856.427744505584,0.0,23947.405827145212,19242.8666387619,76568.29170367276,LP,9.094947017729282e-13,0
2025-12-15,0.25,1739.627803660316,1911.330116133336,100030.52489955556,0.0,76576.9741906632,0.0,76576.9741906632,5873.813679292181,0.0,23855.900907215757,19168.747653619044,76435.66383138158,LP,9.094947017729282e-13,0
2025-12-15,0.5,1739.627803660316,1911.330116133336,100030.52489955556,0.0,76580.89838342527,0.0,76580.89838342527,5873.813679292181,0.0,23855.900907215757,19168.747653619044,76439.58802414365,LP,9.094947017729282e-13,0
2025-12-15,0.75,1739.627803660316,1911.330116133336,99872.19156622222,0.0,76535.52383581093,0.0,76535.52383581093,5856.48103844445,0.0,23113.791999396824,18567.639438285714,76394.21347652932,LP,9.094947017729282e-13,0
2025-12-15,1.0,1739.627803660316,1911.330116133336,99872.19156622222,0.0,76565.54452005666,0.0,76565.54452005666,5856.481038444449,0.0,23113.791999396824,18567.639438285714,76424.23416077504,LP,9.094947017729282e-13,0
2025-12-16,0.0,1911.330116133336,1830.002305755558,99834.15257543915,0.0,76167.15781345079,0.0,76167.15781345079,5982.549789894176,0.0,23719.50779764021,19285.99634542857,76233.83218227423,LP,7.958078640513122e-13,0
2025-12-16,0.25,1911.330116133336,1830.002305755558,99834.15257543915,0.0,75938.77740603396,0.0,75938.77740603396,6026.188745876538,0.0,23489.829081943564,19099.956585714288,76005.4517748574,LP,7.958078640513122e-13,0
2025-12-16,0.5,1911.330116133336,1830.002305755558,99841.253099485,0.0,75935.36348302191,0.0,75935.36348302191,6026.188745876542,0.0,23527.20026113227,19130.227240857144,76002.03785184535,LP,9.094947017729282e-13,0
2025-12-16,0.75,1911.330116133336,1830.002305755558,99682.91976615167,0.0,75884.50974272215,0.0,75884.50974272215,6019.67397259612,0.0,22728.15520822222,18483.000748,75951.18411154559,LP,9.094947017729282e-13,0
2025-12-16,1.0,1911.330116133336,1830.002305755558,99682.91976615167,0.0,75884.50974272215,0.0,75884.50974272215,6019.67397259612,0.0,22728.15520822222,18483.000748,75951.18411154559,LP,9.094947017729282e-13,0
2025-12-17,0.0,1830.002305755558,1875.848881186245,99460.17511320517,0.0,75719.4197189186,0.0,75719.4197189186,6785.611360997062,0.0,23376.077724493818,18893.36103895238,75681.92048678479,LP,1.0231815394945443e-12,0
2025-12-17,0.25,1830.002305755558,1875.848881186245,99460.17511320516,0.0,75729.93209658298,0.0,75729.93209658298,6820.078853318046,0.0,23194.669870172835,18746.420676952377,75692.43286444918,LP,1.0231815394945443e-12,0
2025-12-17,0.5,1830.002305755558,1875.848881186245,99460.17511320516,0.0,75818.66370592217,0.0,75818.66370592217,6833.953412580833,0.0,23121.645874052905,18687.271240095237,75781.16447378836,LP,1.0231815394945443e-12,0
2025-12-17,0.75,1830.002305755558,1875.848881186245,99301.84177987183,0.0,75769.53337982314,0.0,75769.53337982314,6848.438154174016,0.0,22212.0770586502,17950.520499619044,75732.03414768934,LP,1.0231815394945443e-12,0
2025-12-17,1.0,1830.002305755558,1875.848881186245,99301.84177987183,0.0,75798.81816862793,0.0,75798.81816862793,6848.438154174015,0.0,22212.0770586502,17950.520499619044,75761.31893649412,LP,1.0231815394945443e-12,0
2025-12-18,0.0,1875.848881186245,1865.7872980433888,98902.3976058154,0.0,74868.0547461868,0.0,74868.0547461868,7016.272324981762,0.0,23836.38809997649,19316.529785809525,74876.29045383671,LP,9.094947017729282e-13,0
2025-12-18,0.25,1875.848881186245,1865.7872980433888,98902.3976058154,0.0,74730.85736279236,0.0,74730.85736279236,7022.726933539085,0.0,23802.416475990598,19289.012770380952,74739.09307044228,LP,9.094947017729282e-13,0
2025-12-18,0.5,1875.848881186245,1865.7872980433888,98902.3976058154,0.0,74698.13075255773,0.0,74698.13075255773,7022.726933539086,0.0,23802.416475990598,19289.012770380952,74706.36646020765,LP,9.094947017729282e-13,0
2025-12-18,0.75,1875.848881186245,1865.7872980433888,98744.06427248206,0.0,74516.55948975269,0.0,74516.55948975269,7015.569504303346,0.0,23006.753822845385,18644.526021333335,74524.79519740261,LP,9.094947017729282e-13,0
2025-12-18,1.0,1875.848881186245,1865.7872980433888,98744.06427248206,0.0,74616.13279862392,0.0,74616.13279862392,7015.193275529683,0.0,23008.733974285715,18646.129944,74624.36850627384,LP,9.094947017729282e-13,0
2025-12-19,0.0,1865.7872980433888,1694.2762466719578,52224.09750531099,0.0,24318.735660767536,0.0,24318.735660767536,3939.551142121111,1810.65698271605,19578.200140569068,16012.702060095236,24430.66120022676,LP,1.0231815394945443e-12,0
2025-12-19,0.25,1865.7872980433888,1694.2762466719578,52224.09750531099,0.0,24135.328885959912,0.0,24135.328885959912,3934.6522071416857,1810.65698271605,19603.984008881827,16033.58699342857,24247.254425419138,LP,1.0231815394945443e-12,0
2025-12-19,0.5,1865.7872980433888,1694.2762466719578,52224.09750531099,0.0,24140.078885959912,0.0,24140.078885959912,3934.652207141686,1810.65698271605,19603.984008881827,16033.58699342857,24252.004425419138,LP,1.0231815394945443e-12,0
2025-12-19,0.75,1865.7872980433888,1694.2762466719578,52224.09750531099,0.0,24121.722194657013,0.0,24121.722194657013,3934.6522071416857,1810.65698271605,19603.984008881827,16033.58699342857,24233.64773411624,LP,1.0231815394945443e-12,0
2025-12-19,1.0,1865.7872980433888,1694.2762466719578,52224.09750531099,0.0,24123.14758611462,0.0,24123.14758611462,3934.652207141687,1810.65698271605,19603.984008881824,16033.58699342857,24235.073125573846,LP,1.0231815394945443e-12,0
2025-12-20,0.0,1694.2762466719578,1872.7814958687843,52488.170953038214,0.0,24141.862251901228,0.0,24141.862251901228,3787.406857936509,1821.318116666667,20328.62633767313,16305.532609238091,24026.35619090875,LP,9.094947017729282e-13,0
2025-12-20,0.25,1694.2762466719578,1872.7814958687843,52488.170953038214,0.0,24082.288300824657,0.0,24082.288300824657,3795.8309026360967,1821.318116666667,20284.289260306876,16269.619576571426,23966.78223983218,LP,9.094947017729282e-13,0
2025-12-20,0.5,1694.2762466719578,1872.7814958687843,52488.170953038214,0.0,24138.258814308785,0.0,24138.258814308785,3795.8309026360967,1821.318116666667,20284.289260306876,16269.619576571426,24022.75275331631,LP,9.094947017729282e-13,0
2025-12-20,0.75,1694.2762466719578,1872.7814958687843,52488.170953038214,0.0,24148.478777130495,0.0,24148.478777130495,3795.8309026360967,1821.318116666667,20284.289260306876,16269.619576571426,24032.972716138018,LP,9.094947017729282e-13,0
2025-12-20,1.0,1694.2762466719578,1872.7814958687843,52488.170953038214,0.0,24201.309429357596,0.0,24201.309429357596,3795.830902636096,1821.318116666667,20284.289260306876,16269.619576571426,24085.80336836512,LP,9.094947017729282e-13,0
